{"type":"FeatureCollection","features":[{"type":"Feature","id":0,"geometry":{"type":"Point","coordinates":[-82.86872222162026,29.411361110638495]},"properties":{"FID":0,"OBJECTID":547,"UniqSysID":11555,"Licensee":"ALLTEL Corporation","Callsign":"KNKQ292","LocNum":1,"LatDeg":29,"LatMin":24,"LatSec":40.899999999999999,"LatDir":"N","LonDeg":82,"LonMin":52,"LonSec":7.4000000000000004,"LonDir":"W","LocAdd":"2.75 MILES WEST OF ST. HWY. 98 AND CTY. RD. 330 INTERS.; ACCESS RD ON SOUTH SIDE","LocCity":"CHIEFLAND","LocCounty":"LEVY","LocState":"FL","Nepa":"N","QZone":"0        NaN\n1        NaN\n2        NaN\n3        NaN\n4        NaN\n        ... \n24924    NaN\n24925    NaN\n24926    NaN\n24927    NaN\n24928    NaN\nName: 36, Length: 24929, dtype: object","TowReg":0,"SupStruc":99.700000000000003,"AllStruc":0,"StrucType":" ","LicStatus":"A","latdec":29.4113611111,"londec":-82.868722222200006,"url":"http://wireless2.fcc.gov/UlsApp/UlsSearch/licenseLocSum.jsp?licKey=11555"}},{"type":"Feature","id":1,"geometry":{"type":"Point","coordinates":[-82.640083332611368,29.178555554970728]},"properties":{"FID":1,"OBJECTID":548,"UniqSysID":11555,"Licensee":"ALLTEL Corporation","Callsign":"KNKQ292","LocNum":2,"LatDeg":29,"LatMin":10,"LatSec":42.799999999999997,"LatDir":"N","LonDeg":82,"LonMin":38,"LonSec":24.300000000000001,"LonDir":"W","LocAdd":"Lebanon Station Cell Site - ON E SIDE OF OLD LEBANON RD. APPROX 1 MI N OF LEBANO","LocCity":"LEBANON STATION","LocCounty":"LEVY","LocState":"FL","Nepa":"N","QZone":"0        NaN\n1        NaN\n2        NaN\n3        NaN\n4        NaN\n        ... \n24924    NaN\n24925    NaN\n24926    NaN\n24927    NaN\n24928    NaN\nName: 36, Length: 24929, dtype: object","TowReg":1025755,"SupStruc":97.5,"AllStruc":100.5,"StrucType":"TOWER","LicStatus":"A","latdec":29.178555555599999,"londec":-82.640083333299998,"url":"http://wireless2.fcc.gov/UlsApp/UlsSearch/licenseLocSum.jsp?licKey=11555"}},{"type":"Feature","id":2,"geometry":{"type":"Point","coordinates":[-82.974027777875165,29.652999999915949]},"properties":{"FID":2,"OBJECTID":549,"UniqSysID":11555,"Licensee":"ALLTEL Corporation","Callsign":"KNKQ292","LocNum":3,"LatDeg":29,"LatMin":39,"LatSec":10.800000000000001,"LatDir":"N","LonDeg":82,"LonMin":58,"LonSec":26.5,"LonDir":"W","LocAdd":"APPROX. 4 MILES NORTH OF US19 ON CR 349, AND APPROX. 1/2 MI. WEST ON PERVIS RD.","LocCity":"CROSS CITY","LocCounty":"DIXIE","LocState":"FL","Nepa":"N","QZone":"0        NaN\n1        NaN\n2        NaN\n3        NaN\n4        NaN\n        ... \n24924    NaN\n24925    NaN\n24926    NaN\n24927    NaN\n24928    NaN\nName: 36, Length: 24929, dtype: object","TowReg":0,"SupStruc":0,"AllStruc":0,"StrucType":" ","LicStatus":"A","latdec":29.652999999999999,"londec":-82.974027777800003,"url":"http://wireless2.fcc.gov/UlsApp/UlsSearch/licenseLocSum.jsp?licKey=11555"}},{"type":"Feature","id":3,"geometry":{"type":"Point","coordinates":[-82.474833333991114,29.411361110638495]},"properties":{"FID":3,"OBJECTID":550,"UniqSysID":11555,"Licensee":"ALLTEL Corporation","Callsign":"KNKQ292","LocNum":4,"LatDeg":29,"LatMin":24,"LatSec":40.899999999999999,"LatDir":"N","LonDeg":82,"LonMin":28,"LonSec":29.399999999999999,"LonDir":"W","LocAdd":"APPROX. 1 MILE NORTH OF HWY. 27 ON COUNTY ROAD 502","LocCity":"WILLISTON","LocCounty":"LEVY","LocState":"FL","Nepa":"N","QZone":"0        NaN\n1        NaN\n2        NaN\n3        NaN\n4        NaN\n        ... \n24924    NaN\n24925    NaN\n24926    NaN\n24927    NaN\n24928    NaN\nName: 36, Length: 24929, dtype: object","TowReg":0,"SupStruc":0,"AllStruc":0,"StrucType":" ","LicStatus":"A","latdec":29.4113611111,"londec":-82.474833333299998,"url":"http://wireless2.fcc.gov/UlsApp/UlsSearch/licenseLocSum.jsp?licKey=11555"}},{"type":"Feature","id":4,"geometry":{"type":"Point","coordinates":[-82.965694444750909,29.940222221818317]},"properties":{"FID":4,"OBJECTID":551,"UniqSysID":11555,"Licensee":"ALLTEL Corporation","Callsign":"KNKQ292","LocNum":5,"LatDeg":29,"LatMin":56,"LatSec":24.800000000000001,"LatDir":"N","LonDeg":82,"LonMin":57,"LonSec":56.5,"LonDir":"W","LocAdd":"Approx 1 miles N of SR349 at SR 475, Approx. 2.5 miles W Southwest of","LocCity":"Branford","LocCounty":"LAFAYETTE","LocState":"FL","Nepa":"N","QZone":"0        NaN\n1        NaN\n2        NaN\n3        NaN\n4        NaN\n        ... \n24924    NaN\n24925    NaN\n24926    NaN\n24927    NaN\n24928    NaN\nName: 36, Length: 24929, dtype: object","TowReg":0,"SupStruc":97.5,"AllStruc":0,"StrucType":" ","LicStatus":"A","latdec":29.940222222199999,"londec":-82.9656944444,"url":"http://wireless2.fcc.gov/UlsApp/UlsSearch/licenseLocSum.jsp?licKey=11555"}},{"type":"Feature","id":5,"geometry":{"type":"Point","coordinates":[-82.584833333207143,29.632750000032047]},"properties":{"FID":5,"OBJECTID":552,"UniqSysID":11555,"Licensee":"ALLTEL Corporation","Callsign":"KNKQ292","LocNum":6,"LatDeg":29,"LatMin":37,"LatSec":57.899999999999999,"LatDir":"N","LonDeg":82,"LonMin":35,"LonSec":5.4000000000000004,"LonDir":"W","LocAdd":"Approx 1 mile S of US 41 and SR 26, 1 mile E of","LocCity":"Newberry","LocCounty":"ALACHUA","LocState":"FL","Nepa":"N","QZone":"0        NaN\n1        NaN\n2        NaN\n3        NaN\n4        NaN\n        ... \n24924    NaN\n24925    NaN\n24926    NaN\n24927    NaN\n24928    NaN\nName: 36, Length: 24929, dtype: object","TowReg":0,"SupStruc":128,"AllStruc":0,"StrucType":" ","LicStatus":"A","latdec":29.632750000000001,"londec":-82.584833333299997,"url":"http://wireless2.fcc.gov/UlsApp/UlsSearch/licenseLocSum.jsp?licKey=11555"}},{"type":"Feature","id":6,"geometry":{"type":"Point","coordinates":[-83.230833333634394,29.692222221983457]},"properties":{"FID":6,"OBJECTID":553,"UniqSysID":11555,"Licensee":"ALLTEL Corporation","Callsign":"KNKQ292","LocNum":7,"LatDeg":29,"LatMin":41,"LatSec":32,"LatDir":"N","LonDeg":83,"LonMin":13,"LonSec":51,"LonDir":"W","LocAdd":"West Cross City - APPRX 4.7 MI NNW OF ST. HWY 19/98 ON DIXIE CITY RD 358","LocCity":"CROSS CITY","LocCounty":"DIXIE","LocState":"FL","Nepa":"N","QZone":"0        NaN\n1        NaN\n2        NaN\n3        NaN\n4        NaN\n        ... \n24924    NaN\n24925    NaN\n24926    NaN\n24927    NaN\n24928    NaN\nName: 36, Length: 24929, dtype: object","TowReg":1026108,"SupStruc":76.200000000000003,"AllStruc":80.5,"StrucType":"TOWER","LicStatus":"A","latdec":29.692222222200002,"londec":-83.230833333299998,"url":"http://wireless2.fcc.gov/UlsApp/UlsSearch/licenseLocSum.jsp?licKey=11555"}},{"type":"Feature","id":7,"geometry":{"type":"Point","coordinates":[-83.014444444066669,29.198055554685254]},"properties":{"FID":7,"OBJECTID":554,"UniqSysID":11555,"Licensee":"ALLTEL Corporation","Callsign":"KNKQ292","LocNum":8,"LatDeg":29,"LatMin":11,"LatSec":53,"LatDir":"N","LonDeg":83,"LonMin":0,"LonSec":52,"LonDir":"W","LocAdd":"Cedar Key Cell Site - HCR BOX 1","LocCity":"Cedar Key","LocCounty":"LEVY","LocState":"FL","Nepa":"N","QZone":"0        NaN\n1        NaN\n2        NaN\n3        NaN\n4        NaN\n        ... \n24924    NaN\n24925    NaN\n24926    NaN\n24927    NaN\n24928    NaN\nName: 36, Length: 24929, dtype: object","TowReg":1026107,"SupStruc":97.5,"AllStruc":97.5,"StrucType":"TOWER","LicStatus":"A","latdec":29.1980555556,"londec":-83.014444444399999,"url":"http://wireless2.fcc.gov/UlsApp/UlsSearch/licenseLocSum.jsp?licKey=11555"}},{"type":"Feature","id":8,"geometry":{"type":"Point","coordinates":[-82.86899999957069,29.411333333693335]},"properties":{"FID":8,"OBJECTID":555,"UniqSysID":11555,"Licensee":"ALLTEL Corporation","Callsign":"KNKQ292","LocNum":10,"LatDeg":29,"LatMin":24,"LatSec":40.799999999999997,"LatDir":"N","LonDeg":82,"LonMin":52,"LonSec":8.4000000000000004,"LonDir":"W","LocAdd":"2.75MI W OF ST HWY 98 & CTY RD 330, S SIDE ACCESS R","LocCity":"CHIEFLAND","LocCounty":"LEVY","LocState":"FL","Nepa":"N","QZone":"0        NaN\n1        NaN\n2        NaN\n3        NaN\n4        NaN\n        ... \n24924    NaN\n24925    NaN\n24926    NaN\n24927    NaN\n24928    NaN\nName: 36, Length: 24929, dtype: object","TowReg":1026106,"SupStruc":91.400000000000006,"AllStruc":99.700000000000003,"StrucType":"TOWER","LicStatus":"A","latdec":29.4113333333,"londec":-82.869,"url":"http://wireless2.fcc.gov/UlsApp/UlsSearch/licenseLocSum.jsp?licKey=11555"}},{"type":"Feature","id":9,"geometry":{"type":"Point","coordinates":[-83.38102777829863,29.662444445032577]},"properties":{"FID":9,"OBJECTID":556,"UniqSysID":11555,"Licensee":"ALLTEL Corporation","Callsign":"KNKQ292","LocNum":11,"LatDeg":29,"LatMin":39,"LatSec":44.799999999999997,"LatDir":"N","LonDeg":83,"LonMin":22,"LonSec":51.700000000000003,"LonDir":"W","LocAdd":"6447 SW Hwy 358","LocCity":"Jena","LocCounty":"DIXIE","LocState":"FL","Nepa":"N","QZone":"0        NaN\n1        NaN\n2        NaN\n3        NaN\n4        NaN\n        ... \n24924    NaN\n24925    NaN\n24926    NaN\n24927    NaN\n24928    NaN\nName: 36, Length: 24929, dtype: object","TowReg":1241523,"SupStruc":104.5,"AllStruc":108.8,"StrucType":"TOWER","LicStatus":"A","latdec":29.662444444399998,"londec":-83.3810277778,"url":"http://wireless2.fcc.gov/UlsApp/UlsSearch/licenseLocSum.jsp?licKey=11555"}},{"type":"Feature","id":10,"geometry":{"type":"Point","coordinates":[-83.111999999905208,29.355611111083533]},"properties":{"FID":10,"OBJECTID":557,"UniqSysID":11555,"Licensee":"ALLTEL Corporation","Callsign":"KNKQ292","LocNum":12,"LatDeg":29,"LatMin":21,"LatSec":20.199999999999999,"LatDir":"N","LonDeg":83,"LonMin":6,"LonSec":43.200000000000003,"LonDir":"W","LocAdd":"(Suwannee site) SE 327th St.","LocCity":"Suwannee","LocCounty":"DIXIE","LocState":"FL","Nepa":"Y","QZone":"0        NaN\n1        NaN\n2        NaN\n3        NaN\n4        NaN\n        ... \n24924    NaN\n24925    NaN\n24926    NaN\n24927    NaN\n24928    NaN\nName: 36, Length: 24929, dtype: object","TowReg":0,"SupStruc":58.200000000000003,"AllStruc":60.600000000000001,"StrucType":"LTOWER","LicStatus":"A","latdec":29.3556111111,"londec":-83.111999999999995,"url":"http://wireless2.fcc.gov/UlsApp/UlsSearch/licenseLocSum.jsp?licKey=11555"}},{"type":"Feature","id":11,"geometry":{"type":"Point","coordinates":[-83.285194444675028,29.44725000018866]},"properties":{"FID":11,"OBJECTID":558,"UniqSysID":11555,"Licensee":"ALLTEL Corporation","Callsign":"KNKQ292","LocNum":13,"LatDeg":29,"LatMin":26,"LatSec":50.100000000000001,"LatDir":"N","LonDeg":83,"LonMin":17,"LonSec":6.7000000000000002,"LonDir":"W","LocAdd":"SW 351 Highway / 1st Avenue East","LocCity":"Horseshow Beach","LocCounty":"DIXIE","LocState":"FL","Nepa":"Y","QZone":"0        NaN\n1        NaN\n2        NaN\n3        NaN\n4        NaN\n        ... \n24924    NaN\n24925    NaN\n24926    NaN\n24927    NaN\n24928    NaN\nName: 36, Length: 24929, dtype: object","TowReg":0,"SupStruc":48.799999999999997,"AllStruc":48.799999999999997,"StrucType":"MTOWER","LicStatus":"A","latdec":29.44725,"londec":-83.285194444400005,"url":"http://wireless2.fcc.gov/UlsApp/UlsSearch/licenseLocSum.jsp?licKey=11555"}},{"type":"Feature","id":12,"geometry":{"type":"Point","coordinates":[-85.287055554638471,30.76738888879413]},"properties":{"FID":12,"OBJECTID":585,"UniqSysID":11558,"Licensee":"ALLTEL Corporation","Callsign":"KNKQ296","LocNum":1,"LatDeg":30,"LatMin":46,"LatSec":2.6000000000000001,"LatDir":"N","LonDeg":85,"LonMin":17,"LonSec":13.4,"LonDir":"W","LocAdd":"3740 VERO WAY","LocCity":"MARIANNA","LocCounty":"JACKSON","LocState":"FL","Nepa":"N","QZone":"0        NaN\n1        NaN\n2        NaN\n3        NaN\n4        NaN\n        ... \n24924    NaN\n24925    NaN\n24926    NaN\n24927    NaN\n24928    NaN\nName: 36, Length: 24929, dtype: object","TowReg":1030927,"SupStruc":106.59999999999999,"AllStruc":109.7,"StrucType":"TOWER","LicStatus":"A","latdec":30.767388888900001,"londec":-85.287055555600006,"url":"http://wireless2.fcc.gov/UlsApp/UlsSearch/licenseLocSum.jsp?licKey=11558"}},{"type":"Feature","id":13,"geometry":{"type":"Point","coordinates":[-86.308111111846245,30.377611111122121]},"properties":{"FID":13,"OBJECTID":586,"UniqSysID":11558,"Licensee":"ALLTEL Corporation","Callsign":"KNKQ296","LocNum":2,"LatDeg":30,"LatMin":22,"LatSec":39.399999999999999,"LatDir":"N","LonDeg":86,"LonMin":18,"LonSec":29.199999999999999,"LonDir":"W","LocAdd":"7900 W. HWY 98 100018767 (Forest Beach 100018767)","LocCity":"WALTON","LocCounty":"WALTON","LocState":"FL","Nepa":"N","QZone":"0        NaN\n1        NaN\n2        NaN\n3        NaN\n4        NaN\n        ... \n24924    NaN\n24925    NaN\n24926    NaN\n24927    NaN\n24928    NaN\nName: 36, Length: 24929, dtype: object","TowReg":1030466,"SupStruc":85.299999999999997,"AllStruc":90.200000000000003,"StrucType":"TOWER","LicStatus":"A","latdec":30.377611111099998,"londec":-86.308111111100004,"url":"http://wireless2.fcc.gov/UlsApp/UlsSearch/licenseLocSum.jsp?licKey=11558"}},{"type":"Feature","id":14,"geometry":{"type":"Point","coordinates":[-86.113138888695289,30.734138889106475]},"properties":{"FID":14,"OBJECTID":587,"UniqSysID":11558,"Licensee":"ALLTEL Corporation","Callsign":"KNKQ296","LocNum":3,"LatDeg":30,"LatMin":44,"LatSec":2.8999999999999999,"LatDir":"N","LonDeg":86,"LonMin":6,"LonSec":47.299999999999997,"LonDir":"W","LocAdd":"820 A STATE HWY. 83","LocCity":"DEFUNIAK SPRINGS","LocCounty":"WALTON","LocState":"FL","Nepa":"N","QZone":"0        NaN\n1        NaN\n2        NaN\n3        NaN\n4        NaN\n        ... \n24924    NaN\n24925    NaN\n24926    NaN\n24927    NaN\n24928    NaN\nName: 36, Length: 24929, dtype: object","TowReg":1039199,"SupStruc":125.90000000000001,"AllStruc":131.40000000000001,"StrucType":"TOWER","LicStatus":"A","latdec":30.734138888899999,"londec":-86.113138888899996,"url":"http://wireless2.fcc.gov/UlsApp/UlsSearch/licenseLocSum.jsp?licKey=11558"}},{"type":"Feature","id":15,"geometry":{"type":"Point","coordinates":[-85.814500000185262,30.756305556142081]},"properties":{"FID":15,"OBJECTID":588,"UniqSysID":11558,"Licensee":"ALLTEL Corporation","Callsign":"KNKQ296","LocNum":4,"LatDeg":30,"LatMin":45,"LatSec":22.699999999999999,"LatDir":"N","LonDeg":85,"LonMin":48,"LonSec":52.200000000000003,"LonDir":"W","LocAdd":"0.5  MILES S OF CARYVILLE,  SW  FROM  I/S  I-10  &  SR  279  (Caryville)","LocCity":"CARYVILLE","LocCounty":"WASHINGTON","LocState":"FL","Nepa":"N","QZone":"0        NaN\n1        NaN\n2        NaN\n3        NaN\n4        NaN\n        ... \n24924    NaN\n24925    NaN\n24926    NaN\n24927    NaN\n24928    NaN\nName: 36, Length: 24929, dtype: object","TowReg":1057208,"SupStruc":134.09999999999999,"AllStruc":138.69999999999999,"StrucType":"TOWER","LicStatus":"A","latdec":30.756305555600001,"londec":-85.814499999999995,"url":"http://wireless2.fcc.gov/UlsApp/UlsSearch/licenseLocSum.jsp?licKey=11558"}},{"type":"Feature","id":16,"geometry":{"type":"Point","coordinates":[-85.571944444032567,30.75555555527751]},"properties":{"FID":16,"OBJECTID":589,"UniqSysID":11558,"Licensee":"ALLTEL Corporation","Callsign":"KNKQ296","LocNum":5,"LatDeg":30,"LatMin":45,"LatSec":20,"LatDir":"N","LonDeg":85,"LonMin":34,"LonSec":19,"LonDir":"W","LocAdd":"1/2 MILE E OF I/S OF COUNTY RD. 278A & OSWALT-GILBERT ROAD","LocCity":"CHIPLEY","LocCounty":"WASHINGTON","LocState":"FL","Nepa":"N","QZone":"0        NaN\n1        NaN\n2        NaN\n3        NaN\n4        NaN\n        ... \n24924    NaN\n24925    NaN\n24926    NaN\n24927    NaN\n24928    NaN\nName: 36, Length: 24929, dtype: object","TowReg":1026914,"SupStruc":134.09999999999999,"AllStruc":140.19999999999999,"StrucType":"TOWER","LicStatus":"A","latdec":30.755555555600001,"londec":-85.571944444400003,"url":"http://wireless2.fcc.gov/UlsApp/UlsSearch/licenseLocSum.jsp?licKey=11558"}},{"type":"Feature","id":17,"geometry":{"type":"Point","coordinates":[-86.13027777772902,30.513277778128042]},"properties":{"FID":17,"OBJECTID":590,"UniqSysID":11558,"Licensee":"ALLTEL Corporation","Callsign":"KNKQ296","LocNum":6,"LatDeg":30,"LatMin":30,"LatSec":47.799999999999997,"LatDir":"N","LonDeg":86,"LonMin":7,"LonSec":49,"LonDir":"W","LocAdd":"ROUTE 3, BOX 19","LocCity":"FREEPORT","LocCounty":"WALTON","LocState":"FL","Nepa":"N","QZone":"0        NaN\n1        NaN\n2        NaN\n3        NaN\n4        NaN\n        ... \n24924    NaN\n24925    NaN\n24926    NaN\n24927    NaN\n24928    NaN\nName: 36, Length: 24929, dtype: object","TowReg":1026866,"SupStruc":121.90000000000001,"AllStruc":128,"StrucType":"TOWER","LicStatus":"A","latdec":30.513277777799999,"londec":-86.130277777800003,"url":"http://wireless2.fcc.gov/UlsApp/UlsSearch/licenseLocSum.jsp?licKey=11558"}},{"type":"Feature","id":18,"geometry":{"type":"Point","coordinates":[-86.108138889180054,30.356333332627287]},"properties":{"FID":18,"OBJECTID":591,"UniqSysID":11558,"Licensee":"ALLTEL Corporation","Callsign":"KNKQ296","LocNum":7,"LatDeg":30,"LatMin":21,"LatSec":22.800000000000001,"LatDir":"N","LonDeg":86,"LonMin":6,"LonSec":29.300000000000001,"LonDir":"W","LocAdd":"4435 E. HIGHWAY 98 (Grayton Beach - 100021737)","LocCity":"SANTA ROSA BEACH","LocCounty":"WALTON","LocState":"FL","Nepa":"N","QZone":"0        NaN\n1        NaN\n2        NaN\n3        NaN\n4        NaN\n        ... \n24924    NaN\n24925    NaN\n24926    NaN\n24927    NaN\n24928    NaN\nName: 36, Length: 24929, dtype: object","TowReg":1026865,"SupStruc":76.200000000000003,"AllStruc":82.299999999999997,"StrucType":"TOWER","LicStatus":"A","latdec":30.3563333333,"londec":-86.108138888900001,"url":"http://wireless2.fcc.gov/UlsApp/UlsSearch/licenseLocSum.jsp?licKey=11558"}},{"type":"Feature","id":19,"geometry":{"type":"Point","coordinates":[-85.054638888737315,30.834055556275871]},"properties":{"FID":19,"OBJECTID":592,"UniqSysID":11558,"Licensee":"ALLTEL Corporation","Callsign":"KNKQ296","LocNum":8,"LatDeg":30,"LatMin":50,"LatSec":2.6000000000000001,"LatDir":"N","LonDeg":85,"LonMin":3,"LonSec":16.699999999999999,"LonDir":"W","LocAdd":"3655 GLASS ROAD - (Magnolia Oaks) 100032451","LocCity":"GREENWOOD","LocCounty":"JACKSON","LocState":"FL","Nepa":"N","QZone":"0        NaN\n1        NaN\n2        NaN\n3        NaN\n4        NaN\n        ... \n24924    NaN\n24925    NaN\n24926    NaN\n24927    NaN\n24928    NaN\nName: 36, Length: 24929, dtype: object","TowReg":1026857,"SupStruc":121.90000000000001,"AllStruc":128.09999999999999,"StrucType":"TOWER","LicStatus":"A","latdec":30.834055555599999,"londec":-85.054638888900001,"url":"http://wireless2.fcc.gov/UlsApp/UlsSearch/licenseLocSum.jsp?licKey=11558"}},{"type":"Feature","id":20,"geometry":{"type":"Point","coordinates":[-84.938888889270061,30.678055554768832]},"properties":{"FID":20,"OBJECTID":593,"UniqSysID":11558,"Licensee":"ALLTEL Corporation","Callsign":"KNKQ296","LocNum":9,"LatDeg":30,"LatMin":40,"LatSec":41,"LatDir":"N","LonDeg":84,"LonMin":56,"LonSec":20,"LonDir":"W","LocAdd":"7859 Munford Lane","LocCity":"SNEADS","LocCounty":"JACKSON","LocState":"FL","Nepa":"N","QZone":"0        NaN\n1        NaN\n2        NaN\n3        NaN\n4        NaN\n        ... \n24924    NaN\n24925    NaN\n24926    NaN\n24927    NaN\n24928    NaN\nName: 36, Length: 24929, dtype: object","TowReg":1030462,"SupStruc":85.299999999999997,"AllStruc":91.400000000000006,"StrucType":"TOWER","LicStatus":"A","latdec":30.6780555556,"londec":-84.938888888899996,"url":"http://wireless2.fcc.gov/UlsApp/UlsSearch/licenseLocSum.jsp?licKey=11558"}},{"type":"Feature","id":21,"geometry":{"type":"Point","coordinates":[-86.361555555021368,30.737805554653676]},"properties":{"FID":21,"OBJECTID":594,"UniqSysID":11558,"Licensee":"ALLTEL Corporation","Callsign":"KNKQ296","LocNum":10,"LatDeg":30,"LatMin":44,"LatSec":16.100000000000001,"LatDir":"N","LonDeg":86,"LonMin":21,"LonSec":41.600000000000001,"LonDir":"W","LocAdd":"15100 HIGHWAY 90 WEST  (Mossey Head/Hwy 285)","LocCity":"MOSSY HEAD","LocCounty":"WALTON","LocState":"FL","Nepa":"N","QZone":"0        NaN\n1        NaN\n2        NaN\n3        NaN\n4        NaN\n        ... \n24924    NaN\n24925    NaN\n24926    NaN\n24927    NaN\n24928    NaN\nName: 36, Length: 24929, dtype: object","TowReg":1026863,"SupStruc":121.90000000000001,"AllStruc":128,"StrucType":"TOWER","LicStatus":"A","latdec":30.737805555600001,"londec":-86.361555555600006,"url":"http://wireless2.fcc.gov/UlsApp/UlsSearch/licenseLocSum.jsp?licKey=11558"}},{"type":"Feature","id":22,"geometry":{"type":"Point","coordinates":[-85.481499999593836,30.939499999815723]},"properties":{"FID":22,"OBJECTID":595,"UniqSysID":11558,"Licensee":"ALLTEL Corporation","Callsign":"KNKQ296","LocNum":11,"LatDeg":30,"LatMin":56,"LatSec":22.199999999999999,"LatDir":"N","LonDeg":85,"LonMin":28,"LonSec":53.399999999999999,"LonDir":"W","LocAdd":"5107 SMOKEY ROAD","LocCity":"GRACEVILLE","LocCounty":"JACKSON","LocState":"FL","Nepa":"N","QZone":"0        NaN\n1        NaN\n2        NaN\n3        NaN\n4        NaN\n        ... \n24924    NaN\n24925    NaN\n24926    NaN\n24927    NaN\n24928    NaN\nName: 36, Length: 24929, dtype: object","TowReg":1232236,"SupStruc":91.400000000000006,"AllStruc":97.5,"StrucType":"TOWER","LicStatus":"A","latdec":30.939499999999999,"londec":-85.481499999999997,"url":"http://wireless2.fcc.gov/UlsApp/UlsSearch/licenseLocSum.jsp?licKey=11558"}},{"type":"Feature","id":23,"geometry":{"type":"Point","coordinates":[-86.36630555608798,30.37636111067178]},"properties":{"FID":23,"OBJECTID":596,"UniqSysID":11558,"Licensee":"ALLTEL Corporation","Callsign":"KNKQ296","LocNum":15,"LatDeg":30,"LatMin":22,"LatSec":34.899999999999999,"LatDir":"N","LonDeg":86,"LonMin":21,"LonSec":58.700000000000003,"LonDir":"W","LocAdd":"1096 Scenic Gulf Drive","LocCity":"Miramar Beach","LocCounty":"WALTON","LocState":"FL","Nepa":"N","QZone":"0        NaN\n1        NaN\n2        NaN\n3        NaN\n4        NaN\n        ... \n24924    NaN\n24925    NaN\n24926    NaN\n24927    NaN\n24928    NaN\nName: 36, Length: 24929, dtype: object","TowReg":0,"SupStruc":55.5,"AllStruc":57.299999999999997,"StrucType":"BANT","LicStatus":"A","latdec":30.3763611111,"londec":-86.366305555599993,"url":"http://wireless2.fcc.gov/UlsApp/UlsSearch/licenseLocSum.jsp?licKey=11558"}},{"type":"Feature","id":24,"geometry":{"type":"Point","coordinates":[-86.387444443656022,30.382222221760685]},"properties":{"FID":24,"OBJECTID":597,"UniqSysID":11558,"Licensee":"ALLTEL Corporation","Callsign":"KNKQ296","LocNum":16,"LatDeg":30,"LatMin":22,"LatSec":56,"LatDir":"N","LonDeg":86,"LonMin":23,"LonSec":14.800000000000001,"LonDir":"W","LocAdd":"(San Destin site)35 West Bradley Street","LocCity":"Destin","LocCounty":"WALTON","LocState":"FL","Nepa":"N","QZone":"0        NaN\n1        NaN\n2        NaN\n3        NaN\n4        NaN\n        ... \n24924    NaN\n24925    NaN\n24926    NaN\n24927    NaN\n24928    NaN\nName: 36, Length: 24929, dtype: object","TowReg":1245932,"SupStruc":48.700000000000003,"AllStruc":54.799999999999997,"StrucType":"TOWER","LicStatus":"A","latdec":30.382222222199999,"londec":-86.387444444400003,"url":"http://wireless2.fcc.gov/UlsApp/UlsSearch/licenseLocSum.jsp?licKey=11558"}},{"type":"Feature","id":25,"geometry":{"type":"Point","coordinates":[-86.266833333199713,30.371444445205896]},"properties":{"FID":25,"OBJECTID":598,"UniqSysID":11558,"Licensee":"ALLTEL Corporation","Callsign":"KNKQ296","LocNum":17,"LatDeg":30,"LatMin":22,"LatSec":17.199999999999999,"LatDir":"N","LonDeg":86,"LonMin":16,"LonSec":0.59999999999999998,"LonDir":"W","LocAdd":"(Santa Rosa Beach site) 5161 US Hwy 98 West","LocCity":"Santa Rosa Beach","LocCounty":"WALTON","LocState":"FL","Nepa":"N","QZone":"0        NaN\n1        NaN\n2        NaN\n3        NaN\n4        NaN\n        ... \n24924    NaN\n24925    NaN\n24926    NaN\n24927    NaN\n24928    NaN\nName: 36, Length: 24929, dtype: object","TowReg":0,"SupStruc":54.899999999999999,"AllStruc":60.700000000000003,"StrucType":"POLE","LicStatus":"A","latdec":30.371444444400002,"londec":-86.266833333299999,"url":"http://wireless2.fcc.gov/UlsApp/UlsSearch/licenseLocSum.jsp?licKey=11558"}},{"type":"Feature","id":26,"geometry":{"type":"Point","coordinates":[-85.217972222104379,30.768166666689865]},"properties":{"FID":26,"OBJECTID":599,"UniqSysID":11558,"Licensee":"ALLTEL Corporation","Callsign":"KNKQ296","LocNum":18,"LatDeg":30,"LatMin":46,"LatSec":5.4000000000000004,"LatDir":"N","LonDeg":85,"LonMin":13,"LonSec":4.7000000000000002,"LonDir":"W","LocAdd":"(Dogwood Marianna site) 2800 Davey Street","LocCity":"Marianna","LocCounty":"JACKSON","LocState":"FL","Nepa":"N","QZone":"0        NaN\n1        NaN\n2        NaN\n3        NaN\n4        NaN\n        ... \n24924    NaN\n24925    NaN\n24926    NaN\n24927    NaN\n24928    NaN\nName: 36, Length: 24929, dtype: object","TowReg":1280325,"SupStruc":57.899999999999999,"AllStruc":60.399999999999999,"StrucType":"LTOWER","LicStatus":"A","latdec":30.768166666700001,"londec":-85.217972222200004,"url":"http://wireless2.fcc.gov/UlsApp/UlsSearch/licenseLocSum.jsp?licKey=11558"}},{"type":"Feature","id":27,"geometry":{"type":"Point","coordinates":[-86.449527777407866,30.954055555270145]},"properties":{"FID":27,"OBJECTID":600,"UniqSysID":11558,"Licensee":"ALLTEL Corporation","Callsign":"KNKQ296","LocNum":12,"LatDeg":30,"LatMin":57,"LatSec":14.6,"LatDir":"N","LonDeg":86,"LonMin":26,"LonSec":58.299999999999997,"LonDir":"W","LocAdd":"8103T Steel Mill Creek Road","LocCity":"Laurel Hill","LocCounty":"OKALOOSA","LocState":"FL","Nepa":"N","QZone":"0        NaN\n1        NaN\n2        NaN\n3        NaN\n4        NaN\n        ... \n24924    NaN\n24925    NaN\n24926    NaN\n24927    NaN\n24928    NaN\nName: 36, Length: 24929, dtype: object","TowReg":1259225,"SupStruc":121.90000000000001,"AllStruc":128,"StrucType":"TOWER","LicStatus":"A","latdec":30.9540555556,"londec":-86.4495277778,"url":"http://wireless2.fcc.gov/UlsApp/UlsSearch/licenseLocSum.jsp?licKey=11558"}},{"type":"Feature","id":28,"geometry":{"type":"Point","coordinates":[-86.222722223231472,30.738083332896565]},"properties":{"FID":28,"OBJECTID":601,"UniqSysID":11558,"Licensee":"ALLTEL Corporation","Callsign":"KNKQ296","LocNum":13,"LatDeg":30,"LatMin":44,"LatSec":17.100000000000001,"LatDir":"N","LonDeg":86,"LonMin":13,"LonSec":21.800000000000001,"LonDir":"W","LocAdd":"Alpine Heights","LocCity":"Defuniak Springs","LocCounty":"WALTON","LocState":"FL","Nepa":"N","QZone":"0        NaN\n1        NaN\n2        NaN\n3        NaN\n4        NaN\n        ... \n24924    NaN\n24925    NaN\n24926    NaN\n24927    NaN\n24928    NaN\nName: 36, Length: 24929, dtype: object","TowReg":1204303,"SupStruc":85.299999999999997,"AllStruc":90.5,"StrucType":"TOWER","LicStatus":"A","latdec":30.738083333300001,"londec":-86.222722222200005,"url":"http://wireless2.fcc.gov/UlsApp/UlsSearch/licenseLocSum.jsp?licKey=11558"}},{"type":"Feature","id":29,"geometry":{"type":"Point","coordinates":[-85.633972222373927,30.547638888955987]},"properties":{"FID":29,"OBJECTID":602,"UniqSysID":11558,"Licensee":"ALLTEL Corporation","Callsign":"KNKQ296","LocNum":14,"LatDeg":30,"LatMin":32,"LatSec":51.5,"LatDir":"N","LonDeg":85,"LonMin":38,"LonSec":2.2999999999999998,"LonDir":"W","LocAdd":"1.55 nm North of Dumajack Rd on Hwy 77 (West Side)","LocCity":"Wausau","LocCounty":"WASHINGTON","LocState":"FL","Nepa":"N","QZone":"0        NaN\n1        NaN\n2        NaN\n3        NaN\n4        NaN\n        ... \n24924    NaN\n24925    NaN\n24926    NaN\n24927    NaN\n24928    NaN\nName: 36, Length: 24929, dtype: object","TowReg":1259026,"SupStruc":76.799999999999997,"AllStruc":79.200000000000003,"StrucType":"TOWER","LicStatus":"A","latdec":30.5476388889,"londec":-85.633972222200001,"url":"http://wireless2.fcc.gov/UlsApp/UlsSearch/licenseLocSum.jsp?licKey=11558"}},{"type":"Feature","id":30,"geometry":{"type":"Point","coordinates":[-85.649777777964118,30.939111111138345]},"properties":{"FID":30,"OBJECTID":603,"UniqSysID":11558,"Licensee":"ALLTEL Corporation","Callsign":"KNKQ296","LocNum":19,"LatDeg":30,"LatMin":56,"LatSec":20.800000000000001,"LatDir":"N","LonDeg":85,"LonMin":38,"LonSec":59.200000000000003,"LonDir":"W","LocAdd":"(Skyway Humphries) Off of Highway 79 North","LocCity":"Bonifay","LocCounty":"HOLMES","LocState":"FL","Nepa":"N","QZone":"0        NaN\n1        NaN\n2        NaN\n3        NaN\n4        NaN\n        ... \n24924    NaN\n24925    NaN\n24926    NaN\n24927    NaN\n24928    NaN\nName: 36, Length: 24929, dtype: object","TowReg":1289449,"SupStruc":59.399999999999999,"AllStruc":60.700000000000003,"StrucType":"MTOWER","LicStatus":"A","latdec":30.939111111100001,"londec":-85.649777777799997,"url":"http://wireless2.fcc.gov/UlsApp/UlsSearch/licenseLocSum.jsp?licKey=11558"}},{"type":"Feature","id":31,"geometry":{"type":"Point","coordinates":[-83.232916666017104,30.067166667191941]},"properties":{"FID":31,"OBJECTID":671,"UniqSysID":11566,"Licensee":"ALLTEL Corporation","Callsign":"KNKQ366","LocNum":1,"LatDeg":30,"LatMin":4,"LatSec":1.8,"LatDir":"N","LonDeg":83,"LonMin":13,"LonSec":58.5,"LonDir":"W","LocAdd":"APPROX. 1.6 MI NORTH OF HWY. 51 ON HWY. 27 APPROX. 2.4 MI WEST OF HWY. 27 ON FOR","LocCity":"MAYO","LocCounty":"LAFAYETTE","LocState":"FL","Nepa":"N","QZone":"0        NaN\n1        NaN\n2        NaN\n3        NaN\n4        NaN\n        ... \n24924    NaN\n24925    NaN\n24926    NaN\n24927    NaN\n24928    NaN\nName: 36, Length: 24929, dtype: object","TowReg":0,"SupStruc":0,"AllStruc":0,"StrucType":" ","LicStatus":"A","latdec":30.0671666667,"londec":-83.232916666700007,"url":"http://wireless2.fcc.gov/UlsApp/UlsSearch/licenseLocSum.jsp?licKey=11566"}},{"type":"Feature","id":32,"geometry":{"type":"Point","coordinates":[-83.230972222160403,29.692166666976675]},"properties":{"FID":32,"OBJECTID":672,"UniqSysID":11566,"Licensee":"ALLTEL Corporation","Callsign":"KNKQ366","LocNum":2,"LatDeg":29,"LatMin":41,"LatSec":31.800000000000001,"LatDir":"N","LonDeg":83,"LonMin":13,"LonSec":51.5,"LonDir":"W","LocAdd":"Approximately 4.7 miles North-Northwest of site Highway 19/98 on Dixie City Road","LocCity":"Cross City","LocCounty":"DIXIE","LocState":"FL","Nepa":"N","QZone":"0        NaN\n1        NaN\n2        NaN\n3        NaN\n4        NaN\n        ... \n24924    NaN\n24925    NaN\n24926    NaN\n24927    NaN\n24928    NaN\nName: 36, Length: 24929, dtype: object","TowReg":0,"SupStruc":0,"AllStruc":0,"StrucType":" ","LicStatus":"A","latdec":29.6921666667,"londec":-83.230972222199995,"url":"http://wireless2.fcc.gov/UlsApp/UlsSearch/licenseLocSum.jsp?licKey=11566"}},{"type":"Feature","id":33,"geometry":{"type":"Point","coordinates":[-81.979249999869921,29.634416665799051]},"properties":{"FID":33,"OBJECTID":1758,"UniqSysID":11756,"Licensee":"ALLTEL Corporation","Callsign":"KNKN884","LocNum":1,"LatDeg":29,"LatMin":38,"LatSec":3.8999999999999999,"LatDir":"N","LonDeg":81,"LonMin":58,"LonSec":45.299999999999997,"LonDir":"W","LocAdd":"409 BADDEN POWELL ROAD","LocCity":"HAWTHORNE","LocCounty":" ","LocState":"FL","Nepa":"N","QZone":"0        NaN\n1        NaN\n2        NaN\n3        NaN\n4        NaN\n        ... \n24924    NaN\n24925    NaN\n24926    NaN\n24927    NaN\n24928    NaN\nName: 36, Length: 24929, dtype: object","TowReg":0,"SupStruc":0,"AllStruc":0,"StrucType":" ","LicStatus":"A","latdec":29.634416666700002,"londec":-81.979249999999993,"url":"http://wireless2.fcc.gov/UlsApp/UlsSearch/licenseLocSum.jsp?licKey=11756"}},{"type":"Feature","id":34,"geometry":{"type":"Point","coordinates":[-81.813416665846944,29.717749999943919]},"properties":{"FID":34,"OBJECTID":1759,"UniqSysID":11756,"Licensee":"ALLTEL Corporation","Callsign":"KNKN884","LocNum":2,"LatDeg":29,"LatMin":43,"LatSec":3.8999999999999999,"LatDir":"N","LonDeg":81,"LonMin":48,"LonSec":48.299999999999997,"LonDir":"W","LocAdd":"701 STATE ROAD 100","LocCity":"PALATKA","LocCounty":"PUTNAM","LocState":"FL","Nepa":"N","QZone":"0        NaN\n1        NaN\n2        NaN\n3        NaN\n4        NaN\n        ... \n24924    NaN\n24925    NaN\n24926    NaN\n24927    NaN\n24928    NaN\nName: 36, Length: 24929, dtype: object","TowReg":0,"SupStruc":79.299999999999997,"AllStruc":0,"StrucType":" ","LicStatus":"A","latdec":29.717749999999999,"londec":-81.813416666699993,"url":"http://wireless2.fcc.gov/UlsApp/UlsSearch/licenseLocSum.jsp?licKey=11756"}},{"type":"Feature","id":35,"geometry":{"type":"Point","coordinates":[-81.744250000197155,29.547749999742905]},"properties":{"FID":35,"OBJECTID":1760,"UniqSysID":11756,"Licensee":"ALLTEL Corporation","Callsign":"KNKN884","LocNum":3,"LatDeg":29,"LatMin":32,"LatSec":51.899999999999999,"LatDir":"N","LonDeg":81,"LonMin":44,"LonSec":39.299999999999997,"LonDir":"W","LocAdd":"ON THE NORTH SIDE OF HWY 19, APPROX. 1.2 MILES EAST OF","LocCity":"RODMAN","LocCounty":"PUTNAM","LocState":"FL","Nepa":"N","QZone":"0        NaN\n1        NaN\n2        NaN\n3        NaN\n4        NaN\n        ... \n24924    NaN\n24925    NaN\n24926    NaN\n24927    NaN\n24928    NaN\nName: 36, Length: 24929, dtype: object","TowReg":0,"SupStruc":0,"AllStruc":0,"StrucType":" ","LicStatus":"A","latdec":29.547750000000001,"londec":-81.744249999999994,"url":"http://wireless2.fcc.gov/UlsApp/UlsSearch/licenseLocSum.jsp?licKey=11756"}},{"type":"Feature","id":36,"geometry":{"type":"Point","coordinates":[-82.09694444409206,28.691111111000339]},"properties":{"FID":36,"OBJECTID":1761,"UniqSysID":11757,"Licensee":"ALLTEL Corporation","Callsign":"KNKQ330","LocNum":1,"LatDeg":28,"LatMin":41,"LatSec":28,"LatDir":"N","LonDeg":82,"LonMin":5,"LonSec":49,"LonDir":"W","LocAdd":"396 CR 540","LocCity":"BUSHNELL","LocCounty":"SUMTER","LocState":"FL","Nepa":"N","QZone":"0        NaN\n1        NaN\n2        NaN\n3        NaN\n4        NaN\n        ... \n24924    NaN\n24925    NaN\n24926    NaN\n24927    NaN\n24928    NaN\nName: 36, Length: 24929, dtype: object","TowReg":1026115,"SupStruc":91.400000000000006,"AllStruc":96,"StrucType":"TOWER","LicStatus":"A","latdec":28.6911111111,"londec":-82.096944444399995,"url":"http://wireless2.fcc.gov/UlsApp/UlsSearch/licenseLocSum.jsp?licKey=11757"}},{"type":"Feature","id":37,"geometry":{"type":"Point","coordinates":[-82.099722221800107,28.90211111064491]},"properties":{"FID":37,"OBJECTID":1762,"UniqSysID":11757,"Licensee":"ALLTEL Corporation","Callsign":"KNKQ330","LocNum":2,"LatDeg":28,"LatMin":54,"LatSec":7.5999999999999996,"LatDir":"N","LonDeg":82,"LonMin":5,"LonSec":59,"LonDir":"W","LocAdd":"W. City Rd, 222 & 257","LocCity":"OXFORD","LocCounty":"SUMTER","LocState":"FL","Nepa":"N","QZone":"0        NaN\n1        NaN\n2        NaN\n3        NaN\n4        NaN\n        ... \n24924    NaN\n24925    NaN\n24926    NaN\n24927    NaN\n24928    NaN\nName: 36, Length: 24929, dtype: object","TowReg":1059121,"SupStruc":82.400000000000006,"AllStruc":83.799999999999997,"StrucType":"TOWER","LicStatus":"A","latdec":28.902111111100002,"londec":-82.0997222222,"url":"http://wireless2.fcc.gov/UlsApp/UlsSearch/licenseLocSum.jsp?licKey=11757"}},{"type":"Feature","id":38,"geometry":{"type":"Point","coordinates":[-82.035444443946346,28.544805555232301]},"properties":{"FID":38,"OBJECTID":1763,"UniqSysID":11757,"Licensee":"ALLTEL Corporation","Callsign":"KNKQ330","LocNum":3,"LatDeg":28,"LatMin":32,"LatSec":41.299999999999997,"LatDir":"N","LonDeg":82,"LonMin":2,"LonSec":7.5999999999999996,"LonDir":"W","LocAdd":"C.R. 719, Bushnell, FL","LocCity":"Webster","LocCounty":"SUMTER","LocState":"FL","Nepa":"N","QZone":"0        NaN\n1        NaN\n2        NaN\n3        NaN\n4        NaN\n        ... \n24924    NaN\n24925    NaN\n24926    NaN\n24927    NaN\n24928    NaN\nName: 36, Length: 24929, dtype: object","TowReg":1246459,"SupStruc":53.600000000000001,"AllStruc":59.700000000000003,"StrucType":"TOWER","LicStatus":"A","latdec":28.5448055556,"londec":-82.035444444399999,"url":"http://wireless2.fcc.gov/UlsApp/UlsSearch/licenseLocSum.jsp?licKey=11757"}},{"type":"Feature","id":39,"geometry":{"type":"Point","coordinates":[-82.138861110856737,28.678277776723121]},"properties":{"FID":39,"OBJECTID":1764,"UniqSysID":11757,"Licensee":"ALLTEL Corporation","Callsign":"KNKQ330","LocNum":4,"LatDeg":28,"LatMin":40,"LatSec":41.799999999999997,"LatDir":"N","LonDeg":82,"LonMin":8,"LonSec":19.899999999999999,"LonDir":"W","LocAdd":"(ATC Ramsey site) 2110 CR313","LocCity":"WEBSTER","LocCounty":"SUMTER","LocState":"FL","Nepa":"N","QZone":"0        NaN\n1        NaN\n2        NaN\n3        NaN\n4        NaN\n        ... \n24924    NaN\n24925    NaN\n24926    NaN\n24927    NaN\n24928    NaN\nName: 36, Length: 24929, dtype: object","TowReg":1040910,"SupStruc":121.90000000000001,"AllStruc":124.90000000000001,"StrucType":"TOWER","LicStatus":"A","latdec":28.678277777800002,"londec":-82.138861111099999,"url":"http://wireless2.fcc.gov/UlsApp/UlsSearch/licenseLocSum.jsp?licKey=11757"}},{"type":"Feature","id":40,"geometry":{"type":"Point","coordinates":[-82.2482777782634,28.647666666811176]},"properties":{"FID":40,"OBJECTID":1765,"UniqSysID":11757,"Licensee":"ALLTEL Corporation","Callsign":"KNKQ330","LocNum":5,"LatDeg":28,"LatMin":38,"LatSec":51.600000000000001,"LatDir":"N","LonDeg":82,"LonMin":14,"LonSec":53.799999999999997,"LonDir":"W","LocAdd":"(Nobleton Stephens) 7493 CR 663","LocCity":"Bushnell","LocCounty":"SUMTER","LocState":"FL","Nepa":"N","QZone":"0        NaN\n1        NaN\n2        NaN\n3        NaN\n4        NaN\n        ... \n24924    NaN\n24925    NaN\n24926    NaN\n24927    NaN\n24928    NaN\nName: 36, Length: 24929, dtype: object","TowReg":0,"SupStruc":60.700000000000003,"AllStruc":60.700000000000003,"StrucType":"POLE","LicStatus":"A","latdec":28.647666666700001,"londec":-82.248277777799998,"url":"http://wireless2.fcc.gov/UlsApp/UlsSearch/licenseLocSum.jsp?licKey=11757"}},{"type":"Feature","id":41,"geometry":{"type":"Point","coordinates":[-82.212305555686044,29.408583333945558]},"properties":{"FID":41,"OBJECTID":1766,"UniqSysID":11758,"Licensee":"ALLTEL Corporation","Callsign":"KNKA489","LocNum":1,"LatDeg":29,"LatMin":24,"LatSec":30.899999999999999,"LatDir":"N","LonDeg":82,"LonMin":12,"LonSec":44.299999999999997,"LonDir":"W","LocAdd":"Florida Power Tower; SR 464 & Citrus Drive","LocCity":"ORANGE LAKE","LocCounty":"MARION","LocState":"FL","Nepa":"N","QZone":"0        NaN\n1        NaN\n2        NaN\n3        NaN\n4        NaN\n        ... \n24924    NaN\n24925    NaN\n24926    NaN\n24927    NaN\n24928    NaN\nName: 36, Length: 24929, dtype: object","TowReg":0,"SupStruc":0,"AllStruc":0,"StrucType":" ","LicStatus":"A","latdec":29.408583333300001,"londec":-82.212305555599997,"url":"http://wireless2.fcc.gov/UlsApp/UlsSearch/licenseLocSum.jsp?licKey=11758"}},{"type":"Feature","id":42,"geometry":{"type":"Point","coordinates":[-82.340388888608345,29.144138889208421]},"properties":{"FID":42,"OBJECTID":1767,"UniqSysID":11758,"Licensee":"ALLTEL Corporation","Callsign":"KNKA489","LocNum":2,"LatDeg":29,"LatMin":8,"LatSec":38.899999999999999,"LatDir":"N","LonDeg":82,"LonMin":20,"LonSec":25.399999999999999,"LonDir":"W","LocAdd":"APPROX. 2.5 MI. SOUTH SOUTHWEST ON SR40 FROM THE INTERSEC. SR40 & SR328; 1.3 MI.","LocCity":"COTTON PLANT","LocCounty":"MARION","LocState":"FL","Nepa":"N","QZone":"0        NaN\n1        NaN\n2        NaN\n3        NaN\n4        NaN\n        ... \n24924    NaN\n24925    NaN\n24926    NaN\n24927    NaN\n24928    NaN\nName: 36, Length: 24929, dtype: object","TowReg":0,"SupStruc":0,"AllStruc":0,"StrucType":" ","LicStatus":"A","latdec":29.144138888899999,"londec":-82.340388888899994,"url":"http://wireless2.fcc.gov/UlsApp/UlsSearch/licenseLocSum.jsp?licKey=11758"}},{"type":"Feature","id":43,"geometry":{"type":"Point","coordinates":[-81.977861111015955,29.054138889080207]},"properties":{"FID":43,"OBJECTID":1768,"UniqSysID":11758,"Licensee":"ALLTEL Corporation","Callsign":"KNKA489","LocNum":3,"LatDeg":29,"LatMin":3,"LatSec":14.9,"LatDir":"N","LonDeg":81,"LonMin":58,"LonSec":40.299999999999997,"LonDir":"W","LocAdd":"11680 SE 108TH TERRACE ROAD","LocCity":"LAKE WEIR","LocCounty":"MARION","LocState":"FL","Nepa":"N","QZone":"0        NaN\n1        NaN\n2        NaN\n3        NaN\n4        NaN\n        ... \n24924    NaN\n24925    NaN\n24926    NaN\n24927    NaN\n24928    NaN\nName: 36, Length: 24929, dtype: object","TowReg":0,"SupStruc":97.5,"AllStruc":0,"StrucType":" ","LicStatus":"A","latdec":29.054138888899999,"londec":-81.977861111099998,"url":"http://wireless2.fcc.gov/UlsApp/UlsSearch/licenseLocSum.jsp?licKey=11758"}},{"type":"Feature","id":44,"geometry":{"type":"Point","coordinates":[-81.979249999869921,29.634416665799051]},"properties":{"FID":44,"OBJECTID":1769,"UniqSysID":11758,"Licensee":"ALLTEL Corporation","Callsign":"KNKA489","LocNum":4,"LatDeg":29,"LatMin":38,"LatSec":3.8999999999999999,"LatDir":"N","LonDeg":81,"LonMin":58,"LonSec":45.299999999999997,"LonDir":"W","LocAdd":"409 BADDEN POWELL ROAD","LocCity":"HAWTHORNE","LocCounty":"PUTNAM","LocState":"FL","Nepa":"N","QZone":"0        NaN\n1        NaN\n2        NaN\n3        NaN\n4        NaN\n        ... \n24924    NaN\n24925    NaN\n24926    NaN\n24927    NaN\n24928    NaN\nName: 36, Length: 24929, dtype: object","TowReg":0,"SupStruc":0,"AllStruc":0,"StrucType":" ","LicStatus":"A","latdec":29.634416666700002,"londec":-81.979249999999993,"url":"http://wireless2.fcc.gov/UlsApp/UlsSearch/licenseLocSum.jsp?licKey=11758"}},{"type":"Feature","id":45,"geometry":{"type":"Point","coordinates":[-81.88647222190491,29.189416666767841]},"properties":{"FID":45,"OBJECTID":1770,"UniqSysID":11758,"Licensee":"ALLTEL Corporation","Callsign":"KNKA489","LocNum":5,"LatDeg":29,"LatMin":11,"LatSec":21.899999999999999,"LatDir":"N","LonDeg":81,"LonMin":53,"LonSec":11.300000000000001,"LonDir":"W","LocAdd":"(Bruceville site) Route 2, Box 540-HA","LocCity":"LYNNE","LocCounty":"MARION","LocState":"FL","Nepa":"N","QZone":"0        NaN\n1        NaN\n2        NaN\n3        NaN\n4        NaN\n        ... \n24924    NaN\n24925    NaN\n24926    NaN\n24927    NaN\n24928    NaN\nName: 36, Length: 24929, dtype: object","TowReg":1026090,"SupStruc":91.400000000000006,"AllStruc":94.400000000000006,"StrucType":"TOWER","LicStatus":"A","latdec":29.189416666700001,"londec":-81.886472222199998,"url":"http://wireless2.fcc.gov/UlsApp/UlsSearch/licenseLocSum.jsp?licKey=11758"}},{"type":"Feature","id":46,"geometry":{"type":"Point","coordinates":[-82.295944444380666,29.468583333197046]},"properties":{"FID":46,"OBJECTID":1771,"UniqSysID":11758,"Licensee":"ALLTEL Corporation","Callsign":"KNKA489","LocNum":6,"LatDeg":29,"LatMin":28,"LatSec":6.9000000000000004,"LatDir":"N","LonDeg":82,"LonMin":17,"LonSec":45.399999999999999,"LonDir":"W","LocAdd":"10480 NW 215 LANE ROAD","LocCity":"MICANOPY","LocCounty":"MARION","LocState":"FL","Nepa":"N","QZone":"0        NaN\n1        NaN\n2        NaN\n3        NaN\n4        NaN\n        ... \n24924    NaN\n24925    NaN\n24926    NaN\n24927    NaN\n24928    NaN\nName: 36, Length: 24929, dtype: object","TowReg":0,"SupStruc":67,"AllStruc":0,"StrucType":" ","LicStatus":"A","latdec":29.4685833333,"londec":-82.295944444400007,"url":"http://wireless2.fcc.gov/UlsApp/UlsSearch/licenseLocSum.jsp?licKey=11758"}},{"type":"Feature","id":47,"geometry":{"type":"Point","coordinates":[-82.153416667017211,29.026083333747636]},"properties":{"FID":47,"OBJECTID":1772,"UniqSysID":11758,"Licensee":"ALLTEL Corporation","Callsign":"KNKA489","LocNum":7,"LatDeg":29,"LatMin":1,"LatSec":33.899999999999999,"LatDir":"N","LonDeg":82,"LonMin":9,"LonSec":12.300000000000001,"LonDir":"W","LocAdd":"240 NW of the intersection of County Highway 484 and 475a","LocCity":"Ocala","LocCounty":"MARION","LocState":"FL","Nepa":"N","QZone":"0        NaN\n1        NaN\n2        NaN\n3        NaN\n4        NaN\n        ... \n24924    NaN\n24925    NaN\n24926    NaN\n24927    NaN\n24928    NaN\nName: 36, Length: 24929, dtype: object","TowReg":0,"SupStruc":50.600000000000001,"AllStruc":0,"StrucType":" ","LicStatus":"A","latdec":29.026083333300001,"londec":-82.153416666699997,"url":"http://wireless2.fcc.gov/UlsApp/UlsSearch/licenseLocSum.jsp?licKey=11758"}},{"type":"Feature","id":48,"geometry":{"type":"Point","coordinates":[-82.288083334041801,29.054222222152021]},"properties":{"FID":48,"OBJECTID":1773,"UniqSysID":11758,"Licensee":"ALLTEL Corporation","Callsign":"KNKA489","LocNum":12,"LatDeg":29,"LatMin":3,"LatSec":15.199999999999999,"LatDir":"N","LonDeg":82,"LonMin":17,"LonSec":17.100000000000001,"LonDir":"W","LocAdd":"10155 SW 484 HWY","LocCity":"DUNNELLON","LocCounty":"MARION","LocState":"FL","Nepa":"N","QZone":"0        NaN\n1        NaN\n2        NaN\n3        NaN\n4        NaN\n        ... \n24924    NaN\n24925    NaN\n24926    NaN\n24927    NaN\n24928    NaN\nName: 36, Length: 24929, dtype: object","TowReg":1043291,"SupStruc":82.299999999999997,"AllStruc":82.299999999999997,"StrucType":"TOWER","LicStatus":"A","latdec":29.0542222222,"londec":-82.288083333299994,"url":"http://wireless2.fcc.gov/UlsApp/UlsSearch/licenseLocSum.jsp?licKey=11758"}},{"type":"Feature","id":49,"geometry":{"type":"Point","coordinates":[-81.77302777825895,29.184999999968625]},"properties":{"FID":49,"OBJECTID":1774,"UniqSysID":11758,"Licensee":"ALLTEL Corporation","Callsign":"KNKA489","LocNum":13,"LatDeg":29,"LatMin":11,"LatSec":6,"LatDir":"N","LonDeg":81,"LonMin":46,"LonSec":22.899999999999999,"LonDir":"W","LocAdd":"(Marion County Forest) 231st Avenue","LocCity":"Ocala","LocCounty":"MARION","LocState":"FL","Nepa":"N","QZone":"0        NaN\n1        NaN\n2        NaN\n3        NaN\n4        NaN\n        ... \n24924    NaN\n24925    NaN\n24926    NaN\n24927    NaN\n24928    NaN\nName: 36, Length: 24929, dtype: object","TowReg":1224731,"SupStruc":103.59999999999999,"AllStruc":111.3,"StrucType":"TOWER","LicStatus":"A","latdec":29.184999999999999,"londec":-81.773027777799996,"url":"http://wireless2.fcc.gov/UlsApp/UlsSearch/licenseLocSum.jsp?licKey=11758"}},{"type":"Feature","id":50,"geometry":{"type":"Point","coordinates":[-82.120916665676759,29.149972222059318]},"properties":{"FID":50,"OBJECTID":1775,"UniqSysID":11758,"Licensee":"ALLTEL Corporation","Callsign":"KNKA489","LocNum":8,"LatDeg":29,"LatMin":8,"LatSec":59.899999999999999,"LatDir":"N","LonDeg":82,"LonMin":7,"LonSec":15.300000000000001,"LonDir":"W","LocAdd":"3710 SOUTH PINE AVENUE","LocCity":"OCALA","LocCounty":"MARION","LocState":"FL","Nepa":"N","QZone":"0        NaN\n1        NaN\n2        NaN\n3        NaN\n4        NaN\n        ... \n24924    NaN\n24925    NaN\n24926    NaN\n24927    NaN\n24928    NaN\nName: 36, Length: 24929, dtype: object","TowReg":0,"SupStruc":60.700000000000003,"AllStruc":0,"StrucType":" ","LicStatus":"A","latdec":29.149972222199999,"londec":-82.120916666699998,"url":"http://wireless2.fcc.gov/UlsApp/UlsSearch/licenseLocSum.jsp?licKey=11758"}},{"type":"Feature","id":51,"geometry":{"type":"Point","coordinates":[-82.07174999988456,29.321916666266873]},"properties":{"FID":51,"OBJECTID":1776,"UniqSysID":11758,"Licensee":"ALLTEL Corporation","Callsign":"KNKA489","LocNum":9,"LatDeg":29,"LatMin":19,"LatSec":18.899999999999999,"LatDir":"N","LonDeg":82,"LonMin":4,"LonSec":18.300000000000001,"LonDir":"W","LocAdd":"4429 NE 112TH LANE","LocCity":"ANTHONY","LocCounty":"MARION","LocState":"FL","Nepa":"N","QZone":"0        NaN\n1        NaN\n2        NaN\n3        NaN\n4        NaN\n        ... \n24924    NaN\n24925    NaN\n24926    NaN\n24927    NaN\n24928    NaN\nName: 36, Length: 24929, dtype: object","TowReg":0,"SupStruc":97.5,"AllStruc":0,"StrucType":" ","LicStatus":"A","latdec":29.321916666700002,"londec":-82.071749999999994,"url":"http://wireless2.fcc.gov/UlsApp/UlsSearch/licenseLocSum.jsp?licKey=11758"}},{"type":"Feature","id":52,"geometry":{"type":"Point","coordinates":[-82.065638888567491,29.122472222254373]},"properties":{"FID":52,"OBJECTID":1777,"UniqSysID":11758,"Licensee":"ALLTEL Corporation","Callsign":"KNKA489","LocNum":10,"LatDeg":29,"LatMin":7,"LatSec":20.899999999999999,"LatDir":"N","LonDeg":82,"LonMin":3,"LonSec":56.299999999999997,"LonDir":"W","LocAdd":"5601 SE 66TH AVENUE","LocCity":"OCALA","LocCounty":"MARION","LocState":"FL","Nepa":"N","QZone":"0        NaN\n1        NaN\n2        NaN\n3        NaN\n4        NaN\n        ... \n24924    NaN\n24925    NaN\n24926    NaN\n24927    NaN\n24928    NaN\nName: 36, Length: 24929, dtype: object","TowReg":0,"SupStruc":180.69999999999999,"AllStruc":0,"StrucType":" ","LicStatus":"A","latdec":29.122472222199999,"londec":-82.065638888899997,"url":"http://wireless2.fcc.gov/UlsApp/UlsSearch/licenseLocSum.jsp?licKey=11758"}},{"type":"Feature","id":53,"geometry":{"type":"Point","coordinates":[-82.065361110616891,29.038583333805946]},"properties":{"FID":53,"OBJECTID":1778,"UniqSysID":11758,"Licensee":"ALLTEL Corporation","Callsign":"KNKA489","LocNum":11,"LatDeg":29,"LatMin":2,"LatSec":18.899999999999999,"LatDir":"N","LonDeg":82,"LonMin":3,"LonSec":55.299999999999997,"LonDir":"W","LocAdd":"12650 SE HWY 484","LocCity":"BELLEVIEW","LocCounty":"MARION","LocState":"FL","Nepa":"N","QZone":"0        NaN\n1        NaN\n2        NaN\n3        NaN\n4        NaN\n        ... \n24924    NaN\n24925    NaN\n24926    NaN\n24927    NaN\n24928    NaN\nName: 36, Length: 24929, dtype: object","TowReg":0,"SupStruc":106.7,"AllStruc":0,"StrucType":" ","LicStatus":"A","latdec":29.0385833333,"londec":-82.065361111100003,"url":"http://wireless2.fcc.gov/UlsApp/UlsSearch/licenseLocSum.jsp?licKey=11758"}},{"type":"Feature","id":54,"geometry":{"type":"Point","coordinates":[-80.935833333369942,25.762499999657848]},"properties":{"FID":54,"OBJECTID":1960,"UniqSysID":11779,"Licensee":"ALLTEL Corporation","Callsign":"KNKN794","LocNum":1,"LatDeg":25,"LatMin":45,"LatSec":45,"LatDir":"N","LonDeg":80,"LonMin":56,"LonSec":9,"LonDir":"W","LocAdd":"SR 94 AT JIM DILL LOOP","LocCity":"MONROE STATION","LocCounty":"MONROE","LocState":"FL","Nepa":"N","QZone":"0        NaN\n1        NaN\n2        NaN\n3        NaN\n4        NaN\n        ... \n24924    NaN\n24925    NaN\n24926    NaN\n24927    NaN\n24928    NaN\nName: 36, Length: 24929, dtype: object","TowReg":1028857,"SupStruc":137.19999999999999,"AllStruc":144.5,"StrucType":"TOWER","LicStatus":"A","latdec":25.762499999999999,"londec":-80.935833333299996,"url":"http://wireless2.fcc.gov/UlsApp/UlsSearch/licenseLocSum.jsp?licKey=11779"}},{"type":"Feature","id":55,"geometry":{"type":"Point","coordinates":[-81.11555555503503,25.866111110787187]},"properties":{"FID":55,"OBJECTID":1961,"UniqSysID":11779,"Licensee":"ALLTEL Corporation","Callsign":"KNKN794","LocNum":2,"LatDeg":25,"LatMin":51,"LatSec":58,"LatDir":"N","LonDeg":81,"LonMin":6,"LonSec":56,"LonDir":"W","LocAdd":"N SIDE OF US 41 .8 MI W","LocCity":"Monroe Station","LocCounty":"COLLIER","LocState":"FL","Nepa":"N","QZone":"0        NaN\n1        NaN\n2        NaN\n3        NaN\n4        NaN\n        ... \n24924    NaN\n24925    NaN\n24926    NaN\n24927    NaN\n24928    NaN\nName: 36, Length: 24929, dtype: object","TowReg":0,"SupStruc":60.600000000000001,"AllStruc":60.600000000000001,"StrucType":"TOWER","LicStatus":"A","latdec":25.8661111111,"londec":-81.115555555599997,"url":"http://wireless2.fcc.gov/UlsApp/UlsSearch/licenseLocSum.jsp?licKey=11779"}},{"type":"Feature","id":56,"geometry":{"type":"Point","coordinates":[-81.3636944452075,25.910111111693254]},"properties":{"FID":56,"OBJECTID":1962,"UniqSysID":11779,"Licensee":"ALLTEL Corporation","Callsign":"KNKN794","LocNum":3,"LatDeg":25,"LatMin":54,"LatSec":36.399999999999999,"LatDir":"N","LonDeg":81,"LonMin":21,"LonSec":49.299999999999997,"LonDir":"W","LocAdd":"32020 EAST TAMIAMI TRAIL","LocCity":"CARNESTOWN","LocCounty":"COLLIER","LocState":"FL","Nepa":"N","QZone":"0        NaN\n1        NaN\n2        NaN\n3        NaN\n4        NaN\n        ... \n24924    NaN\n24925    NaN\n24926    NaN\n24927    NaN\n24928    NaN\nName: 36, Length: 24929, dtype: object","TowReg":1020923,"SupStruc":85.299999999999997,"AllStruc":91.099999999999994,"StrucType":"TOWER","LicStatus":"A","latdec":25.910111111100001,"londec":-81.363694444399997,"url":"http://wireless2.fcc.gov/UlsApp/UlsSearch/licenseLocSum.jsp?licKey=11779"}},{"type":"Feature","id":57,"geometry":{"type":"Point","coordinates":[-82.476499999897214,28.59111111125975]},"properties":{"FID":57,"OBJECTID":1969,"UniqSysID":11783,"Licensee":"ALLTEL Corporation","Callsign":"KNKN918","LocNum":1,"LatDeg":28,"LatMin":35,"LatSec":28,"LatDir":"N","LonDeg":82,"LonMin":28,"LonSec":35.399999999999999,"LonDir":"W","LocAdd":"15208 PEACH ORCHARD STREET","LocCity":"WEEKI WACHEE","LocCounty":"HERNANDO","LocState":"FL","Nepa":"N","QZone":"0        NaN\n1        NaN\n2        NaN\n3        NaN\n4        NaN\n        ... \n24924    NaN\n24925    NaN\n24926    NaN\n24927    NaN\n24928    NaN\nName: 36, Length: 24929, dtype: object","TowReg":1022529,"SupStruc":83.799999999999997,"AllStruc":88.400000000000006,"StrucType":"TOWER","LicStatus":"A","latdec":28.591111111099998,"londec":-82.476500000000001,"url":"http://wireless2.fcc.gov/UlsApp/UlsSearch/licenseLocSum.jsp?licKey=11783"}},{"type":"Feature","id":58,"geometry":{"type":"Point","coordinates":[-82.582388888860123,28.815555556206277]},"properties":{"FID":58,"OBJECTID":1970,"UniqSysID":11783,"Licensee":"ALLTEL Corporation","Callsign":"KNKN918","LocNum":3,"LatDeg":28,"LatMin":48,"LatSec":56,"LatDir":"N","LonDeg":82,"LonMin":34,"LonSec":56.600000000000001,"LonDir":"W","LocAdd":"N. Homosassa Springs","LocCity":"Homosassa Springs","LocCounty":"CITRUS","LocState":"FL","Nepa":"N","QZone":"0        NaN\n1        NaN\n2        NaN\n3        NaN\n4        NaN\n        ... \n24924    NaN\n24925    NaN\n24926    NaN\n24927    NaN\n24928    NaN\nName: 36, Length: 24929, dtype: object","TowReg":1209782,"SupStruc":85.299999999999997,"AllStruc":85.299999999999997,"StrucType":"TOWER","LicStatus":"A","latdec":28.8155555556,"londec":-82.582388888899999,"url":"http://wireless2.fcc.gov/UlsApp/UlsSearch/licenseLocSum.jsp?licKey=11783"}},{"type":"Feature","id":59,"geometry":{"type":"Point","coordinates":[-82.351194443784891,28.855805555094776]},"properties":{"FID":59,"OBJECTID":1971,"UniqSysID":11783,"Licensee":"ALLTEL Corporation","Callsign":"KNKN918","LocNum":4,"LatDeg":28,"LatMin":51,"LatSec":20.899999999999999,"LatDir":"N","LonDeg":82,"LonMin":21,"LonSec":4.2999999999999998,"LonDir":"W","LocAdd":"1662 WHITE LAKE DR LOT 10","LocCity":"INVERNESS","LocCounty":"CITRUS","LocState":"FL","Nepa":"N","QZone":"0        NaN\n1        NaN\n2        NaN\n3        NaN\n4        NaN\n        ... \n24924    NaN\n24925    NaN\n24926    NaN\n24927    NaN\n24928    NaN\nName: 36, Length: 24929, dtype: object","TowReg":1022806,"SupStruc":83.799999999999997,"AllStruc":90.5,"StrucType":"TOWER","LicStatus":"A","latdec":28.8558055556,"londec":-82.351194444399994,"url":"http://wireless2.fcc.gov/UlsApp/UlsSearch/licenseLocSum.jsp?licKey=11783"}},{"type":"Feature","id":60,"geometry":{"type":"Point","coordinates":[-82.295916666675566,28.742194443893482]},"properties":{"FID":60,"OBJECTID":1972,"UniqSysID":11783,"Licensee":"ALLTEL Corporation","Callsign":"KNKN918","LocNum":7,"LatDeg":28,"LatMin":44,"LatSec":31.899999999999999,"LatDir":"N","LonDeg":82,"LonMin":17,"LonSec":45.299999999999997,"LonDir":"W","LocAdd":"Oaks Drive & Daniels Drive","LocCity":"Floral City","LocCounty":"CITRUS","LocState":"FL","Nepa":"N","QZone":"0        NaN\n1        NaN\n2        NaN\n3        NaN\n4        NaN\n        ... \n24924    NaN\n24925    NaN\n24926    NaN\n24927    NaN\n24928    NaN\nName: 36, Length: 24929, dtype: object","TowReg":0,"SupStruc":20.100000000000001,"AllStruc":60.600000000000001,"StrucType":"TOWER","LicStatus":"A","latdec":28.742194444399999,"londec":-82.295916666699995,"url":"http://wireless2.fcc.gov/UlsApp/UlsSearch/licenseLocSum.jsp?licKey=11783"}},{"type":"Feature","id":61,"geometry":{"type":"Point","coordinates":[-82.595527777563007,28.456611111078132]},"properties":{"FID":61,"OBJECTID":1973,"UniqSysID":11783,"Licensee":"ALLTEL Corporation","Callsign":"KNKN918","LocNum":9,"LatDeg":28,"LatMin":27,"LatSec":23.800000000000001,"LatDir":"N","LonDeg":82,"LonMin":35,"LonSec":43.899999999999999,"LonDir":"W","LocAdd":"7370 Mead Drive","LocCity":"Spring Hill","LocCounty":"HERNANDO","LocState":"FL","Nepa":"N","QZone":"0        NaN\n1        NaN\n2        NaN\n3        NaN\n4        NaN\n        ... \n24924    NaN\n24925    NaN\n24926    NaN\n24927    NaN\n24928    NaN\nName: 36, Length: 24929, dtype: object","TowReg":1022530,"SupStruc":47.200000000000003,"AllStruc":56.399999999999999,"StrucType":"TOWER","LicStatus":"A","latdec":28.456611111099999,"londec":-82.595527777800001,"url":"http://wireless2.fcc.gov/UlsApp/UlsSearch/licenseLocSum.jsp?licKey=11783"}},{"type":"Feature","id":62,"geometry":{"type":"Point","coordinates":[-82.24811111113371,28.507000000335552]},"properties":{"FID":62,"OBJECTID":1974,"UniqSysID":11783,"Licensee":"ALLTEL Corporation","Callsign":"KNKN918","LocNum":13,"LatDeg":28,"LatMin":30,"LatSec":25.199999999999999,"LatDir":"N","LonDeg":82,"LonMin":14,"LonSec":53.200000000000003,"LonDir":"W","LocAdd":"(Nicolaus) 4400 Lockhart Rd","LocCity":"LACOOCHEE","LocCounty":"HERNANDO","LocState":"FL","Nepa":"N","QZone":"0        NaN\n1        NaN\n2        NaN\n3        NaN\n4        NaN\n        ... \n24924    NaN\n24925    NaN\n24926    NaN\n24927    NaN\n24928    NaN\nName: 36, Length: 24929, dtype: object","TowReg":1040912,"SupStruc":85.599999999999994,"AllStruc":88.099999999999994,"StrucType":"GTOWER","LicStatus":"A","latdec":28.507000000000001,"londec":-82.248111111100002,"url":"http://wireless2.fcc.gov/UlsApp/UlsSearch/licenseLocSum.jsp?licKey=11783"}},{"type":"Feature","id":63,"geometry":{"type":"Point","coordinates":[-82.52122222207538,28.973750000295581]},"properties":{"FID":63,"OBJECTID":1975,"UniqSysID":11783,"Licensee":"ALLTEL Corporation","Callsign":"KNKN918","LocNum":14,"LatDeg":28,"LatMin":58,"LatSec":25.5,"LatDir":"N","LonDeg":82,"LonMin":31,"LonSec":16.399999999999999,"LonDir":"W","LocAdd":"Section 30, Tnship 17 South Range 18 East","LocCity":"Crystal River","LocCounty":"CITRUS","LocState":"FL","Nepa":"N","QZone":"0        NaN\n1        NaN\n2        NaN\n3        NaN\n4        NaN\n        ... \n24924    NaN\n24925    NaN\n24926    NaN\n24927    NaN\n24928    NaN\nName: 36, Length: 24929, dtype: object","TowReg":1212229,"SupStruc":85.900000000000006,"AllStruc":91.099999999999994,"StrucType":"TOWER","LicStatus":"A","latdec":28.973749999999999,"londec":-82.521222222199995,"url":"http://wireless2.fcc.gov/UlsApp/UlsSearch/licenseLocSum.jsp?licKey=11783"}},{"type":"Feature","id":64,"geometry":{"type":"Point","coordinates":[-82.649388889011504,28.496305554931098]},"properties":{"FID":64,"OBJECTID":1976,"UniqSysID":11783,"Licensee":"ALLTEL Corporation","Callsign":"KNKN918","LocNum":20,"LatDeg":28,"LatMin":29,"LatSec":46.700000000000003,"LatDir":"N","LonDeg":82,"LonMin":38,"LonSec":57.799999999999997,"LonDir":"W","LocAdd":"(Hernando Beach) 4340 Calienta Street","LocCity":"Hernando Beach","LocCounty":"HERNANDO","LocState":"FL","Nepa":"N","QZone":"0        NaN\n1        NaN\n2        NaN\n3        NaN\n4        NaN\n        ... \n24924    NaN\n24925    NaN\n24926    NaN\n24927    NaN\n24928    NaN\nName: 36, Length: 24929, dtype: object","TowReg":0,"SupStruc":59.399999999999999,"AllStruc":60.600000000000001,"StrucType":"POLE","LicStatus":"A","latdec":28.496305555599999,"londec":-82.649388888900006,"url":"http://wireless2.fcc.gov/UlsApp/UlsSearch/licenseLocSum.jsp?licKey=11783"}},{"type":"Feature","id":65,"geometry":{"type":"Point","coordinates":[-82.54569444504898,28.528250000300545]},"properties":{"FID":65,"OBJECTID":1977,"UniqSysID":11783,"Licensee":"ALLTEL Corporation","Callsign":"KNKN918","LocNum":17,"LatDeg":28,"LatMin":31,"LatSec":41.700000000000003,"LatDir":"N","LonDeg":82,"LonMin":32,"LonSec":44.5,"LonDir":"W","LocAdd":"(Black Bear) 3KM EAST OF U.S. HWY 19 ON STATE ROAD 50 IN HERANDO COUNTY","LocCity":"WEEKI WACHEE","LocCounty":"HERNANDO","LocState":"FL","Nepa":"N","QZone":"0        NaN\n1        NaN\n2        NaN\n3        NaN\n4        NaN\n        ... \n24924    NaN\n24925    NaN\n24926    NaN\n24927    NaN\n24928    NaN\nName: 36, Length: 24929, dtype: object","TowReg":1209676,"SupStruc":102,"AllStruc":102.09999999999999,"StrucType":"TOWER","LicStatus":"A","latdec":28.52825,"londec":-82.545694444399999,"url":"http://wireless2.fcc.gov/UlsApp/UlsSearch/licenseLocSum.jsp?licKey=11783"}},{"type":"Feature","id":66,"geometry":{"type":"Point","coordinates":[-82.709833332765697,28.95775000029937]},"properties":{"FID":66,"OBJECTID":1978,"UniqSysID":11783,"Licensee":"ALLTEL Corporation","Callsign":"KNKN918","LocNum":18,"LatDeg":28,"LatMin":57,"LatSec":27.899999999999999,"LatDir":"N","LonDeg":82,"LonMin":42,"LonSec":35.399999999999999,"LonDir":"W","LocAdd":"(FPC Nuke) 15760 West Power Line","LocCity":"Crystal River","LocCounty":"CITRUS","LocState":"FL","Nepa":"N","QZone":"0        NaN\n1        NaN\n2        NaN\n3        NaN\n4        NaN\n        ... \n24924    NaN\n24925    NaN\n24926    NaN\n24927    NaN\n24928    NaN\nName: 36, Length: 24929, dtype: object","TowReg":0,"SupStruc":61.299999999999997,"AllStruc":61.299999999999997,"StrucType":"B","LicStatus":"A","latdec":28.957750000000001,"londec":-82.709833333299997,"url":"http://wireless2.fcc.gov/UlsApp/UlsSearch/licenseLocSum.jsp?licKey=11783"}},{"type":"Feature","id":67,"geometry":{"type":"Point","coordinates":[-82.543055554968646,28.715833333049602]},"properties":{"FID":67,"OBJECTID":1979,"UniqSysID":11783,"Licensee":"ALLTEL Corporation","Callsign":"KNKN918","LocNum":19,"LatDeg":28,"LatMin":42,"LatSec":57,"LatDir":"N","LonDeg":82,"LonMin":32,"LonSec":35,"LonDir":"W","LocAdd":"(Sugar Mills Woods) 6610 W. PONCE DE LEON BLVD","LocCity":"HOMOSASSA SPRINGS","LocCounty":"CITRUS","LocState":"FL","Nepa":"N","QZone":"0        NaN\n1        NaN\n2        NaN\n3        NaN\n4        NaN\n        ... \n24924    NaN\n24925    NaN\n24926    NaN\n24927    NaN\n24928    NaN\nName: 36, Length: 24929, dtype: object","TowReg":1004335,"SupStruc":76.200000000000003,"AllStruc":82,"StrucType":"TOWER","LicStatus":"A","latdec":28.715833333300001,"londec":-82.543055555600006,"url":"http://wireless2.fcc.gov/UlsApp/UlsSearch/licenseLocSum.jsp?licKey=11783"}},{"type":"Feature","id":68,"geometry":{"type":"Point","coordinates":[-86.590166667223343,30.728861110898777]},"properties":{"FID":68,"OBJECTID":2221,"UniqSysID":11814,"Licensee":"ALLTEL Corporation","Callsign":"KNKA537","LocNum":2,"LatDeg":30,"LatMin":43,"LatSec":43.899999999999999,"LatDir":"N","LonDeg":86,"LonMin":35,"LonSec":24.600000000000001,"LonDir":"W","LocAdd":"1.3 MILES W OF S.R. 85 & I-10 - (Crestview 100013399)","LocCity":"CRESTVIEW","LocCounty":"OKALOOSA","LocState":"FL","Nepa":"N","QZone":"0        NaN\n1        NaN\n2        NaN\n3        NaN\n4        NaN\n        ... \n24924    NaN\n24925    NaN\n24926    NaN\n24927    NaN\n24928    NaN\nName: 36, Length: 24929, dtype: object","TowReg":1026869,"SupStruc":115.2,"AllStruc":119.5,"StrucType":"TOWER","LicStatus":"A","latdec":30.728861111099999,"londec":-86.5901666667,"url":"http://wireless2.fcc.gov/UlsApp/UlsSearch/licenseLocSum.jsp?licKey=11814"}},{"type":"Feature","id":69,"geometry":{"type":"Point","coordinates":[-86.523027776749245,30.900083332916381]},"properties":{"FID":69,"OBJECTID":2222,"UniqSysID":11814,"Licensee":"ALLTEL Corporation","Callsign":"KNKA537","LocNum":4,"LatDeg":30,"LatMin":54,"LatSec":0.29999999999999999,"LatDir":"N","LonDeg":86,"LonMin":31,"LonSec":22.899999999999999,"LonDir":"W","LocAdd":"Oak Grove Site 266 SINTERFITT RD. (Oak Grove)","LocCity":"Laurel Hill","LocCounty":"OKALOOSA","LocState":"FL","Nepa":"N","QZone":"0        NaN\n1        NaN\n2        NaN\n3        NaN\n4        NaN\n        ... \n24924    NaN\n24925    NaN\n24926    NaN\n24927    NaN\n24928    NaN\nName: 36, Length: 24929, dtype: object","TowReg":1026871,"SupStruc":54.899999999999999,"AllStruc":61,"StrucType":"TOWER","LicStatus":"A","latdec":30.9000833333,"londec":-86.523027777799996,"url":"http://wireless2.fcc.gov/UlsApp/UlsSearch/licenseLocSum.jsp?licKey=11814"}},{"type":"Feature","id":70,"geometry":{"type":"Point","coordinates":[-86.479944443670604,30.392416666932832]},"properties":{"FID":70,"OBJECTID":2223,"UniqSysID":11814,"Licensee":"ALLTEL Corporation","Callsign":"KNKA537","LocNum":7,"LatDeg":30,"LatMin":23,"LatSec":32.700000000000003,"LatDir":"N","LonDeg":86,"LonMin":28,"LonSec":47.799999999999997,"LonDir":"W","LocAdd":"(Destin WT) 34870 Kelly Plantation Drive","LocCity":"DESTIN","LocCounty":"OKALOOSA","LocState":"FL","Nepa":"N","QZone":"0        NaN\n1        NaN\n2        NaN\n3        NaN\n4        NaN\n        ... \n24924    NaN\n24925    NaN\n24926    NaN\n24927    NaN\n24928    NaN\nName: 36, Length: 24929, dtype: object","TowReg":0,"SupStruc":52.100000000000001,"AllStruc":54.799999999999997,"StrucType":"TANK","LicStatus":"A","latdec":30.392416666700001,"londec":-86.479944444400004,"url":"http://wireless2.fcc.gov/UlsApp/UlsSearch/licenseLocSum.jsp?licKey=11814"}},{"type":"Feature","id":71,"geometry":{"type":"Point","coordinates":[-86.67900000026799,30.797527777988421]},"properties":{"FID":71,"OBJECTID":2224,"UniqSysID":11814,"Licensee":"ALLTEL Corporation","Callsign":"KNKA537","LocNum":13,"LatDeg":30,"LatMin":47,"LatSec":51.100000000000001,"LatDir":"N","LonDeg":86,"LonMin":40,"LonSec":44.399999999999999,"LonDir":"W","LocAdd":"Baker WT Site 5785 Monroe St","LocCity":"Baker","LocCounty":"OKALOOSA","LocState":"FL","Nepa":"N","QZone":"0        NaN\n1        NaN\n2        NaN\n3        NaN\n4        NaN\n        ... \n24924    NaN\n24925    NaN\n24926    NaN\n24927    NaN\n24928    NaN\nName: 36, Length: 24929, dtype: object","TowReg":0,"SupStruc":39.299999999999997,"AllStruc":42,"StrucType":"TANK","LicStatus":"A","latdec":30.797527777799999,"londec":-86.679000000000002,"url":"http://wireless2.fcc.gov/UlsApp/UlsSearch/licenseLocSum.jsp?licKey=11814"}},{"type":"Feature","id":72,"geometry":{"type":"Point","coordinates":[-86.637777777930353,30.439722223138745]},"properties":{"FID":72,"OBJECTID":2225,"UniqSysID":11814,"Licensee":"ALLTEL Corporation","Callsign":"KNKA537","LocNum":14,"LatDeg":30,"LatMin":26,"LatSec":23,"LatDir":"N","LonDeg":86,"LonMin":38,"LonSec":16,"LonDir":"W","LocAdd":"Hwy 189 Busby 105 LEWIS ST","LocCity":"FORT WALTON BEACH","LocCounty":"OKALOOSA","LocState":"FL","Nepa":"N","QZone":"0        NaN\n1        NaN\n2        NaN\n3        NaN\n4        NaN\n        ... \n24924    NaN\n24925    NaN\n24926    NaN\n24927    NaN\n24928    NaN\nName: 36, Length: 24929, dtype: object","TowReg":1031782,"SupStruc":60,"AllStruc":60,"StrucType":"TOWER","LicStatus":"A","latdec":30.4397222222,"londec":-86.637777777799997,"url":"http://wireless2.fcc.gov/UlsApp/UlsSearch/licenseLocSum.jsp?licKey=11814"}},{"type":"Feature","id":73,"geometry":{"type":"Point","coordinates":[-86.449527777407866,30.954055555270145]},"properties":{"FID":73,"OBJECTID":2226,"UniqSysID":11814,"Licensee":"ALLTEL Corporation","Callsign":"KNKA537","LocNum":15,"LatDeg":30,"LatMin":57,"LatSec":14.6,"LatDir":"N","LonDeg":86,"LonMin":26,"LonSec":58.299999999999997,"LonDir":"W","LocAdd":"Laurel Hill Site 8103T Steel Mill Creek Road","LocCity":"Laurel Hill","LocCounty":"OKALOOSA","LocState":"FL","Nepa":"N","QZone":"0        NaN\n1        NaN\n2        NaN\n3        NaN\n4        NaN\n        ... \n24924    NaN\n24925    NaN\n24926    NaN\n24927    NaN\n24928    NaN\nName: 36, Length: 24929, dtype: object","TowReg":1259225,"SupStruc":121.90000000000001,"AllStruc":128,"StrucType":"TOWER","LicStatus":"A","latdec":30.9540555556,"londec":-86.4495277778,"url":"http://wireless2.fcc.gov/UlsApp/UlsSearch/licenseLocSum.jsp?licKey=11814"}},{"type":"Feature","id":74,"geometry":{"type":"Point","coordinates":[-86.75188888829814,30.698916666821731]},"properties":{"FID":74,"OBJECTID":2227,"UniqSysID":11814,"Licensee":"ALLTEL Corporation","Callsign":"KNKA537","LocNum":19,"LatDeg":30,"LatMin":41,"LatSec":56.100000000000001,"LatDir":"N","LonDeg":86,"LonMin":45,"LonSec":6.7999999999999998,"LonDir":"W","LocAdd":"Holt (VZW) Site 4730 Log Lake Rd","LocCity":"HOLT","LocCounty":"OKALOOSA","LocState":"FL","Nepa":"N","QZone":"0        NaN\n1        NaN\n2        NaN\n3        NaN\n4        NaN\n        ... \n24924    NaN\n24925    NaN\n24926    NaN\n24927    NaN\n24928    NaN\nName: 36, Length: 24929, dtype: object","TowReg":1058429,"SupStruc":61.299999999999997,"AllStruc":62.799999999999997,"StrucType":"TOWER","LicStatus":"A","latdec":30.698916666700001,"londec":-86.751888888899998,"url":"http://wireless2.fcc.gov/UlsApp/UlsSearch/licenseLocSum.jsp?licKey=11814"}},{"type":"Feature","id":75,"geometry":{"type":"Point","coordinates":[-86.717055556126297,30.412083333773126]},"properties":{"FID":75,"OBJECTID":2228,"UniqSysID":11814,"Licensee":"ALLTEL Corporation","Callsign":"KNKA537","LocNum":20,"LatDeg":30,"LatMin":24,"LatSec":43.5,"LatDir":"N","LonDeg":86,"LonMin":43,"LonSec":1.3999999999999999,"LonDir":"W","LocAdd":"Wynnehaven Beach Site 1404 Hwy 98 W","LocCity":"Mary Esther","LocCounty":"OKALOOSA","LocState":"FL","Nepa":"N","QZone":"0        NaN\n1        NaN\n2        NaN\n3        NaN\n4        NaN\n        ... \n24924    NaN\n24925    NaN\n24926    NaN\n24927    NaN\n24928    NaN\nName: 36, Length: 24929, dtype: object","TowReg":1055871,"SupStruc":54.200000000000003,"AllStruc":57.299999999999997,"StrucType":"TOWER","LicStatus":"A","latdec":30.4120833333,"londec":-86.717055555599998,"url":"http://wireless2.fcc.gov/UlsApp/UlsSearch/licenseLocSum.jsp?licKey=11814"}},{"type":"Feature","id":76,"geometry":{"type":"Point","coordinates":[-86.503000000084967,30.392749999669888]},"properties":{"FID":76,"OBJECTID":2229,"UniqSysID":11814,"Licensee":"ALLTEL Corporation","Callsign":"KNKA537","LocNum":10,"LatDeg":30,"LatMin":23,"LatSec":33.899999999999999,"LatDir":"N","LonDeg":86,"LonMin":30,"LonSec":10.800000000000001,"LonDir":"W","LocAdd":"(Beach TV Site) 320 Harbor Blvd","LocCity":"Destin","LocCounty":"OKALOOSA","LocState":"FL","Nepa":"N","QZone":"0        NaN\n1        NaN\n2        NaN\n3        NaN\n4        NaN\n        ... \n24924    NaN\n24925    NaN\n24926    NaN\n24927    NaN\n24928    NaN\nName: 36, Length: 24929, dtype: object","TowReg":0,"SupStruc":38.700000000000003,"AllStruc":47.100000000000001,"StrucType":"BANT","LicStatus":"A","latdec":30.392749999999999,"londec":-86.503,"url":"http://wireless2.fcc.gov/UlsApp/UlsSearch/licenseLocSum.jsp?licKey=11814"}},{"type":"Feature","id":77,"geometry":{"type":"Point","coordinates":[-86.624499999803049,30.41138888912252]},"properties":{"FID":77,"OBJECTID":2230,"UniqSysID":11814,"Licensee":"ALLTEL Corporation","Callsign":"KNKA537","LocNum":12,"LatDeg":30,"LatMin":24,"LatSec":41,"LatDir":"N","LonDeg":86,"LonMin":37,"LonSec":28.199999999999999,"LonDir":"W","LocAdd":"West Hollywood Site 140 A HOLLYWOOD BLVD., SW","LocCity":"FT. WALTON BEACH","LocCounty":"OKALOOSA","LocState":"FL","Nepa":"N","QZone":"0        NaN\n1        NaN\n2        NaN\n3        NaN\n4        NaN\n        ... \n24924    NaN\n24925    NaN\n24926    NaN\n24927    NaN\n24928    NaN\nName: 36, Length: 24929, dtype: object","TowReg":1039197,"SupStruc":129.69999999999999,"AllStruc":134.69999999999999,"StrucType":"TOWER","LicStatus":"A","latdec":30.411388888899999,"londec":-86.624499999999998,"url":"http://wireless2.fcc.gov/UlsApp/UlsSearch/licenseLocSum.jsp?licKey=11814"}},{"type":"Feature","id":78,"geometry":{"type":"Point","coordinates":[-83.758722221566245,30.446583332920227]},"properties":{"FID":78,"OBJECTID":2240,"UniqSysID":11816,"Licensee":"ALLTEL Corporation","Callsign":"KNKN602","LocNum":1,"LatDeg":30,"LatMin":26,"LatSec":47.700000000000003,"LatDir":"N","LonDeg":83,"LonMin":45,"LonSec":31.399999999999999,"LonDir":"W","LocAdd":"HWY 257, SOUTH OF I-10","LocCity":"AUCILLA","LocCounty":"JEFFERSON","LocState":"FL","Nepa":"N","QZone":"0        NaN\n1        NaN\n2        NaN\n3        NaN\n4        NaN\n        ... \n24924    NaN\n24925    NaN\n24926    NaN\n24927    NaN\n24928    NaN\nName: 36, Length: 24929, dtype: object","TowReg":1026903,"SupStruc":121.90000000000001,"AllStruc":126.5,"StrucType":"TOWER","LicStatus":"A","latdec":30.446583333300001,"londec":-83.758722222200007,"url":"http://wireless2.fcc.gov/UlsApp/UlsSearch/licenseLocSum.jsp?licKey=11816"}},{"type":"Feature","id":79,"geometry":{"type":"Point","coordinates":[-83.409583333820365,30.437250000381027]},"properties":{"FID":79,"OBJECTID":2241,"UniqSysID":11816,"Licensee":"ALLTEL Corporation","Callsign":"KNKN602","LocNum":2,"LatDeg":30,"LatMin":26,"LatSec":14.1,"LatDir":"N","LonDeg":83,"LonMin":24,"LonSec":34.5,"LonDir":"W","LocAdd":"HWY. 14 SOUTH @ CITY LANDFILL","LocCity":"MADISON","LocCounty":"MADISON","LocState":"FL","Nepa":"N","QZone":"0        NaN\n1        NaN\n2        NaN\n3        NaN\n4        NaN\n        ... \n24924    NaN\n24925    NaN\n24926    NaN\n24927    NaN\n24928    NaN\nName: 36, Length: 24929, dtype: object","TowReg":1026895,"SupStruc":121.90000000000001,"AllStruc":127.40000000000001,"StrucType":"TOWER","LicStatus":"A","latdec":30.437249999999999,"londec":-83.409583333300006,"url":"http://wireless2.fcc.gov/UlsApp/UlsSearch/licenseLocSum.jsp?licKey=11816"}},{"type":"Feature","id":80,"geometry":{"type":"Point","coordinates":[-83.947749999631355,30.503083332615404]},"properties":{"FID":80,"OBJECTID":2242,"UniqSysID":11816,"Licensee":"ALLTEL Corporation","Callsign":"KNKN602","LocNum":4,"LatDeg":30,"LatMin":30,"LatSec":11.1,"LatDir":"N","LonDeg":83,"LonMin":56,"LonSec":51.899999999999999,"LonDir":"W","LocAdd":"INTERSECTION OF HWY 158C & I-10","LocCity":"MONTICELLO","LocCounty":"JEFFERSON","LocState":"FL","Nepa":"N","QZone":"0        NaN\n1        NaN\n2        NaN\n3        NaN\n4        NaN\n        ... \n24924    NaN\n24925    NaN\n24926    NaN\n24927    NaN\n24928    NaN\nName: 36, Length: 24929, dtype: object","TowReg":1026882,"SupStruc":121.90000000000001,"AllStruc":127.40000000000001,"StrucType":"TOWER","LicStatus":"A","latdec":30.503083333300001,"londec":-83.947749999999999,"url":"http://wireless2.fcc.gov/UlsApp/UlsSearch/licenseLocSum.jsp?licKey=11816"}},{"type":"Feature","id":81,"geometry":{"type":"Point","coordinates":[-83.444166666645231,29.912944444782397]},"properties":{"FID":81,"OBJECTID":2243,"UniqSysID":11816,"Licensee":"ALLTEL Corporation","Callsign":"KNKN602","LocNum":5,"LatDeg":29,"LatMin":54,"LatSec":46.600000000000001,"LatDir":"N","LonDeg":83,"LonMin":26,"LonSec":39,"LonDir":"W","LocAdd":"ON JUDY MORGAN RD., 0.6 MILES W OF I/S HWY 19 & ALT 27","LocCity":"PERRY","LocCounty":"TAYLOR","LocState":"FL","Nepa":"N","QZone":"0        NaN\n1        NaN\n2        NaN\n3        NaN\n4        NaN\n        ... \n24924    NaN\n24925    NaN\n24926    NaN\n24927    NaN\n24928    NaN\nName: 36, Length: 24929, dtype: object","TowReg":1026893,"SupStruc":97.5,"AllStruc":100.90000000000001,"StrucType":"TOWER","LicStatus":"A","latdec":29.912944444400001,"londec":-83.444166666699999,"url":"http://wireless2.fcc.gov/UlsApp/UlsSearch/licenseLocSum.jsp?licKey=11816"}},{"type":"Feature","id":82,"geometry":{"type":"Point","coordinates":[-83.915833332795444,30.139694445027715]},"properties":{"FID":82,"OBJECTID":2244,"UniqSysID":11816,"Licensee":"ALLTEL Corporation","Callsign":"KNKN602","LocNum":6,"LatDeg":30,"LatMin":8,"LatSec":22.899999999999999,"LatDir":"N","LonDeg":83,"LonMin":54,"LonSec":57,"LonDir":"W","LocAdd":"U.S. ROUTE 98, APPROXIMATELY 3 MILES E OF AUCILLA RIVER (Nutall Rise)","LocCity":"Nutall Rise","LocCounty":"TAYLOR","LocState":"FL","Nepa":"N","QZone":"0        NaN\n1        NaN\n2        NaN\n3        NaN\n4        NaN\n        ... \n24924    NaN\n24925    NaN\n24926    NaN\n24927    NaN\n24928    NaN\nName: 36, Length: 24929, dtype: object","TowReg":1030463,"SupStruc":137.40000000000001,"AllStruc":140.80000000000001,"StrucType":"TOWER","LicStatus":"A","latdec":30.1396944444,"londec":-83.9158333333,"url":"http://wireless2.fcc.gov/UlsApp/UlsSearch/licenseLocSum.jsp?licKey=11816"}},{"type":"Feature","id":83,"geometry":{"type":"Point","coordinates":[-83.555416666189274,30.42166666673927]},"properties":{"FID":83,"OBJECTID":2245,"UniqSysID":11816,"Licensee":"ALLTEL Corporation","Callsign":"KNKN602","LocNum":7,"LatDeg":30,"LatMin":25,"LatSec":18,"LatDir":"N","LonDeg":83,"LonMin":33,"LonSec":19.5,"LonDir":"W","LocAdd":"HWY 221 & I-10","LocCity":"Greenville","LocCounty":"MADISON","LocState":"FL","Nepa":"N","QZone":"0        NaN\n1        NaN\n2        NaN\n3        NaN\n4        NaN\n        ... \n24924    NaN\n24925    NaN\n24926    NaN\n24927    NaN\n24928    NaN\nName: 36, Length: 24929, dtype: object","TowReg":1026898,"SupStruc":121.90000000000001,"AllStruc":128,"StrucType":"TOWER","LicStatus":"A","latdec":30.421666666699998,"londec":-83.555416666699998,"url":"http://wireless2.fcc.gov/UlsApp/UlsSearch/licenseLocSum.jsp?licKey=11816"}},{"type":"Feature","id":84,"geometry":{"type":"Point","coordinates":[-83.868055554958801,30.546750000372128]},"properties":{"FID":84,"OBJECTID":2246,"UniqSysID":11816,"Licensee":"ALLTEL Corporation","Callsign":"KNKN602","LocNum":10,"LatDeg":30,"LatMin":32,"LatSec":48.299999999999997,"LatDir":"N","LonDeg":83,"LonMin":52,"LonSec":5,"LonDir":"W","LocAdd":"310 Waukeenah Street (088453 / Monticello)","LocCity":"MONTICELLO","LocCounty":"JEFFERSON","LocState":"FL","Nepa":"N","QZone":"0        NaN\n1        NaN\n2        NaN\n3        NaN\n4        NaN\n        ... \n24924    NaN\n24925    NaN\n24926    NaN\n24927    NaN\n24928    NaN\nName: 36, Length: 24929, dtype: object","TowReg":1027960,"SupStruc":82.299999999999997,"AllStruc":89.599999999999994,"StrucType":"TOWER","LicStatus":"A","latdec":30.546749999999999,"londec":-83.868055555599994,"url":"http://wireless2.fcc.gov/UlsApp/UlsSearch/licenseLocSum.jsp?licKey=11816"}},{"type":"Feature","id":85,"geometry":{"type":"Point","coordinates":[-83.218333333948067,30.3611111112549]},"properties":{"FID":85,"OBJECTID":2247,"UniqSysID":11816,"Licensee":"ALLTEL Corporation","Callsign":"KNKN602","LocNum":11,"LatDeg":30,"LatMin":21,"LatSec":40,"LatDir":"N","LonDeg":83,"LonMin":13,"LonSec":6,"LonDir":"W","LocAdd":"CR 423 (River Rd.) & I-10 (002626 / Ellaville)","LocCity":"MADISON","LocCounty":"MADISON","LocState":"FL","Nepa":"N","QZone":"0        NaN\n1        NaN\n2        NaN\n3        NaN\n4        NaN\n        ... \n24924    NaN\n24925    NaN\n24926    NaN\n24927    NaN\n24928    NaN\nName: 36, Length: 24929, dtype: object","TowReg":1044477,"SupStruc":100.59999999999999,"AllStruc":104.2,"StrucType":"TOWER","LicStatus":"A","latdec":30.361111111100001,"londec":-83.218333333299995,"url":"http://wireless2.fcc.gov/UlsApp/UlsSearch/licenseLocSum.jsp?licKey=11816"}},{"type":"Feature","id":86,"geometry":{"type":"Point","coordinates":[-83.582388888920491,29.84027777796382]},"properties":{"FID":86,"OBJECTID":2248,"UniqSysID":11816,"Licensee":"ALLTEL Corporation","Callsign":"KNKN602","LocNum":12,"LatDeg":29,"LatMin":50,"LatSec":25,"LatDir":"N","LonDeg":83,"LonMin":34,"LonSec":56.600000000000001,"LonDir":"W","LocAdd":"(Dekle Beach) 490 Glenda Lane off of CR 361 near City","LocCity":"Perry","LocCounty":"TAYLOR","LocState":"FL","Nepa":"N","QZone":"0        NaN\n1        NaN\n2        NaN\n3        NaN\n4        NaN\n        ... \n24924    NaN\n24925    NaN\n24926    NaN\n24927    NaN\n24928    NaN\nName: 36, Length: 24929, dtype: object","TowReg":1220093,"SupStruc":76.200000000000003,"AllStruc":79.200000000000003,"StrucType":"TOWER","LicStatus":"A","latdec":29.840277777800001,"londec":-83.582388888899999,"url":"http://wireless2.fcc.gov/UlsApp/UlsSearch/licenseLocSum.jsp?licKey=11816"}},{"type":"Feature","id":87,"geometry":{"type":"Point","coordinates":[-83.444527777711357,30.102722222302589]},"properties":{"FID":87,"OBJECTID":2249,"UniqSysID":11816,"Licensee":"ALLTEL Corporation","Callsign":"KNKN602","LocNum":13,"LatDeg":30,"LatMin":6,"LatSec":9.8000000000000007,"LatDir":"N","LonDeg":83,"LonMin":26,"LonSec":40.299999999999997,"LonDir":"W","LocAdd":"Fenholloway Site US Highway 27 (002693 / Foley)","LocCity":"PERRY","LocCounty":"TAYLOR","LocState":"FL","Nepa":"N","QZone":"0        NaN\n1        NaN\n2        NaN\n3        NaN\n4        NaN\n        ... \n24924    NaN\n24925    NaN\n24926    NaN\n24927    NaN\n24928    NaN\nName: 36, Length: 24929, dtype: object","TowReg":1056688,"SupStruc":91.400000000000006,"AllStruc":93.299999999999997,"StrucType":"TOWER","LicStatus":"A","latdec":30.102722222200001,"londec":-83.444527777800005,"url":"http://wireless2.fcc.gov/UlsApp/UlsSearch/licenseLocSum.jsp?licKey=11816"}},{"type":"Feature","id":88,"geometry":{"type":"Point","coordinates":[-83.669305555813651,30.084527778119138]},"properties":{"FID":88,"OBJECTID":2250,"UniqSysID":11816,"Licensee":"ALLTEL Corporation","Callsign":"KNKN602","LocNum":14,"LatDeg":30,"LatMin":5,"LatSec":4.2999999999999998,"LatDir":"N","LonDeg":83,"LonMin":40,"LonSec":9.5,"LonDir":"W","LocAdd":"5820 West US 98","LocCity":"HAMPTON SPRINGS","LocCounty":"TAYLOR","LocState":"FL","Nepa":"N","QZone":"0        NaN\n1        NaN\n2        NaN\n3        NaN\n4        NaN\n        ... \n24924    NaN\n24925    NaN\n24926    NaN\n24927    NaN\n24928    NaN\nName: 36, Length: 24929, dtype: object","TowReg":1216628,"SupStruc":91.400000000000006,"AllStruc":92.700000000000003,"StrucType":"TOWER","LicStatus":"A","latdec":30.084527777800002,"londec":-83.669305555600005,"url":"http://wireless2.fcc.gov/UlsApp/UlsSearch/licenseLocSum.jsp?licKey=11816"}},{"type":"Feature","id":89,"geometry":{"type":"Point","coordinates":[-81.312833333108813,29.511527778151162]},"properties":{"FID":89,"OBJECTID":2317,"UniqSysID":11824,"Licensee":"NEW CINGULAR WIRELESS PCS, LLC","Callsign":"KNKQ422","LocNum":1,"LatDeg":29,"LatMin":30,"LatSec":41.5,"LatDir":"N","LonDeg":81,"LonMin":18,"LonSec":46.200000000000003,"LonDir":"W","LocAdd":"3421 N. Old Dixie Highway (6569)","LocCity":"BUNNELL","LocCounty":"FLAGLER","LocState":"FL","Nepa":"N","QZone":"0        NaN\n1        NaN\n2        NaN\n3        NaN\n4        NaN\n        ... \n24924    NaN\n24925    NaN\n24926    NaN\n24927    NaN\n24928    NaN\nName: 36, Length: 24929, dtype: object","TowReg":1206408,"SupStruc":92.700000000000003,"AllStruc":95.099999999999994,"StrucType":"LTOWER","LicStatus":"A","latdec":29.511527777800001,"londec":-81.312833333300006,"url":"http://wireless2.fcc.gov/UlsApp/UlsSearch/licenseLocSum.jsp?licKey=11824"}},{"type":"Feature","id":90,"geometry":{"type":"Point","coordinates":[-81.143222222193288,29.46780555503716]},"properties":{"FID":90,"OBJECTID":2318,"UniqSysID":11824,"Licensee":"NEW CINGULAR WIRELESS PCS, LLC","Callsign":"KNKQ422","LocNum":2,"LatDeg":29,"LatMin":28,"LatSec":4.0999999999999996,"LatDir":"N","LonDeg":81,"LonMin":8,"LonSec":35.600000000000001,"LonDir":"W","LocAdd":"718 John Anderson Parkway  (6571)","LocCity":"FLAGLER BEACH","LocCounty":"FLAGLER","LocState":"FL","Nepa":"N","QZone":"0        NaN\n1        NaN\n2        NaN\n3        NaN\n4        NaN\n        ... \n24924    NaN\n24925    NaN\n24926    NaN\n24927    NaN\n24928    NaN\nName: 36, Length: 24929, dtype: object","TowReg":1032476,"SupStruc":76.200000000000003,"AllStruc":83.200000000000003,"StrucType":"LTOWER","LicStatus":"A","latdec":29.467805555599998,"londec":-81.143222222199995,"url":"http://wireless2.fcc.gov/UlsApp/UlsSearch/licenseLocSum.jsp?licKey=11824"}},{"type":"Feature","id":91,"geometry":{"type":"Point","coordinates":[-81.309666665731072,29.344472223075854]},"properties":{"FID":91,"OBJECTID":2319,"UniqSysID":11824,"Licensee":"NEW CINGULAR WIRELESS PCS, LLC","Callsign":"KNKQ422","LocNum":6,"LatDeg":29,"LatMin":20,"LatSec":40.100000000000001,"LatDir":"N","LonDeg":81,"LonMin":18,"LonSec":34.799999999999997,"LonDir":"W","LocAdd":"7830 CR 304 (71416)","LocCity":"BUNNELL","LocCounty":"FLAGLER","LocState":"FL","Nepa":"N","QZone":"0        NaN\n1        NaN\n2        NaN\n3        NaN\n4        NaN\n        ... \n24924    NaN\n24925    NaN\n24926    NaN\n24927    NaN\n24928    NaN\nName: 36, Length: 24929, dtype: object","TowReg":1219732,"SupStruc":78.900000000000006,"AllStruc":80.5,"StrucType":"LTOWER","LicStatus":"A","latdec":29.3444722222,"londec":-81.309666666699997,"url":"http://wireless2.fcc.gov/UlsApp/UlsSearch/licenseLocSum.jsp?licKey=11824"}},{"type":"Feature","id":92,"geometry":{"type":"Point","coordinates":[-81.245694445329718,29.602472222235633]},"properties":{"FID":92,"OBJECTID":2320,"UniqSysID":11824,"Licensee":"NEW CINGULAR WIRELESS PCS, LLC","Callsign":"KNKQ422","LocNum":7,"LatDeg":29,"LatMin":36,"LatSec":8.9000000000000004,"LatDir":"N","LonDeg":81,"LonMin":14,"LonSec":44.5,"LonDir":"W","LocAdd":"2455 NORTH OLD KINGS ROAD (93895)","LocCity":"PALM COAST","LocCounty":"FLAGLER","LocState":"FL","Nepa":"N","QZone":"0        NaN\n1        NaN\n2        NaN\n3        NaN\n4        NaN\n        ... \n24924    NaN\n24925    NaN\n24926    NaN\n24927    NaN\n24928    NaN\nName: 36, Length: 24929, dtype: object","TowReg":1040928,"SupStruc":100.59999999999999,"AllStruc":101.5,"StrucType":"GTOWER","LicStatus":"A","latdec":29.602472222199999,"londec":-81.245694444400002,"url":"http://wireless2.fcc.gov/UlsApp/UlsSearch/licenseLocSum.jsp?licKey=11824"}},{"type":"Feature","id":93,"geometry":{"type":"Point","coordinates":[-81.18852777797747,29.605750000296723]},"properties":{"FID":93,"OBJECTID":2321,"UniqSysID":11824,"Licensee":"NEW CINGULAR WIRELESS PCS, LLC","Callsign":"KNKQ422","LocNum":4,"LatDeg":29,"LatMin":36,"LatSec":20.699999999999999,"LatDir":"N","LonDeg":81,"LonMin":11,"LonSec":18.699999999999999,"LonDir":"W","LocAdd":"200 CRESECENT BEACH DRIVE (87018)","LocCity":"PALM COAST","LocCounty":"FLAGLER","LocState":"FL","Nepa":"N","QZone":"0        NaN\n1        NaN\n2        NaN\n3        NaN\n4        NaN\n        ... \n24924    NaN\n24925    NaN\n24926    NaN\n24927    NaN\n24928    NaN\nName: 36, Length: 24929, dtype: object","TowReg":0,"SupStruc":55.799999999999997,"AllStruc":55.799999999999997,"StrucType":"B","LicStatus":"A","latdec":29.60575,"londec":-81.188527777800005,"url":"http://wireless2.fcc.gov/UlsApp/UlsSearch/licenseLocSum.jsp?licKey=11824"}},{"type":"Feature","id":94,"geometry":{"type":"Point","coordinates":[-81.15363888859855,29.419083332787181]},"properties":{"FID":94,"OBJECTID":2322,"UniqSysID":11824,"Licensee":"NEW CINGULAR WIRELESS PCS, LLC","Callsign":"KNKQ422","LocNum":5,"LatDeg":29,"LatMin":25,"LatSec":8.6999999999999993,"LatDir":"N","LonDeg":81,"LonMin":9,"LonSec":13.1,"LonDir":"W","LocAdd":"26 Eagle Lake Drive (71415)","LocCity":"FLAGLER BEACH","LocCounty":"FLAGLER","LocState":"FL","Nepa":"N","QZone":"0        NaN\n1        NaN\n2        NaN\n3        NaN\n4        NaN\n        ... \n24924    NaN\n24925    NaN\n24926    NaN\n24927    NaN\n24928    NaN\nName: 36, Length: 24929, dtype: object","TowReg":0,"SupStruc":52.100000000000001,"AllStruc":54,"StrucType":"GTOWER","LicStatus":"A","latdec":29.419083333300001,"londec":-81.153638888900005,"url":"http://wireless2.fcc.gov/UlsApp/UlsSearch/licenseLocSum.jsp?licKey=11824"}},{"type":"Feature","id":95,"geometry":{"type":"Point","coordinates":[-81.436666667251473,26.555277778090669]},"properties":{"FID":95,"OBJECTID":3855,"UniqSysID":11989,"Licensee":"ALLTEL Corporation","Callsign":"KNKN767","LocNum":2,"LatDeg":26,"LatMin":33,"LatSec":19,"LatDir":"N","LonDeg":81,"LonMin":26,"LonSec":12,"LonDir":"W","LocAdd":"781 N. SR 29","LocCity":"FELDA","LocCounty":"HENDRY","LocState":"FL","Nepa":"N","QZone":"0        NaN\n1        NaN\n2        NaN\n3        NaN\n4        NaN\n        ... \n24924    NaN\n24925    NaN\n24926    NaN\n24927    NaN\n24928    NaN\nName: 36, Length: 24929, dtype: object","TowReg":1020922,"SupStruc":91.099999999999994,"AllStruc":91.099999999999994,"StrucType":"POLE","LicStatus":"A","latdec":26.555277777800001,"londec":-81.436666666700006,"url":"http://wireless2.fcc.gov/UlsApp/UlsSearch/licenseLocSum.jsp?licKey=11989"}},{"type":"Feature","id":96,"geometry":{"type":"Point","coordinates":[-81.3636944452075,25.910111111693254]},"properties":{"FID":96,"OBJECTID":3856,"UniqSysID":11989,"Licensee":"ALLTEL Corporation","Callsign":"KNKN767","LocNum":6,"LatDeg":25,"LatMin":54,"LatSec":36.399999999999999,"LatDir":"N","LonDeg":81,"LonMin":21,"LonSec":49.299999999999997,"LonDir":"W","LocAdd":"(Everglades City) 32020 EAST TAMIAMI TRAIL","LocCity":"CARNESTOWN","LocCounty":"COLLIER","LocState":"FL","Nepa":"N","QZone":"0        NaN\n1        NaN\n2        NaN\n3        NaN\n4        NaN\n        ... \n24924    NaN\n24925    NaN\n24926    NaN\n24927    NaN\n24928    NaN\nName: 36, Length: 24929, dtype: object","TowReg":1020923,"SupStruc":85.299999999999997,"AllStruc":91.099999999999994,"StrucType":"LTOWER","LicStatus":"A","latdec":25.910111111100001,"londec":-81.363694444399997,"url":"http://wireless2.fcc.gov/UlsApp/UlsSearch/licenseLocSum.jsp?licKey=11989"}},{"type":"Feature","id":97,"geometry":{"type":"Point","coordinates":[-81.436527777827166,26.774916667028549]},"properties":{"FID":97,"OBJECTID":3857,"UniqSysID":11989,"Licensee":"ALLTEL Corporation","Callsign":"KNKN767","LocNum":7,"LatDeg":26,"LatMin":46,"LatSec":29.699999999999999,"LatDir":"N","LonDeg":81,"LonMin":26,"LonSec":11.5,"LonDir":"W","LocAdd":"900 ST RT 29","LocCity":"LA BELLE","LocCounty":"HENDRY","LocState":"FL","Nepa":"N","QZone":"0        NaN\n1        NaN\n2        NaN\n3        NaN\n4        NaN\n        ... \n24924    NaN\n24925    NaN\n24926    NaN\n24927    NaN\n24928    NaN\nName: 36, Length: 24929, dtype: object","TowReg":1020920,"SupStruc":57.299999999999997,"AllStruc":57.299999999999997,"StrucType":"TOWER","LicStatus":"A","latdec":26.774916666700001,"londec":-81.436527777799995,"url":"http://wireless2.fcc.gov/UlsApp/UlsSearch/licenseLocSum.jsp?licKey=11989"}},{"type":"Feature","id":98,"geometry":{"type":"Point","coordinates":[-81.11555555503503,25.866111110787187]},"properties":{"FID":98,"OBJECTID":3858,"UniqSysID":11989,"Licensee":"ALLTEL Corporation","Callsign":"KNKN767","LocNum":8,"LatDeg":25,"LatMin":51,"LatSec":58,"LatDir":"N","LonDeg":81,"LonMin":6,"LonSec":56,"LonDir":"W","LocAdd":"N SIDE OF US 41 .8 MI W","LocCity":"Monroe Station","LocCounty":"COLLIER","LocState":"FL","Nepa":"N","QZone":"0        NaN\n1        NaN\n2        NaN\n3        NaN\n4        NaN\n        ... \n24924    NaN\n24925    NaN\n24926    NaN\n24927    NaN\n24928    NaN\nName: 36, Length: 24929, dtype: object","TowReg":0,"SupStruc":60.600000000000001,"AllStruc":60.600000000000001,"StrucType":"TOWER","LicStatus":"A","latdec":25.8661111111,"londec":-81.115555555599997,"url":"http://wireless2.fcc.gov/UlsApp/UlsSearch/licenseLocSum.jsp?licKey=11989"}},{"type":"Feature","id":99,"geometry":{"type":"Point","coordinates":[-81.124722222010746,26.430555555785645]},"properties":{"FID":99,"OBJECTID":3859,"UniqSysID":11989,"Licensee":"ALLTEL Corporation","Callsign":"KNKN767","LocNum":9,"LatDeg":26,"LatMin":25,"LatSec":50,"LatDir":"N","LonDeg":81,"LonMin":7,"LonSec":29,"LonDir":"W","LocAdd":"26240 CR 846","LocCity":"CLEWISTON","LocCounty":"HENDRY","LocState":"FL","Nepa":"N","QZone":"0        NaN\n1        NaN\n2        NaN\n3        NaN\n4        NaN\n        ... \n24924    NaN\n24925    NaN\n24926    NaN\n24927    NaN\n24928    NaN\nName: 36, Length: 24929, dtype: object","TowReg":1017485,"SupStruc":87.700000000000003,"AllStruc":91.099999999999994,"StrucType":"TOWER","LicStatus":"A","latdec":26.430555555600002,"londec":-81.124722222200006,"url":"http://wireless2.fcc.gov/UlsApp/UlsSearch/licenseLocSum.jsp?licKey=11989"}},{"type":"Feature","id":100,"geometry":{"type":"Point","coordinates":[-81.349805555768796,26.133694444098467]},"properties":{"FID":100,"OBJECTID":3860,"UniqSysID":11989,"Licensee":"ALLTEL Corporation","Callsign":"KNKN767","LocNum":10,"LatDeg":26,"LatMin":8,"LatSec":1.3,"LatDir":"N","LonDeg":81,"LonMin":20,"LonSec":59.299999999999997,"LonDir":"W","LocAdd":"5175 CR 29","LocCity":"Immokalee","LocCounty":"COLLIER","LocState":"FL","Nepa":"N","QZone":"0        NaN\n1        NaN\n2        NaN\n3        NaN\n4        NaN\n        ... \n24924    NaN\n24925    NaN\n24926    NaN\n24927    NaN\n24928    NaN\nName: 36, Length: 24929, dtype: object","TowReg":1020925,"SupStruc":86.900000000000006,"AllStruc":91.400000000000006,"StrucType":"TOWER","LicStatus":"A","latdec":26.1336944444,"londec":-81.3498055556,"url":"http://wireless2.fcc.gov/UlsApp/UlsSearch/licenseLocSum.jsp?licKey=11989"}},{"type":"Feature","id":101,"geometry":{"type":"Point","coordinates":[-80.957833333392728,26.267583332623133]},"properties":{"FID":101,"OBJECTID":3861,"UniqSysID":11989,"Licensee":"ALLTEL Corporation","Callsign":"KNKN767","LocNum":15,"LatDeg":26,"LatMin":16,"LatSec":3.2999999999999998,"LatDir":"N","LonDeg":80,"LonMin":57,"LonSec":28.199999999999999,"LonDir":"W","LocAdd":"Seminole Tribe's Cypress Indian Reservation","LocCity":"IMMOKALEE","LocCounty":"HENDRY","LocState":"FL","Nepa":"N","QZone":"0        NaN\n1        NaN\n2        NaN\n3        NaN\n4        NaN\n        ... \n24924    NaN\n24925    NaN\n24926    NaN\n24927    NaN\n24928    NaN\nName: 36, Length: 24929, dtype: object","TowReg":1020924,"SupStruc":56.399999999999999,"AllStruc":59.700000000000003,"StrucType":"TOWER","LicStatus":"A","latdec":26.267583333299999,"londec":-80.957833333300002,"url":"http://wireless2.fcc.gov/UlsApp/UlsSearch/licenseLocSum.jsp?licKey=11989"}},{"type":"Feature","id":102,"geometry":{"type":"Point","coordinates":[-81.574722222397213,26.183055555709075]},"properties":{"FID":102,"OBJECTID":3862,"UniqSysID":11989,"Licensee":"ALLTEL Corporation","Callsign":"KNKN767","LocNum":16,"LatDeg":26,"LatMin":10,"LatSec":59,"LatDir":"N","LonDeg":81,"LonMin":34,"LonSec":29,"LonDir":"W","LocAdd":"(Alpine Broadcasting Site) 1753 BENTON ROAD","LocCity":"NAPLES","LocCounty":"COLLIER","LocState":"FL","Nepa":"N","QZone":"0        NaN\n1        NaN\n2        NaN\n3        NaN\n4        NaN\n        ... \n24924    NaN\n24925    NaN\n24926    NaN\n24927    NaN\n24928    NaN\nName: 36, Length: 24929, dtype: object","TowReg":1020484,"SupStruc":310.19999999999999,"AllStruc":311.5,"StrucType":"TOWER","LicStatus":"A","latdec":26.183055555599999,"londec":-81.574722222199995,"url":"http://wireless2.fcc.gov/UlsApp/UlsSearch/licenseLocSum.jsp?licKey=11989"}},{"type":"Feature","id":103,"geometry":{"type":"Point","coordinates":[-81.717861111072068,26.085916666025582]},"properties":{"FID":103,"OBJECTID":3863,"UniqSysID":11989,"Licensee":"ALLTEL Corporation","Callsign":"KNKN767","LocNum":21,"LatDeg":26,"LatMin":5,"LatSec":9.3000000000000007,"LatDir":"N","LonDeg":81,"LonMin":43,"LonSec":4.2999999999999998,"LonDir":"W","LocAdd":"One Lely High School Blvd.","LocCity":"NAPLES","LocCounty":"COLLIER","LocState":"FL","Nepa":"N","QZone":"0        NaN\n1        NaN\n2        NaN\n3        NaN\n4        NaN\n        ... \n24924    NaN\n24925    NaN\n24926    NaN\n24927    NaN\n24928    NaN\nName: 36, Length: 24929, dtype: object","TowReg":0,"SupStruc":56.399999999999999,"AllStruc":60.399999999999999,"StrucType":"TOWER","LicStatus":"A","latdec":26.085916666700001,"londec":-81.717861111100007,"url":"http://wireless2.fcc.gov/UlsApp/UlsSearch/licenseLocSum.jsp?licKey=11989"}},{"type":"Feature","id":104,"geometry":{"type":"Point","coordinates":[-81.733388888711772,25.937583333057717]},"properties":{"FID":104,"OBJECTID":3864,"UniqSysID":11989,"Licensee":"ALLTEL Corporation","Callsign":"KNKN767","LocNum":23,"LatDeg":25,"LatMin":56,"LatSec":15.300000000000001,"LatDir":"N","LonDeg":81,"LonMin":44,"LonSec":0.20000000000000001,"LonDir":"W","LocAdd":"(Gulf View Club) 58 N. Collier Blvd","LocCity":"Marco Island","LocCounty":"COLLIER","LocState":"FL","Nepa":"N","QZone":"0        NaN\n1        NaN\n2        NaN\n3        NaN\n4        NaN\n        ... \n24924    NaN\n24925    NaN\n24926    NaN\n24927    NaN\n24928    NaN\nName: 36, Length: 24929, dtype: object","TowReg":0,"SupStruc":68.599999999999994,"AllStruc":68.599999999999994,"StrucType":"B","LicStatus":"A","latdec":25.937583333300001,"londec":-81.733388888899995,"url":"http://wireless2.fcc.gov/UlsApp/UlsSearch/licenseLocSum.jsp?licKey=11989"}},{"type":"Feature","id":105,"geometry":{"type":"Point","coordinates":[-81.782388889171045,26.215166667243125]},"properties":{"FID":105,"OBJECTID":3865,"UniqSysID":11989,"Licensee":"ALLTEL Corporation","Callsign":"KNKN767","LocNum":24,"LatDeg":26,"LatMin":12,"LatSec":54.600000000000001,"LatDir":"N","LonDeg":81,"LonMin":46,"LonSec":56.600000000000001,"LonDir":"W","LocAdd":"(Shirley Tower) 5651 SHIRLEY ST","LocCity":"NAPLES","LocCounty":"COLLIER","LocState":"FL","Nepa":"N","QZone":"0        NaN\n1        NaN\n2        NaN\n3        NaN\n4        NaN\n        ... \n24924    NaN\n24925    NaN\n24926    NaN\n24927    NaN\n24928    NaN\nName: 36, Length: 24929, dtype: object","TowReg":1025232,"SupStruc":86,"AllStruc":90.200000000000003,"StrucType":"TOWER","LicStatus":"A","latdec":26.2151666667,"londec":-81.782388888900002,"url":"http://wireless2.fcc.gov/UlsApp/UlsSearch/licenseLocSum.jsp?licKey=11989"}},{"type":"Feature","id":106,"geometry":{"type":"Point","coordinates":[-81.725722222309344,26.272166666832049]},"properties":{"FID":106,"OBJECTID":3866,"UniqSysID":11989,"Licensee":"ALLTEL Corporation","Callsign":"KNKN767","LocNum":25,"LatDeg":26,"LatMin":16,"LatSec":19.800000000000001,"LatDir":"N","LonDeg":81,"LonMin":43,"LonSec":32.600000000000001,"LonDir":"W","LocAdd":"(North Naples Fire Station) 7010 Immokalee Rd","LocCity":"Naples","LocCounty":"COLLIER","LocState":"FL","Nepa":"N","QZone":"0        NaN\n1        NaN\n2        NaN\n3        NaN\n4        NaN\n        ... \n24924    NaN\n24925    NaN\n24926    NaN\n24927    NaN\n24928    NaN\nName: 36, Length: 24929, dtype: object","TowReg":0,"SupStruc":57.600000000000001,"AllStruc":57.600000000000001,"StrucType":"POLE","LicStatus":"A","latdec":26.272166666699999,"londec":-81.725722222200005,"url":"http://wireless2.fcc.gov/UlsApp/UlsSearch/licenseLocSum.jsp?licKey=11989"}},{"type":"Feature","id":107,"geometry":{"type":"Point","coordinates":[-81.698638888757216,25.995694444827393]},"properties":{"FID":107,"OBJECTID":3867,"UniqSysID":11989,"Licensee":"ALLTEL Corporation","Callsign":"KNKN767","LocNum":26,"LatDeg":25,"LatMin":59,"LatSec":44.5,"LatDir":"N","LonDeg":81,"LonMin":41,"LonSec":55.100000000000001,"LonDir":"W","LocAdd":"(Serano @ Hammock Bay) 1065 Borghese Lane","LocCity":"Naples","LocCounty":"COLLIER","LocState":"FL","Nepa":"N","QZone":"0        NaN\n1        NaN\n2        NaN\n3        NaN\n4        NaN\n        ... \n24924    NaN\n24925    NaN\n24926    NaN\n24927    NaN\n24928    NaN\nName: 36, Length: 24929, dtype: object","TowReg":0,"SupStruc":68.900000000000006,"AllStruc":71.599999999999994,"StrucType":"BANT","LicStatus":"A","latdec":25.995694444400002,"londec":-81.698638888900007,"url":"http://wireless2.fcc.gov/UlsApp/UlsSearch/licenseLocSum.jsp?licKey=11989"}},{"type":"Feature","id":108,"geometry":{"type":"Point","coordinates":[-81.77616666613477,26.137138889167716]},"properties":{"FID":108,"OBJECTID":3868,"UniqSysID":11989,"Licensee":"ALLTEL Corporation","Callsign":"KNKN767","LocNum":27,"LatDeg":26,"LatMin":8,"LatSec":13.699999999999999,"LatDir":"N","LonDeg":81,"LonMin":46,"LonSec":34.200000000000003,"LonDir":"W","LocAdd":"(Kirkwood site) 2370 KIRKWOOD AVE","LocCity":"NAPLES","LocCounty":"COLLIER","LocState":"FL","Nepa":"N","QZone":"0        NaN\n1        NaN\n2        NaN\n3        NaN\n4        NaN\n        ... \n24924    NaN\n24925    NaN\n24926    NaN\n24927    NaN\n24928    NaN\nName: 36, Length: 24929, dtype: object","TowReg":1025231,"SupStruc":54.899999999999999,"AllStruc":57,"StrucType":"TOWER","LicStatus":"A","latdec":26.137138888900001,"londec":-81.776166666699993,"url":"http://wireless2.fcc.gov/UlsApp/UlsSearch/licenseLocSum.jsp?licKey=11989"}},{"type":"Feature","id":109,"geometry":{"type":"Point","coordinates":[-81.790777777705728,26.172361111056716]},"properties":{"FID":109,"OBJECTID":3869,"UniqSysID":11989,"Licensee":"ALLTEL Corporation","Callsign":"KNKN767","LocNum":28,"LatDeg":26,"LatMin":10,"LatSec":20.5,"LatDir":"N","LonDeg":81,"LonMin":47,"LonSec":26.800000000000001,"LonDir":"W","LocAdd":"(Parkway Center site) 2150 Goodlette Rd","LocCity":"Naples","LocCounty":"COLLIER","LocState":"FL","Nepa":"N","QZone":"0        NaN\n1        NaN\n2        NaN\n3        NaN\n4        NaN\n        ... \n24924    NaN\n24925    NaN\n24926    NaN\n24927    NaN\n24928    NaN\nName: 36, Length: 24929, dtype: object","TowReg":0,"SupStruc":37.799999999999997,"AllStruc":39.899999999999999,"StrucType":"BANT","LicStatus":"A","latdec":26.172361111099999,"londec":-81.790777777800002,"url":"http://wireless2.fcc.gov/UlsApp/UlsSearch/licenseLocSum.jsp?licKey=11989"}},{"type":"Feature","id":110,"geometry":{"type":"Point","coordinates":[-81.721166666975932,25.948305555174272]},"properties":{"FID":110,"OBJECTID":3870,"UniqSysID":11989,"Licensee":"ALLTEL Corporation","Callsign":"KNKN767","LocNum":29,"LatDeg":25,"LatMin":56,"LatSec":53.899999999999999,"LatDir":"N","LonDeg":81,"LonMin":43,"LonSec":16.199999999999999,"LonDir":"W","LocAdd":"(Marco Relo site)401 BALD EAGLE DR","LocCity":"MARCO ISLAND","LocCounty":"COLLIER","LocState":"FL","Nepa":"N","QZone":"0        NaN\n1        NaN\n2        NaN\n3        NaN\n4        NaN\n        ... \n24924    NaN\n24925    NaN\n24926    NaN\n24927    NaN\n24928    NaN\nName: 36, Length: 24929, dtype: object","TowReg":1047631,"SupStruc":47.200000000000003,"AllStruc":47.200000000000003,"StrucType":"TOWER","LicStatus":"A","latdec":25.948305555600001,"londec":-81.7211666667,"url":"http://wireless2.fcc.gov/UlsApp/UlsSearch/licenseLocSum.jsp?licKey=11989"}},{"type":"Feature","id":111,"geometry":{"type":"Point","coordinates":[-81.700916666873127,26.053138888720071]},"properties":{"FID":111,"OBJECTID":3871,"UniqSysID":11989,"Licensee":"ALLTEL Corporation","Callsign":"KNKN767","LocNum":30,"LatDeg":26,"LatMin":3,"LatSec":11.300000000000001,"LatDir":"N","LonDeg":81,"LonMin":42,"LonSec":3.2999999999999998,"LonDir":"W","LocAdd":"(Media One Rookery site)301 TOWER RD","LocCity":"NAPLES","LocCounty":"COLLIER","LocState":"FL","Nepa":"N","QZone":"0        NaN\n1        NaN\n2        NaN\n3        NaN\n4        NaN\n        ... \n24924    NaN\n24925    NaN\n24926    NaN\n24927    NaN\n24928    NaN\nName: 36, Length: 24929, dtype: object","TowReg":1031633,"SupStruc":77.099999999999994,"AllStruc":77.099999999999994,"StrucType":"TOWER","LicStatus":"A","latdec":26.053138888900001,"londec":-81.700916666699996,"url":"http://wireless2.fcc.gov/UlsApp/UlsSearch/licenseLocSum.jsp?licKey=11989"}},{"type":"Feature","id":112,"geometry":{"type":"Point","coordinates":[-81.506611111342295,25.97222222204914]},"properties":{"FID":112,"OBJECTID":3872,"UniqSysID":11989,"Licensee":"ALLTEL Corporation","Callsign":"KNKN767","LocNum":31,"LatDeg":25,"LatMin":58,"LatSec":20,"LatDir":"N","LonDeg":81,"LonMin":30,"LonSec":23.800000000000001,"LonDir":"W","LocAdd":"(Remuda site) 12727 UNION RD","LocCity":"NAPLES","LocCounty":"COLLIER","LocState":"FL","Nepa":"N","QZone":"0        NaN\n1        NaN\n2        NaN\n3        NaN\n4        NaN\n        ... \n24924    NaN\n24925    NaN\n24926    NaN\n24927    NaN\n24928    NaN\nName: 36, Length: 24929, dtype: object","TowReg":1025233,"SupStruc":64,"AllStruc":67.700000000000003,"StrucType":"TOWER","LicStatus":"A","latdec":25.972222222199999,"londec":-81.5066111111,"url":"http://wireless2.fcc.gov/UlsApp/UlsSearch/licenseLocSum.jsp?licKey=11989"}},{"type":"Feature","id":113,"geometry":{"type":"Point","coordinates":[-81.797166666973339,26.142138888820796]},"properties":{"FID":113,"OBJECTID":3873,"UniqSysID":11989,"Licensee":"ALLTEL Corporation","Callsign":"KNKN767","LocNum":32,"LatDeg":26,"LatMin":8,"LatSec":31.699999999999999,"LatDir":"N","LonDeg":81,"LonMin":47,"LonSec":49.799999999999997,"LonDir":"W","LocAdd":"(Tamiami) 823 5TH AVE S","LocCity":"NAPLES","LocCounty":"COLLIER","LocState":"FL","Nepa":"N","QZone":"0        NaN\n1        NaN\n2        NaN\n3        NaN\n4        NaN\n        ... \n24924    NaN\n24925    NaN\n24926    NaN\n24927    NaN\n24928    NaN\nName: 36, Length: 24929, dtype: object","TowReg":1031758,"SupStruc":40.799999999999997,"AllStruc":40.799999999999997,"StrucType":"BANT","LicStatus":"A","latdec":26.1421388889,"londec":-81.797166666699994,"url":"http://wireless2.fcc.gov/UlsApp/UlsSearch/licenseLocSum.jsp?licKey=11989"}},{"type":"Feature","id":114,"geometry":{"type":"Point","coordinates":[-81.511388889215766,27.49613888789537]},"properties":{"FID":114,"OBJECTID":4556,"UniqSysID":12051,"Licensee":"NEW CINGULAR WIRELESS PCS, LLC","Callsign":"KNKQ386","LocNum":2,"LatDeg":27,"LatMin":29,"LatSec":46.100000000000001,"LatDir":"N","LonDeg":81,"LonMin":30,"LonSec":41,"LonDir":"W","LocAdd":"1193 CAMERO RD (6785)","LocCity":"Sebring","LocCounty":"HIGHLANDS","LocState":"FL","Nepa":"N","QZone":"0        NaN\n1        NaN\n2        NaN\n3        NaN\n4        NaN\n        ... \n24924    NaN\n24925    NaN\n24926    NaN\n24927    NaN\n24928    NaN\nName: 36, Length: 24929, dtype: object","TowReg":1022192,"SupStruc":85.599999999999994,"AllStruc":90.5,"StrucType":"LTOWER","LicStatus":"A","latdec":27.496138888899999,"londec":-81.511388888900001,"url":"http://wireless2.fcc.gov/UlsApp/UlsSearch/licenseLocSum.jsp?licKey=12051"}},{"type":"Feature","id":115,"geometry":{"type":"Point","coordinates":[-81.344638889123871,27.201444443965443]},"properties":{"FID":115,"OBJECTID":4557,"UniqSysID":12051,"Licensee":"NEW CINGULAR WIRELESS PCS, LLC","Callsign":"KNKQ386","LocNum":3,"LatDeg":27,"LatMin":12,"LatSec":5.2000000000000002,"LatDir":"N","LonDeg":81,"LonMin":20,"LonSec":40.700000000000003,"LonDir":"W","LocAdd":"2813 OLD SR 8 (6787)","LocCity":"VENUS","LocCounty":"HIGHLANDS","LocState":"FL","Nepa":"N","QZone":"0        NaN\n1        NaN\n2        NaN\n3        NaN\n4        NaN\n        ... \n24924    NaN\n24925    NaN\n24926    NaN\n24927    NaN\n24928    NaN\nName: 36, Length: 24929, dtype: object","TowReg":1022191,"SupStruc":92,"AllStruc":96.900000000000006,"StrucType":"LTOWER","LicStatus":"A","latdec":27.2014444444,"londec":-81.344638888899993,"url":"http://wireless2.fcc.gov/UlsApp/UlsSearch/licenseLocSum.jsp?licKey=12051"}},{"type":"Feature","id":116,"geometry":{"type":"Point","coordinates":[-80.794666666256944,27.246138889083113]},"properties":{"FID":116,"OBJECTID":4558,"UniqSysID":12051,"Licensee":"NEW CINGULAR WIRELESS PCS, LLC","Callsign":"KNKQ386","LocNum":7,"LatDeg":27,"LatMin":14,"LatSec":46.100000000000001,"LatDir":"N","LonDeg":80,"LonMin":47,"LonSec":40.799999999999997,"LonDir":"W","LocAdd":"265 Northeast 34th Avenue (71367)","LocCity":"OKEECHOBEE","LocCounty":"OKEECHOBEE","LocState":"FL","Nepa":"N","QZone":"0        NaN\n1        NaN\n2        NaN\n3        NaN\n4        NaN\n        ... \n24924    NaN\n24925    NaN\n24926    NaN\n24927    NaN\n24928    NaN\nName: 36, Length: 24929, dtype: object","TowReg":1030848,"SupStruc":91.700000000000003,"AllStruc":96.299999999999997,"StrucType":"LTOWER","LicStatus":"A","latdec":27.246138888899999,"londec":-80.794666666699996,"url":"http://wireless2.fcc.gov/UlsApp/UlsSearch/licenseLocSum.jsp?licKey=12051"}},{"type":"Feature","id":117,"geometry":{"type":"Point","coordinates":[-81.493333334113288,27.560555556266536]},"properties":{"FID":117,"OBJECTID":4559,"UniqSysID":12051,"Licensee":"NEW CINGULAR WIRELESS PCS, LLC","Callsign":"KNKQ386","LocNum":19,"LatDeg":27,"LatMin":33,"LatSec":38,"LatDir":"N","LonDeg":81,"LonMin":29,"LonSec":36,"LonDir":"W","LocAdd":"2465 LAKE DENTON ROAD (6783)","LocCity":"AVON PARK","LocCounty":"HIGHLANDS","LocState":"FL","Nepa":"N","QZone":"0        NaN\n1        NaN\n2        NaN\n3        NaN\n4        NaN\n        ... \n24924    NaN\n24925    NaN\n24926    NaN\n24927    NaN\n24928    NaN\nName: 36, Length: 24929, dtype: object","TowReg":1204823,"SupStruc":106.7,"AllStruc":111.2,"StrucType":"GTOWER","LicStatus":"A","latdec":27.560555555600001,"londec":-81.493333333300001,"url":"http://wireless2.fcc.gov/UlsApp/UlsSearch/licenseLocSum.jsp?licKey=12051"}},{"type":"Feature","id":118,"geometry":{"type":"Point","coordinates":[-80.841999999911764,27.375861110617677]},"properties":{"FID":118,"OBJECTID":4560,"UniqSysID":12051,"Licensee":"NEW CINGULAR WIRELESS PCS, LLC","Callsign":"KNKQ386","LocNum":8,"LatDeg":27,"LatMin":22,"LatSec":33.100000000000001,"LatDir":"N","LonDeg":80,"LonMin":50,"LonSec":31.199999999999999,"LonDir":"W","LocAdd":"1800 NW 144 Drive (71385)","LocCity":"OKEECHOBEE","LocCounty":"OKEECHOBEE","LocState":"FL","Nepa":"N","QZone":"0        NaN\n1        NaN\n2        NaN\n3        NaN\n4        NaN\n        ... \n24924    NaN\n24925    NaN\n24926    NaN\n24927    NaN\n24928    NaN\nName: 36, Length: 24929, dtype: object","TowReg":1209778,"SupStruc":152.40000000000001,"AllStruc":152.40000000000001,"StrucType":"GTOWER","LicStatus":"A","latdec":27.375861111100001,"londec":-80.841999999999999,"url":"http://wireless2.fcc.gov/UlsApp/UlsSearch/licenseLocSum.jsp?licKey=12051"}},{"type":"Feature","id":119,"geometry":{"type":"Point","coordinates":[-81.26255555641302,27.449888889206079]},"properties":{"FID":119,"OBJECTID":4561,"UniqSysID":12051,"Licensee":"NEW CINGULAR WIRELESS PCS, LLC","Callsign":"KNKQ386","LocNum":10,"LatDeg":27,"LatMin":26,"LatSec":59.600000000000001,"LatDir":"N","LonDeg":81,"LonMin":15,"LonSec":45.200000000000003,"LonDir":"W","LocAdd":"749 ARBUCKLE CREEK ROAD (93254)","LocCity":"LORIDA","LocCounty":"HIGHLANDS","LocState":"FL","Nepa":"N","QZone":"0        NaN\n1        NaN\n2        NaN\n3        NaN\n4        NaN\n        ... \n24924    NaN\n24925    NaN\n24926    NaN\n24927    NaN\n24928    NaN\nName: 36, Length: 24929, dtype: object","TowReg":1220732,"SupStruc":85.599999999999994,"AllStruc":88.700000000000003,"StrucType":"LTOWER","LicStatus":"A","latdec":27.449888888899999,"londec":-81.262555555600002,"url":"http://wireless2.fcc.gov/UlsApp/UlsSearch/licenseLocSum.jsp?licKey=12051"}},{"type":"Feature","id":120,"geometry":{"type":"Point","coordinates":[-81.254888889112237,26.769111111284531]},"properties":{"FID":120,"OBJECTID":4562,"UniqSysID":12051,"Licensee":"NEW CINGULAR WIRELESS PCS, LLC","Callsign":"KNKQ386","LocNum":11,"LatDeg":26,"LatMin":46,"LatSec":8.8000000000000007,"LatDir":"N","LonDeg":81,"LonMin":15,"LonSec":17.600000000000001,"LonDir":"W","LocAdd":"9932 STATE ROAD 80 WEST (6736)","LocCity":"MOORE HAVEN","LocCounty":"GLADES","LocState":"FL","Nepa":"N","QZone":"0        NaN\n1        NaN\n2        NaN\n3        NaN\n4        NaN\n        ... \n24924    NaN\n24925    NaN\n24926    NaN\n24927    NaN\n24928    NaN\nName: 36, Length: 24929, dtype: object","TowReg":1047532,"SupStruc":91.099999999999994,"AllStruc":91.700000000000003,"StrucType":"GTOWER","LicStatus":"A","latdec":26.769111111099999,"londec":-81.254888888899998,"url":"http://wireless2.fcc.gov/UlsApp/UlsSearch/licenseLocSum.jsp?licKey=12051"}},{"type":"Feature","id":121,"geometry":{"type":"Point","coordinates":[-81.535138889158759,27.644000000114204]},"properties":{"FID":121,"OBJECTID":4563,"UniqSysID":12051,"Licensee":"NEW CINGULAR WIRELESS PCS, LLC","Callsign":"KNKQ386","LocNum":13,"LatDeg":27,"LatMin":38,"LatSec":38.399999999999999,"LatDir":"N","LonDeg":81,"LonMin":32,"LonSec":6.5,"LonDir":"W","LocAdd":"2069 WEST COUNTY LINE ROAD (127150)","LocCity":"Avon Park,","LocCounty":"HIGHLANDS","LocState":"FL","Nepa":"N","QZone":"0        NaN\n1        NaN\n2        NaN\n3        NaN\n4        NaN\n        ... \n24924    NaN\n24925    NaN\n24926    NaN\n24927    NaN\n24928    NaN\nName: 36, Length: 24929, dtype: object","TowReg":1280477,"SupStruc":54.899999999999999,"AllStruc":57.899999999999999,"StrucType":"MTOWER","LicStatus":"A","latdec":27.643999999999998,"londec":-81.535138888899994,"url":"http://wireless2.fcc.gov/UlsApp/UlsSearch/licenseLocSum.jsp?licKey=12051"}},{"type":"Feature","id":122,"geometry":{"type":"Point","coordinates":[-81.345972222567525,27.067749999999307]},"properties":{"FID":122,"OBJECTID":4564,"UniqSysID":12051,"Licensee":"NEW CINGULAR WIRELESS PCS, LLC","Callsign":"KNKQ386","LocNum":14,"LatDeg":27,"LatMin":4,"LatSec":3.8999999999999999,"LatDir":"N","LonDeg":81,"LonMin":20,"LonSec":45.5,"LonDir":"W","LocAdd":"193 CR 731  (6792)","LocCity":"VENUS","LocCounty":"HIGHLANDS","LocState":"FL","Nepa":"N","QZone":"0        NaN\n1        NaN\n2        NaN\n3        NaN\n4        NaN\n        ... \n24924    NaN\n24925    NaN\n24926    NaN\n24927    NaN\n24928    NaN\nName: 36, Length: 24929, dtype: object","TowReg":1054825,"SupStruc":91.400000000000006,"AllStruc":94.799999999999997,"StrucType":"GTOWER","LicStatus":"A","latdec":27.06775,"londec":-81.345972222200004,"url":"http://wireless2.fcc.gov/UlsApp/UlsSearch/licenseLocSum.jsp?licKey=12051"}},{"type":"Feature","id":123,"geometry":{"type":"Point","coordinates":[-81.435944444221036,27.209777778160571]},"properties":{"FID":123,"OBJECTID":4565,"UniqSysID":12051,"Licensee":"NEW CINGULAR WIRELESS PCS, LLC","Callsign":"KNKQ386","LocNum":15,"LatDeg":27,"LatMin":12,"LatSec":35.200000000000003,"LatDir":"N","LonDeg":81,"LonMin":26,"LonSec":9.4000000000000004,"LonDir":"W","LocAdd":"5401 STATE ROAD 70 WEST   (46001)","LocCity":"Lake Placid","LocCounty":"HIGHLANDS","LocState":"FL","Nepa":"N","QZone":"0        NaN\n1        NaN\n2        NaN\n3        NaN\n4        NaN\n        ... \n24924    NaN\n24925    NaN\n24926    NaN\n24927    NaN\n24928    NaN\nName: 36, Length: 24929, dtype: object","TowReg":1212607,"SupStruc":91.400000000000006,"AllStruc":94.200000000000003,"StrucType":"GTOWER","LicStatus":"A","latdec":27.209777777799999,"londec":-81.435944444399993,"url":"http://wireless2.fcc.gov/UlsApp/UlsSearch/licenseLocSum.jsp?licKey=12051"}},{"type":"Feature","id":124,"geometry":{"type":"Point","coordinates":[-80.982500000302934,26.765000000395617]},"properties":{"FID":124,"OBJECTID":4566,"UniqSysID":12051,"Licensee":"NEW CINGULAR WIRELESS PCS, LLC","Callsign":"KNKQ386","LocNum":16,"LatDeg":26,"LatMin":45,"LatSec":54,"LatDir":"N","LonDeg":80,"LonMin":58,"LonSec":57,"LonDir":"W","LocAdd":"697 CR 720 (15557)","LocCity":"CLEWISTON","LocCounty":"HENDRY","LocState":"FL","Nepa":"N","QZone":"0        NaN\n1        NaN\n2        NaN\n3        NaN\n4        NaN\n        ... \n24924    NaN\n24925    NaN\n24926    NaN\n24927    NaN\n24928    NaN\nName: 36, Length: 24929, dtype: object","TowReg":1003672,"SupStruc":76.200000000000003,"AllStruc":78.599999999999994,"StrucType":"LTOWER","LicStatus":"A","latdec":26.765000000000001,"londec":-80.982500000000002,"url":"http://wireless2.fcc.gov/UlsApp/UlsSearch/licenseLocSum.jsp?licKey=12051"}},{"type":"Feature","id":125,"geometry":{"type":"Point","coordinates":[-81.42722222232544,26.778111111272437]},"properties":{"FID":125,"OBJECTID":4567,"UniqSysID":12051,"Licensee":"NEW CINGULAR WIRELESS PCS, LLC","Callsign":"KNKQ386","LocNum":17,"LatDeg":26,"LatMin":46,"LatSec":41.200000000000003,"LatDir":"N","LonDeg":81,"LonMin":25,"LonSec":38,"LonDir":"W","LocAdd":"4400 Dana Road (15558)","LocCity":"LABELLE","LocCounty":"GLADES","LocState":"FL","Nepa":"N","QZone":"0        NaN\n1        NaN\n2        NaN\n3        NaN\n4        NaN\n        ... \n24924    NaN\n24925    NaN\n24926    NaN\n24927    NaN\n24928    NaN\nName: 36, Length: 24929, dtype: object","TowReg":1021866,"SupStruc":121.90000000000001,"AllStruc":124.7,"StrucType":"GTOWER","LicStatus":"A","latdec":26.778111111099999,"londec":-81.427222222200001,"url":"http://wireless2.fcc.gov/UlsApp/UlsSearch/licenseLocSum.jsp?licKey=12051"}},{"type":"Feature","id":126,"geometry":{"type":"Point","coordinates":[-81.531444443585372,26.944305555869164]},"properties":{"FID":126,"OBJECTID":4568,"UniqSysID":12051,"Licensee":"NEW CINGULAR WIRELESS PCS, LLC","Callsign":"KNKQ386","LocNum":18,"LatDeg":26,"LatMin":56,"LatSec":39.5,"LatDir":"N","LonDeg":81,"LonMin":31,"LonSec":53.200000000000003,"LonDir":"W","LocAdd":"14255 C.R.74 (109748)","LocCity":"PUNTA GORDA","LocCounty":"GLADES","LocState":"FL","Nepa":"N","QZone":"0        NaN\n1        NaN\n2        NaN\n3        NaN\n4        NaN\n        ... \n24924    NaN\n24925    NaN\n24926    NaN\n24927    NaN\n24928    NaN\nName: 36, Length: 24929, dtype: object","TowReg":1241647,"SupStruc":84.099999999999994,"AllStruc":87.799999999999997,"StrucType":"LTOWER","LicStatus":"A","latdec":26.9443055556,"londec":-81.531444444399995,"url":"http://wireless2.fcc.gov/UlsApp/UlsSearch/licenseLocSum.jsp?licKey=12051"}},{"type":"Feature","id":127,"geometry":{"type":"Point","coordinates":[-86.710166667266606,30.8220555551963]},"properties":{"FID":127,"OBJECTID":4578,"UniqSysID":12052,"Licensee":"NEW CINGULAR WIRELESS PCS, LLC","Callsign":"KNKN679","LocNum":12,"LatDeg":30,"LatMin":49,"LatSec":19.399999999999999,"LatDir":"N","LonDeg":86,"LonMin":42,"LonSec":36.600000000000001,"LonDir":"W","LocAdd":"957 Hwy C4a (7407)","LocCity":"Baker","LocCounty":"OKALOOSA","LocState":"FL","Nepa":" ","QZone":"0        NaN\n1        NaN\n2        NaN\n3        NaN\n4        NaN\n        ... \n24924    NaN\n24925    NaN\n24926    NaN\n24927    NaN\n24928    NaN\nName: 36, Length: 24929, dtype: object","TowReg":1030495,"SupStruc":116.09999999999999,"AllStruc":118.59999999999999,"StrucType":"GTOWER","LicStatus":"A","latdec":30.822055555599999,"londec":-86.710166666700005,"url":"http://wireless2.fcc.gov/UlsApp/UlsSearch/licenseLocSum.jsp?licKey=12052"}},{"type":"Feature","id":128,"geometry":{"type":"Point","coordinates":[-86.866333332925137,30.851972221616506]},"properties":{"FID":128,"OBJECTID":4582,"UniqSysID":12052,"Licensee":"NEW CINGULAR WIRELESS PCS, LLC","Callsign":"KNKN679","LocNum":16,"LatDeg":30,"LatMin":51,"LatSec":7.0999999999999996,"LatDir":"N","LonDeg":86,"LonMin":51,"LonSec":58.799999999999997,"LonDir":"W","LocAdd":"10723 CHARLES MCCRANIE ROAD (7395)","LocCity":"MILTON","LocCounty":"SANTA ROSA","LocState":"FL","Nepa":" ","QZone":"0        NaN\n1        NaN\n2        NaN\n3        NaN\n4        NaN\n        ... \n24924    NaN\n24925    NaN\n24926    NaN\n24927    NaN\n24928    NaN\nName: 36, Length: 24929, dtype: object","TowReg":1274743,"SupStruc":56.399999999999999,"AllStruc":56.700000000000003,"StrucType":"LTOWER","LicStatus":"A","latdec":30.851972222200001,"londec":-86.866333333300005,"url":"http://wireless2.fcc.gov/UlsApp/UlsSearch/licenseLocSum.jsp?licKey=12052"}},{"type":"Feature","id":129,"geometry":{"type":"Point","coordinates":[-81.788333334256833,30.670888888950003]},"properties":{"FID":129,"OBJECTID":4635,"UniqSysID":12058,"Licensee":"New Cingular Wireless PCS, LLC","Callsign":"KNKA287","LocNum":11,"LatDeg":30,"LatMin":40,"LatSec":15.199999999999999,"LatDir":"N","LonDeg":81,"LonMin":47,"LonSec":18,"LonDir":"W","LocAdd":"462500 Middle Road (61250)","LocCity":"Callahan","LocCounty":"NASSAU","LocState":"FL","Nepa":"N","QZone":"0        NaN\n1        NaN\n2        NaN\n3        NaN\n4        NaN\n        ... \n24924    NaN\n24925    NaN\n24926    NaN\n24927    NaN\n24928    NaN\nName: 36, Length: 24929, dtype: object","TowReg":1028644,"SupStruc":76.200000000000003,"AllStruc":79.200000000000003,"StrucType":"LTOWER","LicStatus":"A","latdec":30.670888888899999,"londec":-81.788333333300002,"url":"http://wireless2.fcc.gov/UlsApp/UlsSearch/licenseLocSum.jsp?licKey=12058"}},{"type":"Feature","id":130,"geometry":{"type":"Point","coordinates":[-81.453083334153064,30.578750000324533]},"properties":{"FID":130,"OBJECTID":4636,"UniqSysID":12058,"Licensee":"New Cingular Wireless PCS, LLC","Callsign":"KNKA287","LocNum":12,"LatDeg":30,"LatMin":34,"LatSec":43.5,"LatDir":"N","LonDeg":81,"LonMin":27,"LonSec":11.1,"LonDir":"W","LocAdd":"1417 AVERY ROAD (61253)","LocCity":"Amelia Island","LocCounty":"NASSAU","LocState":"FL","Nepa":"N","QZone":"0        NaN\n1        NaN\n2        NaN\n3        NaN\n4        NaN\n        ... \n24924    NaN\n24925    NaN\n24926    NaN\n24927    NaN\n24928    NaN\nName: 36, Length: 24929, dtype: object","TowReg":1200985,"SupStruc":42.700000000000003,"AllStruc":45.700000000000003,"StrucType":"MTOWER","LicStatus":"A","latdec":30.578749999999999,"londec":-81.4530833333,"url":"http://wireless2.fcc.gov/UlsApp/UlsSearch/licenseLocSum.jsp?licKey=12058"}},{"type":"Feature","id":131,"geometry":{"type":"Point","coordinates":[-81.275555555691483,29.662805556146395]},"properties":{"FID":131,"OBJECTID":4637,"UniqSysID":12058,"Licensee":"New Cingular Wireless PCS, LLC","Callsign":"KNKA287","LocNum":14,"LatDeg":29,"LatMin":39,"LatSec":46.100000000000001,"LatDir":"N","LonDeg":81,"LonMin":16,"LonSec":32,"LonDir":"W","LocAdd":"690 FAVER DYKES ROAD (61293)","LocCity":"ST. AUGUSTINE","LocCounty":"ST. JOHNS","LocState":"FL","Nepa":"N","QZone":"0        NaN\n1        NaN\n2        NaN\n3        NaN\n4        NaN\n        ... \n24924    NaN\n24925    NaN\n24926    NaN\n24927    NaN\n24928    NaN\nName: 36, Length: 24929, dtype: object","TowReg":1055230,"SupStruc":61.299999999999997,"AllStruc":64.299999999999997,"StrucType":"LTOWER","LicStatus":"A","latdec":29.662805555599999,"londec":-81.275555555599993,"url":"http://wireless2.fcc.gov/UlsApp/UlsSearch/licenseLocSum.jsp?licKey=12058"}},{"type":"Feature","id":132,"geometry":{"type":"Point","coordinates":[-81.394666667371098,30.254361110619016]},"properties":{"FID":132,"OBJECTID":4638,"UniqSysID":12058,"Licensee":"New Cingular Wireless PCS, LLC","Callsign":"KNKA287","LocNum":16,"LatDeg":30,"LatMin":15,"LatSec":15.699999999999999,"LatDir":"N","LonDeg":81,"LonMin":23,"LonSec":40.799999999999997,"LonDir":"W","LocAdd":"4400 SOUTH BEACH PARKWAY (14510)","LocCity":"Jacksonville Beach","LocCounty":"DUVAL","LocState":"FL","Nepa":"N","QZone":"0        NaN\n1        NaN\n2        NaN\n3        NaN\n4        NaN\n        ... \n24924    NaN\n24925    NaN\n24926    NaN\n24927    NaN\n24928    NaN\nName: 36, Length: 24929, dtype: object","TowReg":1225789,"SupStruc":56.399999999999999,"AllStruc":60.700000000000003,"StrucType":"MTOWER","LicStatus":"A","latdec":30.2543611111,"londec":-81.394666666700004,"url":"http://wireless2.fcc.gov/UlsApp/UlsSearch/licenseLocSum.jsp?licKey=12058"}},{"type":"Feature","id":133,"geometry":{"type":"Point","coordinates":[-81.879138888863395,30.486472222196142]},"properties":{"FID":133,"OBJECTID":4639,"UniqSysID":12058,"Licensee":"New Cingular Wireless PCS, LLC","Callsign":"KNKA287","LocNum":17,"LatDeg":30,"LatMin":29,"LatSec":11.300000000000001,"LatDir":"N","LonDeg":81,"LonMin":52,"LonSec":44.899999999999999,"LonDir":"W","LocAdd":"5960 Meadows Lane (61310)","LocCity":"Callahan","LocCounty":"NASSAU","LocState":"FL","Nepa":"N","QZone":"0        NaN\n1        NaN\n2        NaN\n3        NaN\n4        NaN\n        ... \n24924    NaN\n24925    NaN\n24926    NaN\n24927    NaN\n24928    NaN\nName: 36, Length: 24929, dtype: object","TowReg":1227772,"SupStruc":76.200000000000003,"AllStruc":77.700000000000003,"StrucType":"LTOWER","LicStatus":"A","latdec":30.4864722222,"londec":-81.879138888900002,"url":"http://wireless2.fcc.gov/UlsApp/UlsSearch/licenseLocSum.jsp?licKey=12058"}},{"type":"Feature","id":134,"geometry":{"type":"Point","coordinates":[-81.292666667020058,29.865027778327658]},"properties":{"FID":134,"OBJECTID":4640,"UniqSysID":12058,"Licensee":"New Cingular Wireless PCS, LLC","Callsign":"KNKA287","LocNum":18,"LatDeg":29,"LatMin":51,"LatSec":54.100000000000001,"LatDir":"N","LonDeg":81,"LonMin":17,"LonSec":33.600000000000001,"LonDir":"W","LocAdd":"865 FISH ISLAND RD. (6544)","LocCity":"ST AUGUSTINE","LocCounty":"ST. JOHNS","LocState":"FL","Nepa":"N","QZone":"0        NaN\n1        NaN\n2        NaN\n3        NaN\n4        NaN\n        ... \n24924    NaN\n24925    NaN\n24926    NaN\n24927    NaN\n24928    NaN\nName: 36, Length: 24929, dtype: object","TowReg":1012539,"SupStruc":94.5,"AllStruc":99.099999999999994,"StrucType":"LTOWER","LicStatus":"A","latdec":29.865027777800002,"londec":-81.292666666700001,"url":"http://wireless2.fcc.gov/UlsApp/UlsSearch/licenseLocSum.jsp?licKey=12058"}},{"type":"Feature","id":135,"geometry":{"type":"Point","coordinates":[-81.447388888414253,29.663527778388413]},"properties":{"FID":135,"OBJECTID":4641,"UniqSysID":12058,"Licensee":"New Cingular Wireless PCS, LLC","Callsign":"KNKA287","LocNum":52,"LatDeg":29,"LatMin":39,"LatSec":48.700000000000003,"LatDir":"N","LonDeg":81,"LonMin":26,"LonSec":50.600000000000001,"LonDir":"W","LocAdd":"9685 Light Avenue   (131222)","LocCity":"HASTINGS","LocCounty":"ST. JOHNS","LocState":"FL","Nepa":"N","QZone":"0        NaN\n1        NaN\n2        NaN\n3        NaN\n4        NaN\n        ... \n24924    NaN\n24925    NaN\n24926    NaN\n24927    NaN\n24928    NaN\nName: 36, Length: 24929, dtype: object","TowReg":1284769,"SupStruc":76.200000000000003,"AllStruc":83.799999999999997,"StrucType":"LTOWER","LicStatus":"A","latdec":29.663527777799999,"londec":-81.447388888899994,"url":"http://wireless2.fcc.gov/UlsApp/UlsSearch/licenseLocSum.jsp?licKey=12058"}},{"type":"Feature","id":136,"geometry":{"type":"Point","coordinates":[-81.666944445359604,29.886944443643472]},"properties":{"FID":136,"OBJECTID":4642,"UniqSysID":12058,"Licensee":"New Cingular Wireless PCS, LLC","Callsign":"KNKA287","LocNum":53,"LatDeg":29,"LatMin":53,"LatSec":13,"LatDir":"N","LonDeg":81,"LonMin":40,"LonSec":1,"LonDir":"W","LocAdd":"5699 US HIGHWAY 17 SOUTH (61287)","LocCity":"GREEN COVE SPRINGS","LocCounty":"CLAY","LocState":"FL","Nepa":"N","QZone":"0        NaN\n1        NaN\n2        NaN\n3        NaN\n4        NaN\n        ... \n24924    NaN\n24925    NaN\n24926    NaN\n24927    NaN\n24928    NaN\nName: 36, Length: 24929, dtype: object","TowReg":1053308,"SupStruc":74.700000000000003,"AllStruc":79.900000000000006,"StrucType":"LTOWER","LicStatus":"A","latdec":29.886944444400001,"londec":-81.666944444400002,"url":"http://wireless2.fcc.gov/UlsApp/UlsSearch/licenseLocSum.jsp?licKey=12058"}},{"type":"Feature","id":137,"geometry":{"type":"Point","coordinates":[-81.286222222342076,29.74183333321929]},"properties":{"FID":137,"OBJECTID":4643,"UniqSysID":12058,"Licensee":"New Cingular Wireless PCS, LLC","Callsign":"KNKA287","LocNum":54,"LatDeg":29,"LatMin":44,"LatSec":30.600000000000001,"LatDir":"N","LonDeg":81,"LonMin":17,"LonSec":10.4,"LonDir":"W","LocAdd":"799 StateRoad 206 East (93203)","LocCity":"St. Augustine","LocCounty":"ST. JOHNS","LocState":"FL","Nepa":"N","QZone":"0        NaN\n1        NaN\n2        NaN\n3        NaN\n4        NaN\n        ... \n24924    NaN\n24925    NaN\n24926    NaN\n24927    NaN\n24928    NaN\nName: 36, Length: 24929, dtype: object","TowReg":1242035,"SupStruc":57.899999999999999,"AllStruc":60.399999999999999,"StrucType":"MTOWER","LicStatus":"A","latdec":29.741833333300001,"londec":-81.286222222199996,"url":"http://wireless2.fcc.gov/UlsApp/UlsSearch/licenseLocSum.jsp?licKey=12058"}},{"type":"Feature","id":138,"geometry":{"type":"Point","coordinates":[-81.674055555861116,30.709138889136227]},"properties":{"FID":138,"OBJECTID":4644,"UniqSysID":12058,"Licensee":"New Cingular Wireless PCS, LLC","Callsign":"KNKA287","LocNum":24,"LatDeg":30,"LatMin":42,"LatSec":32.899999999999999,"LatDir":"N","LonDeg":81,"LonMin":40,"LonSec":26.600000000000001,"LonDir":"W","LocAdd":"3095 LIPPIZAN CT (61261)","LocCity":"GROSS","LocCounty":"NASSAU","LocState":"FL","Nepa":"N","QZone":"0        NaN\n1        NaN\n2        NaN\n3        NaN\n4        NaN\n        ... \n24924    NaN\n24925    NaN\n24926    NaN\n24927    NaN\n24928    NaN\nName: 36, Length: 24929, dtype: object","TowReg":1028640,"SupStruc":61,"AllStruc":64,"StrucType":"LTOWER","LicStatus":"A","latdec":30.7091388889,"londec":-81.674055555600006,"url":"http://wireless2.fcc.gov/UlsApp/UlsSearch/licenseLocSum.jsp?licKey=12058"}},{"type":"Feature","id":139,"geometry":{"type":"Point","coordinates":[-81.929222221622808,30.709083332779926]},"properties":{"FID":139,"OBJECTID":4645,"UniqSysID":12058,"Licensee":"New Cingular Wireless PCS, LLC","Callsign":"KNKA287","LocNum":26,"LatDeg":30,"LatMin":42,"LatSec":32.700000000000003,"LatDir":"N","LonDeg":81,"LonMin":55,"LonSec":45.200000000000003,"LonDir":"W","LocAdd":"ROUTE 4 BOX 1025 (US HIGHWAY 1) (6560)","LocCity":"Hilliard","LocCounty":"NASSAU","LocState":"FL","Nepa":"N","QZone":"0        NaN\n1        NaN\n2        NaN\n3        NaN\n4        NaN\n        ... \n24924    NaN\n24925    NaN\n24926    NaN\n24927    NaN\n24928    NaN\nName: 36, Length: 24929, dtype: object","TowReg":1212253,"SupStruc":55.5,"AllStruc":57,"StrucType":"MTOWER","LicStatus":"A","latdec":30.709083333300001,"londec":-81.929222222199996,"url":"http://wireless2.fcc.gov/UlsApp/UlsSearch/licenseLocSum.jsp?licKey=12058"}},{"type":"Feature","id":140,"geometry":{"type":"Point","coordinates":[-82.204527776666282,30.266916666677162]},"properties":{"FID":140,"OBJECTID":4646,"UniqSysID":12058,"Licensee":"New Cingular Wireless PCS, LLC","Callsign":"KNKA287","LocNum":45,"LatDeg":30,"LatMin":16,"LatSec":0.90000000000000002,"LatDir":"N","LonDeg":82,"LonMin":12,"LonSec":16.300000000000001,"LonDir":"W","LocAdd":"9886 US HIGHWAY 90 (61223)","LocCity":"GLEN ST. MARY","LocCounty":"BAKER","LocState":"FL","Nepa":"N","QZone":"0        NaN\n1        NaN\n2        NaN\n3        NaN\n4        NaN\n        ... \n24924    NaN\n24925    NaN\n24926    NaN\n24927    NaN\n24928    NaN\nName: 36, Length: 24929, dtype: object","TowReg":1028610,"SupStruc":86,"AllStruc":87.099999999999994,"StrucType":"LTOWER","LicStatus":"A","latdec":30.266916666699998,"londec":-82.204527777799996,"url":"http://wireless2.fcc.gov/UlsApp/UlsSearch/licenseLocSum.jsp?licKey=12058"}},{"type":"Feature","id":141,"geometry":{"type":"Point","coordinates":[-81.264027778382683,29.816166665801518]},"properties":{"FID":141,"OBJECTID":4647,"UniqSysID":12058,"Licensee":"New Cingular Wireless PCS, LLC","Callsign":"KNKA287","LocNum":28,"LatDeg":29,"LatMin":48,"LatSec":58.200000000000003,"LatDir":"N","LonDeg":81,"LonMin":15,"LonSec":50.5,"LonDir":"W","LocAdd":"2 DONDANVILLE RD. (61317)","LocCity":"ST AUGUSTINE","LocCounty":"ST. JOHNS","LocState":"FL","Nepa":"N","QZone":"0        NaN\n1        NaN\n2        NaN\n3        NaN\n4        NaN\n        ... \n24924    NaN\n24925    NaN\n24926    NaN\n24927    NaN\n24928    NaN\nName: 36, Length: 24929, dtype: object","TowReg":0,"SupStruc":18.899999999999999,"AllStruc":22.899999999999999,"StrucType":"B","LicStatus":"A","latdec":29.816166666699999,"londec":-81.264027777799996,"url":"http://wireless2.fcc.gov/UlsApp/UlsSearch/licenseLocSum.jsp?licKey=12058"}},{"type":"Feature","id":142,"geometry":{"type":"Point","coordinates":[-82.01105555498674,29.982500000359437]},"properties":{"FID":142,"OBJECTID":4648,"UniqSysID":12058,"Licensee":"New Cingular Wireless PCS, LLC","Callsign":"KNKA287","LocNum":31,"LatDeg":29,"LatMin":58,"LatSec":57,"LatDir":"N","LonDeg":82,"LonMin":0,"LonSec":39.799999999999997,"LonDir":"W","LocAdd":"5996 1 SR 16 W (61328)","LocCity":"STARKE","LocCounty":"CLAY","LocState":"FL","Nepa":"N","QZone":"0        NaN\n1        NaN\n2        NaN\n3        NaN\n4        NaN\n        ... \n24924    NaN\n24925    NaN\n24926    NaN\n24927    NaN\n24928    NaN\nName: 36, Length: 24929, dtype: object","TowReg":1058154,"SupStruc":76.799999999999997,"AllStruc":80.200000000000003,"StrucType":"LTOWER","LicStatus":"A","latdec":29.982500000000002,"londec":-82.011055555599995,"url":"http://wireless2.fcc.gov/UlsApp/UlsSearch/licenseLocSum.jsp?licKey=12058"}},{"type":"Feature","id":143,"geometry":{"type":"Point","coordinates":[-81.977916667324678,29.834166665762666]},"properties":{"FID":143,"OBJECTID":4649,"UniqSysID":12058,"Licensee":"New Cingular Wireless PCS, LLC","Callsign":"KNKA287","LocNum":32,"LatDeg":29,"LatMin":50,"LatSec":3,"LatDir":"N","LonDeg":81,"LonMin":58,"LonSec":40.5,"LonDir":"W","LocAdd":"6523-1 State Road 21   (61330)","LocCity":"Goldhead","LocCounty":"CLAY","LocState":"FL","Nepa":"N","QZone":"0        NaN\n1        NaN\n2        NaN\n3        NaN\n4        NaN\n        ... \n24924    NaN\n24925    NaN\n24926    NaN\n24927    NaN\n24928    NaN\nName: 36, Length: 24929, dtype: object","TowReg":1036079,"SupStruc":97.5,"AllStruc":98.200000000000003,"StrucType":"LTOWER","LicStatus":"A","latdec":29.8341666667,"londec":-81.977916666699997,"url":"http://wireless2.fcc.gov/UlsApp/UlsSearch/licenseLocSum.jsp?licKey=12058"}},{"type":"Feature","id":144,"geometry":{"type":"Point","coordinates":[-81.464611110563624,30.659166665825751]},"properties":{"FID":144,"OBJECTID":4650,"UniqSysID":12058,"Licensee":"New Cingular Wireless PCS, LLC","Callsign":"KNKA287","LocNum":33,"LatDeg":30,"LatMin":39,"LatSec":33,"LatDir":"N","LonDeg":81,"LonMin":27,"LonSec":52.600000000000001,"LonDir":"W","LocAdd":"1007 South 5th Street (61249)","LocCity":"FERNANDINA BEACH","LocCounty":"NASSAU","LocState":"FL","Nepa":"N","QZone":"0        NaN\n1        NaN\n2        NaN\n3        NaN\n4        NaN\n        ... \n24924    NaN\n24925    NaN\n24926    NaN\n24927    NaN\n24928    NaN\nName: 36, Length: 24929, dtype: object","TowReg":1206027,"SupStruc":57.899999999999999,"AllStruc":58.799999999999997,"StrucType":"LTOWER","LicStatus":"A","latdec":30.659166666699999,"londec":-81.464611111099998,"url":"http://wireless2.fcc.gov/UlsApp/UlsSearch/licenseLocSum.jsp?licKey=12058"}},{"type":"Feature","id":145,"geometry":{"type":"Point","coordinates":[-81.476611110657814,29.761055556336032]},"properties":{"FID":145,"OBJECTID":4651,"UniqSysID":12058,"Licensee":"New Cingular Wireless PCS, LLC","Callsign":"KNKA287","LocNum":34,"LatDeg":29,"LatMin":45,"LatSec":39.799999999999997,"LatDir":"N","LonDeg":81,"LonMin":28,"LonSec":35.799999999999997,"LonDir":"W","LocAdd":"BLUE SKY FARMS & CR13 (61262)","LocCity":"ELKTON","LocCounty":"ST. JOHNS","LocState":"FL","Nepa":"N","QZone":"0        NaN\n1        NaN\n2        NaN\n3        NaN\n4        NaN\n        ... \n24924    NaN\n24925    NaN\n24926    NaN\n24927    NaN\n24928    NaN\nName: 36, Length: 24929, dtype: object","TowReg":1028639,"SupStruc":61.299999999999997,"AllStruc":66.099999999999994,"StrucType":"LTOWER","LicStatus":"A","latdec":29.761055555599999,"londec":-81.476611111099999,"url":"http://wireless2.fcc.gov/UlsApp/UlsSearch/licenseLocSum.jsp?licKey=12058"}},{"type":"Feature","id":146,"geometry":{"type":"Point","coordinates":[-82.040416665756368,29.786805555021886]},"properties":{"FID":146,"OBJECTID":4652,"UniqSysID":12058,"Licensee":"New Cingular Wireless PCS, LLC","Callsign":"KNKA287","LocNum":36,"LatDeg":29,"LatMin":47,"LatSec":12.5,"LatDir":"N","LonDeg":82,"LonMin":2,"LonSec":25.5,"LonDir":"W","LocAdd":"714 NIGHTENGALE DR (61331)","LocCity":"KEYSTONE HEIGHTS","LocCounty":"CLAY","LocState":"FL","Nepa":"N","QZone":"0        NaN\n1        NaN\n2        NaN\n3        NaN\n4        NaN\n        ... \n24924    NaN\n24925    NaN\n24926    NaN\n24927    NaN\n24928    NaN\nName: 36, Length: 24929, dtype: object","TowReg":1053454,"SupStruc":82.299999999999997,"AllStruc":86.299999999999997,"StrucType":"LTOWER","LicStatus":"A","latdec":29.786805555600001,"londec":-82.040416666699997,"url":"http://wireless2.fcc.gov/UlsApp/UlsSearch/licenseLocSum.jsp?licKey=12058"}},{"type":"Feature","id":147,"geometry":{"type":"Point","coordinates":[-82.411555555321797,30.212861111162567]},"properties":{"FID":147,"OBJECTID":4653,"UniqSysID":12058,"Licensee":"New Cingular Wireless PCS, LLC","Callsign":"KNKA287","LocNum":37,"LatDeg":30,"LatMin":12,"LatSec":46.299999999999997,"LatDir":"N","LonDeg":82,"LonMin":24,"LonSec":41.600000000000001,"LonDir":"W","LocAdd":"HWY 90 & HWY 250A (44805)","LocCity":"Sanderson","LocCounty":"BAKER","LocState":"FL","Nepa":"N","QZone":"0        NaN\n1        NaN\n2        NaN\n3        NaN\n4        NaN\n        ... \n24924    NaN\n24925    NaN\n24926    NaN\n24927    NaN\n24928    NaN\nName: 36, Length: 24929, dtype: object","TowReg":1050955,"SupStruc":61.299999999999997,"AllStruc":63.700000000000003,"StrucType":"GTOWER","LicStatus":"A","latdec":30.2128611111,"londec":-82.411555555600003,"url":"http://wireless2.fcc.gov/UlsApp/UlsSearch/licenseLocSum.jsp?licKey=12058"}},{"type":"Feature","id":148,"geometry":{"type":"Point","coordinates":[-82.301416666681291,30.240416667179829]},"properties":{"FID":148,"OBJECTID":4654,"UniqSysID":12058,"Licensee":"New Cingular Wireless PCS, LLC","Callsign":"KNKA287","LocNum":40,"LatDeg":30,"LatMin":14,"LatSec":25.5,"LatDir":"N","LonDeg":82,"LonMin":18,"LonSec":5.0999999999999996,"LonDir":"W","LocAdd":"I-10 & US 90 (6500)","LocCity":"SANDERSON","LocCounty":"BAKER","LocState":"FL","Nepa":"N","QZone":"0        NaN\n1        NaN\n2        NaN\n3        NaN\n4        NaN\n        ... \n24924    NaN\n24925    NaN\n24926    NaN\n24927    NaN\n24928    NaN\nName: 36, Length: 24929, dtype: object","TowReg":1029362,"SupStruc":103.90000000000001,"AllStruc":105.8,"StrucType":"LTOWER","LicStatus":"A","latdec":30.2404166667,"londec":-82.301416666700007,"url":"http://wireless2.fcc.gov/UlsApp/UlsSearch/licenseLocSum.jsp?licKey=12058"}},{"type":"Feature","id":149,"geometry":{"type":"Point","coordinates":[-81.390750000156004,30.126361110985556]},"properties":{"FID":149,"OBJECTID":4655,"UniqSysID":12058,"Licensee":"New Cingular Wireless PCS, LLC","Callsign":"KNKA287","LocNum":43,"LatDeg":30,"LatMin":7,"LatSec":34.899999999999999,"LatDir":"N","LonDeg":81,"LonMin":23,"LonSec":26.699999999999999,"LonDir":"W","LocAdd":"2755 PALM VALLEY RD (6565)","LocCity":"Palm Valley","LocCounty":"ST. JOHNS","LocState":"FL","Nepa":"N","QZone":"0        NaN\n1        NaN\n2        NaN\n3        NaN\n4        NaN\n        ... \n24924    NaN\n24925    NaN\n24926    NaN\n24927    NaN\n24928    NaN\nName: 36, Length: 24929, dtype: object","TowReg":1200725,"SupStruc":87.200000000000003,"AllStruc":89,"StrucType":"LTOWER","LicStatus":"A","latdec":30.1263611111,"londec":-81.390749999999997,"url":"http://wireless2.fcc.gov/UlsApp/UlsSearch/licenseLocSum.jsp?licKey=12058"}},{"type":"Feature","id":150,"geometry":{"type":"Point","coordinates":[-81.409444445173449,30.369999999779338]},"properties":{"FID":150,"OBJECTID":4656,"UniqSysID":12058,"Licensee":"New Cingular Wireless PCS, LLC","Callsign":"KNKA287","LocNum":44,"LatDeg":30,"LatMin":22,"LatSec":12,"LatDir":"N","LonDeg":81,"LonMin":24,"LonSec":34,"LonDir":"W","LocAdd":"2930 SHERRY DR. UNIT CT02 (6568)","LocCity":"JACKSONVILLE","LocCounty":"DUVAL","LocState":"FL","Nepa":"N","QZone":"0        NaN\n1        NaN\n2        NaN\n3        NaN\n4        NaN\n        ... \n24924    NaN\n24925    NaN\n24926    NaN\n24927    NaN\n24928    NaN\nName: 36, Length: 24929, dtype: object","TowReg":1047328,"SupStruc":45.700000000000003,"AllStruc":50.299999999999997,"StrucType":"MTOWER","LicStatus":"A","latdec":30.370000000000001,"londec":-81.409444444399995,"url":"http://wireless2.fcc.gov/UlsApp/UlsSearch/licenseLocSum.jsp?licKey=12058"}},{"type":"Feature","id":151,"geometry":{"type":"Point","coordinates":[-81.392916666552708,30.01250000025459]},"properties":{"FID":151,"OBJECTID":4657,"UniqSysID":12058,"Licensee":"New Cingular Wireless PCS, LLC","Callsign":"KNKA287","LocNum":47,"LatDeg":30,"LatMin":0,"LatSec":45,"LatDir":"N","LonDeg":81,"LonMin":23,"LonSec":34.5,"LonDir":"W","LocAdd":"121-T INTERNATIONAL GOLF PKWY (61272)","LocCity":"Saint Augustine","LocCounty":"ST. JOHNS","LocState":"FL","Nepa":"N","QZone":"0        NaN\n1        NaN\n2        NaN\n3        NaN\n4        NaN\n        ... \n24924    NaN\n24925    NaN\n24926    NaN\n24927    NaN\n24928    NaN\nName: 36, Length: 24929, dtype: object","TowReg":1281547,"SupStruc":46.299999999999997,"AllStruc":46.899999999999999,"StrucType":"MTOWER","LicStatus":"A","latdec":30.012499999999999,"londec":-81.392916666700003,"url":"http://wireless2.fcc.gov/UlsApp/UlsSearch/licenseLocSum.jsp?licKey=12058"}},{"type":"Feature","id":152,"geometry":{"type":"Point","coordinates":[-81.37858333293218,30.213944444027788]},"properties":{"FID":152,"OBJECTID":4658,"UniqSysID":12058,"Licensee":"New Cingular Wireless PCS, LLC","Callsign":"KNKA287","LocNum":48,"LatDeg":30,"LatMin":12,"LatSec":50.200000000000003,"LatDir":"N","LonDeg":81,"LonMin":22,"LonSec":42.899999999999999,"LonDir":"W","LocAdd":"65 Executive Way (6567)","LocCity":"Ponte Vedra Bea","LocCounty":"ST. JOHNS","LocState":"FL","Nepa":"N","QZone":"0        NaN\n1        NaN\n2        NaN\n3        NaN\n4        NaN\n        ... \n24924    NaN\n24925    NaN\n24926    NaN\n24927    NaN\n24928    NaN\nName: 36, Length: 24929, dtype: object","TowReg":1225436,"SupStruc":49.100000000000001,"AllStruc":50.600000000000001,"StrucType":"LTOWER","LicStatus":"A","latdec":30.213944444399999,"londec":-81.3785833333,"url":"http://wireless2.fcc.gov/UlsApp/UlsSearch/licenseLocSum.jsp?licKey=12058"}},{"type":"Feature","id":153,"geometry":{"type":"Point","coordinates":[-81.453361111205197,30.651749999665071]},"properties":{"FID":153,"OBJECTID":4659,"UniqSysID":12058,"Licensee":"New Cingular Wireless PCS, LLC","Callsign":"KNKA287","LocNum":49,"LatDeg":30,"LatMin":39,"LatSec":6.2999999999999998,"LatDir":"N","LonDeg":81,"LonMin":27,"LonSec":12.1,"LonDir":"W","LocAdd":"1412 NECTARINE STREET (6513)","LocCity":"FERNANDINA BEACH","LocCounty":"NASSAU","LocState":"FL","Nepa":"N","QZone":"0        NaN\n1        NaN\n2        NaN\n3        NaN\n4        NaN\n        ... \n24924    NaN\n24925    NaN\n24926    NaN\n24927    NaN\n24928    NaN\nName: 36, Length: 24929, dtype: object","TowReg":1029321,"SupStruc":55.5,"AllStruc":56.399999999999999,"StrucType":"LTOWER","LicStatus":"A","latdec":30.65175,"londec":-81.453361111099994,"url":"http://wireless2.fcc.gov/UlsApp/UlsSearch/licenseLocSum.jsp?licKey=12058"}},{"type":"Feature","id":154,"geometry":{"type":"Point","coordinates":[-82.010916667359027,29.807138887836857]},"properties":{"FID":154,"OBJECTID":4660,"UniqSysID":12058,"Licensee":"New Cingular Wireless PCS, LLC","Callsign":"KNKA287","LocNum":50,"LatDeg":29,"LatMin":48,"LatSec":25.699999999999999,"LatDir":"N","LonDeg":82,"LonMin":0,"LonSec":39.299999999999997,"LonDir":"W","LocAdd":"7105-1 State Road 21 (14513)","LocCity":"Keystone Heights","LocCounty":"CLAY","LocState":"FL","Nepa":"N","QZone":"0        NaN\n1        NaN\n2        NaN\n3        NaN\n4        NaN\n        ... \n24924    NaN\n24925    NaN\n24926    NaN\n24927    NaN\n24928    NaN\nName: 36, Length: 24929, dtype: object","TowReg":1221631,"SupStruc":70.400000000000006,"AllStruc":71.599999999999994,"StrucType":"LTOWER","LicStatus":"A","latdec":29.807138888899999,"londec":-82.010916666699998,"url":"http://wireless2.fcc.gov/UlsApp/UlsSearch/licenseLocSum.jsp?licKey=12058"}},{"type":"Feature","id":155,"geometry":{"type":"Point","coordinates":[-81.347722221589379,29.958833333163682]},"properties":{"FID":155,"OBJECTID":4661,"UniqSysID":12058,"Licensee":"New Cingular Wireless PCS, LLC","Callsign":"KNKA287","LocNum":51,"LatDeg":29,"LatMin":57,"LatSec":31.800000000000001,"LatDir":"N","LonDeg":81,"LonMin":20,"LonSec":51.799999999999997,"LonDir":"W","LocAdd":"5114 Avenue B St. Johns County Airport  (105189)","LocCity":"St. Augustine","LocCounty":"ST. JOHNS","LocState":"FL","Nepa":"N","QZone":"0        NaN\n1        NaN\n2        NaN\n3        NaN\n4        NaN\n        ... \n24924    NaN\n24925    NaN\n24926    NaN\n24927    NaN\n24928    NaN\nName: 36, Length: 24929, dtype: object","TowReg":1271662,"SupStruc":46.600000000000001,"AllStruc":48.5,"StrucType":"MTOWER","LicStatus":"A","latdec":29.958833333299999,"londec":-81.347722222200005,"url":"http://wireless2.fcc.gov/UlsApp/UlsSearch/licenseLocSum.jsp?licKey=12058"}},{"type":"Feature","id":156,"geometry":{"type":"Point","coordinates":[-81.659444444290102,29.61952777815327]},"properties":{"FID":156,"OBJECTID":4662,"UniqSysID":12059,"Licensee":"New Cingular Wireless PCS, LLC","Callsign":"KNKQ335","LocNum":1,"LatDeg":29,"LatMin":37,"LatSec":10.300000000000001,"LatDir":"N","LonDeg":81,"LonMin":39,"LonSec":34,"LonDir":"W","LocAdd":"3635 BAINBRIDGE ROAD   (71407)","LocCity":"PALATKA","LocCounty":"PUTNAM","LocState":"FL","Nepa":"N","QZone":"0        NaN\n1        NaN\n2        NaN\n3        NaN\n4        NaN\n        ... \n24924    NaN\n24925    NaN\n24926    NaN\n24927    NaN\n24928    NaN\nName: 36, Length: 24929, dtype: object","TowReg":1028642,"SupStruc":106.7,"AllStruc":109.7,"StrucType":"GTOWER","LicStatus":"A","latdec":29.619527777799998,"londec":-81.659444444399995,"url":"http://wireless2.fcc.gov/UlsApp/UlsSearch/licenseLocSum.jsp?licKey=12059"}},{"type":"Feature","id":157,"geometry":{"type":"Point","coordinates":[-81.581305555601318,29.492111111908287]},"properties":{"FID":157,"OBJECTID":4663,"UniqSysID":12059,"Licensee":"New Cingular Wireless PCS, LLC","Callsign":"KNKQ335","LocNum":2,"LatDeg":29,"LatMin":29,"LatSec":31.600000000000001,"LatDir":"N","LonDeg":81,"LonMin":34,"LonSec":52.700000000000003,"LonDir":"W","LocAdd":"1884 S. HWY 17   (71408)","LocCity":"Pomona PArk","LocCounty":"PUTNAM","LocState":"FL","Nepa":"N","QZone":"0        NaN\n1        NaN\n2        NaN\n3        NaN\n4        NaN\n        ... \n24924    NaN\n24925    NaN\n24926    NaN\n24927    NaN\n24928    NaN\nName: 36, Length: 24929, dtype: object","TowReg":1028641,"SupStruc":91.700000000000003,"AllStruc":98.799999999999997,"StrucType":"GTOWER","LicStatus":"A","latdec":29.492111111100002,"londec":-81.581305555599997,"url":"http://wireless2.fcc.gov/UlsApp/UlsSearch/licenseLocSum.jsp?licKey=12059"}},{"type":"Feature","id":158,"geometry":{"type":"Point","coordinates":[-81.655055555188085,29.5494722222723]},"properties":{"FID":158,"OBJECTID":4664,"UniqSysID":12059,"Licensee":"New Cingular Wireless PCS, LLC","Callsign":"KNKQ335","LocNum":4,"LatDeg":29,"LatMin":32,"LatSec":58.100000000000001,"LatDir":"N","LonDeg":81,"LonMin":39,"LonSec":18.199999999999999,"LonDir":"W","LocAdd":"116 SOUTH 1ST STREET   (71409)","LocCity":"Satsuma","LocCounty":"PUTNAM","LocState":"FL","Nepa":"N","QZone":"0        NaN\n1        NaN\n2        NaN\n3        NaN\n4        NaN\n        ... \n24924    NaN\n24925    NaN\n24926    NaN\n24927    NaN\n24928    NaN\nName: 36, Length: 24929, dtype: object","TowReg":0,"SupStruc":54.899999999999999,"AllStruc":58.5,"StrucType":"LTOWER","LicStatus":"A","latdec":29.549472222199999,"londec":-81.655055555600001,"url":"http://wireless2.fcc.gov/UlsApp/UlsSearch/licenseLocSum.jsp?licKey=12059"}},{"type":"Feature","id":159,"geometry":{"type":"Point","coordinates":[-81.515999999959604,29.445194443754417]},"properties":{"FID":159,"OBJECTID":4665,"UniqSysID":12059,"Licensee":"New Cingular Wireless PCS, LLC","Callsign":"KNKQ335","LocNum":5,"LatDeg":29,"LatMin":26,"LatSec":42.700000000000003,"LatDir":"N","LonDeg":81,"LonMin":30,"LonSec":57.600000000000001,"LonDir":"W","LocAdd":"935 Walnut Street   (45032)","LocCity":"CRESCENT CITY","LocCounty":"PUTNAM","LocState":"FL","Nepa":"N","QZone":"0        NaN\n1        NaN\n2        NaN\n3        NaN\n4        NaN\n        ... \n24924    NaN\n24925    NaN\n24926    NaN\n24927    NaN\n24928    NaN\nName: 36, Length: 24929, dtype: object","TowReg":1029257,"SupStruc":76.200000000000003,"AllStruc":81.099999999999994,"StrucType":"GTOWER","LicStatus":"A","latdec":29.445194444399998,"londec":-81.516000000000005,"url":"http://wireless2.fcc.gov/UlsApp/UlsSearch/licenseLocSum.jsp?licKey=12059"}},{"type":"Feature","id":160,"geometry":{"type":"Point","coordinates":[-81.569694445176765,29.67294444407878]},"properties":{"FID":160,"OBJECTID":4666,"UniqSysID":12059,"Licensee":"New Cingular Wireless PCS, LLC","Callsign":"KNKQ335","LocNum":6,"LatDeg":29,"LatMin":40,"LatSec":22.600000000000001,"LatDir":"N","LonDeg":81,"LonMin":34,"LonSec":10.9,"LonDir":"W","LocAdd":"224 Walden Road   (71419)","LocCity":"East Palatka","LocCounty":"PUTNAM","LocState":"FL","Nepa":"N","QZone":"0        NaN\n1        NaN\n2        NaN\n3        NaN\n4        NaN\n        ... \n24924    NaN\n24925    NaN\n24926    NaN\n24927    NaN\n24928    NaN\nName: 36, Length: 24929, dtype: object","TowReg":1229181,"SupStruc":76.5,"AllStruc":82.599999999999994,"StrucType":"LTOWER","LicStatus":"A","latdec":29.672944444399999,"londec":-81.5696944444,"url":"http://wireless2.fcc.gov/UlsApp/UlsSearch/licenseLocSum.jsp?licKey=12059"}},{"type":"Feature","id":161,"geometry":{"type":"Point","coordinates":[-81.634388888608783,29.775444444163213]},"properties":{"FID":161,"OBJECTID":4667,"UniqSysID":12059,"Licensee":"New Cingular Wireless PCS, LLC","Callsign":"KNKQ335","LocNum":7,"LatDeg":29,"LatMin":46,"LatSec":31.600000000000001,"LatDir":"N","LonDeg":81,"LonMin":38,"LonSec":3.7999999999999998,"LonDir":"W","LocAdd":"120 Queen Street   (71410)","LocCity":"Palatka","LocCounty":"PUTNAM","LocState":"FL","Nepa":"N","QZone":"0        NaN\n1        NaN\n2        NaN\n3        NaN\n4        NaN\n        ... \n24924    NaN\n24925    NaN\n24926    NaN\n24927    NaN\n24928    NaN\nName: 36, Length: 24929, dtype: object","TowReg":1050701,"SupStruc":61.299999999999997,"AllStruc":64.900000000000006,"StrucType":"LTOWER","LicStatus":"A","latdec":29.775444444400001,"londec":-81.634388888900006,"url":"http://wireless2.fcc.gov/UlsApp/UlsSearch/licenseLocSum.jsp?licKey=12059"}},{"type":"Feature","id":162,"geometry":{"type":"Point","coordinates":[-81.579777778221228,29.609666666157295]},"properties":{"FID":162,"OBJECTID":4668,"UniqSysID":12059,"Licensee":"New Cingular Wireless PCS, LLC","Callsign":"KNKQ335","LocNum":9,"LatDeg":29,"LatMin":36,"LatSec":34.799999999999997,"LatDir":"N","LonDeg":81,"LonMin":34,"LonSec":47.200000000000003,"LonDir":"W","LocAdd":"121 ASIA ROAD  (82967)","LocCity":"SAN MATEO","LocCounty":"PUTNAM","LocState":"FL","Nepa":"N","QZone":"0        NaN\n1        NaN\n2        NaN\n3        NaN\n4        NaN\n        ... \n24924    NaN\n24925    NaN\n24926    NaN\n24927    NaN\n24928    NaN\nName: 36, Length: 24929, dtype: object","TowReg":1205074,"SupStruc":121.90000000000001,"AllStruc":128,"StrucType":"GTOWER","LicStatus":"A","latdec":29.609666666700001,"londec":-81.579777777800004,"url":"http://wireless2.fcc.gov/UlsApp/UlsSearch/licenseLocSum.jsp?licKey=12059"}},{"type":"Feature","id":163,"geometry":{"type":"Point","coordinates":[-80.426249999887546,27.708888889260038]},"properties":{"FID":163,"OBJECTID":4723,"UniqSysID":12064,"Licensee":"FLORIDA RSA NO. 2B (INDIAN RIVER) LIMITED PARTNERSHIP","Callsign":"KNKN990","LocNum":1,"LatDeg":27,"LatMin":42,"LatSec":32,"LatDir":"N","LonDeg":80,"LonMin":25,"LonSec":34.5,"LonDir":"W","LocAdd":"3925 65TH STREET   (71362)","LocCity":"VERO BEACH","LocCounty":"INDIAN RIVER","LocState":"FL","Nepa":"N","QZone":"0        NaN\n1        NaN\n2        NaN\n3        NaN\n4        NaN\n        ... \n24924    NaN\n24925    NaN\n24926    NaN\n24927    NaN\n24928    NaN\nName: 36, Length: 24929, dtype: object","TowReg":1030843,"SupStruc":108.5,"AllStruc":114.90000000000001,"StrucType":"GTOWER","LicStatus":"A","latdec":27.708888888899999,"londec":-80.426249999999996,"url":"http://wireless2.fcc.gov/UlsApp/UlsSearch/licenseLocSum.jsp?licKey=12064"}},{"type":"Feature","id":164,"geometry":{"type":"Point","coordinates":[-80.805500000037114,27.672027778267307]},"properties":{"FID":164,"OBJECTID":4724,"UniqSysID":12064,"Licensee":"FLORIDA RSA NO. 2B (INDIAN RIVER) LIMITED PARTNERSHIP","Callsign":"KNKN990","LocNum":3,"LatDeg":27,"LatMin":40,"LatSec":19.300000000000001,"LatDir":"N","LonDeg":80,"LonMin":48,"LonSec":19.800000000000001,"LonDir":"W","LocAdd":"23200 SR 60   (71363)","LocCity":"Vero Beach","LocCounty":"INDIAN RIVER","LocState":"FL","Nepa":"N","QZone":"0        NaN\n1        NaN\n2        NaN\n3        NaN\n4        NaN\n        ... \n24924    NaN\n24925    NaN\n24926    NaN\n24927    NaN\n24928    NaN\nName: 36, Length: 24929, dtype: object","TowReg":1030158,"SupStruc":88.400000000000006,"AllStruc":93,"StrucType":"LTOWER","LicStatus":"A","latdec":27.6720277778,"londec":-80.805499999999995,"url":"http://wireless2.fcc.gov/UlsApp/UlsSearch/licenseLocSum.jsp?licKey=12064"}},{"type":"Feature","id":165,"geometry":{"type":"Point","coordinates":[-80.377749999918649,27.633416666919516]},"properties":{"FID":165,"OBJECTID":4725,"UniqSysID":12064,"Licensee":"FLORIDA RSA NO. 2B (INDIAN RIVER) LIMITED PARTNERSHIP","Callsign":"KNKN990","LocNum":4,"LatDeg":27,"LatMin":38,"LatSec":0.29999999999999999,"LatDir":"N","LonDeg":80,"LonMin":22,"LonSec":39.899999999999999,"LonDir":"W","LocAdd":"100 17TH STREET   (71364)","LocCity":"VERO BEACH","LocCounty":"INDIAN RIVER","LocState":"FL","Nepa":"N","QZone":"0        NaN\n1        NaN\n2        NaN\n3        NaN\n4        NaN\n        ... \n24924    NaN\n24925    NaN\n24926    NaN\n24927    NaN\n24928    NaN\nName: 36, Length: 24929, dtype: object","TowReg":1030842,"SupStruc":61,"AllStruc":62.5,"StrucType":"BTWR","LicStatus":"A","latdec":27.633416666700001,"londec":-80.377750000000006,"url":"http://wireless2.fcc.gov/UlsApp/UlsSearch/licenseLocSum.jsp?licKey=12064"}},{"type":"Feature","id":166,"geometry":{"type":"Point","coordinates":[-80.928972222215407,27.464611111189413]},"properties":{"FID":166,"OBJECTID":4726,"UniqSysID":12064,"Licensee":"FLORIDA RSA NO. 2B (INDIAN RIVER) LIMITED PARTNERSHIP","Callsign":"KNKN990","LocNum":5,"LatDeg":27,"LatMin":27,"LatSec":52.600000000000001,"LatDir":"N","LonDeg":80,"LonMin":55,"LonSec":44.299999999999997,"LonDir":"W","LocAdd":"10400 NW 240TH STREET   (71368)","LocCity":"Okeechobee","LocCounty":"OKEECHOBEE","LocState":"FL","Nepa":"N","QZone":"0        NaN\n1        NaN\n2        NaN\n3        NaN\n4        NaN\n        ... \n24924    NaN\n24925    NaN\n24926    NaN\n24927    NaN\n24928    NaN\nName: 36, Length: 24929, dtype: object","TowReg":1030847,"SupStruc":86.900000000000006,"AllStruc":88.400000000000006,"StrucType":"LTOWER","LicStatus":"A","latdec":27.464611111100002,"londec":-80.928972222200002,"url":"http://wireless2.fcc.gov/UlsApp/UlsSearch/licenseLocSum.jsp?licKey=12064"}},{"type":"Feature","id":167,"geometry":{"type":"Point","coordinates":[-80.338138888975095,27.598888888655097]},"properties":{"FID":167,"OBJECTID":4727,"UniqSysID":12064,"Licensee":"FLORIDA RSA NO. 2B (INDIAN RIVER) LIMITED PARTNERSHIP","Callsign":"KNKN990","LocNum":14,"LatDeg":27,"LatMin":35,"LatSec":56,"LatDir":"N","LonDeg":80,"LonMin":20,"LonSec":17.300000000000001,"LonDir":"W","LocAdd":"100 Harbour Drive   (104457)","LocCity":"Vero Beach","LocCounty":"INDIAN RIVER","LocState":"FL","Nepa":"N","QZone":"0        NaN\n1        NaN\n2        NaN\n3        NaN\n4        NaN\n        ... \n24924    NaN\n24925    NaN\n24926    NaN\n24927    NaN\n24928    NaN\nName: 36, Length: 24929, dtype: object","TowReg":0,"SupStruc":27.699999999999999,"AllStruc":27.699999999999999,"StrucType":"POLE","LicStatus":"A","latdec":27.598888888899999,"londec":-80.338138888900005,"url":"http://wireless2.fcc.gov/UlsApp/UlsSearch/licenseLocSum.jsp?licKey=12064"}},{"type":"Feature","id":168,"geometry":{"type":"Point","coordinates":[-80.544500000010487,27.584833334030179]},"properties":{"FID":168,"OBJECTID":4728,"UniqSysID":12064,"Licensee":"FLORIDA RSA NO. 2B (INDIAN RIVER) LIMITED PARTNERSHIP","Callsign":"KNKN990","LocNum":15,"LatDeg":27,"LatMin":35,"LatSec":5.4000000000000004,"LatDir":"N","LonDeg":80,"LonMin":32,"LonSec":40.200000000000003,"LonDir":"W","LocAdd":"1100 106TH NORTH AVE SW   (7251)","LocCity":"VERO BEACH","LocCounty":"INDIAN RIVER","LocState":"FL","Nepa":"N","QZone":"0        NaN\n1        NaN\n2        NaN\n3        NaN\n4        NaN\n        ... \n24924    NaN\n24925    NaN\n24926    NaN\n24927    NaN\n24928    NaN\nName: 36, Length: 24929, dtype: object","TowReg":1001631,"SupStruc":82.900000000000006,"AllStruc":82.900000000000006,"StrucType":"LTOWER","LicStatus":"A","latdec":27.584833333300001,"londec":-80.544499999999999,"url":"http://wireless2.fcc.gov/UlsApp/UlsSearch/licenseLocSum.jsp?licKey=12064"}},{"type":"Feature","id":169,"geometry":{"type":"Point","coordinates":[-80.856861111727994,27.251444445107836]},"properties":{"FID":169,"OBJECTID":4729,"UniqSysID":12064,"Licensee":"FLORIDA RSA NO. 2B (INDIAN RIVER) LIMITED PARTNERSHIP","Callsign":"KNKN990","LocNum":17,"LatDeg":27,"LatMin":15,"LatSec":5.2000000000000002,"LatDir":"N","LonDeg":80,"LonMin":51,"LonSec":24.699999999999999,"LonDir":"W","LocAdd":"2773 NW 8th Street   (102510)","LocCity":"Okeechobee","LocCounty":"OKEECHOBEE","LocState":"FL","Nepa":"N","QZone":"0        NaN\n1        NaN\n2        NaN\n3        NaN\n4        NaN\n        ... \n24924    NaN\n24925    NaN\n24926    NaN\n24927    NaN\n24928    NaN\nName: 36, Length: 24929, dtype: object","TowReg":1246836,"SupStruc":45.399999999999999,"AllStruc":45.399999999999999,"StrucType":"MTOWER","LicStatus":"A","latdec":27.251444444400001,"londec":-80.856861111100002,"url":"http://wireless2.fcc.gov/UlsApp/UlsSearch/licenseLocSum.jsp?licKey=12064"}},{"type":"Feature","id":170,"geometry":{"type":"Point","coordinates":[-80.401333332732122,27.590277777766914]},"properties":{"FID":170,"OBJECTID":4730,"UniqSysID":12064,"Licensee":"FLORIDA RSA NO. 2B (INDIAN RIVER) LIMITED PARTNERSHIP","Callsign":"KNKN990","LocNum":6,"LatDeg":27,"LatMin":35,"LatSec":25,"LatDir":"N","LonDeg":80,"LonMin":24,"LonSec":4.7999999999999998,"LonDir":"W","LocAdd":"1550 9th Street SW   (85472)","LocCity":"Vero Beach","LocCounty":"INDIAN RIVER","LocState":"FL","Nepa":"N","QZone":"0        NaN\n1        NaN\n2        NaN\n3        NaN\n4        NaN\n        ... \n24924    NaN\n24925    NaN\n24926    NaN\n24927    NaN\n24928    NaN\nName: 36, Length: 24929, dtype: object","TowReg":0,"SupStruc":45.399999999999999,"AllStruc":45.399999999999999,"StrucType":"MTOWER","LicStatus":"A","latdec":27.590277777800001,"londec":-80.401333333300002,"url":"http://wireless2.fcc.gov/UlsApp/UlsSearch/licenseLocSum.jsp?licKey=12064"}},{"type":"Feature","id":171,"geometry":{"type":"Point","coordinates":[-80.621555556399414,27.818444443662997]},"properties":{"FID":171,"OBJECTID":4731,"UniqSysID":12064,"Licensee":"FLORIDA RSA NO. 2B (INDIAN RIVER) LIMITED PARTNERSHIP","Callsign":"KNKN990","LocNum":7,"LatDeg":27,"LatMin":49,"LatSec":6.4000000000000004,"LatDir":"N","LonDeg":80,"LonMin":37,"LonSec":17.600000000000001,"LonDir":"W","LocAdd":"14195 122nd Street   (6593)","LocCity":"Fellsmere","LocCounty":"INDIAN RIVER","LocState":"FL","Nepa":"N","QZone":"0        NaN\n1        NaN\n2        NaN\n3        NaN\n4        NaN\n        ... \n24924    NaN\n24925    NaN\n24926    NaN\n24927    NaN\n24928    NaN\nName: 36, Length: 24929, dtype: object","TowReg":1220830,"SupStruc":91.400000000000006,"AllStruc":96,"StrucType":"GTOWER","LicStatus":"A","latdec":27.818444444400001,"londec":-80.621555555599997,"url":"http://wireless2.fcc.gov/UlsApp/UlsSearch/licenseLocSum.jsp?licKey=12064"}},{"type":"Feature","id":172,"geometry":{"type":"Point","coordinates":[-80.862277777719726,27.624222222385413]},"properties":{"FID":172,"OBJECTID":4732,"UniqSysID":12064,"Licensee":"FLORIDA RSA NO. 2B (INDIAN RIVER) LIMITED PARTNERSHIP","Callsign":"KNKN990","LocNum":8,"LatDeg":27,"LatMin":37,"LatSec":27.199999999999999,"LatDir":"N","LonDeg":80,"LonMin":51,"LonSec":44.200000000000003,"LonDir":"W","LocAdd":"42450 Hwy 441 N   (7249)","LocCity":"Okeechobee","LocCounty":"OKEECHOBEE","LocState":"FL","Nepa":"N","QZone":"0        NaN\n1        NaN\n2        NaN\n3        NaN\n4        NaN\n        ... \n24924    NaN\n24925    NaN\n24926    NaN\n24927    NaN\n24928    NaN\nName: 36, Length: 24929, dtype: object","TowReg":1226262,"SupStruc":76.799999999999997,"AllStruc":80.200000000000003,"StrucType":"LTOWER","LicStatus":"A","latdec":27.6242222222,"londec":-80.862277777800003,"url":"http://wireless2.fcc.gov/UlsApp/UlsSearch/licenseLocSum.jsp?licKey=12064"}},{"type":"Feature","id":173,"geometry":{"type":"Point","coordinates":[-80.696305556068864,27.557916666351275]},"properties":{"FID":173,"OBJECTID":4733,"UniqSysID":12064,"Licensee":"FLORIDA RSA NO. 2B (INDIAN RIVER) LIMITED PARTNERSHIP","Callsign":"KNKN990","LocNum":9,"LatDeg":27,"LatMin":33,"LatSec":28.5,"LatDir":"N","LonDeg":80,"LonMin":41,"LonSec":46.700000000000003,"LonDir":"W","LocAdd":"27200 NE 48TH AVENUE   (7255)","LocCity":"OKEECHOBEE","LocCounty":"OKEECHOBEE","LocState":"FL","Nepa":"N","QZone":"0        NaN\n1        NaN\n2        NaN\n3        NaN\n4        NaN\n        ... \n24924    NaN\n24925    NaN\n24926    NaN\n24927    NaN\n24928    NaN\nName: 36, Length: 24929, dtype: object","TowReg":1000657,"SupStruc":85.599999999999994,"AllStruc":88.099999999999994,"StrucType":"LTOWER","LicStatus":"A","latdec":27.557916666699999,"londec":-80.696305555600006,"url":"http://wireless2.fcc.gov/UlsApp/UlsSearch/licenseLocSum.jsp?licKey=12064"}},{"type":"Feature","id":174,"geometry":{"type":"Point","coordinates":[-80.794666666256944,27.246138889083113]},"properties":{"FID":174,"OBJECTID":4734,"UniqSysID":12064,"Licensee":"FLORIDA RSA NO. 2B (INDIAN RIVER) LIMITED PARTNERSHIP","Callsign":"KNKN990","LocNum":11,"LatDeg":27,"LatMin":14,"LatSec":46.100000000000001,"LatDir":"N","LonDeg":80,"LonMin":47,"LonSec":40.799999999999997,"LonDir":"W","LocAdd":"265 Northeast 34th Avenue   (71367)","LocCity":"OKEECHOBEE","LocCounty":"OKEECHOBEE","LocState":"FL","Nepa":"N","QZone":"0        NaN\n1        NaN\n2        NaN\n3        NaN\n4        NaN\n        ... \n24924    NaN\n24925    NaN\n24926    NaN\n24927    NaN\n24928    NaN\nName: 36, Length: 24929, dtype: object","TowReg":1030848,"SupStruc":91.700000000000003,"AllStruc":96.299999999999997,"StrucType":"LTOWER","LicStatus":"A","latdec":27.246138888899999,"londec":-80.794666666699996,"url":"http://wireless2.fcc.gov/UlsApp/UlsSearch/licenseLocSum.jsp?licKey=12064"}},{"type":"Feature","id":175,"geometry":{"type":"Point","coordinates":[-80.841999999911764,27.375861110617677]},"properties":{"FID":175,"OBJECTID":4735,"UniqSysID":12064,"Licensee":"FLORIDA RSA NO. 2B (INDIAN RIVER) LIMITED PARTNERSHIP","Callsign":"KNKN990","LocNum":12,"LatDeg":27,"LatMin":22,"LatSec":33.100000000000001,"LatDir":"N","LonDeg":80,"LonMin":50,"LonSec":31.199999999999999,"LonDir":"W","LocAdd":"1800 NW 144 Drive   (71385)","LocCity":"OKEECHOBEE","LocCounty":"OKEECHOBEE","LocState":"FL","Nepa":"N","QZone":"0        NaN\n1        NaN\n2        NaN\n3        NaN\n4        NaN\n        ... \n24924    NaN\n24925    NaN\n24926    NaN\n24927    NaN\n24928    NaN\nName: 36, Length: 24929, dtype: object","TowReg":1209778,"SupStruc":152.40000000000001,"AllStruc":152.40000000000001,"StrucType":"GTOWER","LicStatus":"A","latdec":27.375861111100001,"londec":-80.841999999999999,"url":"http://wireless2.fcc.gov/UlsApp/UlsSearch/licenseLocSum.jsp?licKey=12064"}},{"type":"Feature","id":176,"geometry":{"type":"Point","coordinates":[-80.474055555429175,27.81872222194886]},"properties":{"FID":176,"OBJECTID":4736,"UniqSysID":12064,"Licensee":"FLORIDA RSA NO. 2B (INDIAN RIVER) LIMITED PARTNERSHIP","Callsign":"KNKN990","LocNum":13,"LatDeg":27,"LatMin":49,"LatSec":7.4000000000000004,"LatDir":"N","LonDeg":80,"LonMin":28,"LonSec":26.600000000000001,"LonDir":"W","LocAdd":"1201 Main Street   (71369)","LocCity":"Sebastian","LocCounty":"INDIAN RIVER","LocState":"FL","Nepa":"N","QZone":"0        NaN\n1        NaN\n2        NaN\n3        NaN\n4        NaN\n        ... \n24924    NaN\n24925    NaN\n24926    NaN\n24927    NaN\n24928    NaN\nName: 36, Length: 24929, dtype: object","TowReg":1222836,"SupStruc":52.700000000000003,"AllStruc":52.700000000000003,"StrucType":"MTOWER","LicStatus":"A","latdec":27.818722222200002,"londec":-80.474055555600003,"url":"http://wireless2.fcc.gov/UlsApp/UlsSearch/licenseLocSum.jsp?licKey=12064"}},{"type":"Feature","id":177,"geometry":{"type":"Point","coordinates":[-80.913888888757469,27.705277778089737]},"properties":{"FID":177,"OBJECTID":4795,"UniqSysID":12070,"Licensee":"Orlando SMSA Limited Partnership","Callsign":"KNKA253","LocNum":9,"LatDeg":27,"LatMin":42,"LatSec":19,"LatDir":"N","LonDeg":80,"LonMin":54,"LonSec":50,"LonDir":"W","LocAdd":"2675 EAST STATE ROAD 60 (61656)","LocCity":"BASINGER","LocCounty":"OSCEOLA","LocState":"FL","Nepa":"N","QZone":"0        NaN\n1        NaN\n2        NaN\n3        NaN\n4        NaN\n        ... \n24924    NaN\n24925    NaN\n24926    NaN\n24927    NaN\n24928    NaN\nName: 36, Length: 24929, dtype: object","TowReg":1029752,"SupStruc":91.400000000000006,"AllStruc":95.099999999999994,"StrucType":"GTOWER","LicStatus":"A","latdec":27.705277777799999,"londec":-80.913888888900004,"url":"http://wireless2.fcc.gov/UlsApp/UlsSearch/licenseLocSum.jsp?licKey=12070"}},{"type":"Feature","id":178,"geometry":{"type":"Point","coordinates":[-81.617944444900331,28.385305555100672]},"properties":{"FID":178,"OBJECTID":4796,"UniqSysID":12070,"Licensee":"Orlando SMSA Limited Partnership","Callsign":"KNKA253","LocNum":12,"LatDeg":28,"LatMin":23,"LatSec":7.0999999999999996,"LatDir":"N","LonDeg":81,"LonMin":37,"LonSec":4.5999999999999996,"LonDir":"W","LocAdd":"12400 HARTZOG ROAD (61680)","LocCity":"LAKE BUENA VISTA","LocCounty":"ORANGE","LocState":"FL","Nepa":"N","QZone":"0        NaN\n1        NaN\n2        NaN\n3        NaN\n4        NaN\n        ... \n24924    NaN\n24925    NaN\n24926    NaN\n24927    NaN\n24928    NaN\nName: 36, Length: 24929, dtype: object","TowReg":1001962,"SupStruc":86.900000000000006,"AllStruc":88.700000000000003,"StrucType":"LTOWER","LicStatus":"A","latdec":28.385305555599999,"londec":-81.617944444399996,"url":"http://wireless2.fcc.gov/UlsApp/UlsSearch/licenseLocSum.jsp?licKey=12070"}},{"type":"Feature","id":179,"geometry":{"type":"Point","coordinates":[-81.647361111080329,28.54816666732728]},"properties":{"FID":179,"OBJECTID":4797,"UniqSysID":12070,"Licensee":"Orlando SMSA Limited Partnership","Callsign":"KNKA253","LocNum":37,"LatDeg":28,"LatMin":32,"LatSec":53.399999999999999,"LatDir":"N","LonDeg":81,"LonMin":38,"LonSec":50.5,"LonDir":"W","LocAdd":"931 W. Oakland Rd (119041)","LocCity":"OAKLAND","LocCounty":"ORANGE","LocState":"FL","Nepa":"N","QZone":"0        NaN\n1        NaN\n2        NaN\n3        NaN\n4        NaN\n        ... \n24924    NaN\n24925    NaN\n24926    NaN\n24927    NaN\n24928    NaN\nName: 36, Length: 24929, dtype: object","TowReg":1040740,"SupStruc":76.200000000000003,"AllStruc":79.200000000000003,"StrucType":"LTOWER","LicStatus":"A","latdec":28.548166666699998,"londec":-81.647361111099997,"url":"http://wireless2.fcc.gov/UlsApp/UlsSearch/licenseLocSum.jsp?licKey=12070"}},{"type":"Feature","id":180,"geometry":{"type":"Point","coordinates":[-81.523333333001233,28.759166667335251]},"properties":{"FID":180,"OBJECTID":4798,"UniqSysID":12070,"Licensee":"Orlando SMSA Limited Partnership","Callsign":"KNKA253","LocNum":38,"LatDeg":28,"LatMin":45,"LatSec":33,"LatDir":"N","LonDeg":81,"LonMin":31,"LonSec":24,"LonDir":"W","LocAdd":"661 W Kelly Park Rd  (138280)","LocCity":"Apopka","LocCounty":"ORANGE","LocState":"FL","Nepa":"N","QZone":"0        NaN\n1        NaN\n2        NaN\n3        NaN\n4        NaN\n        ... \n24924    NaN\n24925    NaN\n24926    NaN\n24927    NaN\n24928    NaN\nName: 36, Length: 24929, dtype: object","TowReg":0,"SupStruc":50.899999999999999,"AllStruc":50.899999999999999,"StrucType":"MTOWER","LicStatus":"A","latdec":28.759166666700001,"londec":-81.523333333300002,"url":"http://wireless2.fcc.gov/UlsApp/UlsSearch/licenseLocSum.jsp?licKey=12070"}},{"type":"Feature","id":181,"geometry":{"type":"Point","coordinates":[-81.483583334429738,28.183722222158679]},"properties":{"FID":181,"OBJECTID":4799,"UniqSysID":12070,"Licensee":"Orlando SMSA Limited Partnership","Callsign":"KNKA253","LocNum":39,"LatDeg":28,"LatMin":11,"LatSec":1.3999999999999999,"LatDir":"N","LonDeg":81,"LonMin":29,"LonSec":0.90000000000000002,"LonDir":"W","LocAdd":"3701 Marigold Ave. (139349)","LocCity":"Kissimmee","LocCounty":"OSCEOLA","LocState":"FL","Nepa":"N","QZone":"0        NaN\n1        NaN\n2        NaN\n3        NaN\n4        NaN\n        ... \n24924    NaN\n24925    NaN\n24926    NaN\n24927    NaN\n24928    NaN\nName: 36, Length: 24929, dtype: object","TowReg":1216962,"SupStruc":56.399999999999999,"AllStruc":56.399999999999999,"StrucType":"MTOWER","LicStatus":"A","latdec":28.1837222222,"londec":-81.483583333300004,"url":"http://wireless2.fcc.gov/UlsApp/UlsSearch/licenseLocSum.jsp?licKey=12070"}},{"type":"Feature","id":182,"geometry":{"type":"Point","coordinates":[-81.187861112153882,28.024944443977574]},"properties":{"FID":182,"OBJECTID":4800,"UniqSysID":12070,"Licensee":"Orlando SMSA Limited Partnership","Callsign":"KNKA253","LocNum":18,"LatDeg":28,"LatMin":1,"LatSec":29.800000000000001,"LatDir":"N","LonDeg":81,"LonMin":11,"LonSec":16.300000000000001,"LonDir":"W","LocAdd":"4201 North Canoe Creek Road (61701)","LocCity":"KENANSVILLE","LocCounty":"OSCEOLA","LocState":"FL","Nepa":"N","QZone":"0        NaN\n1        NaN\n2        NaN\n3        NaN\n4        NaN\n        ... \n24924    NaN\n24925    NaN\n24926    NaN\n24927    NaN\n24928    NaN\nName: 36, Length: 24929, dtype: object","TowReg":1040919,"SupStruc":91.400000000000006,"AllStruc":93.599999999999994,"StrucType":"GTOWER","LicStatus":"A","latdec":28.024944444399999,"londec":-81.187861111100005,"url":"http://wireless2.fcc.gov/UlsApp/UlsSearch/licenseLocSum.jsp?licKey=12070"}},{"type":"Feature","id":183,"geometry":{"type":"Point","coordinates":[-81.30455555629328,28.815472223061931]},"properties":{"FID":183,"OBJECTID":4801,"UniqSysID":12070,"Licensee":"Orlando SMSA Limited Partnership","Callsign":"KNKA253","LocNum":20,"LatDeg":28,"LatMin":48,"LatSec":55.700000000000003,"LatDir":"N","LonDeg":81,"LonMin":18,"LonSec":16.399999999999999,"LonDir":"W","LocAdd":"3051 NARCISSUS AVENUE (61637)","LocCity":"SANFORD","LocCounty":"SEMINOLE","LocState":"FL","Nepa":"N","QZone":"0        NaN\n1        NaN\n2        NaN\n3        NaN\n4        NaN\n        ... \n24924    NaN\n24925    NaN\n24926    NaN\n24927    NaN\n24928    NaN\nName: 36, Length: 24929, dtype: object","TowReg":1029737,"SupStruc":77.099999999999994,"AllStruc":81.700000000000003,"StrucType":"LTOWER","LicStatus":"A","latdec":28.8154722222,"londec":-81.304555555600004,"url":"http://wireless2.fcc.gov/UlsApp/UlsSearch/licenseLocSum.jsp?licKey=12070"}},{"type":"Feature","id":184,"geometry":{"type":"Point","coordinates":[-81.361083332832379,28.818805555065239]},"properties":{"FID":184,"OBJECTID":4802,"UniqSysID":12070,"Licensee":"Orlando SMSA Limited Partnership","Callsign":"KNKA253","LocNum":21,"LatDeg":28,"LatMin":49,"LatSec":7.7000000000000002,"LatDir":"N","LonDeg":81,"LonMin":21,"LonSec":39.899999999999999,"LonDir":"W","LocAdd":"5397 ORANGE BLVD. (61674)","LocCity":"Sanford","LocCounty":"SEMINOLE","LocState":"FL","Nepa":"N","QZone":"0        NaN\n1        NaN\n2        NaN\n3        NaN\n4        NaN\n        ... \n24924    NaN\n24925    NaN\n24926    NaN\n24927    NaN\n24928    NaN\nName: 36, Length: 24929, dtype: object","TowReg":0,"SupStruc":55.200000000000003,"AllStruc":56.700000000000003,"StrucType":"MTOWER","LicStatus":"A","latdec":28.818805555600001,"londec":-81.361083333300002,"url":"http://wireless2.fcc.gov/UlsApp/UlsSearch/licenseLocSum.jsp?licKey=12070"}},{"type":"Feature","id":185,"geometry":{"type":"Point","coordinates":[-80.968388889222467,28.453361110957928]},"properties":{"FID":185,"OBJECTID":4803,"UniqSysID":12070,"Licensee":"Orlando SMSA Limited Partnership","Callsign":"KNKA253","LocNum":22,"LatDeg":28,"LatMin":27,"LatSec":12.1,"LatDir":"N","LonDeg":80,"LonMin":58,"LonSec":6.2000000000000002,"LonDir":"W","LocAdd":"26513 YATES ROAD (61684)","LocCity":"CHRISTMAS","LocCounty":"ORANGE","LocState":"FL","Nepa":"N","QZone":"0        NaN\n1        NaN\n2        NaN\n3        NaN\n4        NaN\n        ... \n24924    NaN\n24925    NaN\n24926    NaN\n24927    NaN\n24928    NaN\nName: 36, Length: 24929, dtype: object","TowReg":1029040,"SupStruc":94.5,"AllStruc":94.5,"StrucType":"LTOWER","LicStatus":"A","latdec":28.453361111100001,"londec":-80.968388888899995,"url":"http://wireless2.fcc.gov/UlsApp/UlsSearch/licenseLocSum.jsp?licKey=12070"}},{"type":"Feature","id":186,"geometry":{"type":"Point","coordinates":[-80.971749999638348,28.538194444722592]},"properties":{"FID":186,"OBJECTID":4804,"UniqSysID":12070,"Licensee":"Orlando SMSA Limited Partnership","Callsign":"KNKA253","LocNum":23,"LatDeg":28,"LatMin":32,"LatSec":17.5,"LatDir":"N","LonDeg":80,"LonMin":58,"LonSec":18.300000000000001,"LonDir":"W","LocAdd":"26450 EAST COLONIAL DRIVE (61686)","LocCity":"CHRISTMAS","LocCounty":"ORANGE","LocState":"FL","Nepa":"N","QZone":"0        NaN\n1        NaN\n2        NaN\n3        NaN\n4        NaN\n        ... \n24924    NaN\n24925    NaN\n24926    NaN\n24927    NaN\n24928    NaN\nName: 36, Length: 24929, dtype: object","TowReg":1011715,"SupStruc":86.299999999999997,"AllStruc":88.099999999999994,"StrucType":"LTOWER","LicStatus":"A","latdec":28.538194444399998,"londec":-80.97175,"url":"http://wireless2.fcc.gov/UlsApp/UlsSearch/licenseLocSum.jsp?licKey=12070"}},{"type":"Feature","id":187,"geometry":{"type":"Point","coordinates":[-81.587750000279357,28.283611111050618]},"properties":{"FID":187,"OBJECTID":4805,"UniqSysID":12070,"Licensee":"Orlando SMSA Limited Partnership","Callsign":"KNKA253","LocNum":24,"LatDeg":28,"LatMin":17,"LatSec":1,"LatDir":"N","LonDeg":81,"LonMin":35,"LonSec":15.9,"LonDir":"W","LocAdd":"721 S. Old Lake Wilson Road (82362)","LocCity":"Kissimmee","LocCounty":"OSCEOLA","LocState":"FL","Nepa":"N","QZone":"0        NaN\n1        NaN\n2        NaN\n3        NaN\n4        NaN\n        ... \n24924    NaN\n24925    NaN\n24926    NaN\n24927    NaN\n24928    NaN\nName: 36, Length: 24929, dtype: object","TowReg":1246913,"SupStruc":57.899999999999999,"AllStruc":59.100000000000001,"StrucType":"MTOWER","LicStatus":"A","latdec":28.283611111100001,"londec":-81.58775,"url":"http://wireless2.fcc.gov/UlsApp/UlsSearch/licenseLocSum.jsp?licKey=12070"}},{"type":"Feature","id":188,"geometry":{"type":"Point","coordinates":[-81.626277778024587,28.772277777254999]},"properties":{"FID":188,"OBJECTID":4806,"UniqSysID":12070,"Licensee":"Orlando SMSA Limited Partnership","Callsign":"KNKA253","LocNum":25,"LatDeg":28,"LatMin":46,"LatSec":20.199999999999999,"LatDir":"N","LonDeg":81,"LonMin":37,"LonSec":34.600000000000001,"LonDir":"W","LocAdd":"6084 N ORANGE BLOSSOM TR (61737)","LocCity":"MOUNT DORA","LocCounty":"ORANGE","LocState":"FL","Nepa":"N","QZone":"0        NaN\n1        NaN\n2        NaN\n3        NaN\n4        NaN\n        ... \n24924    NaN\n24925    NaN\n24926    NaN\n24927    NaN\n24928    NaN\nName: 36, Length: 24929, dtype: object","TowReg":1030516,"SupStruc":77.400000000000006,"AllStruc":80.5,"StrucType":"LTOWER","LicStatus":"A","latdec":28.772277777799999,"londec":-81.626277777799999,"url":"http://wireless2.fcc.gov/UlsApp/UlsSearch/licenseLocSum.jsp?licKey=12070"}},{"type":"Feature","id":189,"geometry":{"type":"Point","coordinates":[-80.864305555590363,28.088805555080626]},"properties":{"FID":189,"OBJECTID":4807,"UniqSysID":12070,"Licensee":"Orlando SMSA Limited Partnership","Callsign":"KNKA253","LocNum":26,"LatDeg":28,"LatMin":5,"LatSec":19.699999999999999,"LatDir":"N","LonDeg":80,"LonMin":51,"LonSec":51.5,"LonDir":"W","LocAdd":"1412 MORNINGSIDE DRV 14050 E IRLO BRONSON HWY (61687)","LocCity":"KISSIMMEE","LocCounty":"OSCEOLA","LocState":"FL","Nepa":"N","QZone":"0        NaN\n1        NaN\n2        NaN\n3        NaN\n4        NaN\n        ... \n24924    NaN\n24925    NaN\n24926    NaN\n24927    NaN\n24928    NaN\nName: 36, Length: 24929, dtype: object","TowReg":1011714,"SupStruc":86.900000000000006,"AllStruc":88.099999999999994,"StrucType":"LTOWER","LicStatus":"A","latdec":28.0888055556,"londec":-80.864305555599998,"url":"http://wireless2.fcc.gov/UlsApp/UlsSearch/licenseLocSum.jsp?licKey=12070"}},{"type":"Feature","id":190,"geometry":{"type":"Point","coordinates":[-81.214666666857283,28.788027778155595]},"properties":{"FID":190,"OBJECTID":4808,"UniqSysID":12070,"Licensee":"Orlando SMSA Limited Partnership","Callsign":"KNKA253","LocNum":27,"LatDeg":28,"LatMin":47,"LatSec":16.899999999999999,"LatDir":"N","LonDeg":81,"LonMin":12,"LonSec":52.799999999999997,"LonDir":"W","LocAdd":"2333 Cameron Avenue (61744)","LocCity":"SANFORD","LocCounty":"SEMINOLE","LocState":"FL","Nepa":"N","QZone":"0        NaN\n1        NaN\n2        NaN\n3        NaN\n4        NaN\n        ... \n24924    NaN\n24925    NaN\n24926    NaN\n24927    NaN\n24928    NaN\nName: 36, Length: 24929, dtype: object","TowReg":1245659,"SupStruc":45.700000000000003,"AllStruc":45.700000000000003,"StrucType":"MTOWER","LicStatus":"A","latdec":28.7880277778,"londec":-81.214666666699998,"url":"http://wireless2.fcc.gov/UlsApp/UlsSearch/licenseLocSum.jsp?licKey=12070"}},{"type":"Feature","id":191,"geometry":{"type":"Point","coordinates":[-81.456388889158518,28.183277778090996]},"properties":{"FID":191,"OBJECTID":4809,"UniqSysID":12070,"Licensee":"Orlando SMSA Limited Partnership","Callsign":"KNKA253","LocNum":29,"LatDeg":28,"LatMin":10,"LatSec":59.799999999999997,"LatDir":"N","LonDeg":81,"LonMin":27,"LonSec":23,"LonDir":"W","LocAdd":"3705 SOUTH POINCIANA BOULEVARD (16404)","LocCity":"KISSIMMEE","LocCounty":"OSCEOLA","LocState":"FL","Nepa":"N","QZone":"0        NaN\n1        NaN\n2        NaN\n3        NaN\n4        NaN\n        ... \n24924    NaN\n24925    NaN\n24926    NaN\n24927    NaN\n24928    NaN\nName: 36, Length: 24929, dtype: object","TowReg":0,"SupStruc":55.5,"AllStruc":57,"StrucType":"MTOWER","LicStatus":"A","latdec":28.183277777800001,"londec":-81.456388888899994,"url":"http://wireless2.fcc.gov/UlsApp/UlsSearch/licenseLocSum.jsp?licKey=12070"}},{"type":"Feature","id":192,"geometry":{"type":"Point","coordinates":[-80.967222222010207,27.788611110992974]},"properties":{"FID":192,"OBJECTID":4810,"UniqSysID":12070,"Licensee":"Orlando SMSA Limited Partnership","Callsign":"KNKA253","LocNum":30,"LatDeg":27,"LatMin":47,"LatSec":19,"LatDir":"N","LonDeg":80,"LonMin":58,"LonSec":2,"LonDir":"W","LocAdd":"3362 SOUTH KENANSVILLE ROAD (15313)","LocCity":"FELLSMERE","LocCounty":"OSCEOLA","LocState":"FL","Nepa":"N","QZone":"0        NaN\n1        NaN\n2        NaN\n3        NaN\n4        NaN\n        ... \n24924    NaN\n24925    NaN\n24926    NaN\n24927    NaN\n24928    NaN\nName: 36, Length: 24929, dtype: object","TowReg":1040918,"SupStruc":91.400000000000006,"AllStruc":93.799999999999997,"StrucType":"GTOWER","LicStatus":"A","latdec":27.7886111111,"londec":-80.967222222199993,"url":"http://wireless2.fcc.gov/UlsApp/UlsSearch/licenseLocSum.jsp?licKey=12070"}},{"type":"Feature","id":193,"geometry":{"type":"Point","coordinates":[-81.083305554838205,27.897722222154982]},"properties":{"FID":193,"OBJECTID":4811,"UniqSysID":12070,"Licensee":"Orlando SMSA Limited Partnership","Callsign":"KNKA253","LocNum":31,"LatDeg":27,"LatMin":53,"LatSec":51.799999999999997,"LatDir":"N","LonDeg":81,"LonMin":4,"LonSec":59.899999999999999,"LonDir":"W","LocAdd":"915 Canoe Creek Road   (7633)","LocCity":"Kenansville","LocCounty":"OSCEOLA","LocState":"FL","Nepa":"N","QZone":"0        NaN\n1        NaN\n2        NaN\n3        NaN\n4        NaN\n        ... \n24924    NaN\n24925    NaN\n24926    NaN\n24927    NaN\n24928    NaN\nName: 36, Length: 24929, dtype: object","TowReg":1201389,"SupStruc":87.5,"AllStruc":90.200000000000003,"StrucType":"GTOWER","LicStatus":"A","latdec":27.897722222199999,"londec":-81.083305555600006,"url":"http://wireless2.fcc.gov/UlsApp/UlsSearch/licenseLocSum.jsp?licKey=12070"}},{"type":"Feature","id":194,"geometry":{"type":"Point","coordinates":[-81.266944443718558,28.089722222140608]},"properties":{"FID":194,"OBJECTID":4812,"UniqSysID":12070,"Licensee":"Orlando SMSA Limited Partnership","Callsign":"KNKA253","LocNum":33,"LatDeg":28,"LatMin":5,"LatSec":23,"LatDir":"N","LonDeg":81,"LonMin":16,"LonSec":1,"LonDir":"W","LocAdd":"6300 CANOE CREEK RD (7701)","LocCity":"SAINT CLOUD","LocCounty":"OSCEOLA","LocState":"FL","Nepa":"N","QZone":"0        NaN\n1        NaN\n2        NaN\n3        NaN\n4        NaN\n        ... \n24924    NaN\n24925    NaN\n24926    NaN\n24927    NaN\n24928    NaN\nName: 36, Length: 24929, dtype: object","TowReg":1043290,"SupStruc":121.90000000000001,"AllStruc":121.90000000000001,"StrucType":"GTOWER","LicStatus":"A","latdec":28.089722222199999,"londec":-81.266944444399996,"url":"http://wireless2.fcc.gov/UlsApp/UlsSearch/licenseLocSum.jsp?licKey=12070"}},{"type":"Feature","id":195,"geometry":{"type":"Point","coordinates":[-81.133333333983728,28.750361111060727]},"properties":{"FID":195,"OBJECTID":4813,"UniqSysID":12070,"Licensee":"Orlando SMSA Limited Partnership","Callsign":"KNKA253","LocNum":34,"LatDeg":28,"LatMin":45,"LatSec":1.3,"LatDir":"N","LonDeg":81,"LonMin":8,"LonSec":0,"LonDir":"W","LocAdd":"1438 SR 46 (7712)","LocCity":"GENEVA","LocCounty":"SEMINOLE","LocState":"FL","Nepa":"N","QZone":"0        NaN\n1        NaN\n2        NaN\n3        NaN\n4        NaN\n        ... \n24924    NaN\n24925    NaN\n24926    NaN\n24927    NaN\n24928    NaN\nName: 36, Length: 24929, dtype: object","TowReg":1030506,"SupStruc":86.299999999999997,"AllStruc":89.900000000000006,"StrucType":"LTOWER","LicStatus":"A","latdec":28.750361111099998,"londec":-81.133333333300001,"url":"http://wireless2.fcc.gov/UlsApp/UlsSearch/licenseLocSum.jsp?licKey=12070"}},{"type":"Feature","id":196,"geometry":{"type":"Point","coordinates":[-81.830166666109278,28.556083333130516]},"properties":{"FID":196,"OBJECTID":4814,"UniqSysID":12071,"Licensee":"Orlando SMSA Limited Partnership","Callsign":"KNKN994","LocNum":4,"LatDeg":28,"LatMin":33,"LatSec":21.899999999999999,"LatDir":"N","LonDeg":81,"LonMin":49,"LonSec":48.600000000000001,"LonDir":"W","LocAdd":"14330 EASTSIDE DRIVE   (71389)","LocCity":"Groveland","LocCounty":"LAKE","LocState":"FL","Nepa":"N","QZone":"0        NaN\n1        NaN\n2        NaN\n3        NaN\n4        NaN\n        ... \n24924    NaN\n24925    NaN\n24926    NaN\n24927    NaN\n24928    NaN\nName: 36, Length: 24929, dtype: object","TowReg":1030511,"SupStruc":86.299999999999997,"AllStruc":88.099999999999994,"StrucType":"LTOWER","LicStatus":"A","latdec":28.556083333299998,"londec":-81.830166666699995,"url":"http://wireless2.fcc.gov/UlsApp/UlsSearch/licenseLocSum.jsp?licKey=12071"}},{"type":"Feature","id":197,"geometry":{"type":"Point","coordinates":[-81.847499999977856,28.670694444870549]},"properties":{"FID":197,"OBJECTID":4815,"UniqSysID":12071,"Licensee":"Orlando SMSA Limited Partnership","Callsign":"KNKN994","LocNum":6,"LatDeg":28,"LatMin":40,"LatSec":14.5,"LatDir":"N","LonDeg":81,"LonMin":50,"LonSec":51,"LonDir":"W","LocAdd":"6435 BLUE CEDAR ROAD   (71391)","LocCity":"LEESBURG","LocCounty":"LAKE","LocState":"FL","Nepa":"N","QZone":"0        NaN\n1        NaN\n2        NaN\n3        NaN\n4        NaN\n        ... \n24924    NaN\n24925    NaN\n24926    NaN\n24927    NaN\n24928    NaN\nName: 36, Length: 24929, dtype: object","TowReg":1055228,"SupStruc":73.200000000000003,"AllStruc":76.200000000000003,"StrucType":"LTOWER","LicStatus":"A","latdec":28.670694444399999,"londec":-81.847499999999997,"url":"http://wireless2.fcc.gov/UlsApp/UlsSearch/licenseLocSum.jsp?licKey=12071"}},{"type":"Feature","id":198,"geometry":{"type":"Point","coordinates":[-81.957166666731439,28.95316666726842]},"properties":{"FID":198,"OBJECTID":4816,"UniqSysID":12071,"Licensee":"Orlando SMSA Limited Partnership","Callsign":"KNKN994","LocNum":27,"LatDeg":28,"LatMin":57,"LatSec":11.4,"LatDir":"N","LonDeg":81,"LonMin":57,"LonSec":25.800000000000001,"LonDir":"W","LocAdd":"13473 WEST HIGHWAY 441  (71390)","LocCity":"LADY LAKE","LocCounty":"SUMTER","LocState":"FL","Nepa":"N","QZone":"0        NaN\n1        NaN\n2        NaN\n3        NaN\n4        NaN\n        ... \n24924    NaN\n24925    NaN\n24926    NaN\n24927    NaN\n24928    NaN\nName: 36, Length: 24929, dtype: object","TowReg":0,"SupStruc":54.299999999999997,"AllStruc":55.799999999999997,"StrucType":"LTOWER","LicStatus":"A","latdec":28.9531666667,"londec":-81.957166666700004,"url":"http://wireless2.fcc.gov/UlsApp/UlsSearch/licenseLocSum.jsp?licKey=12071"}},{"type":"Feature","id":199,"geometry":{"type":"Point","coordinates":[-81.771499999980392,28.48916666687137]},"properties":{"FID":199,"OBJECTID":4817,"UniqSysID":12071,"Licensee":"Orlando SMSA Limited Partnership","Callsign":"KNKN994","LocNum":28,"LatDeg":28,"LatMin":29,"LatSec":21,"LatDir":"N","LonDeg":81,"LonMin":46,"LonSec":17.399999999999999,"LonDir":"W","LocAdd":"11043 True Life Way  (140161)","LocCity":"Clermont","LocCounty":"LAKE","LocState":"FL","Nepa":"N","QZone":"0        NaN\n1        NaN\n2        NaN\n3        NaN\n4        NaN\n        ... \n24924    NaN\n24925    NaN\n24926    NaN\n24927    NaN\n24928    NaN\nName: 36, Length: 24929, dtype: object","TowReg":0,"SupStruc":51.799999999999997,"AllStruc":51.799999999999997,"StrucType":"MTOWER","LicStatus":"A","latdec":28.489166666700001,"londec":-81.771500000000003,"url":"http://wireless2.fcc.gov/UlsApp/UlsSearch/licenseLocSum.jsp?licKey=12071"}},{"type":"Feature","id":200,"geometry":{"type":"Point","coordinates":[-81.716166666562231,28.468250000216301]},"properties":{"FID":200,"OBJECTID":4818,"UniqSysID":12071,"Licensee":"Orlando SMSA Limited Partnership","Callsign":"KNKN994","LocNum":26,"LatDeg":28,"LatMin":28,"LatSec":5.7000000000000002,"LatDir":"N","LonDeg":81,"LonMin":42,"LonSec":58.200000000000003,"LonDir":"W","LocAdd":"8325 NORTH BRADSHAW ROAD   (7566)","LocCity":"CLERMONT","LocCounty":"LAKE","LocState":"FL","Nepa":"N","QZone":"0        NaN\n1        NaN\n2        NaN\n3        NaN\n4        NaN\n        ... \n24924    NaN\n24925    NaN\n24926    NaN\n24927    NaN\n24928    NaN\nName: 36, Length: 24929, dtype: object","TowReg":1040927,"SupStruc":92,"AllStruc":97.5,"StrucType":"GTOWER","LicStatus":"A","latdec":28.468250000000001,"londec":-81.716166666700005,"url":"http://wireless2.fcc.gov/UlsApp/UlsSearch/licenseLocSum.jsp?licKey=12071"}},{"type":"Feature","id":201,"geometry":{"type":"Point","coordinates":[-81.508416666672929,29.163083333319094]},"properties":{"FID":201,"OBJECTID":4819,"UniqSysID":12071,"Licensee":"Orlando SMSA Limited Partnership","Callsign":"KNKN994","LocNum":14,"LatDeg":29,"LatMin":9,"LatSec":47.100000000000001,"LatDir":"N","LonDeg":81,"LonMin":30,"LonSec":30.300000000000001,"LonDir":"W","LocAdd":"2120 St. Johns River Road   (64947)","LocCity":"Astor","LocCounty":"VOLUSIA","LocState":"FL","Nepa":"N","QZone":"0        NaN\n1        NaN\n2        NaN\n3        NaN\n4        NaN\n        ... \n24924    NaN\n24925    NaN\n24926    NaN\n24927    NaN\n24928    NaN\nName: 36, Length: 24929, dtype: object","TowReg":1242163,"SupStruc":82.299999999999997,"AllStruc":88.400000000000006,"StrucType":"GTOWER","LicStatus":"A","latdec":29.163083333300001,"londec":-81.508416666700001,"url":"http://wireless2.fcc.gov/UlsApp/UlsSearch/licenseLocSum.jsp?licKey=12071"}},{"type":"Feature","id":202,"geometry":{"type":"Point","coordinates":[-81.467333332861244,28.814722221763759]},"properties":{"FID":202,"OBJECTID":4820,"UniqSysID":12071,"Licensee":"Orlando SMSA Limited Partnership","Callsign":"KNKN994","LocNum":15,"LatDeg":28,"LatMin":48,"LatSec":53,"LatDir":"N","LonDeg":81,"LonMin":28,"LonSec":2.3999999999999999,"LonDir":"W","LocAdd":"29707 County Road 46A   (71397)","LocCity":"Sorrento","LocCounty":"LAKE","LocState":"FL","Nepa":"N","QZone":"0        NaN\n1        NaN\n2        NaN\n3        NaN\n4        NaN\n        ... \n24924    NaN\n24925    NaN\n24926    NaN\n24927    NaN\n24928    NaN\nName: 36, Length: 24929, dtype: object","TowReg":1224871,"SupStruc":57.899999999999999,"AllStruc":60.700000000000003,"StrucType":"MTOWER","LicStatus":"A","latdec":28.8147222222,"londec":-81.467333333300004,"url":"http://wireless2.fcc.gov/UlsApp/UlsSearch/licenseLocSum.jsp?licKey=12071"}},{"type":"Feature","id":203,"geometry":{"type":"Point","coordinates":[-81.399833333117726,28.977361111380048]},"properties":{"FID":203,"OBJECTID":4821,"UniqSysID":12071,"Licensee":"Orlando SMSA Limited Partnership","Callsign":"KNKN994","LocNum":16,"LatDeg":28,"LatMin":58,"LatSec":38.5,"LatDir":"N","LonDeg":81,"LonMin":23,"LonSec":59.399999999999999,"LonDir":"W","LocAdd":"34600 Cummer Road  (71398)","LocCity":"Deland","LocCounty":"LAKE","LocState":"FL","Nepa":"N","QZone":"0        NaN\n1        NaN\n2        NaN\n3        NaN\n4        NaN\n        ... \n24924    NaN\n24925    NaN\n24926    NaN\n24927    NaN\n24928    NaN\nName: 36, Length: 24929, dtype: object","TowReg":1212766,"SupStruc":81.099999999999994,"AllStruc":83.200000000000003,"StrucType":"LTOWER","LicStatus":"A","latdec":28.977361111099999,"londec":-81.399833333299995,"url":"http://wireless2.fcc.gov/UlsApp/UlsSearch/licenseLocSum.jsp?licKey=12071"}},{"type":"Feature","id":204,"geometry":{"type":"Point","coordinates":[-81.795388889347919,28.948972221941858]},"properties":{"FID":204,"OBJECTID":4822,"UniqSysID":12071,"Licensee":"Orlando SMSA Limited Partnership","Callsign":"KNKN994","LocNum":17,"LatDeg":28,"LatMin":56,"LatSec":56.299999999999997,"LatDir":"N","LonDeg":81,"LonMin":47,"LonSec":43.399999999999999,"LonDir":"W","LocAdd":"41250 Emeralda Island Road (71402)","LocCity":"Leesburg","LocCounty":"LAKE","LocState":"FL","Nepa":"N","QZone":"0        NaN\n1        NaN\n2        NaN\n3        NaN\n4        NaN\n        ... \n24924    NaN\n24925    NaN\n24926    NaN\n24927    NaN\n24928    NaN\nName: 36, Length: 24929, dtype: object","TowReg":1238531,"SupStruc":52.399999999999999,"AllStruc":52.399999999999999,"StrucType":"MTOWER","LicStatus":"A","latdec":28.948972222199998,"londec":-81.795388888900007,"url":"http://wireless2.fcc.gov/UlsApp/UlsSearch/licenseLocSum.jsp?licKey=12071"}},{"type":"Feature","id":205,"geometry":{"type":"Point","coordinates":[-81.695277778341392,28.382999999899539]},"properties":{"FID":205,"OBJECTID":4823,"UniqSysID":12071,"Licensee":"Orlando SMSA Limited Partnership","Callsign":"KNKN994","LocNum":19,"LatDeg":28,"LatMin":22,"LatSec":58.799999999999997,"LatDir":"N","LonDeg":81,"LonMin":41,"LonSec":43,"LonDir":"W","LocAdd":"2425 US Hwy 27   (82040)","LocCity":"Clermont","LocCounty":"LAKE","LocState":"FL","Nepa":"N","QZone":"0        NaN\n1        NaN\n2        NaN\n3        NaN\n4        NaN\n        ... \n24924    NaN\n24925    NaN\n24926    NaN\n24927    NaN\n24928    NaN\nName: 36, Length: 24929, dtype: object","TowReg":1252919,"SupStruc":61.899999999999999,"AllStruc":63.399999999999999,"StrucType":"MTOWER","LicStatus":"A","latdec":28.382999999999999,"londec":-81.695277777800001,"url":"http://wireless2.fcc.gov/UlsApp/UlsSearch/licenseLocSum.jsp?licKey=12071"}},{"type":"Feature","id":206,"geometry":{"type":"Point","coordinates":[-81.725916667144133,28.597083334040406]},"properties":{"FID":206,"OBJECTID":4824,"UniqSysID":12071,"Licensee":"Orlando SMSA Limited Partnership","Callsign":"KNKN994","LocNum":20,"LatDeg":28,"LatMin":35,"LatSec":49.5,"LatDir":"N","LonDeg":81,"LonMin":43,"LonSec":33.299999999999997,"LonDir":"W","LocAdd":"18250 Scrub Jay Ln.   (71386)","LocCity":"Clermont","LocCounty":"LAKE","LocState":"FL","Nepa":"N","QZone":"0        NaN\n1        NaN\n2        NaN\n3        NaN\n4        NaN\n        ... \n24924    NaN\n24925    NaN\n24926    NaN\n24927    NaN\n24928    NaN\nName: 36, Length: 24929, dtype: object","TowReg":1029738,"SupStruc":84.700000000000003,"AllStruc":86,"StrucType":"LTOWER","LicStatus":"A","latdec":28.597083333299999,"londec":-81.725916666700002,"url":"http://wireless2.fcc.gov/UlsApp/UlsSearch/licenseLocSum.jsp?licKey=12071"}},{"type":"Feature","id":207,"geometry":{"type":"Point","coordinates":[-81.932722222361349,28.946222221699088]},"properties":{"FID":207,"OBJECTID":4825,"UniqSysID":12071,"Licensee":"Orlando SMSA Limited Partnership","Callsign":"KNKN994","LocNum":22,"LatDeg":28,"LatMin":56,"LatSec":46.399999999999999,"LatDir":"N","LonDeg":81,"LonMin":55,"LonSec":57.799999999999997,"LonDir":"W","LocAdd":"41109 COUNTY ROAD 25A   (7552)","LocCity":"WEIRSDALE","LocCounty":"LAKE","LocState":"FL","Nepa":"N","QZone":"0        NaN\n1        NaN\n2        NaN\n3        NaN\n4        NaN\n        ... \n24924    NaN\n24925    NaN\n24926    NaN\n24927    NaN\n24928    NaN\nName: 36, Length: 24929, dtype: object","TowReg":1028826,"SupStruc":76.5,"AllStruc":80.200000000000003,"StrucType":"GTOWER","LicStatus":"A","latdec":28.946222222199999,"londec":-81.932722222199999,"url":"http://wireless2.fcc.gov/UlsApp/UlsSearch/licenseLocSum.jsp?licKey=12071"}},{"type":"Feature","id":208,"geometry":{"type":"Point","coordinates":[-81.915027777426587,28.84352777806879]},"properties":{"FID":208,"OBJECTID":4826,"UniqSysID":12071,"Licensee":"Orlando SMSA Limited Partnership","Callsign":"KNKN994","LocNum":23,"LatDeg":28,"LatMin":50,"LatSec":36.700000000000003,"LatDir":"N","LonDeg":81,"LonMin":54,"LonSec":54.100000000000001,"LonDir":"W","LocAdd":"34016 COUNTY ROAD  #468   (7558)","LocCity":"FRUITLAND PARK","LocCounty":"LAKE","LocState":"FL","Nepa":"N","QZone":"0        NaN\n1        NaN\n2        NaN\n3        NaN\n4        NaN\n        ... \n24924    NaN\n24925    NaN\n24926    NaN\n24927    NaN\n24928    NaN\nName: 36, Length: 24929, dtype: object","TowReg":1036078,"SupStruc":78.599999999999994,"AllStruc":83.200000000000003,"StrucType":"LTOWER","LicStatus":"A","latdec":28.843527777799999,"londec":-81.915027777800006,"url":"http://wireless2.fcc.gov/UlsApp/UlsSearch/licenseLocSum.jsp?licKey=12071"}},{"type":"Feature","id":209,"geometry":{"type":"Point","coordinates":[-81.914750000374568,28.743888889380344]},"properties":{"FID":209,"OBJECTID":4827,"UniqSysID":12071,"Licensee":"Orlando SMSA Limited Partnership","Callsign":"KNKN994","LocNum":24,"LatDeg":28,"LatMin":44,"LatSec":38,"LatDir":"N","LonDeg":81,"LonMin":54,"LonSec":53.100000000000001,"LonDir":"W","LocAdd":"COUNTY ROAD 470   (7562)","LocCity":"Okahumpka","LocCounty":"LAKE","LocState":"FL","Nepa":"N","QZone":"0        NaN\n1        NaN\n2        NaN\n3        NaN\n4        NaN\n        ... \n24924    NaN\n24925    NaN\n24926    NaN\n24927    NaN\n24928    NaN\nName: 36, Length: 24929, dtype: object","TowReg":1205202,"SupStruc":87.5,"AllStruc":89.299999999999997,"StrucType":"LTOWER","LicStatus":"A","latdec":28.743888888899999,"londec":-81.914749999999998,"url":"http://wireless2.fcc.gov/UlsApp/UlsSearch/licenseLocSum.jsp?licKey=12071"}},{"type":"Feature","id":210,"geometry":{"type":"Point","coordinates":[-81.545277776715295,28.811666667281429]},"properties":{"FID":210,"OBJECTID":4828,"UniqSysID":12071,"Licensee":"Orlando SMSA Limited Partnership","Callsign":"KNKN994","LocNum":25,"LatDeg":28,"LatMin":48,"LatSec":42,"LatDir":"N","LonDeg":81,"LonMin":32,"LonSec":43,"LonDir":"W","LocAdd":"24925 HWY 46  (7563)","LocCity":"SORRENTO","LocCounty":"LAKE","LocState":"FL","Nepa":"N","QZone":"0        NaN\n1        NaN\n2        NaN\n3        NaN\n4        NaN\n        ... \n24924    NaN\n24925    NaN\n24926    NaN\n24927    NaN\n24928    NaN\nName: 36, Length: 24929, dtype: object","TowReg":1012824,"SupStruc":75.900000000000006,"AllStruc":82.299999999999997,"StrucType":"LTOWER","LicStatus":"A","latdec":28.811666666699999,"londec":-81.545277777799996,"url":"http://wireless2.fcc.gov/UlsApp/UlsSearch/licenseLocSum.jsp?licKey=12071"}},{"type":"Feature","id":211,"geometry":{"type":"Point","coordinates":[-81.143222222193288,29.46780555503716]},"properties":{"FID":211,"OBJECTID":4829,"UniqSysID":12072,"Licensee":"Orlando SMSA Limited Partnership","Callsign":"KNKQ274","LocNum":1,"LatDeg":29,"LatMin":28,"LatSec":4.0999999999999996,"LatDir":"N","LonDeg":81,"LonMin":8,"LonSec":35.600000000000001,"LonDir":"W","LocAdd":"718 John Anderson Parkway  (6571)","LocCity":"FLAGLER BEACH","LocCounty":"FLAGLER","LocState":"FL","Nepa":"N","QZone":"0        NaN\n1        NaN\n2        NaN\n3        NaN\n4        NaN\n        ... \n24924    NaN\n24925    NaN\n24926    NaN\n24927    NaN\n24928    NaN\nName: 36, Length: 24929, dtype: object","TowReg":1032476,"SupStruc":76.200000000000003,"AllStruc":83.200000000000003,"StrucType":"LTOWER","LicStatus":"A","latdec":29.467805555599998,"londec":-81.143222222199995,"url":"http://wireless2.fcc.gov/UlsApp/UlsSearch/licenseLocSum.jsp?licKey=12072"}},{"type":"Feature","id":212,"geometry":{"type":"Point","coordinates":[-81.18852777797747,29.605750000296723]},"properties":{"FID":212,"OBJECTID":4830,"UniqSysID":12072,"Licensee":"Orlando SMSA Limited Partnership","Callsign":"KNKQ274","LocNum":4,"LatDeg":29,"LatMin":36,"LatSec":20.699999999999999,"LatDir":"N","LonDeg":81,"LonMin":11,"LonSec":18.699999999999999,"LonDir":"W","LocAdd":"200 CRESECENT BEACH DRIVE  (87018)","LocCity":"PALM COAST","LocCounty":"FLAGLER","LocState":"FL","Nepa":"N","QZone":"0        NaN\n1        NaN\n2        NaN\n3        NaN\n4        NaN\n        ... \n24924    NaN\n24925    NaN\n24926    NaN\n24927    NaN\n24928    NaN\nName: 36, Length: 24929, dtype: object","TowReg":0,"SupStruc":55.799999999999997,"AllStruc":55.799999999999997,"StrucType":"B","LicStatus":"A","latdec":29.60575,"londec":-81.188527777800005,"url":"http://wireless2.fcc.gov/UlsApp/UlsSearch/licenseLocSum.jsp?licKey=12072"}},{"type":"Feature","id":213,"geometry":{"type":"Point","coordinates":[-81.15363888859855,29.419083332787181]},"properties":{"FID":213,"OBJECTID":4831,"UniqSysID":12072,"Licensee":"Orlando SMSA Limited Partnership","Callsign":"KNKQ274","LocNum":5,"LatDeg":29,"LatMin":25,"LatSec":8.6999999999999993,"LatDir":"N","LonDeg":81,"LonMin":9,"LonSec":13.1,"LonDir":"W","LocAdd":"26 Eagle Lake Drive (71415)","LocCity":"FLAGLER BEACH","LocCounty":"FLAGLER","LocState":"FL","Nepa":"N","QZone":"0        NaN\n1        NaN\n2        NaN\n3        NaN\n4        NaN\n        ... \n24924    NaN\n24925    NaN\n24926    NaN\n24927    NaN\n24928    NaN\nName: 36, Length: 24929, dtype: object","TowReg":0,"SupStruc":52.100000000000001,"AllStruc":54,"StrucType":"GTOWER","LicStatus":"A","latdec":29.419083333300001,"londec":-81.153638888900005,"url":"http://wireless2.fcc.gov/UlsApp/UlsSearch/licenseLocSum.jsp?licKey=12072"}},{"type":"Feature","id":214,"geometry":{"type":"Point","coordinates":[-81.309666665731072,29.344472223075854]},"properties":{"FID":214,"OBJECTID":4832,"UniqSysID":12072,"Licensee":"Orlando SMSA Limited Partnership","Callsign":"KNKQ274","LocNum":6,"LatDeg":29,"LatMin":20,"LatSec":40.100000000000001,"LatDir":"N","LonDeg":81,"LonMin":18,"LonSec":34.799999999999997,"LonDir":"W","LocAdd":"7830 CR 304  (71416)","LocCity":"BUNNELL","LocCounty":"FLAGLER","LocState":"FL","Nepa":"N","QZone":"0        NaN\n1        NaN\n2        NaN\n3        NaN\n4        NaN\n        ... \n24924    NaN\n24925    NaN\n24926    NaN\n24927    NaN\n24928    NaN\nName: 36, Length: 24929, dtype: object","TowReg":1219732,"SupStruc":78.900000000000006,"AllStruc":80.5,"StrucType":"LTOWER","LicStatus":"A","latdec":29.3444722222,"londec":-81.309666666699997,"url":"http://wireless2.fcc.gov/UlsApp/UlsSearch/licenseLocSum.jsp?licKey=12072"}},{"type":"Feature","id":215,"geometry":{"type":"Point","coordinates":[-81.245694445329718,29.602472222235633]},"properties":{"FID":215,"OBJECTID":4833,"UniqSysID":12072,"Licensee":"Orlando SMSA Limited Partnership","Callsign":"KNKQ274","LocNum":7,"LatDeg":29,"LatMin":36,"LatSec":8.9000000000000004,"LatDir":"N","LonDeg":81,"LonMin":14,"LonSec":44.5,"LonDir":"W","LocAdd":"2455 NORTH OLD KINGS ROAD  (93895)","LocCity":"BUNNELL","LocCounty":"FLAGLER","LocState":"FL","Nepa":"N","QZone":"0        NaN\n1        NaN\n2        NaN\n3        NaN\n4        NaN\n        ... \n24924    NaN\n24925    NaN\n24926    NaN\n24927    NaN\n24928    NaN\nName: 36, Length: 24929, dtype: object","TowReg":1040928,"SupStruc":100.59999999999999,"AllStruc":101.5,"StrucType":"GTOWER","LicStatus":"A","latdec":29.602472222199999,"londec":-81.245694444400002,"url":"http://wireless2.fcc.gov/UlsApp/UlsSearch/licenseLocSum.jsp?licKey=12072"}},{"type":"Feature","id":216,"geometry":{"type":"Point","coordinates":[-81.312833333108813,29.511527778151162]},"properties":{"FID":216,"OBJECTID":4834,"UniqSysID":12072,"Licensee":"Orlando SMSA Limited Partnership","Callsign":"KNKQ274","LocNum":8,"LatDeg":29,"LatMin":30,"LatSec":41.5,"LatDir":"N","LonDeg":81,"LonMin":18,"LonSec":46.200000000000003,"LonDir":"W","LocAdd":"3421 N. Old Dixie Highway  (6569)","LocCity":"Bunnell","LocCounty":"FLAGLER","LocState":"FL","Nepa":"N","QZone":"0        NaN\n1        NaN\n2        NaN\n3        NaN\n4        NaN\n        ... \n24924    NaN\n24925    NaN\n24926    NaN\n24927    NaN\n24928    NaN\nName: 36, Length: 24929, dtype: object","TowReg":1206408,"SupStruc":92.700000000000003,"AllStruc":95.099999999999994,"StrucType":"LTOWER","LicStatus":"A","latdec":29.511527777800001,"londec":-81.312833333300006,"url":"http://wireless2.fcc.gov/UlsApp/UlsSearch/licenseLocSum.jsp?licKey=12072"}},{"type":"Feature","id":217,"geometry":{"type":"Point","coordinates":[-80.982500000302934,26.765000000395617]},"properties":{"FID":217,"OBJECTID":4914,"UniqSysID":12081,"Licensee":"NEW CINGULAR WIRELESS PCS, LLC","Callsign":"KNKQ360","LocNum":5,"LatDeg":26,"LatMin":45,"LatSec":54,"LatDir":"N","LonDeg":80,"LonMin":58,"LonSec":57,"LonDir":"W","LocAdd":"697 COUNTY ROAD 720 (15557)","LocCity":"CLEWISTON","LocCounty":"HENDRY","LocState":"FL","Nepa":"N","QZone":"0        NaN\n1        NaN\n2        NaN\n3        NaN\n4        NaN\n        ... \n24924    NaN\n24925    NaN\n24926    NaN\n24927    NaN\n24928    NaN\nName: 36, Length: 24929, dtype: object","TowReg":1003672,"SupStruc":76.200000000000003,"AllStruc":78.599999999999994,"StrucType":"LTOWER","LicStatus":"A","latdec":26.765000000000001,"londec":-80.982500000000002,"url":"http://wireless2.fcc.gov/UlsApp/UlsSearch/licenseLocSum.jsp?licKey=12081"}},{"type":"Feature","id":218,"geometry":{"type":"Point","coordinates":[-81.062527778336403,26.68661111092365]},"properties":{"FID":218,"OBJECTID":4915,"UniqSysID":12081,"Licensee":"NEW CINGULAR WIRELESS PCS, LLC","Callsign":"KNKQ360","LocNum":3,"LatDeg":26,"LatMin":41,"LatSec":11.800000000000001,"LatDir":"N","LonDeg":81,"LonMin":3,"LonSec":45.100000000000001,"LonDir":"W","LocAdd":"904721 SURRECNY RD (6757)","LocCity":"CLEWISTON","LocCounty":"HENDRY","LocState":"FL","Nepa":"N","QZone":"0        NaN\n1        NaN\n2        NaN\n3        NaN\n4        NaN\n        ... \n24924    NaN\n24925    NaN\n24926    NaN\n24927    NaN\n24928    NaN\nName: 36, Length: 24929, dtype: object","TowReg":1022175,"SupStruc":85.599999999999994,"AllStruc":87.5,"StrucType":"LTOWER","LicStatus":"A","latdec":26.6866111111,"londec":-81.0625277778,"url":"http://wireless2.fcc.gov/UlsApp/UlsSearch/licenseLocSum.jsp?licKey=12081"}},{"type":"Feature","id":219,"geometry":{"type":"Point","coordinates":[-80.900000000217119,26.710500000085403]},"properties":{"FID":219,"OBJECTID":4916,"UniqSysID":12081,"Licensee":"NEW CINGULAR WIRELESS PCS, LLC","Callsign":"KNKQ360","LocNum":4,"LatDeg":26,"LatMin":42,"LatSec":37.799999999999997,"LatDir":"N","LonDeg":80,"LonMin":54,"LonSec":0,"LonDir":"W","LocAdd":"21300 COUNTY RD. 835 (45998)","LocCity":"Clewiston","LocCounty":"HENDRY","LocState":"FL","Nepa":"N","QZone":"0        NaN\n1        NaN\n2        NaN\n3        NaN\n4        NaN\n        ... \n24924    NaN\n24925    NaN\n24926    NaN\n24927    NaN\n24928    NaN\nName: 36, Length: 24929, dtype: object","TowReg":1241093,"SupStruc":77.099999999999994,"AllStruc":78,"StrucType":"MTOWER","LicStatus":"A","latdec":26.7105,"londec":-80.900000000000006,"url":"http://wireless2.fcc.gov/UlsApp/UlsSearch/licenseLocSum.jsp?licKey=12081"}},{"type":"Feature","id":220,"geometry":{"type":"Point","coordinates":[-80.982500000302934,26.765000000395617]},"properties":{"FID":220,"OBJECTID":4917,"UniqSysID":12082,"Licensee":"NEW CINGULAR WIRELESS PCS, LLC","Callsign":"KNKQ361","LocNum":3,"LatDeg":26,"LatMin":45,"LatSec":54,"LatDir":"N","LonDeg":80,"LonMin":58,"LonSec":57,"LonDir":"W","LocAdd":"697 CR 720 (15557)","LocCity":"CLEWISTON","LocCounty":"HENDRY","LocState":"FL","Nepa":"N","QZone":"0        NaN\n1        NaN\n2        NaN\n3        NaN\n4        NaN\n        ... \n24924    NaN\n24925    NaN\n24926    NaN\n24927    NaN\n24928    NaN\nName: 36, Length: 24929, dtype: object","TowReg":1003672,"SupStruc":76.200000000000003,"AllStruc":78.599999999999994,"StrucType":"LTOWER","LicStatus":"A","latdec":26.765000000000001,"londec":-80.982500000000002,"url":"http://wireless2.fcc.gov/UlsApp/UlsSearch/licenseLocSum.jsp?licKey=12082"}},{"type":"Feature","id":221,"geometry":{"type":"Point","coordinates":[-80.084333332565677,26.350166666051564]},"properties":{"FID":221,"OBJECTID":4918,"UniqSysID":12083,"Licensee":"NEW CINGULAR WIRELESS PCS, LLC","Callsign":"KNKA264","LocNum":5,"LatDeg":26,"LatMin":21,"LatSec":0.59999999999999998,"LatDir":"N","LonDeg":80,"LonMin":5,"LonSec":3.6000000000000001,"LonDir":"W","LocAdd":"150 E PALMETTO PARK RD   (7275)","LocCity":"BOCA RATON","LocCounty":"PALM BEACH","LocState":"FL","Nepa":"N","QZone":"0        NaN\n1        NaN\n2        NaN\n3        NaN\n4        NaN\n        ... \n24924    NaN\n24925    NaN\n24926    NaN\n24927    NaN\n24928    NaN\nName: 36, Length: 24929, dtype: object","TowReg":0,"SupStruc":39.600000000000001,"AllStruc":42.399999999999999,"StrucType":"B","LicStatus":"A","latdec":26.350166666700002,"londec":-80.084333333299995,"url":"http://wireless2.fcc.gov/UlsApp/UlsSearch/licenseLocSum.jsp?licKey=12083"}},{"type":"Feature","id":222,"geometry":{"type":"Point","coordinates":[-80.542583332960817,26.337611110974365]},"properties":{"FID":222,"OBJECTID":4919,"UniqSysID":12083,"Licensee":"NEW CINGULAR WIRELESS PCS, LLC","Callsign":"KNKA264","LocNum":6,"LatDeg":26,"LatMin":20,"LatSec":15.4,"LatDir":"N","LonDeg":80,"LonMin":32,"LonSec":33.299999999999997,"LonDir":"W","LocAdd":"22953 US HIGHWAY 27   (62015)","LocCity":"SOUTH BAY","LocCounty":"PALM BEACH","LocState":"FL","Nepa":"N","QZone":"0        NaN\n1        NaN\n2        NaN\n3        NaN\n4        NaN\n        ... \n24924    NaN\n24925    NaN\n24926    NaN\n24927    NaN\n24928    NaN\nName: 36, Length: 24929, dtype: object","TowReg":1030010,"SupStruc":80.799999999999997,"AllStruc":82.299999999999997,"StrucType":"GTOWER","LicStatus":"A","latdec":26.337611111099999,"londec":-80.542583333300001,"url":"http://wireless2.fcc.gov/UlsApp/UlsSearch/licenseLocSum.jsp?licKey=12083"}},{"type":"Feature","id":223,"geometry":{"type":"Point","coordinates":[-80.68133333343178,26.686722222049639]},"properties":{"FID":223,"OBJECTID":4920,"UniqSysID":12083,"Licensee":"NEW CINGULAR WIRELESS PCS, LLC","Callsign":"KNKA264","LocNum":7,"LatDeg":26,"LatMin":41,"LatSec":12.199999999999999,"LatDir":"N","LonDeg":80,"LonMin":40,"LonSec":52.799999999999997,"LonDir":"W","LocAdd":"1304 NW AVENUE B SOUTH   (62017)","LocCity":"BELLE GLADE","LocCounty":"PALM BEACH","LocState":"FL","Nepa":"N","QZone":"0        NaN\n1        NaN\n2        NaN\n3        NaN\n4        NaN\n        ... \n24924    NaN\n24925    NaN\n24926    NaN\n24927    NaN\n24928    NaN\nName: 36, Length: 24929, dtype: object","TowReg":1030006,"SupStruc":77.400000000000006,"AllStruc":81.400000000000006,"StrucType":"GTOWER","LicStatus":"A","latdec":26.6867222222,"londec":-80.681333333300003,"url":"http://wireless2.fcc.gov/UlsApp/UlsSearch/licenseLocSum.jsp?licKey=12083"}},{"type":"Feature","id":224,"geometry":{"type":"Point","coordinates":[-80.069583333367007,26.513972222067309]},"properties":{"FID":224,"OBJECTID":4921,"UniqSysID":12083,"Licensee":"NEW CINGULAR WIRELESS PCS, LLC","Callsign":"KNKA264","LocNum":12,"LatDeg":26,"LatMin":30,"LatSec":50.299999999999997,"LatDir":"N","LonDeg":80,"LonMin":4,"LonSec":10.5,"LonDir":"W","LocAdd":"300 WOOLBRIGHT RD   (7312)","LocCity":"BOYNTON BEACH","LocCounty":"PALM BEACH","LocState":"FL","Nepa":"N","QZone":"0        NaN\n1        NaN\n2        NaN\n3        NaN\n4        NaN\n        ... \n24924    NaN\n24925    NaN\n24926    NaN\n24927    NaN\n24928    NaN\nName: 36, Length: 24929, dtype: object","TowReg":0,"SupStruc":47.200000000000003,"AllStruc":47.200000000000003,"StrucType":"MTOWER","LicStatus":"A","latdec":26.5139722222,"londec":-80.069583333300002,"url":"http://wireless2.fcc.gov/UlsApp/UlsSearch/licenseLocSum.jsp?licKey=12083"}},{"type":"Feature","id":225,"geometry":{"type":"Point","coordinates":[-80.086249999615461,26.956166666644833]},"properties":{"FID":225,"OBJECTID":4922,"UniqSysID":12083,"Licensee":"NEW CINGULAR WIRELESS PCS, LLC","Callsign":"KNKA264","LocNum":14,"LatDeg":26,"LatMin":57,"LatSec":22.199999999999999,"LatDir":"N","LonDeg":80,"LonMin":5,"LonSec":10.5,"LonDir":"W","LocAdd":"136 Bridge Road   (104482)","LocCity":"Tequesta","LocCounty":"PALM BEACH","LocState":"FL","Nepa":"N","QZone":"0        NaN\n1        NaN\n2        NaN\n3        NaN\n4        NaN\n        ... \n24924    NaN\n24925    NaN\n24926    NaN\n24927    NaN\n24928    NaN\nName: 36, Length: 24929, dtype: object","TowReg":0,"SupStruc":40.200000000000003,"AllStruc":40.200000000000003,"StrucType":"POLE","LicStatus":"A","latdec":26.9561666667,"londec":-80.086250000000007,"url":"http://wireless2.fcc.gov/UlsApp/UlsSearch/licenseLocSum.jsp?licKey=12083"}},{"type":"Feature","id":226,"geometry":{"type":"Point","coordinates":[-80.075166667386668,26.855833333021963]},"properties":{"FID":226,"OBJECTID":4923,"UniqSysID":12083,"Licensee":"NEW CINGULAR WIRELESS PCS, LLC","Callsign":"KNKA264","LocNum":15,"LatDeg":26,"LatMin":51,"LatSec":21,"LatDir":"N","LonDeg":80,"LonMin":4,"LonSec":30.600000000000001,"LonDir":"W","LocAdd":"2575 Lone Pine Road   (125291)","LocCity":"Palm Beach Gardens","LocCounty":"PALM BEACH","LocState":"FL","Nepa":"N","QZone":"0        NaN\n1        NaN\n2        NaN\n3        NaN\n4        NaN\n        ... \n24924    NaN\n24925    NaN\n24926    NaN\n24927    NaN\n24928    NaN\nName: 36, Length: 24929, dtype: object","TowReg":1288860,"SupStruc":30.5,"AllStruc":32.899999999999999,"StrucType":"MTOWER","LicStatus":"A","latdec":26.855833333300001,"londec":-80.075166666699999,"url":"http://wireless2.fcc.gov/UlsApp/UlsSearch/licenseLocSum.jsp?licKey=12083"}},{"type":"Feature","id":227,"geometry":{"type":"Point","coordinates":[-80.05594444417352,26.593277777706248]},"properties":{"FID":227,"OBJECTID":4924,"UniqSysID":12083,"Licensee":"NEW CINGULAR WIRELESS PCS, LLC","Callsign":"KNKA264","LocNum":19,"LatDeg":26,"LatMin":35,"LatSec":35.799999999999997,"LatDir":"N","LonDeg":80,"LonMin":3,"LonSec":21.399999999999999,"LonDir":"W","LocAdd":"604 HILLBRATH DRIVE   (61995)","LocCity":"Lake Worth","LocCounty":"PALM BEACH","LocState":"FL","Nepa":"N","QZone":"0        NaN\n1        NaN\n2        NaN\n3        NaN\n4        NaN\n        ... \n24924    NaN\n24925    NaN\n24926    NaN\n24927    NaN\n24928    NaN\nName: 36, Length: 24929, dtype: object","TowReg":1030029,"SupStruc":45.700000000000003,"AllStruc":47.200000000000003,"StrucType":"LTOWER","LicStatus":"A","latdec":26.593277777800001,"londec":-80.055944444399998,"url":"http://wireless2.fcc.gov/UlsApp/UlsSearch/licenseLocSum.jsp?licKey=12083"}},{"type":"Feature","id":228,"geometry":{"type":"Point","coordinates":[-80.050833332939192,26.727777778328004]},"properties":{"FID":228,"OBJECTID":4925,"UniqSysID":12083,"Licensee":"NEW CINGULAR WIRELESS PCS, LLC","Callsign":"KNKA264","LocNum":25,"LatDeg":26,"LatMin":43,"LatSec":40,"LatDir":"N","LonDeg":80,"LonMin":3,"LonSec":3,"LonDir":"W","LocAdd":"1617 N FLAGLER DR   (7354)","LocCity":"WEST PALM BEACH","LocCounty":"PALM BEACH","LocState":"FL","Nepa":"N","QZone":"0        NaN\n1        NaN\n2        NaN\n3        NaN\n4        NaN\n        ... \n24924    NaN\n24925    NaN\n24926    NaN\n24927    NaN\n24928    NaN\nName: 36, Length: 24929, dtype: object","TowReg":0,"SupStruc":37.5,"AllStruc":39.600000000000001,"StrucType":"B","LicStatus":"A","latdec":26.7277777778,"londec":-80.050833333300005,"url":"http://wireless2.fcc.gov/UlsApp/UlsSearch/licenseLocSum.jsp?licKey=12083"}},{"type":"Feature","id":229,"geometry":{"type":"Point","coordinates":[-80.208944445149427,26.92891666609637]},"properties":{"FID":229,"OBJECTID":4926,"UniqSysID":12083,"Licensee":"NEW CINGULAR WIRELESS PCS, LLC","Callsign":"KNKA264","LocNum":28,"LatDeg":26,"LatMin":55,"LatSec":44.100000000000001,"LatDir":"N","LonDeg":80,"LonMin":12,"LonSec":32.200000000000003,"LonDir":"W","LocAdd":"11065 RANDOLPH SIDING RD   (62052)","LocCity":"Jupiter","LocCounty":"PALM BEACH","LocState":"FL","Nepa":"N","QZone":"0        NaN\n1        NaN\n2        NaN\n3        NaN\n4        NaN\n        ... \n24924    NaN\n24925    NaN\n24926    NaN\n24927    NaN\n24928    NaN\nName: 36, Length: 24929, dtype: object","TowReg":1065474,"SupStruc":64,"AllStruc":65.5,"StrucType":"LTOWER","LicStatus":"A","latdec":26.928916666700001,"londec":-80.208944444400004,"url":"http://wireless2.fcc.gov/UlsApp/UlsSearch/licenseLocSum.jsp?licKey=12083"}},{"type":"Feature","id":230,"geometry":{"type":"Point","coordinates":[-80.641083332573317,26.8344444441571]},"properties":{"FID":230,"OBJECTID":4927,"UniqSysID":12083,"Licensee":"NEW CINGULAR WIRELESS PCS, LLC","Callsign":"KNKA264","LocNum":35,"LatDeg":26,"LatMin":50,"LatSec":4,"LatDir":"N","LonDeg":80,"LonMin":38,"LonSec":27.899999999999999,"LonDir":"W","LocAdd":"640 STATE MARKET RD   (7327)","LocCity":"PAHOKEE","LocCounty":"PALM BEACH","LocState":"FL","Nepa":"N","QZone":"0        NaN\n1        NaN\n2        NaN\n3        NaN\n4        NaN\n        ... \n24924    NaN\n24925    NaN\n24926    NaN\n24927    NaN\n24928    NaN\nName: 36, Length: 24929, dtype: object","TowReg":1003083,"SupStruc":79.200000000000003,"AllStruc":85,"StrucType":"LTOWER","LicStatus":"A","latdec":26.834444444399999,"londec":-80.641083333300003,"url":"http://wireless2.fcc.gov/UlsApp/UlsSearch/licenseLocSum.jsp?licKey=12083"}},{"type":"Feature","id":231,"geometry":{"type":"Point","coordinates":[-80.225111110907335,26.333388889400396]},"properties":{"FID":231,"OBJECTID":4928,"UniqSysID":12083,"Licensee":"NEW CINGULAR WIRELESS PCS, LLC","Callsign":"KNKA264","LocNum":36,"LatDeg":26,"LatMin":20,"LatSec":0.20000000000000001,"LatDir":"N","LonDeg":80,"LonMin":13,"LonSec":30.399999999999999,"LonDir":"W","LocAdd":"7341 LOX RD   (57072)","LocCity":"Parkland","LocCounty":"BROWARD","LocState":"FL","Nepa":"N","QZone":"0        NaN\n1        NaN\n2        NaN\n3        NaN\n4        NaN\n        ... \n24924    NaN\n24925    NaN\n24926    NaN\n24927    NaN\n24928    NaN\nName: 36, Length: 24929, dtype: object","TowReg":1279506,"SupStruc":50.299999999999997,"AllStruc":53.299999999999997,"StrucType":"LTOWER","LicStatus":"A","latdec":26.3333888889,"londec":-80.225111111100006,"url":"http://wireless2.fcc.gov/UlsApp/UlsSearch/licenseLocSum.jsp?licKey=12083"}},{"type":"Feature","id":232,"geometry":{"type":"Point","coordinates":[-80.273194444399508,26.910333332805521]},"properties":{"FID":232,"OBJECTID":4929,"UniqSysID":12083,"Licensee":"NEW CINGULAR WIRELESS PCS, LLC","Callsign":"KNKA264","LocNum":37,"LatDeg":26,"LatMin":54,"LatSec":37.200000000000003,"LatDir":"N","LonDeg":80,"LonMin":16,"LonSec":23.5,"LonDir":"W","LocAdd":"15791 CORPORATE CIRCLE   (62051)","LocCity":"WEST PALM BEACH","LocCounty":"PALM BEACH","LocState":"FL","Nepa":"N","QZone":"0        NaN\n1        NaN\n2        NaN\n3        NaN\n4        NaN\n        ... \n24924    NaN\n24925    NaN\n24926    NaN\n24927    NaN\n24928    NaN\nName: 36, Length: 24929, dtype: object","TowReg":1030846,"SupStruc":61.299999999999997,"AllStruc":61.600000000000001,"StrucType":"LTOWER","LicStatus":"A","latdec":26.910333333299999,"londec":-80.273194444400005,"url":"http://wireless2.fcc.gov/UlsApp/UlsSearch/licenseLocSum.jsp?licKey=12083"}},{"type":"Feature","id":233,"geometry":{"type":"Point","coordinates":[-80.081611111166353,26.393222221760539]},"properties":{"FID":233,"OBJECTID":4930,"UniqSysID":12083,"Licensee":"NEW CINGULAR WIRELESS PCS, LLC","Callsign":"KNKA264","LocNum":38,"LatDeg":26,"LatMin":23,"LatSec":35.600000000000001,"LatDir":"N","LonDeg":80,"LonMin":4,"LonSec":53.799999999999997,"LonDir":"W","LocAdd":"150 NW 51 STREET   (62059)","LocCity":"BOCA RATON","LocCounty":"PALM BEACH","LocState":"FL","Nepa":"N","QZone":"0        NaN\n1        NaN\n2        NaN\n3        NaN\n4        NaN\n        ... \n24924    NaN\n24925    NaN\n24926    NaN\n24927    NaN\n24928    NaN\nName: 36, Length: 24929, dtype: object","TowReg":1029124,"SupStruc":38.399999999999999,"AllStruc":38.700000000000003,"StrucType":"MTOWER","LicStatus":"A","latdec":26.393222222199999,"londec":-80.081611111100003,"url":"http://wireless2.fcc.gov/UlsApp/UlsSearch/licenseLocSum.jsp?licKey=12083"}},{"type":"Feature","id":234,"geometry":{"type":"Point","coordinates":[-80.103583332585742,26.931166666907075]},"properties":{"FID":234,"OBJECTID":4931,"UniqSysID":12083,"Licensee":"NEW CINGULAR WIRELESS PCS, LLC","Callsign":"KNKA264","LocNum":39,"LatDeg":26,"LatMin":55,"LatSec":52.200000000000003,"LatDir":"N","LonDeg":80,"LonMin":6,"LonSec":12.9,"LonDir":"W","LocAdd":"210 N. MILITARY TRAIL   (7313)","LocCity":"JUPITER","LocCounty":"PALM BEACH","LocState":"FL","Nepa":"N","QZone":"0        NaN\n1        NaN\n2        NaN\n3        NaN\n4        NaN\n        ... \n24924    NaN\n24925    NaN\n24926    NaN\n24927    NaN\n24928    NaN\nName: 36, Length: 24929, dtype: object","TowReg":0,"SupStruc":45.700000000000003,"AllStruc":52.100000000000001,"StrucType":"MTOWER","LicStatus":"A","latdec":26.931166666700001,"londec":-80.103583333299994,"url":"http://wireless2.fcc.gov/UlsApp/UlsSearch/licenseLocSum.jsp?licKey=12083"}},{"type":"Feature","id":235,"geometry":{"type":"Point","coordinates":[-81.104444445101137,24.707333333175939]},"properties":{"FID":235,"OBJECTID":4932,"UniqSysID":12084,"Licensee":"NEW CINGULAR WIRELESS PCS, LLC","Callsign":"KNKN793","LocNum":2,"LatDeg":24,"LatMin":42,"LatSec":26.399999999999999,"LatDir":"N","LonDeg":81,"LonMin":6,"LonSec":16,"LonDir":"W","LocAdd":"MILE MARKER 48 US HIGHWAY 1   (71751)","LocCity":"MARATHON","LocCounty":"MONROE","LocState":"FL","Nepa":"N","QZone":"0        NaN\n1        NaN\n2        NaN\n3        NaN\n4        NaN\n        ... \n24924    NaN\n24925    NaN\n24926    NaN\n24927    NaN\n24928    NaN\nName: 36, Length: 24929, dtype: object","TowReg":1029708,"SupStruc":92.900000000000006,"AllStruc":96.599999999999994,"StrucType":"LTOWER","LicStatus":"A","latdec":24.707333333299999,"londec":-81.104444444400002,"url":"http://wireless2.fcc.gov/UlsApp/UlsSearch/licenseLocSum.jsp?licKey=12084"}},{"type":"Feature","id":236,"geometry":{"type":"Point","coordinates":[-81.416194444608664,24.661833334099242]},"properties":{"FID":236,"OBJECTID":4933,"UniqSysID":12084,"Licensee":"NEW CINGULAR WIRELESS PCS, LLC","Callsign":"KNKN793","LocNum":3,"LatDeg":24,"LatMin":39,"LatSec":42.600000000000001,"LatDir":"N","LonDeg":81,"LonMin":24,"LonSec":58.299999999999997,"LonDir":"W","LocAdd":"US HIGHWAY 1 & MAKO ROAD/MM 104  (71752)","LocCity":"RAMROD KEY","LocCounty":"MONROE","LocState":"FL","Nepa":"N","QZone":"0        NaN\n1        NaN\n2        NaN\n3        NaN\n4        NaN\n        ... \n24924    NaN\n24925    NaN\n24926    NaN\n24927    NaN\n24928    NaN\nName: 36, Length: 24929, dtype: object","TowReg":1030018,"SupStruc":93,"AllStruc":93,"StrucType":"LTOWER","LicStatus":"A","latdec":24.661833333299999,"londec":-81.416194444400006,"url":"http://wireless2.fcc.gov/UlsApp/UlsSearch/licenseLocSum.jsp?licKey=12084"}},{"type":"Feature","id":237,"geometry":{"type":"Point","coordinates":[-81.79880555607258,24.567166667108665]},"properties":{"FID":237,"OBJECTID":4934,"UniqSysID":12084,"Licensee":"NEW CINGULAR WIRELESS PCS, LLC","Callsign":"KNKN793","LocNum":4,"LatDeg":24,"LatMin":34,"LatSec":1.8,"LatDir":"N","LonDeg":81,"LonMin":47,"LonSec":55.700000000000003,"LonDir":"W","LocAdd":"MILE MARKER 0 US HIGHWAY 1 NAVAL COAST GUARD  (71753)","LocCity":"KEY WEST","LocCounty":"MONROE","LocState":"FL","Nepa":"N","QZone":"0        NaN\n1        NaN\n2        NaN\n3        NaN\n4        NaN\n        ... \n24924    NaN\n24925    NaN\n24926    NaN\n24927    NaN\n24928    NaN\nName: 36, Length: 24929, dtype: object","TowReg":1030152,"SupStruc":64,"AllStruc":65.5,"StrucType":"LTOWER","LicStatus":"A","latdec":24.5671666667,"londec":-81.798805555599998,"url":"http://wireless2.fcc.gov/UlsApp/UlsSearch/licenseLocSum.jsp?licKey=12084"}},{"type":"Feature","id":238,"geometry":{"type":"Point","coordinates":[-80.29266666695969,25.307750000338444]},"properties":{"FID":238,"OBJECTID":4935,"UniqSysID":12084,"Licensee":"NEW CINGULAR WIRELESS PCS, LLC","Callsign":"KNKN793","LocNum":6,"LatDeg":25,"LatMin":18,"LatSec":27.899999999999999,"LatDir":"N","LonDeg":80,"LonMin":17,"LonSec":33.600000000000001,"LonDir":"W","LocAdd":"31 Ocean Reef Drive #300  (71757)","LocCity":"KEY LARGO","LocCounty":"MONROE","LocState":"FL","Nepa":"N","QZone":"0        NaN\n1        NaN\n2        NaN\n3        NaN\n4        NaN\n        ... \n24924    NaN\n24925    NaN\n24926    NaN\n24927    NaN\n24928    NaN\nName: 36, Length: 24929, dtype: object","TowReg":1280863,"SupStruc":31.699999999999999,"AllStruc":36.899999999999999,"StrucType":"LTOWER","LicStatus":"A","latdec":25.307749999999999,"londec":-80.292666666700001,"url":"http://wireless2.fcc.gov/UlsApp/UlsSearch/licenseLocSum.jsp?licKey=12084"}},{"type":"Feature","id":239,"geometry":{"type":"Point","coordinates":[-80.810472221847135,24.827583333325492]},"properties":{"FID":239,"OBJECTID":4936,"UniqSysID":12084,"Licensee":"NEW CINGULAR WIRELESS PCS, LLC","Callsign":"KNKN793","LocNum":7,"LatDeg":24,"LatMin":49,"LatSec":39.299999999999997,"LatDir":"N","LonDeg":80,"LonMin":48,"LonSec":37.700000000000003,"LonDir":"W","LocAdd":"MILE MARKER 68 US HIGHWAY 1   (83240)","LocCity":"LAYTON","LocCounty":"MONROE","LocState":"FL","Nepa":"N","QZone":"0        NaN\n1        NaN\n2        NaN\n3        NaN\n4        NaN\n        ... \n24924    NaN\n24925    NaN\n24926    NaN\n24927    NaN\n24928    NaN\nName: 36, Length: 24929, dtype: object","TowReg":1030026,"SupStruc":62.5,"AllStruc":63.399999999999999,"StrucType":"LTOWER","LicStatus":"A","latdec":24.827583333300002,"londec":-80.810472222200005,"url":"http://wireless2.fcc.gov/UlsApp/UlsSearch/licenseLocSum.jsp?licKey=12084"}},{"type":"Feature","id":240,"geometry":{"type":"Point","coordinates":[-80.375694444342855,25.170611110634297]},"properties":{"FID":240,"OBJECTID":4937,"UniqSysID":12084,"Licensee":"NEW CINGULAR WIRELESS PCS, LLC","Callsign":"KNKN793","LocNum":13,"LatDeg":25,"LatMin":10,"LatSec":14.199999999999999,"LatDir":"N","LonDeg":80,"LonMin":22,"LonSec":32.5,"LonDir":"W","LocAdd":"809 Largo Road   (71760)","LocCity":"Key Largo","LocCounty":"MONROE","LocState":"FL","Nepa":"N","QZone":"0        NaN\n1        NaN\n2        NaN\n3        NaN\n4        NaN\n        ... \n24924    NaN\n24925    NaN\n24926    NaN\n24927    NaN\n24928    NaN\nName: 36, Length: 24929, dtype: object","TowReg":1235873,"SupStruc":54.899999999999999,"AllStruc":59.100000000000001,"StrucType":"GTOWER","LicStatus":"A","latdec":25.170611111100001,"londec":-80.375694444399997,"url":"http://wireless2.fcc.gov/UlsApp/UlsSearch/licenseLocSum.jsp?licKey=12084"}},{"type":"Feature","id":241,"geometry":{"type":"Point","coordinates":[-80.550777777558949,24.979499999759639]},"properties":{"FID":241,"OBJECTID":4938,"UniqSysID":12084,"Licensee":"NEW CINGULAR WIRELESS PCS, LLC","Callsign":"KNKN793","LocNum":14,"LatDeg":24,"LatMin":58,"LatSec":46.200000000000003,"LatDir":"N","LonDeg":80,"LonMin":33,"LonSec":2.7999999999999998,"LonDir":"W","LocAdd":"88770 OVERSEAS HIGHWAY   (71755)","LocCity":"TAVERNIER KEY","LocCounty":"MONROE","LocState":"FL","Nepa":"N","QZone":"0        NaN\n1        NaN\n2        NaN\n3        NaN\n4        NaN\n        ... \n24924    NaN\n24925    NaN\n24926    NaN\n24927    NaN\n24928    NaN\nName: 36, Length: 24929, dtype: object","TowReg":1030845,"SupStruc":92.700000000000003,"AllStruc":97.5,"StrucType":"LTOWER","LicStatus":"A","latdec":24.979500000000002,"londec":-80.550777777799993,"url":"http://wireless2.fcc.gov/UlsApp/UlsSearch/licenseLocSum.jsp?licKey=12084"}},{"type":"Feature","id":242,"geometry":{"type":"Point","coordinates":[-81.660000000191189,24.596027777899735]},"properties":{"FID":242,"OBJECTID":4939,"UniqSysID":12084,"Licensee":"NEW CINGULAR WIRELESS PCS, LLC","Callsign":"KNKN793","LocNum":15,"LatDeg":24,"LatMin":35,"LatSec":45.700000000000003,"LatDir":"N","LonDeg":81,"LonMin":39,"LonSec":36,"LonDir":"W","LocAdd":"359 U.S. Hwy 1   (71763)","LocCity":"East Rockland Key","LocCounty":"MONROE","LocState":"FL","Nepa":"N","QZone":"0        NaN\n1        NaN\n2        NaN\n3        NaN\n4        NaN\n        ... \n24924    NaN\n24925    NaN\n24926    NaN\n24927    NaN\n24928    NaN\nName: 36, Length: 24929, dtype: object","TowReg":1238272,"SupStruc":39,"AllStruc":39,"StrucType":"MTOWER","LicStatus":"A","latdec":24.5960277778,"londec":-81.659999999999997,"url":"http://wireless2.fcc.gov/UlsApp/UlsSearch/licenseLocSum.jsp?licKey=12084"}},{"type":"Feature","id":243,"geometry":{"type":"Point","coordinates":[-80.919722223022404,25.146944444979852]},"properties":{"FID":243,"OBJECTID":4940,"UniqSysID":12084,"Licensee":"NEW CINGULAR WIRELESS PCS, LLC","Callsign":"KNKN793","LocNum":17,"LatDeg":25,"LatMin":8,"LatSec":49,"LatDir":"N","LonDeg":80,"LonMin":55,"LonSec":11,"LonDir":"W","LocAdd":"EVERGLADES NATL PARK   (71794)","LocCity":"FLAMINGO","LocCounty":"MONROE","LocState":"FL","Nepa":"N","QZone":"0        NaN\n1        NaN\n2        NaN\n3        NaN\n4        NaN\n        ... \n24924    NaN\n24925    NaN\n24926    NaN\n24927    NaN\n24928    NaN\nName: 36, Length: 24929, dtype: object","TowReg":1028849,"SupStruc":103.59999999999999,"AllStruc":103.59999999999999,"StrucType":"GTOWER","LicStatus":"A","latdec":25.146944444399999,"londec":-80.919722222199994,"url":"http://wireless2.fcc.gov/UlsApp/UlsSearch/licenseLocSum.jsp?licKey=12084"}},{"type":"Feature","id":244,"geometry":{"type":"Point","coordinates":[-81.013111111400463,24.734611111805464]},"properties":{"FID":244,"OBJECTID":4941,"UniqSysID":12084,"Licensee":"NEW CINGULAR WIRELESS PCS, LLC","Callsign":"KNKN793","LocNum":19,"LatDeg":24,"LatMin":44,"LatSec":4.5999999999999996,"LatDir":"N","LonDeg":81,"LonMin":0,"LonSec":47.200000000000003,"LonDir":"W","LocAdd":"13860 Overseas Hwy.  (71762)","LocCity":"Marathon","LocCounty":"MONROE","LocState":"FL","Nepa":"N","QZone":"0        NaN\n1        NaN\n2        NaN\n3        NaN\n4        NaN\n        ... \n24924    NaN\n24925    NaN\n24926    NaN\n24927    NaN\n24928    NaN\nName: 36, Length: 24929, dtype: object","TowReg":1229676,"SupStruc":48.799999999999997,"AllStruc":48.799999999999997,"StrucType":"MTOWER","LicStatus":"A","latdec":24.734611111100001,"londec":-81.013111111100002,"url":"http://wireless2.fcc.gov/UlsApp/UlsSearch/licenseLocSum.jsp?licKey=12084"}},{"type":"Feature","id":245,"geometry":{"type":"Point","coordinates":[-80.431777777598484,25.100055555912945]},"properties":{"FID":245,"OBJECTID":4942,"UniqSysID":12084,"Licensee":"NEW CINGULAR WIRELESS PCS, LLC","Callsign":"KNKN793","LocNum":21,"LatDeg":25,"LatMin":6,"LatSec":0.20000000000000001,"LatDir":"N","LonDeg":80,"LonMin":25,"LonSec":54.399999999999999,"LonDir":"W","LocAdd":"305 MAGNOLIA STREET   (71749)","LocCity":"KEY LARGO","LocCounty":"MONROE","LocState":"FL","Nepa":"N","QZone":"0        NaN\n1        NaN\n2        NaN\n3        NaN\n4        NaN\n        ... \n24924    NaN\n24925    NaN\n24926    NaN\n24927    NaN\n24928    NaN\nName: 36, Length: 24929, dtype: object","TowReg":1030028,"SupStruc":88.400000000000006,"AllStruc":89.599999999999994,"StrucType":"LTOWER","LicStatus":"A","latdec":25.100055555600001,"londec":-80.431777777799994,"url":"http://wireless2.fcc.gov/UlsApp/UlsSearch/licenseLocSum.jsp?licKey=12084"}},{"type":"Feature","id":246,"geometry":{"type":"Point","coordinates":[-80.635055555270128,24.918916667223698]},"properties":{"FID":246,"OBJECTID":4943,"UniqSysID":12084,"Licensee":"NEW CINGULAR WIRELESS PCS, LLC","Callsign":"KNKN793","LocNum":22,"LatDeg":24,"LatMin":55,"LatSec":8.0999999999999996,"LatDir":"N","LonDeg":80,"LonMin":38,"LonSec":6.2000000000000002,"LonDir":"W","LocAdd":"8200 Overseas Hwy   (71750)","LocCity":"ISLAMORADA","LocCounty":"MONROE","LocState":"FL","Nepa":"N","QZone":"0        NaN\n1        NaN\n2        NaN\n3        NaN\n4        NaN\n        ... \n24924    NaN\n24925    NaN\n24926    NaN\n24927    NaN\n24928    NaN\nName: 36, Length: 24929, dtype: object","TowReg":1030025,"SupStruc":89,"AllStruc":90.5,"StrucType":"LTOWER","LicStatus":"A","latdec":24.918916666699999,"londec":-80.635055555600005,"url":"http://wireless2.fcc.gov/UlsApp/UlsSearch/licenseLocSum.jsp?licKey=12084"}},{"type":"Feature","id":247,"geometry":{"type":"Point","coordinates":[-81.801250000419714,24.555499999833728]},"properties":{"FID":247,"OBJECTID":4944,"UniqSysID":12084,"Licensee":"NEW CINGULAR WIRELESS PCS, LLC","Callsign":"KNKN793","LocNum":23,"LatDeg":24,"LatMin":33,"LatSec":19.800000000000001,"LatDir":"N","LonDeg":81,"LonMin":48,"LonSec":4.5,"LonDir":"W","LocAdd":"527 SOUTHARD ST   (71754)","LocCity":"KEY WEST","LocCounty":"MONROE","LocState":"FL","Nepa":"N","QZone":"0        NaN\n1        NaN\n2        NaN\n3        NaN\n4        NaN\n        ... \n24924    NaN\n24925    NaN\n24926    NaN\n24927    NaN\n24928    NaN\nName: 36, Length: 24929, dtype: object","TowReg":1030880,"SupStruc":61,"AllStruc":61,"StrucType":"MTOWER","LicStatus":"A","latdec":24.555499999999999,"londec":-81.801249999999996,"url":"http://wireless2.fcc.gov/UlsApp/UlsSearch/licenseLocSum.jsp?licKey=12084"}},{"type":"Feature","id":248,"geometry":{"type":"Point","coordinates":[-81.791111111066641,24.547638889344967]},"properties":{"FID":248,"OBJECTID":4945,"UniqSysID":12084,"Licensee":"NEW CINGULAR WIRELESS PCS, LLC","Callsign":"KNKN793","LocNum":25,"LatDeg":24,"LatMin":32,"LatSec":51.5,"LatDir":"N","LonDeg":81,"LonMin":47,"LonSec":28,"LonDir":"W","LocAdd":"1500 Reynolds Street   (105612)","LocCity":"Key West","LocCounty":"MONROE","LocState":"FL","Nepa":"N","QZone":"0        NaN\n1        NaN\n2        NaN\n3        NaN\n4        NaN\n        ... \n24924    NaN\n24925    NaN\n24926    NaN\n24927    NaN\n24928    NaN\nName: 36, Length: 24929, dtype: object","TowReg":0,"SupStruc":14.9,"AllStruc":17.100000000000001,"StrucType":"B","LicStatus":"A","latdec":24.5476388889,"londec":-81.791111111099994,"url":"http://wireless2.fcc.gov/UlsApp/UlsSearch/licenseLocSum.jsp?licKey=12084"}},{"type":"Feature","id":249,"geometry":{"type":"Point","coordinates":[-81.768138888666215,24.565722221690635]},"properties":{"FID":249,"OBJECTID":4946,"UniqSysID":12084,"Licensee":"NEW CINGULAR WIRELESS PCS, LLC","Callsign":"KNKN793","LocNum":26,"LatDeg":24,"LatMin":33,"LatSec":56.600000000000001,"LatDir":"N","LonDeg":81,"LonMin":46,"LonSec":5.2999999999999998,"LonDir":"W","LocAdd":"1010 KENNEDY DRIVE   (93289)","LocCity":"KEY WEST","LocCounty":"MONROE","LocState":"FL","Nepa":"N","QZone":"0        NaN\n1        NaN\n2        NaN\n3        NaN\n4        NaN\n        ... \n24924    NaN\n24925    NaN\n24926    NaN\n24927    NaN\n24928    NaN\nName: 36, Length: 24929, dtype: object","TowReg":1278151,"SupStruc":38.100000000000001,"AllStruc":38.100000000000001,"StrucType":"MTOWER","LicStatus":"A","latdec":24.565722222200002,"londec":-81.768138888899998,"url":"http://wireless2.fcc.gov/UlsApp/UlsSearch/licenseLocSum.jsp?licKey=12084"}},{"type":"Feature","id":250,"geometry":{"type":"Point","coordinates":[-81.358666667088755,24.666555555890625]},"properties":{"FID":250,"OBJECTID":4947,"UniqSysID":12084,"Licensee":"NEW CINGULAR WIRELESS PCS, LLC","Callsign":"KNKN793","LocNum":27,"LatDeg":24,"LatMin":39,"LatSec":59.600000000000001,"LatDir":"N","LonDeg":81,"LonMin":21,"LonSec":31.199999999999999,"LonDir":"W","LocAdd":"Palamino Horse Trail   (71761)","LocCity":"Big Pine Key","LocCounty":"MONROE","LocState":"FL","Nepa":"N","QZone":"0        NaN\n1        NaN\n2        NaN\n3        NaN\n4        NaN\n        ... \n24924    NaN\n24925    NaN\n24926    NaN\n24927    NaN\n24928    NaN\nName: 36, Length: 24929, dtype: object","TowReg":1236257,"SupStruc":60.700000000000003,"AllStruc":60.700000000000003,"StrucType":"MTOWER","LicStatus":"A","latdec":24.666555555599999,"londec":-81.358666666700003,"url":"http://wireless2.fcc.gov/UlsApp/UlsSearch/licenseLocSum.jsp?licKey=12084"}},{"type":"Feature","id":251,"geometry":{"type":"Point","coordinates":[-81.728999999609584,26.94616666729695]},"properties":{"FID":251,"OBJECTID":5314,"UniqSysID":12118,"Licensee":"NEW CINGULAR WIRELESS PCS, LLC","Callsign":"KNKN678","LocNum":3,"LatDeg":26,"LatMin":56,"LatSec":46.200000000000003,"LatDir":"N","LonDeg":81,"LonMin":43,"LonSec":44.399999999999999,"LonDir":"W","LocAdd":"43990 BERMONT RD  (6777)","LocCity":"PUNTA GORDA","LocCounty":"CHARLOTTE","LocState":"FL","Nepa":"N","QZone":"0        NaN\n1        NaN\n2        NaN\n3        NaN\n4        NaN\n        ... \n24924    NaN\n24925    NaN\n24926    NaN\n24927    NaN\n24928    NaN\nName: 36, Length: 24929, dtype: object","TowReg":1022188,"SupStruc":86.299999999999997,"AllStruc":90.799999999999997,"StrucType":"GTOWER","LicStatus":"A","latdec":26.946166666700002,"londec":-81.728999999999999,"url":"http://wireless2.fcc.gov/UlsApp/UlsSearch/licenseLocSum.jsp?licKey=12118"}},{"type":"Feature","id":252,"geometry":{"type":"Point","coordinates":[-82.239055555877314,26.886361110672624]},"properties":{"FID":252,"OBJECTID":5315,"UniqSysID":12118,"Licensee":"NEW CINGULAR WIRELESS PCS, LLC","Callsign":"KNKN678","LocNum":6,"LatDeg":26,"LatMin":53,"LatSec":10.9,"LatDir":"N","LonDeg":82,"LonMin":14,"LonSec":20.600000000000001,"LonDir":"W","LocAdd":"5300 LINDWOOD RD  (6772)","LocCity":"ROTUNDA WEST","LocCounty":"CHARLOTTE","LocState":"FL","Nepa":"N","QZone":"0        NaN\n1        NaN\n2        NaN\n3        NaN\n4        NaN\n        ... \n24924    NaN\n24925    NaN\n24926    NaN\n24927    NaN\n24928    NaN\nName: 36, Length: 24929, dtype: object","TowReg":1022183,"SupStruc":86.599999999999994,"AllStruc":87.799999999999997,"StrucType":"LTOWER","LicStatus":"A","latdec":26.886361111100001,"londec":-82.239055555600004,"url":"http://wireless2.fcc.gov/UlsApp/UlsSearch/licenseLocSum.jsp?licKey=12118"}},{"type":"Feature","id":253,"geometry":{"type":"Point","coordinates":[-82.190638889024171,27.02402777798028]},"properties":{"FID":253,"OBJECTID":5316,"UniqSysID":12118,"Licensee":"NEW CINGULAR WIRELESS PCS, LLC","Callsign":"KNKN678","LocNum":7,"LatDeg":27,"LatMin":1,"LatSec":26.5,"LatDir":"N","LonDeg":82,"LonMin":11,"LonSec":26.300000000000001,"LonDir":"W","LocAdd":"399 BAMBOO DR  (6773)","LocCity":"PORT CHARLOTTE","LocCounty":"CHARLOTTE","LocState":"FL","Nepa":"N","QZone":"0        NaN\n1        NaN\n2        NaN\n3        NaN\n4        NaN\n        ... \n24924    NaN\n24925    NaN\n24926    NaN\n24927    NaN\n24928    NaN\nName: 36, Length: 24929, dtype: object","TowReg":1022184,"SupStruc":86,"AllStruc":92.400000000000006,"StrucType":"GTOWER","LicStatus":"A","latdec":27.024027777800001,"londec":-82.190638888899997,"url":"http://wireless2.fcc.gov/UlsApp/UlsSearch/licenseLocSum.jsp?licKey=12118"}},{"type":"Feature","id":254,"geometry":{"type":"Point","coordinates":[-81.76352777792232,26.811527777920105]},"properties":{"FID":254,"OBJECTID":5317,"UniqSysID":12118,"Licensee":"NEW CINGULAR WIRELESS PCS, LLC","Callsign":"KNKN678","LocNum":17,"LatDeg":26,"LatMin":48,"LatSec":41.5,"LatDir":"N","LonDeg":81,"LonMin":45,"LonSec":48.700000000000003,"LonDir":"W","LocAdd":"12151 SR 31  (15562)","LocCity":"PUNTA GORDA","LocCounty":"CHARLOTTE","LocState":"FL","Nepa":"N","QZone":"0        NaN\n1        NaN\n2        NaN\n3        NaN\n4        NaN\n        ... \n24924    NaN\n24925    NaN\n24926    NaN\n24927    NaN\n24928    NaN\nName: 36, Length: 24929, dtype: object","TowReg":1223029,"SupStruc":76.200000000000003,"AllStruc":80.799999999999997,"StrucType":"GTOWER","LicStatus":"A","latdec":26.811527777799999,"londec":-81.763527777799993,"url":"http://wireless2.fcc.gov/UlsApp/UlsSearch/licenseLocSum.jsp?licKey=12118"}},{"type":"Feature","id":255,"geometry":{"type":"Point","coordinates":[-82.314472222268591,26.901333333276739]},"properties":{"FID":255,"OBJECTID":5318,"UniqSysID":12118,"Licensee":"NEW CINGULAR WIRELESS PCS, LLC","Callsign":"KNKN678","LocNum":9,"LatDeg":26,"LatMin":54,"LatSec":4.7999999999999998,"LatDir":"N","LonDeg":82,"LonMin":18,"LonSec":52.100000000000001,"LonDir":"W","LocAdd":"4481 PLACIDA ROAD  (65038)","LocCity":"ENGLEWOOD","LocCounty":"CHARLOTTE","LocState":"FL","Nepa":"N","QZone":"0        NaN\n1        NaN\n2        NaN\n3        NaN\n4        NaN\n        ... \n24924    NaN\n24925    NaN\n24926    NaN\n24927    NaN\n24928    NaN\nName: 36, Length: 24929, dtype: object","TowReg":1058308,"SupStruc":60.700000000000003,"AllStruc":62.5,"StrucType":"LTOWER","LicStatus":"A","latdec":26.901333333299998,"londec":-82.314472222199996,"url":"http://wireless2.fcc.gov/UlsApp/UlsSearch/licenseLocSum.jsp?licKey=12118"}},{"type":"Feature","id":256,"geometry":{"type":"Point","coordinates":[-81.929361111047115,26.771222221878418]},"properties":{"FID":256,"OBJECTID":5319,"UniqSysID":12118,"Licensee":"NEW CINGULAR WIRELESS PCS, LLC","Callsign":"KNKN678","LocNum":10,"LatDeg":26,"LatMin":46,"LatSec":16.399999999999999,"LatDir":"N","LonDeg":81,"LonMin":55,"LonSec":45.700000000000003,"LonDir":"W","LocAdd":"17200 N. TAIMIMI TRAIL  (65049)","LocCity":"PUNTA GORDA","LocCounty":"CHARLOTTE","LocState":"FL","Nepa":"N","QZone":"0        NaN\n1        NaN\n2        NaN\n3        NaN\n4        NaN\n        ... \n24924    NaN\n24925    NaN\n24926    NaN\n24927    NaN\n24928    NaN\nName: 36, Length: 24929, dtype: object","TowReg":1054119,"SupStruc":77.400000000000006,"AllStruc":78.900000000000006,"StrucType":"LTOWER","LicStatus":"A","latdec":26.771222222199999,"londec":-81.929361111099993,"url":"http://wireless2.fcc.gov/UlsApp/UlsSearch/licenseLocSum.jsp?licKey=12118"}},{"type":"Feature","id":257,"geometry":{"type":"Point","coordinates":[-82.03466666730202,26.778916666604744]},"properties":{"FID":257,"OBJECTID":5320,"UniqSysID":12118,"Licensee":"NEW CINGULAR WIRELESS PCS, LLC","Callsign":"KNKN678","LocNum":11,"LatDeg":26,"LatMin":46,"LatSec":44.100000000000001,"LatDir":"N","LonDeg":82,"LonMin":2,"LonSec":4.7999999999999998,"LonDir":"W","LocAdd":"17160 BURNT STORE RD  (6796)","LocCity":"PUNTA GORDA","LocCounty":"CHARLOTTE","LocState":"FL","Nepa":"N","QZone":"0        NaN\n1        NaN\n2        NaN\n3        NaN\n4        NaN\n        ... \n24924    NaN\n24925    NaN\n24926    NaN\n24927    NaN\n24928    NaN\nName: 36, Length: 24929, dtype: object","TowReg":1026383,"SupStruc":91.700000000000003,"AllStruc":96.299999999999997,"StrucType":"GTOWER","LicStatus":"A","latdec":26.778916666699999,"londec":-82.034666666700005,"url":"http://wireless2.fcc.gov/UlsApp/UlsSearch/licenseLocSum.jsp?licKey=12118"}},{"type":"Feature","id":258,"geometry":{"type":"Point","coordinates":[-81.668333333315388,27.554500000021335]},"properties":{"FID":258,"OBJECTID":5321,"UniqSysID":12118,"Licensee":"NEW CINGULAR WIRELESS PCS, LLC","Callsign":"KNKN678","LocNum":12,"LatDeg":27,"LatMin":33,"LatSec":16.199999999999999,"LatDir":"N","LonDeg":81,"LonMin":40,"LonSec":6,"LonDir":"W","LocAdd":"245 Kelly Roberts Rd  (6797)","LocCity":"WAUCHULA","LocCounty":"HARDEE","LocState":"FL","Nepa":"N","QZone":"0        NaN\n1        NaN\n2        NaN\n3        NaN\n4        NaN\n        ... \n24924    NaN\n24925    NaN\n24926    NaN\n24927    NaN\n24928    NaN\nName: 36, Length: 24929, dtype: object","TowReg":1054834,"SupStruc":92.400000000000006,"AllStruc":95.700000000000003,"StrucType":"GTOWER","LicStatus":"A","latdec":27.554500000000001,"londec":-81.668333333299998,"url":"http://wireless2.fcc.gov/UlsApp/UlsSearch/licenseLocSum.jsp?licKey=12118"}},{"type":"Feature","id":259,"geometry":{"type":"Point","coordinates":[-81.827888888891778,27.639416666207126]},"properties":{"FID":259,"OBJECTID":5322,"UniqSysID":12118,"Licensee":"NEW CINGULAR WIRELESS PCS, LLC","Callsign":"KNKN678","LocNum":13,"LatDeg":27,"LatMin":38,"LatSec":21.899999999999999,"LatDir":"N","LonDeg":81,"LonMin":49,"LonSec":40.399999999999999,"LonDir":"W","LocAdd":"501 JONES STREET  (6798)","LocCity":"BOWLING GREEN","LocCounty":"HARDEE","LocState":"FL","Nepa":"N","QZone":"0        NaN\n1        NaN\n2        NaN\n3        NaN\n4        NaN\n        ... \n24924    NaN\n24925    NaN\n24926    NaN\n24927    NaN\n24928    NaN\nName: 36, Length: 24929, dtype: object","TowReg":0,"SupStruc":35.399999999999999,"AllStruc":35.399999999999999,"StrucType":"TANK","LicStatus":"A","latdec":27.639416666700001,"londec":-81.827888888900006,"url":"http://wireless2.fcc.gov/UlsApp/UlsSearch/licenseLocSum.jsp?licKey=12118"}},{"type":"Feature","id":260,"geometry":{"type":"Point","coordinates":[-82.002416667105194,27.119222222789631]},"properties":{"FID":260,"OBJECTID":5323,"UniqSysID":12118,"Licensee":"NEW CINGULAR WIRELESS PCS, LLC","Callsign":"KNKN678","LocNum":14,"LatDeg":27,"LatMin":7,"LatSec":9.1999999999999993,"LatDir":"N","LonDeg":82,"LonMin":0,"LonSec":8.6999999999999993,"LonDir":"W","LocAdd":"6961 Southwest County Road 769  (6799)","LocCity":"Arcadia","LocCounty":"DESOTO","LocState":"FL","Nepa":"N","QZone":"0        NaN\n1        NaN\n2        NaN\n3        NaN\n4        NaN\n        ... \n24924    NaN\n24925    NaN\n24926    NaN\n24927    NaN\n24928    NaN\nName: 36, Length: 24929, dtype: object","TowReg":1218979,"SupStruc":75,"AllStruc":75.599999999999994,"StrucType":"LTOWER","LicStatus":"A","latdec":27.119222222200001,"londec":-82.0024166667,"url":"http://wireless2.fcc.gov/UlsApp/UlsSearch/licenseLocSum.jsp?licKey=12118"}},{"type":"Feature","id":261,"geometry":{"type":"Point","coordinates":[-81.577638888631441,27.426222221910621]},"properties":{"FID":261,"OBJECTID":5324,"UniqSysID":12118,"Licensee":"NEW CINGULAR WIRELESS PCS, LLC","Callsign":"KNKN678","LocNum":15,"LatDeg":27,"LatMin":25,"LatSec":34.399999999999999,"LatDir":"N","LonDeg":81,"LonMin":34,"LonSec":39.5,"LonDir":"W","LocAdd":"5950 S HAMMOCK ROAD  (6801)","LocCity":"WAUCHULA","LocCounty":"HARDEE","LocState":"FL","Nepa":"N","QZone":"0        NaN\n1        NaN\n2        NaN\n3        NaN\n4        NaN\n        ... \n24924    NaN\n24925    NaN\n24926    NaN\n24927    NaN\n24928    NaN\nName: 36, Length: 24929, dtype: object","TowReg":1055534,"SupStruc":91.400000000000006,"AllStruc":94.799999999999997,"StrucType":"GTOWER","LicStatus":"A","latdec":27.4262222222,"londec":-81.577638888899997,"url":"http://wireless2.fcc.gov/UlsApp/UlsSearch/licenseLocSum.jsp?licKey=12118"}},{"type":"Feature","id":262,"geometry":{"type":"Point","coordinates":[-81.674861111109067,27.21158333317112]},"properties":{"FID":262,"OBJECTID":5325,"UniqSysID":12118,"Licensee":"NEW CINGULAR WIRELESS PCS, LLC","Callsign":"KNKN678","LocNum":16,"LatDeg":27,"LatMin":12,"LatSec":41.700000000000003,"LatDir":"N","LonDeg":81,"LonMin":40,"LonSec":29.5,"LonDir":"W","LocAdd":"12010 Northeast Hwy 70  (15561)","LocCity":"Arcadia","LocCounty":"DESOTO","LocState":"FL","Nepa":"N","QZone":"0        NaN\n1        NaN\n2        NaN\n3        NaN\n4        NaN\n        ... \n24924    NaN\n24925    NaN\n24926    NaN\n24927    NaN\n24928    NaN\nName: 36, Length: 24929, dtype: object","TowReg":1208800,"SupStruc":77.099999999999994,"AllStruc":79.599999999999994,"StrucType":"LTOWER","LicStatus":"A","latdec":27.211583333299998,"londec":-81.6748611111,"url":"http://wireless2.fcc.gov/UlsApp/UlsSearch/licenseLocSum.jsp?licKey=12118"}},{"type":"Feature","id":263,"geometry":{"type":"Point","coordinates":[-82.044277777561149,27.482166666633987]},"properties":{"FID":263,"OBJECTID":5326,"UniqSysID":12118,"Licensee":"NEW CINGULAR WIRELESS PCS, LLC","Callsign":"KNKN678","LocNum":18,"LatDeg":27,"LatMin":28,"LatSec":55.799999999999997,"LatDir":"N","LonDeg":82,"LonMin":2,"LonSec":39.399999999999999,"LonDir":"W","LocAdd":"9451 SR 64 WEST  (15570)","LocCity":"WAUCHULA","LocCounty":"HARDEE","LocState":"FL","Nepa":"N","QZone":"0        NaN\n1        NaN\n2        NaN\n3        NaN\n4        NaN\n        ... \n24924    NaN\n24925    NaN\n24926    NaN\n24927    NaN\n24928    NaN\nName: 36, Length: 24929, dtype: object","TowReg":1058597,"SupStruc":91.400000000000006,"AllStruc":93.900000000000006,"StrucType":"GTOWER","LicStatus":"A","latdec":27.4821666667,"londec":-82.044277777800005,"url":"http://wireless2.fcc.gov/UlsApp/UlsSearch/licenseLocSum.jsp?licKey=12118"}},{"type":"Feature","id":264,"geometry":{"type":"Point","coordinates":[-82.033666666321039,27.594027776835844]},"properties":{"FID":264,"OBJECTID":5327,"UniqSysID":12118,"Licensee":"NEW CINGULAR WIRELESS PCS, LLC","Callsign":"KNKN678","LocNum":29,"LatDeg":27,"LatMin":35,"LatSec":38.5,"LatDir":"N","LonDeg":82,"LonMin":2,"LonSec":1.2,"LonDir":"W","LocAdd":"7635 SR 62 (139046)","LocCity":"Bowling Green","LocCounty":"HARDEE","LocState":"FL","Nepa":"N","QZone":"0        NaN\n1        NaN\n2        NaN\n3        NaN\n4        NaN\n        ... \n24924    NaN\n24925    NaN\n24926    NaN\n24927    NaN\n24928    NaN\nName: 36, Length: 24929, dtype: object","TowReg":1201039,"SupStruc":86.900000000000006,"AllStruc":91.099999999999994,"StrucType":"GTOWER","LicStatus":"A","latdec":27.594027777800001,"londec":-82.0336666667,"url":"http://wireless2.fcc.gov/UlsApp/UlsSearch/licenseLocSum.jsp?licKey=12118"}},{"type":"Feature","id":265,"geometry":{"type":"Point","coordinates":[-85.415611111244289,30.434027777311883]},"properties":{"FID":265,"OBJECTID":5405,"UniqSysID":12126,"Licensee":"ALLTEL Corporation","Callsign":"KNKA524","LocNum":2,"LatDeg":30,"LatMin":26,"LatSec":2.5,"LatDir":"N","LonDeg":85,"LonMin":24,"LonSec":56.200000000000003,"LonDir":"W","LocAdd":"0.8 MILES EAST OF I/S OF US 231 & S.R. 20 (Saunders)","LocCity":"FOUNTAIN","LocCounty":"BAY","LocState":"FL","Nepa":"N","QZone":"0        NaN\n1        NaN\n2        NaN\n3        NaN\n4        NaN\n        ... \n24924    NaN\n24925    NaN\n24926    NaN\n24927    NaN\n24928    NaN\nName: 36, Length: 24929, dtype: object","TowReg":1026854,"SupStruc":121.90000000000001,"AllStruc":127.40000000000001,"StrucType":"TOWER","LicStatus":"A","latdec":30.434027777800001,"londec":-85.415611111100006,"url":"http://wireless2.fcc.gov/UlsApp/UlsSearch/licenseLocSum.jsp?licKey=12126"}},{"type":"Feature","id":266,"geometry":{"type":"Point","coordinates":[-85.491527777227759,30.116805556355871]},"properties":{"FID":266,"OBJECTID":5406,"UniqSysID":12126,"Licensee":"ALLTEL Corporation","Callsign":"KNKA524","LocNum":4,"LatDeg":30,"LatMin":7,"LatSec":0.5,"LatDir":"N","LonDeg":85,"LonMin":29,"LonSec":29.5,"LonDir":"W","LocAdd":"12538 GATOR COVE DR. - Callaway","LocCity":"PANAMA CITY","LocCounty":"BAY","LocState":"FL","Nepa":"N","QZone":"0        NaN\n1        NaN\n2        NaN\n3        NaN\n4        NaN\n        ... \n24924    NaN\n24925    NaN\n24926    NaN\n24927    NaN\n24928    NaN\nName: 36, Length: 24929, dtype: object","TowReg":1026859,"SupStruc":76.200000000000003,"AllStruc":80.5,"StrucType":"TOWER","LicStatus":"A","latdec":30.116805555599999,"londec":-85.491527777800002,"url":"http://wireless2.fcc.gov/UlsApp/UlsSearch/licenseLocSum.jsp?licKey=12126"}},{"type":"Feature","id":267,"geometry":{"type":"Point","coordinates":[-85.665555555848925,30.318333333633575]},"properties":{"FID":267,"OBJECTID":5407,"UniqSysID":12126,"Licensee":"ALLTEL Corporation","Callsign":"KNKA524","LocNum":5,"LatDeg":30,"LatMin":19,"LatSec":6,"LatDir":"N","LonDeg":85,"LonMin":39,"LonSec":56,"LonDir":"W","LocAdd":"9234 TEACHEE TRAIL","LocCity":"Southport","LocCounty":"BAY","LocState":"FL","Nepa":"N","QZone":"0        NaN\n1        NaN\n2        NaN\n3        NaN\n4        NaN\n        ... \n24924    NaN\n24925    NaN\n24926    NaN\n24927    NaN\n24928    NaN\nName: 36, Length: 24929, dtype: object","TowReg":1026860,"SupStruc":76.200000000000003,"AllStruc":80.200000000000003,"StrucType":"TOWER","LicStatus":"A","latdec":30.3183333333,"londec":-85.665555555599994,"url":"http://wireless2.fcc.gov/UlsApp/UlsSearch/licenseLocSum.jsp?licKey=12126"}},{"type":"Feature","id":268,"geometry":{"type":"Point","coordinates":[-85.574805555754608,30.13058333261813]},"properties":{"FID":268,"OBJECTID":5408,"UniqSysID":12126,"Licensee":"ALLTEL Corporation","Callsign":"KNKA524","LocNum":6,"LatDeg":30,"LatMin":7,"LatSec":50.100000000000001,"LatDir":"N","LonDeg":85,"LonMin":34,"LonSec":29.300000000000001,"LonDir":"W","LocAdd":"904 S. BERTHE AVE.  (Long Point)","LocCity":"CALLOWAY","LocCounty":"BAY","LocState":"FL","Nepa":"N","QZone":"0        NaN\n1        NaN\n2        NaN\n3        NaN\n4        NaN\n        ... \n24924    NaN\n24925    NaN\n24926    NaN\n24927    NaN\n24928    NaN\nName: 36, Length: 24929, dtype: object","TowReg":0,"SupStruc":46,"AllStruc":50.799999999999997,"StrucType":"MAST","LicStatus":"A","latdec":30.130583333299999,"londec":-85.574805555599994,"url":"http://wireless2.fcc.gov/UlsApp/UlsSearch/licenseLocSum.jsp?licKey=12126"}},{"type":"Feature","id":269,"geometry":{"type":"Point","coordinates":[-85.390583333268069,29.94352777780847]},"properties":{"FID":269,"OBJECTID":5409,"UniqSysID":12126,"Licensee":"ALLTEL Corporation","Callsign":"KNKA524","LocNum":8,"LatDeg":29,"LatMin":56,"LatSec":36.700000000000003,"LatDir":"N","LonDeg":85,"LonMin":23,"LonSec":26.100000000000001,"LonDir":"W","LocAdd":"Mexico Beach Site 941 Hwy 386 (Harmon / 023025)","LocCity":"MEXICO BEACH","LocCounty":"BAY","LocState":"FL","Nepa":"N","QZone":"0        NaN\n1        NaN\n2        NaN\n3        NaN\n4        NaN\n        ... \n24924    NaN\n24925    NaN\n24926    NaN\n24927    NaN\n24928    NaN\nName: 36, Length: 24929, dtype: object","TowReg":1223203,"SupStruc":100.8,"AllStruc":103.3,"StrucType":"TOWER","LicStatus":"A","latdec":29.9435277778,"londec":-85.3905833333,"url":"http://wireless2.fcc.gov/UlsApp/UlsSearch/licenseLocSum.jsp?licKey=12126"}},{"type":"Feature","id":270,"geometry":{"type":"Point","coordinates":[-85.858111112358017,30.320805555019263]},"properties":{"FID":270,"OBJECTID":5410,"UniqSysID":12126,"Licensee":"ALLTEL Corporation","Callsign":"KNKA524","LocNum":10,"LatDeg":30,"LatMin":19,"LatSec":14.9,"LatDir":"N","LonDeg":85,"LonMin":51,"LonSec":29.199999999999999,"LonDir":"W","LocAdd":"West Bay Site HWY. 79 & MARILYN RD. (West Bay 100056332)","LocCity":"WEST BAY","LocCounty":"BAY","LocState":"FL","Nepa":"N","QZone":"0        NaN\n1        NaN\n2        NaN\n3        NaN\n4        NaN\n        ... \n24924    NaN\n24925    NaN\n24926    NaN\n24927    NaN\n24928    NaN\nName: 36, Length: 24929, dtype: object","TowReg":1044531,"SupStruc":115.8,"AllStruc":121.90000000000001,"StrucType":"TOWER","LicStatus":"A","latdec":30.3208055556,"londec":-85.858111111100001,"url":"http://wireless2.fcc.gov/UlsApp/UlsSearch/licenseLocSum.jsp?licKey=12126"}},{"type":"Feature","id":271,"geometry":{"type":"Point","coordinates":[-85.792249999917146,30.186472222253144]},"properties":{"FID":271,"OBJECTID":5411,"UniqSysID":12126,"Licensee":"ALLTEL Corporation","Callsign":"KNKA524","LocNum":12,"LatDeg":30,"LatMin":11,"LatSec":11.300000000000001,"LatDir":"N","LonDeg":85,"LonMin":47,"LonSec":32.100000000000001,"LonDir":"W","LocAdd":"8195 FRONT BEACH ROAD","LocCity":"PANAMA CITY","LocCounty":"BAY","LocState":"FL","Nepa":"N","QZone":"0        NaN\n1        NaN\n2        NaN\n3        NaN\n4        NaN\n        ... \n24924    NaN\n24925    NaN\n24926    NaN\n24927    NaN\n24928    NaN\nName: 36, Length: 24929, dtype: object","TowReg":0,"SupStruc":51.799999999999997,"AllStruc":55.799999999999997,"StrucType":"TOWER","LicStatus":"A","latdec":30.186472222199999,"londec":-85.792249999999996,"url":"http://wireless2.fcc.gov/UlsApp/UlsSearch/licenseLocSum.jsp?licKey=12126"}},{"type":"Feature","id":272,"geometry":{"type":"Point","coordinates":[-85.606527776857376,30.081083333068875]},"properties":{"FID":272,"OBJECTID":5412,"UniqSysID":12126,"Licensee":"ALLTEL Corporation","Callsign":"KNKA524","LocNum":13,"LatDeg":30,"LatMin":4,"LatSec":51.899999999999999,"LatDir":"N","LonDeg":85,"LonMin":36,"LonSec":23.5,"LonDir":"W","LocAdd":"Beacon Beach Site 7820 Hwy 98 East (#224680)","LocCity":"Parker","LocCounty":"BAY","LocState":"FL","Nepa":"N","QZone":"0        NaN\n1        NaN\n2        NaN\n3        NaN\n4        NaN\n        ... \n24924    NaN\n24925    NaN\n24926    NaN\n24927    NaN\n24928    NaN\nName: 36, Length: 24929, dtype: object","TowReg":1246412,"SupStruc":48.700000000000003,"AllStruc":50.299999999999997,"StrucType":"TOWER","LicStatus":"A","latdec":30.081083333300001,"londec":-85.606527777799997,"url":"http://wireless2.fcc.gov/UlsApp/UlsSearch/licenseLocSum.jsp?licKey=12126"}},{"type":"Feature","id":273,"geometry":{"type":"Point","coordinates":[-85.775833333913852,30.183472222625255]},"properties":{"FID":273,"OBJECTID":5413,"UniqSysID":12126,"Licensee":"ALLTEL Corporation","Callsign":"KNKA524","LocNum":14,"LatDeg":30,"LatMin":11,"LatSec":0.5,"LatDir":"N","LonDeg":85,"LonMin":46,"LonSec":33,"LonDir":"W","LocAdd":"Crown Front Beach Site 8195 FRONT BEACH ROAD","LocCity":"PANAMA CITY","LocCounty":"BAY","LocState":"FL","Nepa":"N","QZone":"0        NaN\n1        NaN\n2        NaN\n3        NaN\n4        NaN\n        ... \n24924    NaN\n24925    NaN\n24926    NaN\n24927    NaN\n24928    NaN\nName: 36, Length: 24929, dtype: object","TowReg":1058934,"SupStruc":85.299999999999997,"AllStruc":89,"StrucType":"TOWER","LicStatus":"A","latdec":30.183472222199999,"londec":-85.7758333333,"url":"http://wireless2.fcc.gov/UlsApp/UlsSearch/licenseLocSum.jsp?licKey=12126"}},{"type":"Feature","id":274,"geometry":{"type":"Point","coordinates":[-85.940388889005476,30.254916666160852]},"properties":{"FID":274,"OBJECTID":5414,"UniqSysID":12126,"Licensee":"ALLTEL Corporation","Callsign":"KNKA524","LocNum":15,"LatDeg":30,"LatMin":15,"LatSec":17.699999999999999,"LatDir":"N","LonDeg":85,"LonMin":56,"LonSec":25.399999999999999,"LonDir":"W","LocAdd":"Pinnacle Inlet Beach Site 20620 BACK BEACH ROAD","LocCity":"SUNNYSIDE","LocCounty":"BAY","LocState":"FL","Nepa":"N","QZone":"0        NaN\n1        NaN\n2        NaN\n3        NaN\n4        NaN\n        ... \n24924    NaN\n24925    NaN\n24926    NaN\n24927    NaN\n24928    NaN\nName: 36, Length: 24929, dtype: object","TowReg":1039187,"SupStruc":84.099999999999994,"AllStruc":91.400000000000006,"StrucType":"TOWER","LicStatus":"A","latdec":30.254916666700002,"londec":-85.940388888900003,"url":"http://wireless2.fcc.gov/UlsApp/UlsSearch/licenseLocSum.jsp?licKey=12126"}},{"type":"Feature","id":275,"geometry":{"type":"Point","coordinates":[-85.748666666347845,30.159222222229573]},"properties":{"FID":275,"OBJECTID":5415,"UniqSysID":12126,"Licensee":"ALLTEL Corporation","Callsign":"KNKA524","LocNum":16,"LatDeg":30,"LatMin":9,"LatSec":33.200000000000003,"LatDir":"N","LonDeg":85,"LonMin":44,"LonSec":55.200000000000003,"LonDir":"W","LocAdd":"(Thomas Drive) 5820 MAGNOLIA BEACH ROAD","LocCity":"PANAMA CITY","LocCounty":"BAY","LocState":"FL","Nepa":"N","QZone":"0        NaN\n1        NaN\n2        NaN\n3        NaN\n4        NaN\n        ... \n24924    NaN\n24925    NaN\n24926    NaN\n24927    NaN\n24928    NaN\nName: 36, Length: 24929, dtype: object","TowReg":1243490,"SupStruc":60.600000000000001,"AllStruc":60.600000000000001,"StrucType":"MTOWER","LicStatus":"A","latdec":30.1592222222,"londec":-85.748666666700004,"url":"http://wireless2.fcc.gov/UlsApp/UlsSearch/licenseLocSum.jsp?licKey=12126"}},{"type":"Feature","id":276,"geometry":{"type":"Point","coordinates":[-80.830611112027327,26.181777776987474]},"properties":{"FID":276,"OBJECTID":5979,"UniqSysID":12170,"Licensee":"NEW CINGULAR WIRELESS PCS, LLC","Callsign":"KNKA225","LocNum":2,"LatDeg":26,"LatMin":10,"LatSec":54.399999999999999,"LatDir":"N","LonDeg":80,"LonMin":49,"LonSec":50.200000000000003,"LonDir":"W","LocAdd":"MILE MARKER 53 INTERSTATE I75   (57064)","LocCity":"INDIAN RESERVATION","LocCounty":"BROWARD","LocState":"FL","Nepa":"N","QZone":"0        NaN\n1        NaN\n2        NaN\n3        NaN\n4        NaN\n        ... \n24924    NaN\n24925    NaN\n24926    NaN\n24927    NaN\n24928    NaN\nName: 36, Length: 24929, dtype: object","TowReg":1030004,"SupStruc":77.700000000000003,"AllStruc":78.599999999999994,"StrucType":"GTOWER","LicStatus":"A","latdec":26.181777777800001,"londec":-80.830611111099998,"url":"http://wireless2.fcc.gov/UlsApp/UlsSearch/licenseLocSum.jsp?licKey=12170"}},{"type":"Feature","id":277,"geometry":{"type":"Point","coordinates":[-80.156500000260223,25.683555555759597]},"properties":{"FID":277,"OBJECTID":5980,"UniqSysID":12170,"Licensee":"NEW CINGULAR WIRELESS PCS, LLC","Callsign":"KNKA225","LocNum":6,"LatDeg":25,"LatMin":41,"LatSec":0.80000000000000004,"LatDir":"N","LonDeg":80,"LonMin":9,"LonSec":23.399999999999999,"LonDir":"W","LocAdd":"1121 CRANDON BLVD.   (56838)","LocCity":"KEY BISCAYNE","LocCounty":"MIAMI-DADE","LocState":"FL","Nepa":"N","QZone":"0        NaN\n1        NaN\n2        NaN\n3        NaN\n4        NaN\n        ... \n24924    NaN\n24925    NaN\n24926    NaN\n24927    NaN\n24928    NaN\nName: 36, Length: 24929, dtype: object","TowReg":0,"SupStruc":44.799999999999997,"AllStruc":47.899999999999999,"StrucType":"B","LicStatus":"A","latdec":25.683555555600002,"londec":-80.156499999999994,"url":"http://wireless2.fcc.gov/UlsApp/UlsSearch/licenseLocSum.jsp?licKey=12170"}},{"type":"Feature","id":278,"geometry":{"type":"Point","coordinates":[-80.098388889134014,26.320055556191846]},"properties":{"FID":278,"OBJECTID":5981,"UniqSysID":12170,"Licensee":"NEW CINGULAR WIRELESS PCS, LLC","Callsign":"KNKA225","LocNum":11,"LatDeg":26,"LatMin":19,"LatSec":12.199999999999999,"LatDir":"N","LonDeg":80,"LonMin":5,"LonSec":54.200000000000003,"LonDir":"W","LocAdd":"300 NE. 2ND ST.   (57073)","LocCity":"Deerfield Beach","LocCounty":"BROWARD","LocState":"FL","Nepa":"N","QZone":"0        NaN\n1        NaN\n2        NaN\n3        NaN\n4        NaN\n        ... \n24924    NaN\n24925    NaN\n24926    NaN\n24927    NaN\n24928    NaN\nName: 36, Length: 24929, dtype: object","TowReg":1237543,"SupStruc":56.100000000000001,"AllStruc":61,"StrucType":"LTOWER","LicStatus":"A","latdec":26.3200555556,"londec":-80.098388888900004,"url":"http://wireless2.fcc.gov/UlsApp/UlsSearch/licenseLocSum.jsp?licKey=12170"}},{"type":"Feature","id":279,"geometry":{"type":"Point","coordinates":[-80.819583333412254,25.762027777621597]},"properties":{"FID":279,"OBJECTID":5982,"UniqSysID":12170,"Licensee":"NEW CINGULAR WIRELESS PCS, LLC","Callsign":"KNKA225","LocNum":17,"LatDeg":25,"LatMin":45,"LatSec":43.299999999999997,"LatDir":"N","LonDeg":80,"LonMin":49,"LonSec":10.5,"LonDir":"W","LocAdd":"39025 SOUTHWEST 8TH STREET","LocCity":"Miami","LocCounty":"MIAMI-DADE","LocState":"FL","Nepa":"N","QZone":"0        NaN\n1        NaN\n2        NaN\n3        NaN\n4        NaN\n        ... \n24924    NaN\n24925    NaN\n24926    NaN\n24927    NaN\n24928    NaN\nName: 36, Length: 24929, dtype: object","TowReg":1030849,"SupStruc":77.400000000000006,"AllStruc":79.5,"StrucType":"LTOWER","LicStatus":"A","latdec":25.7620277778,"londec":-80.819583333300002,"url":"http://wireless2.fcc.gov/UlsApp/UlsSearch/licenseLocSum.jsp?licKey=12170"}},{"type":"Feature","id":280,"geometry":{"type":"Point","coordinates":[-80.225111110907335,26.333388889400396]},"properties":{"FID":280,"OBJECTID":5983,"UniqSysID":12170,"Licensee":"NEW CINGULAR WIRELESS PCS, LLC","Callsign":"KNKA225","LocNum":85,"LatDeg":26,"LatMin":20,"LatSec":0.20000000000000001,"LatDir":"N","LonDeg":80,"LonMin":13,"LonSec":30.399999999999999,"LonDir":"W","LocAdd":"7341 LOX RD   (57072)","LocCity":"PARKLAND","LocCounty":"BROWARD","LocState":"FL","Nepa":"N","QZone":"0        NaN\n1        NaN\n2        NaN\n3        NaN\n4        NaN\n        ... \n24924    NaN\n24925    NaN\n24926    NaN\n24927    NaN\n24928    NaN\nName: 36, Length: 24929, dtype: object","TowReg":1279506,"SupStruc":50.299999999999997,"AllStruc":53.299999999999997,"StrucType":"LTOWER","LicStatus":"A","latdec":26.3333888889,"londec":-80.225111111100006,"url":"http://wireless2.fcc.gov/UlsApp/UlsSearch/licenseLocSum.jsp?licKey=12170"}},{"type":"Feature","id":281,"geometry":{"type":"Point","coordinates":[-80.077416666000659,26.314138888620676]},"properties":{"FID":281,"OBJECTID":5984,"UniqSysID":12170,"Licensee":"NEW CINGULAR WIRELESS PCS, LLC","Callsign":"KNKA225","LocNum":94,"LatDeg":26,"LatMin":18,"LatSec":50.899999999999999,"LatDir":"N","LonDeg":80,"LonMin":4,"LonSec":38.700000000000003,"LonDir":"W","LocAdd":"50 SE 20TH AVE.   (7052)","LocCity":"DEERFIELD BEACH","LocCounty":"BROWARD","LocState":"FL","Nepa":"N","QZone":"0        NaN\n1        NaN\n2        NaN\n3        NaN\n4        NaN\n        ... \n24924    NaN\n24925    NaN\n24926    NaN\n24927    NaN\n24928    NaN\nName: 36, Length: 24929, dtype: object","TowReg":0,"SupStruc":23.800000000000001,"AllStruc":23.800000000000001,"StrucType":"B","LicStatus":"A","latdec":26.314138888900001,"londec":-80.077416666700003,"url":"http://wireless2.fcc.gov/UlsApp/UlsSearch/licenseLocSum.jsp?licKey=12170"}},{"type":"Feature","id":282,"geometry":{"type":"Point","coordinates":[-80.542583332960817,26.337611110974365]},"properties":{"FID":282,"OBJECTID":5985,"UniqSysID":12170,"Licensee":"NEW CINGULAR WIRELESS PCS, LLC","Callsign":"KNKA225","LocNum":95,"LatDeg":26,"LatMin":20,"LatSec":15.4,"LatDir":"N","LonDeg":80,"LonMin":32,"LonSec":33.299999999999997,"LonDir":"W","LocAdd":"22953 US HIGHWAY 27   (62015)","LocCity":"SOUTH BAY","LocCounty":"PALM BEACH","LocState":"FL","Nepa":"N","QZone":"0        NaN\n1        NaN\n2        NaN\n3        NaN\n4        NaN\n        ... \n24924    NaN\n24925    NaN\n24926    NaN\n24927    NaN\n24928    NaN\nName: 36, Length: 24929, dtype: object","TowReg":1030010,"SupStruc":80.799999999999997,"AllStruc":82.299999999999997,"StrucType":"GTOWER","LicStatus":"A","latdec":26.337611111099999,"londec":-80.542583333300001,"url":"http://wireless2.fcc.gov/UlsApp/UlsSearch/licenseLocSum.jsp?licKey=12170"}},{"type":"Feature","id":283,"geometry":{"type":"Point","coordinates":[-80.3453611111957,25.433888888603974]},"properties":{"FID":283,"OBJECTID":5986,"UniqSysID":12170,"Licensee":"NEW CINGULAR WIRELESS PCS, LLC","Callsign":"KNKA225","LocNum":97,"LatDeg":25,"LatMin":26,"LatSec":2,"LatDir":"N","LonDeg":80,"LonMin":20,"LonSec":43.299999999999997,"LonDir":"W","LocAdd":"6501 SW 360TH ST   (6953)","LocCity":"MIAMI","LocCounty":"MIAMI-DADE","LocState":"FL","Nepa":"N","QZone":"0        NaN\n1        NaN\n2        NaN\n3        NaN\n4        NaN\n        ... \n24924    NaN\n24925    NaN\n24926    NaN\n24927    NaN\n24928    NaN\nName: 36, Length: 24929, dtype: object","TowReg":0,"SupStruc":36.600000000000001,"AllStruc":41.100000000000001,"StrucType":"GTOWER","LicStatus":"A","latdec":25.4338888889,"londec":-80.345361111100004,"url":"http://wireless2.fcc.gov/UlsApp/UlsSearch/licenseLocSum.jsp?licKey=12170"}},{"type":"Feature","id":284,"geometry":{"type":"Point","coordinates":[-80.919722223022404,25.146944444979852]},"properties":{"FID":284,"OBJECTID":5987,"UniqSysID":12170,"Licensee":"NEW CINGULAR WIRELESS PCS, LLC","Callsign":"KNKA225","LocNum":99,"LatDeg":25,"LatMin":8,"LatSec":49,"LatDir":"N","LonDeg":80,"LonMin":55,"LonSec":11,"LonDir":"W","LocAdd":"EVERGLADES NATL PARK   (71794)","LocCity":"FLAMINGO","LocCounty":"MONROE","LocState":"FL","Nepa":"N","QZone":"0        NaN\n1        NaN\n2        NaN\n3        NaN\n4        NaN\n        ... \n24924    NaN\n24925    NaN\n24926    NaN\n24927    NaN\n24928    NaN\nName: 36, Length: 24929, dtype: object","TowReg":1028849,"SupStruc":103.59999999999999,"AllStruc":103.59999999999999,"StrucType":"GTOWER","LicStatus":"A","latdec":25.146944444399999,"londec":-80.919722222199994,"url":"http://wireless2.fcc.gov/UlsApp/UlsSearch/licenseLocSum.jsp?licKey=12170"}},{"type":"Feature","id":285,"geometry":{"type":"Point","coordinates":[-80.6815833327787,25.39069444474228]},"properties":{"FID":285,"OBJECTID":5988,"UniqSysID":12170,"Licensee":"NEW CINGULAR WIRELESS PCS, LLC","Callsign":"KNKA225","LocNum":102,"LatDeg":25,"LatMin":23,"LatSec":26.5,"LatDir":"N","LonDeg":80,"LonMin":40,"LonSec":53.700000000000003,"LonDir":"W","LocAdd":"40001 SR-93363","LocCity":"Homestead","LocCounty":"MIAMI-DADE","LocState":"FL","Nepa":"N","QZone":"0        NaN\n1        NaN\n2        NaN\n3        NaN\n4        NaN\n        ... \n24924    NaN\n24925    NaN\n24926    NaN\n24927    NaN\n24928    NaN\nName: 36, Length: 24929, dtype: object","TowReg":1301024,"SupStruc":76.200000000000003,"AllStruc":83.799999999999997,"StrucType":"LTOWER","LicStatus":"A","latdec":25.390694444400001,"londec":-80.681583333299997,"url":"http://wireless2.fcc.gov/UlsApp/UlsSearch/licenseLocSum.jsp?licKey=12170"}},{"type":"Feature","id":286,"geometry":{"type":"Point","coordinates":[-80.904777778090534,28.869611111219911]},"properties":{"FID":286,"OBJECTID":6251,"UniqSysID":12196,"Licensee":"Orlando SMSA Limited Partnership","Callsign":"KNKA703","LocNum":8,"LatDeg":28,"LatMin":52,"LatSec":10.6,"LatDir":"N","LonDeg":80,"LonMin":54,"LonSec":17.199999999999999,"LonDir":"W","LocAdd":"1340 Maytown Rd  (64922)","LocCity":"OAK HILL","LocCounty":"VOLUSIA","LocState":"FL","Nepa":"N","QZone":"0        NaN\n1        NaN\n2        NaN\n3        NaN\n4        NaN\n        ... \n24924    NaN\n24925    NaN\n24926    NaN\n24927    NaN\n24928    NaN\nName: 36, Length: 24929, dtype: object","TowReg":1003606,"SupStruc":126.2,"AllStruc":128.59999999999999,"StrucType":"GTOWER","LicStatus":"A","latdec":28.869611111099999,"londec":-80.904777777800007,"url":"http://wireless2.fcc.gov/UlsApp/UlsSearch/licenseLocSum.jsp?licKey=12196"}},{"type":"Feature","id":287,"geometry":{"type":"Point","coordinates":[-81.128916667176327,29.337388889122508]},"properties":{"FID":287,"OBJECTID":6252,"UniqSysID":12196,"Licensee":"Orlando SMSA Limited Partnership","Callsign":"KNKA703","LocNum":10,"LatDeg":29,"LatMin":20,"LatSec":14.6,"LatDir":"N","LonDeg":81,"LonMin":7,"LonSec":44.100000000000001,"LonDir":"W","LocAdd":"1567 North US 1   (64925)","LocCity":"Ormand Beach","LocCounty":"VOLUSIA","LocState":"FL","Nepa":"N","QZone":"0        NaN\n1        NaN\n2        NaN\n3        NaN\n4        NaN\n        ... \n24924    NaN\n24925    NaN\n24926    NaN\n24927    NaN\n24928    NaN\nName: 36, Length: 24929, dtype: object","TowReg":1220514,"SupStruc":53.299999999999997,"AllStruc":54.899999999999999,"StrucType":"MTOWER","LicStatus":"A","latdec":29.337388888900001,"londec":-81.128916666699993,"url":"http://wireless2.fcc.gov/UlsApp/UlsSearch/licenseLocSum.jsp?licKey=12196"}},{"type":"Feature","id":288,"geometry":{"type":"Point","coordinates":[-81.02769444436791,29.267777777612082]},"properties":{"FID":288,"OBJECTID":6253,"UniqSysID":12196,"Licensee":"Orlando SMSA Limited Partnership","Callsign":"KNKA703","LocNum":12,"LatDeg":29,"LatMin":16,"LatSec":4,"LatDir":"N","LonDeg":81,"LonMin":1,"LonSec":39.700000000000003,"LonDir":"W","LocAdd":"2900 North Atlantic Avenue (64938)","LocCity":"Daytona Beach","LocCounty":"VOLUSIA","LocState":"FL","Nepa":"N","QZone":"0        NaN\n1        NaN\n2        NaN\n3        NaN\n4        NaN\n        ... \n24924    NaN\n24925    NaN\n24926    NaN\n24927    NaN\n24928    NaN\nName: 36, Length: 24929, dtype: object","TowReg":0,"SupStruc":67.099999999999994,"AllStruc":67.099999999999994,"StrucType":"B","LicStatus":"A","latdec":29.267777777799999,"londec":-81.027694444399998,"url":"http://wireless2.fcc.gov/UlsApp/UlsSearch/licenseLocSum.jsp?licKey=12196"}},{"type":"Feature","id":289,"geometry":{"type":"Point","coordinates":[-81.499138888876416,29.346305555335391]},"properties":{"FID":289,"OBJECTID":6254,"UniqSysID":12196,"Licensee":"Orlando SMSA Limited Partnership","Callsign":"KNKA703","LocNum":16,"LatDeg":29,"LatMin":20,"LatSec":46.700000000000003,"LatDir":"N","LonDeg":81,"LonMin":29,"LonSec":56.899999999999999,"LonDir":"W","LocAdd":"2295 NORTH US HWY 17   (64949)","LocCity":"Pierson","LocCounty":"VOLUSIA","LocState":"FL","Nepa":"N","QZone":"0        NaN\n1        NaN\n2        NaN\n3        NaN\n4        NaN\n        ... \n24924    NaN\n24925    NaN\n24926    NaN\n24927    NaN\n24928    NaN\nName: 36, Length: 24929, dtype: object","TowReg":1056690,"SupStruc":91.400000000000006,"AllStruc":93,"StrucType":"GTOWER","LicStatus":"A","latdec":29.346305555600001,"londec":-81.499138888900006,"url":"http://wireless2.fcc.gov/UlsApp/UlsSearch/licenseLocSum.jsp?licKey=12196"}},{"type":"Feature","id":290,"geometry":{"type":"Point","coordinates":[-80.968833333404291,29.151916667270939]},"properties":{"FID":290,"OBJECTID":6255,"UniqSysID":12196,"Licensee":"Orlando SMSA Limited Partnership","Callsign":"KNKA703","LocNum":17,"LatDeg":29,"LatMin":9,"LatSec":6.9000000000000004,"LatDir":"N","LonDeg":80,"LonMin":58,"LonSec":7.7999999999999998,"LonDir":"W","LocAdd":"3425 SOUTH ATLANTIC AVENUE (64948)","LocCity":"Daytona Beach Shores","LocCounty":"VOLUSIA","LocState":"FL","Nepa":"N","QZone":"0        NaN\n1        NaN\n2        NaN\n3        NaN\n4        NaN\n        ... \n24924    NaN\n24925    NaN\n24926    NaN\n24927    NaN\n24928    NaN\nName: 36, Length: 24929, dtype: object","TowReg":0,"SupStruc":64,"AllStruc":64.299999999999997,"StrucType":"B","LicStatus":"A","latdec":29.1519166667,"londec":-80.968833333299997,"url":"http://wireless2.fcc.gov/UlsApp/UlsSearch/licenseLocSum.jsp?licKey=12196"}},{"type":"Feature","id":291,"geometry":{"type":"Point","coordinates":[-80.860750000339578,28.887999999785393]},"properties":{"FID":291,"OBJECTID":6256,"UniqSysID":12196,"Licensee":"Orlando SMSA Limited Partnership","Callsign":"KNKA703","LocNum":18,"LatDeg":28,"LatMin":53,"LatSec":16.800000000000001,"LatDir":"N","LonDeg":80,"LonMin":51,"LonSec":38.700000000000003,"LonDir":"W","LocAdd":"555 North US Highway 1 (15287)","LocCity":"Oak Hill","LocCounty":"VOLUSIA","LocState":"FL","Nepa":"N","QZone":"0        NaN\n1        NaN\n2        NaN\n3        NaN\n4        NaN\n        ... \n24924    NaN\n24925    NaN\n24926    NaN\n24927    NaN\n24928    NaN\nName: 36, Length: 24929, dtype: object","TowReg":1227142,"SupStruc":69.200000000000003,"AllStruc":71,"StrucType":"LTOWER","LicStatus":"A","latdec":28.888000000000002,"londec":-80.860749999999996,"url":"http://wireless2.fcc.gov/UlsApp/UlsSearch/licenseLocSum.jsp?licKey=12196"}},{"type":"Feature","id":292,"geometry":{"type":"Point","coordinates":[-81.316583333194387,28.868388889034577]},"properties":{"FID":292,"OBJECTID":6257,"UniqSysID":12196,"Licensee":"Orlando SMSA Limited Partnership","Callsign":"KNKA703","LocNum":20,"LatDeg":28,"LatMin":52,"LatSec":6.2000000000000002,"LatDir":"N","LonDeg":81,"LonMin":18,"LonSec":59.700000000000003,"LonDir":"W","LocAdd":"350 SOUTH US HIGHWAY 17-92 (64943)","LocCity":"DEBARY","LocCounty":"VOLUSIA","LocState":"FL","Nepa":"N","QZone":"0        NaN\n1        NaN\n2        NaN\n3        NaN\n4        NaN\n        ... \n24924    NaN\n24925    NaN\n24926    NaN\n24927    NaN\n24928    NaN\nName: 36, Length: 24929, dtype: object","TowReg":0,"SupStruc":54.200000000000003,"AllStruc":55.799999999999997,"StrucType":"UPOLE","LicStatus":"A","latdec":28.8683888889,"londec":-81.316583333300002,"url":"http://wireless2.fcc.gov/UlsApp/UlsSearch/licenseLocSum.jsp?licKey=12196"}},{"type":"Feature","id":293,"geometry":{"type":"Point","coordinates":[-81.020166665593194,28.712666666021278]},"properties":{"FID":293,"OBJECTID":6258,"UniqSysID":12196,"Licensee":"Orlando SMSA Limited Partnership","Callsign":"KNKA703","LocNum":23,"LatDeg":28,"LatMin":42,"LatSec":45.600000000000001,"LatDir":"N","LonDeg":81,"LonMin":1,"LonSec":12.6,"LonDir":"W","LocAdd":"Morgan Alderman Road   (87300)","LocCity":"Mims","LocCounty":"VOLUSIA","LocState":"FL","Nepa":"N","QZone":"0        NaN\n1        NaN\n2        NaN\n3        NaN\n4        NaN\n        ... \n24924    NaN\n24925    NaN\n24926    NaN\n24927    NaN\n24928    NaN\nName: 36, Length: 24929, dtype: object","TowReg":1256869,"SupStruc":57.899999999999999,"AllStruc":57.899999999999999,"StrucType":"MTOWER","LicStatus":"A","latdec":28.712666666699999,"londec":-81.020166666700007,"url":"http://wireless2.fcc.gov/UlsApp/UlsSearch/licenseLocSum.jsp?licKey=12196"}},{"type":"Feature","id":294,"geometry":{"type":"Point","coordinates":[-81.508416666672929,29.163083333319094]},"properties":{"FID":294,"OBJECTID":6259,"UniqSysID":12196,"Licensee":"Orlando SMSA Limited Partnership","Callsign":"KNKA703","LocNum":24,"LatDeg":29,"LatMin":9,"LatSec":47.100000000000001,"LatDir":"N","LonDeg":81,"LonMin":30,"LonSec":30.300000000000001,"LonDir":"W","LocAdd":"2120 St. Johns River Road   (64947)","LocCity":"Astor","LocCounty":"VOLUSIA","LocState":"FL","Nepa":"N","QZone":"0        NaN\n1        NaN\n2        NaN\n3        NaN\n4        NaN\n        ... \n24924    NaN\n24925    NaN\n24926    NaN\n24927    NaN\n24928    NaN\nName: 36, Length: 24929, dtype: object","TowReg":1242163,"SupStruc":82.299999999999997,"AllStruc":88.400000000000006,"StrucType":"GTOWER","LicStatus":"A","latdec":29.163083333300001,"londec":-81.508416666700001,"url":"http://wireless2.fcc.gov/UlsApp/UlsSearch/licenseLocSum.jsp?licKey=12196"}},{"type":"Feature","id":295,"geometry":{"type":"Point","coordinates":[-81.415222223129604,29.181333333727423]},"properties":{"FID":295,"OBJECTID":6260,"UniqSysID":12196,"Licensee":"Orlando SMSA Limited Partnership","Callsign":"KNKA703","LocNum":25,"LatDeg":29,"LatMin":10,"LatSec":52.799999999999997,"LatDir":"N","LonDeg":81,"LonMin":24,"LonSec":54.799999999999997,"LonDir":"W","LocAdd":"1869 SOUTH CR #3  (6575)","LocCity":"Barberville","LocCounty":"VOLUSIA","LocState":"FL","Nepa":"N","QZone":"0        NaN\n1        NaN\n2        NaN\n3        NaN\n4        NaN\n        ... \n24924    NaN\n24925    NaN\n24926    NaN\n24927    NaN\n24928    NaN\nName: 36, Length: 24929, dtype: object","TowReg":1234904,"SupStruc":92,"AllStruc":93.299999999999997,"StrucType":"LTOWER","LicStatus":"A","latdec":29.1813333333,"londec":-81.415222222200001,"url":"http://wireless2.fcc.gov/UlsApp/UlsSearch/licenseLocSum.jsp?licKey=12196"}},{"type":"Feature","id":296,"geometry":{"type":"Point","coordinates":[-81.033750000274608,29.226916666859722]},"properties":{"FID":296,"OBJECTID":6261,"UniqSysID":12196,"Licensee":"Orlando SMSA Limited Partnership","Callsign":"KNKA703","LocNum":26,"LatDeg":29,"LatMin":13,"LatSec":36.899999999999999,"LatDir":"N","LonDeg":81,"LonMin":2,"LonSec":1.5,"LonDir":"W","LocAdd":"112 Carswell Avenue   (6576)","LocCity":"Holly Hill","LocCounty":"VOLUSIA","LocState":"FL","Nepa":"N","QZone":"0        NaN\n1        NaN\n2        NaN\n3        NaN\n4        NaN\n        ... \n24924    NaN\n24925    NaN\n24926    NaN\n24927    NaN\n24928    NaN\nName: 36, Length: 24929, dtype: object","TowReg":1203757,"SupStruc":91.099999999999994,"AllStruc":94.799999999999997,"StrucType":"LTOWER","LicStatus":"A","latdec":29.226916666699999,"londec":-81.033749999999998,"url":"http://wireless2.fcc.gov/UlsApp/UlsSearch/licenseLocSum.jsp?licKey=12196"}},{"type":"Feature","id":297,"geometry":{"type":"Point","coordinates":[-80.92866666566141,29.027333332743638]},"properties":{"FID":297,"OBJECTID":6262,"UniqSysID":12196,"Licensee":"Orlando SMSA Limited Partnership","Callsign":"KNKA703","LocNum":27,"LatDeg":29,"LatMin":1,"LatSec":38.399999999999999,"LatDir":"N","LonDeg":80,"LonMin":55,"LonSec":43.200000000000003,"LonDir":"W","LocAdd":"414 MARY AVE   (6579)","LocCity":"NEW SMYRNA BEACH","LocCounty":"VOLUSIA","LocState":"FL","Nepa":"N","QZone":"0        NaN\n1        NaN\n2        NaN\n3        NaN\n4        NaN\n        ... \n24924    NaN\n24925    NaN\n24926    NaN\n24927    NaN\n24928    NaN\nName: 36, Length: 24929, dtype: object","TowReg":1028938,"SupStruc":55.799999999999997,"AllStruc":58.5,"StrucType":"LTOWER","LicStatus":"A","latdec":29.0273333333,"londec":-80.928666666699996,"url":"http://wireless2.fcc.gov/UlsApp/UlsSearch/licenseLocSum.jsp?licKey=12196"}},{"type":"Feature","id":298,"geometry":{"type":"Point","coordinates":[-81.337194445261616,29.030638888908072]},"properties":{"FID":298,"OBJECTID":6263,"UniqSysID":12196,"Licensee":"Orlando SMSA Limited Partnership","Callsign":"KNKA703","LocNum":28,"LatDeg":29,"LatMin":1,"LatSec":50.299999999999997,"LatDir":"N","LonDeg":81,"LonMin":20,"LonSec":13.9,"LonDir":"W","LocAdd":"248 HAZEN ROAD   (6581)","LocCity":"DELAND","LocCounty":"VOLUSIA","LocState":"FL","Nepa":"N","QZone":"0        NaN\n1        NaN\n2        NaN\n3        NaN\n4        NaN\n        ... \n24924    NaN\n24925    NaN\n24926    NaN\n24927    NaN\n24928    NaN\nName: 36, Length: 24929, dtype: object","TowReg":1028939,"SupStruc":75.299999999999997,"AllStruc":75.900000000000006,"StrucType":"LTOWER","LicStatus":"A","latdec":29.0306388889,"londec":-81.337194444399998,"url":"http://wireless2.fcc.gov/UlsApp/UlsSearch/licenseLocSum.jsp?licKey=12196"}},{"type":"Feature","id":299,"geometry":{"type":"Point","coordinates":[-81.174222222062156,28.856833332804456]},"properties":{"FID":299,"OBJECTID":6264,"UniqSysID":12196,"Licensee":"Orlando SMSA Limited Partnership","Callsign":"KNKA703","LocNum":29,"LatDeg":28,"LatMin":51,"LatSec":24.600000000000001,"LatDir":"N","LonDeg":81,"LonMin":10,"LonSec":27.199999999999999,"LonDir":"W","LocAdd":"395 COLLINS ROAD   (14075)","LocCity":"Osteen","LocCounty":"VOLUSIA","LocState":"FL","Nepa":"N","QZone":"0        NaN\n1        NaN\n2        NaN\n3        NaN\n4        NaN\n        ... \n24924    NaN\n24925    NaN\n24926    NaN\n24927    NaN\n24928    NaN\nName: 36, Length: 24929, dtype: object","TowReg":1222877,"SupStruc":59.399999999999999,"AllStruc":62.200000000000003,"StrucType":"MTOWER","LicStatus":"A","latdec":28.856833333299999,"londec":-81.174222222200001,"url":"http://wireless2.fcc.gov/UlsApp/UlsSearch/licenseLocSum.jsp?licKey=12196"}},{"type":"Feature","id":300,"geometry":{"type":"Point","coordinates":[-81.859833333432903,29.738611112390117]},"properties":{"FID":300,"OBJECTID":6716,"UniqSysID":12226,"Licensee":"New Cingular Wireless PCS, LLC","Callsign":"KNKN550","LocNum":4,"LatDeg":29,"LatMin":44,"LatSec":19,"LatDir":"N","LonDeg":81,"LonMin":51,"LonSec":35.399999999999999,"LonDir":"W","LocAdd":"162 NICHOLS RD  (45034)","LocCity":"FLORAHOME","LocCounty":"PUTNAM","LocState":"FL","Nepa":"N","QZone":"0        NaN\n1        NaN\n2        NaN\n3        NaN\n4        NaN\n        ... \n24924    NaN\n24925    NaN\n24926    NaN\n24927    NaN\n24928    NaN\nName: 36, Length: 24929, dtype: object","TowReg":1021359,"SupStruc":73.200000000000003,"AllStruc":75.599999999999994,"StrucType":"GTOWER","LicStatus":"A","latdec":29.738611111099999,"londec":-81.859833333300003,"url":"http://wireless2.fcc.gov/UlsApp/UlsSearch/licenseLocSum.jsp?licKey=12226"}},{"type":"Feature","id":301,"geometry":{"type":"Point","coordinates":[-81.569694445176765,29.67294444407878]},"properties":{"FID":301,"OBJECTID":6717,"UniqSysID":12226,"Licensee":"New Cingular Wireless PCS, LLC","Callsign":"KNKN550","LocNum":8,"LatDeg":29,"LatMin":40,"LatSec":22.600000000000001,"LatDir":"N","LonDeg":81,"LonMin":34,"LonSec":10.9,"LonDir":"W","LocAdd":"224 Walden Road   (71419)","LocCity":"EAST PALATKA","LocCounty":"PUTNAM","LocState":"FL","Nepa":"N","QZone":"0        NaN\n1        NaN\n2        NaN\n3        NaN\n4        NaN\n        ... \n24924    NaN\n24925    NaN\n24926    NaN\n24927    NaN\n24928    NaN\nName: 36, Length: 24929, dtype: object","TowReg":1229181,"SupStruc":76.5,"AllStruc":82.599999999999994,"StrucType":"LTOWER","LicStatus":"A","latdec":29.672944444399999,"londec":-81.5696944444,"url":"http://wireless2.fcc.gov/UlsApp/UlsSearch/licenseLocSum.jsp?licKey=12226"}},{"type":"Feature","id":302,"geometry":{"type":"Point","coordinates":[-81.655055555188085,29.5494722222723]},"properties":{"FID":302,"OBJECTID":6718,"UniqSysID":12226,"Licensee":"New Cingular Wireless PCS, LLC","Callsign":"KNKN550","LocNum":19,"LatDeg":29,"LatMin":32,"LatSec":58.100000000000001,"LatDir":"N","LonDeg":81,"LonMin":39,"LonSec":18.199999999999999,"LonDir":"W","LocAdd":"116 SOUTH 1ST STREET (71409)","LocCity":"SATSUMA","LocCounty":"PUTNAM","LocState":"FL","Nepa":"N","QZone":"0        NaN\n1        NaN\n2        NaN\n3        NaN\n4        NaN\n        ... \n24924    NaN\n24925    NaN\n24926    NaN\n24927    NaN\n24928    NaN\nName: 36, Length: 24929, dtype: object","TowReg":0,"SupStruc":54.899999999999999,"AllStruc":58.5,"StrucType":"LTOWER","LicStatus":"A","latdec":29.549472222199999,"londec":-81.655055555600001,"url":"http://wireless2.fcc.gov/UlsApp/UlsSearch/licenseLocSum.jsp?licKey=12226"}},{"type":"Feature","id":303,"geometry":{"type":"Point","coordinates":[-81.579777778221228,29.609666666157295]},"properties":{"FID":303,"OBJECTID":6719,"UniqSysID":12226,"Licensee":"New Cingular Wireless PCS, LLC","Callsign":"KNKN550","LocNum":20,"LatDeg":29,"LatMin":36,"LatSec":34.799999999999997,"LatDir":"N","LonDeg":81,"LonMin":34,"LonSec":47.200000000000003,"LonDir":"W","LocAdd":"121 ASIA ROAD  (82967)","LocCity":"SAN MATEO","LocCounty":"PUTNAM","LocState":"FL","Nepa":"N","QZone":"0        NaN\n1        NaN\n2        NaN\n3        NaN\n4        NaN\n        ... \n24924    NaN\n24925    NaN\n24926    NaN\n24927    NaN\n24928    NaN\nName: 36, Length: 24929, dtype: object","TowReg":1205074,"SupStruc":121.90000000000001,"AllStruc":128,"StrucType":"GTOWER","LicStatus":"A","latdec":29.609666666700001,"londec":-81.579777777800004,"url":"http://wireless2.fcc.gov/UlsApp/UlsSearch/licenseLocSum.jsp?licKey=12226"}},{"type":"Feature","id":304,"geometry":{"type":"Point","coordinates":[-81.650972221741597,29.734972222333681]},"properties":{"FID":304,"OBJECTID":6720,"UniqSysID":12226,"Licensee":"New Cingular Wireless PCS, LLC","Callsign":"KNKN550","LocNum":21,"LatDeg":29,"LatMin":44,"LatSec":5.9000000000000004,"LatDir":"N","LonDeg":81,"LonMin":39,"LonSec":3.5,"LonDir":"W","LocAdd":"809 NORTH HIGHWAY 17  (71424)","LocCity":"Palatka","LocCounty":"PUTNAM","LocState":"FL","Nepa":"N","QZone":"0        NaN\n1        NaN\n2        NaN\n3        NaN\n4        NaN\n        ... \n24924    NaN\n24925    NaN\n24926    NaN\n24927    NaN\n24928    NaN\nName: 36, Length: 24929, dtype: object","TowReg":1020969,"SupStruc":76.200000000000003,"AllStruc":78.599999999999994,"StrucType":"GTOWER","LicStatus":"A","latdec":29.7349722222,"londec":-81.650972222199997,"url":"http://wireless2.fcc.gov/UlsApp/UlsSearch/licenseLocSum.jsp?licKey=12226"}},{"type":"Feature","id":305,"geometry":{"type":"Point","coordinates":[-81.515999999959604,29.445194443754417]},"properties":{"FID":305,"OBJECTID":6721,"UniqSysID":12226,"Licensee":"New Cingular Wireless PCS, LLC","Callsign":"KNKN550","LocNum":14,"LatDeg":29,"LatMin":26,"LatSec":42.700000000000003,"LatDir":"N","LonDeg":81,"LonMin":30,"LonSec":57.600000000000001,"LonDir":"W","LocAdd":"935 Walnut Street   (45032)","LocCity":"CRESCENT CITY","LocCounty":"PUTNAM","LocState":"FL","Nepa":"N","QZone":"0        NaN\n1        NaN\n2        NaN\n3        NaN\n4        NaN\n        ... \n24924    NaN\n24925    NaN\n24926    NaN\n24927    NaN\n24928    NaN\nName: 36, Length: 24929, dtype: object","TowReg":1029257,"SupStruc":76.200000000000003,"AllStruc":81.099999999999994,"StrucType":"GTOWER","LicStatus":"A","latdec":29.445194444399998,"londec":-81.516000000000005,"url":"http://wireless2.fcc.gov/UlsApp/UlsSearch/licenseLocSum.jsp?licKey=12226"}},{"type":"Feature","id":306,"geometry":{"type":"Point","coordinates":[-81.634388888608783,29.775444444163213]},"properties":{"FID":306,"OBJECTID":6722,"UniqSysID":12226,"Licensee":"New Cingular Wireless PCS, LLC","Callsign":"KNKN550","LocNum":15,"LatDeg":29,"LatMin":46,"LatSec":31.600000000000001,"LatDir":"N","LonDeg":81,"LonMin":38,"LonSec":3.7999999999999998,"LonDir":"W","LocAdd":"120 Queen Street   (71410)","LocCity":"PALATKA","LocCounty":"PUTNAM","LocState":"FL","Nepa":"N","QZone":"0        NaN\n1        NaN\n2        NaN\n3        NaN\n4        NaN\n        ... \n24924    NaN\n24925    NaN\n24926    NaN\n24927    NaN\n24928    NaN\nName: 36, Length: 24929, dtype: object","TowReg":1050701,"SupStruc":61.299999999999997,"AllStruc":64.900000000000006,"StrucType":"LTOWER","LicStatus":"A","latdec":29.775444444400001,"londec":-81.634388888900006,"url":"http://wireless2.fcc.gov/UlsApp/UlsSearch/licenseLocSum.jsp?licKey=12226"}},{"type":"Feature","id":307,"geometry":{"type":"Point","coordinates":[-81.978972221919435,29.631583334139634]},"properties":{"FID":307,"OBJECTID":6723,"UniqSysID":12226,"Licensee":"New Cingular Wireless PCS, LLC","Callsign":"KNKN550","LocNum":16,"LatDeg":29,"LatMin":37,"LatSec":53.700000000000003,"LatDir":"N","LonDeg":81,"LonMin":58,"LonSec":44.299999999999997,"LonDir":"W","LocAdd":"141 CAROLYN LANE  (45030)","LocCity":"HAWTHORNE","LocCounty":"PUTNAM","LocState":"FL","Nepa":"N","QZone":"0        NaN\n1        NaN\n2        NaN\n3        NaN\n4        NaN\n        ... \n24924    NaN\n24925    NaN\n24926    NaN\n24927    NaN\n24928    NaN\nName: 36, Length: 24929, dtype: object","TowReg":1029256,"SupStruc":92,"AllStruc":95.700000000000003,"StrucType":"GTOWER","LicStatus":"A","latdec":29.6315833333,"londec":-81.978972222199999,"url":"http://wireless2.fcc.gov/UlsApp/UlsSearch/licenseLocSum.jsp?licKey=12226"}},{"type":"Feature","id":308,"geometry":{"type":"Point","coordinates":[-81.581305555601318,29.492111111908287]},"properties":{"FID":308,"OBJECTID":6724,"UniqSysID":12226,"Licensee":"New Cingular Wireless PCS, LLC","Callsign":"KNKN550","LocNum":11,"LatDeg":29,"LatMin":29,"LatSec":31.600000000000001,"LatDir":"N","LonDeg":81,"LonMin":34,"LonSec":52.700000000000003,"LonDir":"W","LocAdd":"1884 S. HWY 17  (71408)","LocCity":"POMONA PARK","LocCounty":"PUTNAM","LocState":"FL","Nepa":"N","QZone":"0        NaN\n1        NaN\n2        NaN\n3        NaN\n4        NaN\n        ... \n24924    NaN\n24925    NaN\n24926    NaN\n24927    NaN\n24928    NaN\nName: 36, Length: 24929, dtype: object","TowReg":1028641,"SupStruc":91.700000000000003,"AllStruc":98.799999999999997,"StrucType":"GTOWER","LicStatus":"A","latdec":29.492111111100002,"londec":-81.581305555599997,"url":"http://wireless2.fcc.gov/UlsApp/UlsSearch/licenseLocSum.jsp?licKey=12226"}},{"type":"Feature","id":309,"geometry":{"type":"Point","coordinates":[-82.043611110839379,29.718527778224654]},"properties":{"FID":309,"OBJECTID":6725,"UniqSysID":12226,"Licensee":"New Cingular Wireless PCS, LLC","Callsign":"KNKN550","LocNum":22,"LatDeg":29,"LatMin":43,"LatSec":6.7000000000000002,"LatDir":"N","LonDeg":82,"LonMin":2,"LonSec":37,"LonDir":"W","LocAdd":"8839-1 SR 21 South  (81017)","LocCity":"MELROSE","LocCounty":"PUTNAM","LocState":"FL","Nepa":"N","QZone":"0        NaN\n1        NaN\n2        NaN\n3        NaN\n4        NaN\n        ... \n24924    NaN\n24925    NaN\n24926    NaN\n24927    NaN\n24928    NaN\nName: 36, Length: 24929, dtype: object","TowReg":1239898,"SupStruc":79.200000000000003,"AllStruc":79.200000000000003,"StrucType":"LTOWER","LicStatus":"A","latdec":29.718527777799999,"londec":-82.043611111100006,"url":"http://wireless2.fcc.gov/UlsApp/UlsSearch/licenseLocSum.jsp?licKey=12226"}},{"type":"Feature","id":310,"geometry":{"type":"Point","coordinates":[-80.098388889134014,26.320055556191846]},"properties":{"FID":310,"OBJECTID":6916,"UniqSysID":12242,"Licensee":"NEW CINGULAR WIRELESS PCS, LLC","Callsign":"KNKA364","LocNum":19,"LatDeg":26,"LatMin":19,"LatSec":12.199999999999999,"LatDir":"N","LonDeg":80,"LonMin":5,"LonSec":54.200000000000003,"LonDir":"W","LocAdd":"300 NE. 2ND ST. (57073)","LocCity":"DEERFIELD BEACH","LocCounty":"BROWARD","LocState":"FL","Nepa":"N","QZone":"0        NaN\n1        NaN\n2        NaN\n3        NaN\n4        NaN\n        ... \n24924    NaN\n24925    NaN\n24926    NaN\n24927    NaN\n24928    NaN\nName: 36, Length: 24929, dtype: object","TowReg":1237543,"SupStruc":56.100000000000001,"AllStruc":61,"StrucType":"LTOWER","LicStatus":"A","latdec":26.3200555556,"londec":-80.098388888900004,"url":"http://wireless2.fcc.gov/UlsApp/UlsSearch/licenseLocSum.jsp?licKey=12242"}},{"type":"Feature","id":311,"geometry":{"type":"Point","coordinates":[-80.225111110907335,26.333388889400396]},"properties":{"FID":311,"OBJECTID":6917,"UniqSysID":12242,"Licensee":"NEW CINGULAR WIRELESS PCS, LLC","Callsign":"KNKA364","LocNum":20,"LatDeg":26,"LatMin":20,"LatSec":0.20000000000000001,"LatDir":"N","LonDeg":80,"LonMin":13,"LonSec":30.399999999999999,"LonDir":"W","LocAdd":"7341 LOX RD (57072)","LocCity":"PARKLAND","LocCounty":"BROWARD","LocState":"FL","Nepa":"N","QZone":"0        NaN\n1        NaN\n2        NaN\n3        NaN\n4        NaN\n        ... \n24924    NaN\n24925    NaN\n24926    NaN\n24927    NaN\n24928    NaN\nName: 36, Length: 24929, dtype: object","TowReg":1279506,"SupStruc":50.299999999999997,"AllStruc":53.299999999999997,"StrucType":"LTOWER","LicStatus":"A","latdec":26.3333888889,"londec":-80.225111111100006,"url":"http://wireless2.fcc.gov/UlsApp/UlsSearch/licenseLocSum.jsp?licKey=12242"}},{"type":"Feature","id":312,"geometry":{"type":"Point","coordinates":[-80.077416666000659,26.314138888620676]},"properties":{"FID":312,"OBJECTID":6918,"UniqSysID":12242,"Licensee":"NEW CINGULAR WIRELESS PCS, LLC","Callsign":"KNKA364","LocNum":28,"LatDeg":26,"LatMin":18,"LatSec":50.899999999999999,"LatDir":"N","LonDeg":80,"LonMin":4,"LonSec":38.700000000000003,"LonDir":"W","LocAdd":"50 SE 20TH AVE. (7052)","LocCity":"DEERFIELD BEACH","LocCounty":"BROWARD","LocState":"FL","Nepa":"N","QZone":"0        NaN\n1        NaN\n2        NaN\n3        NaN\n4        NaN\n        ... \n24924    NaN\n24925    NaN\n24926    NaN\n24927    NaN\n24928    NaN\nName: 36, Length: 24929, dtype: object","TowReg":0,"SupStruc":23.800000000000001,"AllStruc":23.800000000000001,"StrucType":"B","LicStatus":"A","latdec":26.314138888900001,"londec":-80.077416666700003,"url":"http://wireless2.fcc.gov/UlsApp/UlsSearch/licenseLocSum.jsp?licKey=12242"}},{"type":"Feature","id":313,"geometry":{"type":"Point","coordinates":[-80.819583333412254,25.762027777621597]},"properties":{"FID":313,"OBJECTID":6919,"UniqSysID":12242,"Licensee":"NEW CINGULAR WIRELESS PCS, LLC","Callsign":"KNKA364","LocNum":31,"LatDeg":25,"LatMin":45,"LatSec":43.299999999999997,"LatDir":"N","LonDeg":80,"LonMin":49,"LonSec":10.5,"LonDir":"W","LocAdd":"39025 SOUTHWEST 8TH STREET","LocCity":"Miami","LocCounty":"MIAMI-DADE","LocState":"FL","Nepa":"N","QZone":"0        NaN\n1        NaN\n2        NaN\n3        NaN\n4        NaN\n        ... \n24924    NaN\n24925    NaN\n24926    NaN\n24927    NaN\n24928    NaN\nName: 36, Length: 24929, dtype: object","TowReg":1030849,"SupStruc":77.400000000000006,"AllStruc":79.5,"StrucType":"LTOWER","LicStatus":"A","latdec":25.7620277778,"londec":-80.819583333300002,"url":"http://wireless2.fcc.gov/UlsApp/UlsSearch/licenseLocSum.jsp?licKey=12242"}},{"type":"Feature","id":314,"geometry":{"type":"Point","coordinates":[-80.542583332960817,26.337611110974365]},"properties":{"FID":314,"OBJECTID":6920,"UniqSysID":12242,"Licensee":"NEW CINGULAR WIRELESS PCS, LLC","Callsign":"KNKA364","LocNum":32,"LatDeg":26,"LatMin":20,"LatSec":15.4,"LatDir":"N","LonDeg":80,"LonMin":32,"LonSec":33.299999999999997,"LonDir":"W","LocAdd":"22953 US HIGHWAY 27 (62015)","LocCity":"SOUTH BAY","LocCounty":"PALM BEACH","LocState":"FL","Nepa":"N","QZone":"0        NaN\n1        NaN\n2        NaN\n3        NaN\n4        NaN\n        ... \n24924    NaN\n24925    NaN\n24926    NaN\n24927    NaN\n24928    NaN\nName: 36, Length: 24929, dtype: object","TowReg":1030010,"SupStruc":80.799999999999997,"AllStruc":82.299999999999997,"StrucType":"GTOWER","LicStatus":"A","latdec":26.337611111099999,"londec":-80.542583333300001,"url":"http://wireless2.fcc.gov/UlsApp/UlsSearch/licenseLocSum.jsp?licKey=12242"}},{"type":"Feature","id":315,"geometry":{"type":"Point","coordinates":[-80.830611112027327,26.181777776987474]},"properties":{"FID":315,"OBJECTID":6921,"UniqSysID":12242,"Licensee":"NEW CINGULAR WIRELESS PCS, LLC","Callsign":"KNKA364","LocNum":35,"LatDeg":26,"LatMin":10,"LatSec":54.399999999999999,"LatDir":"N","LonDeg":80,"LonMin":49,"LonSec":50.200000000000003,"LonDir":"W","LocAdd":"MILE MARKER 53 INTERSTATE I75 (57064)","LocCity":"INDIAN RESERVATION","LocCounty":"BROWARD","LocState":"FL","Nepa":"N","QZone":"0        NaN\n1        NaN\n2        NaN\n3        NaN\n4        NaN\n        ... \n24924    NaN\n24925    NaN\n24926    NaN\n24927    NaN\n24928    NaN\nName: 36, Length: 24929, dtype: object","TowReg":1030004,"SupStruc":77.700000000000003,"AllStruc":78.599999999999994,"StrucType":"GTOWER","LicStatus":"A","latdec":26.181777777800001,"londec":-80.830611111099998,"url":"http://wireless2.fcc.gov/UlsApp/UlsSearch/licenseLocSum.jsp?licKey=12242"}},{"type":"Feature","id":316,"geometry":{"type":"Point","coordinates":[-80.156500000260223,25.683555555759597]},"properties":{"FID":316,"OBJECTID":6922,"UniqSysID":12242,"Licensee":"NEW CINGULAR WIRELESS PCS, LLC","Callsign":"KNKA364","LocNum":36,"LatDeg":25,"LatMin":41,"LatSec":0.80000000000000004,"LatDir":"N","LonDeg":80,"LonMin":9,"LonSec":23.399999999999999,"LonDir":"W","LocAdd":"1121 Crandon Blvd. (56838)","LocCity":"Key Biscayne","LocCounty":"MIAMI-DADE","LocState":"FL","Nepa":"N","QZone":"0        NaN\n1        NaN\n2        NaN\n3        NaN\n4        NaN\n        ... \n24924    NaN\n24925    NaN\n24926    NaN\n24927    NaN\n24928    NaN\nName: 36, Length: 24929, dtype: object","TowReg":0,"SupStruc":44.799999999999997,"AllStruc":47.799999999999997,"StrucType":"B","LicStatus":"A","latdec":25.683555555600002,"londec":-80.156499999999994,"url":"http://wireless2.fcc.gov/UlsApp/UlsSearch/licenseLocSum.jsp?licKey=12242"}},{"type":"Feature","id":317,"geometry":{"type":"Point","coordinates":[-80.919722223022404,25.146944444979852]},"properties":{"FID":317,"OBJECTID":6923,"UniqSysID":12242,"Licensee":"NEW CINGULAR WIRELESS PCS, LLC","Callsign":"KNKA364","LocNum":37,"LatDeg":25,"LatMin":8,"LatSec":49,"LatDir":"N","LonDeg":80,"LonMin":55,"LonSec":11,"LonDir":"W","LocAdd":"EVERGLADES NATL PARK (71794)","LocCity":"FLAMINGO","LocCounty":"MONROE","LocState":"FL","Nepa":"N","QZone":"0        NaN\n1        NaN\n2        NaN\n3        NaN\n4        NaN\n        ... \n24924    NaN\n24925    NaN\n24926    NaN\n24927    NaN\n24928    NaN\nName: 36, Length: 24929, dtype: object","TowReg":1028849,"SupStruc":103.59999999999999,"AllStruc":103.59999999999999,"StrucType":"GTOWER","LicStatus":"A","latdec":25.146944444399999,"londec":-80.919722222199994,"url":"http://wireless2.fcc.gov/UlsApp/UlsSearch/licenseLocSum.jsp?licKey=12242"}},{"type":"Feature","id":318,"geometry":{"type":"Point","coordinates":[-80.3453611111957,25.433888888603974]},"properties":{"FID":318,"OBJECTID":6924,"UniqSysID":12242,"Licensee":"NEW CINGULAR WIRELESS PCS, LLC","Callsign":"KNKA364","LocNum":18,"LatDeg":25,"LatMin":26,"LatSec":2,"LatDir":"N","LonDeg":80,"LonMin":20,"LonSec":43.299999999999997,"LonDir":"W","LocAdd":"6501 SW 360TH ST (6953)","LocCity":"Miami","LocCounty":"MIAMI-DADE","LocState":"FL","Nepa":"N","QZone":"0        NaN\n1        NaN\n2        NaN\n3        NaN\n4        NaN\n        ... \n24924    NaN\n24925    NaN\n24926    NaN\n24927    NaN\n24928    NaN\nName: 36, Length: 24929, dtype: object","TowReg":0,"SupStruc":36.600000000000001,"AllStruc":41.200000000000003,"StrucType":"GTOWER","LicStatus":"A","latdec":25.4338888889,"londec":-80.345361111100004,"url":"http://wireless2.fcc.gov/UlsApp/UlsSearch/licenseLocSum.jsp?licKey=12242"}},{"type":"Feature","id":319,"geometry":{"type":"Point","coordinates":[-80.404305556173426,25.325777778351267]},"properties":{"FID":319,"OBJECTID":6925,"UniqSysID":12242,"Licensee":"NEW CINGULAR WIRELESS PCS, LLC","Callsign":"KNKA364","LocNum":39,"LatDeg":25,"LatMin":19,"LatSec":32.799999999999997,"LatDir":"N","LonDeg":80,"LonMin":24,"LonSec":15.5,"LonDir":"W","LocAdd":"42660 CARD SOUND RD (6903)","LocCity":"FLORIDA CITY","LocCounty":"MIAMI-DADE","LocState":"FL","Nepa":"N","QZone":"0        NaN\n1        NaN\n2        NaN\n3        NaN\n4        NaN\n        ... \n24924    NaN\n24925    NaN\n24926    NaN\n24927    NaN\n24928    NaN\nName: 36, Length: 24929, dtype: object","TowReg":1030287,"SupStruc":76.200000000000003,"AllStruc":77.099999999999994,"StrucType":"LTOWER","LicStatus":"A","latdec":25.325777777799999,"londec":-80.404305555600004,"url":"http://wireless2.fcc.gov/UlsApp/UlsSearch/licenseLocSum.jsp?licKey=12242"}},{"type":"Feature","id":320,"geometry":{"type":"Point","coordinates":[-80.6815833327787,25.39069444474228]},"properties":{"FID":320,"OBJECTID":6926,"UniqSysID":12242,"Licensee":"NEW CINGULAR WIRELESS PCS, LLC","Callsign":"KNKA364","LocNum":40,"LatDeg":25,"LatMin":23,"LatSec":26.5,"LatDir":"N","LonDeg":80,"LonMin":40,"LonSec":53.700000000000003,"LonDir":"W","LocAdd":"40001 SR-93363","LocCity":"Homestead","LocCounty":"MIAMI-DADE","LocState":"FL","Nepa":"N","QZone":"0        NaN\n1        NaN\n2        NaN\n3        NaN\n4        NaN\n        ... \n24924    NaN\n24925    NaN\n24926    NaN\n24927    NaN\n24928    NaN\nName: 36, Length: 24929, dtype: object","TowReg":1301024,"SupStruc":76.200000000000003,"AllStruc":83.799999999999997,"StrucType":"LTOWER","LicStatus":"A","latdec":25.390694444400001,"londec":-80.681583333299997,"url":"http://wireless2.fcc.gov/UlsApp/UlsSearch/licenseLocSum.jsp?licKey=12242"}},{"type":"Feature","id":321,"geometry":{"type":"Point","coordinates":[-82.801361111300992,27.879472223253003]},"properties":{"FID":321,"OBJECTID":6971,"UniqSysID":12246,"Licensee":"NEW CINGULAR WIRELESS PCS, LLC","Callsign":"KNKA515","LocNum":5,"LatDeg":27,"LatMin":52,"LatSec":46.100000000000001,"LatDir":"N","LonDeg":82,"LonMin":48,"LonSec":4.9000000000000004,"LonDir":"W","LocAdd":"11725 MURRAY AVENUE   (7455)","LocCity":"Clearwater","LocCounty":"PINELLAS","LocState":"FL","Nepa":"N","QZone":"0        NaN\n1        NaN\n2        NaN\n3        NaN\n4        NaN\n        ... \n24924    NaN\n24925    NaN\n24926    NaN\n24927    NaN\n24928    NaN\nName: 36, Length: 24929, dtype: object","TowReg":0,"SupStruc":54.600000000000001,"AllStruc":55.200000000000003,"StrucType":"LTOWER","LicStatus":"A","latdec":27.8794722222,"londec":-82.801361111099993,"url":"http://wireless2.fcc.gov/UlsApp/UlsSearch/licenseLocSum.jsp?licKey=12246"}},{"type":"Feature","id":322,"geometry":{"type":"Point","coordinates":[-82.101083333847271,27.959555555719987]},"properties":{"FID":322,"OBJECTID":6972,"UniqSysID":12246,"Licensee":"NEW CINGULAR WIRELESS PCS, LLC","Callsign":"KNKA515","LocNum":9,"LatDeg":27,"LatMin":57,"LatSec":34.399999999999999,"LatDir":"N","LonDeg":82,"LonMin":6,"LonSec":3.8999999999999999,"LonDir":"W","LocAdd":"1086 COWART ROAD   (7460)","LocCity":"PLANT CITY","LocCounty":"HILLSBOROUGH","LocState":"FL","Nepa":"N","QZone":"0        NaN\n1        NaN\n2        NaN\n3        NaN\n4        NaN\n        ... \n24924    NaN\n24925    NaN\n24926    NaN\n24927    NaN\n24928    NaN\nName: 36, Length: 24929, dtype: object","TowReg":1030423,"SupStruc":67.700000000000003,"AllStruc":69.200000000000003,"StrucType":"LTOWER","LicStatus":"A","latdec":27.959555555600001,"londec":-82.101083333299997,"url":"http://wireless2.fcc.gov/UlsApp/UlsSearch/licenseLocSum.jsp?licKey=12246"}},{"type":"Feature","id":323,"geometry":{"type":"Point","coordinates":[-82.751527777888668,28.137944444642642]},"properties":{"FID":323,"OBJECTID":6973,"UniqSysID":12246,"Licensee":"NEW CINGULAR WIRELESS PCS, LLC","Callsign":"KNKA515","LocNum":13,"LatDeg":28,"LatMin":8,"LatSec":16.600000000000001,"LatDir":"N","LonDeg":82,"LonMin":45,"LonSec":5.5,"LonDir":"W","LocAdd":"400 EAST HARRISON AVE   (7444)","LocCity":"TARPON SPRINGS","LocCounty":"PINELLAS","LocState":"FL","Nepa":"N","QZone":"0        NaN\n1        NaN\n2        NaN\n3        NaN\n4        NaN\n        ... \n24924    NaN\n24925    NaN\n24926    NaN\n24927    NaN\n24928    NaN\nName: 36, Length: 24929, dtype: object","TowReg":1030416,"SupStruc":85,"AllStruc":87.5,"StrucType":"LTOWER","LicStatus":"A","latdec":28.137944444399999,"londec":-82.751527777800007,"url":"http://wireless2.fcc.gov/UlsApp/UlsSearch/licenseLocSum.jsp?licKey=12246"}},{"type":"Feature","id":324,"geometry":{"type":"Point","coordinates":[-82.662416665995181,28.400722222219429]},"properties":{"FID":324,"OBJECTID":6974,"UniqSysID":12246,"Licensee":"NEW CINGULAR WIRELESS PCS, LLC","Callsign":"KNKA515","LocNum":20,"LatDeg":28,"LatMin":24,"LatSec":2.6000000000000001,"LatDir":"N","LonDeg":82,"LonMin":39,"LonSec":44.700000000000003,"LonDir":"W","LocAdd":"16731 BACHMAN AVENUE   (75893)","LocCity":"NORTH HUDSON","LocCounty":"PASCO","LocState":"FL","Nepa":"N","QZone":"0        NaN\n1        NaN\n2        NaN\n3        NaN\n4        NaN\n        ... \n24924    NaN\n24925    NaN\n24926    NaN\n24927    NaN\n24928    NaN\nName: 36, Length: 24929, dtype: object","TowReg":1058498,"SupStruc":76.200000000000003,"AllStruc":77.400000000000006,"StrucType":"LTOWER","LicStatus":"A","latdec":28.400722222199999,"londec":-82.662416666699997,"url":"http://wireless2.fcc.gov/UlsApp/UlsSearch/licenseLocSum.jsp?licKey=12246"}},{"type":"Feature","id":325,"geometry":{"type":"Point","coordinates":[-82.18419444434619,28.458833332942277]},"properties":{"FID":325,"OBJECTID":6975,"UniqSysID":12246,"Licensee":"NEW CINGULAR WIRELESS PCS, LLC","Callsign":"KNKA515","LocNum":21,"LatDeg":28,"LatMin":27,"LatSec":31.800000000000001,"LatDir":"N","LonDeg":82,"LonMin":11,"LonSec":3.1000000000000001,"LonDir":"W","LocAdd":"20718 U.S. HWY 301 N   (75914)","LocCity":"DADE CITY","LocCounty":"PASCO","LocState":"FL","Nepa":"N","QZone":"0        NaN\n1        NaN\n2        NaN\n3        NaN\n4        NaN\n        ... \n24924    NaN\n24925    NaN\n24926    NaN\n24927    NaN\n24928    NaN\nName: 36, Length: 24929, dtype: object","TowReg":1056434,"SupStruc":76.200000000000003,"AllStruc":77.700000000000003,"StrucType":"LTOWER","LicStatus":"A","latdec":28.458833333299999,"londec":-82.184194444400006,"url":"http://wireless2.fcc.gov/UlsApp/UlsSearch/licenseLocSum.jsp?licKey=12246"}},{"type":"Feature","id":326,"geometry":{"type":"Point","coordinates":[-82.495444444261636,27.65336111226469]},"properties":{"FID":326,"OBJECTID":6976,"UniqSysID":12246,"Licensee":"NEW CINGULAR WIRELESS PCS, LLC","Callsign":"KNKA515","LocNum":22,"LatDeg":27,"LatMin":39,"LatSec":12.1,"LatDir":"N","LonDeg":82,"LonMin":29,"LonSec":43.600000000000001,"LonDir":"W","LocAdd":"4646 Valroy Road    (75924)","LocCity":"RUSKIN","LocCounty":"HILLSBOROUGH","LocState":"FL","Nepa":"N","QZone":"0        NaN\n1        NaN\n2        NaN\n3        NaN\n4        NaN\n        ... \n24924    NaN\n24925    NaN\n24926    NaN\n24927    NaN\n24928    NaN\nName: 36, Length: 24929, dtype: object","TowReg":1047964,"SupStruc":61,"AllStruc":62.799999999999997,"StrucType":"LTOWER","LicStatus":"A","latdec":27.653361111100001,"londec":-82.495444444399993,"url":"http://wireless2.fcc.gov/UlsApp/UlsSearch/licenseLocSum.jsp?licKey=12246"}},{"type":"Feature","id":327,"geometry":{"type":"Point","coordinates":[-82.36011111141363,27.663666667384177]},"properties":{"FID":327,"OBJECTID":6977,"UniqSysID":12246,"Licensee":"NEW CINGULAR WIRELESS PCS, LLC","Callsign":"KNKA515","LocNum":23,"LatDeg":27,"LatMin":39,"LatSec":49.200000000000003,"LatDir":"N","LonDeg":82,"LonMin":21,"LonSec":36.399999999999999,"LonDir":"W","LocAdd":"3115 WILLOW RD   (75926)","LocCity":"WIMAUMA","LocCounty":"HILLSBOROUGH","LocState":"FL","Nepa":"N","QZone":"0        NaN\n1        NaN\n2        NaN\n3        NaN\n4        NaN\n        ... \n24924    NaN\n24925    NaN\n24926    NaN\n24927    NaN\n24928    NaN\nName: 36, Length: 24929, dtype: object","TowReg":0,"SupStruc":61,"AllStruc":61,"StrucType":"LTOWER","LicStatus":"A","latdec":27.663666666699999,"londec":-82.360111111099997,"url":"http://wireless2.fcc.gov/UlsApp/UlsSearch/licenseLocSum.jsp?licKey=12246"}},{"type":"Feature","id":328,"geometry":{"type":"Point","coordinates":[-82.14838888889858,28.114083333167343]},"properties":{"FID":328,"OBJECTID":6978,"UniqSysID":12246,"Licensee":"NEW CINGULAR WIRELESS PCS, LLC","Callsign":"KNKA515","LocNum":29,"LatDeg":28,"LatMin":6,"LatSec":50.700000000000003,"LatDir":"N","LonDeg":82,"LonMin":8,"LonSec":54.200000000000003,"LonDir":"W","LocAdd":"2222 LIGHTNING ROD LANE   (13701)","LocCity":"PLANT CITY","LocCounty":"HILLSBOROUGH","LocState":"FL","Nepa":"N","QZone":"0        NaN\n1        NaN\n2        NaN\n3        NaN\n4        NaN\n        ... \n24924    NaN\n24925    NaN\n24926    NaN\n24927    NaN\n24928    NaN\nName: 36, Length: 24929, dtype: object","TowReg":1032481,"SupStruc":80.799999999999997,"AllStruc":85,"StrucType":"LTOWER","LicStatus":"A","latdec":28.114083333300002,"londec":-82.148388888900001,"url":"http://wireless2.fcc.gov/UlsApp/UlsSearch/licenseLocSum.jsp?licKey=12246"}},{"type":"Feature","id":329,"geometry":{"type":"Point","coordinates":[-82.315722221698252,28.405749999963234]},"properties":{"FID":329,"OBJECTID":6979,"UniqSysID":12246,"Licensee":"NEW CINGULAR WIRELESS PCS, LLC","Callsign":"KNKA515","LocNum":31,"LatDeg":28,"LatMin":24,"LatSec":20.699999999999999,"LatDir":"N","LonDeg":82,"LonMin":18,"LonSec":56.600000000000001,"LonDir":"W","LocAdd":"30351 JOHNSTON STREET   (7489)","LocCity":"DADE CITY","LocCounty":"PASCO","LocState":"FL","Nepa":"N","QZone":"0        NaN\n1        NaN\n2        NaN\n3        NaN\n4        NaN\n        ... \n24924    NaN\n24925    NaN\n24926    NaN\n24927    NaN\n24928    NaN\nName: 36, Length: 24929, dtype: object","TowReg":0,"SupStruc":59.700000000000003,"AllStruc":60,"StrucType":"LTOWER","LicStatus":"A","latdec":28.405750000000001,"londec":-82.315722222199994,"url":"http://wireless2.fcc.gov/UlsApp/UlsSearch/licenseLocSum.jsp?licKey=12246"}},{"type":"Feature","id":330,"geometry":{"type":"Point","coordinates":[-82.473611111368371,28.415388888886866]},"properties":{"FID":330,"OBJECTID":6980,"UniqSysID":12246,"Licensee":"NEW CINGULAR WIRELESS PCS, LLC","Callsign":"KNKA515","LocNum":32,"LatDeg":28,"LatMin":24,"LatSec":55.399999999999999,"LatDir":"N","LonDeg":82,"LonMin":28,"LonSec":25,"LonDir":"W","LocAdd":"17709 US HIGHWAY 41   (7493)","LocCity":"MASSARYTOWN","LocCounty":"PASCO","LocState":"FL","Nepa":"N","QZone":"0        NaN\n1        NaN\n2        NaN\n3        NaN\n4        NaN\n        ... \n24924    NaN\n24925    NaN\n24926    NaN\n24927    NaN\n24928    NaN\nName: 36, Length: 24929, dtype: object","TowReg":1000411,"SupStruc":60.399999999999999,"AllStruc":61.600000000000001,"StrucType":"LTOWER","LicStatus":"A","latdec":28.415388888900001,"londec":-82.473611111099999,"url":"http://wireless2.fcc.gov/UlsApp/UlsSearch/licenseLocSum.jsp?licKey=12246"}},{"type":"Feature","id":331,"geometry":{"type":"Point","coordinates":[-82.720777777366663,27.692138889010835]},"properties":{"FID":331,"OBJECTID":6981,"UniqSysID":12246,"Licensee":"NEW CINGULAR WIRELESS PCS, LLC","Callsign":"KNKA515","LocNum":36,"LatDeg":27,"LatMin":41,"LatSec":31.699999999999999,"LatDir":"N","LonDeg":82,"LonMin":43,"LonSec":14.800000000000001,"LonDir":"W","LocAdd":"115 1ST AVENUE   (7520)","LocCity":"TIERRA VERDA","LocCounty":"PINELLAS","LocState":"FL","Nepa":"N","QZone":"0        NaN\n1        NaN\n2        NaN\n3        NaN\n4        NaN\n        ... \n24924    NaN\n24925    NaN\n24926    NaN\n24927    NaN\n24928    NaN\nName: 36, Length: 24929, dtype: object","TowReg":0,"SupStruc":22.199999999999999,"AllStruc":24.399999999999999,"StrucType":"MTOWER","LicStatus":"A","latdec":27.692138888900001,"londec":-82.720777777799995,"url":"http://wireless2.fcc.gov/UlsApp/UlsSearch/licenseLocSum.jsp?licKey=12246"}},{"type":"Feature","id":332,"geometry":{"type":"Point","coordinates":[-82.814277778362168,27.842527778359113]},"properties":{"FID":332,"OBJECTID":6982,"UniqSysID":12246,"Licensee":"NEW CINGULAR WIRELESS PCS, LLC","Callsign":"KNKA515","LocNum":37,"LatDeg":27,"LatMin":50,"LatSec":33.100000000000001,"LatDir":"N","LonDeg":82,"LonMin":48,"LonSec":51.399999999999999,"LonDir":"W","LocAdd":"12622 A Park Road   (75879)","LocCity":"SEMINOLE","LocCounty":"PINELLAS","LocState":"FL","Nepa":"N","QZone":"0        NaN\n1        NaN\n2        NaN\n3        NaN\n4        NaN\n        ... \n24924    NaN\n24925    NaN\n24926    NaN\n24927    NaN\n24928    NaN\nName: 36, Length: 24929, dtype: object","TowReg":1038786,"SupStruc":135.59999999999999,"AllStruc":152.40000000000001,"StrucType":"GTOWER","LicStatus":"A","latdec":27.842527777800001,"londec":-82.814277777800001,"url":"http://wireless2.fcc.gov/UlsApp/UlsSearch/licenseLocSum.jsp?licKey=12246"}},{"type":"Feature","id":333,"geometry":{"type":"Point","coordinates":[-82.436805555838021,27.660277778155603]},"properties":{"FID":333,"OBJECTID":6983,"UniqSysID":12246,"Licensee":"NEW CINGULAR WIRELESS PCS, LLC","Callsign":"KNKA515","LocNum":39,"LatDeg":27,"LatMin":39,"LatSec":37,"LatDir":"N","LonDeg":82,"LonMin":26,"LonSec":12.5,"LonDir":"W","LocAdd":"3201 VALROY RD   (75952)","LocCity":"RUSKIN","LocCounty":"HILLSBOROUGH","LocState":"FL","Nepa":"N","QZone":"0        NaN\n1        NaN\n2        NaN\n3        NaN\n4        NaN\n        ... \n24924    NaN\n24925    NaN\n24926    NaN\n24927    NaN\n24928    NaN\nName: 36, Length: 24929, dtype: object","TowReg":1278396,"SupStruc":57.899999999999999,"AllStruc":61,"StrucType":"LTOWER","LicStatus":"A","latdec":27.660277777800001,"londec":-82.436805555600003,"url":"http://wireless2.fcc.gov/UlsApp/UlsSearch/licenseLocSum.jsp?licKey=12246"}},{"type":"Feature","id":334,"geometry":{"type":"Point","coordinates":[-82.608166665775457,28.402222221620036]},"properties":{"FID":334,"OBJECTID":6984,"UniqSysID":12246,"Licensee":"NEW CINGULAR WIRELESS PCS, LLC","Callsign":"KNKA515","LocNum":42,"LatDeg":28,"LatMin":24,"LatSec":8,"LatDir":"N","LonDeg":82,"LonMin":36,"LonSec":29.399999999999999,"LonDir":"W","LocAdd":"12525 Gladwin Avenue   (93279)","LocCity":"HUDSON","LocCounty":"PASCO","LocState":"FL","Nepa":"N","QZone":"0        NaN\n1        NaN\n2        NaN\n3        NaN\n4        NaN\n        ... \n24924    NaN\n24925    NaN\n24926    NaN\n24927    NaN\n24928    NaN\nName: 36, Length: 24929, dtype: object","TowReg":1056880,"SupStruc":123.8,"AllStruc":125.90000000000001,"StrucType":"GTOWER","LicStatus":"A","latdec":28.402222222199999,"londec":-82.608166666700001,"url":"http://wireless2.fcc.gov/UlsApp/UlsSearch/licenseLocSum.jsp?licKey=12246"}},{"type":"Feature","id":335,"geometry":{"type":"Point","coordinates":[-82.802777777860342,27.894166665739476]},"properties":{"FID":335,"OBJECTID":6985,"UniqSysID":12246,"Licensee":"NEW CINGULAR WIRELESS PCS, LLC","Callsign":"KNKA515","LocNum":43,"LatDeg":27,"LatMin":53,"LatSec":39,"LatDir":"N","LonDeg":82,"LonMin":48,"LonSec":10,"LonDir":"W","LocAdd":"11830 Ulmerton Road   (93251)","LocCity":"LARGO","LocCounty":"PINELLAS","LocState":"FL","Nepa":"N","QZone":"0        NaN\n1        NaN\n2        NaN\n3        NaN\n4        NaN\n        ... \n24924    NaN\n24925    NaN\n24926    NaN\n24927    NaN\n24928    NaN\nName: 36, Length: 24929, dtype: object","TowReg":1005026,"SupStruc":54.899999999999999,"AllStruc":59.399999999999999,"StrucType":"MTOWER","LicStatus":"A","latdec":27.894166666699999,"londec":-82.802777777800003,"url":"http://wireless2.fcc.gov/UlsApp/UlsSearch/licenseLocSum.jsp?licKey=12246"}},{"type":"Feature","id":336,"geometry":{"type":"Point","coordinates":[-82.774194444633281,28.096833332804636]},"properties":{"FID":336,"OBJECTID":6986,"UniqSysID":12246,"Licensee":"NEW CINGULAR WIRELESS PCS, LLC","Callsign":"KNKA515","LocNum":44,"LatDeg":28,"LatMin":5,"LatSec":48.600000000000001,"LatDir":"N","LonDeg":82,"LonMin":46,"LonSec":27.100000000000001,"LonDir":"W","LocAdd":"3007 AltERNATE HWY 19 NORTH  (7439)","LocCity":"TAMPA","LocCounty":"PINELLAS","LocState":"FL","Nepa":"N","QZone":"0        NaN\n1        NaN\n2        NaN\n3        NaN\n4        NaN\n        ... \n24924    NaN\n24925    NaN\n24926    NaN\n24927    NaN\n24928    NaN\nName: 36, Length: 24929, dtype: object","TowReg":1054099,"SupStruc":45.100000000000001,"AllStruc":58.200000000000003,"StrucType":"MTOWER","LicStatus":"A","latdec":28.096833333300001,"londec":-82.774194444399996,"url":"http://wireless2.fcc.gov/UlsApp/UlsSearch/licenseLocSum.jsp?licKey=12246"}},{"type":"Feature","id":337,"geometry":{"type":"Point","coordinates":[-82.741194444598989,28.155888889004359]},"properties":{"FID":337,"OBJECTID":6987,"UniqSysID":12246,"Licensee":"NEW CINGULAR WIRELESS PCS, LLC","Callsign":"KNKA515","LocNum":45,"LatDeg":28,"LatMin":9,"LatSec":21.199999999999999,"LatDir":"N","LonDeg":82,"LonMin":44,"LonSec":28.300000000000001,"LonDir":"W","LocAdd":"42160 US Highway 19 North   (75889)","LocCity":"Tarpon Springs","LocCounty":"PINELLAS","LocState":"FL","Nepa":"N","QZone":"0        NaN\n1        NaN\n2        NaN\n3        NaN\n4        NaN\n        ... \n24924    NaN\n24925    NaN\n24926    NaN\n24927    NaN\n24928    NaN\nName: 36, Length: 24929, dtype: object","TowReg":1228490,"SupStruc":76.799999999999997,"AllStruc":79.599999999999994,"StrucType":"LTOWER","LicStatus":"A","latdec":28.155888888900002,"londec":-82.741194444399994,"url":"http://wireless2.fcc.gov/UlsApp/UlsSearch/licenseLocSum.jsp?licKey=12246"}},{"type":"Feature","id":338,"geometry":{"type":"Point","coordinates":[-82.676888889040015,28.257722222020732]},"properties":{"FID":338,"OBJECTID":6988,"UniqSysID":12246,"Licensee":"NEW CINGULAR WIRELESS PCS, LLC","Callsign":"KNKA515","LocNum":46,"LatDeg":28,"LatMin":15,"LatSec":27.800000000000001,"LatDir":"N","LonDeg":82,"LonMin":40,"LonSec":36.799999999999997,"LonDir":"W","LocAdd":"8323 Corporate Way   (93274)","LocCity":"New Port Richey","LocCounty":"PASCO","LocState":"FL","Nepa":"N","QZone":"0        NaN\n1        NaN\n2        NaN\n3        NaN\n4        NaN\n        ... \n24924    NaN\n24925    NaN\n24926    NaN\n24927    NaN\n24928    NaN\nName: 36, Length: 24929, dtype: object","TowReg":1200999,"SupStruc":76.200000000000003,"AllStruc":77.400000000000006,"StrucType":"LTOWER","LicStatus":"A","latdec":28.257722222200002,"londec":-82.676888888899995,"url":"http://wireless2.fcc.gov/UlsApp/UlsSearch/licenseLocSum.jsp?licKey=12246"}},{"type":"Feature","id":339,"geometry":{"type":"Point","coordinates":[-82.795611111050107,27.804500000302994]},"properties":{"FID":339,"OBJECTID":6989,"UniqSysID":12246,"Licensee":"NEW CINGULAR WIRELESS PCS, LLC","Callsign":"KNKA515","LocNum":47,"LatDeg":27,"LatMin":48,"LatSec":16.199999999999999,"LatDir":"N","LonDeg":82,"LonMin":47,"LonSec":44.200000000000003,"LonDir":"W","LocAdd":"501 150TH AVE   (75953)","LocCity":"MADEIRA BEACH","LocCounty":"PINELLAS","LocState":"FL","Nepa":"N","QZone":"0        NaN\n1        NaN\n2        NaN\n3        NaN\n4        NaN\n        ... \n24924    NaN\n24925    NaN\n24926    NaN\n24927    NaN\n24928    NaN\nName: 36, Length: 24929, dtype: object","TowReg":0,"SupStruc":50.299999999999997,"AllStruc":50.299999999999997,"StrucType":"MTOWER","LicStatus":"A","latdec":27.804500000000001,"londec":-82.795611111100001,"url":"http://wireless2.fcc.gov/UlsApp/UlsSearch/licenseLocSum.jsp?licKey=12246"}},{"type":"Feature","id":340,"geometry":{"type":"Point","coordinates":[-82.799722222201808,27.947138888695633]},"properties":{"FID":340,"OBJECTID":6990,"UniqSysID":12246,"Licensee":"NEW CINGULAR WIRELESS PCS, LLC","Callsign":"KNKA515","LocNum":48,"LatDeg":27,"LatMin":56,"LatSec":49.700000000000003,"LatDir":"N","LonDeg":82,"LonMin":47,"LonSec":59,"LonDir":"W","LocAdd":"505 D STREET   (7510)","LocCity":"CLEARWATER","LocCounty":"PINELLAS","LocState":"FL","Nepa":"N","QZone":"0        NaN\n1        NaN\n2        NaN\n3        NaN\n4        NaN\n        ... \n24924    NaN\n24925    NaN\n24926    NaN\n24927    NaN\n24928    NaN\nName: 36, Length: 24929, dtype: object","TowReg":0,"SupStruc":35.700000000000003,"AllStruc":37.5,"StrucType":"MTOWER","LicStatus":"A","latdec":27.9471388889,"londec":-82.799722222200003,"url":"http://wireless2.fcc.gov/UlsApp/UlsSearch/licenseLocSum.jsp?licKey=12246"}},{"type":"Feature","id":341,"geometry":{"type":"Point","coordinates":[-82.167611111213319,27.702666666617802]},"properties":{"FID":341,"OBJECTID":6991,"UniqSysID":12246,"Licensee":"NEW CINGULAR WIRELESS PCS, LLC","Callsign":"KNKA515","LocNum":49,"LatDeg":27,"LatMin":42,"LatSec":9.5999999999999996,"LatDir":"N","LonDeg":82,"LonMin":10,"LonSec":3.3999999999999999,"LonDir":"W","LocAdd":"12311 Hwy 674   (131365)","LocCity":"Lithia","LocCounty":"HILLSBOROUGH","LocState":"FL","Nepa":"N","QZone":"0        NaN\n1        NaN\n2        NaN\n3        NaN\n4        NaN\n        ... \n24924    NaN\n24925    NaN\n24926    NaN\n24927    NaN\n24928    NaN\nName: 36, Length: 24929, dtype: object","TowReg":1222338,"SupStruc":76.200000000000003,"AllStruc":77.700000000000003,"StrucType":"LTOWER","LicStatus":"A","latdec":27.702666666700001,"londec":-82.167611111100001,"url":"http://wireless2.fcc.gov/UlsApp/UlsSearch/licenseLocSum.jsp?licKey=12246"}},{"type":"Feature","id":342,"geometry":{"type":"Point","coordinates":[-82.827777778131349,27.978833332920658]},"properties":{"FID":342,"OBJECTID":6992,"UniqSysID":12246,"Licensee":"NEW CINGULAR WIRELESS PCS, LLC","Callsign":"KNKA515","LocNum":50,"LatDeg":27,"LatMin":58,"LatSec":43.799999999999997,"LatDir":"N","LonDeg":82,"LonMin":49,"LonSec":40,"LonDir":"W","LocAdd":"400 Mandalay Avenue (75958)","LocCity":"Clearwater","LocCounty":"PINELLAS","LocState":"FL","Nepa":"N","QZone":"0        NaN\n1        NaN\n2        NaN\n3        NaN\n4        NaN\n        ... \n24924    NaN\n24925    NaN\n24926    NaN\n24927    NaN\n24928    NaN\nName: 36, Length: 24929, dtype: object","TowReg":0,"SupStruc":26.5,"AllStruc":32,"StrucType":"B","LicStatus":"A","latdec":27.978833333299999,"londec":-82.827777777799994,"url":"http://wireless2.fcc.gov/UlsApp/UlsSearch/licenseLocSum.jsp?licKey=12246"}},{"type":"Feature","id":343,"geometry":{"type":"Point","coordinates":[-82.076555556361598,28.258722223175312]},"properties":{"FID":343,"OBJECTID":6993,"UniqSysID":12246,"Licensee":"NEW CINGULAR WIRELESS PCS, LLC","Callsign":"KNKA515","LocNum":51,"LatDeg":28,"LatMin":15,"LatSec":31.399999999999999,"LatDir":"N","LonDeg":82,"LonMin":4,"LonSec":35.600000000000001,"LonDir":"W","LocAdd":"13910 Hwy 98 North (14655)","LocCity":"Kathleen","LocCounty":"POLK","LocState":"FL","Nepa":"N","QZone":"0        NaN\n1        NaN\n2        NaN\n3        NaN\n4        NaN\n        ... \n24924    NaN\n24925    NaN\n24926    NaN\n24927    NaN\n24928    NaN\nName: 36, Length: 24929, dtype: object","TowReg":1214782,"SupStruc":73.200000000000003,"AllStruc":76.200000000000003,"StrucType":"LTOWER","LicStatus":"A","latdec":28.258722222199999,"londec":-82.076555555599995,"url":"http://wireless2.fcc.gov/UlsApp/UlsSearch/licenseLocSum.jsp?licKey=12246"}},{"type":"Feature","id":344,"geometry":{"type":"Point","coordinates":[-82.301416666681291,30.240416667179829]},"properties":{"FID":344,"OBJECTID":7126,"UniqSysID":12254,"Licensee":"NEW CINGULAR WIRELESS PCS, LLC","Callsign":"KNKA342","LocNum":12,"LatDeg":30,"LatMin":14,"LatSec":25.5,"LatDir":"N","LonDeg":82,"LonMin":18,"LonSec":5.0999999999999996,"LonDir":"W","LocAdd":"I-10 & US 90 (6500)","LocCity":"SANDERSON","LocCounty":"BAKER","LocState":"FL","Nepa":"N","QZone":"0        NaN\n1        NaN\n2        NaN\n3        NaN\n4        NaN\n        ... \n24924    NaN\n24925    NaN\n24926    NaN\n24927    NaN\n24928    NaN\nName: 36, Length: 24929, dtype: object","TowReg":1029362,"SupStruc":103.90000000000001,"AllStruc":105.8,"StrucType":"LTOWER","LicStatus":"A","latdec":30.2404166667,"londec":-82.301416666700007,"url":"http://wireless2.fcc.gov/UlsApp/UlsSearch/licenseLocSum.jsp?licKey=12254"}},{"type":"Feature","id":345,"geometry":{"type":"Point","coordinates":[-81.392916666552708,30.01250000025459]},"properties":{"FID":345,"OBJECTID":7127,"UniqSysID":12254,"Licensee":"NEW CINGULAR WIRELESS PCS, LLC","Callsign":"KNKA342","LocNum":48,"LatDeg":30,"LatMin":0,"LatSec":45,"LatDir":"N","LonDeg":81,"LonMin":23,"LonSec":34.5,"LonDir":"W","LocAdd":"121-T INTERNATIONAL GOLF PKWY (61272)","LocCity":"Saint Augustine","LocCounty":"ST. JOHNS","LocState":"FL","Nepa":"N","QZone":"0        NaN\n1        NaN\n2        NaN\n3        NaN\n4        NaN\n        ... \n24924    NaN\n24925    NaN\n24926    NaN\n24927    NaN\n24928    NaN\nName: 36, Length: 24929, dtype: object","TowReg":1281547,"SupStruc":46.299999999999997,"AllStruc":46.899999999999999,"StrucType":"MTOWER","LicStatus":"A","latdec":30.012499999999999,"londec":-81.392916666700003,"url":"http://wireless2.fcc.gov/UlsApp/UlsSearch/licenseLocSum.jsp?licKey=12254"}},{"type":"Feature","id":346,"geometry":{"type":"Point","coordinates":[-81.37858333293218,30.213944444027788]},"properties":{"FID":346,"OBJECTID":7128,"UniqSysID":12254,"Licensee":"NEW CINGULAR WIRELESS PCS, LLC","Callsign":"KNKA342","LocNum":49,"LatDeg":30,"LatMin":12,"LatSec":50.200000000000003,"LatDir":"N","LonDeg":81,"LonMin":22,"LonSec":42.899999999999999,"LonDir":"W","LocAdd":"65 Executive Way (6567)","LocCity":"Ponte Vedra Bea","LocCounty":"ST. JOHNS","LocState":"FL","Nepa":"N","QZone":"0        NaN\n1        NaN\n2        NaN\n3        NaN\n4        NaN\n        ... \n24924    NaN\n24925    NaN\n24926    NaN\n24927    NaN\n24928    NaN\nName: 36, Length: 24929, dtype: object","TowReg":1225436,"SupStruc":49.100000000000001,"AllStruc":50.600000000000001,"StrucType":"LTOWER","LicStatus":"A","latdec":30.213944444399999,"londec":-81.3785833333,"url":"http://wireless2.fcc.gov/UlsApp/UlsSearch/licenseLocSum.jsp?licKey=12254"}},{"type":"Feature","id":347,"geometry":{"type":"Point","coordinates":[-81.453361111205197,30.651749999665071]},"properties":{"FID":347,"OBJECTID":7129,"UniqSysID":12254,"Licensee":"NEW CINGULAR WIRELESS PCS, LLC","Callsign":"KNKA342","LocNum":50,"LatDeg":30,"LatMin":39,"LatSec":6.2999999999999998,"LatDir":"N","LonDeg":81,"LonMin":27,"LonSec":12.1,"LonDir":"W","LocAdd":"1412 NECTARINE STREET (6513)","LocCity":"FERNANDINA BEACH","LocCounty":"NASSAU","LocState":"FL","Nepa":"N","QZone":"0        NaN\n1        NaN\n2        NaN\n3        NaN\n4        NaN\n        ... \n24924    NaN\n24925    NaN\n24926    NaN\n24927    NaN\n24928    NaN\nName: 36, Length: 24929, dtype: object","TowReg":1029321,"SupStruc":55.5,"AllStruc":56.399999999999999,"StrucType":"LTOWER","LicStatus":"A","latdec":30.65175,"londec":-81.453361111099994,"url":"http://wireless2.fcc.gov/UlsApp/UlsSearch/licenseLocSum.jsp?licKey=12254"}},{"type":"Feature","id":348,"geometry":{"type":"Point","coordinates":[-82.010916667359027,29.807138887836857]},"properties":{"FID":348,"OBJECTID":7130,"UniqSysID":12254,"Licensee":"NEW CINGULAR WIRELESS PCS, LLC","Callsign":"KNKA342","LocNum":51,"LatDeg":29,"LatMin":48,"LatSec":25.699999999999999,"LatDir":"N","LonDeg":82,"LonMin":0,"LonSec":39.299999999999997,"LonDir":"W","LocAdd":"7105-1 SR 21 North (14513)","LocCity":"Keystone Heights","LocCounty":"CLAY","LocState":"FL","Nepa":"N","QZone":"0        NaN\n1        NaN\n2        NaN\n3        NaN\n4        NaN\n        ... \n24924    NaN\n24925    NaN\n24926    NaN\n24927    NaN\n24928    NaN\nName: 36, Length: 24929, dtype: object","TowReg":1221631,"SupStruc":70.400000000000006,"AllStruc":71.599999999999994,"StrucType":"LTOWER","LicStatus":"A","latdec":29.807138888899999,"londec":-82.010916666699998,"url":"http://wireless2.fcc.gov/UlsApp/UlsSearch/licenseLocSum.jsp?licKey=12254"}},{"type":"Feature","id":349,"geometry":{"type":"Point","coordinates":[-81.347722221589379,29.958833333163682]},"properties":{"FID":349,"OBJECTID":7131,"UniqSysID":12254,"Licensee":"NEW CINGULAR WIRELESS PCS, LLC","Callsign":"KNKA342","LocNum":52,"LatDeg":29,"LatMin":57,"LatSec":31.800000000000001,"LatDir":"N","LonDeg":81,"LonMin":20,"LonSec":51.799999999999997,"LonDir":"W","LocAdd":"5114 AVENUE B ST. JOHNS COUNTY AIRPORT (105189)","LocCity":"St. Augustine","LocCounty":"ST. JOHNS","LocState":"FL","Nepa":"N","QZone":"0        NaN\n1        NaN\n2        NaN\n3        NaN\n4        NaN\n        ... \n24924    NaN\n24925    NaN\n24926    NaN\n24927    NaN\n24928    NaN\nName: 36, Length: 24929, dtype: object","TowReg":1271662,"SupStruc":46.600000000000001,"AllStruc":48.5,"StrucType":"MTOWER","LicStatus":"A","latdec":29.958833333299999,"londec":-81.347722222200005,"url":"http://wireless2.fcc.gov/UlsApp/UlsSearch/licenseLocSum.jsp?licKey=12254"}},{"type":"Feature","id":350,"geometry":{"type":"Point","coordinates":[-81.447388888414253,29.663527778388413]},"properties":{"FID":350,"OBJECTID":7132,"UniqSysID":12254,"Licensee":"NEW CINGULAR WIRELESS PCS, LLC","Callsign":"KNKA342","LocNum":53,"LatDeg":29,"LatMin":39,"LatSec":48.700000000000003,"LatDir":"N","LonDeg":81,"LonMin":26,"LonSec":50.600000000000001,"LonDir":"W","LocAdd":"9685 Light Avenue (131222)","LocCity":"HASTINGS","LocCounty":"ST. JOHNS","LocState":"FL","Nepa":"N","QZone":"0        NaN\n1        NaN\n2        NaN\n3        NaN\n4        NaN\n        ... \n24924    NaN\n24925    NaN\n24926    NaN\n24927    NaN\n24928    NaN\nName: 36, Length: 24929, dtype: object","TowReg":1284769,"SupStruc":76.200000000000003,"AllStruc":83.799999999999997,"StrucType":"LTOWER","LicStatus":"A","latdec":29.663527777799999,"londec":-81.447388888899994,"url":"http://wireless2.fcc.gov/UlsApp/UlsSearch/licenseLocSum.jsp?licKey=12254"}},{"type":"Feature","id":351,"geometry":{"type":"Point","coordinates":[-81.666944445359604,29.886944443643472]},"properties":{"FID":351,"OBJECTID":7133,"UniqSysID":12254,"Licensee":"NEW CINGULAR WIRELESS PCS, LLC","Callsign":"KNKA342","LocNum":54,"LatDeg":29,"LatMin":53,"LatSec":13,"LatDir":"N","LonDeg":81,"LonMin":40,"LonSec":1,"LonDir":"W","LocAdd":"5699 US HIGHWAY 17 SOUTH (61287)","LocCity":"GREEN COVE SPRINGS","LocCounty":"CLAY","LocState":"FL","Nepa":"N","QZone":"0        NaN\n1        NaN\n2        NaN\n3        NaN\n4        NaN\n        ... \n24924    NaN\n24925    NaN\n24926    NaN\n24927    NaN\n24928    NaN\nName: 36, Length: 24929, dtype: object","TowReg":1053308,"SupStruc":74.700000000000003,"AllStruc":79.900000000000006,"StrucType":"LTOWER","LicStatus":"A","latdec":29.886944444400001,"londec":-81.666944444400002,"url":"http://wireless2.fcc.gov/UlsApp/UlsSearch/licenseLocSum.jsp?licKey=12254"}},{"type":"Feature","id":352,"geometry":{"type":"Point","coordinates":[-81.286222222342076,29.74183333321929]},"properties":{"FID":352,"OBJECTID":7134,"UniqSysID":12254,"Licensee":"NEW CINGULAR WIRELESS PCS, LLC","Callsign":"KNKA342","LocNum":55,"LatDeg":29,"LatMin":44,"LatSec":30.600000000000001,"LatDir":"N","LonDeg":81,"LonMin":17,"LonSec":10.4,"LonDir":"W","LocAdd":"799-T SR 206 East  (93203)","LocCity":"St. Augustine","LocCounty":"ST. JOHNS","LocState":"FL","Nepa":"N","QZone":"0        NaN\n1        NaN\n2        NaN\n3        NaN\n4        NaN\n        ... \n24924    NaN\n24925    NaN\n24926    NaN\n24927    NaN\n24928    NaN\nName: 36, Length: 24929, dtype: object","TowReg":1242035,"SupStruc":57.899999999999999,"AllStruc":60.399999999999999,"StrucType":"MTOWER","LicStatus":"A","latdec":29.741833333300001,"londec":-81.286222222199996,"url":"http://wireless2.fcc.gov/UlsApp/UlsSearch/licenseLocSum.jsp?licKey=12254"}},{"type":"Feature","id":353,"geometry":{"type":"Point","coordinates":[-81.394666667371098,30.254361110619016]},"properties":{"FID":353,"OBJECTID":7135,"UniqSysID":12254,"Licensee":"NEW CINGULAR WIRELESS PCS, LLC","Callsign":"KNKA342","LocNum":17,"LatDeg":30,"LatMin":15,"LatSec":15.699999999999999,"LatDir":"N","LonDeg":81,"LonMin":23,"LonSec":40.799999999999997,"LonDir":"W","LocAdd":"4400 South Beach Pkwy (14510)","LocCity":"Jacksonville Beach","LocCounty":"DUVAL","LocState":"FL","Nepa":"N","QZone":"0        NaN\n1        NaN\n2        NaN\n3        NaN\n4        NaN\n        ... \n24924    NaN\n24925    NaN\n24926    NaN\n24927    NaN\n24928    NaN\nName: 36, Length: 24929, dtype: object","TowReg":1225789,"SupStruc":56.399999999999999,"AllStruc":60.700000000000003,"StrucType":"MTOWER","LicStatus":"A","latdec":30.2543611111,"londec":-81.394666666700004,"url":"http://wireless2.fcc.gov/UlsApp/UlsSearch/licenseLocSum.jsp?licKey=12254"}},{"type":"Feature","id":354,"geometry":{"type":"Point","coordinates":[-81.788333334256833,30.670888888950003]},"properties":{"FID":354,"OBJECTID":7136,"UniqSysID":12254,"Licensee":"NEW CINGULAR WIRELESS PCS, LLC","Callsign":"KNKA342","LocNum":21,"LatDeg":30,"LatMin":40,"LatSec":15.199999999999999,"LatDir":"N","LonDeg":81,"LonMin":47,"LonSec":18,"LonDir":"W","LocAdd":"462500 Middle Road (61250)","LocCity":"Callahan","LocCounty":"NASSAU","LocState":"FL","Nepa":"N","QZone":"0        NaN\n1        NaN\n2        NaN\n3        NaN\n4        NaN\n        ... \n24924    NaN\n24925    NaN\n24926    NaN\n24927    NaN\n24928    NaN\nName: 36, Length: 24929, dtype: object","TowReg":1028644,"SupStruc":76.200000000000003,"AllStruc":79.200000000000003,"StrucType":"LTOWER","LicStatus":"A","latdec":30.670888888899999,"londec":-81.788333333300002,"url":"http://wireless2.fcc.gov/UlsApp/UlsSearch/licenseLocSum.jsp?licKey=12254"}},{"type":"Feature","id":355,"geometry":{"type":"Point","coordinates":[-81.292666667020058,29.865027778327658]},"properties":{"FID":355,"OBJECTID":7137,"UniqSysID":12254,"Licensee":"NEW CINGULAR WIRELESS PCS, LLC","Callsign":"KNKA342","LocNum":22,"LatDeg":29,"LatMin":51,"LatSec":54.100000000000001,"LatDir":"N","LonDeg":81,"LonMin":17,"LonSec":33.600000000000001,"LonDir":"W","LocAdd":"865 FISH ISLAND RD. (6544)","LocCity":"ST AUGUSTINE","LocCounty":"ST. JOHNS","LocState":"FL","Nepa":"N","QZone":"0        NaN\n1        NaN\n2        NaN\n3        NaN\n4        NaN\n        ... \n24924    NaN\n24925    NaN\n24926    NaN\n24927    NaN\n24928    NaN\nName: 36, Length: 24929, dtype: object","TowReg":1012539,"SupStruc":94.5,"AllStruc":99.099999999999994,"StrucType":"LTOWER","LicStatus":"A","latdec":29.865027777800002,"londec":-81.292666666700001,"url":"http://wireless2.fcc.gov/UlsApp/UlsSearch/licenseLocSum.jsp?licKey=12254"}},{"type":"Feature","id":356,"geometry":{"type":"Point","coordinates":[-81.674055555861116,30.709138889136227]},"properties":{"FID":356,"OBJECTID":7138,"UniqSysID":12254,"Licensee":"NEW CINGULAR WIRELESS PCS, LLC","Callsign":"KNKA342","LocNum":25,"LatDeg":30,"LatMin":42,"LatSec":32.899999999999999,"LatDir":"N","LonDeg":81,"LonMin":40,"LonSec":26.600000000000001,"LonDir":"W","LocAdd":"3095 LIPPIZAN COURT (61261)","LocCity":"GROSS","LocCounty":"NASSAU","LocState":"FL","Nepa":"N","QZone":"0        NaN\n1        NaN\n2        NaN\n3        NaN\n4        NaN\n        ... \n24924    NaN\n24925    NaN\n24926    NaN\n24927    NaN\n24928    NaN\nName: 36, Length: 24929, dtype: object","TowReg":1028640,"SupStruc":61.600000000000001,"AllStruc":66.400000000000006,"StrucType":"LTOWER","LicStatus":"A","latdec":30.7091388889,"londec":-81.674055555600006,"url":"http://wireless2.fcc.gov/UlsApp/UlsSearch/licenseLocSum.jsp?licKey=12254"}},{"type":"Feature","id":357,"geometry":{"type":"Point","coordinates":[-81.275555555691483,29.662805556146395]},"properties":{"FID":357,"OBJECTID":7139,"UniqSysID":12254,"Licensee":"NEW CINGULAR WIRELESS PCS, LLC","Callsign":"KNKA342","LocNum":28,"LatDeg":29,"LatMin":39,"LatSec":46.100000000000001,"LatDir":"N","LonDeg":81,"LonMin":16,"LonSec":32,"LonDir":"W","LocAdd":"690 FAVER DYKES ROAD (61293)","LocCity":"ST. AUGUSTINE","LocCounty":"ST. JOHNS","LocState":"FL","Nepa":"N","QZone":"0        NaN\n1        NaN\n2        NaN\n3        NaN\n4        NaN\n        ... \n24924    NaN\n24925    NaN\n24926    NaN\n24927    NaN\n24928    NaN\nName: 36, Length: 24929, dtype: object","TowReg":1055230,"SupStruc":61.299999999999997,"AllStruc":64.299999999999997,"StrucType":"LTOWER","LicStatus":"A","latdec":29.662805555599999,"londec":-81.275555555599993,"url":"http://wireless2.fcc.gov/UlsApp/UlsSearch/licenseLocSum.jsp?licKey=12254"}},{"type":"Feature","id":358,"geometry":{"type":"Point","coordinates":[-81.264027778382683,29.816166665801518]},"properties":{"FID":358,"OBJECTID":7140,"UniqSysID":12254,"Licensee":"NEW CINGULAR WIRELESS PCS, LLC","Callsign":"KNKA342","LocNum":31,"LatDeg":29,"LatMin":48,"LatSec":58.200000000000003,"LatDir":"N","LonDeg":81,"LonMin":15,"LonSec":50.5,"LonDir":"W","LocAdd":"2 Dondanville Rd. (61317)","LocCity":"St. Augustine","LocCounty":"ST. JOHNS","LocState":"FL","Nepa":"N","QZone":"0        NaN\n1        NaN\n2        NaN\n3        NaN\n4        NaN\n        ... \n24924    NaN\n24925    NaN\n24926    NaN\n24927    NaN\n24928    NaN\nName: 36, Length: 24929, dtype: object","TowReg":0,"SupStruc":18.899999999999999,"AllStruc":22.899999999999999,"StrucType":"B","LicStatus":"A","latdec":29.816166666699999,"londec":-81.264027777799996,"url":"http://wireless2.fcc.gov/UlsApp/UlsSearch/licenseLocSum.jsp?licKey=12254"}},{"type":"Feature","id":359,"geometry":{"type":"Point","coordinates":[-82.01105555498674,29.982500000359437]},"properties":{"FID":359,"OBJECTID":7141,"UniqSysID":12254,"Licensee":"NEW CINGULAR WIRELESS PCS, LLC","Callsign":"KNKA342","LocNum":34,"LatDeg":29,"LatMin":58,"LatSec":57,"LatDir":"N","LonDeg":82,"LonMin":0,"LonSec":39.799999999999997,"LonDir":"W","LocAdd":"5996 1 SR 16 W (61328)","LocCity":"STARKE","LocCounty":"CLAY","LocState":"FL","Nepa":"N","QZone":"0        NaN\n1        NaN\n2        NaN\n3        NaN\n4        NaN\n        ... \n24924    NaN\n24925    NaN\n24926    NaN\n24927    NaN\n24928    NaN\nName: 36, Length: 24929, dtype: object","TowReg":1058154,"SupStruc":76.799999999999997,"AllStruc":80.200000000000003,"StrucType":"LTOWER","LicStatus":"A","latdec":29.982500000000002,"londec":-82.011055555599995,"url":"http://wireless2.fcc.gov/UlsApp/UlsSearch/licenseLocSum.jsp?licKey=12254"}},{"type":"Feature","id":360,"geometry":{"type":"Point","coordinates":[-81.977916667324678,29.834166665762666]},"properties":{"FID":360,"OBJECTID":7142,"UniqSysID":12254,"Licensee":"NEW CINGULAR WIRELESS PCS, LLC","Callsign":"KNKA342","LocNum":35,"LatDeg":29,"LatMin":50,"LatSec":3,"LatDir":"N","LonDeg":81,"LonMin":58,"LonSec":40.5,"LonDir":"W","LocAdd":"6523-1 S.R. 21 (61330)","LocCity":"Goldhead","LocCounty":"CLAY","LocState":"FL","Nepa":"N","QZone":"0        NaN\n1        NaN\n2        NaN\n3        NaN\n4        NaN\n        ... \n24924    NaN\n24925    NaN\n24926    NaN\n24927    NaN\n24928    NaN\nName: 36, Length: 24929, dtype: object","TowReg":1036079,"SupStruc":97.5,"AllStruc":98.200000000000003,"StrucType":"LTOWER","LicStatus":"A","latdec":29.8341666667,"londec":-81.977916666699997,"url":"http://wireless2.fcc.gov/UlsApp/UlsSearch/licenseLocSum.jsp?licKey=12254"}},{"type":"Feature","id":361,"geometry":{"type":"Point","coordinates":[-81.464611110563624,30.659166665825751]},"properties":{"FID":361,"OBJECTID":7143,"UniqSysID":12254,"Licensee":"NEW CINGULAR WIRELESS PCS, LLC","Callsign":"KNKA342","LocNum":36,"LatDeg":30,"LatMin":39,"LatSec":33,"LatDir":"N","LonDeg":81,"LonMin":27,"LonSec":52.600000000000001,"LonDir":"W","LocAdd":"1007 S 5TH STREET (61249)","LocCity":"FERNANDINA BEACH","LocCounty":"NASSAU","LocState":"FL","Nepa":"N","QZone":"0        NaN\n1        NaN\n2        NaN\n3        NaN\n4        NaN\n        ... \n24924    NaN\n24925    NaN\n24926    NaN\n24927    NaN\n24928    NaN\nName: 36, Length: 24929, dtype: object","TowReg":1206027,"SupStruc":57.899999999999999,"AllStruc":58.799999999999997,"StrucType":"LTOWER","LicStatus":"A","latdec":30.659166666699999,"londec":-81.464611111099998,"url":"http://wireless2.fcc.gov/UlsApp/UlsSearch/licenseLocSum.jsp?licKey=12254"}},{"type":"Feature","id":362,"geometry":{"type":"Point","coordinates":[-81.453083334153064,30.578750000324533]},"properties":{"FID":362,"OBJECTID":7144,"UniqSysID":12254,"Licensee":"NEW CINGULAR WIRELESS PCS, LLC","Callsign":"KNKA342","LocNum":37,"LatDeg":30,"LatMin":34,"LatSec":43.5,"LatDir":"N","LonDeg":81,"LonMin":27,"LonSec":11.1,"LonDir":"W","LocAdd":"1417 AVERY ROAD (61253)","LocCity":"Amelia Island","LocCounty":"NASSAU","LocState":"FL","Nepa":"N","QZone":"0        NaN\n1        NaN\n2        NaN\n3        NaN\n4        NaN\n        ... \n24924    NaN\n24925    NaN\n24926    NaN\n24927    NaN\n24928    NaN\nName: 36, Length: 24929, dtype: object","TowReg":1200985,"SupStruc":42.700000000000003,"AllStruc":45.700000000000003,"StrucType":"MTOWER","LicStatus":"A","latdec":30.578749999999999,"londec":-81.4530833333,"url":"http://wireless2.fcc.gov/UlsApp/UlsSearch/licenseLocSum.jsp?licKey=12254"}},{"type":"Feature","id":363,"geometry":{"type":"Point","coordinates":[-81.476611110657814,29.761055556336032]},"properties":{"FID":363,"OBJECTID":7145,"UniqSysID":12254,"Licensee":"NEW CINGULAR WIRELESS PCS, LLC","Callsign":"KNKA342","LocNum":38,"LatDeg":29,"LatMin":45,"LatSec":39.799999999999997,"LatDir":"N","LonDeg":81,"LonMin":28,"LonSec":35.799999999999997,"LonDir":"W","LocAdd":"BLUE SKY FARMS & CR13 (61262)","LocCity":"ELKTON","LocCounty":"ST. JOHNS","LocState":"FL","Nepa":"N","QZone":"0        NaN\n1        NaN\n2        NaN\n3        NaN\n4        NaN\n        ... \n24924    NaN\n24925    NaN\n24926    NaN\n24927    NaN\n24928    NaN\nName: 36, Length: 24929, dtype: object","TowReg":1028639,"SupStruc":61.299999999999997,"AllStruc":66.099999999999994,"StrucType":"LTOWER","LicStatus":"A","latdec":29.761055555599999,"londec":-81.476611111099999,"url":"http://wireless2.fcc.gov/UlsApp/UlsSearch/licenseLocSum.jsp?licKey=12254"}},{"type":"Feature","id":364,"geometry":{"type":"Point","coordinates":[-82.040416665756368,29.786805555021886]},"properties":{"FID":364,"OBJECTID":7146,"UniqSysID":12254,"Licensee":"NEW CINGULAR WIRELESS PCS, LLC","Callsign":"KNKA342","LocNum":40,"LatDeg":29,"LatMin":47,"LatSec":12.5,"LatDir":"N","LonDeg":82,"LonMin":2,"LonSec":25.5,"LonDir":"W","LocAdd":"714 NIGHTINGALE DR (61331)","LocCity":"KEYSTONE HEIGHTS","LocCounty":"CLAY","LocState":"FL","Nepa":"N","QZone":"0        NaN\n1        NaN\n2        NaN\n3        NaN\n4        NaN\n        ... \n24924    NaN\n24925    NaN\n24926    NaN\n24927    NaN\n24928    NaN\nName: 36, Length: 24929, dtype: object","TowReg":1053454,"SupStruc":82.299999999999997,"AllStruc":86.299999999999997,"StrucType":"LTOWER","LicStatus":"A","latdec":29.786805555600001,"londec":-82.040416666699997,"url":"http://wireless2.fcc.gov/UlsApp/UlsSearch/licenseLocSum.jsp?licKey=12254"}},{"type":"Feature","id":365,"geometry":{"type":"Point","coordinates":[-82.411555555321797,30.212861111162567]},"properties":{"FID":365,"OBJECTID":7147,"UniqSysID":12254,"Licensee":"NEW CINGULAR WIRELESS PCS, LLC","Callsign":"KNKA342","LocNum":41,"LatDeg":30,"LatMin":12,"LatSec":46.299999999999997,"LatDir":"N","LonDeg":82,"LonMin":24,"LonSec":41.600000000000001,"LonDir":"W","LocAdd":"HWY 90 & HWY 250A (44805)","LocCity":"Sanderson","LocCounty":"BAKER","LocState":"FL","Nepa":"N","QZone":"0        NaN\n1        NaN\n2        NaN\n3        NaN\n4        NaN\n        ... \n24924    NaN\n24925    NaN\n24926    NaN\n24927    NaN\n24928    NaN\nName: 36, Length: 24929, dtype: object","TowReg":1050955,"SupStruc":61,"AllStruc":63.700000000000003,"StrucType":"GTOWER","LicStatus":"A","latdec":30.2128611111,"londec":-82.411555555600003,"url":"http://wireless2.fcc.gov/UlsApp/UlsSearch/licenseLocSum.jsp?licKey=12254"}},{"type":"Feature","id":366,"geometry":{"type":"Point","coordinates":[-81.390750000156004,30.126361110985556]},"properties":{"FID":366,"OBJECTID":7148,"UniqSysID":12254,"Licensee":"NEW CINGULAR WIRELESS PCS, LLC","Callsign":"KNKA342","LocNum":44,"LatDeg":30,"LatMin":7,"LatSec":34.899999999999999,"LatDir":"N","LonDeg":81,"LonMin":23,"LonSec":26.699999999999999,"LonDir":"W","LocAdd":"2755 Palm Valley Road (6565)","LocCity":"Palm Valley","LocCounty":"ST. JOHNS","LocState":"FL","Nepa":"N","QZone":"0        NaN\n1        NaN\n2        NaN\n3        NaN\n4        NaN\n        ... \n24924    NaN\n24925    NaN\n24926    NaN\n24927    NaN\n24928    NaN\nName: 36, Length: 24929, dtype: object","TowReg":1200725,"SupStruc":87.200000000000003,"AllStruc":89,"StrucType":"LTOWER","LicStatus":"A","latdec":30.1263611111,"londec":-81.390749999999997,"url":"http://wireless2.fcc.gov/UlsApp/UlsSearch/licenseLocSum.jsp?licKey=12254"}},{"type":"Feature","id":367,"geometry":{"type":"Point","coordinates":[-81.409444445173449,30.369999999779338]},"properties":{"FID":367,"OBJECTID":7149,"UniqSysID":12254,"Licensee":"NEW CINGULAR WIRELESS PCS, LLC","Callsign":"KNKA342","LocNum":45,"LatDeg":30,"LatMin":22,"LatSec":12,"LatDir":"N","LonDeg":81,"LonMin":24,"LonSec":34,"LonDir":"W","LocAdd":"2930 SHERRY DR. UNIT CT02 (6568)","LocCity":"JACKSONVILLE","LocCounty":"DUVAL","LocState":"FL","Nepa":"N","QZone":"0        NaN\n1        NaN\n2        NaN\n3        NaN\n4        NaN\n        ... \n24924    NaN\n24925    NaN\n24926    NaN\n24927    NaN\n24928    NaN\nName: 36, Length: 24929, dtype: object","TowReg":1047328,"SupStruc":45.700000000000003,"AllStruc":50.299999999999997,"StrucType":"MTOWER","LicStatus":"A","latdec":30.370000000000001,"londec":-81.409444444399995,"url":"http://wireless2.fcc.gov/UlsApp/UlsSearch/licenseLocSum.jsp?licKey=12254"}},{"type":"Feature","id":368,"geometry":{"type":"Point","coordinates":[-82.204527776666282,30.266916666677162]},"properties":{"FID":368,"OBJECTID":7153,"UniqSysID":12254,"Licensee":"NEW CINGULAR WIRELESS PCS, LLC","Callsign":"KNKA342","LocNum":58,"LatDeg":30,"LatMin":16,"LatSec":0.90000000000000002,"LatDir":"N","LonDeg":82,"LonMin":12,"LonSec":16.300000000000001,"LonDir":"W","LocAdd":"9886 US HIGHWAY 90 (61223)","LocCity":"GLEN ST. MARY","LocCounty":"BAKER","LocState":"FL","Nepa":"N","QZone":"0        NaN\n1        NaN\n2        NaN\n3        NaN\n4        NaN\n        ... \n24924    NaN\n24925    NaN\n24926    NaN\n24927    NaN\n24928    NaN\nName: 36, Length: 24929, dtype: object","TowReg":1028610,"SupStruc":86,"AllStruc":87.099999999999994,"StrucType":"LTOWER","LicStatus":"A","latdec":30.266916666699998,"londec":-82.204527777799996,"url":"http://wireless2.fcc.gov/UlsApp/UlsSearch/licenseLocSum.jsp?licKey=12254"}},{"type":"Feature","id":369,"geometry":{"type":"Point","coordinates":[-81.30455555629328,28.815472223061931]},"properties":{"FID":369,"OBJECTID":7180,"UniqSysID":12257,"Licensee":"NEW CINGULAR WIRELESS PCS, LLC","Callsign":"KNKA347","LocNum":21,"LatDeg":28,"LatMin":48,"LatSec":55.700000000000003,"LatDir":"N","LonDeg":81,"LonMin":18,"LonSec":16.399999999999999,"LonDir":"W","LocAdd":"3051 NARCISSUS AVENUE (61637)","LocCity":"SANFORD","LocCounty":"SEMINOLE","LocState":"FL","Nepa":"N","QZone":"0        NaN\n1        NaN\n2        NaN\n3        NaN\n4        NaN\n        ... \n24924    NaN\n24925    NaN\n24926    NaN\n24927    NaN\n24928    NaN\nName: 36, Length: 24929, dtype: object","TowReg":1029737,"SupStruc":77.099999999999994,"AllStruc":81.700000000000003,"StrucType":"LTOWER","LicStatus":"A","latdec":28.8154722222,"londec":-81.304555555600004,"url":"http://wireless2.fcc.gov/UlsApp/UlsSearch/licenseLocSum.jsp?licKey=12257"}},{"type":"Feature","id":370,"geometry":{"type":"Point","coordinates":[-81.361083332832379,28.818805555065239]},"properties":{"FID":370,"OBJECTID":7181,"UniqSysID":12257,"Licensee":"NEW CINGULAR WIRELESS PCS, LLC","Callsign":"KNKA347","LocNum":22,"LatDeg":28,"LatMin":49,"LatSec":7.7000000000000002,"LatDir":"N","LonDeg":81,"LonMin":21,"LonSec":39.899999999999999,"LonDir":"W","LocAdd":"5397 ORANGE BLVD. (61674)","LocCity":"SANFORD","LocCounty":"SEMINOLE","LocState":"FL","Nepa":"N","QZone":"0        NaN\n1        NaN\n2        NaN\n3        NaN\n4        NaN\n        ... \n24924    NaN\n24925    NaN\n24926    NaN\n24927    NaN\n24928    NaN\nName: 36, Length: 24929, dtype: object","TowReg":0,"SupStruc":55.200000000000003,"AllStruc":56.700000000000003,"StrucType":"MTOWER","LicStatus":"A","latdec":28.818805555600001,"londec":-81.361083333300002,"url":"http://wireless2.fcc.gov/UlsApp/UlsSearch/licenseLocSum.jsp?licKey=12257"}},{"type":"Feature","id":371,"geometry":{"type":"Point","coordinates":[-80.968388889222467,28.453361110957928]},"properties":{"FID":371,"OBJECTID":7182,"UniqSysID":12257,"Licensee":"NEW CINGULAR WIRELESS PCS, LLC","Callsign":"KNKA347","LocNum":23,"LatDeg":28,"LatMin":27,"LatSec":12.1,"LatDir":"N","LonDeg":80,"LonMin":58,"LonSec":6.2000000000000002,"LonDir":"W","LocAdd":"26513 YATES ROAD (61684)","LocCity":"CHRISTMAS","LocCounty":"ORANGE","LocState":"FL","Nepa":"N","QZone":"0        NaN\n1        NaN\n2        NaN\n3        NaN\n4        NaN\n        ... \n24924    NaN\n24925    NaN\n24926    NaN\n24927    NaN\n24928    NaN\nName: 36, Length: 24929, dtype: object","TowReg":1029040,"SupStruc":94.5,"AllStruc":94.5,"StrucType":"MTOWER","LicStatus":"A","latdec":28.453361111100001,"londec":-80.968388888899995,"url":"http://wireless2.fcc.gov/UlsApp/UlsSearch/licenseLocSum.jsp?licKey=12257"}},{"type":"Feature","id":372,"geometry":{"type":"Point","coordinates":[-80.971749999638348,28.538194444722592]},"properties":{"FID":372,"OBJECTID":7183,"UniqSysID":12257,"Licensee":"NEW CINGULAR WIRELESS PCS, LLC","Callsign":"KNKA347","LocNum":24,"LatDeg":28,"LatMin":32,"LatSec":17.5,"LatDir":"N","LonDeg":80,"LonMin":58,"LonSec":18.300000000000001,"LonDir":"W","LocAdd":"26450 EAST COLONIAL DRIVE (61686)","LocCity":"CHRISTMAS","LocCounty":"ORANGE","LocState":"FL","Nepa":"N","QZone":"0        NaN\n1        NaN\n2        NaN\n3        NaN\n4        NaN\n        ... \n24924    NaN\n24925    NaN\n24926    NaN\n24927    NaN\n24928    NaN\nName: 36, Length: 24929, dtype: object","TowReg":1011715,"SupStruc":86.299999999999997,"AllStruc":88.099999999999994,"StrucType":"MTOWER","LicStatus":"A","latdec":28.538194444399998,"londec":-80.97175,"url":"http://wireless2.fcc.gov/UlsApp/UlsSearch/licenseLocSum.jsp?licKey=12257"}},{"type":"Feature","id":373,"geometry":{"type":"Point","coordinates":[-81.266944443718558,28.089722222140608]},"properties":{"FID":373,"OBJECTID":7184,"UniqSysID":12257,"Licensee":"NEW CINGULAR WIRELESS PCS, LLC","Callsign":"KNKA347","LocNum":18,"LatDeg":28,"LatMin":5,"LatSec":23,"LatDir":"N","LonDeg":81,"LonMin":16,"LonSec":1,"LonDir":"W","LocAdd":"6300 CANOE CREEK ROAD (7701)","LocCity":"SAINT CLOUD","LocCounty":"OSCEOLA","LocState":"FL","Nepa":"N","QZone":"0        NaN\n1        NaN\n2        NaN\n3        NaN\n4        NaN\n        ... \n24924    NaN\n24925    NaN\n24926    NaN\n24927    NaN\n24928    NaN\nName: 36, Length: 24929, dtype: object","TowReg":1043290,"SupStruc":121.90000000000001,"AllStruc":121.90000000000001,"StrucType":"GTOWER","LicStatus":"A","latdec":28.089722222199999,"londec":-81.266944444399996,"url":"http://wireless2.fcc.gov/UlsApp/UlsSearch/licenseLocSum.jsp?licKey=12257"}},{"type":"Feature","id":374,"geometry":{"type":"Point","coordinates":[-80.967222222010207,27.788611110992974]},"properties":{"FID":374,"OBJECTID":7185,"UniqSysID":12257,"Licensee":"NEW CINGULAR WIRELESS PCS, LLC","Callsign":"KNKA347","LocNum":19,"LatDeg":27,"LatMin":47,"LatSec":19,"LatDir":"N","LonDeg":80,"LonMin":58,"LonSec":2,"LonDir":"W","LocAdd":"3362 SOUTH KENANSVILLE ROAD (15313)","LocCity":"FELLSMERE","LocCounty":"OSCEOLA","LocState":"FL","Nepa":"N","QZone":"0        NaN\n1        NaN\n2        NaN\n3        NaN\n4        NaN\n        ... \n24924    NaN\n24925    NaN\n24926    NaN\n24927    NaN\n24928    NaN\nName: 36, Length: 24929, dtype: object","TowReg":1040918,"SupStruc":91.400000000000006,"AllStruc":93.799999999999997,"StrucType":"GTOWER","LicStatus":"A","latdec":27.7886111111,"londec":-80.967222222199993,"url":"http://wireless2.fcc.gov/UlsApp/UlsSearch/licenseLocSum.jsp?licKey=12257"}},{"type":"Feature","id":375,"geometry":{"type":"Point","coordinates":[-81.622500000233742,28.274166667171187]},"properties":{"FID":375,"OBJECTID":7186,"UniqSysID":12257,"Licensee":"NEW CINGULAR WIRELESS PCS, LLC","Callsign":"KNKA347","LocNum":40,"LatDeg":28,"LatMin":16,"LatSec":27,"LatDir":"N","LonDeg":81,"LonMin":37,"LonSec":21,"LonDir":"W","LocAdd":"8357 TRI-COUNTY ROAD (119768)","LocCity":"DAVENPORT","LocCounty":"OSCEOLA","LocState":"FL","Nepa":"N","QZone":"0        NaN\n1        NaN\n2        NaN\n3        NaN\n4        NaN\n        ... \n24924    NaN\n24925    NaN\n24926    NaN\n24927    NaN\n24928    NaN\nName: 36, Length: 24929, dtype: object","TowReg":1004340,"SupStruc":86.799999999999997,"AllStruc":92.700000000000003,"StrucType":"LTOWER","LicStatus":"A","latdec":28.274166666700001,"londec":-81.622500000000002,"url":"http://wireless2.fcc.gov/UlsApp/UlsSearch/licenseLocSum.jsp?licKey=12257"}},{"type":"Feature","id":376,"geometry":{"type":"Point","coordinates":[-81.647361111080329,28.54816666732728]},"properties":{"FID":376,"OBJECTID":7187,"UniqSysID":12257,"Licensee":"NEW CINGULAR WIRELESS PCS, LLC","Callsign":"KNKA347","LocNum":41,"LatDeg":28,"LatMin":32,"LatSec":53.399999999999999,"LatDir":"N","LonDeg":81,"LonMin":38,"LonSec":50.5,"LonDir":"W","LocAdd":"921 WEST OAKLAND AVE (119041)","LocCity":"OAKLAND","LocCounty":"ORANGE","LocState":"FL","Nepa":"N","QZone":"0        NaN\n1        NaN\n2        NaN\n3        NaN\n4        NaN\n        ... \n24924    NaN\n24925    NaN\n24926    NaN\n24927    NaN\n24928    NaN\nName: 36, Length: 24929, dtype: object","TowReg":1040740,"SupStruc":76.200000000000003,"AllStruc":79.200000000000003,"StrucType":"LTOWER","LicStatus":"A","latdec":28.548166666699998,"londec":-81.647361111099997,"url":"http://wireless2.fcc.gov/UlsApp/UlsSearch/licenseLocSum.jsp?licKey=12257"}},{"type":"Feature","id":377,"geometry":{"type":"Point","coordinates":[-81.523333333001233,28.759166667335251]},"properties":{"FID":377,"OBJECTID":7188,"UniqSysID":12257,"Licensee":"NEW CINGULAR WIRELESS PCS, LLC","Callsign":"KNKA347","LocNum":42,"LatDeg":28,"LatMin":45,"LatSec":33,"LatDir":"N","LonDeg":81,"LonMin":31,"LonSec":24,"LonDir":"W","LocAdd":"661 W Kelly Park Rd  (138280)","LocCity":"Apopka","LocCounty":"ORANGE","LocState":"FL","Nepa":"N","QZone":"0        NaN\n1        NaN\n2        NaN\n3        NaN\n4        NaN\n        ... \n24924    NaN\n24925    NaN\n24926    NaN\n24927    NaN\n24928    NaN\nName: 36, Length: 24929, dtype: object","TowReg":0,"SupStruc":50.899999999999999,"AllStruc":50.899999999999999,"StrucType":"MTOWER","LicStatus":"A","latdec":28.759166666700001,"londec":-81.523333333300002,"url":"http://wireless2.fcc.gov/UlsApp/UlsSearch/licenseLocSum.jsp?licKey=12257"}},{"type":"Feature","id":378,"geometry":{"type":"Point","coordinates":[-81.483583334429738,28.183722222158679]},"properties":{"FID":378,"OBJECTID":7189,"UniqSysID":12257,"Licensee":"NEW CINGULAR WIRELESS PCS, LLC","Callsign":"KNKA347","LocNum":43,"LatDeg":28,"LatMin":11,"LatSec":1.3999999999999999,"LatDir":"N","LonDeg":81,"LonMin":29,"LonSec":0.90000000000000002,"LonDir":"W","LocAdd":"3701 Marigold Ave. (139349)","LocCity":"Kissimmee","LocCounty":"OSCEOLA","LocState":"FL","Nepa":"N","QZone":"0        NaN\n1        NaN\n2        NaN\n3        NaN\n4        NaN\n        ... \n24924    NaN\n24925    NaN\n24926    NaN\n24927    NaN\n24928    NaN\nName: 36, Length: 24929, dtype: object","TowReg":1216962,"SupStruc":56.399999999999999,"AllStruc":56.399999999999999,"StrucType":"MTOWER","LicStatus":"A","latdec":28.1837222222,"londec":-81.483583333300004,"url":"http://wireless2.fcc.gov/UlsApp/UlsSearch/licenseLocSum.jsp?licKey=12257"}},{"type":"Feature","id":379,"geometry":{"type":"Point","coordinates":[-80.913888888757469,27.705277778089737]},"properties":{"FID":379,"OBJECTID":7190,"UniqSysID":12257,"Licensee":"NEW CINGULAR WIRELESS PCS, LLC","Callsign":"KNKA347","LocNum":27,"LatDeg":27,"LatMin":42,"LatSec":19,"LatDir":"N","LonDeg":80,"LonMin":54,"LonSec":50,"LonDir":"W","LocAdd":"2675 E. STATE ROAD 60 (61656)","LocCity":"YEEHAW JUNCTION","LocCounty":"OSCEOLA","LocState":"FL","Nepa":"N","QZone":"0        NaN\n1        NaN\n2        NaN\n3        NaN\n4        NaN\n        ... \n24924    NaN\n24925    NaN\n24926    NaN\n24927    NaN\n24928    NaN\nName: 36, Length: 24929, dtype: object","TowReg":1029752,"SupStruc":91.400000000000006,"AllStruc":95.099999999999994,"StrucType":"GTOWER","LicStatus":"A","latdec":27.705277777799999,"londec":-80.913888888900004,"url":"http://wireless2.fcc.gov/UlsApp/UlsSearch/licenseLocSum.jsp?licKey=12257"}},{"type":"Feature","id":380,"geometry":{"type":"Point","coordinates":[-81.626277778024587,28.772277777254999]},"properties":{"FID":380,"OBJECTID":7191,"UniqSysID":12257,"Licensee":"NEW CINGULAR WIRELESS PCS, LLC","Callsign":"KNKA347","LocNum":28,"LatDeg":28,"LatMin":46,"LatSec":20.199999999999999,"LatDir":"N","LonDeg":81,"LonMin":37,"LonSec":34.600000000000001,"LonDir":"W","LocAdd":"6084 N. ORANGE BLOSSOM TRAIL (61737)","LocCity":"MOUNT DORA","LocCounty":"ORANGE","LocState":"FL","Nepa":"N","QZone":"0        NaN\n1        NaN\n2        NaN\n3        NaN\n4        NaN\n        ... \n24924    NaN\n24925    NaN\n24926    NaN\n24927    NaN\n24928    NaN\nName: 36, Length: 24929, dtype: object","TowReg":1030516,"SupStruc":77.400000000000006,"AllStruc":80.5,"StrucType":"LTOWER","LicStatus":"A","latdec":28.772277777799999,"londec":-81.626277777799999,"url":"http://wireless2.fcc.gov/UlsApp/UlsSearch/licenseLocSum.jsp?licKey=12257"}},{"type":"Feature","id":381,"geometry":{"type":"Point","coordinates":[-81.617944444900331,28.385305555100672]},"properties":{"FID":381,"OBJECTID":7192,"UniqSysID":12257,"Licensee":"NEW CINGULAR WIRELESS PCS, LLC","Callsign":"KNKA347","LocNum":29,"LatDeg":28,"LatMin":23,"LatSec":7.0999999999999996,"LatDir":"N","LonDeg":81,"LonMin":37,"LonSec":4.5999999999999996,"LonDir":"W","LocAdd":"12400 HARTZOG ROAD (61680)","LocCity":"LAKE BUENA VISTA","LocCounty":"ORANGE","LocState":"FL","Nepa":"N","QZone":"0        NaN\n1        NaN\n2        NaN\n3        NaN\n4        NaN\n        ... \n24924    NaN\n24925    NaN\n24926    NaN\n24927    NaN\n24928    NaN\nName: 36, Length: 24929, dtype: object","TowReg":1001962,"SupStruc":86.900000000000006,"AllStruc":88.700000000000003,"StrucType":"LTOWER","LicStatus":"A","latdec":28.385305555599999,"londec":-81.617944444399996,"url":"http://wireless2.fcc.gov/UlsApp/UlsSearch/licenseLocSum.jsp?licKey=12257"}},{"type":"Feature","id":382,"geometry":{"type":"Point","coordinates":[-80.864305555590363,28.088805555080626]},"properties":{"FID":382,"OBJECTID":7193,"UniqSysID":12257,"Licensee":"NEW CINGULAR WIRELESS PCS, LLC","Callsign":"KNKA347","LocNum":30,"LatDeg":28,"LatMin":5,"LatSec":19.699999999999999,"LatDir":"N","LonDeg":80,"LonMin":51,"LonSec":51.5,"LonDir":"W","LocAdd":"1412 MORNINGSIDE DRV 14050 E IRLO BRONSON HWY (61687)","LocCity":"KISSIMMEE","LocCounty":"OSCEOLA","LocState":"FL","Nepa":"N","QZone":"0        NaN\n1        NaN\n2        NaN\n3        NaN\n4        NaN\n        ... \n24924    NaN\n24925    NaN\n24926    NaN\n24927    NaN\n24928    NaN\nName: 36, Length: 24929, dtype: object","TowReg":1011714,"SupStruc":86.900000000000006,"AllStruc":88.099999999999994,"StrucType":"LTOWER","LicStatus":"A","latdec":28.0888055556,"londec":-80.864305555599998,"url":"http://wireless2.fcc.gov/UlsApp/UlsSearch/licenseLocSum.jsp?licKey=12257"}},{"type":"Feature","id":383,"geometry":{"type":"Point","coordinates":[-81.187861112153882,28.024944443977574]},"properties":{"FID":383,"OBJECTID":7194,"UniqSysID":12257,"Licensee":"NEW CINGULAR WIRELESS PCS, LLC","Callsign":"KNKA347","LocNum":32,"LatDeg":28,"LatMin":1,"LatSec":29.800000000000001,"LatDir":"N","LonDeg":81,"LonMin":11,"LonSec":16.300000000000001,"LonDir":"W","LocAdd":"4201 N CANOE CREEK ROAD (61701)","LocCity":"KENANSVILLE","LocCounty":"OSCEOLA","LocState":"FL","Nepa":"N","QZone":"0        NaN\n1        NaN\n2        NaN\n3        NaN\n4        NaN\n        ... \n24924    NaN\n24925    NaN\n24926    NaN\n24927    NaN\n24928    NaN\nName: 36, Length: 24929, dtype: object","TowReg":1040919,"SupStruc":91.400000000000006,"AllStruc":93.599999999999994,"StrucType":"GTOWER","LicStatus":"A","latdec":28.024944444399999,"londec":-81.187861111100005,"url":"http://wireless2.fcc.gov/UlsApp/UlsSearch/licenseLocSum.jsp?licKey=12257"}},{"type":"Feature","id":384,"geometry":{"type":"Point","coordinates":[-81.214666666857283,28.788027778155595]},"properties":{"FID":384,"OBJECTID":7195,"UniqSysID":12257,"Licensee":"NEW CINGULAR WIRELESS PCS, LLC","Callsign":"KNKA347","LocNum":33,"LatDeg":28,"LatMin":47,"LatSec":16.899999999999999,"LatDir":"N","LonDeg":81,"LonMin":12,"LonSec":52.799999999999997,"LonDir":"W","LocAdd":"2333 Cameron Avenue (61744)","LocCity":"SANFORD","LocCounty":"SEMINOLE","LocState":"FL","Nepa":"N","QZone":"0        NaN\n1        NaN\n2        NaN\n3        NaN\n4        NaN\n        ... \n24924    NaN\n24925    NaN\n24926    NaN\n24927    NaN\n24928    NaN\nName: 36, Length: 24929, dtype: object","TowReg":1245659,"SupStruc":45.700000000000003,"AllStruc":45.700000000000003,"StrucType":"MTOWER","LicStatus":"A","latdec":28.7880277778,"londec":-81.214666666699998,"url":"http://wireless2.fcc.gov/UlsApp/UlsSearch/licenseLocSum.jsp?licKey=12257"}},{"type":"Feature","id":385,"geometry":{"type":"Point","coordinates":[-81.456388889158518,28.183277778090996]},"properties":{"FID":385,"OBJECTID":7196,"UniqSysID":12257,"Licensee":"NEW CINGULAR WIRELESS PCS, LLC","Callsign":"KNKA347","LocNum":36,"LatDeg":28,"LatMin":10,"LatSec":59.799999999999997,"LatDir":"N","LonDeg":81,"LonMin":27,"LonSec":23,"LonDir":"W","LocAdd":"3705 SOUTH POINCIANA BOULEVARD (16404)","LocCity":"KISSIMMEE","LocCounty":"OSCEOLA","LocState":"FL","Nepa":"N","QZone":"0        NaN\n1        NaN\n2        NaN\n3        NaN\n4        NaN\n        ... \n24924    NaN\n24925    NaN\n24926    NaN\n24927    NaN\n24928    NaN\nName: 36, Length: 24929, dtype: object","TowReg":0,"SupStruc":55.5,"AllStruc":57,"StrucType":"MTOWER","LicStatus":"A","latdec":28.183277777800001,"londec":-81.456388888899994,"url":"http://wireless2.fcc.gov/UlsApp/UlsSearch/licenseLocSum.jsp?licKey=12257"}},{"type":"Feature","id":386,"geometry":{"type":"Point","coordinates":[-81.083305554838205,27.897722222154982]},"properties":{"FID":386,"OBJECTID":7197,"UniqSysID":12257,"Licensee":"NEW CINGULAR WIRELESS PCS, LLC","Callsign":"KNKA347","LocNum":37,"LatDeg":27,"LatMin":53,"LatSec":51.799999999999997,"LatDir":"N","LonDeg":81,"LonMin":4,"LonSec":59.899999999999999,"LonDir":"W","LocAdd":"915 Canoe Creek Road   (7633)","LocCity":"Kenansville","LocCounty":"OSCEOLA","LocState":"FL","Nepa":"N","QZone":"0        NaN\n1        NaN\n2        NaN\n3        NaN\n4        NaN\n        ... \n24924    NaN\n24925    NaN\n24926    NaN\n24927    NaN\n24928    NaN\nName: 36, Length: 24929, dtype: object","TowReg":1201389,"SupStruc":87.5,"AllStruc":90.200000000000003,"StrucType":"GTOWER","LicStatus":"A","latdec":27.897722222199999,"londec":-81.083305555600006,"url":"http://wireless2.fcc.gov/UlsApp/UlsSearch/licenseLocSum.jsp?licKey=12257"}},{"type":"Feature","id":387,"geometry":{"type":"Point","coordinates":[-81.133333333983728,28.750361111060727]},"properties":{"FID":387,"OBJECTID":7198,"UniqSysID":12257,"Licensee":"NEW CINGULAR WIRELESS PCS, LLC","Callsign":"KNKA347","LocNum":38,"LatDeg":28,"LatMin":45,"LatSec":1.3,"LatDir":"N","LonDeg":81,"LonMin":8,"LonSec":0,"LonDir":"W","LocAdd":"1438 SR 46 (7712)","LocCity":"GENEVA","LocCounty":"SEMINOLE","LocState":"FL","Nepa":"N","QZone":"0        NaN\n1        NaN\n2        NaN\n3        NaN\n4        NaN\n        ... \n24924    NaN\n24925    NaN\n24926    NaN\n24927    NaN\n24928    NaN\nName: 36, Length: 24929, dtype: object","TowReg":1030506,"SupStruc":86.299999999999997,"AllStruc":89.900000000000006,"StrucType":"LTOWER","LicStatus":"A","latdec":28.750361111099998,"londec":-81.133333333300001,"url":"http://wireless2.fcc.gov/UlsApp/UlsSearch/licenseLocSum.jsp?licKey=12257"}},{"type":"Feature","id":388,"geometry":{"type":"Point","coordinates":[-80.086249999615461,26.956166666644833]},"properties":{"FID":388,"OBJECTID":7234,"UniqSysID":12263,"Licensee":"NEW CINGULAR WIRELESS PCS, LLC","Callsign":"KNKA355","LocNum":5,"LatDeg":26,"LatMin":57,"LatSec":22.199999999999999,"LatDir":"N","LonDeg":80,"LonMin":5,"LonSec":10.5,"LonDir":"W","LocAdd":"136 Bridge Road (104482)","LocCity":"JUPITER","LocCounty":"PALM BEACH","LocState":"FL","Nepa":"N","QZone":"0        NaN\n1        NaN\n2        NaN\n3        NaN\n4        NaN\n        ... \n24924    NaN\n24925    NaN\n24926    NaN\n24927    NaN\n24928    NaN\nName: 36, Length: 24929, dtype: object","TowReg":0,"SupStruc":40.200000000000003,"AllStruc":40.200000000000003,"StrucType":"B","LicStatus":"A","latdec":26.9561666667,"londec":-80.086250000000007,"url":"http://wireless2.fcc.gov/UlsApp/UlsSearch/licenseLocSum.jsp?licKey=12263"}},{"type":"Feature","id":389,"geometry":{"type":"Point","coordinates":[-80.05594444417352,26.593277777706248]},"properties":{"FID":389,"OBJECTID":7235,"UniqSysID":12263,"Licensee":"NEW CINGULAR WIRELESS PCS, LLC","Callsign":"KNKA355","LocNum":9,"LatDeg":26,"LatMin":35,"LatSec":35.799999999999997,"LatDir":"N","LonDeg":80,"LonMin":3,"LonSec":21.399999999999999,"LonDir":"W","LocAdd":"604 HILLBRATH DRIVE","LocCity":"LANTANA","LocCounty":"PALM BEACH","LocState":"FL","Nepa":"N","QZone":"0        NaN\n1        NaN\n2        NaN\n3        NaN\n4        NaN\n        ... \n24924    NaN\n24925    NaN\n24926    NaN\n24927    NaN\n24928    NaN\nName: 36, Length: 24929, dtype: object","TowReg":1030029,"SupStruc":45.700000000000003,"AllStruc":47.200000000000003,"StrucType":"B","LicStatus":"A","latdec":26.593277777800001,"londec":-80.055944444399998,"url":"http://wireless2.fcc.gov/UlsApp/UlsSearch/licenseLocSum.jsp?licKey=12263"}},{"type":"Feature","id":390,"geometry":{"type":"Point","coordinates":[-80.084333332565677,26.350166666051564]},"properties":{"FID":390,"OBJECTID":7236,"UniqSysID":12263,"Licensee":"NEW CINGULAR WIRELESS PCS, LLC","Callsign":"KNKA355","LocNum":10,"LatDeg":26,"LatMin":21,"LatSec":0.59999999999999998,"LatDir":"N","LonDeg":80,"LonMin":5,"LonSec":3.6000000000000001,"LonDir":"W","LocAdd":"150 E PALMETTO PARK RD (7275)","LocCity":"BOCA RATON","LocCounty":"PALM BEACH","LocState":"FL","Nepa":"N","QZone":"0        NaN\n1        NaN\n2        NaN\n3        NaN\n4        NaN\n        ... \n24924    NaN\n24925    NaN\n24926    NaN\n24927    NaN\n24928    NaN\nName: 36, Length: 24929, dtype: object","TowReg":0,"SupStruc":39.600000000000001,"AllStruc":42.399999999999999,"StrucType":"B","LicStatus":"A","latdec":26.350166666700002,"londec":-80.084333333299995,"url":"http://wireless2.fcc.gov/UlsApp/UlsSearch/licenseLocSum.jsp?licKey=12263"}},{"type":"Feature","id":391,"geometry":{"type":"Point","coordinates":[-80.641083332573317,26.8344444441571]},"properties":{"FID":391,"OBJECTID":7237,"UniqSysID":12263,"Licensee":"NEW CINGULAR WIRELESS PCS, LLC","Callsign":"KNKA355","LocNum":13,"LatDeg":26,"LatMin":50,"LatSec":4,"LatDir":"N","LonDeg":80,"LonMin":38,"LonSec":27.899999999999999,"LonDir":"W","LocAdd":"640 STATE MARKET ROAD (7327)","LocCity":"PAHOKEE","LocCounty":"PALM BEACH","LocState":"FL","Nepa":"N","QZone":"0        NaN\n1        NaN\n2        NaN\n3        NaN\n4        NaN\n        ... \n24924    NaN\n24925    NaN\n24926    NaN\n24927    NaN\n24928    NaN\nName: 36, Length: 24929, dtype: object","TowReg":1003083,"SupStruc":79.200000000000003,"AllStruc":85,"StrucType":"LTOWER","LicStatus":"A","latdec":26.834444444399999,"londec":-80.641083333300003,"url":"http://wireless2.fcc.gov/UlsApp/UlsSearch/licenseLocSum.jsp?licKey=12263"}},{"type":"Feature","id":392,"geometry":{"type":"Point","coordinates":[-80.542583332960817,26.337611110974365]},"properties":{"FID":392,"OBJECTID":7238,"UniqSysID":12263,"Licensee":"NEW CINGULAR WIRELESS PCS, LLC","Callsign":"KNKA355","LocNum":19,"LatDeg":26,"LatMin":20,"LatSec":15.4,"LatDir":"N","LonDeg":80,"LonMin":32,"LonSec":33.299999999999997,"LonDir":"W","LocAdd":"22953 US HIGHWAY 27 (62015)","LocCity":"SOUTH BAY","LocCounty":"PALM BEACH","LocState":"FL","Nepa":"N","QZone":"0        NaN\n1        NaN\n2        NaN\n3        NaN\n4        NaN\n        ... \n24924    NaN\n24925    NaN\n24926    NaN\n24927    NaN\n24928    NaN\nName: 36, Length: 24929, dtype: object","TowReg":1030010,"SupStruc":80.799999999999997,"AllStruc":82.299999999999997,"StrucType":"GTOWER","LicStatus":"A","latdec":26.337611111099999,"londec":-80.542583333300001,"url":"http://wireless2.fcc.gov/UlsApp/UlsSearch/licenseLocSum.jsp?licKey=12263"}},{"type":"Feature","id":393,"geometry":{"type":"Point","coordinates":[-80.069583333367007,26.513972222067309]},"properties":{"FID":393,"OBJECTID":7239,"UniqSysID":12263,"Licensee":"NEW CINGULAR WIRELESS PCS, LLC","Callsign":"KNKA355","LocNum":20,"LatDeg":26,"LatMin":30,"LatSec":50.299999999999997,"LatDir":"N","LonDeg":80,"LonMin":4,"LonSec":10.5,"LonDir":"W","LocAdd":"300 WOOLBRIGHT RD (7312)","LocCity":"Boynton Beach","LocCounty":"PALM BEACH","LocState":"FL","Nepa":"N","QZone":"0        NaN\n1        NaN\n2        NaN\n3        NaN\n4        NaN\n        ... \n24924    NaN\n24925    NaN\n24926    NaN\n24927    NaN\n24928    NaN\nName: 36, Length: 24929, dtype: object","TowReg":0,"SupStruc":47.200000000000003,"AllStruc":47.200000000000003,"StrucType":"MTOWER","LicStatus":"A","latdec":26.5139722222,"londec":-80.069583333300002,"url":"http://wireless2.fcc.gov/UlsApp/UlsSearch/licenseLocSum.jsp?licKey=12263"}},{"type":"Feature","id":394,"geometry":{"type":"Point","coordinates":[-80.075166667386668,26.855833333021963]},"properties":{"FID":394,"OBJECTID":7240,"UniqSysID":12263,"Licensee":"NEW CINGULAR WIRELESS PCS, LLC","Callsign":"KNKA355","LocNum":21,"LatDeg":26,"LatMin":51,"LatSec":21,"LatDir":"N","LonDeg":80,"LonMin":4,"LonSec":30.600000000000001,"LonDir":"W","LocAdd":"2575 Lone Pine Road (125291)","LocCity":"Palm Beach Gardens","LocCounty":"PALM BEACH","LocState":"FL","Nepa":"N","QZone":"0        NaN\n1        NaN\n2        NaN\n3        NaN\n4        NaN\n        ... \n24924    NaN\n24925    NaN\n24926    NaN\n24927    NaN\n24928    NaN\nName: 36, Length: 24929, dtype: object","TowReg":1288860,"SupStruc":30.5,"AllStruc":30.5,"StrucType":"MTOWER","LicStatus":"A","latdec":26.855833333300001,"londec":-80.075166666699999,"url":"http://wireless2.fcc.gov/UlsApp/UlsSearch/licenseLocSum.jsp?licKey=12263"}},{"type":"Feature","id":395,"geometry":{"type":"Point","coordinates":[-80.050833332939192,26.727777778328004]},"properties":{"FID":395,"OBJECTID":7241,"UniqSysID":12263,"Licensee":"NEW CINGULAR WIRELESS PCS, LLC","Callsign":"KNKA355","LocNum":27,"LatDeg":26,"LatMin":43,"LatSec":40,"LatDir":"N","LonDeg":80,"LonMin":3,"LonSec":3,"LonDir":"W","LocAdd":"1617 N FLAGLER DR (7354)","LocCity":"Palm Beach","LocCounty":"PALM BEACH","LocState":"FL","Nepa":"N","QZone":"0        NaN\n1        NaN\n2        NaN\n3        NaN\n4        NaN\n        ... \n24924    NaN\n24925    NaN\n24926    NaN\n24927    NaN\n24928    NaN\nName: 36, Length: 24929, dtype: object","TowReg":0,"SupStruc":37.5,"AllStruc":39.600000000000001,"StrucType":"B","LicStatus":"A","latdec":26.7277777778,"londec":-80.050833333300005,"url":"http://wireless2.fcc.gov/UlsApp/UlsSearch/licenseLocSum.jsp?licKey=12263"}},{"type":"Feature","id":396,"geometry":{"type":"Point","coordinates":[-80.981027778333271,26.431277778095534]},"properties":{"FID":396,"OBJECTID":7242,"UniqSysID":12263,"Licensee":"NEW CINGULAR WIRELESS PCS, LLC","Callsign":"KNKA355","LocNum":28,"LatDeg":26,"LatMin":25,"LatSec":52.600000000000001,"LatDir":"N","LonDeg":80,"LonMin":58,"LonSec":51.700000000000003,"LonDir":"W","LocAdd":"1875 MCDANIELS RANCH ROAD (6755)","LocCity":"CLEWISTON","LocCounty":"HENDRY","LocState":"FL","Nepa":"N","QZone":"0        NaN\n1        NaN\n2        NaN\n3        NaN\n4        NaN\n        ... \n24924    NaN\n24925    NaN\n24926    NaN\n24927    NaN\n24928    NaN\nName: 36, Length: 24929, dtype: object","TowReg":1022174,"SupStruc":85,"AllStruc":92.700000000000003,"StrucType":"GTOWER","LicStatus":"A","latdec":26.431277777799998,"londec":-80.981027777799994,"url":"http://wireless2.fcc.gov/UlsApp/UlsSearch/licenseLocSum.jsp?licKey=12263"}},{"type":"Feature","id":397,"geometry":{"type":"Point","coordinates":[-80.225111110907335,26.333388889400396]},"properties":{"FID":397,"OBJECTID":7243,"UniqSysID":12263,"Licensee":"NEW CINGULAR WIRELESS PCS, LLC","Callsign":"KNKA355","LocNum":30,"LatDeg":26,"LatMin":20,"LatSec":0.20000000000000001,"LatDir":"N","LonDeg":80,"LonMin":13,"LonSec":30.399999999999999,"LonDir":"W","LocAdd":"7341 LOX RD (57072)","LocCity":"Parkland","LocCounty":"BROWARD","LocState":"FL","Nepa":"N","QZone":"0        NaN\n1        NaN\n2        NaN\n3        NaN\n4        NaN\n        ... \n24924    NaN\n24925    NaN\n24926    NaN\n24927    NaN\n24928    NaN\nName: 36, Length: 24929, dtype: object","TowReg":1279506,"SupStruc":50.299999999999997,"AllStruc":53.299999999999997,"StrucType":"LTOWER","LicStatus":"A","latdec":26.3333888889,"londec":-80.225111111100006,"url":"http://wireless2.fcc.gov/UlsApp/UlsSearch/licenseLocSum.jsp?licKey=12263"}},{"type":"Feature","id":398,"geometry":{"type":"Point","coordinates":[-80.273194444399508,26.910333332805521]},"properties":{"FID":398,"OBJECTID":7244,"UniqSysID":12263,"Licensee":"NEW CINGULAR WIRELESS PCS, LLC","Callsign":"KNKA355","LocNum":31,"LatDeg":26,"LatMin":54,"LatSec":37.200000000000003,"LatDir":"N","LonDeg":80,"LonMin":16,"LonSec":23.5,"LonDir":"W","LocAdd":"15791 CORPORATE CIRCLE (62051)","LocCity":"JUPITER","LocCounty":"PALM BEACH","LocState":"FL","Nepa":"N","QZone":"0        NaN\n1        NaN\n2        NaN\n3        NaN\n4        NaN\n        ... \n24924    NaN\n24925    NaN\n24926    NaN\n24927    NaN\n24928    NaN\nName: 36, Length: 24929, dtype: object","TowReg":1030846,"SupStruc":61.299999999999997,"AllStruc":61.600000000000001,"StrucType":"LTOWER","LicStatus":"A","latdec":26.910333333299999,"londec":-80.273194444400005,"url":"http://wireless2.fcc.gov/UlsApp/UlsSearch/licenseLocSum.jsp?licKey=12263"}},{"type":"Feature","id":399,"geometry":{"type":"Point","coordinates":[-80.081611111166353,26.393222221760539]},"properties":{"FID":399,"OBJECTID":7245,"UniqSysID":12263,"Licensee":"NEW CINGULAR WIRELESS PCS, LLC","Callsign":"KNKA355","LocNum":32,"LatDeg":26,"LatMin":23,"LatSec":35.600000000000001,"LatDir":"N","LonDeg":80,"LonMin":4,"LonSec":53.799999999999997,"LonDir":"W","LocAdd":"150 NW 51 STREET (62059)","LocCity":"BOCA RATON","LocCounty":"PALM BEACH","LocState":"FL","Nepa":"N","QZone":"0        NaN\n1        NaN\n2        NaN\n3        NaN\n4        NaN\n        ... \n24924    NaN\n24925    NaN\n24926    NaN\n24927    NaN\n24928    NaN\nName: 36, Length: 24929, dtype: object","TowReg":1029124,"SupStruc":38.399999999999999,"AllStruc":38.700000000000003,"StrucType":"MTOWER","LicStatus":"A","latdec":26.393222222199999,"londec":-80.081611111100003,"url":"http://wireless2.fcc.gov/UlsApp/UlsSearch/licenseLocSum.jsp?licKey=12263"}},{"type":"Feature","id":400,"geometry":{"type":"Point","coordinates":[-80.103583332585742,26.931166666907075]},"properties":{"FID":400,"OBJECTID":7246,"UniqSysID":12263,"Licensee":"NEW CINGULAR WIRELESS PCS, LLC","Callsign":"KNKA355","LocNum":33,"LatDeg":26,"LatMin":55,"LatSec":52.200000000000003,"LatDir":"N","LonDeg":80,"LonMin":6,"LonSec":12.9,"LonDir":"W","LocAdd":"210 N. MILITARY TRAIL (7313)","LocCity":"JUPITER","LocCounty":"PALM BEACH","LocState":"FL","Nepa":"N","QZone":"0        NaN\n1        NaN\n2        NaN\n3        NaN\n4        NaN\n        ... \n24924    NaN\n24925    NaN\n24926    NaN\n24927    NaN\n24928    NaN\nName: 36, Length: 24929, dtype: object","TowReg":0,"SupStruc":45.700000000000003,"AllStruc":52.100000000000001,"StrucType":"MTOWER","LicStatus":"A","latdec":26.931166666700001,"londec":-80.103583333299994,"url":"http://wireless2.fcc.gov/UlsApp/UlsSearch/licenseLocSum.jsp?licKey=12263"}},{"type":"Feature","id":401,"geometry":{"type":"Point","coordinates":[-80.933638889268025,26.752777777913877]},"properties":{"FID":401,"OBJECTID":7247,"UniqSysID":12263,"Licensee":"NEW CINGULAR WIRELESS PCS, LLC","Callsign":"KNKA355","LocNum":34,"LatDeg":26,"LatMin":45,"LatSec":10,"LatDir":"N","LonDeg":80,"LonMin":56,"LonSec":1.1000000000000001,"LonDir":"W","LocAdd":"113 E VENTURA AVE (71356)","LocCity":"CLEWISTON","LocCounty":"HENDRY","LocState":"FL","Nepa":"N","QZone":"0        NaN\n1        NaN\n2        NaN\n3        NaN\n4        NaN\n        ... \n24924    NaN\n24925    NaN\n24926    NaN\n24927    NaN\n24928    NaN\nName: 36, Length: 24929, dtype: object","TowReg":1028848,"SupStruc":59.700000000000003,"AllStruc":64.299999999999997,"StrucType":"LTOWER","LicStatus":"A","latdec":26.752777777799999,"londec":-80.933638888900006,"url":"http://wireless2.fcc.gov/UlsApp/UlsSearch/licenseLocSum.jsp?licKey=12263"}},{"type":"Feature","id":402,"geometry":{"type":"Point","coordinates":[-81.807361110838485,27.761416666130913]},"properties":{"FID":402,"OBJECTID":7583,"UniqSysID":12285,"Licensee":"NEW CINGULAR WIRELESS PCS, LLC","Callsign":"KNKA457","LocNum":8,"LatDeg":27,"LatMin":45,"LatSec":41.100000000000001,"LatDir":"N","LonDeg":81,"LonMin":48,"LonSec":26.5,"LonDir":"W","LocAdd":"823 NORTH PALMETTO AVENUE (7591)","LocCity":"FT. MEADE","LocCounty":"POLK","LocState":"FL","Nepa":"N","QZone":"0        NaN\n1        NaN\n2        NaN\n3        NaN\n4        NaN\n        ... \n24924    NaN\n24925    NaN\n24926    NaN\n24927    NaN\n24928    NaN\nName: 36, Length: 24929, dtype: object","TowReg":0,"SupStruc":56.100000000000001,"AllStruc":57,"StrucType":"LTOWER","LicStatus":"A","latdec":27.761416666700001,"londec":-81.807361111099993,"url":"http://wireless2.fcc.gov/UlsApp/UlsSearch/licenseLocSum.jsp?licKey=12285"}},{"type":"Feature","id":403,"geometry":{"type":"Point","coordinates":[-81.835166667421106,28.293944444644183]},"properties":{"FID":403,"OBJECTID":7584,"UniqSysID":12285,"Licensee":"NEW CINGULAR WIRELESS PCS, LLC","Callsign":"KNKA457","LocNum":11,"LatDeg":28,"LatMin":17,"LatSec":38.200000000000003,"LatDir":"N","LonDeg":81,"LonMin":50,"LonSec":6.5999999999999996,"LonDir":"W","LocAdd":"16182 Commonwealth Avenue North (92001)","LocCity":"POLK CITY","LocCounty":"POLK","LocState":"FL","Nepa":"N","QZone":"0        NaN\n1        NaN\n2        NaN\n3        NaN\n4        NaN\n        ... \n24924    NaN\n24925    NaN\n24926    NaN\n24927    NaN\n24928    NaN\nName: 36, Length: 24929, dtype: object","TowReg":1030294,"SupStruc":66.400000000000006,"AllStruc":71.599999999999994,"StrucType":"LTOWER","LicStatus":"A","latdec":28.293944444400001,"londec":-81.835166666700005,"url":"http://wireless2.fcc.gov/UlsApp/UlsSearch/licenseLocSum.jsp?licKey=12285"}},{"type":"Feature","id":404,"geometry":{"type":"Point","coordinates":[-81.578333333058367,28.215555555985418]},"properties":{"FID":404,"OBJECTID":7585,"UniqSysID":12285,"Licensee":"NEW CINGULAR WIRELESS PCS, LLC","Callsign":"KNKA457","LocNum":14,"LatDeg":28,"LatMin":12,"LatSec":56,"LatDir":"N","LonDeg":81,"LonMin":34,"LonSec":42,"LonDir":"W","LocAdd":"4141 North Highway 17-92 (80838)","LocCity":"Davenport","LocCounty":"POLK","LocState":"FL","Nepa":"N","QZone":"0        NaN\n1        NaN\n2        NaN\n3        NaN\n4        NaN\n        ... \n24924    NaN\n24925    NaN\n24926    NaN\n24927    NaN\n24928    NaN\nName: 36, Length: 24929, dtype: object","TowReg":1212028,"SupStruc":62.5,"AllStruc":67.400000000000006,"StrucType":"LTOWER","LicStatus":"A","latdec":28.215555555600002,"londec":-81.578333333299994,"url":"http://wireless2.fcc.gov/UlsApp/UlsSearch/licenseLocSum.jsp?licKey=12285"}},{"type":"Feature","id":405,"geometry":{"type":"Point","coordinates":[-82.028388888855318,27.922444443605571]},"properties":{"FID":405,"OBJECTID":7586,"UniqSysID":12285,"Licensee":"NEW CINGULAR WIRELESS PCS, LLC","Callsign":"KNKA457","LocNum":15,"LatDeg":27,"LatMin":55,"LatSec":20.800000000000001,"LatDir":"N","LonDeg":82,"LonMin":1,"LonSec":42.200000000000003,"LonDir":"W","LocAdd":"4335 US HWY 60 WEST (67191)","LocCity":"MULBERRY","LocCounty":"POLK","LocState":"FL","Nepa":"N","QZone":"0        NaN\n1        NaN\n2        NaN\n3        NaN\n4        NaN\n        ... \n24924    NaN\n24925    NaN\n24926    NaN\n24927    NaN\n24928    NaN\nName: 36, Length: 24929, dtype: object","TowReg":1048943,"SupStruc":50.899999999999999,"AllStruc":52.700000000000003,"StrucType":"MTOWER","LicStatus":"A","latdec":27.9224444444,"londec":-82.028388888899997,"url":"http://wireless2.fcc.gov/UlsApp/UlsSearch/licenseLocSum.jsp?licKey=12285"}},{"type":"Feature","id":406,"geometry":{"type":"Point","coordinates":[-81.528250000298954,27.734999999643549]},"properties":{"FID":406,"OBJECTID":7587,"UniqSysID":12285,"Licensee":"NEW CINGULAR WIRELESS PCS, LLC","Callsign":"KNKA457","LocNum":18,"LatDeg":27,"LatMin":44,"LatSec":6,"LatDir":"N","LonDeg":81,"LonMin":31,"LonSec":41.700000000000003,"LonDir":"W","LocAdd":"121 EAST 9TH STREET (7589)","LocCity":"FROSTPROOF","LocCounty":"POLK","LocState":"FL","Nepa":"N","QZone":"0        NaN\n1        NaN\n2        NaN\n3        NaN\n4        NaN\n        ... \n24924    NaN\n24925    NaN\n24926    NaN\n24927    NaN\n24928    NaN\nName: 36, Length: 24929, dtype: object","TowReg":0,"SupStruc":55.5,"AllStruc":56.100000000000001,"StrucType":"LTOWER","LicStatus":"A","latdec":27.734999999999999,"londec":-81.52825,"url":"http://wireless2.fcc.gov/UlsApp/UlsSearch/licenseLocSum.jsp?licKey=12285"}},{"type":"Feature","id":407,"geometry":{"type":"Point","coordinates":[-82.035166665995916,28.080694445362383]},"properties":{"FID":407,"OBJECTID":7588,"UniqSysID":12285,"Licensee":"NEW CINGULAR WIRELESS PCS, LLC","Callsign":"KNKA457","LocNum":20,"LatDeg":28,"LatMin":4,"LatSec":50.5,"LatDir":"N","LonDeg":82,"LonMin":2,"LonSec":6.5999999999999996,"LonDir":"W","LocAdd":"4336 KNIGHTS STATION RD (7601)","LocCity":"LAKELAND","LocCounty":"POLK","LocState":"FL","Nepa":"N","QZone":"0        NaN\n1        NaN\n2        NaN\n3        NaN\n4        NaN\n        ... \n24924    NaN\n24925    NaN\n24926    NaN\n24927    NaN\n24928    NaN\nName: 36, Length: 24929, dtype: object","TowReg":1000413,"SupStruc":62.200000000000003,"AllStruc":62.799999999999997,"StrucType":"LTOWER","LicStatus":"A","latdec":28.080694444399999,"londec":-82.035166666699993,"url":"http://wireless2.fcc.gov/UlsApp/UlsSearch/licenseLocSum.jsp?licKey=12285"}},{"type":"Feature","id":408,"geometry":{"type":"Point","coordinates":[-81.311250000318182,27.80750000025489]},"properties":{"FID":408,"OBJECTID":7589,"UniqSysID":12285,"Licensee":"NEW CINGULAR WIRELESS PCS, LLC","Callsign":"KNKA457","LocNum":21,"LatDeg":27,"LatMin":48,"LatSec":27,"LatDir":"N","LonDeg":81,"LonMin":18,"LonSec":40.5,"LonDir":"W","LocAdd":"18875 STATE ROAD 60 (7603)","LocCity":"Frostproof","LocCounty":"POLK","LocState":"FL","Nepa":"N","QZone":"0        NaN\n1        NaN\n2        NaN\n3        NaN\n4        NaN\n        ... \n24924    NaN\n24925    NaN\n24926    NaN\n24927    NaN\n24928    NaN\nName: 36, Length: 24929, dtype: object","TowReg":1217466,"SupStruc":76.200000000000003,"AllStruc":78.599999999999994,"StrucType":"LTOWER","LicStatus":"A","latdec":27.807500000000001,"londec":-81.311250000000001,"url":"http://wireless2.fcc.gov/UlsApp/UlsSearch/licenseLocSum.jsp?licKey=12285"}},{"type":"Feature","id":409,"geometry":{"type":"Point","coordinates":[-81.540583332855704,28.039555555805066]},"properties":{"FID":409,"OBJECTID":7590,"UniqSysID":12285,"Licensee":"NEW CINGULAR WIRELESS PCS, LLC","Callsign":"KNKA457","LocNum":22,"LatDeg":28,"LatMin":2,"LatSec":22.399999999999999,"LatDir":"N","LonDeg":81,"LonMin":32,"LonSec":26.100000000000001,"LonDir":"W","LocAdd":"8005 LAKE HATCHINEHA RD  (15308)","LocCity":"HAINES CITY","LocCounty":"POLK","LocState":"FL","Nepa":"N","QZone":"0        NaN\n1        NaN\n2        NaN\n3        NaN\n4        NaN\n        ... \n24924    NaN\n24925    NaN\n24926    NaN\n24927    NaN\n24928    NaN\nName: 36, Length: 24929, dtype: object","TowReg":1225724,"SupStruc":76.5,"AllStruc":78.299999999999997,"StrucType":"LTOWER","LicStatus":"A","latdec":28.0395555556,"londec":-81.540583333300006,"url":"http://wireless2.fcc.gov/UlsApp/UlsSearch/licenseLocSum.jsp?licKey=12285"}},{"type":"Feature","id":410,"geometry":{"type":"Point","coordinates":[-81.484666666729822,28.140916667386648]},"properties":{"FID":410,"OBJECTID":7591,"UniqSysID":12285,"Licensee":"NEW CINGULAR WIRELESS PCS, LLC","Callsign":"KNKA457","LocNum":23,"LatDeg":28,"LatMin":8,"LatSec":27.300000000000001,"LatDir":"N","LonDeg":81,"LonMin":29,"LonSec":4.7999999999999998,"LonDir":"W","LocAdd":"28 South Laurel Ave. (81990)","LocCity":"Poinciana","LocCounty":"POLK","LocState":"FL","Nepa":"N","QZone":"0        NaN\n1        NaN\n2        NaN\n3        NaN\n4        NaN\n        ... \n24924    NaN\n24925    NaN\n24926    NaN\n24927    NaN\n24928    NaN\nName: 36, Length: 24929, dtype: object","TowReg":1222708,"SupStruc":56.399999999999999,"AllStruc":60.700000000000003,"StrucType":"MTOWER","LicStatus":"A","latdec":28.140916666700001,"londec":-81.484666666699994,"url":"http://wireless2.fcc.gov/UlsApp/UlsSearch/licenseLocSum.jsp?licKey=12285"}},{"type":"Feature","id":411,"geometry":{"type":"Point","coordinates":[-81.682333332676592,28.310333334004667]},"properties":{"FID":411,"OBJECTID":7592,"UniqSysID":12285,"Licensee":"NEW CINGULAR WIRELESS PCS, LLC","Callsign":"KNKA457","LocNum":25,"LatDeg":28,"LatMin":18,"LatSec":37.200000000000003,"LatDir":"N","LonDeg":81,"LonMin":40,"LonSec":56.399999999999999,"LonDir":"W","LocAdd":"4949 SAND MINE RD. (134137)","LocCity":"Bay Lake","LocCounty":"POLK","LocState":"FL","Nepa":"N","QZone":"0        NaN\n1        NaN\n2        NaN\n3        NaN\n4        NaN\n        ... \n24924    NaN\n24925    NaN\n24926    NaN\n24927    NaN\n24928    NaN\nName: 36, Length: 24929, dtype: object","TowReg":1247320,"SupStruc":57.600000000000001,"AllStruc":61,"StrucType":"MTOWER","LicStatus":"A","latdec":28.310333333300001,"londec":-81.682333333299994,"url":"http://wireless2.fcc.gov/UlsApp/UlsSearch/licenseLocSum.jsp?licKey=12285"}},{"type":"Feature","id":412,"geometry":{"type":"Point","coordinates":[-81.64874999993441,28.21669444468148]},"properties":{"FID":412,"OBJECTID":7593,"UniqSysID":12285,"Licensee":"NEW CINGULAR WIRELESS PCS, LLC","Callsign":"KNKA457","LocNum":26,"LatDeg":28,"LatMin":13,"LatSec":0.10000000000000001,"LatDir":"N","LonDeg":81,"LonMin":38,"LonSec":55.5,"LonDir":"W","LocAdd":"2800 MINUTE MAID RAMP RD #3 (67179)","LocCity":"DAVEN PORT","LocCounty":"POLK","LocState":"FL","Nepa":"N","QZone":"0        NaN\n1        NaN\n2        NaN\n3        NaN\n4        NaN\n        ... \n24924    NaN\n24925    NaN\n24926    NaN\n24927    NaN\n24928    NaN\nName: 36, Length: 24929, dtype: object","TowReg":1020886,"SupStruc":121.90000000000001,"AllStruc":126.8,"StrucType":"GTOWER","LicStatus":"A","latdec":28.216694444400002,"londec":-81.648750000000007,"url":"http://wireless2.fcc.gov/UlsApp/UlsSearch/licenseLocSum.jsp?licKey=12285"}},{"type":"Feature","id":413,"geometry":{"type":"Point","coordinates":[-82.052944444944615,28.008361111322756]},"properties":{"FID":413,"OBJECTID":7594,"UniqSysID":12285,"Licensee":"NEW CINGULAR WIRELESS PCS, LLC","Callsign":"KNKA457","LocNum":27,"LatDeg":28,"LatMin":0,"LatSec":30.100000000000001,"LatDir":"N","LonDeg":82,"LonMin":3,"LonSec":10.6,"LonDir":"W","LocAdd":"5301 Gateway Blvd. (7596)","LocCity":"Lakeland","LocCounty":"POLK","LocState":"FL","Nepa":"N","QZone":"0        NaN\n1        NaN\n2        NaN\n3        NaN\n4        NaN\n        ... \n24924    NaN\n24925    NaN\n24926    NaN\n24927    NaN\n24928    NaN\nName: 36, Length: 24929, dtype: object","TowReg":1230180,"SupStruc":34.100000000000001,"AllStruc":34.100000000000001,"StrucType":"MTOWER","LicStatus":"A","latdec":28.008361111100001,"londec":-82.052944444399998,"url":"http://wireless2.fcc.gov/UlsApp/UlsSearch/licenseLocSum.jsp?licKey=12285"}},{"type":"Feature","id":414,"geometry":{"type":"Point","coordinates":[-81.928138889322668,27.892249999791716]},"properties":{"FID":414,"OBJECTID":7595,"UniqSysID":12285,"Licensee":"NEW CINGULAR WIRELESS PCS, LLC","Callsign":"KNKA457","LocNum":28,"LatDeg":27,"LatMin":53,"LatSec":32.100000000000001,"LatDir":"N","LonDeg":81,"LonMin":55,"LonSec":41.299999999999997,"LonDir":"W","LocAdd":"3595 Hwy 60 West (67169)","LocCity":"MULBERRY","LocCounty":"POLK","LocState":"FL","Nepa":"N","QZone":"0        NaN\n1        NaN\n2        NaN\n3        NaN\n4        NaN\n        ... \n24924    NaN\n24925    NaN\n24926    NaN\n24927    NaN\n24928    NaN\nName: 36, Length: 24929, dtype: object","TowReg":1047966,"SupStruc":76.200000000000003,"AllStruc":78.299999999999997,"StrucType":"LTOWER","LicStatus":"A","latdec":27.892250000000001,"londec":-81.928138888899994,"url":"http://wireless2.fcc.gov/UlsApp/UlsSearch/licenseLocSum.jsp?licKey=12285"}},{"type":"Feature","id":415,"geometry":{"type":"Point","coordinates":[-82.013611111053081,28.212777778302154]},"properties":{"FID":415,"OBJECTID":7596,"UniqSysID":12285,"Licensee":"NEW CINGULAR WIRELESS PCS, LLC","Callsign":"KNKA457","LocNum":29,"LatDeg":28,"LatMin":12,"LatSec":46,"LatDir":"N","LonDeg":82,"LonMin":0,"LonSec":49,"LonDir":"W","LocAdd":"11637 US HIGWAY 98 NORTH (67188)","LocCity":"LAKELAND","LocCounty":"POLK","LocState":"FL","Nepa":"N","QZone":"0        NaN\n1        NaN\n2        NaN\n3        NaN\n4        NaN\n        ... \n24924    NaN\n24925    NaN\n24926    NaN\n24927    NaN\n24928    NaN\nName: 36, Length: 24929, dtype: object","TowReg":1060692,"SupStruc":91,"AllStruc":99.099999999999994,"StrucType":"GTOWER","LicStatus":"A","latdec":28.2127777778,"londec":-82.013611111100005,"url":"http://wireless2.fcc.gov/UlsApp/UlsSearch/licenseLocSum.jsp?licKey=12285"}},{"type":"Feature","id":416,"geometry":{"type":"Point","coordinates":[-82.033666666321039,27.594027776835844]},"properties":{"FID":416,"OBJECTID":7597,"UniqSysID":12285,"Licensee":"NEW CINGULAR WIRELESS PCS, LLC","Callsign":"KNKA457","LocNum":30,"LatDeg":27,"LatMin":35,"LatSec":38.5,"LatDir":"N","LonDeg":82,"LonMin":2,"LonSec":1.2,"LonDir":"W","LocAdd":"7635 SR 62 (139046)","LocCity":"Bowling Green","LocCounty":"HARDEE","LocState":"FL","Nepa":"N","QZone":"0        NaN\n1        NaN\n2        NaN\n3        NaN\n4        NaN\n        ... \n24924    NaN\n24925    NaN\n24926    NaN\n24927    NaN\n24928    NaN\nName: 36, Length: 24929, dtype: object","TowReg":1201039,"SupStruc":86.900000000000006,"AllStruc":91.099999999999994,"StrucType":"GTOWER","LicStatus":"A","latdec":27.594027777800001,"londec":-82.0336666667,"url":"http://wireless2.fcc.gov/UlsApp/UlsSearch/licenseLocSum.jsp?licKey=12285"}},{"type":"Feature","id":417,"geometry":{"type":"Point","coordinates":[-81.533111111288235,27.770055555673309]},"properties":{"FID":417,"OBJECTID":7598,"UniqSysID":12286,"Licensee":"ALLTEL Corporation","Callsign":"KNKA383","LocNum":2,"LatDeg":27,"LatMin":46,"LatSec":12.199999999999999,"LatDir":"N","LonDeg":81,"LonMin":31,"LonSec":59.200000000000003,"LonDir":"W","LocAdd":"561 Mullinsville Road","LocCity":"FROSTPROOF","LocCounty":"POLK","LocState":"FL","Nepa":"N","QZone":"0        NaN\n1        NaN\n2        NaN\n3        NaN\n4        NaN\n        ... \n24924    NaN\n24925    NaN\n24926    NaN\n24927    NaN\n24928    NaN\nName: 36, Length: 24929, dtype: object","TowReg":1012037,"SupStruc":86.599999999999994,"AllStruc":91.700000000000003,"StrucType":"TOWER","LicStatus":"A","latdec":27.770055555599999,"londec":-81.533111111099998,"url":"http://wireless2.fcc.gov/UlsApp/UlsSearch/licenseLocSum.jsp?licKey=12286"}},{"type":"Feature","id":418,"geometry":{"type":"Point","coordinates":[-81.898638889128733,27.733861111277008]},"properties":{"FID":418,"OBJECTID":7599,"UniqSysID":12286,"Licensee":"ALLTEL Corporation","Callsign":"KNKA383","LocNum":6,"LatDeg":27,"LatMin":44,"LatSec":1.8999999999999999,"LatDir":"N","LonDeg":81,"LonMin":53,"LonSec":55.100000000000001,"LonDir":"W","LocAdd":"6200 OLD BREWSTER RD","LocCity":"FORT MEADE","LocCounty":"POLK","LocState":"FL","Nepa":"N","QZone":"0        NaN\n1        NaN\n2        NaN\n3        NaN\n4        NaN\n        ... \n24924    NaN\n24925    NaN\n24926    NaN\n24927    NaN\n24928    NaN\nName: 36, Length: 24929, dtype: object","TowReg":1012032,"SupStruc":86.900000000000006,"AllStruc":90.799999999999997,"StrucType":"TOWER","LicStatus":"A","latdec":27.733861111100001,"londec":-81.898638888899995,"url":"http://wireless2.fcc.gov/UlsApp/UlsSearch/licenseLocSum.jsp?licKey=12286"}},{"type":"Feature","id":419,"geometry":{"type":"Point","coordinates":[-81.994805555214839,27.902805555739803]},"properties":{"FID":419,"OBJECTID":7600,"UniqSysID":12286,"Licensee":"ALLTEL Corporation","Callsign":"KNKA383","LocNum":8,"LatDeg":27,"LatMin":54,"LatSec":10.1,"LatDir":"N","LonDeg":81,"LonMin":59,"LonSec":41.299999999999997,"LonDir":"W","LocAdd":"East side of Prairie Ind Pkwy, North of ST RD 60","LocCity":"MULBERRY","LocCounty":"POLK","LocState":"FL","Nepa":"N","QZone":"0        NaN\n1        NaN\n2        NaN\n3        NaN\n4        NaN\n        ... \n24924    NaN\n24925    NaN\n24926    NaN\n24927    NaN\n24928    NaN\nName: 36, Length: 24929, dtype: object","TowReg":0,"SupStruc":56.399999999999999,"AllStruc":60.700000000000003,"StrucType":"MAST","LicStatus":"A","latdec":27.902805555600001,"londec":-81.994805555599996,"url":"http://wireless2.fcc.gov/UlsApp/UlsSearch/licenseLocSum.jsp?licKey=12286"}},{"type":"Feature","id":420,"geometry":{"type":"Point","coordinates":[-81.819638888883219,28.183944443895712]},"properties":{"FID":420,"OBJECTID":7601,"UniqSysID":12286,"Licensee":"ALLTEL Corporation","Callsign":"KNKA383","LocNum":9,"LatDeg":28,"LatMin":11,"LatSec":2.2000000000000002,"LatDir":"N","LonDeg":81,"LonMin":49,"LonSec":10.699999999999999,"LonDir":"W","LocAdd":"400 ORANGE BLVD","LocCity":"POLK CITY","LocCounty":"POLK","LocState":"FL","Nepa":"N","QZone":"0        NaN\n1        NaN\n2        NaN\n3        NaN\n4        NaN\n        ... \n24924    NaN\n24925    NaN\n24926    NaN\n24927    NaN\n24928    NaN\nName: 36, Length: 24929, dtype: object","TowReg":1012261,"SupStruc":86.900000000000006,"AllStruc":91.099999999999994,"StrucType":"TOWER","LicStatus":"A","latdec":28.183944444400002,"londec":-81.819638888900002,"url":"http://wireless2.fcc.gov/UlsApp/UlsSearch/licenseLocSum.jsp?licKey=12286"}},{"type":"Feature","id":421,"geometry":{"type":"Point","coordinates":[-81.32527777738477,27.815555555990784]},"properties":{"FID":421,"OBJECTID":7602,"UniqSysID":12286,"Licensee":"ALLTEL Corporation","Callsign":"KNKA383","LocNum":10,"LatDeg":27,"LatMin":48,"LatSec":56,"LatDir":"N","LonDeg":81,"LonMin":19,"LonSec":31,"LonDir":"W","LocAdd":"(Indian Lake site) 17401 SR 60 E","LocCity":"LAKE WALES","LocCounty":"POLK","LocState":"FL","Nepa":"N","QZone":"0        NaN\n1        NaN\n2        NaN\n3        NaN\n4        NaN\n        ... \n24924    NaN\n24925    NaN\n24926    NaN\n24927    NaN\n24928    NaN\nName: 36, Length: 24929, dtype: object","TowReg":1012040,"SupStruc":86.900000000000006,"AllStruc":91.099999999999994,"StrucType":"MAST","LicStatus":"A","latdec":27.8155555556,"londec":-81.325277777799997,"url":"http://wireless2.fcc.gov/UlsApp/UlsSearch/licenseLocSum.jsp?licKey=12286"}},{"type":"Feature","id":422,"geometry":{"type":"Point","coordinates":[-81.613972222274754,28.048361110626161]},"properties":{"FID":422,"OBJECTID":7603,"UniqSysID":12286,"Licensee":"ALLTEL Corporation","Callsign":"KNKA383","LocNum":11,"LatDeg":28,"LatMin":2,"LatSec":54.100000000000001,"LatDir":"N","LonDeg":81,"LonMin":36,"LonSec":50.299999999999997,"LonDir":"W","LocAdd":"500 Water Tank Road","LocCity":"Lake Hamilton","LocCounty":"POLK","LocState":"FL","Nepa":"N","QZone":"0        NaN\n1        NaN\n2        NaN\n3        NaN\n4        NaN\n        ... \n24924    NaN\n24925    NaN\n24926    NaN\n24927    NaN\n24928    NaN\nName: 36, Length: 24929, dtype: object","TowReg":0,"SupStruc":43.899999999999999,"AllStruc":43.899999999999999,"StrucType":"MAST","LicStatus":"A","latdec":28.0483611111,"londec":-81.613972222200005,"url":"http://wireless2.fcc.gov/UlsApp/UlsSearch/licenseLocSum.jsp?licKey=12286"}},{"type":"Feature","id":423,"geometry":{"type":"Point","coordinates":[-82.02480555500108,28.13197222232543]},"properties":{"FID":423,"OBJECTID":7604,"UniqSysID":12286,"Licensee":"ALLTEL Corporation","Callsign":"KNKA383","LocNum":19,"LatDeg":28,"LatMin":7,"LatSec":55.100000000000001,"LatDir":"N","LonDeg":82,"LonMin":1,"LonSec":29.300000000000001,"LonDir":"W","LocAdd":"7020 Kathleen Rd.","LocCity":"Lakeland","LocCounty":"POLK","LocState":"FL","Nepa":"N","QZone":"0        NaN\n1        NaN\n2        NaN\n3        NaN\n4        NaN\n        ... \n24924    NaN\n24925    NaN\n24926    NaN\n24927    NaN\n24928    NaN\nName: 36, Length: 24929, dtype: object","TowReg":0,"SupStruc":56.399999999999999,"AllStruc":60.700000000000003,"StrucType":"TOWER","LicStatus":"A","latdec":28.131972222200002,"londec":-82.024805555599997,"url":"http://wireless2.fcc.gov/UlsApp/UlsSearch/licenseLocSum.jsp?licKey=12286"}},{"type":"Feature","id":424,"geometry":{"type":"Point","coordinates":[-80.833222221707445,28.446833332849849]},"properties":{"FID":424,"OBJECTID":7715,"UniqSysID":12297,"Licensee":"New Cingular Wireless PCS, LLC","Callsign":"KNKA406","LocNum":5,"LatDeg":28,"LatMin":26,"LatSec":48.600000000000001,"LatDir":"N","LonDeg":80,"LonMin":49,"LonSec":59.600000000000001,"LonDir":"W","LocAdd":"5599 PINE ST  (6608)","LocCity":"SHARPES","LocCounty":"BREVARD","LocState":"FL","Nepa":"N","QZone":"0        NaN\n1        NaN\n2        NaN\n3        NaN\n4        NaN\n        ... \n24924    NaN\n24925    NaN\n24926    NaN\n24927    NaN\n24928    NaN\nName: 36, Length: 24929, dtype: object","TowReg":1021085,"SupStruc":86.799999999999997,"AllStruc":89,"StrucType":"LTOWER","LicStatus":"A","latdec":28.446833333299999,"londec":-80.833222222200007,"url":"http://wireless2.fcc.gov/UlsApp/UlsSearch/licenseLocSum.jsp?licKey=12297"}},{"type":"Feature","id":425,"geometry":{"type":"Point","coordinates":[-80.595805555392587,28.137611110764794]},"properties":{"FID":425,"OBJECTID":7716,"UniqSysID":12297,"Licensee":"New Cingular Wireless PCS, LLC","Callsign":"KNKA406","LocNum":9,"LatDeg":28,"LatMin":8,"LatSec":15.4,"LatDir":"N","LonDeg":80,"LonMin":35,"LonSec":44.899999999999999,"LonDir":"W","LocAdd":"397 E EAU GALLIE RD   (64720)","LocCity":"MELBOURNE","LocCounty":"BREVARD","LocState":"FL","Nepa":"N","QZone":"0        NaN\n1        NaN\n2        NaN\n3        NaN\n4        NaN\n        ... \n24924    NaN\n24925    NaN\n24926    NaN\n24927    NaN\n24928    NaN\nName: 36, Length: 24929, dtype: object","TowReg":1000684,"SupStruc":61,"AllStruc":61,"StrucType":"MTOWER","LicStatus":"A","latdec":28.1376111111,"londec":-80.595805555599995,"url":"http://wireless2.fcc.gov/UlsApp/UlsSearch/licenseLocSum.jsp?licKey=12297"}},{"type":"Feature","id":426,"geometry":{"type":"Point","coordinates":[-80.56713888905,28.498250000001462]},"properties":{"FID":426,"OBJECTID":7717,"UniqSysID":12297,"Licensee":"New Cingular Wireless PCS, LLC","Callsign":"KNKA406","LocNum":11,"LatDeg":28,"LatMin":29,"LatSec":53.700000000000003,"LatDir":"N","LonDeg":80,"LonMin":34,"LonSec":1.7,"LonDir":"W","LocAdd":"15810 Heavy Launch Road   (64724)","LocCity":"Patrick AFT","LocCounty":"BREVARD","LocState":"FL","Nepa":"N","QZone":"0        NaN\n1        NaN\n2        NaN\n3        NaN\n4        NaN\n        ... \n24924    NaN\n24925    NaN\n24926    NaN\n24927    NaN\n24928    NaN\nName: 36, Length: 24929, dtype: object","TowReg":1221732,"SupStruc":55.5,"AllStruc":57,"StrucType":"LTOWER","LicStatus":"A","latdec":28.498249999999999,"londec":-80.567138888900004,"url":"http://wireless2.fcc.gov/UlsApp/UlsSearch/licenseLocSum.jsp?licKey=12297"}},{"type":"Feature","id":427,"geometry":{"type":"Point","coordinates":[-80.693138888691124,27.968888889332618]},"properties":{"FID":427,"OBJECTID":7718,"UniqSysID":12297,"Licensee":"New Cingular Wireless PCS, LLC","Callsign":"KNKA406","LocNum":12,"LatDeg":27,"LatMin":58,"LatSec":8,"LatDir":"N","LonDeg":80,"LonMin":41,"LonSec":35.299999999999997,"LonDir":"W","LocAdd":"1190 Garvey Road SW   (64730)","LocCity":"Palm Bay","LocCounty":"BREVARD","LocState":"FL","Nepa":"N","QZone":"0        NaN\n1        NaN\n2        NaN\n3        NaN\n4        NaN\n        ... \n24924    NaN\n24925    NaN\n24926    NaN\n24927    NaN\n24928    NaN\nName: 36, Length: 24929, dtype: object","TowReg":1215067,"SupStruc":85.299999999999997,"AllStruc":86.900000000000006,"StrucType":"LTOWER","LicStatus":"A","latdec":27.9688888889,"londec":-80.693138888899995,"url":"http://wireless2.fcc.gov/UlsApp/UlsSearch/licenseLocSum.jsp?licKey=12297"}},{"type":"Feature","id":428,"geometry":{"type":"Point","coordinates":[-80.853861110581477,28.689805555044927]},"properties":{"FID":428,"OBJECTID":7719,"UniqSysID":12297,"Licensee":"New Cingular Wireless PCS, LLC","Callsign":"KNKA406","LocNum":13,"LatDeg":28,"LatMin":41,"LatSec":23.300000000000001,"LatDir":"N","LonDeg":80,"LonMin":51,"LonSec":13.9,"LonDir":"W","LocAdd":"3283 OLD DIXIE HWY   (64715)","LocCity":"MIMS","LocCounty":"BREVARD","LocState":"FL","Nepa":"N","QZone":"0        NaN\n1        NaN\n2        NaN\n3        NaN\n4        NaN\n        ... \n24924    NaN\n24925    NaN\n24926    NaN\n24927    NaN\n24928    NaN\nName: 36, Length: 24929, dtype: object","TowReg":1030521,"SupStruc":87.200000000000003,"AllStruc":91.799999999999997,"StrucType":"LTOWER","LicStatus":"A","latdec":28.6898055556,"londec":-80.853861111100002,"url":"http://wireless2.fcc.gov/UlsApp/UlsSearch/licenseLocSum.jsp?licKey=12297"}},{"type":"Feature","id":429,"geometry":{"type":"Point","coordinates":[-80.710944444446625,28.207861110881424]},"properties":{"FID":429,"OBJECTID":7720,"UniqSysID":12297,"Licensee":"New Cingular Wireless PCS, LLC","Callsign":"KNKA406","LocNum":29,"LatDeg":28,"LatMin":12,"LatSec":28.300000000000001,"LatDir":"N","LonDeg":80,"LonMin":42,"LonSec":39.399999999999999,"LonDir":"W","LocAdd":"799 N Wickham Road   (6597)","LocCity":"Melbourne","LocCounty":"BREVARD","LocState":"FL","Nepa":"N","QZone":"0        NaN\n1        NaN\n2        NaN\n3        NaN\n4        NaN\n        ... \n24924    NaN\n24925    NaN\n24926    NaN\n24927    NaN\n24928    NaN\nName: 36, Length: 24929, dtype: object","TowReg":1200990,"SupStruc":85.299999999999997,"AllStruc":86.299999999999997,"StrucType":"LTOWER","LicStatus":"A","latdec":28.207861111100001,"londec":-80.710944444399999,"url":"http://wireless2.fcc.gov/UlsApp/UlsSearch/licenseLocSum.jsp?licKey=12297"}},{"type":"Feature","id":430,"geometry":{"type":"Point","coordinates":[-80.536722221888965,27.921194444331547]},"properties":{"FID":430,"OBJECTID":7721,"UniqSysID":12297,"Licensee":"New Cingular Wireless PCS, LLC","Callsign":"KNKA406","LocNum":30,"LatDeg":27,"LatMin":55,"LatSec":16.300000000000001,"LatDir":"N","LonDeg":80,"LonMin":32,"LonSec":12.199999999999999,"LonDir":"W","LocAdd":"4225 GRANT RD   (64712)","LocCity":"GRANT","LocCounty":"BREVARD","LocState":"FL","Nepa":"N","QZone":"0        NaN\n1        NaN\n2        NaN\n3        NaN\n4        NaN\n        ... \n24924    NaN\n24925    NaN\n24926    NaN\n24927    NaN\n24928    NaN\nName: 36, Length: 24929, dtype: object","TowReg":1029747,"SupStruc":86.900000000000006,"AllStruc":88.400000000000006,"StrucType":"LTOWER","LicStatus":"A","latdec":27.921194444400001,"londec":-80.536722222199998,"url":"http://wireless2.fcc.gov/UlsApp/UlsSearch/licenseLocSum.jsp?licKey=12297"}},{"type":"Feature","id":431,"geometry":{"type":"Point","coordinates":[-80.568166666837953,28.098111111129015]},"properties":{"FID":431,"OBJECTID":7722,"UniqSysID":12297,"Licensee":"New Cingular Wireless PCS, LLC","Callsign":"KNKA406","LocNum":31,"LatDeg":28,"LatMin":5,"LatSec":53.200000000000003,"LatDir":"N","LonDeg":80,"LonMin":34,"LonSec":5.4000000000000004,"LonDir":"W","LocAdd":"877 NORTH MIRAMAR AVE   (132679)","LocCity":"INDIALANTIC","LocCounty":"BREVARD","LocState":"FL","Nepa":"N","QZone":"0        NaN\n1        NaN\n2        NaN\n3        NaN\n4        NaN\n        ... \n24924    NaN\n24925    NaN\n24926    NaN\n24927    NaN\n24928    NaN\nName: 36, Length: 24929, dtype: object","TowReg":0,"SupStruc":40.200000000000003,"AllStruc":51.5,"StrucType":"BTWR","LicStatus":"A","latdec":28.0981111111,"londec":-80.568166666699994,"url":"http://wireless2.fcc.gov/UlsApp/UlsSearch/licenseLocSum.jsp?licKey=12297"}},{"type":"Feature","id":432,"geometry":{"type":"Point","coordinates":[-80.613777778277779,28.357444443821123]},"properties":{"FID":432,"OBJECTID":7723,"UniqSysID":12297,"Licensee":"New Cingular Wireless PCS, LLC","Callsign":"KNKA406","LocNum":16,"LatDeg":28,"LatMin":21,"LatSec":26.800000000000001,"LatDir":"N","LonDeg":80,"LonMin":36,"LonSec":49.600000000000001,"LonDir":"W","LocAdd":"450 W COCOA BEACH CSWY   (6607)","LocCity":"COCOA BEACH","LocCounty":"BREVARD","LocState":"FL","Nepa":"N","QZone":"0        NaN\n1        NaN\n2        NaN\n3        NaN\n4        NaN\n        ... \n24924    NaN\n24925    NaN\n24926    NaN\n24927    NaN\n24928    NaN\nName: 36, Length: 24929, dtype: object","TowReg":1052422,"SupStruc":10.9,"AllStruc":67,"StrucType":"BTWR","LicStatus":"A","latdec":28.357444444399999,"londec":-80.613777777799996,"url":"http://wireless2.fcc.gov/UlsApp/UlsSearch/licenseLocSum.jsp?licKey=12297"}},{"type":"Feature","id":433,"geometry":{"type":"Point","coordinates":[-80.643222222163104,28.575722222172089]},"properties":{"FID":433,"OBJECTID":7724,"UniqSysID":12297,"Licensee":"New Cingular Wireless PCS, LLC","Callsign":"KNKA406","LocNum":17,"LatDeg":28,"LatMin":34,"LatSec":32.600000000000001,"LatDir":"N","LonDeg":80,"LonMin":38,"LonSec":35.600000000000001,"LonDir":"W","LocAdd":"1605 Instrumentation Road   (64721)","LocCity":"Kennedy Space Center","LocCounty":"BREVARD","LocState":"FL","Nepa":"N","QZone":"0        NaN\n1        NaN\n2        NaN\n3        NaN\n4        NaN\n        ... \n24924    NaN\n24925    NaN\n24926    NaN\n24927    NaN\n24928    NaN\nName: 36, Length: 24929, dtype: object","TowReg":1282773,"SupStruc":46.299999999999997,"AllStruc":49.399999999999999,"StrucType":"MTOWER","LicStatus":"A","latdec":28.5757222222,"londec":-80.643222222199995,"url":"http://wireless2.fcc.gov/UlsApp/UlsSearch/licenseLocSum.jsp?licKey=12297"}},{"type":"Feature","id":434,"geometry":{"type":"Point","coordinates":[-80.752750000390563,28.288722222232877]},"properties":{"FID":434,"OBJECTID":7725,"UniqSysID":12297,"Licensee":"New Cingular Wireless PCS, LLC","Callsign":"KNKA406","LocNum":18,"LatDeg":28,"LatMin":17,"LatSec":19.399999999999999,"LatDir":"N","LonDeg":80,"LonMin":45,"LonSec":9.9000000000000004,"LonDir":"W","LocAdd":"4125 FISKE BLVD  (64726)","LocCity":"ROCKLEDGE","LocCounty":"BREVARD","LocState":"FL","Nepa":"N","QZone":"0        NaN\n1        NaN\n2        NaN\n3        NaN\n4        NaN\n        ... \n24924    NaN\n24925    NaN\n24926    NaN\n24927    NaN\n24928    NaN\nName: 36, Length: 24929, dtype: object","TowReg":1003443,"SupStruc":84.400000000000006,"AllStruc":86.900000000000006,"StrucType":"GTOWER","LicStatus":"A","latdec":28.288722222200001,"londec":-80.752750000000006,"url":"http://wireless2.fcc.gov/UlsApp/UlsSearch/licenseLocSum.jsp?licKey=12297"}},{"type":"Feature","id":435,"geometry":{"type":"Point","coordinates":[-80.948333333056269,28.666833333012221]},"properties":{"FID":435,"OBJECTID":7726,"UniqSysID":12297,"Licensee":"New Cingular Wireless PCS, LLC","Callsign":"KNKA406","LocNum":21,"LatDeg":28,"LatMin":40,"LatSec":0.59999999999999998,"LatDir":"N","LonDeg":80,"LonMin":56,"LonSec":54,"LonDir":"W","LocAdd":"7390 HIGHWAY 46   (79012)","LocCity":"Mims","LocCounty":"BREVARD","LocState":"FL","Nepa":"N","QZone":"0        NaN\n1        NaN\n2        NaN\n3        NaN\n4        NaN\n        ... \n24924    NaN\n24925    NaN\n24926    NaN\n24927    NaN\n24928    NaN\nName: 36, Length: 24929, dtype: object","TowReg":1231918,"SupStruc":76.200000000000003,"AllStruc":78.599999999999994,"StrucType":"LTOWER","LicStatus":"A","latdec":28.666833333300001,"londec":-80.948333333299999,"url":"http://wireless2.fcc.gov/UlsApp/UlsSearch/licenseLocSum.jsp?licKey=12297"}},{"type":"Feature","id":436,"geometry":{"type":"Point","coordinates":[-80.888333334382196,28.77749999963271]},"properties":{"FID":436,"OBJECTID":7727,"UniqSysID":12297,"Licensee":"New Cingular Wireless PCS, LLC","Callsign":"KNKA406","LocNum":22,"LatDeg":28,"LatMin":46,"LatSec":39,"LatDir":"N","LonDeg":80,"LonMin":53,"LonSec":18,"LonDir":"W","LocAdd":"4000 Stuck Way Road F  (6606)","LocCity":"Scottsmore","LocCounty":"BREVARD","LocState":"FL","Nepa":"N","QZone":"0        NaN\n1        NaN\n2        NaN\n3        NaN\n4        NaN\n        ... \n24924    NaN\n24925    NaN\n24926    NaN\n24927    NaN\n24928    NaN\nName: 36, Length: 24929, dtype: object","TowReg":1003603,"SupStruc":103.59999999999999,"AllStruc":109.7,"StrucType":"GTOWER","LicStatus":"A","latdec":28.7775,"londec":-80.888333333299997,"url":"http://wireless2.fcc.gov/UlsApp/UlsSearch/licenseLocSum.jsp?licKey=12297"}},{"type":"Feature","id":437,"geometry":{"type":"Point","coordinates":[-80.605472221960497,28.226805555868907]},"properties":{"FID":437,"OBJECTID":7728,"UniqSysID":12297,"Licensee":"New Cingular Wireless PCS, LLC","Callsign":"KNKA406","LocNum":23,"LatDeg":28,"LatMin":13,"LatSec":36.5,"LatDir":"N","LonDeg":80,"LonMin":36,"LonSec":19.699999999999999,"LonDir":"W","LocAdd":"1142 Jupiter Street   (82278)","LocCity":"PATRICK AFB","LocCounty":"BREVARD","LocState":"FL","Nepa":"N","QZone":"0        NaN\n1        NaN\n2        NaN\n3        NaN\n4        NaN\n        ... \n24924    NaN\n24925    NaN\n24926    NaN\n24927    NaN\n24928    NaN\nName: 36, Length: 24929, dtype: object","TowReg":1249859,"SupStruc":45.100000000000001,"AllStruc":45.100000000000001,"StrucType":"MTOWER","LicStatus":"A","latdec":28.226805555599999,"londec":-80.605472222200007,"url":"http://wireless2.fcc.gov/UlsApp/UlsSearch/licenseLocSum.jsp?licKey=12297"}},{"type":"Feature","id":438,"geometry":{"type":"Point","coordinates":[-80.849722221724619,28.580555554846626]},"properties":{"FID":438,"OBJECTID":7729,"UniqSysID":12297,"Licensee":"New Cingular Wireless PCS, LLC","Callsign":"KNKA406","LocNum":25,"LatDeg":28,"LatMin":34,"LatSec":50,"LatDir":"N","LonDeg":80,"LonMin":50,"LonSec":59,"LonDir":"W","LocAdd":"3430 KILMARNOCH LANE   (6600)","LocCity":"TITUSVILLE","LocCounty":"BREVARD","LocState":"FL","Nepa":"N","QZone":"0        NaN\n1        NaN\n2        NaN\n3        NaN\n4        NaN\n        ... \n24924    NaN\n24925    NaN\n24926    NaN\n24927    NaN\n24928    NaN\nName: 36, Length: 24929, dtype: object","TowReg":1027233,"SupStruc":94.5,"AllStruc":94.5,"StrucType":"GTOWER","LicStatus":"A","latdec":28.5805555556,"londec":-80.8497222222,"url":"http://wireless2.fcc.gov/UlsApp/UlsSearch/licenseLocSum.jsp?licKey=12297"}},{"type":"Feature","id":439,"geometry":{"type":"Point","coordinates":[-80.536111110577622,27.890277776700543]},"properties":{"FID":439,"OBJECTID":7730,"UniqSysID":12297,"Licensee":"New Cingular Wireless PCS, LLC","Callsign":"KNKA406","LocNum":26,"LatDeg":27,"LatMin":53,"LatSec":25,"LatDir":"N","LonDeg":80,"LonMin":32,"LonSec":10,"LonDir":"W","LocAdd":"1148 TEQUESTA DR   (6601)","LocCity":"Barefoot Bay","LocCounty":"BREVARD","LocState":"FL","Nepa":"N","QZone":"0        NaN\n1        NaN\n2        NaN\n3        NaN\n4        NaN\n        ... \n24924    NaN\n24925    NaN\n24926    NaN\n24927    NaN\n24928    NaN\nName: 36, Length: 24929, dtype: object","TowReg":1045894,"SupStruc":91.400000000000006,"AllStruc":95.700000000000003,"StrucType":"GTOWER","LicStatus":"A","latdec":27.890277777800002,"londec":-80.536111111099999,"url":"http://wireless2.fcc.gov/UlsApp/UlsSearch/licenseLocSum.jsp?licKey=12297"}},{"type":"Feature","id":440,"geometry":{"type":"Point","coordinates":[-80.720583334207618,28.065916666306805]},"properties":{"FID":440,"OBJECTID":7731,"UniqSysID":12297,"Licensee":"New Cingular Wireless PCS, LLC","Callsign":"KNKA406","LocNum":27,"LatDeg":28,"LatMin":3,"LatSec":57.299999999999997,"LatDir":"N","LonDeg":80,"LonMin":43,"LonSec":14.1,"LonDir":"W","LocAdd":"2620 SIMON ROAD   (6604)","LocCity":"MELBOURNE","LocCounty":"BREVARD","LocState":"FL","Nepa":"N","QZone":"0        NaN\n1        NaN\n2        NaN\n3        NaN\n4        NaN\n        ... \n24924    NaN\n24925    NaN\n24926    NaN\n24927    NaN\n24928    NaN\nName: 36, Length: 24929, dtype: object","TowReg":1032483,"SupStruc":60.899999999999999,"AllStruc":67.900000000000006,"StrucType":"LTOWER","LicStatus":"A","latdec":28.065916666700002,"londec":-80.720583333299999,"url":"http://wireless2.fcc.gov/UlsApp/UlsSearch/licenseLocSum.jsp?licKey=12297"}},{"type":"Feature","id":441,"geometry":{"type":"Point","coordinates":[-82.082861110716863,26.436999999687544]},"properties":{"FID":441,"OBJECTID":7891,"UniqSysID":12311,"Licensee":"AT&T Mobility Spectrum, LLC","Callsign":"KNKA598","LocNum":5,"LatDeg":26,"LatMin":26,"LatSec":13.199999999999999,"LatDir":"N","LonDeg":82,"LonMin":4,"LonSec":58.299999999999997,"LonDir":"W","LocAdd":"701 OPRE AVE  (6818)","LocCity":"SANIBEL","LocCounty":"LEE","LocState":"FL","Nepa":"N","QZone":"0        NaN\n1        NaN\n2        NaN\n3        NaN\n4        NaN\n        ... \n24924    NaN\n24925    NaN\n24926    NaN\n24927    NaN\n24928    NaN\nName: 36, Length: 24929, dtype: object","TowReg":1029967,"SupStruc":65.799999999999997,"AllStruc":67.700000000000003,"StrucType":"LTOWER","LicStatus":"A","latdec":26.437000000000001,"londec":-82.082861111100001,"url":"http://wireless2.fcc.gov/UlsApp/UlsSearch/licenseLocSum.jsp?licKey=12311"}},{"type":"Feature","id":442,"geometry":{"type":"Point","coordinates":[-81.614944443753814,26.724722223077947]},"properties":{"FID":442,"OBJECTID":7892,"UniqSysID":12311,"Licensee":"AT&T Mobility Spectrum, LLC","Callsign":"KNKA598","LocNum":8,"LatDeg":26,"LatMin":43,"LatSec":29,"LatDir":"N","LonDeg":81,"LonMin":36,"LonSec":53.799999999999997,"LonDir":"W","LocAdd":"17900 PARKINSON RD  (6820)","LocCity":"ALVA","LocCounty":"LEE","LocState":"FL","Nepa":"N","QZone":"0        NaN\n1        NaN\n2        NaN\n3        NaN\n4        NaN\n        ... \n24924    NaN\n24925    NaN\n24926    NaN\n24927    NaN\n24928    NaN\nName: 36, Length: 24929, dtype: object","TowReg":1029968,"SupStruc":79.200000000000003,"AllStruc":82.599999999999994,"StrucType":"GTOWER","LicStatus":"A","latdec":26.7247222222,"londec":-81.614944444399995,"url":"http://wireless2.fcc.gov/UlsApp/UlsSearch/licenseLocSum.jsp?licKey=12311"}},{"type":"Feature","id":443,"geometry":{"type":"Point","coordinates":[-81.564888888699784,26.599916666956688]},"properties":{"FID":443,"OBJECTID":7893,"UniqSysID":12311,"Licensee":"AT&T Mobility Spectrum, LLC","Callsign":"KNKA598","LocNum":25,"LatDeg":26,"LatMin":35,"LatSec":59.700000000000003,"LatDir":"N","LonDeg":81,"LonMin":33,"LonSec":53.600000000000001,"LonDir":"W","LocAdd":"7050 CPI ROAD  (110160)","LocCity":"FELDA","LocCounty":"HENDRY","LocState":"FL","Nepa":"N","QZone":"0        NaN\n1        NaN\n2        NaN\n3        NaN\n4        NaN\n        ... \n24924    NaN\n24925    NaN\n24926    NaN\n24927    NaN\n24928    NaN\nName: 36, Length: 24929, dtype: object","TowReg":0,"SupStruc":60.700000000000003,"AllStruc":61,"StrucType":"MTOWER","LicStatus":"A","latdec":26.5999166667,"londec":-81.564888888900001,"url":"http://wireless2.fcc.gov/UlsApp/UlsSearch/licenseLocSum.jsp?licKey=12311"}},{"type":"Feature","id":444,"geometry":{"type":"Point","coordinates":[-81.630000000404948,26.42305555460274]},"properties":{"FID":444,"OBJECTID":7894,"UniqSysID":12311,"Licensee":"AT&T Mobility Spectrum, LLC","Callsign":"KNKA598","LocNum":26,"LatDeg":26,"LatMin":25,"LatSec":23,"LatDir":"N","LonDeg":81,"LonMin":37,"LonSec":48,"LonDir":"W","LocAdd":"21190 CARTER ROAD  (6834)","LocCity":"ESTERO","LocCounty":"LEE","LocState":"FL","Nepa":"N","QZone":"0        NaN\n1        NaN\n2        NaN\n3        NaN\n4        NaN\n        ... \n24924    NaN\n24925    NaN\n24926    NaN\n24927    NaN\n24928    NaN\nName: 36, Length: 24929, dtype: object","TowReg":1027588,"SupStruc":356.60000000000002,"AllStruc":373.10000000000002,"StrucType":"GTOWER","LicStatus":"A","latdec":26.423055555600001,"londec":-81.629999999999995,"url":"http://wireless2.fcc.gov/UlsApp/UlsSearch/licenseLocSum.jsp?licKey=12311"}},{"type":"Feature","id":445,"geometry":{"type":"Point","coordinates":[-82.260805555654997,26.750249999793198]},"properties":{"FID":445,"OBJECTID":7895,"UniqSysID":12311,"Licensee":"AT&T Mobility Spectrum, LLC","Callsign":"KNKA598","LocNum":16,"LatDeg":26,"LatMin":45,"LatSec":0.90000000000000002,"LatDir":"N","LonDeg":82,"LonMin":15,"LonSec":38.899999999999999,"LonDir":"W","LocAdd":"390 East Railroad (65039)","LocCity":"Boca Grand","LocCounty":"LEE","LocState":"FL","Nepa":"N","QZone":"0        NaN\n1        NaN\n2        NaN\n3        NaN\n4        NaN\n        ... \n24924    NaN\n24925    NaN\n24926    NaN\n24927    NaN\n24928    NaN\nName: 36, Length: 24929, dtype: object","TowReg":1268069,"SupStruc":48.799999999999997,"AllStruc":48.799999999999997,"StrucType":"LTOWER","LicStatus":"A","latdec":26.750250000000001,"londec":-82.260805555600001,"url":"http://wireless2.fcc.gov/UlsApp/UlsSearch/licenseLocSum.jsp?licKey=12311"}},{"type":"Feature","id":446,"geometry":{"type":"Point","coordinates":[-81.786749999669667,26.317027778302077]},"properties":{"FID":446,"OBJECTID":7896,"UniqSysID":12311,"Licensee":"AT&T Mobility Spectrum, LLC","Callsign":"KNKA598","LocNum":18,"LatDeg":26,"LatMin":19,"LatSec":1.3,"LatDir":"N","LonDeg":81,"LonMin":47,"LonSec":12.300000000000001,"LonDir":"W","LocAdd":"28950 OLD 41 SE  (70518)","LocCity":"Bonita Springs","LocCounty":"LEE","LocState":"FL","Nepa":"N","QZone":"0        NaN\n1        NaN\n2        NaN\n3        NaN\n4        NaN\n        ... \n24924    NaN\n24925    NaN\n24926    NaN\n24927    NaN\n24928    NaN\nName: 36, Length: 24929, dtype: object","TowReg":1060723,"SupStruc":85.299999999999997,"AllStruc":85.299999999999997,"StrucType":"GTOWER","LicStatus":"A","latdec":26.3170277778,"londec":-81.786749999999998,"url":"http://wireless2.fcc.gov/UlsApp/UlsSearch/licenseLocSum.jsp?licKey=12311"}},{"type":"Feature","id":447,"geometry":{"type":"Point","coordinates":[-82.158305555711536,26.474416666818229]},"properties":{"FID":447,"OBJECTID":7897,"UniqSysID":12311,"Licensee":"AT&T Mobility Spectrum, LLC","Callsign":"KNKA598","LocNum":19,"LatDeg":26,"LatMin":28,"LatSec":27.899999999999999,"LatDir":"N","LonDeg":82,"LonMin":9,"LonSec":29.899999999999999,"LonDir":"W","LocAdd":"2222 Wulfert Road  (88895)","LocCity":"Sanibel","LocCounty":"LEE","LocState":"FL","Nepa":"N","QZone":"0        NaN\n1        NaN\n2        NaN\n3        NaN\n4        NaN\n        ... \n24924    NaN\n24925    NaN\n24926    NaN\n24927    NaN\n24928    NaN\nName: 36, Length: 24929, dtype: object","TowReg":0,"SupStruc":44.200000000000003,"AllStruc":45.100000000000001,"StrucType":"MTOWER","LicStatus":"A","latdec":26.474416666700002,"londec":-82.158305555599995,"url":"http://wireless2.fcc.gov/UlsApp/UlsSearch/licenseLocSum.jsp?licKey=12311"}},{"type":"Feature","id":448,"geometry":{"type":"Point","coordinates":[-81.774249999983283,26.695416666678454]},"properties":{"FID":448,"OBJECTID":7898,"UniqSysID":12311,"Licensee":"AT&T Mobility Spectrum, LLC","Callsign":"KNKA598","LocNum":24,"LatDeg":26,"LatMin":41,"LatSec":43.5,"LatDir":"N","LonDeg":81,"LonMin":46,"LonSec":27.300000000000001,"LonDir":"W","LocAdd":"11131 Palm Beach Blvd. (6846)","LocCity":"TICE","LocCounty":"LEE","LocState":"FL","Nepa":"N","QZone":"0        NaN\n1        NaN\n2        NaN\n3        NaN\n4        NaN\n        ... \n24924    NaN\n24925    NaN\n24926    NaN\n24927    NaN\n24928    NaN\nName: 36, Length: 24929, dtype: object","TowReg":1044456,"SupStruc":76.200000000000003,"AllStruc":78.900000000000006,"StrucType":"LTOWER","LicStatus":"A","latdec":26.695416666700002,"londec":-81.774249999999995,"url":"http://wireless2.fcc.gov/UlsApp/UlsSearch/licenseLocSum.jsp?licKey=12311"}},{"type":"Feature","id":449,"geometry":{"type":"Point","coordinates":[-81.742222222326461,26.352500000349949]},"properties":{"FID":449,"OBJECTID":7899,"UniqSysID":12311,"Licensee":"AT&T Mobility Spectrum, LLC","Callsign":"KNKA598","LocNum":27,"LatDeg":26,"LatMin":21,"LatSec":9,"LatDir":"N","LonDeg":81,"LonMin":44,"LonSec":32,"LonDir":"W","LocAdd":"12801 Tower Road  (88190)","LocCity":"FORT MYERS","LocCounty":"LEE","LocState":"FL","Nepa":"N","QZone":"0        NaN\n1        NaN\n2        NaN\n3        NaN\n4        NaN\n        ... \n24924    NaN\n24925    NaN\n24926    NaN\n24927    NaN\n24928    NaN\nName: 36, Length: 24929, dtype: object","TowReg":1021862,"SupStruc":121.90000000000001,"AllStruc":123.09999999999999,"StrucType":"GTOWER","LicStatus":"A","latdec":26.352499999999999,"londec":-81.742222222199999,"url":"http://wireless2.fcc.gov/UlsApp/UlsSearch/licenseLocSum.jsp?licKey=12311"}},{"type":"Feature","id":450,"geometry":{"type":"Point","coordinates":[-82.121555555591669,26.608861111170029]},"properties":{"FID":450,"OBJECTID":7900,"UniqSysID":12311,"Licensee":"AT&T Mobility Spectrum, LLC","Callsign":"KNKA598","LocNum":28,"LatDeg":26,"LatMin":36,"LatSec":31.899999999999999,"LatDir":"N","LonDeg":82,"LonMin":7,"LonSec":17.600000000000001,"LonDir":"W","LocAdd":"10161 FRANKIE LANE DRIVE  (6809)","LocCity":"SAINT JAMES CITY","LocCounty":"LEE","LocState":"FL","Nepa":"N","QZone":"0        NaN\n1        NaN\n2        NaN\n3        NaN\n4        NaN\n        ... \n24924    NaN\n24925    NaN\n24926    NaN\n24927    NaN\n24928    NaN\nName: 36, Length: 24929, dtype: object","TowReg":1029964,"SupStruc":92.099999999999994,"AllStruc":93.299999999999997,"StrucType":"GTOWER","LicStatus":"A","latdec":26.608861111100001,"londec":-82.121555555599997,"url":"http://wireless2.fcc.gov/UlsApp/UlsSearch/licenseLocSum.jsp?licKey=12311"}},{"type":"Feature","id":451,"geometry":{"type":"Point","coordinates":[-81.839694445049417,26.712555554758012]},"properties":{"FID":451,"OBJECTID":7901,"UniqSysID":12311,"Licensee":"AT&T Mobility Spectrum, LLC","Callsign":"KNKA598","LocNum":29,"LatDeg":26,"LatMin":42,"LatSec":45.200000000000003,"LatDir":"N","LonDeg":81,"LonMin":50,"LonSec":22.899999999999999,"LonDir":"W","LocAdd":"7301 SAMVILLE RD  (6849)","LocCity":"NORTH FORT MYERS","LocCounty":"LEE","LocState":"FL","Nepa":"N","QZone":"0        NaN\n1        NaN\n2        NaN\n3        NaN\n4        NaN\n        ... \n24924    NaN\n24925    NaN\n24926    NaN\n24927    NaN\n24928    NaN\nName: 36, Length: 24929, dtype: object","TowReg":1027898,"SupStruc":48.799999999999997,"AllStruc":48.799999999999997,"StrucType":"MTOWER","LicStatus":"A","latdec":26.712555555600002,"londec":-81.839694444399996,"url":"http://wireless2.fcc.gov/UlsApp/UlsSearch/licenseLocSum.jsp?licKey=12311"}},{"type":"Feature","id":452,"geometry":{"type":"Point","coordinates":[-82.037583334434544,26.715083332871586]},"properties":{"FID":452,"OBJECTID":7902,"UniqSysID":12311,"Licensee":"AT&T Mobility Spectrum, LLC","Callsign":"KNKA598","LocNum":30,"LatDeg":26,"LatMin":42,"LatSec":54.299999999999997,"LatDir":"N","LonDeg":82,"LonMin":2,"LonSec":15.300000000000001,"LonDir":"W","LocAdd":"3501 Burnt Store Road  (139851)","LocCity":"Cape Coral","LocCounty":"LEE","LocState":"FL","Nepa":"N","QZone":"0        NaN\n1        NaN\n2        NaN\n3        NaN\n4        NaN\n        ... \n24924    NaN\n24925    NaN\n24926    NaN\n24927    NaN\n24928    NaN\nName: 36, Length: 24929, dtype: object","TowReg":1211906,"SupStruc":79.200000000000003,"AllStruc":82.299999999999997,"StrucType":"LTOWER","LicStatus":"A","latdec":26.715083333300001,"londec":-82.037583333300006,"url":"http://wireless2.fcc.gov/UlsApp/UlsSearch/licenseLocSum.jsp?licKey=12311"}},{"type":"Feature","id":453,"geometry":{"type":"Point","coordinates":[-82.082861110716863,26.436999999687544]},"properties":{"FID":453,"OBJECTID":7929,"UniqSysID":12315,"Licensee":"ALLTEL Corporation","Callsign":"KNKA595","LocNum":3,"LatDeg":26,"LatMin":26,"LatSec":13.199999999999999,"LatDir":"N","LonDeg":82,"LonMin":4,"LonSec":58.299999999999997,"LonDir":"W","LocAdd":"701 OPRE AVE","LocCity":"SANIBEL","LocCounty":"LEE","LocState":"FL","Nepa":"N","QZone":"0        NaN\n1        NaN\n2        NaN\n3        NaN\n4        NaN\n        ... \n24924    NaN\n24925    NaN\n24926    NaN\n24927    NaN\n24928    NaN\nName: 36, Length: 24929, dtype: object","TowReg":1029967,"SupStruc":65.799999999999997,"AllStruc":67.700000000000003,"StrucType":"LTOWER","LicStatus":"A","latdec":26.437000000000001,"londec":-82.082861111100001,"url":"http://wireless2.fcc.gov/UlsApp/UlsSearch/licenseLocSum.jsp?licKey=12315"}},{"type":"Feature","id":454,"geometry":{"type":"Point","coordinates":[-81.640555556234631,26.606944444279975]},"properties":{"FID":454,"OBJECTID":7930,"UniqSysID":12315,"Licensee":"ALLTEL Corporation","Callsign":"KNKA595","LocNum":4,"LatDeg":26,"LatMin":36,"LatSec":25,"LatDir":"N","LonDeg":81,"LonMin":38,"LonSec":26,"LonDir":"W","LocAdd":"(Lehigh Acres) 194 LEE BLVD.","LocCity":"Lehigh Acres","LocCounty":"LEE","LocState":"FL","Nepa":"N","QZone":"0        NaN\n1        NaN\n2        NaN\n3        NaN\n4        NaN\n        ... \n24924    NaN\n24925    NaN\n24926    NaN\n24927    NaN\n24928    NaN\nName: 36, Length: 24929, dtype: object","TowReg":1011860,"SupStruc":86.900000000000006,"AllStruc":91.099999999999994,"StrucType":"MAST","LicStatus":"A","latdec":26.6069444444,"londec":-81.640555555600002,"url":"http://wireless2.fcc.gov/UlsApp/UlsSearch/licenseLocSum.jsp?licKey=12315"}},{"type":"Feature","id":455,"geometry":{"type":"Point","coordinates":[-82.0252777777863,26.640277777604069]},"properties":{"FID":455,"OBJECTID":7931,"UniqSysID":12315,"Licensee":"ALLTEL Corporation","Callsign":"KNKA595","LocNum":5,"LatDeg":26,"LatMin":38,"LatSec":25,"LatDir":"N","LonDeg":82,"LonMin":1,"LonSec":31,"LonDir":"W","LocAdd":"Pine Island Cell Site - 450 FT. E OF OLD PINE ISLAND CELL SITE","LocCity":"CAPE CORAL","LocCounty":"LEE","LocState":"FL","Nepa":"N","QZone":"0        NaN\n1        NaN\n2        NaN\n3        NaN\n4        NaN\n        ... \n24924    NaN\n24925    NaN\n24926    NaN\n24927    NaN\n24928    NaN\nName: 36, Length: 24929, dtype: object","TowReg":1011859,"SupStruc":91,"AllStruc":91,"StrucType":"MAST","LicStatus":"A","latdec":26.640277777800002,"londec":-82.0252777778,"url":"http://wireless2.fcc.gov/UlsApp/UlsSearch/licenseLocSum.jsp?licKey=12315"}},{"type":"Feature","id":456,"geometry":{"type":"Point","coordinates":[-82.192861110831245,26.525361110855442]},"properties":{"FID":456,"OBJECTID":7932,"UniqSysID":12315,"Licensee":"ALLTEL Corporation","Callsign":"KNKA595","LocNum":8,"LatDeg":26,"LatMin":31,"LatSec":31.300000000000001,"LatDir":"N","LonDeg":82,"LonMin":11,"LonSec":34.299999999999997,"LonDir":"W","LocAdd":"EAST SIDE OF CHADWICK'S SQUARE SHOPPING CENTER","LocCity":"CAPTIVA ISLAND","LocCounty":" ","LocState":"FL","Nepa":"N","QZone":"0        NaN\n1        NaN\n2        NaN\n3        NaN\n4        NaN\n        ... \n24924    NaN\n24925    NaN\n24926    NaN\n24927    NaN\n24928    NaN\nName: 36, Length: 24929, dtype: object","TowReg":0,"SupStruc":0,"AllStruc":0,"StrucType":" ","LicStatus":"A","latdec":26.5253611111,"londec":-82.192861111100001,"url":"http://wireless2.fcc.gov/UlsApp/UlsSearch/licenseLocSum.jsp?licKey=12315"}},{"type":"Feature","id":457,"geometry":{"type":"Point","coordinates":[-81.772222222112703,26.325277778114639]},"properties":{"FID":457,"OBJECTID":7933,"UniqSysID":12315,"Licensee":"ALLTEL Corporation","Callsign":"KNKA595","LocNum":10,"LatDeg":26,"LatMin":19,"LatSec":31,"LatDir":"N","LonDeg":81,"LonMin":46,"LonSec":20,"LonDir":"W","LocAdd":"Bonita Springs Cell Site - 109480 ENTERPRISE AVE","LocCity":"Bonita Springs","LocCounty":"LEE","LocState":"FL","Nepa":"N","QZone":"0        NaN\n1        NaN\n2        NaN\n3        NaN\n4        NaN\n        ... \n24924    NaN\n24925    NaN\n24926    NaN\n24927    NaN\n24928    NaN\nName: 36, Length: 24929, dtype: object","TowReg":1010596,"SupStruc":91,"AllStruc":91,"StrucType":"MAST","LicStatus":"A","latdec":26.3252777778,"londec":-81.7722222222,"url":"http://wireless2.fcc.gov/UlsApp/UlsSearch/licenseLocSum.jsp?licKey=12315"}},{"type":"Feature","id":458,"geometry":{"type":"Point","coordinates":[-82.260805555654997,26.750249999793198]},"properties":{"FID":458,"OBJECTID":7934,"UniqSysID":12315,"Licensee":"ALLTEL Corporation","Callsign":"KNKA595","LocNum":15,"LatDeg":26,"LatMin":45,"LatSec":0.90000000000000002,"LatDir":"N","LonDeg":82,"LonMin":15,"LonSec":38.899999999999999,"LonDir":"W","LocAdd":"(Boca Grande site) 390 East Railroad Avenue","LocCity":"Boca Grande","LocCounty":"LEE","LocState":"FL","Nepa":"N","QZone":"0        NaN\n1        NaN\n2        NaN\n3        NaN\n4        NaN\n        ... \n24924    NaN\n24925    NaN\n24926    NaN\n24927    NaN\n24928    NaN\nName: 36, Length: 24929, dtype: object","TowReg":1268069,"SupStruc":48.799999999999997,"AllStruc":48.799999999999997,"StrucType":"TOWER","LicStatus":"A","latdec":26.750250000000001,"londec":-82.260805555600001,"url":"http://wireless2.fcc.gov/UlsApp/UlsSearch/licenseLocSum.jsp?licKey=12315"}},{"type":"Feature","id":459,"geometry":{"type":"Point","coordinates":[-82.137166667245367,26.690249999971002]},"properties":{"FID":459,"OBJECTID":7935,"UniqSysID":12315,"Licensee":"ALLTEL Corporation","Callsign":"KNKA595","LocNum":14,"LatDeg":26,"LatMin":41,"LatSec":24.899999999999999,"LatDir":"N","LonDeg":82,"LonMin":8,"LonSec":13.800000000000001,"LonDir":"W","LocAdd":"(HONC site) 6900 Tropical Lane","LocCity":"Bokeelia","LocCounty":"LEE","LocState":"FL","Nepa":"N","QZone":"0        NaN\n1        NaN\n2        NaN\n3        NaN\n4        NaN\n        ... \n24924    NaN\n24925    NaN\n24926    NaN\n24927    NaN\n24928    NaN\nName: 36, Length: 24929, dtype: object","TowReg":0,"SupStruc":44.200000000000003,"AllStruc":44.200000000000003,"StrucType":"POLE","LicStatus":"A","latdec":26.690249999999999,"londec":-82.137166666699997,"url":"http://wireless2.fcc.gov/UlsApp/UlsSearch/licenseLocSum.jsp?licKey=12315"}},{"type":"Feature","id":460,"geometry":{"type":"Point","coordinates":[-81.70066666662791,26.705333332915416]},"properties":{"FID":460,"OBJECTID":7936,"UniqSysID":12315,"Licensee":"ALLTEL Corporation","Callsign":"KNKA595","LocNum":16,"LatDeg":26,"LatMin":42,"LatSec":19.199999999999999,"LatDir":"N","LonDeg":81,"LonMin":42,"LonSec":2.3999999999999999,"LonDir":"W","LocAdd":"(ATC Telegraph Estates)2601 Linwood Avenue","LocCity":"Alva","LocCounty":"LEE","LocState":"FL","Nepa":"N","QZone":"0        NaN\n1        NaN\n2        NaN\n3        NaN\n4        NaN\n        ... \n24924    NaN\n24925    NaN\n24926    NaN\n24927    NaN\n24928    NaN\nName: 36, Length: 24929, dtype: object","TowReg":1054838,"SupStruc":76.799999999999997,"AllStruc":78.900000000000006,"StrucType":"TOWER","LicStatus":"A","latdec":26.7053333333,"londec":-81.700666666700002,"url":"http://wireless2.fcc.gov/UlsApp/UlsSearch/licenseLocSum.jsp?licKey=12315"}},{"type":"Feature","id":461,"geometry":{"type":"Point","coordinates":[-82.158305555711536,26.474416666818229]},"properties":{"FID":461,"OBJECTID":7937,"UniqSysID":12315,"Licensee":"ALLTEL Corporation","Callsign":"KNKA595","LocNum":17,"LatDeg":26,"LatMin":28,"LatSec":27.899999999999999,"LatDir":"N","LonDeg":82,"LonMin":9,"LonSec":29.899999999999999,"LonDir":"W","LocAdd":"(Wulfert Rd site) 2222 Wulfert Rd","LocCity":"Sanibel","LocCounty":"LEE","LocState":"FL","Nepa":"N","QZone":"0        NaN\n1        NaN\n2        NaN\n3        NaN\n4        NaN\n        ... \n24924    NaN\n24925    NaN\n24926    NaN\n24927    NaN\n24928    NaN\nName: 36, Length: 24929, dtype: object","TowReg":0,"SupStruc":44.5,"AllStruc":45.700000000000003,"StrucType":"POLE","LicStatus":"A","latdec":26.474416666700002,"londec":-82.158305555599995,"url":"http://wireless2.fcc.gov/UlsApp/UlsSearch/licenseLocSum.jsp?licKey=12315"}},{"type":"Feature","id":462,"geometry":{"type":"Point","coordinates":[-82.228472222342418,27.075583334283635]},"properties":{"FID":462,"OBJECTID":7938,"UniqSysID":12316,"Licensee":"ALLTEL Corporation","Callsign":"KNKA427","LocNum":12,"LatDeg":27,"LatMin":4,"LatSec":32.100000000000001,"LatDir":"N","LonDeg":82,"LonMin":13,"LonSec":42.5,"LonDir":"W","LocAdd":"6654 WEST PRICE BLVD","LocCity":"NORTH PORT","LocCounty":"SARASOTA","LocState":"FL","Nepa":"N","QZone":"0        NaN\n1        NaN\n2        NaN\n3        NaN\n4        NaN\n        ... \n24924    NaN\n24925    NaN\n24926    NaN\n24927    NaN\n24928    NaN\nName: 36, Length: 24929, dtype: object","TowReg":1015215,"SupStruc":86.900000000000006,"AllStruc":90.5,"StrucType":"TOWER","LicStatus":"A","latdec":27.075583333299999,"londec":-82.228472222199997,"url":"http://wireless2.fcc.gov/UlsApp/UlsSearch/licenseLocSum.jsp?licKey=12316"}},{"type":"Feature","id":463,"geometry":{"type":"Point","coordinates":[-82.498527777625384,27.229138888984437]},"properties":{"FID":463,"OBJECTID":7939,"UniqSysID":12316,"Licensee":"ALLTEL Corporation","Callsign":"KNKA427","LocNum":15,"LatDeg":27,"LatMin":13,"LatSec":44.899999999999999,"LatDir":"N","LonDeg":82,"LonMin":29,"LonSec":54.700000000000003,"LonDir":"W","LocAdd":"(Bay Village Site) 8400 vamo rd.","LocCity":"Sarasota","LocCounty":"SARASOTA","LocState":"FL","Nepa":"N","QZone":"0        NaN\n1        NaN\n2        NaN\n3        NaN\n4        NaN\n        ... \n24924    NaN\n24925    NaN\n24926    NaN\n24927    NaN\n24928    NaN\nName: 36, Length: 24929, dtype: object","TowReg":1234355,"SupStruc":42,"AllStruc":43.5,"StrucType":"B","LicStatus":"A","latdec":27.2291388889,"londec":-82.498527777800007,"url":"http://wireless2.fcc.gov/UlsApp/UlsSearch/licenseLocSum.jsp?licKey=12316"}},{"type":"Feature","id":464,"geometry":{"type":"Point","coordinates":[-82.394277777761943,27.13311111130804]},"properties":{"FID":464,"OBJECTID":7940,"UniqSysID":12316,"Licensee":"ALLTEL Corporation","Callsign":"KNKA427","LocNum":16,"LatDeg":27,"LatMin":7,"LatSec":59.200000000000003,"LatDir":"N","LonDeg":82,"LonMin":23,"LonSec":39.399999999999999,"LonDir":"W","LocAdd":"(South Venice Site) 2000 BORDER ROAD","LocCity":"VENICE","LocCounty":"SARASOTA","LocState":"FL","Nepa":"N","QZone":"0        NaN\n1        NaN\n2        NaN\n3        NaN\n4        NaN\n        ... \n24924    NaN\n24925    NaN\n24926    NaN\n24927    NaN\n24928    NaN\nName: 36, Length: 24929, dtype: object","TowReg":1027570,"SupStruc":173.69999999999999,"AllStruc":180.09999999999999,"StrucType":"TOWER","LicStatus":"A","latdec":27.1331111111,"londec":-82.394277777799999,"url":"http://wireless2.fcc.gov/UlsApp/UlsSearch/licenseLocSum.jsp?licKey=12316"}},{"type":"Feature","id":465,"geometry":{"type":"Point","coordinates":[-82.375611111348121,27.020361110634894]},"properties":{"FID":465,"OBJECTID":7941,"UniqSysID":12316,"Licensee":"ALLTEL Corporation","Callsign":"KNKA427","LocNum":17,"LatDeg":27,"LatMin":1,"LatSec":13.300000000000001,"LatDir":"N","LonDeg":82,"LonMin":22,"LonSec":32.200000000000003,"LonDir":"W","LocAdd":"(Manasota site) 1767 E MANASOTA BEACH RD","LocCity":"ENGLEWOOD","LocCounty":"SARASOTA","LocState":"FL","Nepa":"N","QZone":"0        NaN\n1        NaN\n2        NaN\n3        NaN\n4        NaN\n        ... \n24924    NaN\n24925    NaN\n24926    NaN\n24927    NaN\n24928    NaN\nName: 36, Length: 24929, dtype: object","TowReg":1019128,"SupStruc":54.899999999999999,"AllStruc":61,"StrucType":"TOWER","LicStatus":"A","latdec":27.020361111100001,"londec":-82.3756111111,"url":"http://wireless2.fcc.gov/UlsApp/UlsSearch/licenseLocSum.jsp?licKey=12316"}},{"type":"Feature","id":466,"geometry":{"type":"Point","coordinates":[-82.412999999586248,27.263111110739828]},"properties":{"FID":466,"OBJECTID":7942,"UniqSysID":12316,"Licensee":"ALLTEL Corporation","Callsign":"KNKA427","LocNum":18,"LatDeg":27,"LatMin":15,"LatSec":47.200000000000003,"LatDir":"N","LonDeg":82,"LonMin":24,"LonSec":46.799999999999997,"LonDir":"W","LocAdd":"(Canine Academy site) 7950 Clark Road","LocCity":"Sarasota","LocCounty":"SARASOTA","LocState":"FL","Nepa":"N","QZone":"0        NaN\n1        NaN\n2        NaN\n3        NaN\n4        NaN\n        ... \n24924    NaN\n24925    NaN\n24926    NaN\n24927    NaN\n24928    NaN\nName: 36, Length: 24929, dtype: object","TowReg":0,"SupStruc":54.899999999999999,"AllStruc":57.899999999999999,"StrucType":"POLE","LicStatus":"A","latdec":27.263111111099999,"londec":-82.412999999999997,"url":"http://wireless2.fcc.gov/UlsApp/UlsSearch/licenseLocSum.jsp?licKey=12316"}},{"type":"Feature","id":467,"geometry":{"type":"Point","coordinates":[-82.503416667218119,27.2856944438646]},"properties":{"FID":467,"OBJECTID":7943,"UniqSysID":12316,"Licensee":"ALLTEL Corporation","Callsign":"KNKA427","LocNum":20,"LatDeg":27,"LatMin":17,"LatSec":8.5,"LatDir":"N","LonDeg":82,"LonMin":30,"LonSec":12.300000000000001,"LonDir":"W","LocAdd":"(Sarasota South) 4748 BENEVA RD","LocCity":"SARASOTA","LocCounty":"SARASOTA","LocState":"FL","Nepa":"N","QZone":"0        NaN\n1        NaN\n2        NaN\n3        NaN\n4        NaN\n        ... \n24924    NaN\n24925    NaN\n24926    NaN\n24927    NaN\n24928    NaN\nName: 36, Length: 24929, dtype: object","TowReg":1019025,"SupStruc":88.400000000000006,"AllStruc":93.900000000000006,"StrucType":"LTOWER","LicStatus":"A","latdec":27.285694444400001,"londec":-82.503416666700005,"url":"http://wireless2.fcc.gov/UlsApp/UlsSearch/licenseLocSum.jsp?licKey=12316"}},{"type":"Feature","id":468,"geometry":{"type":"Point","coordinates":[-82.525444444946174,27.331805554911796]},"properties":{"FID":468,"OBJECTID":7944,"UniqSysID":12316,"Licensee":"ALLTEL Corporation","Callsign":"KNKA427","LocNum":21,"LatDeg":27,"LatMin":19,"LatSec":54.5,"LatDir":"N","LonDeg":82,"LonMin":31,"LonSec":31.600000000000001,"LonDir":"W","LocAdd":"(Beneva) 581 School Avenue","LocCity":"Sarasota","LocCounty":"SARASOTA","LocState":"FL","Nepa":"N","QZone":"0        NaN\n1        NaN\n2        NaN\n3        NaN\n4        NaN\n        ... \n24924    NaN\n24925    NaN\n24926    NaN\n24927    NaN\n24928    NaN\nName: 36, Length: 24929, dtype: object","TowReg":1222650,"SupStruc":37,"AllStruc":39,"StrucType":"MTOWER","LicStatus":"A","latdec":27.331805555599999,"londec":-82.525444444399994,"url":"http://wireless2.fcc.gov/UlsApp/UlsSearch/licenseLocSum.jsp?licKey=12316"}},{"type":"Feature","id":469,"geometry":{"type":"Point","coordinates":[-82.546027778409893,27.344250000303077]},"properties":{"FID":469,"OBJECTID":7945,"UniqSysID":12316,"Licensee":"ALLTEL Corporation","Callsign":"KNKA427","LocNum":19,"LatDeg":27,"LatMin":20,"LatSec":39.299999999999997,"LatDir":"N","LonDeg":82,"LonMin":32,"LonSec":45.700000000000003,"LonDir":"W","LocAdd":"(Sarasota DT) 930 Tamiami Trail","LocCity":"Sarasota","LocCounty":"SARASOTA","LocState":"FL","Nepa":"N","QZone":"0        NaN\n1        NaN\n2        NaN\n3        NaN\n4        NaN\n        ... \n24924    NaN\n24925    NaN\n24926    NaN\n24927    NaN\n24928    NaN\nName: 36, Length: 24929, dtype: object","TowReg":0,"SupStruc":35.399999999999999,"AllStruc":35.399999999999999,"StrucType":"BANT","LicStatus":"A","latdec":27.344249999999999,"londec":-82.546027777800006,"url":"http://wireless2.fcc.gov/UlsApp/UlsSearch/licenseLocSum.jsp?licKey=12316"}},{"type":"Feature","id":470,"geometry":{"type":"Point","coordinates":[-84.266555555128377,30.57797222329026]},"properties":{"FID":470,"OBJECTID":7946,"UniqSysID":12317,"Licensee":"ALLTEL Corporation","Callsign":"KNKA432","LocNum":1,"LatDeg":30,"LatMin":34,"LatSec":40.700000000000003,"LatDir":"N","LonDeg":84,"LonMin":15,"LonSec":59.600000000000001,"LonDir":"W","LocAdd":"3300 FEET EAST OF MERIDIAN ROAD, 3300 FEET SOUTH OF BANNERMAN ROAD","LocCity":"TALLAHASSEE","LocCounty":"LEON","LocState":"FL","Nepa":"N","QZone":"0        NaN\n1        NaN\n2        NaN\n3        NaN\n4        NaN\n        ... \n24924    NaN\n24925    NaN\n24926    NaN\n24927    NaN\n24928    NaN\nName: 36, Length: 24929, dtype: object","TowReg":0,"SupStruc":76.799999999999997,"AllStruc":0,"StrucType":" ","LicStatus":"A","latdec":30.5779722222,"londec":-84.266555555599993,"url":"http://wireless2.fcc.gov/UlsApp/UlsSearch/licenseLocSum.jsp?licKey=12317"}},{"type":"Feature","id":471,"geometry":{"type":"Point","coordinates":[-84.360805555063166,30.135861111124996]},"properties":{"FID":471,"OBJECTID":7947,"UniqSysID":12317,"Licensee":"ALLTEL Corporation","Callsign":"KNKA432","LocNum":3,"LatDeg":30,"LatMin":8,"LatSec":9.0999999999999996,"LatDir":"N","LonDeg":84,"LonMin":21,"LonSec":38.899999999999999,"LonDir":"W","LocAdd":"Wakulla Cell Site - Hwy 98 and Ann Drive","LocCity":"WAKULLA","LocCounty":"LEON","LocState":"FL","Nepa":"N","QZone":"0        NaN\n1        NaN\n2        NaN\n3        NaN\n4        NaN\n        ... \n24924    NaN\n24925    NaN\n24926    NaN\n24927    NaN\n24928    NaN\nName: 36, Length: 24929, dtype: object","TowReg":1026888,"SupStruc":121.90000000000001,"AllStruc":125.5,"StrucType":"TOWER","LicStatus":"A","latdec":30.135861111099999,"londec":-84.360805555599995,"url":"http://wireless2.fcc.gov/UlsApp/UlsSearch/licenseLocSum.jsp?licKey=12317"}},{"type":"Feature","id":472,"geometry":{"type":"Point","coordinates":[-84.457416667127688,30.504083332754817]},"properties":{"FID":472,"OBJECTID":7948,"UniqSysID":12317,"Licensee":"ALLTEL Corporation","Callsign":"KNKA432","LocNum":4,"LatDeg":30,"LatMin":30,"LatSec":14.699999999999999,"LatDir":"N","LonDeg":84,"LonMin":27,"LonSec":26.699999999999999,"LonDir":"W","LocAdd":".75 MILES NORTHWEST OF MIDWAY AND .4 MILES SOUTHWEST OF U.S. ROUTE 90","LocCity":"MIDWAY","LocCounty":"GADSDEN","LocState":"FL","Nepa":"N","QZone":"0        NaN\n1        NaN\n2        NaN\n3        NaN\n4        NaN\n        ... \n24924    NaN\n24925    NaN\n24926    NaN\n24927    NaN\n24928    NaN\nName: 36, Length: 24929, dtype: object","TowReg":0,"SupStruc":0,"AllStruc":0,"StrucType":" ","LicStatus":"A","latdec":30.504083333299999,"londec":-84.457416666699999,"url":"http://wireless2.fcc.gov/UlsApp/UlsSearch/licenseLocSum.jsp?licKey=12317"}},{"type":"Feature","id":473,"geometry":{"type":"Point","coordinates":[-84.141666667289201,30.417499999966367]},"properties":{"FID":473,"OBJECTID":7949,"UniqSysID":12317,"Licensee":"ALLTEL Corporation","Callsign":"KNKA432","LocNum":5,"LatDeg":30,"LatMin":25,"LatSec":3,"LatDir":"N","LonDeg":84,"LonMin":8,"LonSec":30,"LonDir":"W","LocAdd":"BEHIND 8023 HWY 27 SOUTH","LocCity":"TALLAHASSEE","LocCounty":"LEON","LocState":"FL","Nepa":"N","QZone":"0        NaN\n1        NaN\n2        NaN\n3        NaN\n4        NaN\n        ... \n24924    NaN\n24925    NaN\n24926    NaN\n24927    NaN\n24928    NaN\nName: 36, Length: 24929, dtype: object","TowReg":1026879,"SupStruc":121.90000000000001,"AllStruc":126.5,"StrucType":"TOWER","LicStatus":"A","latdec":30.4175,"londec":-84.141666666700004,"url":"http://wireless2.fcc.gov/UlsApp/UlsSearch/licenseLocSum.jsp?licKey=12317"}},{"type":"Feature","id":474,"geometry":{"type":"Point","coordinates":[-84.702138888778904,30.585472221832504]},"properties":{"FID":474,"OBJECTID":7950,"UniqSysID":12317,"Licensee":"ALLTEL Corporation","Callsign":"KNKA432","LocNum":6,"LatDeg":30,"LatMin":35,"LatSec":7.7000000000000002,"LatDir":"N","LonDeg":84,"LonMin":42,"LonSec":7.7000000000000002,"LonDir":"W","LocAdd":"CELL GREENSBORO INTERSECTION OF I10 AND HWY 12","LocCity":"GREENSBORO","LocCounty":"GADSDEN","LocState":"FL","Nepa":"N","QZone":"0        NaN\n1        NaN\n2        NaN\n3        NaN\n4        NaN\n        ... \n24924    NaN\n24925    NaN\n24926    NaN\n24927    NaN\n24928    NaN\nName: 36, Length: 24929, dtype: object","TowReg":0,"SupStruc":0,"AllStruc":0,"StrucType":" ","LicStatus":"A","latdec":30.5854722222,"londec":-84.702138888899995,"url":"http://wireless2.fcc.gov/UlsApp/UlsSearch/licenseLocSum.jsp?licKey=12317"}},{"type":"Feature","id":475,"geometry":{"type":"Point","coordinates":[-84.647972221674763,30.38380555622831]},"properties":{"FID":475,"OBJECTID":7951,"UniqSysID":12317,"Licensee":"ALLTEL Corporation","Callsign":"KNKA432","LocNum":7,"LatDeg":30,"LatMin":23,"LatSec":1.7,"LatDir":"N","LonDeg":84,"LonMin":38,"LonSec":52.700000000000003,"LonDir":"W","LocAdd":"Cell Bloxham 22,000 Old Blountston Hwy","LocCity":"Tallahassee","LocCounty":"LEON","LocState":"FL","Nepa":"N","QZone":"0        NaN\n1        NaN\n2        NaN\n3        NaN\n4        NaN\n        ... \n24924    NaN\n24925    NaN\n24926    NaN\n24927    NaN\n24928    NaN\nName: 36, Length: 24929, dtype: object","TowReg":0,"SupStruc":0,"AllStruc":0,"StrucType":" ","LicStatus":"A","latdec":30.383805555599999,"londec":-84.647972222199996,"url":"http://wireless2.fcc.gov/UlsApp/UlsSearch/licenseLocSum.jsp?licKey=12317"}},{"type":"Feature","id":476,"geometry":{"type":"Point","coordinates":[-84.424611111029947,30.607999999814922]},"properties":{"FID":476,"OBJECTID":7952,"UniqSysID":12317,"Licensee":"ALLTEL Corporation","Callsign":"KNKA432","LocNum":8,"LatDeg":30,"LatMin":36,"LatSec":28.800000000000001,"LatDir":"N","LonDeg":84,"LonMin":25,"LonSec":28.600000000000001,"LonDir":"W","LocAdd":"3900' NNW FROM THE INTERSECTION OF US HWY. 27 & ST. RT. 159","LocCity":"Havana","LocCounty":"GADSDEN","LocState":"FL","Nepa":"N","QZone":"0        NaN\n1        NaN\n2        NaN\n3        NaN\n4        NaN\n        ... \n24924    NaN\n24925    NaN\n24926    NaN\n24927    NaN\n24928    NaN\nName: 36, Length: 24929, dtype: object","TowReg":1026897,"SupStruc":76.200000000000003,"AllStruc":81.700000000000003,"StrucType":"TOWER","LicStatus":"A","latdec":30.608000000000001,"londec":-84.424611111100006,"url":"http://wireless2.fcc.gov/UlsApp/UlsSearch/licenseLocSum.jsp?licKey=12317"}},{"type":"Feature","id":477,"geometry":{"type":"Point","coordinates":[-84.210444445066003,30.663250000335211]},"properties":{"FID":477,"OBJECTID":7953,"UniqSysID":12317,"Licensee":"ALLTEL Corporation","Callsign":"KNKA432","LocNum":9,"LatDeg":30,"LatMin":39,"LatSec":47.700000000000003,"LatDir":"N","LonDeg":84,"LonMin":12,"LonSec":37.600000000000001,"LonDir":"W","LocAdd":"319 & GEORGIA CELL SITE - 3 MILES WEST OF US 319 ON CR 12","LocCity":"TALLAHASSEE","LocCounty":"LEON","LocState":"FL","Nepa":"N","QZone":"0        NaN\n1        NaN\n2        NaN\n3        NaN\n4        NaN\n        ... \n24924    NaN\n24925    NaN\n24926    NaN\n24927    NaN\n24928    NaN\nName: 36, Length: 24929, dtype: object","TowReg":1030096,"SupStruc":91.400000000000006,"AllStruc":95.700000000000003,"StrucType":"TOWER","LicStatus":"A","latdec":30.663250000000001,"londec":-84.210444444399997,"url":"http://wireless2.fcc.gov/UlsApp/UlsSearch/licenseLocSum.jsp?licKey=12317"}},{"type":"Feature","id":478,"geometry":{"type":"Point","coordinates":[-84.222416666556626,30.203194444079259]},"properties":{"FID":478,"OBJECTID":7954,"UniqSysID":12317,"Licensee":"ALLTEL Corporation","Callsign":"KNKA432","LocNum":10,"LatDeg":30,"LatMin":12,"LatSec":11.5,"LatDir":"N","LonDeg":84,"LonMin":13,"LonSec":20.699999999999999,"LonDir":"W","LocAdd":"St Marks Cell Sote - 193 KINSEY RD.","LocCity":"CRAWFORDVILLE","LocCounty":"WAKULLA","LocState":"FL","Nepa":"N","QZone":"0        NaN\n1        NaN\n2        NaN\n3        NaN\n4        NaN\n        ... \n24924    NaN\n24925    NaN\n24926    NaN\n24927    NaN\n24928    NaN\nName: 36, Length: 24929, dtype: object","TowReg":1206289,"SupStruc":76.200000000000003,"AllStruc":80.5,"StrucType":"TOWER","LicStatus":"A","latdec":30.203194444400001,"londec":-84.222416666699999,"url":"http://wireless2.fcc.gov/UlsApp/UlsSearch/licenseLocSum.jsp?licKey=12317"}},{"type":"Feature","id":479,"geometry":{"type":"Point","coordinates":[-84.397750000017936,30.035694443996761]},"properties":{"FID":479,"OBJECTID":7955,"UniqSysID":12317,"Licensee":"ALLTEL Corporation","Callsign":"KNKA432","LocNum":11,"LatDeg":30,"LatMin":2,"LatSec":8.5,"LatDir":"N","LonDeg":84,"LonMin":23,"LonSec":51.899999999999999,"LonDir":"W","LocAdd":"Panacea Cell Site - 160 Jer-Be-Lou Boulevard","LocCity":"Panacea","LocCounty":"WAKULLA","LocState":"FL","Nepa":"N","QZone":"0        NaN\n1        NaN\n2        NaN\n3        NaN\n4        NaN\n        ... \n24924    NaN\n24925    NaN\n24926    NaN\n24927    NaN\n24928    NaN\nName: 36, Length: 24929, dtype: object","TowReg":1201220,"SupStruc":76.5,"AllStruc":80.799999999999997,"StrucType":"TOWER","LicStatus":"A","latdec":30.035694444400001,"londec":-84.397750000000002,"url":"http://wireless2.fcc.gov/UlsApp/UlsSearch/licenseLocSum.jsp?licKey=12317"}},{"type":"Feature","id":480,"geometry":{"type":"Point","coordinates":[-84.839250000150514,30.693805555867698]},"properties":{"FID":480,"OBJECTID":7956,"UniqSysID":12317,"Licensee":"ALLTEL Corporation","Callsign":"KNKA432","LocNum":12,"LatDeg":30,"LatMin":41,"LatSec":37.700000000000003,"LatDir":"N","LonDeg":84,"LonMin":50,"LonSec":21.300000000000001,"LonDir":"W","LocAdd":"(Chattahoochee site) 115 A Lincoln Drive","LocCity":"Chattahoochee","LocCounty":"GADSDEN","LocState":"FL","Nepa":"N","QZone":"0        NaN\n1        NaN\n2        NaN\n3        NaN\n4        NaN\n        ... \n24924    NaN\n24925    NaN\n24926    NaN\n24927    NaN\n24928    NaN\nName: 36, Length: 24929, dtype: object","TowReg":1253531,"SupStruc":91.400000000000006,"AllStruc":94.5,"StrucType":"TOWER","LicStatus":"A","latdec":30.693805555600001,"londec":-84.839250000000007,"url":"http://wireless2.fcc.gov/UlsApp/UlsSearch/licenseLocSum.jsp?licKey=12317"}},{"type":"Feature","id":481,"geometry":{"type":"Point","coordinates":[-84.482194443960395,30.067722221958434]},"properties":{"FID":481,"OBJECTID":7957,"UniqSysID":12317,"Licensee":"ALLTEL Corporation","Callsign":"KNKA432","LocNum":13,"LatDeg":30,"LatMin":4,"LatSec":3.7999999999999998,"LatDir":"N","LonDeg":84,"LonMin":28,"LonSec":55.899999999999999,"LonDir":"W","LocAdd":"(Sopchoppy site) 214 PULLBACK ROAD","LocCity":"SOPCHOPPY","LocCounty":"WAKULLA","LocState":"FL","Nepa":"N","QZone":"0        NaN\n1        NaN\n2        NaN\n3        NaN\n4        NaN\n        ... \n24924    NaN\n24925    NaN\n24926    NaN\n24927    NaN\n24928    NaN\nName: 36, Length: 24929, dtype: object","TowReg":1219871,"SupStruc":100.59999999999999,"AllStruc":104.90000000000001,"StrucType":"TOWER","LicStatus":"A","latdec":30.0677222222,"londec":-84.482194444399994,"url":"http://wireless2.fcc.gov/UlsApp/UlsSearch/licenseLocSum.jsp?licKey=12317"}},{"type":"Feature","id":482,"geometry":{"type":"Point","coordinates":[-84.374444444256596,30.109500000233481]},"properties":{"FID":482,"OBJECTID":7958,"UniqSysID":12317,"Licensee":"ALLTEL Corporation","Callsign":"KNKA432","LocNum":14,"LatDeg":30,"LatMin":6,"LatSec":34.200000000000003,"LatDir":"N","LonDeg":84,"LonMin":22,"LonSec":28,"LonDir":"W","LocAdd":"(Intrepid Medart site) NE OF HWY 98, 1/2MILE PAST WAKULLA COUNTY HIGH SCHOOL","LocCity":"CRAWFORDVILLE","LocCounty":"WAKULLA","LocState":"FL","Nepa":"N","QZone":"0        NaN\n1        NaN\n2        NaN\n3        NaN\n4        NaN\n        ... \n24924    NaN\n24925    NaN\n24926    NaN\n24927    NaN\n24928    NaN\nName: 36, Length: 24929, dtype: object","TowReg":1215931,"SupStruc":76.200000000000003,"AllStruc":78.299999999999997,"StrucType":"TOWER","LicStatus":"A","latdec":30.109500000000001,"londec":-84.374444444399998,"url":"http://wireless2.fcc.gov/UlsApp/UlsSearch/licenseLocSum.jsp?licKey=12317"}},{"type":"Feature","id":483,"geometry":{"type":"Point","coordinates":[-82.536111110698471,27.475555554991672]},"properties":{"FID":483,"OBJECTID":8060,"UniqSysID":12327,"Licensee":"ALLTEL Corporation","Callsign":"KNKA615","LocNum":1,"LatDeg":27,"LatMin":28,"LatSec":32,"LatDir":"N","LonDeg":82,"LonMin":32,"LonSec":10,"LonDir":"W","LocAdd":"2148 26TH AVE E","LocCity":"BRADENTON","LocCounty":"MANATEE","LocState":"FL","Nepa":"N","QZone":"0        NaN\n1        NaN\n2        NaN\n3        NaN\n4        NaN\n        ... \n24924    NaN\n24925    NaN\n24926    NaN\n24927    NaN\n24928    NaN\nName: 36, Length: 24929, dtype: object","TowReg":1027617,"SupStruc":151.40000000000001,"AllStruc":152.40000000000001,"StrucType":"TOWER","LicStatus":"A","latdec":27.4755555556,"londec":-82.536111111099999,"url":"http://wireless2.fcc.gov/UlsApp/UlsSearch/licenseLocSum.jsp?licKey=12327"}},{"type":"Feature","id":484,"geometry":{"type":"Point","coordinates":[-82.247861110888493,27.47336111212087]},"properties":{"FID":484,"OBJECTID":8061,"UniqSysID":12327,"Licensee":"ALLTEL Corporation","Callsign":"KNKA615","LocNum":2,"LatDeg":27,"LatMin":28,"LatSec":24.100000000000001,"LatDir":"N","LonDeg":82,"LonMin":14,"LonSec":52.299999999999997,"LonDir":"W","LocAdd":"3 MILES E INT ST RDS 64 & 675","LocCity":"MYAKKA CITY","LocCounty":"MANATEE","LocState":"FL","Nepa":"N","QZone":"0        NaN\n1        NaN\n2        NaN\n3        NaN\n4        NaN\n        ... \n24924    NaN\n24925    NaN\n24926    NaN\n24927    NaN\n24928    NaN\nName: 36, Length: 24929, dtype: object","TowReg":1010642,"SupStruc":91.099999999999994,"AllStruc":91.099999999999994,"StrucType":"MAST","LicStatus":"A","latdec":27.473361111100001,"londec":-82.247861111099994,"url":"http://wireless2.fcc.gov/UlsApp/UlsSearch/licenseLocSum.jsp?licKey=12327"}},{"type":"Feature","id":485,"geometry":{"type":"Point","coordinates":[-81.859361112444276,27.215611110985492]},"properties":{"FID":485,"OBJECTID":8062,"UniqSysID":12327,"Licensee":"ALLTEL Corporation","Callsign":"KNKA615","LocNum":5,"LatDeg":27,"LatMin":12,"LatSec":56.200000000000003,"LatDir":"N","LonDeg":81,"LonMin":51,"LonSec":33.700000000000003,"LonDir":"W","LocAdd":"1521 East Oak Street","LocCity":"ARCADIA","LocCounty":"DESOTO","LocState":"FL","Nepa":"N","QZone":"0        NaN\n1        NaN\n2        NaN\n3        NaN\n4        NaN\n        ... \n24924    NaN\n24925    NaN\n24926    NaN\n24927    NaN\n24928    NaN\nName: 36, Length: 24929, dtype: object","TowReg":1028922,"SupStruc":79.200000000000003,"AllStruc":82,"StrucType":"TOWER","LicStatus":"A","latdec":27.215611111099999,"londec":-81.8593611111,"url":"http://wireless2.fcc.gov/UlsApp/UlsSearch/licenseLocSum.jsp?licKey=12327"}},{"type":"Feature","id":486,"geometry":{"type":"Point","coordinates":[-82.181194444098026,27.272833333384028]},"properties":{"FID":486,"OBJECTID":8063,"UniqSysID":12327,"Licensee":"ALLTEL Corporation","Callsign":"KNKA615","LocNum":7,"LatDeg":27,"LatMin":16,"LatSec":22.199999999999999,"LatDir":"N","LonDeg":82,"LonMin":10,"LonSec":52.299999999999997,"LonDir":"W","LocAdd":"35200 CLAY GULLY RD 300 FT S OF CLAY GULLY RD.","LocCity":"Myakka City","LocCounty":"MANATEE","LocState":"FL","Nepa":"N","QZone":"0        NaN\n1        NaN\n2        NaN\n3        NaN\n4        NaN\n        ... \n24924    NaN\n24925    NaN\n24926    NaN\n24927    NaN\n24928    NaN\nName: 36, Length: 24929, dtype: object","TowReg":1010542,"SupStruc":91.099999999999994,"AllStruc":91.099999999999994,"StrucType":"TOWER","LicStatus":"A","latdec":27.272833333299999,"londec":-82.181194444400006,"url":"http://wireless2.fcc.gov/UlsApp/UlsSearch/licenseLocSum.jsp?licKey=12327"}},{"type":"Feature","id":487,"geometry":{"type":"Point","coordinates":[-82.228472222342418,27.075583334283635]},"properties":{"FID":487,"OBJECTID":8064,"UniqSysID":12327,"Licensee":"ALLTEL Corporation","Callsign":"KNKA615","LocNum":11,"LatDeg":27,"LatMin":4,"LatSec":32.100000000000001,"LatDir":"N","LonDeg":82,"LonMin":13,"LonSec":42.5,"LonDir":"W","LocAdd":"6654 WEST PRICE BLVD","LocCity":"North Port","LocCounty":"SARASOTA","LocState":"FL","Nepa":"N","QZone":"0        NaN\n1        NaN\n2        NaN\n3        NaN\n4        NaN\n        ... \n24924    NaN\n24925    NaN\n24926    NaN\n24927    NaN\n24928    NaN\nName: 36, Length: 24929, dtype: object","TowReg":1015215,"SupStruc":86.900000000000006,"AllStruc":90.5,"StrucType":"TOWER","LicStatus":"A","latdec":27.075583333299999,"londec":-82.228472222199997,"url":"http://wireless2.fcc.gov/UlsApp/UlsSearch/licenseLocSum.jsp?licKey=12327"}},{"type":"Feature","id":488,"geometry":{"type":"Point","coordinates":[-82.530722222411896,27.392722221614349]},"properties":{"FID":488,"OBJECTID":8065,"UniqSysID":12327,"Licensee":"ALLTEL Corporation","Callsign":"KNKA615","LocNum":16,"LatDeg":27,"LatMin":23,"LatSec":33.799999999999997,"LatDir":"N","LonDeg":82,"LonMin":31,"LonSec":50.600000000000001,"LonDir":"W","LocAdd":"(Stephens Point) 463' E OF 25 COURT E & 360' S OF 81ST PLACE E","LocCity":"Sarasota","LocCounty":"MANATEE","LocState":"FL","Nepa":"N","QZone":"0        NaN\n1        NaN\n2        NaN\n3        NaN\n4        NaN\n        ... \n24924    NaN\n24925    NaN\n24926    NaN\n24927    NaN\n24928    NaN\nName: 36, Length: 24929, dtype: object","TowReg":1008746,"SupStruc":35.600000000000001,"AllStruc":39,"StrucType":"MTOWER","LicStatus":"A","latdec":27.3927222222,"londec":-82.530722222199998,"url":"http://wireless2.fcc.gov/UlsApp/UlsSearch/licenseLocSum.jsp?licKey=12327"}},{"type":"Feature","id":489,"geometry":{"type":"Point","coordinates":[-82.64666666671377,27.461944445359052]},"properties":{"FID":489,"OBJECTID":8066,"UniqSysID":12327,"Licensee":"ALLTEL Corporation","Callsign":"KNKA615","LocNum":17,"LatDeg":27,"LatMin":27,"LatSec":43,"LatDir":"N","LonDeg":82,"LonMin":38,"LonSec":48,"LonDir":"W","LocAdd":"(Cortez) 8500 W 44TH AVE .2 MI W OF 82ND ST","LocCity":"BRADENTON","LocCounty":"MANATEE","LocState":"FL","Nepa":"N","QZone":"0        NaN\n1        NaN\n2        NaN\n3        NaN\n4        NaN\n        ... \n24924    NaN\n24925    NaN\n24926    NaN\n24927    NaN\n24928    NaN\nName: 36, Length: 24929, dtype: object","TowReg":1010540,"SupStruc":36.5,"AllStruc":36.5,"StrucType":"LTOWER","LicStatus":"A","latdec":27.4619444444,"londec":-82.6466666667,"url":"http://wireless2.fcc.gov/UlsApp/UlsSearch/licenseLocSum.jsp?licKey=12327"}},{"type":"Feature","id":490,"geometry":{"type":"Point","coordinates":[-82.839277777734878,29.731222221639712]},"properties":{"FID":490,"OBJECTID":9396,"UniqSysID":12414,"Licensee":"New Cingular Wireless PCS, LLC","Callsign":"KNKN773","LocNum":5,"LatDeg":29,"LatMin":43,"LatSec":52.399999999999999,"LatDir":"N","LonDeg":82,"LonMin":50,"LonSec":21.399999999999999,"LonDir":"W","LocAdd":"140 SOUTHWEST 15TH COURT (45017)","LocCity":"BELL","LocCounty":"GILCHRIST","LocState":"FL","Nepa":"N","QZone":"0        NaN\n1        NaN\n2        NaN\n3        NaN\n4        NaN\n        ... \n24924    NaN\n24925    NaN\n24926    NaN\n24927    NaN\n24928    NaN\nName: 36, Length: 24929, dtype: object","TowReg":1029031,"SupStruc":91.700000000000003,"AllStruc":97.200000000000003,"StrucType":"GTOWER","LicStatus":"A","latdec":29.7312222222,"londec":-82.839277777800007,"url":"http://wireless2.fcc.gov/UlsApp/UlsSearch/licenseLocSum.jsp?licKey=12414"}},{"type":"Feature","id":491,"geometry":{"type":"Point","coordinates":[-83.23047222256821,29.661666667349948]},"properties":{"FID":491,"OBJECTID":9397,"UniqSysID":12414,"Licensee":"New Cingular Wireless PCS, LLC","Callsign":"KNKN773","LocNum":7,"LatDeg":29,"LatMin":39,"LatSec":42,"LatDir":"N","LonDeg":83,"LonMin":13,"LonSec":49.700000000000003,"LonDir":"W","LocAdd":"714 Southwest 267 Avenue (45020)","LocCity":"HORSESHOE BEACH","LocCounty":"DIXIE","LocState":"FL","Nepa":"N","QZone":"0        NaN\n1        NaN\n2        NaN\n3        NaN\n4        NaN\n        ... \n24924    NaN\n24925    NaN\n24926    NaN\n24927    NaN\n24928    NaN\nName: 36, Length: 24929, dtype: object","TowReg":1003397,"SupStruc":91.700000000000003,"AllStruc":94.5,"StrucType":"GTOWER","LicStatus":"A","latdec":29.6616666667,"londec":-83.230472222200007,"url":"http://wireless2.fcc.gov/UlsApp/UlsSearch/licenseLocSum.jsp?licKey=12414"}},{"type":"Feature","id":492,"geometry":{"type":"Point","coordinates":[-82.672777777888427,29.748222221836215]},"properties":{"FID":492,"OBJECTID":9398,"UniqSysID":12414,"Licensee":"New Cingular Wireless PCS, LLC","Callsign":"KNKN773","LocNum":11,"LatDeg":29,"LatMin":44,"LatSec":53.600000000000001,"LatDir":"N","LonDeg":82,"LonMin":40,"LonSec":22,"LonDir":"W","LocAdd":"530 NORTHEAST COUNTY ROAD 337 (45025)","LocCity":"TRENTON","LocCounty":"GILCHRIST","LocState":"FL","Nepa":"N","QZone":"0        NaN\n1        NaN\n2        NaN\n3        NaN\n4        NaN\n        ... \n24924    NaN\n24925    NaN\n24926    NaN\n24927    NaN\n24928    NaN\nName: 36, Length: 24929, dtype: object","TowReg":1213286,"SupStruc":121.90000000000001,"AllStruc":128,"StrucType":"GTOWER","LicStatus":"A","latdec":29.748222222199999,"londec":-82.672777777799993,"url":"http://wireless2.fcc.gov/UlsApp/UlsSearch/licenseLocSum.jsp?licKey=12414"}},{"type":"Feature","id":493,"geometry":{"type":"Point","coordinates":[-82.98263888894985,29.203722222129159]},"properties":{"FID":493,"OBJECTID":9399,"UniqSysID":12414,"Licensee":"New Cingular Wireless PCS, LLC","Callsign":"KNKN773","LocNum":13,"LatDeg":29,"LatMin":12,"LatSec":13.4,"LatDir":"N","LonDeg":82,"LonMin":58,"LonSec":57.5,"LonDir":"W","LocAdd":"8551 SOUTHWEST 125TH COURT (45019)","LocCity":"CEDAR KEY","LocCounty":"LEVY","LocState":"FL","Nepa":"N","QZone":"0        NaN\n1        NaN\n2        NaN\n3        NaN\n4        NaN\n        ... \n24924    NaN\n24925    NaN\n24926    NaN\n24927    NaN\n24928    NaN\nName: 36, Length: 24929, dtype: object","TowReg":1030477,"SupStruc":91.400000000000006,"AllStruc":93.900000000000006,"StrucType":"GTOWER","LicStatus":"A","latdec":29.2037222222,"londec":-82.982638888899999,"url":"http://wireless2.fcc.gov/UlsApp/UlsSearch/licenseLocSum.jsp?licKey=12414"}},{"type":"Feature","id":494,"geometry":{"type":"Point","coordinates":[-82.440305554780082,29.255916666820781]},"properties":{"FID":494,"OBJECTID":9400,"UniqSysID":12414,"Licensee":"New Cingular Wireless PCS, LLC","Callsign":"KNKN773","LocNum":19,"LatDeg":29,"LatMin":15,"LatSec":21.300000000000001,"LatDir":"N","LonDeg":82,"LonMin":26,"LonSec":25.100000000000001,"LonDir":"W","LocAdd":"5353 SE Hwy 41 (79031)","LocCity":"Morriston","LocCounty":"LEVY","LocState":"FL","Nepa":"N","QZone":"0        NaN\n1        NaN\n2        NaN\n3        NaN\n4        NaN\n        ... \n24924    NaN\n24925    NaN\n24926    NaN\n24927    NaN\n24928    NaN\nName: 36, Length: 24929, dtype: object","TowReg":1216674,"SupStruc":105.5,"AllStruc":106.7,"StrucType":"GTOWER","LicStatus":"A","latdec":29.255916666699999,"londec":-82.440305555600006,"url":"http://wireless2.fcc.gov/UlsApp/UlsSearch/licenseLocSum.jsp?licKey=12414"}},{"type":"Feature","id":495,"geometry":{"type":"Point","coordinates":[-82.451166667163761,29.321972221962938]},"properties":{"FID":495,"OBJECTID":9401,"UniqSysID":12414,"Licensee":"New Cingular Wireless PCS, LLC","Callsign":"KNKN773","LocNum":20,"LatDeg":29,"LatMin":19,"LatSec":19.100000000000001,"LatDir":"N","LonDeg":82,"LonMin":27,"LonSec":4.2000000000000002,"LonDir":"W","LocAdd":"591 S.E. HIGHWAY 41 (65257)","LocCity":"Williston","LocCounty":"LEVY","LocState":"FL","Nepa":"N","QZone":"0        NaN\n1        NaN\n2        NaN\n3        NaN\n4        NaN\n        ... \n24924    NaN\n24925    NaN\n24926    NaN\n24927    NaN\n24928    NaN\nName: 36, Length: 24929, dtype: object","TowReg":1243756,"SupStruc":76.5,"AllStruc":77.700000000000003,"StrucType":"LTOWER","LicStatus":"A","latdec":29.321972222199999,"londec":-82.451166666700004,"url":"http://wireless2.fcc.gov/UlsApp/UlsSearch/licenseLocSum.jsp?licKey=12414"}},{"type":"Feature","id":496,"geometry":{"type":"Point","coordinates":[-82.4834444450658,29.455499999967969]},"properties":{"FID":496,"OBJECTID":9402,"UniqSysID":12414,"Licensee":"New Cingular Wireless PCS, LLC","Callsign":"KNKN773","LocNum":21,"LatDeg":29,"LatMin":27,"LatSec":19.800000000000001,"LatDir":"N","LonDeg":82,"LonMin":29,"LonSec":0.40000000000000002,"LonDir":"W","LocAdd":"17266 NE 85th Street   (79033)","LocCity":"Williston","LocCounty":"LEVY","LocState":"FL","Nepa":"N","QZone":"0        NaN\n1        NaN\n2        NaN\n3        NaN\n4        NaN\n        ... \n24924    NaN\n24925    NaN\n24926    NaN\n24927    NaN\n24928    NaN\nName: 36, Length: 24929, dtype: object","TowReg":1244653,"SupStruc":76.200000000000003,"AllStruc":77.700000000000003,"StrucType":"GTOWER","LicStatus":"A","latdec":29.455500000000001,"londec":-82.483444444400007,"url":"http://wireless2.fcc.gov/UlsApp/UlsSearch/licenseLocSum.jsp?licKey=12414"}},{"type":"Feature","id":497,"geometry":{"type":"Point","coordinates":[-82.980666665591343,29.61191666695936]},"properties":{"FID":497,"OBJECTID":9403,"UniqSysID":12414,"Licensee":"New Cingular Wireless PCS, LLC","Callsign":"KNKN773","LocNum":18,"LatDeg":29,"LatMin":36,"LatSec":42.899999999999999,"LatDir":"N","LonDeg":82,"LonMin":58,"LonSec":50.399999999999999,"LonDir":"W","LocAdd":"702 NE 349 HWY (45022)","LocCity":"OLD TOWN","LocCounty":"DIXIE","LocState":"FL","Nepa":"N","QZone":"0        NaN\n1        NaN\n2        NaN\n3        NaN\n4        NaN\n        ... \n24924    NaN\n24925    NaN\n24926    NaN\n24927    NaN\n24928    NaN\nName: 36, Length: 24929, dtype: object","TowReg":1054262,"SupStruc":107,"AllStruc":112.8,"StrucType":"LTOWER","LicStatus":"A","latdec":29.611916666700001,"londec":-82.980666666700003,"url":"http://wireless2.fcc.gov/UlsApp/UlsSearch/licenseLocSum.jsp?licKey=12414"}},{"type":"Feature","id":498,"geometry":{"type":"Point","coordinates":[-82.663833332554361,29.041861111023024]},"properties":{"FID":498,"OBJECTID":9404,"UniqSysID":12414,"Licensee":"New Cingular Wireless PCS, LLC","Callsign":"KNKN773","LocNum":14,"LatDeg":29,"LatMin":2,"LatSec":30.699999999999999,"LatDir":"N","LonDeg":82,"LonMin":39,"LonSec":49.799999999999997,"LonDir":"W","LocAdd":"58 DIANA ST (79030)","LocCity":"INGLIS","LocCounty":"LEVY","LocState":"FL","Nepa":"N","QZone":"0        NaN\n1        NaN\n2        NaN\n3        NaN\n4        NaN\n        ... \n24924    NaN\n24925    NaN\n24926    NaN\n24927    NaN\n24928    NaN\nName: 36, Length: 24929, dtype: object","TowReg":1239689,"SupStruc":91.400000000000006,"AllStruc":93.599999999999994,"StrucType":"GTOWER","LicStatus":"A","latdec":29.041861111100001,"londec":-82.663833333300005,"url":"http://wireless2.fcc.gov/UlsApp/UlsSearch/licenseLocSum.jsp?licKey=12414"}},{"type":"Feature","id":499,"geometry":{"type":"Point","coordinates":[-82.634694445223147,29.09769444378361]},"properties":{"FID":499,"OBJECTID":9405,"UniqSysID":12414,"Licensee":"New Cingular Wireless PCS, LLC","Callsign":"KNKN773","LocNum":15,"LatDeg":29,"LatMin":5,"LatSec":51.700000000000003,"LatDir":"N","LonDeg":82,"LonMin":38,"LonSec":4.9000000000000004,"LonDir":"W","LocAdd":"15851 SE HWY 19 (65255)","LocCity":"INGLIS","LocCounty":"LEVY","LocState":"FL","Nepa":"N","QZone":"0        NaN\n1        NaN\n2        NaN\n3        NaN\n4        NaN\n        ... \n24924    NaN\n24925    NaN\n24926    NaN\n24927    NaN\n24928    NaN\nName: 36, Length: 24929, dtype: object","TowReg":1050573,"SupStruc":91.400000000000006,"AllStruc":94.200000000000003,"StrucType":"GTOWER","LicStatus":"A","latdec":29.097694444399998,"londec":-82.634694444399997,"url":"http://wireless2.fcc.gov/UlsApp/UlsSearch/licenseLocSum.jsp?licKey=12414"}},{"type":"Feature","id":500,"geometry":{"type":"Point","coordinates":[-85.290972221853735,29.784972221705402]},"properties":{"FID":500,"OBJECTID":9406,"UniqSysID":12415,"Licensee":"New Cingular Wireless PCS, LLC","Callsign":"KNKQ290","LocNum":1,"LatDeg":29,"LatMin":47,"LatSec":5.9000000000000004,"LatDir":"N","LonDeg":85,"LonMin":17,"LonSec":27.5,"LonDir":"W","LocAdd":"2763 Long Avenue Extension  (45126)","LocCity":"Port Saint Joe","LocCounty":"GULF","LocState":"FL","Nepa":"N","QZone":"0        NaN\n1        NaN\n2        NaN\n3        NaN\n4        NaN\n        ... \n24924    NaN\n24925    NaN\n24926    NaN\n24927    NaN\n24928    NaN\nName: 36, Length: 24929, dtype: object","TowReg":1265684,"SupStruc":103.59999999999999,"AllStruc":106.09999999999999,"StrucType":"GTOWER","LicStatus":"A","latdec":29.7849722222,"londec":-85.290972222199997,"url":"http://wireless2.fcc.gov/UlsApp/UlsSearch/licenseLocSum.jsp?licKey=12415"}},{"type":"Feature","id":501,"geometry":{"type":"Point","coordinates":[-84.889666667169138,29.732583333775779]},"properties":{"FID":501,"OBJECTID":9407,"UniqSysID":12415,"Licensee":"New Cingular Wireless PCS, LLC","Callsign":"KNKQ290","LocNum":2,"LatDeg":29,"LatMin":43,"LatSec":57.299999999999997,"LatDir":"N","LonDeg":84,"LonMin":53,"LonSec":22.800000000000001,"LonDir":"W","LocAdd":"Begonia St 270FT E. of the end  (45121)","LocCity":"EASTPOINT","LocCounty":"FRANKLIN","LocState":"FL","Nepa":"N","QZone":"0        NaN\n1        NaN\n2        NaN\n3        NaN\n4        NaN\n        ... \n24924    NaN\n24925    NaN\n24926    NaN\n24927    NaN\n24928    NaN\nName: 36, Length: 24929, dtype: object","TowReg":1028587,"SupStruc":152.09999999999999,"AllStruc":152.40000000000001,"StrucType":"LTOWER","LicStatus":"A","latdec":29.732583333299999,"londec":-84.889666666699995,"url":"http://wireless2.fcc.gov/UlsApp/UlsSearch/licenseLocSum.jsp?licKey=12415"}},{"type":"Feature","id":502,"geometry":{"type":"Point","coordinates":[-85.219111110713243,30.15613888882018]},"properties":{"FID":502,"OBJECTID":9408,"UniqSysID":12415,"Licensee":"New Cingular Wireless PCS, LLC","Callsign":"KNKQ290","LocNum":3,"LatDeg":30,"LatMin":9,"LatSec":22.100000000000001,"LatDir":"N","LonDeg":85,"LonMin":13,"LonSec":8.8000000000000007,"LonDir":"W","LocAdd":"550 Stone Mill Creek Road  (71431)","LocCity":"WEWAHITCHKA","LocCounty":"GULF","LocState":"FL","Nepa":"N","QZone":"0        NaN\n1        NaN\n2        NaN\n3        NaN\n4        NaN\n        ... \n24924    NaN\n24925    NaN\n24926    NaN\n24927    NaN\n24928    NaN\nName: 36, Length: 24929, dtype: object","TowReg":1029259,"SupStruc":79.900000000000006,"AllStruc":86.299999999999997,"StrucType":"GTOWER","LicStatus":"A","latdec":30.156138888899999,"londec":-85.219111111100005,"url":"http://wireless2.fcc.gov/UlsApp/UlsSearch/licenseLocSum.jsp?licKey=12415"}},{"type":"Feature","id":503,"geometry":{"type":"Point","coordinates":[-84.816972222177128,30.352944444761135]},"properties":{"FID":503,"OBJECTID":9409,"UniqSysID":12415,"Licensee":"New Cingular Wireless PCS, LLC","Callsign":"KNKQ290","LocNum":7,"LatDeg":30,"LatMin":21,"LatSec":10.6,"LatDir":"N","LonDeg":84,"LonMin":49,"LonSec":1.1000000000000001,"LonDir":"W","LocAdd":"18007 NORTHEAST ARNOLD KELLY ROAD  (45128)","LocCity":"Hosford","LocCounty":"LIBERTY","LocState":"FL","Nepa":"N","QZone":"0        NaN\n1        NaN\n2        NaN\n3        NaN\n4        NaN\n        ... \n24924    NaN\n24925    NaN\n24926    NaN\n24927    NaN\n24928    NaN\nName: 36, Length: 24929, dtype: object","TowReg":1029260,"SupStruc":86.900000000000006,"AllStruc":91.400000000000006,"StrucType":"GTOWER","LicStatus":"A","latdec":30.352944444399999,"londec":-84.816972222199993,"url":"http://wireless2.fcc.gov/UlsApp/UlsSearch/licenseLocSum.jsp?licKey=12415"}},{"type":"Feature","id":504,"geometry":{"type":"Point","coordinates":[-84.369611110972755,29.915750000163086]},"properties":{"FID":504,"OBJECTID":9410,"UniqSysID":12415,"Licensee":"New Cingular Wireless PCS, LLC","Callsign":"KNKQ290","LocNum":8,"LatDeg":29,"LatMin":54,"LatSec":56.700000000000003,"LatDir":"N","LonDeg":84,"LonMin":22,"LonSec":10.6,"LonDir":"W","LocAdd":"562 Alligator Drive  (45110)","LocCity":"Panacea","LocCounty":"FRANKLIN","LocState":"FL","Nepa":"N","QZone":"0        NaN\n1        NaN\n2        NaN\n3        NaN\n4        NaN\n        ... \n24924    NaN\n24925    NaN\n24926    NaN\n24927    NaN\n24928    NaN\nName: 36, Length: 24929, dtype: object","TowReg":1030578,"SupStruc":74.700000000000003,"AllStruc":80.799999999999997,"StrucType":"LTOWER","LicStatus":"A","latdec":29.915749999999999,"londec":-84.369611111099999,"url":"http://wireless2.fcc.gov/UlsApp/UlsSearch/licenseLocSum.jsp?licKey=12415"}},{"type":"Feature","id":505,"geometry":{"type":"Point","coordinates":[-85.137916666365811,30.596611111019513]},"properties":{"FID":505,"OBJECTID":9411,"UniqSysID":12415,"Licensee":"New Cingular Wireless PCS, LLC","Callsign":"KNKQ290","LocNum":9,"LatDeg":30,"LatMin":35,"LatSec":47.799999999999997,"LatDir":"N","LonDeg":85,"LonMin":8,"LonSec":16.5,"LonDir":"W","LocAdd":"27568 SR 71 NORTH  (45140)","LocCity":"ALTHA","LocCounty":"CALHOUN","LocState":"FL","Nepa":"N","QZone":"0        NaN\n1        NaN\n2        NaN\n3        NaN\n4        NaN\n        ... \n24924    NaN\n24925    NaN\n24926    NaN\n24927    NaN\n24928    NaN\nName: 36, Length: 24929, dtype: object","TowReg":1236802,"SupStruc":92,"AllStruc":98.200000000000003,"StrucType":"GTOWER","LicStatus":"A","latdec":30.5966111111,"londec":-85.137916666699994,"url":"http://wireless2.fcc.gov/UlsApp/UlsSearch/licenseLocSum.jsp?licKey=12415"}},{"type":"Feature","id":506,"geometry":{"type":"Point","coordinates":[-85.151861111214942,29.711611110759748]},"properties":{"FID":506,"OBJECTID":9412,"UniqSysID":12415,"Licensee":"New Cingular Wireless PCS, LLC","Callsign":"KNKQ290","LocNum":10,"LatDeg":29,"LatMin":42,"LatSec":41.799999999999997,"LatDir":"N","LonDeg":85,"LonMin":9,"LonSec":6.7000000000000002,"LonDir":"W","LocAdd":"2501 CR 30A  (45143)","LocCity":"Appalachicola","LocCounty":"FRANKLIN","LocState":"FL","Nepa":"N","QZone":"0        NaN\n1        NaN\n2        NaN\n3        NaN\n4        NaN\n        ... \n24924    NaN\n24925    NaN\n24926    NaN\n24927    NaN\n24928    NaN\nName: 36, Length: 24929, dtype: object","TowReg":1229787,"SupStruc":76.5,"AllStruc":81.400000000000006,"StrucType":"MTOWER","LicStatus":"A","latdec":29.711611111100002,"londec":-85.151861111100004,"url":"http://wireless2.fcc.gov/UlsApp/UlsSearch/licenseLocSum.jsp?licKey=12415"}},{"type":"Feature","id":507,"geometry":{"type":"Point","coordinates":[-84.865361112223468,29.663194444068949]},"properties":{"FID":507,"OBJECTID":9413,"UniqSysID":12415,"Licensee":"New Cingular Wireless PCS, LLC","Callsign":"KNKQ290","LocNum":17,"LatDeg":29,"LatMin":39,"LatSec":47.5,"LatDir":"N","LonDeg":84,"LonMin":51,"LonSec":55.299999999999997,"LonDir":"W","LocAdd":"116 West Pine Avenue  (119042)","LocCity":"Eastpoint","LocCounty":"FRANKLIN","LocState":"FL","Nepa":"N","QZone":"0        NaN\n1        NaN\n2        NaN\n3        NaN\n4        NaN\n        ... \n24924    NaN\n24925    NaN\n24926    NaN\n24927    NaN\n24928    NaN\nName: 36, Length: 24929, dtype: object","TowReg":0,"SupStruc":35.700000000000003,"AllStruc":37.799999999999997,"StrucType":"TANK","LicStatus":"A","latdec":29.663194444399998,"londec":-84.8653611111,"url":"http://wireless2.fcc.gov/UlsApp/UlsSearch/licenseLocSum.jsp?licKey=12415"}},{"type":"Feature","id":508,"geometry":{"type":"Point","coordinates":[-84.499472222418547,30.032944444069983]},"properties":{"FID":508,"OBJECTID":9414,"UniqSysID":12415,"Licensee":"New Cingular Wireless PCS, LLC","Callsign":"KNKQ290","LocNum":11,"LatDeg":30,"LatMin":1,"LatSec":58.600000000000001,"LatDir":"N","LonDeg":84,"LonMin":29,"LonSec":58.100000000000001,"LonDir":"W","LocAdd":"42 HARMS ROAD  (45120)","LocCity":"SOPCHOPPY","LocCounty":"WAKULLA","LocState":"FL","Nepa":"N","QZone":"0        NaN\n1        NaN\n2        NaN\n3        NaN\n4        NaN\n        ... \n24924    NaN\n24925    NaN\n24926    NaN\n24927    NaN\n24928    NaN\nName: 36, Length: 24929, dtype: object","TowReg":1234047,"SupStruc":90.799999999999997,"AllStruc":99.400000000000006,"StrucType":"LTOWER","LicStatus":"A","latdec":30.032944444400002,"londec":-84.499472222199998,"url":"http://wireless2.fcc.gov/UlsApp/UlsSearch/licenseLocSum.jsp?licKey=12415"}},{"type":"Feature","id":509,"geometry":{"type":"Point","coordinates":[-84.657555556025216,29.847916665839819]},"properties":{"FID":509,"OBJECTID":9415,"UniqSysID":12415,"Licensee":"New Cingular Wireless PCS, LLC","Callsign":"KNKQ290","LocNum":12,"LatDeg":29,"LatMin":50,"LatSec":52.5,"LatDir":"N","LonDeg":84,"LonMin":39,"LonSec":27.199999999999999,"LonDir":"W","LocAdd":"0.25 MI N OF CARRABELLE  (45127)","LocCity":"CARRABELLE","LocCounty":"FRANKLIN","LocState":"FL","Nepa":"N","QZone":"0        NaN\n1        NaN\n2        NaN\n3        NaN\n4        NaN\n        ... \n24924    NaN\n24925    NaN\n24926    NaN\n24927    NaN\n24928    NaN\nName: 36, Length: 24929, dtype: object","TowReg":1029262,"SupStruc":62.200000000000003,"AllStruc":70.700000000000003,"StrucType":"LTOWER","LicStatus":"A","latdec":29.847916666700002,"londec":-84.657555555599998,"url":"http://wireless2.fcc.gov/UlsApp/UlsSearch/licenseLocSum.jsp?licKey=12415"}},{"type":"Feature","id":510,"geometry":{"type":"Point","coordinates":[-84.988305555307761,30.428277777289793]},"properties":{"FID":510,"OBJECTID":9416,"UniqSysID":12415,"Licensee":"New Cingular Wireless PCS, LLC","Callsign":"KNKQ290","LocNum":13,"LatDeg":30,"LatMin":25,"LatSec":41.799999999999997,"LatDir":"N","LonDeg":84,"LonMin":59,"LonSec":17.899999999999999,"LonDir":"W","LocAdd":"10303 Northwest State Road 20  (45129)","LocCity":"BRISTOL","LocCounty":"LIBERTY","LocState":"FL","Nepa":"N","QZone":"0        NaN\n1        NaN\n2        NaN\n3        NaN\n4        NaN\n        ... \n24924    NaN\n24925    NaN\n24926    NaN\n24927    NaN\n24928    NaN\nName: 36, Length: 24929, dtype: object","TowReg":1029173,"SupStruc":135.59999999999999,"AllStruc":140.5,"StrucType":"GTOWER","LicStatus":"A","latdec":30.428277777800002,"londec":-84.988305555599993,"url":"http://wireless2.fcc.gov/UlsApp/UlsSearch/licenseLocSum.jsp?licKey=12415"}},{"type":"Feature","id":511,"geometry":{"type":"Point","coordinates":[-85.301694443914698,30.426250000192454]},"properties":{"FID":511,"OBJECTID":9417,"UniqSysID":12415,"Licensee":"New Cingular Wireless PCS, LLC","Callsign":"KNKQ290","LocNum":14,"LatDeg":30,"LatMin":25,"LatSec":34.5,"LatDir":"N","LonDeg":85,"LonMin":18,"LonSec":6.0999999999999996,"LonDir":"W","LocAdd":"7.5 MILES EAST OF THE INTERSECTION OF US 23 I AND STATE ROAD 20  (45134)","LocCity":"Fountain","LocCounty":"CALHOUN","LocState":"FL","Nepa":"N","QZone":"0        NaN\n1        NaN\n2        NaN\n3        NaN\n4        NaN\n        ... \n24924    NaN\n24925    NaN\n24926    NaN\n24927    NaN\n24928    NaN\nName: 36, Length: 24929, dtype: object","TowReg":1029258,"SupStruc":92,"AllStruc":95.400000000000006,"StrucType":"GTOWER","LicStatus":"A","latdec":30.42625,"londec":-85.301694444399999,"url":"http://wireless2.fcc.gov/UlsApp/UlsSearch/licenseLocSum.jsp?licKey=12415"}},{"type":"Feature","id":512,"geometry":{"type":"Point","coordinates":[-84.590277777923404,29.890611111377211]},"properties":{"FID":512,"OBJECTID":9418,"UniqSysID":12415,"Licensee":"New Cingular Wireless PCS, LLC","Callsign":"KNKQ290","LocNum":15,"LatDeg":29,"LatMin":53,"LatSec":26.199999999999999,"LatDir":"N","LonDeg":84,"LonMin":35,"LonSec":25,"LonDir":"W","LocAdd":"2487 Oak Street   (81532)","LocCity":"Sopchoppy","LocCounty":"FRANKLIN","LocState":"FL","Nepa":"N","QZone":"0        NaN\n1        NaN\n2        NaN\n3        NaN\n4        NaN\n        ... \n24924    NaN\n24925    NaN\n24926    NaN\n24927    NaN\n24928    NaN\nName: 36, Length: 24929, dtype: object","TowReg":1234767,"SupStruc":91.400000000000006,"AllStruc":93.299999999999997,"StrucType":"GTOWER","LicStatus":"A","latdec":29.8906111111,"londec":-84.590277777799997,"url":"http://wireless2.fcc.gov/UlsApp/UlsSearch/licenseLocSum.jsp?licKey=12415"}},{"type":"Feature","id":513,"geometry":{"type":"Point","coordinates":[-84.986888888748467,29.729944444911553]},"properties":{"FID":513,"OBJECTID":9419,"UniqSysID":12415,"Licensee":"New Cingular Wireless PCS, LLC","Callsign":"KNKQ290","LocNum":16,"LatDeg":29,"LatMin":43,"LatSec":47.799999999999997,"LatDir":"N","LonDeg":84,"LonMin":59,"LonSec":12.800000000000001,"LonDir":"W","LocAdd":"ON COMMERCE ST 400' NW OF AVE G   (87022)","LocCity":"Apalachicola","LocCounty":"FRANKLIN","LocState":"FL","Nepa":"N","QZone":"0        NaN\n1        NaN\n2        NaN\n3        NaN\n4        NaN\n        ... \n24924    NaN\n24925    NaN\n24926    NaN\n24927    NaN\n24928    NaN\nName: 36, Length: 24929, dtype: object","TowReg":1028185,"SupStruc":61.299999999999997,"AllStruc":66.799999999999997,"StrucType":"LTOWER","LicStatus":"A","latdec":29.729944444400001,"londec":-84.986888888899998,"url":"http://wireless2.fcc.gov/UlsApp/UlsSearch/licenseLocSum.jsp?licKey=12415"}},{"type":"Feature","id":514,"geometry":{"type":"Point","coordinates":[-85.343333332728946,30.00583333291587]},"properties":{"FID":514,"OBJECTID":9420,"UniqSysID":12415,"Licensee":"New Cingular Wireless PCS, LLC","Callsign":"KNKQ290","LocNum":18,"LatDeg":30,"LatMin":0,"LatSec":21,"LatDir":"N","LonDeg":85,"LonMin":20,"LonSec":36,"LonDir":"W","LocAdd":"178 PEACOCK LANE (152605)","LocCity":"MEXICO BEACH","LocCounty":"GULF","LocState":"FL","Nepa":"N","QZone":"0        NaN\n1        NaN\n2        NaN\n3        NaN\n4        NaN\n        ... \n24924    NaN\n24925    NaN\n24926    NaN\n24927    NaN\n24928    NaN\nName: 36, Length: 24929, dtype: object","TowReg":1040189,"SupStruc":158.19999999999999,"AllStruc":158.19999999999999,"StrucType":"GTOWER","LicStatus":"A","latdec":30.0058333333,"londec":-85.343333333299995,"url":"http://wireless2.fcc.gov/UlsApp/UlsSearch/licenseLocSum.jsp?licKey=12415"}},{"type":"Feature","id":515,"geometry":{"type":"Point","coordinates":[-80.23108333280004,27.33188888912224]},"properties":{"FID":515,"OBJECTID":9521,"UniqSysID":12421,"Licensee":"ALLTEL Corporation","Callsign":"KNKA715","LocNum":18,"LatDeg":27,"LatMin":19,"LatSec":54.799999999999997,"LatDir":"N","LonDeg":80,"LonMin":13,"LonSec":51.899999999999999,"LonDir":"W","LocAdd":"7370 OCEAN DRIVE","LocCity":"JENSEN BEACH","LocCounty":"ST. LUCIE","LocState":"FL","Nepa":"N","QZone":"0        NaN\n1        NaN\n2        NaN\n3        NaN\n4        NaN\n        ... \n24924    NaN\n24925    NaN\n24926    NaN\n24927    NaN\n24928    NaN\nName: 36, Length: 24929, dtype: object","TowReg":0,"SupStruc":32.299999999999997,"AllStruc":39.899999999999999,"StrucType":"B","LicStatus":"A","latdec":27.3318888889,"londec":-80.231083333300006,"url":"http://wireless2.fcc.gov/UlsApp/UlsSearch/licenseLocSum.jsp?licKey=12421"}},{"type":"Feature","id":516,"geometry":{"type":"Point","coordinates":[-80.480333332977636,27.11891666624939]},"properties":{"FID":516,"OBJECTID":9522,"UniqSysID":12421,"Licensee":"ALLTEL Corporation","Callsign":"KNKA715","LocNum":2,"LatDeg":27,"LatMin":7,"LatSec":8.0999999999999996,"LatDir":"N","LonDeg":80,"LonMin":28,"LonSec":49.200000000000003,"LonDir":"W","LocAdd":"7201 SW Allapatah Road","LocCity":"INDIANTOWN","LocCounty":"MARTIN","LocState":"FL","Nepa":"N","QZone":"0        NaN\n1        NaN\n2        NaN\n3        NaN\n4        NaN\n        ... \n24924    NaN\n24925    NaN\n24926    NaN\n24927    NaN\n24928    NaN\nName: 36, Length: 24929, dtype: object","TowReg":1029542,"SupStruc":86,"AllStruc":89,"StrucType":"TOWER","LicStatus":"A","latdec":27.118916666699999,"londec":-80.480333333299996,"url":"http://wireless2.fcc.gov/UlsApp/UlsSearch/licenseLocSum.jsp?licKey=12421"}},{"type":"Feature","id":517,"geometry":{"type":"Point","coordinates":[-80.547583334272645,27.440777778384358]},"properties":{"FID":517,"OBJECTID":9523,"UniqSysID":12421,"Licensee":"ALLTEL Corporation","Callsign":"KNKA715","LocNum":5,"LatDeg":27,"LatMin":26,"LatSec":26.800000000000001,"LatDir":"N","LonDeg":80,"LonMin":32,"LonSec":51.299999999999997,"LonDir":"W","LocAdd":"0.6 MILES SOUTH OF RTE 68 & 11 MI W OF FT PIERCE 21715 Orange Avenue","LocCity":"FT PIERCE","LocCounty":"ST. LUCIE","LocState":"FL","Nepa":"N","QZone":"0        NaN\n1        NaN\n2        NaN\n3        NaN\n4        NaN\n        ... \n24924    NaN\n24925    NaN\n24926    NaN\n24927    NaN\n24928    NaN\nName: 36, Length: 24929, dtype: object","TowReg":1029543,"SupStruc":92,"AllStruc":96,"StrucType":"TOWER","LicStatus":"A","latdec":27.440777777800001,"londec":-80.547583333299997,"url":"http://wireless2.fcc.gov/UlsApp/UlsSearch/licenseLocSum.jsp?licKey=12421"}},{"type":"Feature","id":518,"geometry":{"type":"Point","coordinates":[-80.182833333076474,27.043111111192445]},"properties":{"FID":518,"OBJECTID":9524,"UniqSysID":12421,"Licensee":"ALLTEL Corporation","Callsign":"KNKA715","LocNum":6,"LatDeg":27,"LatMin":2,"LatSec":35.200000000000003,"LatDir":"N","LonDeg":80,"LonMin":10,"LonSec":58.200000000000003,"LonDir":"W","LocAdd":"5400 SE BRIDGE ROAD","LocCity":"HOBE SOUND","LocCounty":"MARTIN","LocState":"FL","Nepa":"N","QZone":"0        NaN\n1        NaN\n2        NaN\n3        NaN\n4        NaN\n        ... \n24924    NaN\n24925    NaN\n24926    NaN\n24927    NaN\n24928    NaN\nName: 36, Length: 24929, dtype: object","TowReg":1059846,"SupStruc":76,"AllStruc":79,"StrucType":"TOWER","LicStatus":"A","latdec":27.0431111111,"londec":-80.182833333299996,"url":"http://wireless2.fcc.gov/UlsApp/UlsSearch/licenseLocSum.jsp?licKey=12421"}},{"type":"Feature","id":519,"geometry":{"type":"Point","coordinates":[-80.330611111098676,27.461861111087103]},"properties":{"FID":519,"OBJECTID":9525,"UniqSysID":12421,"Licensee":"ALLTEL Corporation","Callsign":"KNKA715","LocNum":20,"LatDeg":27,"LatMin":27,"LatSec":42.700000000000003,"LatDir":"N","LonDeg":80,"LonMin":19,"LonSec":50.200000000000003,"LonDir":"W","LocAdd":"710 AVE \"M","LocCity":"FORT PIERCE","LocCounty":"ST. LUCIE","LocState":"FL","Nepa":"N","QZone":"0        NaN\n1        NaN\n2        NaN\n3        NaN\n4        NaN\n        ... \n24924    NaN\n24925    NaN\n24926    NaN\n24927    NaN\n24928    NaN\nName: 36, Length: 24929, dtype: object","TowReg":1227259,"SupStruc":58.299999999999997,"AllStruc":61,"StrucType":"TOWER","LicStatus":"A","latdec":27.461861111099999,"londec":-80.330611111099998,"url":"http://wireless2.fcc.gov/UlsApp/UlsSearch/licenseLocSum.jsp?licKey=12421"}},{"type":"Feature","id":520,"geometry":{"type":"Point","coordinates":[-84.135361111137343,30.546166666853708]},"properties":{"FID":520,"OBJECTID":9564,"UniqSysID":12425,"Licensee":"New Cingular Wireless PCS, LLC","Callsign":"KNKA481","LocNum":2,"LatDeg":30,"LatMin":32,"LatSec":46.200000000000003,"LatDir":"N","LonDeg":84,"LonMin":8,"LonSec":7.2999999999999998,"LonDir":"W","LocAdd":"6562 Hugh Road  (45063)","LocCity":"TALLAHASSEE","LocCounty":"LEON","LocState":"FL","Nepa":"N","QZone":"0        NaN\n1        NaN\n2        NaN\n3        NaN\n4        NaN\n        ... \n24924    NaN\n24925    NaN\n24926    NaN\n24927    NaN\n24928    NaN\nName: 36, Length: 24929, dtype: object","TowReg":1029678,"SupStruc":146.90000000000001,"AllStruc":149.69999999999999,"StrucType":"GTOWER","LicStatus":"A","latdec":30.5461666667,"londec":-84.135361111099996,"url":"http://wireless2.fcc.gov/UlsApp/UlsSearch/licenseLocSum.jsp?licKey=12425"}},{"type":"Feature","id":521,"geometry":{"type":"Point","coordinates":[-84.811388889055877,30.606666665925786]},"properties":{"FID":521,"OBJECTID":9565,"UniqSysID":12425,"Licensee":"New Cingular Wireless PCS, LLC","Callsign":"KNKA481","LocNum":7,"LatDeg":30,"LatMin":36,"LatSec":24,"LatDir":"N","LonDeg":84,"LonMin":48,"LonSec":41,"LonDir":"W","LocAdd":"2800 Flat Creek Road  (45069)","LocCity":"CHATTAHOOCHEE","LocCounty":"GADSDEN","LocState":"FL","Nepa":"N","QZone":"0        NaN\n1        NaN\n2        NaN\n3        NaN\n4        NaN\n        ... \n24924    NaN\n24925    NaN\n24926    NaN\n24927    NaN\n24928    NaN\nName: 36, Length: 24929, dtype: object","TowReg":1029757,"SupStruc":122.8,"AllStruc":126.5,"StrucType":"GTOWER","LicStatus":"A","latdec":30.606666666700001,"londec":-84.811388888899998,"url":"http://wireless2.fcc.gov/UlsApp/UlsSearch/licenseLocSum.jsp?licKey=12425"}},{"type":"Feature","id":522,"geometry":{"type":"Point","coordinates":[-84.702972221732011,30.593722221651262]},"properties":{"FID":522,"OBJECTID":9566,"UniqSysID":12425,"Licensee":"New Cingular Wireless PCS, LLC","Callsign":"KNKA481","LocNum":15,"LatDeg":30,"LatMin":35,"LatSec":37.399999999999999,"LatDir":"N","LonDeg":84,"LonMin":42,"LonSec":10.699999999999999,"LonDir":"W","LocAdd":"9410 Flat Creek Road   (45065)","LocCity":"GREENSBORO","LocCounty":"GADSDEN","LocState":"FL","Nepa":"N","QZone":"0        NaN\n1        NaN\n2        NaN\n3        NaN\n4        NaN\n        ... \n24924    NaN\n24925    NaN\n24926    NaN\n24927    NaN\n24928    NaN\nName: 36, Length: 24929, dtype: object","TowReg":1044472,"SupStruc":76.200000000000003,"AllStruc":79.900000000000006,"StrucType":"GTOWER","LicStatus":"A","latdec":30.5937222222,"londec":-84.702972222200003,"url":"http://wireless2.fcc.gov/UlsApp/UlsSearch/licenseLocSum.jsp?licKey=12425"}},{"type":"Feature","id":523,"geometry":{"type":"Point","coordinates":[-84.209527778098959,30.164777778016742]},"properties":{"FID":523,"OBJECTID":9567,"UniqSysID":12425,"Licensee":"New Cingular Wireless PCS, LLC","Callsign":"KNKA481","LocNum":16,"LatDeg":30,"LatMin":9,"LatSec":53.200000000000003,"LatDir":"N","LonDeg":84,"LonMin":12,"LonSec":34.299999999999997,"LonDir":"W","LocAdd":"169 FIRE ESCAPE ROAD  (45084)","LocCity":"SAINT MARKS","LocCounty":"WAKULLA","LocState":"FL","Nepa":"N","QZone":"0        NaN\n1        NaN\n2        NaN\n3        NaN\n4        NaN\n        ... \n24924    NaN\n24925    NaN\n24926    NaN\n24927    NaN\n24928    NaN\nName: 36, Length: 24929, dtype: object","TowReg":1048299,"SupStruc":74.400000000000006,"AllStruc":78,"StrucType":"LTOWER","LicStatus":"A","latdec":30.164777777800001,"londec":-84.209527777800005,"url":"http://wireless2.fcc.gov/UlsApp/UlsSearch/licenseLocSum.jsp?licKey=12425"}},{"type":"Feature","id":524,"geometry":{"type":"Point","coordinates":[-84.120027778332428,30.422638888974575]},"properties":{"FID":524,"OBJECTID":9568,"UniqSysID":12425,"Licensee":"New Cingular Wireless PCS, LLC","Callsign":"KNKA481","LocNum":17,"LatDeg":30,"LatMin":25,"LatSec":21.5,"LatDir":"N","LonDeg":84,"LonMin":7,"LonSec":12.1,"LonDir":"W","LocAdd":"1871 W KELLY RD  (45111)","LocCity":"TALLAHASSEE","LocCounty":"LEON","LocState":"FL","Nepa":"N","QZone":"0        NaN\n1        NaN\n2        NaN\n3        NaN\n4        NaN\n        ... \n24924    NaN\n24925    NaN\n24926    NaN\n24927    NaN\n24928    NaN\nName: 36, Length: 24929, dtype: object","TowReg":1037903,"SupStruc":76.200000000000003,"AllStruc":77.700000000000003,"StrucType":"LTOWER","LicStatus":"A","latdec":30.4226388889,"londec":-84.120027777800004,"url":"http://wireless2.fcc.gov/UlsApp/UlsSearch/licenseLocSum.jsp?licKey=12425"}},{"type":"Feature","id":525,"geometry":{"type":"Point","coordinates":[-84.499472222418547,30.032944444069983]},"properties":{"FID":525,"OBJECTID":9569,"UniqSysID":12425,"Licensee":"New Cingular Wireless PCS, LLC","Callsign":"KNKA481","LocNum":23,"LatDeg":30,"LatMin":1,"LatSec":58.600000000000001,"LatDir":"N","LonDeg":84,"LonMin":29,"LonSec":58.100000000000001,"LonDir":"W","LocAdd":"42 HARMS ROAD  (45120)","LocCity":"SOPCHOPPY","LocCounty":"WAKULLA","LocState":"FL","Nepa":"N","QZone":"0        NaN\n1        NaN\n2        NaN\n3        NaN\n4        NaN\n        ... \n24924    NaN\n24925    NaN\n24926    NaN\n24927    NaN\n24928    NaN\nName: 36, Length: 24929, dtype: object","TowReg":1234047,"SupStruc":90.799999999999997,"AllStruc":99.400000000000006,"StrucType":"LTOWER","LicStatus":"A","latdec":30.032944444400002,"londec":-84.499472222199998,"url":"http://wireless2.fcc.gov/UlsApp/UlsSearch/licenseLocSum.jsp?licKey=12425"}},{"type":"Feature","id":526,"geometry":{"type":"Point","coordinates":[-84.210555555886856,30.663333332700347]},"properties":{"FID":526,"OBJECTID":9570,"UniqSysID":12425,"Licensee":"New Cingular Wireless PCS, LLC","Callsign":"KNKA481","LocNum":30,"LatDeg":30,"LatMin":39,"LatSec":48,"LatDir":"N","LonDeg":84,"LonMin":12,"LonSec":38,"LonDir":"W","LocAdd":"4000 County Rd  12  (113563)","LocCity":"TALLAHASSEE","LocCounty":"LEON","LocState":"FL","Nepa":"N","QZone":"0        NaN\n1        NaN\n2        NaN\n3        NaN\n4        NaN\n        ... \n24924    NaN\n24925    NaN\n24926    NaN\n24927    NaN\n24928    NaN\nName: 36, Length: 24929, dtype: object","TowReg":1030096,"SupStruc":94.799999999999997,"AllStruc":95.700000000000003,"StrucType":"GTOWER","LicStatus":"A","latdec":30.663333333299999,"londec":-84.210555555599996,"url":"http://wireless2.fcc.gov/UlsApp/UlsSearch/licenseLocSum.jsp?licKey=12425"}},{"type":"Feature","id":527,"geometry":{"type":"Point","coordinates":[-84.295694444256355,30.146333333950054]},"properties":{"FID":527,"OBJECTID":9571,"UniqSysID":12425,"Licensee":"New Cingular Wireless PCS, LLC","Callsign":"KNKA481","LocNum":31,"LatDeg":30,"LatMin":8,"LatSec":46.799999999999997,"LatDir":"N","LonDeg":84,"LonMin":17,"LonSec":44.5,"LonDir":"W","LocAdd":"14 Walker Farm Road  (111883)","LocCity":"CRAWFORDVILLE","LocCounty":"WAKULLA","LocState":"FL","Nepa":"N","QZone":"0        NaN\n1        NaN\n2        NaN\n3        NaN\n4        NaN\n        ... \n24924    NaN\n24925    NaN\n24926    NaN\n24927    NaN\n24928    NaN\nName: 36, Length: 24929, dtype: object","TowReg":1215874,"SupStruc":76.200000000000003,"AllStruc":78,"StrucType":"LTOWER","LicStatus":"A","latdec":30.146333333299999,"londec":-84.295694444399999,"url":"http://wireless2.fcc.gov/UlsApp/UlsSearch/licenseLocSum.jsp?licKey=12425"}},{"type":"Feature","id":528,"geometry":{"type":"Point","coordinates":[-84.399000000345893,30.029972222299023]},"properties":{"FID":528,"OBJECTID":9572,"UniqSysID":12425,"Licensee":"New Cingular Wireless PCS, LLC","Callsign":"KNKA481","LocNum":32,"LatDeg":30,"LatMin":1,"LatSec":47.899999999999999,"LatDir":"N","LonDeg":84,"LonMin":23,"LonSec":56.399999999999999,"LonDir":"W","LocAdd":"174 OTTER LAKE ROAD  (145902)","LocCity":"PANACEA","LocCounty":"WAKULLA","LocState":"FL","Nepa":"N","QZone":"0        NaN\n1        NaN\n2        NaN\n3        NaN\n4        NaN\n        ... \n24924    NaN\n24925    NaN\n24926    NaN\n24927    NaN\n24928    NaN\nName: 36, Length: 24929, dtype: object","TowReg":1030293,"SupStruc":61,"AllStruc":70.099999999999994,"StrucType":"LTOWER","LicStatus":"A","latdec":30.029972222200001,"londec":-84.399000000000001,"url":"http://wireless2.fcc.gov/UlsApp/UlsSearch/licenseLocSum.jsp?licKey=12425"}},{"type":"Feature","id":529,"geometry":{"type":"Point","coordinates":[-84.088388889446946,30.478722222066835]},"properties":{"FID":529,"OBJECTID":9573,"UniqSysID":12425,"Licensee":"New Cingular Wireless PCS, LLC","Callsign":"KNKA481","LocNum":33,"LatDeg":30,"LatMin":28,"LatSec":43.399999999999999,"LatDir":"N","LonDeg":84,"LonMin":5,"LonSec":18.199999999999999,"LonDir":"W","LocAdd":"1703 BAUM ROAD  (119039)","LocCity":"TALLAHASSEE","LocCounty":"LEON","LocState":"FL","Nepa":"N","QZone":"0        NaN\n1        NaN\n2        NaN\n3        NaN\n4        NaN\n        ... \n24924    NaN\n24925    NaN\n24926    NaN\n24927    NaN\n24928    NaN\nName: 36, Length: 24929, dtype: object","TowReg":1037904,"SupStruc":76.5,"AllStruc":78.599999999999994,"StrucType":"LTOWER","LicStatus":"A","latdec":30.478722222199998,"londec":-84.088388888899999,"url":"http://wireless2.fcc.gov/UlsApp/UlsSearch/licenseLocSum.jsp?licKey=12425"}},{"type":"Feature","id":530,"geometry":{"type":"Point","coordinates":[-84.406916666095242,30.669027777966278]},"properties":{"FID":530,"OBJECTID":9574,"UniqSysID":12425,"Licensee":"New Cingular Wireless PCS, LLC","Callsign":"KNKA481","LocNum":34,"LatDeg":30,"LatMin":40,"LatSec":8.5,"LatDir":"N","LonDeg":84,"LonMin":24,"LonSec":24.899999999999999,"LonDir":"W","LocAdd":"39 Schwall Road  (146823)","LocCity":"Havana","LocCounty":"GADSDEN","LocState":"FL","Nepa":"N","QZone":"0        NaN\n1        NaN\n2        NaN\n3        NaN\n4        NaN\n        ... \n24924    NaN\n24925    NaN\n24926    NaN\n24927    NaN\n24928    NaN\nName: 36, Length: 24929, dtype: object","TowReg":1289132,"SupStruc":67.099999999999994,"AllStruc":68.599999999999994,"StrucType":"LTOWER","LicStatus":"A","latdec":30.6690277778,"londec":-84.406916666699999,"url":"http://wireless2.fcc.gov/UlsApp/UlsSearch/licenseLocSum.jsp?licKey=12425"}},{"type":"Feature","id":531,"geometry":{"type":"Point","coordinates":[-84.816972222177128,30.352944444761135]},"properties":{"FID":531,"OBJECTID":9575,"UniqSysID":12425,"Licensee":"New Cingular Wireless PCS, LLC","Callsign":"KNKA481","LocNum":27,"LatDeg":30,"LatMin":21,"LatSec":10.6,"LatDir":"N","LonDeg":84,"LonMin":49,"LonSec":1.1000000000000001,"LonDir":"W","LocAdd":"18007 NORTHEAST ARNOLD KELLY ROAD  (45128)","LocCity":"Hosford","LocCounty":"LIBERTY","LocState":"FL","Nepa":"N","QZone":"0        NaN\n1        NaN\n2        NaN\n3        NaN\n4        NaN\n        ... \n24924    NaN\n24925    NaN\n24926    NaN\n24927    NaN\n24928    NaN\nName: 36, Length: 24929, dtype: object","TowReg":1029260,"SupStruc":86.900000000000006,"AllStruc":91.400000000000006,"StrucType":"GTOWER","LicStatus":"A","latdec":30.352944444399999,"londec":-84.816972222199993,"url":"http://wireless2.fcc.gov/UlsApp/UlsSearch/licenseLocSum.jsp?licKey=12425"}},{"type":"Feature","id":532,"geometry":{"type":"Point","coordinates":[-84.418611111432028,30.620027778038832]},"properties":{"FID":532,"OBJECTID":9576,"UniqSysID":12425,"Licensee":"New Cingular Wireless PCS, LLC","Callsign":"KNKA481","LocNum":28,"LatDeg":30,"LatMin":37,"LatSec":12.1,"LatDir":"N","LonDeg":84,"LonMin":25,"LonSec":7,"LonDir":"W","LocAdd":"217 5TH STREET SOUTHWEST (45081)","LocCity":"HAVANA","LocCounty":"GADSDEN","LocState":"FL","Nepa":"N","QZone":"0        NaN\n1        NaN\n2        NaN\n3        NaN\n4        NaN\n        ... \n24924    NaN\n24925    NaN\n24926    NaN\n24927    NaN\n24928    NaN\nName: 36, Length: 24929, dtype: object","TowReg":0,"SupStruc":39.899999999999999,"AllStruc":48.799999999999997,"StrucType":"TANK","LicStatus":"A","latdec":30.620027777800001,"londec":-84.418611111100006,"url":"http://wireless2.fcc.gov/UlsApp/UlsSearch/licenseLocSum.jsp?licKey=12425"}},{"type":"Feature","id":533,"geometry":{"type":"Point","coordinates":[-87.24775000036982,30.420472222230273]},"properties":{"FID":533,"OBJECTID":9823,"UniqSysID":12441,"Licensee":"ALLTEL Corporation","Callsign":"KNKA491","LocNum":1,"LatDeg":30,"LatMin":25,"LatSec":13.699999999999999,"LatDir":"N","LonDeg":87,"LonMin":14,"LonSec":51.899999999999999,"LonDir":"W","LocAdd":"2620 WEST GADSDEN ST.,","LocCity":"PENSACOLA","LocCounty":"ESCAMBIA","LocState":"FL","Nepa":"N","QZone":"0        NaN\n1        NaN\n2        NaN\n3        NaN\n4        NaN\n        ... \n24924    NaN\n24925    NaN\n24926    NaN\n24927    NaN\n24928    NaN\nName: 36, Length: 24929, dtype: object","TowReg":0,"SupStruc":0,"AllStruc":0,"StrucType":" ","LicStatus":"A","latdec":30.420472222200001,"londec":-87.247749999999996,"url":"http://wireless2.fcc.gov/UlsApp/UlsSearch/licenseLocSum.jsp?licKey=12441"}},{"type":"Feature","id":534,"geometry":{"type":"Point","coordinates":[-87.28691666623331,30.583805555190111]},"properties":{"FID":534,"OBJECTID":9824,"UniqSysID":12441,"Licensee":"ALLTEL Corporation","Callsign":"KNKA491","LocNum":2,"LatDeg":30,"LatMin":35,"LatSec":1.7,"LatDir":"N","LonDeg":87,"LonMin":17,"LonSec":12.9,"LonDir":"W","LocAdd":"391-90 & 9 BOYS RANCH ROAD","LocCity":"CANTONMENT","LocCounty":"ESCAMBIA","LocState":"FL","Nepa":"N","QZone":"0        NaN\n1        NaN\n2        NaN\n3        NaN\n4        NaN\n        ... \n24924    NaN\n24925    NaN\n24926    NaN\n24927    NaN\n24928    NaN\nName: 36, Length: 24929, dtype: object","TowReg":0,"SupStruc":0,"AllStruc":0,"StrucType":" ","LicStatus":"A","latdec":30.583805555600001,"londec":-87.286916666699994,"url":"http://wireless2.fcc.gov/UlsApp/UlsSearch/licenseLocSum.jsp?licKey=12441"}},{"type":"Feature","id":535,"geometry":{"type":"Point","coordinates":[-87.0880277767655,30.543250000073613]},"properties":{"FID":535,"OBJECTID":9825,"UniqSysID":12441,"Licensee":"ALLTEL Corporation","Callsign":"KNKA491","LocNum":3,"LatDeg":30,"LatMin":32,"LatSec":35.700000000000003,"LatDir":"N","LonDeg":87,"LonMin":5,"LonSec":16.899999999999999,"LonDir":"W","LocAdd":"2970 30th Avenue","LocCity":"Milton","LocCounty":"SANTA ROSA","LocState":"FL","Nepa":"N","QZone":"0        NaN\n1        NaN\n2        NaN\n3        NaN\n4        NaN\n        ... \n24924    NaN\n24925    NaN\n24926    NaN\n24927    NaN\n24928    NaN\nName: 36, Length: 24929, dtype: object","TowReg":0,"SupStruc":0,"AllStruc":0,"StrucType":" ","LicStatus":"A","latdec":30.54325,"londec":-87.088027777799994,"url":"http://wireless2.fcc.gov/UlsApp/UlsSearch/licenseLocSum.jsp?licKey=12441"}},{"type":"Feature","id":536,"geometry":{"type":"Point","coordinates":[-87.354722221632585,30.377499999653821]},"properties":{"FID":536,"OBJECTID":9826,"UniqSysID":12441,"Licensee":"ALLTEL Corporation","Callsign":"KNKA491","LocNum":4,"LatDeg":30,"LatMin":22,"LatSec":39,"LatDir":"N","LonDeg":87,"LonMin":21,"LonSec":17,"LonDir":"W","LocAdd":"Blue Angel Cell Site - 1445 BLUE ANGEL PARKWAY","LocCity":"PENSACOLA","LocCounty":"ESCAMBIA","LocState":"FL","Nepa":"N","QZone":"0        NaN\n1        NaN\n2        NaN\n3        NaN\n4        NaN\n        ... \n24924    NaN\n24925    NaN\n24926    NaN\n24927    NaN\n24928    NaN\nName: 36, Length: 24929, dtype: object","TowReg":1024117,"SupStruc":60.299999999999997,"AllStruc":60.299999999999997,"StrucType":"TOWER","LicStatus":"A","latdec":30.377500000000001,"londec":-87.354722222199996,"url":"http://wireless2.fcc.gov/UlsApp/UlsSearch/licenseLocSum.jsp?licKey=12441"}},{"type":"Feature","id":537,"geometry":{"type":"Point","coordinates":[-86.985833334274389,30.403611111029875]},"properties":{"FID":537,"OBJECTID":9827,"UniqSysID":12441,"Licensee":"ALLTEL Corporation","Callsign":"KNKA491","LocNum":5,"LatDeg":30,"LatMin":24,"LatSec":13,"LatDir":"N","LonDeg":86,"LonMin":59,"LonSec":9,"LonDir":"W","LocAdd":"(Woodlawn) 5688 GULF BREEZE PKY","LocCity":"GULF BREEZE","LocCounty":"SANTA ROSA","LocState":"FL","Nepa":"N","QZone":"0        NaN\n1        NaN\n2        NaN\n3        NaN\n4        NaN\n        ... \n24924    NaN\n24925    NaN\n24926    NaN\n24927    NaN\n24928    NaN\nName: 36, Length: 24929, dtype: object","TowReg":1024287,"SupStruc":56.100000000000001,"AllStruc":57.899999999999999,"StrucType":"GTOWER","LicStatus":"A","latdec":30.403611111099998,"londec":-86.985833333299993,"url":"http://wireless2.fcc.gov/UlsApp/UlsSearch/licenseLocSum.jsp?licKey=12441"}},{"type":"Feature","id":538,"geometry":{"type":"Point","coordinates":[-86.878027778261981,30.654916666011275]},"properties":{"FID":538,"OBJECTID":9828,"UniqSysID":12441,"Licensee":"ALLTEL Corporation","Callsign":"KNKA491","LocNum":6,"LatDeg":30,"LatMin":39,"LatSec":17.699999999999999,"LatDir":"N","LonDeg":86,"LonMin":52,"LonSec":40.899999999999999,"LonDir":"W","LocAdd":"6101 MILLER BLUFF ROAD","LocCity":"MILTON","LocCounty":"SANTA ROSA","LocState":"FL","Nepa":"N","QZone":"0        NaN\n1        NaN\n2        NaN\n3        NaN\n4        NaN\n        ... \n24924    NaN\n24925    NaN\n24926    NaN\n24927    NaN\n24928    NaN\nName: 36, Length: 24929, dtype: object","TowReg":1023000,"SupStruc":91,"AllStruc":91,"StrucType":"TOWER","LicStatus":"A","latdec":30.6549166667,"londec":-86.8780277778,"url":"http://wireless2.fcc.gov/UlsApp/UlsSearch/licenseLocSum.jsp?licKey=12441"}},{"type":"Feature","id":539,"geometry":{"type":"Point","coordinates":[-87.229416667316741,30.498805556210812]},"properties":{"FID":539,"OBJECTID":9829,"UniqSysID":12441,"Licensee":"ALLTEL Corporation","Callsign":"KNKA491","LocNum":7,"LatDeg":30,"LatMin":29,"LatSec":55.700000000000003,"LatDir":"N","LonDeg":87,"LonMin":13,"LonSec":45.899999999999999,"LonDir":"W","LocAdd":"7222 PLANTATION ROAD","LocCity":"PENSACOLA","LocCounty":"ESCAMBIA","LocState":"FL","Nepa":"N","QZone":"0        NaN\n1        NaN\n2        NaN\n3        NaN\n4        NaN\n        ... \n24924    NaN\n24925    NaN\n24926    NaN\n24927    NaN\n24928    NaN\nName: 36, Length: 24929, dtype: object","TowReg":0,"SupStruc":0,"AllStruc":0,"StrucType":" ","LicStatus":"A","latdec":30.498805555600001,"londec":-87.229416666700004,"url":"http://wireless2.fcc.gov/UlsApp/UlsSearch/licenseLocSum.jsp?licKey=12441"}},{"type":"Feature","id":540,"geometry":{"type":"Point","coordinates":[-87.396638889295502,30.58158333276748]},"properties":{"FID":540,"OBJECTID":9830,"UniqSysID":12441,"Licensee":"ALLTEL Corporation","Callsign":"KNKA491","LocNum":11,"LatDeg":30,"LatMin":34,"LatSec":53.700000000000003,"LatDir":"N","LonDeg":87,"LonMin":23,"LonSec":47.899999999999999,"LonDir":"W","LocAdd":"1.2 mi. NW of Intersection of Beulah Road and I-10","LocCity":"Muscogee","LocCounty":"ESCAMBIA","LocState":"FL","Nepa":"N","QZone":"0        NaN\n1        NaN\n2        NaN\n3        NaN\n4        NaN\n        ... \n24924    NaN\n24925    NaN\n24926    NaN\n24927    NaN\n24928    NaN\nName: 36, Length: 24929, dtype: object","TowReg":0,"SupStruc":91,"AllStruc":0,"StrucType":" ","LicStatus":"A","latdec":30.581583333299999,"londec":-87.3966388889,"url":"http://wireless2.fcc.gov/UlsApp/UlsSearch/licenseLocSum.jsp?licKey=12441"}},{"type":"Feature","id":541,"geometry":{"type":"Point","coordinates":[-86.868333333988915,30.414166665970185]},"properties":{"FID":541,"OBJECTID":9831,"UniqSysID":12441,"Licensee":"ALLTEL Corporation","Callsign":"KNKA491","LocNum":12,"LatDeg":30,"LatMin":24,"LatSec":51,"LatDir":"N","LonDeg":86,"LonMin":52,"LonSec":6,"LonDir":"W","LocAdd":"(Navarre) .9  MI N OF US 98 300 FT E OF SR 87","LocCity":"EAST NAVARRE","LocCounty":"SANTA ROSA","LocState":"FL","Nepa":"N","QZone":"0        NaN\n1        NaN\n2        NaN\n3        NaN\n4        NaN\n        ... \n24924    NaN\n24925    NaN\n24926    NaN\n24927    NaN\n24928    NaN\nName: 36, Length: 24929, dtype: object","TowReg":1022998,"SupStruc":56.399999999999999,"AllStruc":62.5,"StrucType":"LTOWER","LicStatus":"A","latdec":30.414166666700002,"londec":-86.868333333300001,"url":"http://wireless2.fcc.gov/UlsApp/UlsSearch/licenseLocSum.jsp?licKey=12441"}},{"type":"Feature","id":542,"geometry":{"type":"Point","coordinates":[-87.182222223086342,30.360000000256889]},"properties":{"FID":542,"OBJECTID":9832,"UniqSysID":12441,"Licensee":"ALLTEL Corporation","Callsign":"KNKA491","LocNum":14,"LatDeg":30,"LatMin":21,"LatSec":36,"LatDir":"N","LonDeg":87,"LonMin":10,"LonSec":56,"LonDir":"W","LocAdd":"Gulf Breeze Cell Site - 14 Camellia Street","LocCity":"Gulf Breeze","LocCounty":"SANTA ROSA","LocState":"FL","Nepa":"N","QZone":"0        NaN\n1        NaN\n2        NaN\n3        NaN\n4        NaN\n        ... \n24924    NaN\n24925    NaN\n24926    NaN\n24927    NaN\n24928    NaN\nName: 36, Length: 24929, dtype: object","TowReg":0,"SupStruc":47.200000000000003,"AllStruc":52.700000000000003,"StrucType":"TANK","LicStatus":"A","latdec":30.359999999999999,"londec":-87.182222222199997,"url":"http://wireless2.fcc.gov/UlsApp/UlsSearch/licenseLocSum.jsp?licKey=12441"}},{"type":"Feature","id":543,"geometry":{"type":"Point","coordinates":[-87.425805556128694,30.301583333745839]},"properties":{"FID":543,"OBJECTID":9833,"UniqSysID":12441,"Licensee":"ALLTEL Corporation","Callsign":"KNKA491","LocNum":16,"LatDeg":30,"LatMin":18,"LatSec":5.7000000000000002,"LatDir":"N","LonDeg":87,"LonMin":25,"LonSec":32.899999999999999,"LonDir":"W","LocAdd":"Perdido Key Cell Site - 13585 PERIDO KEY DRIVE","LocCity":"PENSACOLA","LocCounty":"ESCAMBIA","LocState":"FL","Nepa":"N","QZone":"0        NaN\n1        NaN\n2        NaN\n3        NaN\n4        NaN\n        ... \n24924    NaN\n24925    NaN\n24926    NaN\n24927    NaN\n24928    NaN\nName: 36, Length: 24929, dtype: object","TowReg":0,"SupStruc":33.5,"AllStruc":44.200000000000003,"StrucType":"MAST","LicStatus":"A","latdec":30.301583333300002,"londec":-87.425805555599993,"url":"http://wireless2.fcc.gov/UlsApp/UlsSearch/licenseLocSum.jsp?licKey=12441"}},{"type":"Feature","id":544,"geometry":{"type":"Point","coordinates":[-87.350527778263597,30.751861110860773]},"properties":{"FID":544,"OBJECTID":9834,"UniqSysID":12441,"Licensee":"ALLTEL Corporation","Callsign":"KNKA491","LocNum":18,"LatDeg":30,"LatMin":45,"LatSec":6.7000000000000002,"LatDir":"N","LonDeg":87,"LonMin":21,"LonSec":1.8999999999999999,"LonDir":"W","LocAdd":"1855 MORGAN CEMETARY ROAD","LocCity":"MOLINO","LocCounty":"ESCAMBIA","LocState":"FL","Nepa":"N","QZone":"0        NaN\n1        NaN\n2        NaN\n3        NaN\n4        NaN\n        ... \n24924    NaN\n24925    NaN\n24926    NaN\n24927    NaN\n24928    NaN\nName: 36, Length: 24929, dtype: object","TowReg":0,"SupStruc":91,"AllStruc":0,"StrucType":" ","LicStatus":"A","latdec":30.751861111099998,"londec":-87.350527777799996,"url":"http://wireless2.fcc.gov/UlsApp/UlsSearch/licenseLocSum.jsp?licKey=12441"}},{"type":"Feature","id":545,"geometry":{"type":"Point","coordinates":[-87.050861111067377,30.880833333147223]},"properties":{"FID":545,"OBJECTID":9835,"UniqSysID":12441,"Licensee":"ALLTEL Corporation","Callsign":"KNKA491","LocNum":20,"LatDeg":30,"LatMin":52,"LatSec":51,"LatDir":"N","LonDeg":87,"LonMin":3,"LonSec":3.1000000000000001,"LonDir":"W","LocAdd":"SOUTHWEST CORNER OF CR 399 & SR 87","LocCity":"ALLENTOWN","LocCounty":"SANTA ROSA","LocState":"FL","Nepa":"N","QZone":"0        NaN\n1        NaN\n2        NaN\n3        NaN\n4        NaN\n        ... \n24924    NaN\n24925    NaN\n24926    NaN\n24927    NaN\n24928    NaN\nName: 36, Length: 24929, dtype: object","TowReg":1029230,"SupStruc":83.799999999999997,"AllStruc":86.900000000000006,"StrucType":"MAST","LicStatus":"A","latdec":30.8808333333,"londec":-87.050861111100005,"url":"http://wireless2.fcc.gov/UlsApp/UlsSearch/licenseLocSum.jsp?licKey=12441"}},{"type":"Feature","id":546,"geometry":{"type":"Point","coordinates":[-87.315444444049774,30.941361110629259]},"properties":{"FID":546,"OBJECTID":9836,"UniqSysID":12441,"Licensee":"ALLTEL Corporation","Callsign":"KNKA491","LocNum":22,"LatDeg":30,"LatMin":56,"LatSec":28.899999999999999,"LatDir":"N","LonDeg":87,"LonMin":18,"LonSec":55.600000000000001,"LonDir":"W","LocAdd":"Century Cell Site - 5131Crary Road","LocCity":"CENTURY","LocCounty":"ESCAMBIA","LocState":"FL","Nepa":"N","QZone":"0        NaN\n1        NaN\n2        NaN\n3        NaN\n4        NaN\n        ... \n24924    NaN\n24925    NaN\n24926    NaN\n24927    NaN\n24928    NaN\nName: 36, Length: 24929, dtype: object","TowReg":1201416,"SupStruc":56.299999999999997,"AllStruc":60.600000000000001,"StrucType":"TOWER","LicStatus":"A","latdec":30.941361111100001,"londec":-87.315444444400001,"url":"http://wireless2.fcc.gov/UlsApp/UlsSearch/licenseLocSum.jsp?licKey=12441"}},{"type":"Feature","id":547,"geometry":{"type":"Point","coordinates":[-87.515138888765478,30.863555554810659]},"properties":{"FID":547,"OBJECTID":9837,"UniqSysID":12441,"Licensee":"ALLTEL Corporation","Callsign":"KNKA491","LocNum":23,"LatDeg":30,"LatMin":51,"LatSec":48.799999999999997,"LatDir":"N","LonDeg":87,"LonMin":30,"LonSec":54.5,"LonDir":"W","LocAdd":"STATE ROAD #97-A","LocCity":"WALNUT HILL","LocCounty":"ESCAMBIA","LocState":"FL","Nepa":"N","QZone":"0        NaN\n1        NaN\n2        NaN\n3        NaN\n4        NaN\n        ... \n24924    NaN\n24925    NaN\n24926    NaN\n24927    NaN\n24928    NaN\nName: 36, Length: 24929, dtype: object","TowReg":1064194,"SupStruc":86.799999999999997,"AllStruc":91.099999999999994,"StrucType":"MAST","LicStatus":"A","latdec":30.863555555600001,"londec":-87.515138888899997,"url":"http://wireless2.fcc.gov/UlsApp/UlsSearch/licenseLocSum.jsp?licKey=12441"}},{"type":"Feature","id":548,"geometry":{"type":"Point","coordinates":[-87.237194445438377,30.464305556295471]},"properties":{"FID":548,"OBJECTID":9838,"UniqSysID":12441,"Licensee":"ALLTEL Corporation","Callsign":"KNKA491","LocNum":24,"LatDeg":30,"LatMin":27,"LatSec":51.5,"LatDir":"N","LonDeg":87,"LonMin":14,"LonSec":13.9,"LonDir":"W","LocAdd":"62 Marshall Lane","LocCity":"PENSACOLA","LocCounty":"ESCAMBIA","LocState":"FL","Nepa":"N","QZone":"0        NaN\n1        NaN\n2        NaN\n3        NaN\n4        NaN\n        ... \n24924    NaN\n24925    NaN\n24926    NaN\n24927    NaN\n24928    NaN\nName: 36, Length: 24929, dtype: object","TowReg":1032969,"SupStruc":45.700000000000003,"AllStruc":50.299999999999997,"StrucType":"POLE","LicStatus":"A","latdec":30.464305555599999,"londec":-87.237194444400004,"url":"http://wireless2.fcc.gov/UlsApp/UlsSearch/licenseLocSum.jsp?licKey=12441"}},{"type":"Feature","id":549,"geometry":{"type":"Point","coordinates":[-87.094138888980808,30.38463888886821]},"properties":{"FID":549,"OBJECTID":9839,"UniqSysID":12441,"Licensee":"ALLTEL Corporation","Callsign":"KNKA491","LocNum":25,"LatDeg":30,"LatMin":23,"LatSec":4.7000000000000002,"LatDir":"N","LonDeg":87,"LonMin":5,"LonSec":38.899999999999999,"LonDir":"W","LocAdd":"(Oriole Beach) 3089 GULF BEACH HWY","LocCity":"GULF BREEZE","LocCounty":"SANTA ROSA","LocState":"FL","Nepa":"N","QZone":"0        NaN\n1        NaN\n2        NaN\n3        NaN\n4        NaN\n        ... \n24924    NaN\n24925    NaN\n24926    NaN\n24927    NaN\n24928    NaN\nName: 36, Length: 24929, dtype: object","TowReg":1022997,"SupStruc":45.700000000000003,"AllStruc":48.200000000000003,"StrucType":"POLE","LicStatus":"A","latdec":30.3846388889,"londec":-87.094138888900005,"url":"http://wireless2.fcc.gov/UlsApp/UlsSearch/licenseLocSum.jsp?licKey=12441"}},{"type":"Feature","id":550,"geometry":{"type":"Point","coordinates":[-86.91197222207029,30.467888889009203]},"properties":{"FID":550,"OBJECTID":9840,"UniqSysID":12441,"Licensee":"ALLTEL Corporation","Callsign":"KNKA491","LocNum":26,"LatDeg":30,"LatMin":28,"LatSec":4.4000000000000004,"LatDir":"N","LonDeg":86,"LonMin":54,"LonSec":43.100000000000001,"LonDir":"W","LocAdd":"4391 Highway 87 South  (024561 / Holley)","LocCity":"HOLLEY","LocCounty":"SANTA ROSA","LocState":"FL","Nepa":"N","QZone":"0        NaN\n1        NaN\n2        NaN\n3        NaN\n4        NaN\n        ... \n24924    NaN\n24925    NaN\n24926    NaN\n24927    NaN\n24928    NaN\nName: 36, Length: 24929, dtype: object","TowReg":1029992,"SupStruc":82.299999999999997,"AllStruc":83.200000000000003,"StrucType":"TOWER","LicStatus":"A","latdec":30.467888888899999,"londec":-86.911972222200006,"url":"http://wireless2.fcc.gov/UlsApp/UlsSearch/licenseLocSum.jsp?licKey=12441"}},{"type":"Feature","id":551,"geometry":{"type":"Point","coordinates":[-87.160222222165146,30.356861111283251]},"properties":{"FID":551,"OBJECTID":9841,"UniqSysID":12441,"Licensee":"ALLTEL Corporation","Callsign":"KNKA491","LocNum":27,"LatDeg":30,"LatMin":21,"LatSec":24.699999999999999,"LatDir":"N","LonDeg":87,"LonMin":9,"LonSec":36.799999999999997,"LonDir":"W","LocAdd":"(Bear Fairpoint) 913 Gulf Breeze Pkwy.","LocCity":"Gulf Breeze","LocCounty":"SANTA ROSA","LocState":"FL","Nepa":"N","QZone":"0        NaN\n1        NaN\n2        NaN\n3        NaN\n4        NaN\n        ... \n24924    NaN\n24925    NaN\n24926    NaN\n24927    NaN\n24928    NaN\nName: 36, Length: 24929, dtype: object","TowReg":1209502,"SupStruc":54.899999999999999,"AllStruc":54.899999999999999,"StrucType":"TOWER","LicStatus":"A","latdec":30.356861111099999,"londec":-87.160222222200005,"url":"http://wireless2.fcc.gov/UlsApp/UlsSearch/licenseLocSum.jsp?licKey=12441"}},{"type":"Feature","id":552,"geometry":{"type":"Point","coordinates":[-87.487638888737024,30.289083334144038]},"properties":{"FID":552,"OBJECTID":9842,"UniqSysID":12441,"Licensee":"ALLTEL Corporation","Callsign":"KNKA491","LocNum":28,"LatDeg":30,"LatMin":17,"LatSec":20.699999999999999,"LatDir":"N","LonDeg":87,"LonMin":29,"LonSec":15.5,"LonDir":"W","LocAdd":"(Ono Island site) 16287 Perdido Key Drive","LocCity":"Pensacola","LocCounty":"ESCAMBIA","LocState":"FL","Nepa":"N","QZone":"0        NaN\n1        NaN\n2        NaN\n3        NaN\n4        NaN\n        ... \n24924    NaN\n24925    NaN\n24926    NaN\n24927    NaN\n24928    NaN\nName: 36, Length: 24929, dtype: object","TowReg":0,"SupStruc":25.300000000000001,"AllStruc":29.899999999999999,"StrucType":"BANT","LicStatus":"A","latdec":30.289083333299999,"londec":-87.487638888899994,"url":"http://wireless2.fcc.gov/UlsApp/UlsSearch/licenseLocSum.jsp?licKey=12441"}},{"type":"Feature","id":553,"geometry":{"type":"Point","coordinates":[-87.03722222187389,30.394166667384752]},"properties":{"FID":553,"OBJECTID":9843,"UniqSysID":12441,"Licensee":"ALLTEL Corporation","Callsign":"KNKA491","LocNum":29,"LatDeg":30,"LatMin":23,"LatSec":39,"LatDir":"N","LonDeg":87,"LonMin":2,"LonSec":14,"LonDir":"W","LocAdd":"(Pro Satellite) 4449 Gulf Breeze Highway","LocCity":"Pensacola","LocCounty":"SANTA ROSA","LocState":"FL","Nepa":"N","QZone":"0        NaN\n1        NaN\n2        NaN\n3        NaN\n4        NaN\n        ... \n24924    NaN\n24925    NaN\n24926    NaN\n24927    NaN\n24928    NaN\nName: 36, Length: 24929, dtype: object","TowReg":1239357,"SupStruc":53,"AllStruc":56.399999999999999,"StrucType":"POLE","LicStatus":"A","latdec":30.394166666699999,"londec":-87.0372222222,"url":"http://wireless2.fcc.gov/UlsApp/UlsSearch/licenseLocSum.jsp?licKey=12441"}},{"type":"Feature","id":554,"geometry":{"type":"Point","coordinates":[-87.283361110982526,30.357888889004641]},"properties":{"FID":554,"OBJECTID":9844,"UniqSysID":12441,"Licensee":"ALLTEL Corporation","Callsign":"KNKA491","LocNum":30,"LatDeg":30,"LatMin":21,"LatSec":28.399999999999999,"LatDir":"N","LonDeg":87,"LonMin":17,"LonSec":0.10000000000000001,"LonDir":"W","LocAdd":"(Pensacola NAS) 681 Duncan Rd, Pensacola, FL 32540","LocCity":"Pensacola","LocCounty":"ESCAMBIA","LocState":"FL","Nepa":"N","QZone":"0        NaN\n1        NaN\n2        NaN\n3        NaN\n4        NaN\n        ... \n24924    NaN\n24925    NaN\n24926    NaN\n24927    NaN\n24928    NaN\nName: 36, Length: 24929, dtype: object","TowReg":1241134,"SupStruc":47.5,"AllStruc":47.5,"StrucType":"LTOWER","LicStatus":"A","latdec":30.3578888889,"londec":-87.283361111100007,"url":"http://wireless2.fcc.gov/UlsApp/UlsSearch/licenseLocSum.jsp?licKey=12441"}},{"type":"Feature","id":555,"geometry":{"type":"Point","coordinates":[-82.670388888951663,27.76336111073482]},"properties":{"FID":555,"OBJECTID":10233,"UniqSysID":12465,"Licensee":"ALLTEL Corporation","Callsign":"KNKA227","LocNum":1,"LatDeg":27,"LatMin":45,"LatSec":48.100000000000001,"LatDir":"N","LonDeg":82,"LonMin":40,"LonSec":13.4,"LonDir":"W","LocAdd":"2730 Fairfield Avenue South","LocCity":"St. Petersburg","LocCounty":"PINELLAS","LocState":"FL","Nepa":"N","QZone":"0        NaN\n1        NaN\n2        NaN\n3        NaN\n4        NaN\n        ... \n24924    NaN\n24925    NaN\n24926    NaN\n24927    NaN\n24928    NaN\nName: 36, Length: 24929, dtype: object","TowReg":0,"SupStruc":0,"AllStruc":0,"StrucType":" ","LicStatus":"A","latdec":27.7633611111,"londec":-82.670388888900007,"url":"http://wireless2.fcc.gov/UlsApp/UlsSearch/licenseLocSum.jsp?licKey=12465"}},{"type":"Feature","id":556,"geometry":{"type":"Point","coordinates":[-82.412861111060181,27.724472223143039]},"properties":{"FID":556,"OBJECTID":10234,"UniqSysID":12465,"Licensee":"ALLTEL Corporation","Callsign":"KNKA227","LocNum":2,"LatDeg":27,"LatMin":43,"LatSec":28.100000000000001,"LatDir":"N","LonDeg":82,"LonMin":24,"LonSec":46.299999999999997,"LonDir":"W","LocAdd":"400 FT. E. OF 15TH STREET, 1510 7TH AVENUE, NE","LocCity":"Ruskin","LocCounty":"HILLSBOROUGH","LocState":"FL","Nepa":"N","QZone":"0        NaN\n1        NaN\n2        NaN\n3        NaN\n4        NaN\n        ... \n24924    NaN\n24925    NaN\n24926    NaN\n24927    NaN\n24928    NaN\nName: 36, Length: 24929, dtype: object","TowReg":0,"SupStruc":0,"AllStruc":0,"StrucType":" ","LicStatus":"A","latdec":27.724472222199999,"londec":-82.4128611111,"url":"http://wireless2.fcc.gov/UlsApp/UlsSearch/licenseLocSum.jsp?licKey=12465"}},{"type":"Feature","id":557,"geometry":{"type":"Point","coordinates":[-82.428138889352965,28.283888888696822]},"properties":{"FID":557,"OBJECTID":10235,"UniqSysID":12465,"Licensee":"ALLTEL Corporation","Callsign":"KNKA227","LocNum":3,"LatDeg":28,"LatMin":17,"LatSec":2,"LatDir":"N","LonDeg":82,"LonMin":25,"LonSec":41.299999999999997,"LonDir":"W","LocAdd":"ON TEN CENT ROAD, .65 MILES NORTHEAST OF STATE RD. 583   (EHREN SITE)","LocCity":"LAND-O-LAKES","LocCounty":"PASCO","LocState":"FL","Nepa":"N","QZone":"0        NaN\n1        NaN\n2        NaN\n3        NaN\n4        NaN\n        ... \n24924    NaN\n24925    NaN\n24926    NaN\n24927    NaN\n24928    NaN\nName: 36, Length: 24929, dtype: object","TowReg":0,"SupStruc":0,"AllStruc":0,"StrucType":" ","LicStatus":"A","latdec":28.283888888900002,"londec":-82.428138888899994,"url":"http://wireless2.fcc.gov/UlsApp/UlsSearch/licenseLocSum.jsp?licKey=12465"}},{"type":"Feature","id":558,"geometry":{"type":"Point","coordinates":[-82.189527778120521,28.296388888877004]},"properties":{"FID":558,"OBJECTID":10236,"UniqSysID":12465,"Licensee":"ALLTEL Corporation","Callsign":"KNKA227","LocNum":5,"LatDeg":28,"LatMin":17,"LatSec":47,"LatDir":"N","LonDeg":82,"LonMin":11,"LonSec":22.300000000000001,"LonDir":"W","LocAdd":"1mile West of US Highway #301; 4.5 miles North","LocCity":"Zephyhills","LocCounty":"PASCO","LocState":"FL","Nepa":"N","QZone":"0        NaN\n1        NaN\n2        NaN\n3        NaN\n4        NaN\n        ... \n24924    NaN\n24925    NaN\n24926    NaN\n24927    NaN\n24928    NaN\nName: 36, Length: 24929, dtype: object","TowReg":0,"SupStruc":0,"AllStruc":0,"StrucType":" ","LicStatus":"A","latdec":28.296388888900001,"londec":-82.189527777799995,"url":"http://wireless2.fcc.gov/UlsApp/UlsSearch/licenseLocSum.jsp?licKey=12465"}},{"type":"Feature","id":559,"geometry":{"type":"Point","coordinates":[-82.800111110973035,27.895027777617599]},"properties":{"FID":559,"OBJECTID":10237,"UniqSysID":12465,"Licensee":"ALLTEL Corporation","Callsign":"KNKA227","LocNum":6,"LatDeg":27,"LatMin":53,"LatSec":42.100000000000001,"LatDir":"N","LonDeg":82,"LonMin":48,"LonSec":0.40000000000000002,"LonDir":"W","LocAdd":"Indian Rocks Cell Site - 2130 RAILROAD STREET","LocCity":"LARGO","LocCounty":"PINELLAS","LocState":"FL","Nepa":"N","QZone":"0        NaN\n1        NaN\n2        NaN\n3        NaN\n4        NaN\n        ... \n24924    NaN\n24925    NaN\n24926    NaN\n24927    NaN\n24928    NaN\nName: 36, Length: 24929, dtype: object","TowReg":0,"SupStruc":55,"AllStruc":60.700000000000003,"StrucType":"MAST","LicStatus":"A","latdec":27.895027777799999,"londec":-82.800111111099994,"url":"http://wireless2.fcc.gov/UlsApp/UlsSearch/licenseLocSum.jsp?licKey=12465"}},{"type":"Feature","id":560,"geometry":{"type":"Point","coordinates":[-82.165638888753165,28.026138888935463]},"properties":{"FID":560,"OBJECTID":10238,"UniqSysID":12465,"Licensee":"ALLTEL Corporation","Callsign":"KNKA227","LocNum":7,"LatDeg":28,"LatMin":1,"LatSec":34.100000000000001,"LatDir":"N","LonDeg":82,"LonMin":9,"LonSec":56.299999999999997,"LonDir":"W","LocAdd":"1.73 MI W-NW OF PLANT CITY, BETWEEN BEAUCHAMP ROAD AND INTERSTATE 4","LocCity":"PLANT CITY","LocCounty":"HILLSBOROUGH","LocState":"FL","Nepa":"N","QZone":"0        NaN\n1        NaN\n2        NaN\n3        NaN\n4        NaN\n        ... \n24924    NaN\n24925    NaN\n24926    NaN\n24927    NaN\n24928    NaN\nName: 36, Length: 24929, dtype: object","TowReg":0,"SupStruc":0,"AllStruc":0,"StrucType":" ","LicStatus":"A","latdec":28.0261388889,"londec":-82.165638888900006,"url":"http://wireless2.fcc.gov/UlsApp/UlsSearch/licenseLocSum.jsp?licKey=12465"}},{"type":"Feature","id":561,"geometry":{"type":"Point","coordinates":[-82.629999999567019,28.368888888793094]},"properties":{"FID":561,"OBJECTID":10239,"UniqSysID":12465,"Licensee":"ALLTEL Corporation","Callsign":"KNKA227","LocNum":8,"LatDeg":28,"LatMin":22,"LatSec":8,"LatDir":"N","LonDeg":82,"LonMin":37,"LonSec":48,"LonDir":"W","LocAdd":"Hudson Cell Site - .5 MI SE INT KITTEN TRL & MAYER AVE 2.5 MI N OF SR 52","LocCity":"HUDSON","LocCounty":"PASCO","LocState":"FL","Nepa":"N","QZone":"0        NaN\n1        NaN\n2        NaN\n3        NaN\n4        NaN\n        ... \n24924    NaN\n24925    NaN\n24926    NaN\n24927    NaN\n24928    NaN\nName: 36, Length: 24929, dtype: object","TowReg":1028991,"SupStruc":146.30000000000001,"AllStruc":146.30000000000001,"StrucType":"TOWER","LicStatus":"A","latdec":28.368888888899999,"londec":-82.629999999999995,"url":"http://wireless2.fcc.gov/UlsApp/UlsSearch/licenseLocSum.jsp?licKey=12465"}},{"type":"Feature","id":562,"geometry":{"type":"Point","coordinates":[-82.787611111286765,28.015027777295643]},"properties":{"FID":562,"OBJECTID":10240,"UniqSysID":12465,"Licensee":"ALLTEL Corporation","Callsign":"KNKA227","LocNum":9,"LatDeg":28,"LatMin":0,"LatSec":54.100000000000001,"LatDir":"N","LonDeg":82,"LonMin":47,"LonSec":15.4,"LonDir":"W","LocAdd":"967 DOUGLAS AVENUE","LocCity":"DUNEDIN","LocCounty":"PINELLAS","LocState":"FL","Nepa":"N","QZone":"0        NaN\n1        NaN\n2        NaN\n3        NaN\n4        NaN\n        ... \n24924    NaN\n24925    NaN\n24926    NaN\n24927    NaN\n24928    NaN\nName: 36, Length: 24929, dtype: object","TowReg":0,"SupStruc":61,"AllStruc":0,"StrucType":" ","LicStatus":"A","latdec":28.0150277778,"londec":-82.787611111100006,"url":"http://wireless2.fcc.gov/UlsApp/UlsSearch/licenseLocSum.jsp?licKey=12465"}},{"type":"Feature","id":563,"geometry":{"type":"Point","coordinates":[-82.738583333122278,27.714194444989346]},"properties":{"FID":563,"OBJECTID":10241,"UniqSysID":12465,"Licensee":"ALLTEL Corporation","Callsign":"KNKA227","LocNum":10,"LatDeg":27,"LatMin":42,"LatSec":51.100000000000001,"LatDir":"N","LonDeg":82,"LonMin":44,"LonSec":18.899999999999999,"LonDir":"W","LocAdd":"(Pass A Grille) - 3820 GULF BLVD.","LocCity":"ST. PETERSBURG","LocCounty":"PINELLAS","LocState":"FL","Nepa":"N","QZone":"0        NaN\n1        NaN\n2        NaN\n3        NaN\n4        NaN\n        ... \n24924    NaN\n24925    NaN\n24926    NaN\n24927    NaN\n24928    NaN\nName: 36, Length: 24929, dtype: object","TowReg":0,"SupStruc":45.700000000000003,"AllStruc":52.399999999999999,"StrucType":"BANT","LicStatus":"A","latdec":27.7141944444,"londec":-82.738583333299999,"url":"http://wireless2.fcc.gov/UlsApp/UlsSearch/licenseLocSum.jsp?licKey=12465"}},{"type":"Feature","id":564,"geometry":{"type":"Point","coordinates":[-82.747499999852494,28.154444445177774]},"properties":{"FID":564,"OBJECTID":10242,"UniqSysID":12465,"Licensee":"ALLTEL Corporation","Callsign":"KNKA227","LocNum":11,"LatDeg":28,"LatMin":9,"LatSec":16,"LatDir":"N","LonDeg":82,"LonMin":44,"LonSec":51,"LonDir":"W","LocAdd":"Lake Tarpon Cell Site - 298 FT E INT DISSTON AVE & LIVE OAK ST","LocCity":"TARPON SPRINGS","LocCounty":"PINELLAS","LocState":"FL","Nepa":"N","QZone":"0        NaN\n1        NaN\n2        NaN\n3        NaN\n4        NaN\n        ... \n24924    NaN\n24925    NaN\n24926    NaN\n24927    NaN\n24928    NaN\nName: 36, Length: 24929, dtype: object","TowReg":1019612,"SupStruc":49.299999999999997,"AllStruc":49.299999999999997,"StrucType":"TOWER","LicStatus":"A","latdec":28.154444444399999,"londec":-82.747500000000002,"url":"http://wireless2.fcc.gov/UlsApp/UlsSearch/licenseLocSum.jsp?licKey=12465"}},{"type":"Feature","id":565,"geometry":{"type":"Point","coordinates":[-82.73472222311409,27.771666667124123]},"properties":{"FID":565,"OBJECTID":10243,"UniqSysID":12465,"Licensee":"ALLTEL Corporation","Callsign":"KNKA227","LocNum":12,"LatDeg":27,"LatMin":46,"LatSec":18,"LatDir":"N","LonDeg":82,"LonMin":44,"LonSec":5,"LonDir":"W","LocAdd":"Disston Cell Site - 119 TRAVELERS WAY N","LocCity":"PINELLAS PARK","LocCounty":"PINELLAS","LocState":"FL","Nepa":"N","QZone":"0        NaN\n1        NaN\n2        NaN\n3        NaN\n4        NaN\n        ... \n24924    NaN\n24925    NaN\n24926    NaN\n24927    NaN\n24928    NaN\nName: 36, Length: 24929, dtype: object","TowReg":1019471,"SupStruc":49.899999999999999,"AllStruc":49.899999999999999,"StrucType":"POLE","LicStatus":"A","latdec":27.7716666667,"londec":-82.734722222200006,"url":"http://wireless2.fcc.gov/UlsApp/UlsSearch/licenseLocSum.jsp?licKey=12465"}},{"type":"Feature","id":566,"geometry":{"type":"Point","coordinates":[-82.711111110798868,28.282222222234566]},"properties":{"FID":566,"OBJECTID":10244,"UniqSysID":12465,"Licensee":"ALLTEL Corporation","Callsign":"KNKA227","LocNum":13,"LatDeg":28,"LatMin":16,"LatSec":56,"LatDir":"N","LonDeg":82,"LonMin":42,"LonSec":40,"LonDir":"W","LocAdd":"Jasmine Cell Site - 250 FT S INT SPRINGER DR & SQUIB DR 8618 SQUIB DR","LocCity":"Port Richey","LocCounty":"PASCO","LocState":"FL","Nepa":"N","QZone":"0        NaN\n1        NaN\n2        NaN\n3        NaN\n4        NaN\n        ... \n24924    NaN\n24925    NaN\n24926    NaN\n24927    NaN\n24928    NaN\nName: 36, Length: 24929, dtype: object","TowReg":1019615,"SupStruc":49.399999999999999,"AllStruc":49.399999999999999,"StrucType":"POLE","LicStatus":"A","latdec":28.282222222200001,"londec":-82.711111111099996,"url":"http://wireless2.fcc.gov/UlsApp/UlsSearch/licenseLocSum.jsp?licKey=12465"}},{"type":"Feature","id":567,"geometry":{"type":"Point","coordinates":[-82.170083334163962,27.761694443900581]},"properties":{"FID":567,"OBJECTID":10245,"UniqSysID":12465,"Licensee":"ALLTEL Corporation","Callsign":"KNKA227","LocNum":14,"LatDeg":27,"LatMin":45,"LatSec":42.100000000000001,"LatDir":"N","LonDeg":82,"LonMin":10,"LonSec":12.300000000000001,"LonDir":"W","LocAdd":"7840 WEST FROM INTERSEC. OF COUNTY RD 39 & COUNTY RD 672 ON THE SOUTHSIDE OF CR6","LocCity":"PICNIC","LocCounty":"HILLSBOROUGH","LocState":"FL","Nepa":"N","QZone":"0        NaN\n1        NaN\n2        NaN\n3        NaN\n4        NaN\n        ... \n24924    NaN\n24925    NaN\n24926    NaN\n24927    NaN\n24928    NaN\nName: 36, Length: 24929, dtype: object","TowReg":0,"SupStruc":0,"AllStruc":0,"StrucType":" ","LicStatus":"A","latdec":27.7616944444,"londec":-82.170083333299999,"url":"http://wireless2.fcc.gov/UlsApp/UlsSearch/licenseLocSum.jsp?licKey=12465"}},{"type":"Feature","id":568,"geometry":{"type":"Point","coordinates":[-82.195361110588863,28.409444445047654]},"properties":{"FID":568,"OBJECTID":10246,"UniqSysID":12465,"Licensee":"ALLTEL Corporation","Callsign":"KNKA227","LocNum":15,"LatDeg":28,"LatMin":24,"LatSec":34,"LatDir":"N","LonDeg":82,"LonMin":11,"LonSec":43.299999999999997,"LonDir":"W","LocAdd":"ON U.S. HIGHWAY 301, 1.8 MILES NORTH OF DADE CITY","LocCity":"DADE CITY","LocCounty":"PASCO","LocState":"FL","Nepa":"N","QZone":"0        NaN\n1        NaN\n2        NaN\n3        NaN\n4        NaN\n        ... \n24924    NaN\n24925    NaN\n24926    NaN\n24927    NaN\n24928    NaN\nName: 36, Length: 24929, dtype: object","TowReg":0,"SupStruc":0,"AllStruc":0,"StrucType":" ","LicStatus":"A","latdec":28.409444444399998,"londec":-82.195361111099999,"url":"http://wireless2.fcc.gov/UlsApp/UlsSearch/licenseLocSum.jsp?licKey=12465"}},{"type":"Feature","id":569,"geometry":{"type":"Point","coordinates":[-82.223694443570537,27.966416666904252]},"properties":{"FID":569,"OBJECTID":10247,"UniqSysID":12465,"Licensee":"ALLTEL Corporation","Callsign":"KNKA227","LocNum":16,"LatDeg":27,"LatMin":57,"LatSec":59.100000000000001,"LatDir":"N","LonDeg":82,"LonMin":13,"LonSec":25.300000000000001,"LonDir":"W","LocAdd":"14003 Sydney Road","LocCity":"Dover","LocCounty":"HILLSBOROUGH","LocState":"FL","Nepa":"N","QZone":"0        NaN\n1        NaN\n2        NaN\n3        NaN\n4        NaN\n        ... \n24924    NaN\n24925    NaN\n24926    NaN\n24927    NaN\n24928    NaN\nName: 36, Length: 24929, dtype: object","TowReg":0,"SupStruc":0,"AllStruc":0,"StrucType":" ","LicStatus":"A","latdec":27.966416666699999,"londec":-82.223694444399996,"url":"http://wireless2.fcc.gov/UlsApp/UlsSearch/licenseLocSum.jsp?licKey=12465"}},{"type":"Feature","id":570,"geometry":{"type":"Point","coordinates":[-82.505638889025192,28.354166667155368]},"properties":{"FID":570,"OBJECTID":10248,"UniqSysID":12465,"Licensee":"ALLTEL Corporation","Callsign":"KNKA227","LocNum":17,"LatDeg":28,"LatMin":21,"LatSec":15,"LatDir":"N","LonDeg":82,"LonMin":30,"LonSec":20.300000000000001,"LonDir":"W","LocAdd":"18747 Greenfield Road","LocCity":"Land O' Lakes","LocCounty":"PASCO","LocState":"FL","Nepa":"N","QZone":"0        NaN\n1        NaN\n2        NaN\n3        NaN\n4        NaN\n        ... \n24924    NaN\n24925    NaN\n24926    NaN\n24927    NaN\n24928    NaN\nName: 36, Length: 24929, dtype: object","TowReg":0,"SupStruc":0,"AllStruc":0,"StrucType":" ","LicStatus":"A","latdec":28.354166666699999,"londec":-82.505638888899995,"url":"http://wireless2.fcc.gov/UlsApp/UlsSearch/licenseLocSum.jsp?licKey=12465"}},{"type":"Feature","id":571,"geometry":{"type":"Point","coordinates":[-82.481749999657836,27.680583334201799]},"properties":{"FID":571,"OBJECTID":10249,"UniqSysID":12465,"Licensee":"ALLTEL Corporation","Callsign":"KNKA227","LocNum":23,"LatDeg":27,"LatMin":40,"LatSec":50.100000000000001,"LatDir":"N","LonDeg":82,"LonMin":28,"LonSec":54.299999999999997,"LonDir":"W","LocAdd":"0.5 MILES W OF US 41 OFF COCKROACH BAY","LocCity":"SUN CITY","LocCounty":"HILLSBOROUGH","LocState":"FL","Nepa":"N","QZone":"0        NaN\n1        NaN\n2        NaN\n3        NaN\n4        NaN\n        ... \n24924    NaN\n24925    NaN\n24926    NaN\n24927    NaN\n24928    NaN\nName: 36, Length: 24929, dtype: object","TowReg":0,"SupStruc":52,"AllStruc":0,"StrucType":" ","LicStatus":"A","latdec":27.6805833333,"londec":-82.481750000000005,"url":"http://wireless2.fcc.gov/UlsApp/UlsSearch/licenseLocSum.jsp?licKey=12465"}},{"type":"Feature","id":572,"geometry":{"type":"Point","coordinates":[-82.645111110730113,28.142500000067628]},"properties":{"FID":572,"OBJECTID":10250,"UniqSysID":12465,"Licensee":"ALLTEL Corporation","Callsign":"KNKA227","LocNum":31,"LatDeg":28,"LatMin":8,"LatSec":33,"LatDir":"N","LonDeg":82,"LonMin":38,"LonSec":42.399999999999999,"LonDir":"W","LocAdd":"NE Crn of Tarpon Springs Rd & Dakota Rd; 18414 Dakota Rd.","LocCity":"Odessa","LocCounty":"HILLSBOROUGH","LocState":"FL","Nepa":"N","QZone":"0        NaN\n1        NaN\n2        NaN\n3        NaN\n4        NaN\n        ... \n24924    NaN\n24925    NaN\n24926    NaN\n24927    NaN\n24928    NaN\nName: 36, Length: 24929, dtype: object","TowReg":0,"SupStruc":61,"AllStruc":0,"StrucType":" ","LicStatus":"A","latdec":28.142499999999998,"londec":-82.645111111099993,"url":"http://wireless2.fcc.gov/UlsApp/UlsSearch/licenseLocSum.jsp?licKey=12465"}},{"type":"Feature","id":573,"geometry":{"type":"Point","coordinates":[-82.801222222774982,27.800305555686293]},"properties":{"FID":573,"OBJECTID":10251,"UniqSysID":12465,"Licensee":"ALLTEL Corporation","Callsign":"KNKA227","LocNum":35,"LatDeg":27,"LatMin":48,"LatSec":1.1000000000000001,"LatDir":"N","LonDeg":82,"LonMin":48,"LonSec":4.4000000000000004,"LonDir":"W","LocAdd":"14950 Gulf Blvd.","LocCity":"Madeira Beach","LocCounty":"PINELLAS","LocState":"FL","Nepa":"N","QZone":"0        NaN\n1        NaN\n2        NaN\n3        NaN\n4        NaN\n        ... \n24924    NaN\n24925    NaN\n24926    NaN\n24927    NaN\n24928    NaN\nName: 36, Length: 24929, dtype: object","TowReg":0,"SupStruc":41,"AllStruc":0,"StrucType":" ","LicStatus":"A","latdec":27.800305555600001,"londec":-82.801222222199996,"url":"http://wireless2.fcc.gov/UlsApp/UlsSearch/licenseLocSum.jsp?licKey=12465"}},{"type":"Feature","id":574,"geometry":{"type":"Point","coordinates":[-82.179250000241268,28.228055556106654]},"properties":{"FID":574,"OBJECTID":10252,"UniqSysID":12465,"Licensee":"ALLTEL Corporation","Callsign":"KNKA227","LocNum":37,"LatDeg":28,"LatMin":13,"LatSec":41,"LatDir":"N","LonDeg":82,"LonMin":10,"LonSec":45.299999999999997,"LonDir":"W","LocAdd":"702 AVENUE A","LocCity":"ZEPHYRHILLS","LocCounty":"PASCO","LocState":"FL","Nepa":"N","QZone":"0        NaN\n1        NaN\n2        NaN\n3        NaN\n4        NaN\n        ... \n24924    NaN\n24925    NaN\n24926    NaN\n24927    NaN\n24928    NaN\nName: 36, Length: 24929, dtype: object","TowReg":0,"SupStruc":93,"AllStruc":0,"StrucType":" ","LicStatus":"A","latdec":28.228055555600001,"londec":-82.179249999999996,"url":"http://wireless2.fcc.gov/UlsApp/UlsSearch/licenseLocSum.jsp?licKey=12465"}},{"type":"Feature","id":575,"geometry":{"type":"Point","coordinates":[-82.121750000426573,27.940861111080721]},"properties":{"FID":575,"OBJECTID":10253,"UniqSysID":12465,"Licensee":"ALLTEL Corporation","Callsign":"KNKA227","LocNum":39,"LatDeg":27,"LatMin":56,"LatSec":27.100000000000001,"LatDir":"N","LonDeg":82,"LonMin":7,"LonSec":18.300000000000001,"LonDir":"W","LocAdd":"INTERSECTION OF SR 39 AND HOPEWELL MANOR ROAD","LocCity":"PLANT CITY","LocCounty":"HILLSBOROUGH","LocState":"FL","Nepa":"N","QZone":"0        NaN\n1        NaN\n2        NaN\n3        NaN\n4        NaN\n        ... \n24924    NaN\n24925    NaN\n24926    NaN\n24927    NaN\n24928    NaN\nName: 36, Length: 24929, dtype: object","TowReg":0,"SupStruc":49,"AllStruc":0,"StrucType":" ","LicStatus":"A","latdec":27.940861111099998,"londec":-82.121750000000006,"url":"http://wireless2.fcc.gov/UlsApp/UlsSearch/licenseLocSum.jsp?licKey=12465"}},{"type":"Feature","id":576,"geometry":{"type":"Point","coordinates":[-82.175916666632304,27.847249999791131]},"properties":{"FID":576,"OBJECTID":10254,"UniqSysID":12465,"Licensee":"ALLTEL Corporation","Callsign":"KNKA227","LocNum":40,"LatDeg":27,"LatMin":50,"LatSec":50.100000000000001,"LatDir":"N","LonDeg":82,"LonMin":10,"LonSec":33.299999999999997,"LonDir":"W","LocAdd":"BROWNING ROAD WEST OF LITHIA PINE CREST","LocCity":"BRANDON","LocCounty":"HILLSBOROUGH","LocState":"FL","Nepa":"N","QZone":"0        NaN\n1        NaN\n2        NaN\n3        NaN\n4        NaN\n        ... \n24924    NaN\n24925    NaN\n24926    NaN\n24927    NaN\n24928    NaN\nName: 36, Length: 24929, dtype: object","TowReg":0,"SupStruc":66,"AllStruc":0,"StrucType":" ","LicStatus":"A","latdec":27.847249999999999,"londec":-82.175916666700004,"url":"http://wireless2.fcc.gov/UlsApp/UlsSearch/licenseLocSum.jsp?licKey=12465"}},{"type":"Feature","id":577,"geometry":{"type":"Point","coordinates":[-82.277416665594615,27.776805556360046]},"properties":{"FID":577,"OBJECTID":10255,"UniqSysID":12465,"Licensee":"ALLTEL Corporation","Callsign":"KNKA227","LocNum":46,"LatDeg":27,"LatMin":46,"LatSec":36.5,"LatDir":"N","LonDeg":82,"LonMin":16,"LonSec":38.700000000000003,"LonDir":"W","LocAdd":"14127 Balm Riverview Road","LocCity":"Balm","LocCounty":"HILLSBOROUGH","LocState":"FL","Nepa":"N","QZone":"0        NaN\n1        NaN\n2        NaN\n3        NaN\n4        NaN\n        ... \n24924    NaN\n24925    NaN\n24926    NaN\n24927    NaN\n24928    NaN\nName: 36, Length: 24929, dtype: object","TowReg":0,"SupStruc":54.899999999999999,"AllStruc":56.399999999999999,"StrucType":"MAST","LicStatus":"A","latdec":27.776805555599999,"londec":-82.277416666700006,"url":"http://wireless2.fcc.gov/UlsApp/UlsSearch/licenseLocSum.jsp?licKey=12465"}},{"type":"Feature","id":578,"geometry":{"type":"Point","coordinates":[-82.237611110714568,28.129611111389295]},"properties":{"FID":578,"OBJECTID":10256,"UniqSysID":12465,"Licensee":"ALLTEL Corporation","Callsign":"KNKA227","LocNum":47,"LatDeg":28,"LatMin":7,"LatSec":46.600000000000001,"LatDir":"N","LonDeg":82,"LonMin":14,"LonSec":15.4,"LonDir":"W","LocAdd":"14916 Dead River Road","LocCity":"Thonotosassa","LocCounty":"HILLSBOROUGH","LocState":"FL","Nepa":"N","QZone":"0        NaN\n1        NaN\n2        NaN\n3        NaN\n4        NaN\n        ... \n24924    NaN\n24925    NaN\n24926    NaN\n24927    NaN\n24928    NaN\nName: 36, Length: 24929, dtype: object","TowReg":1200968,"SupStruc":56.399999999999999,"AllStruc":60.700000000000003,"StrucType":"MAST","LicStatus":"A","latdec":28.129611111100001,"londec":-82.237611111099994,"url":"http://wireless2.fcc.gov/UlsApp/UlsSearch/licenseLocSum.jsp?licKey=12465"}},{"type":"Feature","id":579,"geometry":{"type":"Point","coordinates":[-82.280444444446289,28.422777778066518]},"properties":{"FID":579,"OBJECTID":10257,"UniqSysID":12465,"Licensee":"ALLTEL Corporation","Callsign":"KNKA227","LocNum":48,"LatDeg":28,"LatMin":25,"LatSec":22,"LatDir":"N","LonDeg":82,"LonMin":16,"LonSec":49.600000000000001,"LonDir":"W","LocAdd":"32305 Blanton Road","LocCity":"DADE CITY","LocCounty":"PASCO","LocState":"FL","Nepa":"N","QZone":"0        NaN\n1        NaN\n2        NaN\n3        NaN\n4        NaN\n        ... \n24924    NaN\n24925    NaN\n24926    NaN\n24927    NaN\n24928    NaN\nName: 36, Length: 24929, dtype: object","TowReg":1040914,"SupStruc":91.400000000000006,"AllStruc":91.400000000000006,"StrucType":"TOWER","LicStatus":"A","latdec":28.4227777778,"londec":-82.280444444400004,"url":"http://wireless2.fcc.gov/UlsApp/UlsSearch/licenseLocSum.jsp?licKey=12465"}},{"type":"Feature","id":580,"geometry":{"type":"Point","coordinates":[-82.643833333595353,28.05700000001633]},"properties":{"FID":580,"OBJECTID":10258,"UniqSysID":12465,"Licensee":"ALLTEL Corporation","Callsign":"KNKA227","LocNum":50,"LatDeg":28,"LatMin":3,"LatSec":25.199999999999999,"LatDir":"N","LonDeg":82,"LonMin":38,"LonSec":37.799999999999997,"LonDir":"W","LocAdd":"12221 RACE TRACK RD","LocCity":"OLDSMAR","LocCounty":"HILLSBOROUGH","LocState":"FL","Nepa":"N","QZone":"0        NaN\n1        NaN\n2        NaN\n3        NaN\n4        NaN\n        ... \n24924    NaN\n24925    NaN\n24926    NaN\n24927    NaN\n24928    NaN\nName: 36, Length: 24929, dtype: object","TowReg":1026389,"SupStruc":182.90000000000001,"AllStruc":182.90000000000001,"StrucType":"TOWER","LicStatus":"A","latdec":28.056999999999999,"londec":-82.643833333299995,"url":"http://wireless2.fcc.gov/UlsApp/UlsSearch/licenseLocSum.jsp?licKey=12465"}},{"type":"Feature","id":581,"geometry":{"type":"Point","coordinates":[-82.31125000037872,28.305222222181271]},"properties":{"FID":581,"OBJECTID":10259,"UniqSysID":12465,"Licensee":"ALLTEL Corporation","Callsign":"KNKA227","LocNum":51,"LatDeg":28,"LatMin":18,"LatSec":18.800000000000001,"LatDir":"N","LonDeg":82,"LonMin":18,"LonSec":40.5,"LonDir":"W","LocAdd":"10140 MCKENDREE ROAD","LocCity":"DADE CITY","LocCounty":"PASCO","LocState":"FL","Nepa":"N","QZone":"0        NaN\n1        NaN\n2        NaN\n3        NaN\n4        NaN\n        ... \n24924    NaN\n24925    NaN\n24926    NaN\n24927    NaN\n24928    NaN\nName: 36, Length: 24929, dtype: object","TowReg":1031343,"SupStruc":113.09999999999999,"AllStruc":118.3,"StrucType":"TOWER","LicStatus":"A","latdec":28.305222222200001,"londec":-82.311250000000001,"url":"http://wireless2.fcc.gov/UlsApp/UlsSearch/licenseLocSum.jsp?licKey=12465"}},{"type":"Feature","id":582,"geometry":{"type":"Point","coordinates":[-82.637916667113018,28.42927777797297]},"properties":{"FID":582,"OBJECTID":10260,"UniqSysID":12465,"Licensee":"ALLTEL Corporation","Callsign":"KNKA227","LocNum":52,"LatDeg":28,"LatMin":25,"LatSec":45.399999999999999,"LatDir":"N","LonDeg":82,"LonMin":38,"LonSec":16.5,"LonDir":"W","LocAdd":"Aripeka Cell Site - 10622 Harris Loop","LocCity":"Hudson","LocCounty":"PASCO","LocState":"FL","Nepa":"N","QZone":"0        NaN\n1        NaN\n2        NaN\n3        NaN\n4        NaN\n        ... \n24924    NaN\n24925    NaN\n24926    NaN\n24927    NaN\n24928    NaN\nName: 36, Length: 24929, dtype: object","TowReg":0,"SupStruc":48.799999999999997,"AllStruc":50.299999999999997,"StrucType":"MAST","LicStatus":"A","latdec":28.429277777799999,"londec":-82.637916666699994,"url":"http://wireless2.fcc.gov/UlsApp/UlsSearch/licenseLocSum.jsp?licKey=12465"}},{"type":"Feature","id":583,"geometry":{"type":"Point","coordinates":[-82.798055556295537,27.965833334267074]},"properties":{"FID":583,"OBJECTID":10261,"UniqSysID":12465,"Licensee":"ALLTEL Corporation","Callsign":"KNKA227","LocNum":53,"LatDeg":27,"LatMin":57,"LatSec":57,"LatDir":"N","LonDeg":82,"LonMin":47,"LonSec":53,"LonDir":"W","LocAdd":"Ft Harrison Cell Site - 600 CLEVELAND ST","LocCity":"CLEARWATER","LocCounty":"PINELLAS","LocState":"FL","Nepa":"N","QZone":"0        NaN\n1        NaN\n2        NaN\n3        NaN\n4        NaN\n        ... \n24924    NaN\n24925    NaN\n24926    NaN\n24927    NaN\n24928    NaN\nName: 36, Length: 24929, dtype: object","TowReg":1020207,"SupStruc":54.5,"AllStruc":54.5,"StrucType":"BANT","LicStatus":"A","latdec":27.965833333300001,"londec":-82.798055555600001,"url":"http://wireless2.fcc.gov/UlsApp/UlsSearch/licenseLocSum.jsp?licKey=12465"}},{"type":"Feature","id":584,"geometry":{"type":"Point","coordinates":[-82.766111110856002,28.112777778070779]},"properties":{"FID":584,"OBJECTID":10262,"UniqSysID":12465,"Licensee":"ALLTEL Corporation","Callsign":"KNKA227","LocNum":56,"LatDeg":28,"LatMin":6,"LatSec":46,"LatDir":"N","LonDeg":82,"LonMin":45,"LonSec":58,"LonDir":"W","LocAdd":"(Klosterman) .15 MI E OF HWY 595 & HWY ALT 19","LocCity":"TARPON SPRINGS","LocCounty":"PINELLAS","LocState":"FL","Nepa":"N","QZone":"0        NaN\n1        NaN\n2        NaN\n3        NaN\n4        NaN\n        ... \n24924    NaN\n24925    NaN\n24926    NaN\n24927    NaN\n24928    NaN\nName: 36, Length: 24929, dtype: object","TowReg":1030950,"SupStruc":91.400000000000006,"AllStruc":91.400000000000006,"StrucType":"LTOWER","LicStatus":"A","latdec":28.112777777800002,"londec":-82.766111111100003,"url":"http://wireless2.fcc.gov/UlsApp/UlsSearch/licenseLocSum.jsp?licKey=12465"}},{"type":"Feature","id":585,"geometry":{"type":"Point","coordinates":[-82.534138889136557,27.982027777718258]},"properties":{"FID":585,"OBJECTID":10263,"UniqSysID":12465,"Licensee":"ALLTEL Corporation","Callsign":"KNKA227","LocNum":54,"LatDeg":27,"LatMin":58,"LatSec":55.299999999999997,"LatDir":"N","LonDeg":82,"LonMin":32,"LonSec":2.8999999999999999,"LonDir":"W","LocAdd":"(TIA Marriott) Tampa Internation Airport","LocCity":"Tampa","LocCounty":"HILLSBOROUGH","LocState":"FL","Nepa":"N","QZone":"0        NaN\n1        NaN\n2        NaN\n3        NaN\n4        NaN\n        ... \n24924    NaN\n24925    NaN\n24926    NaN\n24927    NaN\n24928    NaN\nName: 36, Length: 24929, dtype: object","TowReg":0,"SupStruc":31.699999999999999,"AllStruc":31.699999999999999,"StrucType":"BANT","LicStatus":"A","latdec":27.982027777799999,"londec":-82.534138888900003,"url":"http://wireless2.fcc.gov/UlsApp/UlsSearch/licenseLocSum.jsp?licKey=12465"}},{"type":"Feature","id":586,"geometry":{"type":"Point","coordinates":[-82.167611111213319,27.702666666617802]},"properties":{"FID":586,"OBJECTID":10264,"UniqSysID":12465,"Licensee":"ALLTEL Corporation","Callsign":"KNKA227","LocNum":55,"LatDeg":27,"LatMin":42,"LatSec":9.5999999999999996,"LatDir":"N","LonDeg":82,"LonMin":10,"LonSec":3.3999999999999999,"LonDir":"W","LocAdd":"(Sprint Ft. Lonesome site) 12311 Hwy 674","LocCity":"Lithia","LocCounty":"HILLSBOROUGH","LocState":"FL","Nepa":"N","QZone":"0        NaN\n1        NaN\n2        NaN\n3        NaN\n4        NaN\n        ... \n24924    NaN\n24925    NaN\n24926    NaN\n24927    NaN\n24928    NaN\nName: 36, Length: 24929, dtype: object","TowReg":1222338,"SupStruc":76.200000000000003,"AllStruc":77.700000000000003,"StrucType":"TOWER","LicStatus":"A","latdec":27.702666666700001,"londec":-82.167611111100001,"url":"http://wireless2.fcc.gov/UlsApp/UlsSearch/licenseLocSum.jsp?licKey=12465"}},{"type":"Feature","id":587,"geometry":{"type":"Point","coordinates":[-85.300361111369341,29.811805555705178]},"properties":{"FID":587,"OBJECTID":10558,"UniqSysID":12484,"Licensee":"ALLTEL Corporation","Callsign":"KNKN584","LocNum":1,"LatDeg":29,"LatMin":48,"LatSec":42.5,"LatDir":"N","LonDeg":85,"LonMin":18,"LonSec":1.3,"LonDir":"W","LocAdd":"502 5th Street","LocCity":"Port St. Joe","LocCounty":"GULF","LocState":"FL","Nepa":"N","QZone":"0        NaN\n1        NaN\n2        NaN\n3        NaN\n4        NaN\n        ... \n24924    NaN\n24925    NaN\n24926    NaN\n24927    NaN\n24928    NaN\nName: 36, Length: 24929, dtype: object","TowReg":1201084,"SupStruc":51.799999999999997,"AllStruc":51.799999999999997,"StrucType":"TOWER","LicStatus":"A","latdec":29.811805555599999,"londec":-85.300361111100003,"url":"http://wireless2.fcc.gov/UlsApp/UlsSearch/licenseLocSum.jsp?licKey=12484"}},{"type":"Feature","id":588,"geometry":{"type":"Point","coordinates":[-85.201972221679455,30.107722221988865]},"properties":{"FID":588,"OBJECTID":10559,"UniqSysID":12484,"Licensee":"ALLTEL Corporation","Callsign":"KNKN584","LocNum":3,"LatDeg":30,"LatMin":6,"LatSec":27.800000000000001,"LatDir":"N","LonDeg":85,"LonMin":12,"LonSec":7.0999999999999996,"LonDir":"W","LocAdd":"601 Hwy 71 South","LocCity":"Wewahitchka","LocCounty":"GULF","LocState":"FL","Nepa":"N","QZone":"0        NaN\n1        NaN\n2        NaN\n3        NaN\n4        NaN\n        ... \n24924    NaN\n24925    NaN\n24926    NaN\n24927    NaN\n24928    NaN\nName: 36, Length: 24929, dtype: object","TowReg":1030575,"SupStruc":118.59999999999999,"AllStruc":119.5,"StrucType":"TOWER","LicStatus":"A","latdec":30.1077222222,"londec":-85.201972222199998,"url":"http://wireless2.fcc.gov/UlsApp/UlsSearch/licenseLocSum.jsp?licKey=12484"}},{"type":"Feature","id":589,"geometry":{"type":"Point","coordinates":[-84.991638888916611,30.432472221623016]},"properties":{"FID":589,"OBJECTID":10560,"UniqSysID":12484,"Licensee":"ALLTEL Corporation","Callsign":"KNKN584","LocNum":4,"LatDeg":30,"LatMin":25,"LatSec":56.899999999999999,"LatDir":"N","LonDeg":84,"LonMin":59,"LonSec":29.899999999999999,"LonDir":"W","LocAdd":"1.3 MILES W OF I/S OF HWYS 20 & 12","LocCity":"Bristol","LocCounty":"LIBERTY","LocState":"FL","Nepa":"N","QZone":"0        NaN\n1        NaN\n2        NaN\n3        NaN\n4        NaN\n        ... \n24924    NaN\n24925    NaN\n24926    NaN\n24927    NaN\n24928    NaN\nName: 36, Length: 24929, dtype: object","TowReg":1026907,"SupStruc":121.90000000000001,"AllStruc":127.40000000000001,"StrucType":"TOWER","LicStatus":"A","latdec":30.432472222200001,"londec":-84.991638888899999,"url":"http://wireless2.fcc.gov/UlsApp/UlsSearch/licenseLocSum.jsp?licKey=12484"}},{"type":"Feature","id":590,"geometry":{"type":"Point","coordinates":[-84.665555554890261,29.865277777926963]},"properties":{"FID":590,"OBJECTID":10561,"UniqSysID":12484,"Licensee":"ALLTEL Corporation","Callsign":"KNKN584","LocNum":5,"LatDeg":29,"LatMin":51,"LatSec":55,"LatDir":"N","LonDeg":84,"LonMin":39,"LonSec":56,"LonDir":"W","LocAdd":"CARRABELLE MW BLDG","LocCity":"Carrabelle","LocCounty":"FRANKLIN","LocState":"FL","Nepa":"N","QZone":"0        NaN\n1        NaN\n2        NaN\n3        NaN\n4        NaN\n        ... \n24924    NaN\n24925    NaN\n24926    NaN\n24927    NaN\n24928    NaN\nName: 36, Length: 24929, dtype: object","TowReg":1028378,"SupStruc":84.099999999999994,"AllStruc":89.299999999999997,"StrucType":"TOWER","LicStatus":"A","latdec":29.865277777799999,"londec":-84.665555555599994,"url":"http://wireless2.fcc.gov/UlsApp/UlsSearch/licenseLocSum.jsp?licKey=12484"}},{"type":"Feature","id":591,"geometry":{"type":"Point","coordinates":[-85.200194444952388,30.441805556099496]},"properties":{"FID":591,"OBJECTID":10562,"UniqSysID":12484,"Licensee":"ALLTEL Corporation","Callsign":"KNKN584","LocNum":6,"LatDeg":30,"LatMin":26,"LatSec":30.5,"LatDir":"N","LonDeg":85,"LonMin":12,"LonSec":0.69999999999999996,"LonDir":"W","LocAdd":"2.3 MILES W OF I/S OF HWYS 84 & 20 - (Clarksville)","LocCity":"CLARKSVILLE","LocCounty":"CALHOUN","LocState":"FL","Nepa":"N","QZone":"0        NaN\n1        NaN\n2        NaN\n3        NaN\n4        NaN\n        ... \n24924    NaN\n24925    NaN\n24926    NaN\n24927    NaN\n24928    NaN\nName: 36, Length: 24929, dtype: object","TowReg":1026906,"SupStruc":121.90000000000001,"AllStruc":128,"StrucType":"TOWER","LicStatus":"A","latdec":30.441805555599998,"londec":-85.200194444399997,"url":"http://wireless2.fcc.gov/UlsApp/UlsSearch/licenseLocSum.jsp?licKey=12484"}},{"type":"Feature","id":592,"geometry":{"type":"Point","coordinates":[-84.796527777239703,30.392194444992754]},"properties":{"FID":592,"OBJECTID":10563,"UniqSysID":12484,"Licensee":"ALLTEL Corporation","Callsign":"KNKN584","LocNum":7,"LatDeg":30,"LatMin":23,"LatSec":31.899999999999999,"LatDir":"N","LonDeg":84,"LonMin":47,"LonSec":47.5,"LonDir":"W","LocAdd":"(Hosford site) RT 1 BOX 99 S","LocCity":"HOSFORD","LocCounty":"LIBERTY","LocState":"FL","Nepa":"N","QZone":"0        NaN\n1        NaN\n2        NaN\n3        NaN\n4        NaN\n        ... \n24924    NaN\n24925    NaN\n24926    NaN\n24927    NaN\n24928    NaN\nName: 36, Length: 24929, dtype: object","TowReg":1002493,"SupStruc":121.90000000000001,"AllStruc":128,"StrucType":"TOWER","LicStatus":"A","latdec":30.392194444400001,"londec":-84.796527777799994,"url":"http://wireless2.fcc.gov/UlsApp/UlsSearch/licenseLocSum.jsp?licKey=12484"}},{"type":"Feature","id":593,"geometry":{"type":"Point","coordinates":[-84.87188888911885,29.751583332731627]},"properties":{"FID":593,"OBJECTID":10564,"UniqSysID":12484,"Licensee":"ALLTEL Corporation","Callsign":"KNKN584","LocNum":10,"LatDeg":29,"LatMin":45,"LatSec":5.7000000000000002,"LatDir":"N","LonDeg":84,"LonMin":52,"LonSec":18.800000000000001,"LonDir":"W","LocAdd":"141 OTTERSLIDE ROAD","LocCity":"EASTPOINT","LocCounty":"FRANKLIN","LocState":"FL","Nepa":"N","QZone":"0        NaN\n1        NaN\n2        NaN\n3        NaN\n4        NaN\n        ... \n24924    NaN\n24925    NaN\n24926    NaN\n24927    NaN\n24928    NaN\nName: 36, Length: 24929, dtype: object","TowReg":1234843,"SupStruc":182,"AllStruc":182.90000000000001,"StrucType":"TOWER","LicStatus":"A","latdec":29.751583333300001,"londec":-84.871888888900003,"url":"http://wireless2.fcc.gov/UlsApp/UlsSearch/licenseLocSum.jsp?licKey=12484"}},{"type":"Feature","id":594,"geometry":{"type":"Point","coordinates":[-85.151861111214942,29.711611110759748]},"properties":{"FID":594,"OBJECTID":10565,"UniqSysID":12484,"Licensee":"ALLTEL Corporation","Callsign":"KNKN584","LocNum":11,"LatDeg":29,"LatMin":42,"LatSec":41.799999999999997,"LatDir":"N","LonDeg":85,"LonMin":9,"LonSec":6.7000000000000002,"LonDir":"W","LocAdd":"2501 CR30A  (023009  /  Lake Wimico)","LocCity":"Appalachicola","LocCounty":"FRANKLIN","LocState":"FL","Nepa":"N","QZone":"0        NaN\n1        NaN\n2        NaN\n3        NaN\n4        NaN\n        ... \n24924    NaN\n24925    NaN\n24926    NaN\n24927    NaN\n24928    NaN\nName: 36, Length: 24929, dtype: object","TowReg":1229787,"SupStruc":76.5,"AllStruc":81.299999999999997,"StrucType":"TOWER","LicStatus":"A","latdec":29.711611111100002,"londec":-85.151861111100004,"url":"http://wireless2.fcc.gov/UlsApp/UlsSearch/licenseLocSum.jsp?licKey=12484"}},{"type":"Feature","id":595,"geometry":{"type":"Point","coordinates":[-84.465249999761511,29.930555555144053]},"properties":{"FID":595,"OBJECTID":10566,"UniqSysID":12484,"Licensee":"ALLTEL Corporation","Callsign":"KNKN584","LocNum":12,"LatDeg":29,"LatMin":55,"LatSec":50,"LatDir":"N","LonDeg":84,"LonMin":27,"LonSec":54.899999999999999,"LonDir":"W","LocAdd":"(Saint Teresa, FL-123)4211 U. S. Highway 98 East","LocCity":"Sopchoppy","LocCounty":"FRANKLIN","LocState":"FL","Nepa":"N","QZone":"0        NaN\n1        NaN\n2        NaN\n3        NaN\n4        NaN\n        ... \n24924    NaN\n24925    NaN\n24926    NaN\n24927    NaN\n24928    NaN\nName: 36, Length: 24929, dtype: object","TowReg":1234768,"SupStruc":91.400000000000006,"AllStruc":94.400000000000006,"StrucType":"TOWER","LicStatus":"A","latdec":29.930555555600002,"londec":-84.465249999999997,"url":"http://wireless2.fcc.gov/UlsApp/UlsSearch/licenseLocSum.jsp?licKey=12484"}},{"type":"Feature","id":596,"geometry":{"type":"Point","coordinates":[-84.482194443960395,30.067722221958434]},"properties":{"FID":596,"OBJECTID":10567,"UniqSysID":12484,"Licensee":"ALLTEL Corporation","Callsign":"KNKN584","LocNum":13,"LatDeg":30,"LatMin":4,"LatSec":3.7999999999999998,"LatDir":"N","LonDeg":84,"LonMin":28,"LonSec":55.899999999999999,"LonDir":"W","LocAdd":"214 PULLBACK ROAD  (023026  /  Sopchoppy)","LocCity":"SOPCHOPPY","LocCounty":"WAKULLA","LocState":"FL","Nepa":"N","QZone":"0        NaN\n1        NaN\n2        NaN\n3        NaN\n4        NaN\n        ... \n24924    NaN\n24925    NaN\n24926    NaN\n24927    NaN\n24928    NaN\nName: 36, Length: 24929, dtype: object","TowReg":1219871,"SupStruc":100.59999999999999,"AllStruc":104.90000000000001,"StrucType":"TOWER","LicStatus":"A","latdec":30.0677222222,"londec":-84.482194444399994,"url":"http://wireless2.fcc.gov/UlsApp/UlsSearch/licenseLocSum.jsp?licKey=12484"}},{"type":"Feature","id":597,"geometry":{"type":"Point","coordinates":[-84.590277777923404,29.890611111377211]},"properties":{"FID":597,"OBJECTID":10568,"UniqSysID":12484,"Licensee":"ALLTEL Corporation","Callsign":"KNKN584","LocNum":14,"LatDeg":29,"LatMin":53,"LatSec":26.199999999999999,"LatDir":"N","LonDeg":84,"LonMin":35,"LonSec":25,"LonDir":"W","LocAdd":"2487 Oak Street   (FL12276-A)","LocCity":"Sopchoppy","LocCounty":"FRANKLIN","LocState":"FL","Nepa":"N","QZone":"0        NaN\n1        NaN\n2        NaN\n3        NaN\n4        NaN\n        ... \n24924    NaN\n24925    NaN\n24926    NaN\n24927    NaN\n24928    NaN\nName: 36, Length: 24929, dtype: object","TowReg":1234767,"SupStruc":91.400000000000006,"AllStruc":93.299999999999997,"StrucType":"TOWER","LicStatus":"A","latdec":29.8906111111,"londec":-84.590277777799997,"url":"http://wireless2.fcc.gov/UlsApp/UlsSearch/licenseLocSum.jsp?licKey=12484"}},{"type":"Feature","id":598,"geometry":{"type":"Point","coordinates":[-85.307611111295273,29.689527777743308]},"properties":{"FID":598,"OBJECTID":10569,"UniqSysID":12484,"Licensee":"ALLTEL Corporation","Callsign":"KNKN584","LocNum":15,"LatDeg":29,"LatMin":41,"LatSec":22.300000000000001,"LatDir":"N","LonDeg":85,"LonMin":18,"LonSec":27.399999999999999,"LonDir":"W","LocAdd":"SR 30A","LocCity":"Port St Joe","LocCounty":"GULF","LocState":"FL","Nepa":"N","QZone":"0        NaN\n1        NaN\n2        NaN\n3        NaN\n4        NaN\n        ... \n24924    NaN\n24925    NaN\n24926    NaN\n24927    NaN\n24928    NaN\nName: 36, Length: 24929, dtype: object","TowReg":0,"SupStruc":59.100000000000001,"AllStruc":60.399999999999999,"StrucType":"LTOWER","LicStatus":"A","latdec":29.689527777799999,"londec":-85.307611111100002,"url":"http://wireless2.fcc.gov/UlsApp/UlsSearch/licenseLocSum.jsp?licKey=12484"}},{"type":"Feature","id":599,"geometry":{"type":"Point","coordinates":[-81.511472222331463,27.471694444678064]},"properties":{"FID":599,"OBJECTID":13681,"UniqSysID":12680,"Licensee":"ALLTEL Corporation","Callsign":"KNKN902","LocNum":1,"LatDeg":27,"LatMin":28,"LatSec":18.100000000000001,"LatDir":"N","LonDeg":81,"LonMin":30,"LonSec":41.299999999999997,"LonDir":"W","LocAdd":"5 Mi W of Sebring on S-634","LocCity":"Sebring","LocCounty":"HIGHLANDS","LocState":"FL","Nepa":"N","QZone":"0        NaN\n1        NaN\n2        NaN\n3        NaN\n4        NaN\n        ... \n24924    NaN\n24925    NaN\n24926    NaN\n24927    NaN\n24928    NaN\nName: 36, Length: 24929, dtype: object","TowReg":0,"SupStruc":47.200000000000003,"AllStruc":54.799999999999997,"StrucType":"TOWER","LicStatus":"A","latdec":27.471694444400001,"londec":-81.511472222199998,"url":"http://wireless2.fcc.gov/UlsApp/UlsSearch/licenseLocSum.jsp?licKey=12680"}},{"type":"Feature","id":600,"geometry":{"type":"Point","coordinates":[-81.334444445258725,27.207499999702804]},"properties":{"FID":600,"OBJECTID":13682,"UniqSysID":12680,"Licensee":"ALLTEL Corporation","Callsign":"KNKN902","LocNum":2,"LatDeg":27,"LatMin":12,"LatSec":27,"LatDir":"N","LonDeg":81,"LonMin":20,"LonSec":4,"LonDir":"W","LocAdd":"ON SR70, 1 MI WEST OF U.S. HWY 27","LocCity":"CHILDS","LocCounty":"HIGHLANDS","LocState":"FL","Nepa":"N","QZone":"0        NaN\n1        NaN\n2        NaN\n3        NaN\n4        NaN\n        ... \n24924    NaN\n24925    NaN\n24926    NaN\n24927    NaN\n24928    NaN\nName: 36, Length: 24929, dtype: object","TowReg":1044140,"SupStruc":56.899999999999999,"AllStruc":59.399999999999999,"StrucType":"TOWER","LicStatus":"A","latdec":27.2075,"londec":-81.334444444400006,"url":"http://wireless2.fcc.gov/UlsApp/UlsSearch/licenseLocSum.jsp?licKey=12680"}},{"type":"Feature","id":601,"geometry":{"type":"Point","coordinates":[-81.310277777940826,26.941111111294674]},"properties":{"FID":601,"OBJECTID":13683,"UniqSysID":12680,"Licensee":"ALLTEL Corporation","Callsign":"KNKN902","LocNum":3,"LatDeg":26,"LatMin":56,"LatSec":28,"LatDir":"N","LonDeg":81,"LonMin":18,"LonSec":37,"LonDir":"W","LocAdd":"7840 SEMINOLE","LocCity":"PALMDALE","LocCounty":"GLADES","LocState":"FL","Nepa":"N","QZone":"0        NaN\n1        NaN\n2        NaN\n3        NaN\n4        NaN\n        ... \n24924    NaN\n24925    NaN\n24926    NaN\n24927    NaN\n24928    NaN\nName: 36, Length: 24929, dtype: object","TowReg":1024282,"SupStruc":57.299999999999997,"AllStruc":64.599999999999994,"StrucType":"TOWER","LicStatus":"A","latdec":26.9411111111,"londec":-81.310277777799996,"url":"http://wireless2.fcc.gov/UlsApp/UlsSearch/licenseLocSum.jsp?licKey=12680"}},{"type":"Feature","id":602,"geometry":{"type":"Point","coordinates":[-81.505388888719438,27.615916666053124]},"properties":{"FID":602,"OBJECTID":13684,"UniqSysID":12680,"Licensee":"ALLTEL Corporation","Callsign":"KNKN902","LocNum":4,"LatDeg":27,"LatMin":36,"LatSec":57.299999999999997,"LatDir":"N","LonDeg":81,"LonMin":30,"LonSec":19.399999999999999,"LonDir":"W","LocAdd":".5 MI E OF HWY 27","LocCity":"Avon Park","LocCounty":"HIGHLANDS","LocState":"FL","Nepa":"N","QZone":"0        NaN\n1        NaN\n2        NaN\n3        NaN\n4        NaN\n        ... \n24924    NaN\n24925    NaN\n24926    NaN\n24927    NaN\n24928    NaN\nName: 36, Length: 24929, dtype: object","TowReg":1022375,"SupStruc":41.100000000000001,"AllStruc":64,"StrucType":"TOWER","LicStatus":"A","latdec":27.615916666699999,"londec":-81.505388888900001,"url":"http://wireless2.fcc.gov/UlsApp/UlsSearch/licenseLocSum.jsp?licKey=12680"}},{"type":"Feature","id":603,"geometry":{"type":"Point","coordinates":[-81.367388888984294,27.319583333194771]},"properties":{"FID":603,"OBJECTID":13685,"UniqSysID":12680,"Licensee":"ALLTEL Corporation","Callsign":"KNKN902","LocNum":5,"LatDeg":27,"LatMin":19,"LatSec":10.5,"LatDir":"N","LonDeg":81,"LonMin":22,"LonSec":2.6000000000000001,"LonDir":"W","LocAdd":"1174 US Highway 27 North","LocCity":"Lake Placid","LocCounty":"HIGHLANDS","LocState":"FL","Nepa":"N","QZone":"0        NaN\n1        NaN\n2        NaN\n3        NaN\n4        NaN\n        ... \n24924    NaN\n24925    NaN\n24926    NaN\n24927    NaN\n24928    NaN\nName: 36, Length: 24929, dtype: object","TowReg":1232761,"SupStruc":88.400000000000006,"AllStruc":100.59999999999999,"StrucType":"TOWER","LicStatus":"A","latdec":27.319583333299999,"londec":-81.367388888899995,"url":"http://wireless2.fcc.gov/UlsApp/UlsSearch/licenseLocSum.jsp?licKey=12680"}},{"type":"Feature","id":604,"geometry":{"type":"Point","coordinates":[-81.436527777827166,26.774916667028549]},"properties":{"FID":604,"OBJECTID":13686,"UniqSysID":12680,"Licensee":"ALLTEL Corporation","Callsign":"KNKN902","LocNum":6,"LatDeg":26,"LatMin":46,"LatSec":29.699999999999999,"LatDir":"N","LonDeg":81,"LonMin":26,"LonSec":11.5,"LonDir":"W","LocAdd":"900 ST RT 29","LocCity":"LA BELLE","LocCounty":"HENDRY","LocState":"FL","Nepa":"N","QZone":"0        NaN\n1        NaN\n2        NaN\n3        NaN\n4        NaN\n        ... \n24924    NaN\n24925    NaN\n24926    NaN\n24927    NaN\n24928    NaN\nName: 36, Length: 24929, dtype: object","TowReg":1020920,"SupStruc":57.299999999999997,"AllStruc":57.299999999999997,"StrucType":"TOWER","LicStatus":"A","latdec":26.774916666700001,"londec":-81.436527777799995,"url":"http://wireless2.fcc.gov/UlsApp/UlsSearch/licenseLocSum.jsp?licKey=12680"}},{"type":"Feature","id":605,"geometry":{"type":"Point","coordinates":[-81.44063888897881,27.499749999963626]},"properties":{"FID":605,"OBJECTID":13687,"UniqSysID":12680,"Licensee":"ALLTEL Corporation","Callsign":"KNKN902","LocNum":7,"LatDeg":27,"LatMin":29,"LatSec":59.100000000000001,"LatDir":"N","LonDeg":81,"LonMin":26,"LonSec":26.300000000000001,"LonDir":"W","LocAdd":"400 AVACADO ST","LocCity":"SEBRING","LocCounty":"HIGHLANDS","LocState":"FL","Nepa":"N","QZone":"0        NaN\n1        NaN\n2        NaN\n3        NaN\n4        NaN\n        ... \n24924    NaN\n24925    NaN\n24926    NaN\n24927    NaN\n24928    NaN\nName: 36, Length: 24929, dtype: object","TowReg":1022374,"SupStruc":56.399999999999999,"AllStruc":60.600000000000001,"StrucType":"TOWER","LicStatus":"A","latdec":27.499749999999999,"londec":-81.440638888899997,"url":"http://wireless2.fcc.gov/UlsApp/UlsSearch/licenseLocSum.jsp?licKey=12680"}},{"type":"Feature","id":606,"geometry":{"type":"Point","coordinates":[-81.558333334099189,27.210000000100081]},"properties":{"FID":606,"OBJECTID":13688,"UniqSysID":12680,"Licensee":"ALLTEL Corporation","Callsign":"KNKN902","LocNum":9,"LatDeg":27,"LatMin":12,"LatSec":36,"LatDir":"N","LonDeg":81,"LonMin":33,"LonSec":30,"LonDir":"W","LocAdd":"1 MI E OF DESOTO COUNTY LINE 360 DEG N OF SR70","LocCity":"HIGHLANDS","LocCounty":"HIGHLANDS","LocState":"FL","Nepa":"N","QZone":"0        NaN\n1        NaN\n2        NaN\n3        NaN\n4        NaN\n        ... \n24924    NaN\n24925    NaN\n24926    NaN\n24927    NaN\n24928    NaN\nName: 36, Length: 24929, dtype: object","TowReg":1022372,"SupStruc":60.600000000000001,"AllStruc":60.600000000000001,"StrucType":"TOWER","LicStatus":"A","latdec":27.210000000000001,"londec":-81.558333333299998,"url":"http://wireless2.fcc.gov/UlsApp/UlsSearch/licenseLocSum.jsp?licKey=12680"}},{"type":"Feature","id":607,"geometry":{"type":"Point","coordinates":[-81.217166666614787,26.868777777844514]},"properties":{"FID":607,"OBJECTID":13689,"UniqSysID":12680,"Licensee":"ALLTEL Corporation","Callsign":"KNKN902","LocNum":16,"LatDeg":26,"LatMin":52,"LatSec":7.5999999999999996,"LatDir":"N","LonDeg":81,"LonMin":13,"LonSec":1.8,"LonDir":"W","LocAdd":"2810 Noah US 27 NW (002570 / Citrus Center)","LocCity":"MOORE HAVEN","LocCounty":"GLADES","LocState":"FL","Nepa":"N","QZone":"0        NaN\n1        NaN\n2        NaN\n3        NaN\n4        NaN\n        ... \n24924    NaN\n24925    NaN\n24926    NaN\n24927    NaN\n24928    NaN\nName: 36, Length: 24929, dtype: object","TowReg":1051141,"SupStruc":91.400000000000006,"AllStruc":94.5,"StrucType":"GTOWER","LicStatus":"A","latdec":26.868777777799998,"londec":-81.217166666699995,"url":"http://wireless2.fcc.gov/UlsApp/UlsSearch/licenseLocSum.jsp?licKey=12680"}},{"type":"Feature","id":608,"geometry":{"type":"Point","coordinates":[-81.124138889302913,26.97800000000035]},"properties":{"FID":608,"OBJECTID":13690,"UniqSysID":12680,"Licensee":"ALLTEL Corporation","Callsign":"KNKN902","LocNum":17,"LatDeg":26,"LatMin":58,"LatSec":40.799999999999997,"LatDir":"N","LonDeg":81,"LonMin":7,"LonSec":26.899999999999999,"LonDir":"W","LocAdd":"(ATC Fort Center) 0.2 MILES EAST OF RED BARN RD NW & COPELAND-DRYMOND DR NW","LocCity":"OKEECHOBEE","LocCounty":"GLADES","LocState":"FL","Nepa":"N","QZone":"0        NaN\n1        NaN\n2        NaN\n3        NaN\n4        NaN\n        ... \n24924    NaN\n24925    NaN\n24926    NaN\n24927    NaN\n24928    NaN\nName: 36, Length: 24929, dtype: object","TowReg":1221337,"SupStruc":85.700000000000003,"AllStruc":86,"StrucType":"LTOWER","LicStatus":"A","latdec":26.978000000000002,"londec":-81.124138888900006,"url":"http://wireless2.fcc.gov/UlsApp/UlsSearch/licenseLocSum.jsp?licKey=12680"}},{"type":"Feature","id":609,"geometry":{"type":"Point","coordinates":[-81.170138888615782,27.20774999986952]},"properties":{"FID":609,"OBJECTID":13691,"UniqSysID":12680,"Licensee":"ALLTEL Corporation","Callsign":"KNKN902","LocNum":12,"LatDeg":27,"LatMin":12,"LatSec":27.899999999999999,"LatDir":"N","LonDeg":81,"LonMin":10,"LonSec":12.5,"LonDir":"W","LocAdd":"(Brighton site) 400 DC Bar Ranch Road","LocCity":"LAKE PLACID","LocCounty":"HIGHLANDS","LocState":"FL","Nepa":"N","QZone":"0        NaN\n1        NaN\n2        NaN\n3        NaN\n4        NaN\n        ... \n24924    NaN\n24925    NaN\n24926    NaN\n24927    NaN\n24928    NaN\nName: 36, Length: 24929, dtype: object","TowReg":1056692,"SupStruc":91.400000000000006,"AllStruc":96,"StrucType":"TOWER","LicStatus":"A","latdec":27.207750000000001,"londec":-81.170138888899999,"url":"http://wireless2.fcc.gov/UlsApp/UlsSearch/licenseLocSum.jsp?licKey=12680"}},{"type":"Feature","id":610,"geometry":{"type":"Point","coordinates":[-81.345972222567525,27.067749999999307]},"properties":{"FID":610,"OBJECTID":13692,"UniqSysID":12680,"Licensee":"ALLTEL Corporation","Callsign":"KNKN902","LocNum":13,"LatDeg":27,"LatMin":4,"LatSec":3.8999999999999999,"LatDir":"N","LonDeg":81,"LonMin":20,"LonSec":45.5,"LonDir":"W","LocAdd":"(ATC Venus site)195 CR 731","LocCity":"LAKE PLACID","LocCounty":"HIGHLANDS","LocState":"FL","Nepa":"N","QZone":"0        NaN\n1        NaN\n2        NaN\n3        NaN\n4        NaN\n        ... \n24924    NaN\n24925    NaN\n24926    NaN\n24927    NaN\n24928    NaN\nName: 36, Length: 24929, dtype: object","TowReg":1054825,"SupStruc":91.400000000000006,"AllStruc":94.799999999999997,"StrucType":"TOWER","LicStatus":"A","latdec":27.06775,"londec":-81.345972222200004,"url":"http://wireless2.fcc.gov/UlsApp/UlsSearch/licenseLocSum.jsp?licKey=12680"}},{"type":"Feature","id":611,"geometry":{"type":"Point","coordinates":[-81.413611110837223,27.40172222291983]},"properties":{"FID":611,"OBJECTID":13693,"UniqSysID":12680,"Licensee":"ALLTEL Corporation","Callsign":"KNKN902","LocNum":14,"LatDeg":27,"LatMin":24,"LatSec":6.2000000000000002,"LatDir":"N","LonDeg":81,"LonMin":24,"LonSec":49,"LonDir":"W","LocAdd":"(SpectraSite Desoto City site) 8800 Twitty Road","LocCity":"SEBRING","LocCounty":"HIGHLANDS","LocState":"FL","Nepa":"N","QZone":"0        NaN\n1        NaN\n2        NaN\n3        NaN\n4        NaN\n        ... \n24924    NaN\n24925    NaN\n24926    NaN\n24927    NaN\n24928    NaN\nName: 36, Length: 24929, dtype: object","TowReg":1003062,"SupStruc":90.400000000000006,"AllStruc":97.5,"StrucType":"TOWER","LicStatus":"A","latdec":27.4017222222,"londec":-81.413611111099996,"url":"http://wireless2.fcc.gov/UlsApp/UlsSearch/licenseLocSum.jsp?licKey=12680"}},{"type":"Feature","id":612,"geometry":{"type":"Point","coordinates":[-81.26255555641302,27.449888889206079]},"properties":{"FID":612,"OBJECTID":13694,"UniqSysID":12680,"Licensee":"ALLTEL Corporation","Callsign":"KNKN902","LocNum":15,"LatDeg":27,"LatMin":26,"LatSec":59.600000000000001,"LatDir":"N","LonDeg":81,"LonMin":15,"LonSec":45.200000000000003,"LonDir":"W","LocAdd":"(Arbuckle site) ARBUCKLE CREEK ROAD (#23142)","LocCity":"LORIDA","LocCounty":"HIGHLANDS","LocState":"FL","Nepa":"N","QZone":"0        NaN\n1        NaN\n2        NaN\n3        NaN\n4        NaN\n        ... \n24924    NaN\n24925    NaN\n24926    NaN\n24927    NaN\n24928    NaN\nName: 36, Length: 24929, dtype: object","TowReg":1220732,"SupStruc":85.700000000000003,"AllStruc":88.700000000000003,"StrucType":"TOWER","LicStatus":"A","latdec":27.449888888899999,"londec":-81.262555555600002,"url":"http://wireless2.fcc.gov/UlsApp/UlsSearch/licenseLocSum.jsp?licKey=12680"}},{"type":"Feature","id":613,"geometry":{"type":"Point","coordinates":[-82.649861110898428,29.950833333320816]},"properties":{"FID":613,"OBJECTID":14544,"UniqSysID":12731,"Licensee":"ALLTEL Corporation","Callsign":"KNKN951","LocNum":1,"LatDeg":29,"LatMin":57,"LatSec":3,"LatDir":"N","LonDeg":82,"LonMin":38,"LonSec":59.5,"LonDir":"W","LocAdd":"1/2MI W OF COLUMBIA COUNTY RD ON CUMARAH RD","LocCity":"MASON","LocCounty":"COLUMBIA","LocState":"FL","Nepa":"N","QZone":"0        NaN\n1        NaN\n2        NaN\n3        NaN\n4        NaN\n        ... \n24924    NaN\n24925    NaN\n24926    NaN\n24927    NaN\n24928    NaN\nName: 36, Length: 24929, dtype: object","TowReg":1026096,"SupStruc":91.400000000000006,"AllStruc":96.299999999999997,"StrucType":"TOWER","LicStatus":"A","latdec":29.9508333333,"londec":-82.649861111099995,"url":"http://wireless2.fcc.gov/UlsApp/UlsSearch/licenseLocSum.jsp?licKey=12731"}},{"type":"Feature","id":614,"geometry":{"type":"Point","coordinates":[-82.652333333849128,30.206888888920503]},"properties":{"FID":614,"OBJECTID":14545,"UniqSysID":12731,"Licensee":"ALLTEL Corporation","Callsign":"KNKN951","LocNum":2,"LatDeg":30,"LatMin":12,"LatSec":24.800000000000001,"LatDir":"N","LonDeg":82,"LonMin":39,"LonSec":8.4000000000000004,"LonDir":"W","LocAdd":"APPROX .25 MI W OF HWY 41 ON O'STEEN RD. 1 MI NW","LocCity":"LAKE CITY","LocCounty":"COLUMBIA","LocState":"FL","Nepa":"N","QZone":"0        NaN\n1        NaN\n2        NaN\n3        NaN\n4        NaN\n        ... \n24924    NaN\n24925    NaN\n24926    NaN\n24927    NaN\n24928    NaN\nName: 36, Length: 24929, dtype: object","TowReg":1026094,"SupStruc":128,"AllStruc":128,"StrucType":"TOWER","LicStatus":"A","latdec":30.2068888889,"londec":-82.652333333300007,"url":"http://wireless2.fcc.gov/UlsApp/UlsSearch/licenseLocSum.jsp?licKey=12731"}},{"type":"Feature","id":615,"geometry":{"type":"Point","coordinates":[-82.963888889420332,30.24777777813722]},"properties":{"FID":615,"OBJECTID":14546,"UniqSysID":12731,"Licensee":"ALLTEL Corporation","Callsign":"KNKN951","LocNum":3,"LatDeg":30,"LatMin":14,"LatSec":52,"LatDir":"N","LonDeg":82,"LonMin":57,"LonSec":50,"LonDir":"W","LocAdd":"10527 112th Street","LocCity":"LIVE OAK","LocCounty":"SUWANNEE","LocState":"FL","Nepa":"N","QZone":"0        NaN\n1        NaN\n2        NaN\n3        NaN\n4        NaN\n        ... \n24924    NaN\n24925    NaN\n24926    NaN\n24927    NaN\n24928    NaN\nName: 36, Length: 24929, dtype: object","TowReg":1026101,"SupStruc":128,"AllStruc":128,"StrucType":"TOWER","LicStatus":"A","latdec":30.2477777778,"londec":-82.963888888900001,"url":"http://wireless2.fcc.gov/UlsApp/UlsSearch/licenseLocSum.jsp?licKey=12731"}},{"type":"Feature","id":616,"geometry":{"type":"Point","coordinates":[-82.912500000024238,30.42555555565059]},"properties":{"FID":616,"OBJECTID":14547,"UniqSysID":12731,"Licensee":"ALLTEL Corporation","Callsign":"KNKN951","LocNum":4,"LatDeg":30,"LatMin":25,"LatSec":32,"LatDir":"N","LonDeg":82,"LonMin":54,"LonSec":45,"LonDir":"W","LocAdd":"APP 1.25MI S OF I-75 & US 129 JCT, 1.5MI E OF JASPER","LocCity":"JASPER","LocCounty":"HAMILTON","LocState":"FL","Nepa":"N","QZone":"0        NaN\n1        NaN\n2        NaN\n3        NaN\n4        NaN\n        ... \n24924    NaN\n24925    NaN\n24926    NaN\n24927    NaN\n24928    NaN\nName: 36, Length: 24929, dtype: object","TowReg":1026731,"SupStruc":97.5,"AllStruc":97.5,"StrucType":"TOWER","LicStatus":"A","latdec":30.425555555599999,"londec":-82.912499999999994,"url":"http://wireless2.fcc.gov/UlsApp/UlsSearch/licenseLocSum.jsp?licKey=12731"}},{"type":"Feature","id":617,"geometry":{"type":"Point","coordinates":[-82.229388889309462,30.063694445333113]},"properties":{"FID":617,"OBJECTID":14548,"UniqSysID":12731,"Licensee":"ALLTEL Corporation","Callsign":"KNKN951","LocNum":5,"LatDeg":30,"LatMin":3,"LatSec":49.299999999999997,"LatDir":"N","LonDeg":82,"LonMin":13,"LonSec":45.799999999999997,"LonDir":"W","LocAdd":"SW SIDE OF INTESEC. OF SAPP RD. & HWY 121 - Raiford","LocCity":"RAIFORD","LocCounty":"UNION","LocState":"FL","Nepa":"N","QZone":"0        NaN\n1        NaN\n2        NaN\n3        NaN\n4        NaN\n        ... \n24924    NaN\n24925    NaN\n24926    NaN\n24927    NaN\n24928    NaN\nName: 36, Length: 24929, dtype: object","TowReg":1050651,"SupStruc":91.700000000000003,"AllStruc":97,"StrucType":"TOWER","LicStatus":"A","latdec":30.063694444399999,"londec":-82.229388888900004,"url":"http://wireless2.fcc.gov/UlsApp/UlsSearch/licenseLocSum.jsp?licKey=12731"}},{"type":"Feature","id":618,"geometry":{"type":"Point","coordinates":[-82.666388888620759,30.506666666648812]},"properties":{"FID":618,"OBJECTID":14549,"UniqSysID":12731,"Licensee":"ALLTEL Corporation","Callsign":"KNKN951","LocNum":7,"LatDeg":30,"LatMin":30,"LatSec":24,"LatDir":"N","LonDeg":82,"LonMin":39,"LonSec":59,"LonDir":"W","LocAdd":"APPROX. .75 FTOM SR-6 * HWY 441 N INTERS ON RIGHT - (Hwy 441 North)","LocCity":"WHITE SPRINGS","LocCounty":"COLUMBIA","LocState":"FL","Nepa":"N","QZone":"0        NaN\n1        NaN\n2        NaN\n3        NaN\n4        NaN\n        ... \n24924    NaN\n24925    NaN\n24926    NaN\n24927    NaN\n24928    NaN\nName: 36, Length: 24929, dtype: object","TowReg":1026099,"SupStruc":97.5,"AllStruc":97.5,"StrucType":"TOWER","LicStatus":"A","latdec":30.506666666699999,"londec":-82.666388888900002,"url":"http://wireless2.fcc.gov/UlsApp/UlsSearch/licenseLocSum.jsp?licKey=12731"}},{"type":"Feature","id":619,"geometry":{"type":"Point","coordinates":[-82.965861110982189,29.940194444245321]},"properties":{"FID":619,"OBJECTID":14550,"UniqSysID":12731,"Licensee":"ALLTEL Corporation","Callsign":"KNKN951","LocNum":8,"LatDeg":29,"LatMin":56,"LatSec":24.699999999999999,"LatDir":"N","LonDeg":82,"LonMin":57,"LonSec":57.100000000000001,"LonDir":"W","LocAdd":"APPRX 1MI N OF SR349 AT SR475, 2.5MI WSW OF BRANFORD - O'Brien","LocCity":"BRANFORD","LocCounty":"LAFAYETTE","LocState":"FL","Nepa":"N","QZone":"0        NaN\n1        NaN\n2        NaN\n3        NaN\n4        NaN\n        ... \n24924    NaN\n24925    NaN\n24926    NaN\n24927    NaN\n24928    NaN\nName: 36, Length: 24929, dtype: object","TowReg":1026095,"SupStruc":91.400000000000006,"AllStruc":97,"StrucType":"TOWER","LicStatus":"A","latdec":29.940194444399999,"londec":-82.965861111099997,"url":"http://wireless2.fcc.gov/UlsApp/UlsSearch/licenseLocSum.jsp?licKey=12731"}},{"type":"Feature","id":620,"geometry":{"type":"Point","coordinates":[-82.653027777377872,30.145472222359842]},"properties":{"FID":620,"OBJECTID":14551,"UniqSysID":12731,"Licensee":"ALLTEL Corporation","Callsign":"KNKN951","LocNum":9,"LatDeg":30,"LatMin":8,"LatSec":43.700000000000003,"LatDir":"N","LonDeg":82,"LonMin":39,"LonSec":10.9,"LonDir":"W","LocAdd":"SR 47 & US 41","LocCity":"LAKE CITY","LocCounty":"COLUMBIA","LocState":"FL","Nepa":"N","QZone":"0        NaN\n1        NaN\n2        NaN\n3        NaN\n4        NaN\n        ... \n24924    NaN\n24925    NaN\n24926    NaN\n24927    NaN\n24928    NaN\nName: 36, Length: 24929, dtype: object","TowReg":1200377,"SupStruc":106.7,"AllStruc":111.90000000000001,"StrucType":"TOWER","LicStatus":"A","latdec":30.145472222199999,"londec":-82.653027777800006,"url":"http://wireless2.fcc.gov/UlsApp/UlsSearch/licenseLocSum.jsp?licKey=12731"}},{"type":"Feature","id":621,"geometry":{"type":"Point","coordinates":[-83.237222222003595,30.254166666717367]},"properties":{"FID":621,"OBJECTID":14552,"UniqSysID":12731,"Licensee":"ALLTEL Corporation","Callsign":"KNKN951","LocNum":10,"LatDeg":30,"LatMin":15,"LatSec":15,"LatDir":"N","LonDeg":83,"LonMin":14,"LonSec":14,"LonDir":"W","LocAdd":"RT 136 IN DOWLING PARK","LocCity":"DOWLING","LocCounty":"SUWANNEE","LocState":"FL","Nepa":"N","QZone":"0        NaN\n1        NaN\n2        NaN\n3        NaN\n4        NaN\n        ... \n24924    NaN\n24925    NaN\n24926    NaN\n24927    NaN\n24928    NaN\nName: 36, Length: 24929, dtype: object","TowReg":1027816,"SupStruc":81.900000000000006,"AllStruc":81.900000000000006,"StrucType":"TOWER","LicStatus":"A","latdec":30.254166666700002,"londec":-83.237222222200003,"url":"http://wireless2.fcc.gov/UlsApp/UlsSearch/licenseLocSum.jsp?licKey=12731"}},{"type":"Feature","id":622,"geometry":{"type":"Point","coordinates":[-82.326583334081818,30.015611110704356]},"properties":{"FID":622,"OBJECTID":14553,"UniqSysID":12731,"Licensee":"ALLTEL Corporation","Callsign":"KNKN951","LocNum":11,"LatDeg":30,"LatMin":0,"LatSec":56.200000000000003,"LatDir":"N","LonDeg":82,"LonMin":19,"LonSec":35.700000000000003,"LonDir":"W","LocAdd":"1050 SOUTH EAST 6TH STREET","LocCity":"LAKE BUTLER","LocCounty":"UNION","LocState":"FL","Nepa":"N","QZone":"0        NaN\n1        NaN\n2        NaN\n3        NaN\n4        NaN\n        ... \n24924    NaN\n24925    NaN\n24926    NaN\n24927    NaN\n24928    NaN\nName: 36, Length: 24929, dtype: object","TowReg":1222260,"SupStruc":121,"AllStruc":121.59999999999999,"StrucType":"TOWER","LicStatus":"A","latdec":30.0156111111,"londec":-82.326583333299993,"url":"http://wireless2.fcc.gov/UlsApp/UlsSearch/licenseLocSum.jsp?licKey=12731"}},{"type":"Feature","id":623,"geometry":{"type":"Point","coordinates":[-83.103416667434033,30.570416665986897]},"properties":{"FID":623,"OBJECTID":14554,"UniqSysID":12731,"Licensee":"ALLTEL Corporation","Callsign":"KNKN951","LocNum":12,"LatDeg":30,"LatMin":34,"LatSec":13.5,"LatDir":"N","LonDeg":83,"LonMin":6,"LonSec":12.300000000000001,"LonDir":"W","LocAdd":"6607 Northwest 27th Blvd.  (024577 / 27th Blvd)","LocCity":"Jennings","LocCounty":"HAMILTON","LocState":"FL","Nepa":"N","QZone":"0        NaN\n1        NaN\n2        NaN\n3        NaN\n4        NaN\n        ... \n24924    NaN\n24925    NaN\n24926    NaN\n24927    NaN\n24928    NaN\nName: 36, Length: 24929, dtype: object","TowReg":1219662,"SupStruc":91.400000000000006,"AllStruc":94.5,"StrucType":"TOWER","LicStatus":"A","latdec":30.570416666700002,"londec":-83.103416666699999,"url":"http://wireless2.fcc.gov/UlsApp/UlsSearch/licenseLocSum.jsp?licKey=12731"}},{"type":"Feature","id":624,"geometry":{"type":"Point","coordinates":[-82.666388888620759,30.506666666648812]},"properties":{"FID":624,"OBJECTID":14564,"UniqSysID":12732,"Licensee":"ALLTEL Corporation","Callsign":"KNKN933","LocNum":14,"LatDeg":30,"LatMin":30,"LatSec":24,"LatDir":"N","LonDeg":82,"LonMin":39,"LonSec":59,"LonDir":"W","LocAdd":"APPROX. .75 FTOM SR-6 * HWY 441 N INTERS ON RIGHT - (Hwy 441 North)","LocCity":"WHITE SPRINGS","LocCounty":"COLUMBIA","LocState":"FL","Nepa":"N","QZone":"0        NaN\n1        NaN\n2        NaN\n3        NaN\n4        NaN\n        ... \n24924    NaN\n24925    NaN\n24926    NaN\n24927    NaN\n24928    NaN\nName: 36, Length: 24929, dtype: object","TowReg":1026099,"SupStruc":97.5,"AllStruc":97.5,"StrucType":"TOWER","LicStatus":"A","latdec":30.506666666699999,"londec":-82.666388888900002,"url":"http://wireless2.fcc.gov/UlsApp/UlsSearch/licenseLocSum.jsp?licKey=12732"}},{"type":"Feature","id":625,"geometry":{"type":"Point","coordinates":[-85.428888889371592,30.43222222165258]},"properties":{"FID":625,"OBJECTID":14733,"UniqSysID":12739,"Licensee":"Verizon Wireless of the East LP","Callsign":"KNKA662","LocNum":3,"LatDeg":30,"LatMin":25,"LatSec":56,"LatDir":"N","LonDeg":85,"LonMin":25,"LonSec":44,"LonDir":"W","LocAdd":"15811 HWY 231","LocCity":"YOUNGSTOWN","LocCounty":"BAY","LocState":"FL","Nepa":"N","QZone":"0        NaN\n1        NaN\n2        NaN\n3        NaN\n4        NaN\n        ... \n24924    NaN\n24925    NaN\n24926    NaN\n24927    NaN\n24928    NaN\nName: 36, Length: 24929, dtype: object","TowReg":1026148,"SupStruc":89.900000000000006,"AllStruc":96,"StrucType":"TOWER","LicStatus":"A","latdec":30.4322222222,"londec":-85.428888888900005,"url":"http://wireless2.fcc.gov/UlsApp/UlsSearch/licenseLocSum.jsp?licKey=12739"}},{"type":"Feature","id":626,"geometry":{"type":"Point","coordinates":[-85.409583333042917,29.946194444872674]},"properties":{"FID":626,"OBJECTID":14734,"UniqSysID":12739,"Licensee":"Verizon Wireless of the East LP","Callsign":"KNKA662","LocNum":6,"LatDeg":29,"LatMin":56,"LatSec":46.299999999999997,"LatDir":"N","LonDeg":85,"LonMin":24,"LonSec":34.5,"LonDir":"W","LocAdd":"Approximately 0.2 miles (0.3 km) North of U.S. 98","LocCity":"Mexico Beach","LocCounty":"BAY","LocState":"FL","Nepa":"N","QZone":"0        NaN\n1        NaN\n2        NaN\n3        NaN\n4        NaN\n        ... \n24924    NaN\n24925    NaN\n24926    NaN\n24927    NaN\n24928    NaN\nName: 36, Length: 24929, dtype: object","TowReg":0,"SupStruc":46.600000000000001,"AllStruc":46.600000000000001,"StrucType":"NNTANN","LicStatus":"A","latdec":29.9461944444,"londec":-85.409583333300006,"url":"http://wireless2.fcc.gov/UlsApp/UlsSearch/licenseLocSum.jsp?licKey=12739"}},{"type":"Feature","id":627,"geometry":{"type":"Point","coordinates":[-85.886305555915271,30.228805556172176]},"properties":{"FID":627,"OBJECTID":14735,"UniqSysID":12739,"Licensee":"Verizon Wireless of the East LP","Callsign":"KNKA662","LocNum":8,"LatDeg":30,"LatMin":13,"LatSec":43.700000000000003,"LatDir":"N","LonDeg":85,"LonMin":53,"LonSec":10.699999999999999,"LonDir":"W","LocAdd":"12425A Middle Beach Road","LocCity":"PANAMA CITY BEACH","LocCounty":"BAY","LocState":"FL","Nepa":"N","QZone":"0        NaN\n1        NaN\n2        NaN\n3        NaN\n4        NaN\n        ... \n24924    NaN\n24925    NaN\n24926    NaN\n24927    NaN\n24928    NaN\nName: 36, Length: 24929, dtype: object","TowReg":1030812,"SupStruc":85.299999999999997,"AllStruc":89.900000000000006,"StrucType":"TOWER","LicStatus":"A","latdec":30.228805555600001,"londec":-85.886305555600003,"url":"http://wireless2.fcc.gov/UlsApp/UlsSearch/licenseLocSum.jsp?licKey=12739"}},{"type":"Feature","id":628,"geometry":{"type":"Point","coordinates":[-85.49583333321425,30.181111111354653]},"properties":{"FID":628,"OBJECTID":14736,"UniqSysID":12739,"Licensee":"Verizon Wireless of the East LP","Callsign":"KNKA662","LocNum":9,"LatDeg":30,"LatMin":10,"LatSec":52,"LatDir":"N","LonDeg":85,"LonMin":29,"LonSec":45,"LonDir":"W","LocAdd":"337 CHESTNUT WAY","LocCity":"Panama City","LocCounty":"BAY","LocState":"FL","Nepa":"N","QZone":"0        NaN\n1        NaN\n2        NaN\n3        NaN\n4        NaN\n        ... \n24924    NaN\n24925    NaN\n24926    NaN\n24927    NaN\n24928    NaN\nName: 36, Length: 24929, dtype: object","TowReg":1031013,"SupStruc":146.30000000000001,"AllStruc":152,"StrucType":"TOWER","LicStatus":"A","latdec":30.181111111100002,"londec":-85.495833333299998,"url":"http://wireless2.fcc.gov/UlsApp/UlsSearch/licenseLocSum.jsp?licKey=12739"}},{"type":"Feature","id":629,"geometry":{"type":"Point","coordinates":[-85.689388888907672,30.328222221689941]},"properties":{"FID":629,"OBJECTID":14737,"UniqSysID":12739,"Licensee":"Verizon Wireless of the East LP","Callsign":"KNKA662","LocNum":10,"LatDeg":30,"LatMin":19,"LatSec":41.600000000000001,"LatDir":"N","LonDeg":85,"LonMin":41,"LonSec":21.800000000000001,"LonDir":"W","LocAdd":"340 W HWY 388","LocCity":"PANAMA CITY","LocCounty":"BAY","LocState":"FL","Nepa":"N","QZone":"0        NaN\n1        NaN\n2        NaN\n3        NaN\n4        NaN\n        ... \n24924    NaN\n24925    NaN\n24926    NaN\n24927    NaN\n24928    NaN\nName: 36, Length: 24929, dtype: object","TowReg":1026396,"SupStruc":146.30000000000001,"AllStruc":152.40000000000001,"StrucType":"TOWER","LicStatus":"A","latdec":30.328222222200001,"londec":-85.689388888899998,"url":"http://wireless2.fcc.gov/UlsApp/UlsSearch/licenseLocSum.jsp?licKey=12739"}},{"type":"Feature","id":630,"geometry":{"type":"Point","coordinates":[-86.215833332575073,30.787611111333661]},"properties":{"FID":630,"OBJECTID":15318,"UniqSysID":12770,"Licensee":"New Cingular Wireless PCS, LLC","Callsign":"KNKN669","LocNum":6,"LatDeg":30,"LatMin":47,"LatSec":15.4,"LatDir":"N","LonDeg":86,"LonMin":12,"LonSec":57,"LonDir":"W","LocAdd":"DOC NELSON RD   (45125)","LocCity":"DEFUNIAK SPRINGS","LocCounty":"WALTON","LocState":"FL","Nepa":"N","QZone":"0        NaN\n1        NaN\n2        NaN\n3        NaN\n4        NaN\n        ... \n24924    NaN\n24925    NaN\n24926    NaN\n24927    NaN\n24928    NaN\nName: 36, Length: 24929, dtype: object","TowReg":1029303,"SupStruc":92.400000000000006,"AllStruc":96,"StrucType":"GTOWER","LicStatus":"A","latdec":30.787611111099999,"londec":-86.215833333299997,"url":"http://wireless2.fcc.gov/UlsApp/UlsSearch/licenseLocSum.jsp?licKey=12770"}},{"type":"Feature","id":631,"geometry":{"type":"Point","coordinates":[-85.753499999631742,30.569222221785765]},"properties":{"FID":631,"OBJECTID":15319,"UniqSysID":12770,"Licensee":"New Cingular Wireless PCS, LLC","Callsign":"KNKN669","LocNum":8,"LatDeg":30,"LatMin":34,"LatSec":9.1999999999999993,"LatDir":"N","LonDeg":85,"LonMin":45,"LonSec":12.6,"LonDir":"W","LocAdd":"4001 HOLMES VALLEY RD   (45131)","LocCity":"Red Head","LocCounty":"WASHINGTON","LocState":"FL","Nepa":"N","QZone":"0        NaN\n1        NaN\n2        NaN\n3        NaN\n4        NaN\n        ... \n24924    NaN\n24925    NaN\n24926    NaN\n24927    NaN\n24928    NaN\nName: 36, Length: 24929, dtype: object","TowReg":1029305,"SupStruc":107,"AllStruc":111.2,"StrucType":"GTOWER","LicStatus":"A","latdec":30.569222222200001,"londec":-85.753500000000003,"url":"http://wireless2.fcc.gov/UlsApp/UlsSearch/licenseLocSum.jsp?licKey=12770"}},{"type":"Feature","id":632,"geometry":{"type":"Point","coordinates":[-85.037444444293044,30.663944443788694]},"properties":{"FID":632,"OBJECTID":15320,"UniqSysID":12770,"Licensee":"New Cingular Wireless PCS, LLC","Callsign":"KNKN669","LocNum":12,"LatDeg":30,"LatMin":39,"LatSec":50.200000000000003,"LatDir":"N","LonDeg":85,"LonMin":2,"LonSec":14.800000000000001,"LonDir":"W","LocAdd":"1390 Highway 69   (45091)","LocCity":"GRAND RIDGE","LocCounty":"JACKSON","LocState":"FL","Nepa":"N","QZone":"0        NaN\n1        NaN\n2        NaN\n3        NaN\n4        NaN\n        ... \n24924    NaN\n24925    NaN\n24926    NaN\n24927    NaN\n24928    NaN\nName: 36, Length: 24929, dtype: object","TowReg":1001539,"SupStruc":76.200000000000003,"AllStruc":80.799999999999997,"StrucType":"GTOWER","LicStatus":"A","latdec":30.663944444399998,"londec":-85.037444444399995,"url":"http://wireless2.fcc.gov/UlsApp/UlsSearch/licenseLocSum.jsp?licKey=12770"}},{"type":"Feature","id":633,"geometry":{"type":"Point","coordinates":[-85.401999999756072,30.950777778063525]},"properties":{"FID":633,"OBJECTID":15321,"UniqSysID":12770,"Licensee":"New Cingular Wireless PCS, LLC","Callsign":"KNKN669","LocNum":13,"LatDeg":30,"LatMin":57,"LatSec":2.7999999999999998,"LatDir":"N","LonDeg":85,"LonMin":24,"LonSec":7.2000000000000002,"LonDir":"W","LocAdd":"5268 HWY 231   (45090)","LocCity":"CAMPBELLTON","LocCounty":"JACKSON","LocState":"FL","Nepa":"N","QZone":"0        NaN\n1        NaN\n2        NaN\n3        NaN\n4        NaN\n        ... \n24924    NaN\n24925    NaN\n24926    NaN\n24927    NaN\n24928    NaN\nName: 36, Length: 24929, dtype: object","TowReg":1045457,"SupStruc":73.799999999999997,"AllStruc":77.099999999999994,"StrucType":"LTOWER","LicStatus":"A","latdec":30.950777777799999,"londec":-85.402000000000001,"url":"http://wireless2.fcc.gov/UlsApp/UlsSearch/licenseLocSum.jsp?licKey=12770"}},{"type":"Feature","id":634,"geometry":{"type":"Point","coordinates":[-85.390555555562855,30.750722222147829]},"properties":{"FID":634,"OBJECTID":15322,"UniqSysID":12770,"Licensee":"New Cingular Wireless PCS, LLC","Callsign":"KNKN669","LocNum":15,"LatDeg":30,"LatMin":45,"LatSec":2.6000000000000001,"LatDir":"N","LonDeg":85,"LonMin":23,"LonSec":26,"LonDir":"W","LocAdd":"2482 Dilmore Rd   (45102)","LocCity":"COTTONDALE","LocCounty":"JACKSON","LocState":"FL","Nepa":"N","QZone":"0        NaN\n1        NaN\n2        NaN\n3        NaN\n4        NaN\n        ... \n24924    NaN\n24925    NaN\n24926    NaN\n24927    NaN\n24928    NaN\nName: 36, Length: 24929, dtype: object","TowReg":1044468,"SupStruc":101.5,"AllStruc":104.8,"StrucType":"GTOWER","LicStatus":"A","latdec":30.7507222222,"londec":-85.390555555600002,"url":"http://wireless2.fcc.gov/UlsApp/UlsSearch/licenseLocSum.jsp?licKey=12770"}},{"type":"Feature","id":635,"geometry":{"type":"Point","coordinates":[-85.633972222373927,30.547666667100771]},"properties":{"FID":635,"OBJECTID":15323,"UniqSysID":12770,"Licensee":"New Cingular Wireless PCS, LLC","Callsign":"KNKN669","LocNum":29,"LatDeg":30,"LatMin":32,"LatSec":51.600000000000001,"LatDir":"N","LonDeg":85,"LonMin":38,"LonSec":2.2999999999999998,"LonDir":"W","LocAdd":"5006 Hwy 77 (146699)","LocCity":"Chipley","LocCounty":"WASHINGTON","LocState":"FL","Nepa":"N","QZone":"0        NaN\n1        NaN\n2        NaN\n3        NaN\n4        NaN\n        ... \n24924    NaN\n24925    NaN\n24926    NaN\n24927    NaN\n24928    NaN\nName: 36, Length: 24929, dtype: object","TowReg":1259026,"SupStruc":76.799999999999997,"AllStruc":78,"StrucType":"LTOWER","LicStatus":"A","latdec":30.5476666667,"londec":-85.633972222200001,"url":"http://wireless2.fcc.gov/UlsApp/UlsSearch/licenseLocSum.jsp?licKey=12770"}},{"type":"Feature","id":636,"geometry":{"type":"Point","coordinates":[-85.157166667284173,30.89600000029094]},"properties":{"FID":636,"OBJECTID":15324,"UniqSysID":12770,"Licensee":"New Cingular Wireless PCS, LLC","Callsign":"KNKN669","LocNum":30,"LatDeg":30,"LatMin":53,"LatSec":45.600000000000001,"LatDir":"N","LonDeg":85,"LonMin":9,"LonSec":25.800000000000001,"LonDir":"W","LocAdd":"Greenwood (148178)","LocCity":"Greenwood","LocCounty":"JACKSON","LocState":"FL","Nepa":"N","QZone":"0        NaN\n1        NaN\n2        NaN\n3        NaN\n4        NaN\n        ... \n24924    NaN\n24925    NaN\n24926    NaN\n24927    NaN\n24928    NaN\nName: 36, Length: 24929, dtype: object","TowReg":1247888,"SupStruc":91.400000000000006,"AllStruc":93.299999999999997,"StrucType":"LTOWER","LicStatus":"A","latdec":30.896000000000001,"londec":-85.157166666699993,"url":"http://wireless2.fcc.gov/UlsApp/UlsSearch/licenseLocSum.jsp?licKey=12770"}},{"type":"Feature","id":637,"geometry":{"type":"Point","coordinates":[-85.774861110638085,30.792138889280864]},"properties":{"FID":637,"OBJECTID":15325,"UniqSysID":12770,"Licensee":"New Cingular Wireless PCS, LLC","Callsign":"KNKN669","LocNum":21,"LatDeg":30,"LatMin":47,"LatSec":31.699999999999999,"LatDir":"N","LonDeg":85,"LonMin":46,"LonSec":29.5,"LonDir":"W","LocAdd":"99998 OL BONIFAY ROAD   (45123)","LocCity":"Bonifay","LocCounty":"HOLMES","LocState":"FL","Nepa":"N","QZone":"0        NaN\n1        NaN\n2        NaN\n3        NaN\n4        NaN\n        ... \n24924    NaN\n24925    NaN\n24926    NaN\n24927    NaN\n24928    NaN\nName: 36, Length: 24929, dtype: object","TowReg":1029302,"SupStruc":92.400000000000006,"AllStruc":96,"StrucType":"GTOWER","LicStatus":"A","latdec":30.792138888899999,"londec":-85.774861111099995,"url":"http://wireless2.fcc.gov/UlsApp/UlsSearch/licenseLocSum.jsp?licKey=12770"}},{"type":"Feature","id":638,"geometry":{"type":"Point","coordinates":[-85.520555556433067,30.966555556376704]},"properties":{"FID":638,"OBJECTID":15326,"UniqSysID":12770,"Licensee":"New Cingular Wireless PCS, LLC","Callsign":"KNKN669","LocNum":22,"LatDeg":30,"LatMin":57,"LatSec":59.600000000000001,"LatDir":"N","LonDeg":85,"LonMin":31,"LonSec":14,"LonDir":"W","LocAdd":"5489 Martin Street   (82386)","LocCity":"Graceville","LocCounty":"JACKSON","LocState":"FL","Nepa":"N","QZone":"0        NaN\n1        NaN\n2        NaN\n3        NaN\n4        NaN\n        ... \n24924    NaN\n24925    NaN\n24926    NaN\n24927    NaN\n24928    NaN\nName: 36, Length: 24929, dtype: object","TowReg":1244552,"SupStruc":76.200000000000003,"AllStruc":79.200000000000003,"StrucType":"LTOWER","LicStatus":"A","latdec":30.966555555599999,"londec":-85.520555555599998,"url":"http://wireless2.fcc.gov/UlsApp/UlsSearch/licenseLocSum.jsp?licKey=12770"}},{"type":"Feature","id":639,"geometry":{"type":"Point","coordinates":[-86.045388888706441,30.72588888905841]},"properties":{"FID":639,"OBJECTID":15327,"UniqSysID":12770,"Licensee":"New Cingular Wireless PCS, LLC","Callsign":"KNKN669","LocNum":24,"LatDeg":30,"LatMin":43,"LatSec":33.200000000000003,"LatDir":"N","LonDeg":86,"LonMin":2,"LonSec":43.399999999999999,"LonDir":"W","LocAdd":"300 ARGYLE CHURCH RD   (45124)","LocCity":"DEFUNIAK SPRINGS","LocCounty":"WALTON","LocState":"FL","Nepa":"N","QZone":"0        NaN\n1        NaN\n2        NaN\n3        NaN\n4        NaN\n        ... \n24924    NaN\n24925    NaN\n24926    NaN\n24927    NaN\n24928    NaN\nName: 36, Length: 24929, dtype: object","TowReg":1029264,"SupStruc":121.90000000000001,"AllStruc":128,"StrucType":"GTOWER","LicStatus":"A","latdec":30.725888888899998,"londec":-86.045388888900007,"url":"http://wireless2.fcc.gov/UlsApp/UlsSearch/licenseLocSum.jsp?licKey=12770"}},{"type":"Feature","id":640,"geometry":{"type":"Point","coordinates":[-86.330083333265634,30.369861111236389]},"properties":{"FID":640,"OBJECTID":15328,"UniqSysID":12770,"Licensee":"New Cingular Wireless PCS, LLC","Callsign":"KNKN669","LocNum":25,"LatDeg":30,"LatMin":22,"LatSec":11.5,"LatDir":"N","LonDeg":86,"LonMin":19,"LonSec":48.299999999999997,"LonDir":"W","LocAdd":"1 BEACHSIDE II DRIVE   (88686)","LocCity":"MIRAMAR BEACH","LocCounty":"WALTON","LocState":"FL","Nepa":"N","QZone":"0        NaN\n1        NaN\n2        NaN\n3        NaN\n4        NaN\n        ... \n24924    NaN\n24925    NaN\n24926    NaN\n24927    NaN\n24928    NaN\nName: 36, Length: 24929, dtype: object","TowReg":0,"SupStruc":59.399999999999999,"AllStruc":64.299999999999997,"StrucType":"B","LicStatus":"A","latdec":30.369861111100001,"londec":-86.330083333299996,"url":"http://wireless2.fcc.gov/UlsApp/UlsSearch/licenseLocSum.jsp?licKey=12770"}},{"type":"Feature","id":641,"geometry":{"type":"Point","coordinates":[-86.361555555021368,30.737805554653676]},"properties":{"FID":641,"OBJECTID":15329,"UniqSysID":12770,"Licensee":"New Cingular Wireless PCS, LLC","Callsign":"KNKN669","LocNum":26,"LatDeg":30,"LatMin":44,"LatSec":16.100000000000001,"LatDir":"N","LonDeg":86,"LonMin":21,"LonSec":41.600000000000001,"LonDir":"W","LocAdd":"15100 HIGHWAY 90 WEST  (44438)","LocCity":"DEFUNIAK SPRINGS","LocCounty":"WALTON","LocState":"FL","Nepa":"N","QZone":"0        NaN\n1        NaN\n2        NaN\n3        NaN\n4        NaN\n        ... \n24924    NaN\n24925    NaN\n24926    NaN\n24927    NaN\n24928    NaN\nName: 36, Length: 24929, dtype: object","TowReg":1026863,"SupStruc":121.90000000000001,"AllStruc":128,"StrucType":"GTOWER","LicStatus":"A","latdec":30.737805555600001,"londec":-86.361555555600006,"url":"http://wireless2.fcc.gov/UlsApp/UlsSearch/licenseLocSum.jsp?licKey=12770"}},{"type":"Feature","id":642,"geometry":{"type":"Point","coordinates":[-86.109305556392314,30.310694444130945]},"properties":{"FID":642,"OBJECTID":15330,"UniqSysID":12770,"Licensee":"New Cingular Wireless PCS, LLC","Callsign":"KNKN669","LocNum":27,"LatDeg":30,"LatMin":18,"LatSec":38.5,"LatDir":"N","LonDeg":86,"LonMin":6,"LonSec":33.5,"LonDir":"W","LocAdd":"4001 EAST SCENIC HIGHWAY 30-A   (65100)","LocCity":"SANTA ROSA BEACH","LocCounty":"WALTON","LocState":"FL","Nepa":"N","QZone":"0        NaN\n1        NaN\n2        NaN\n3        NaN\n4        NaN\n        ... \n24924    NaN\n24925    NaN\n24926    NaN\n24927    NaN\n24928    NaN\nName: 36, Length: 24929, dtype: object","TowReg":0,"SupStruc":61,"AllStruc":62.5,"StrucType":"B","LicStatus":"A","latdec":30.310694444399999,"londec":-86.109305555600002,"url":"http://wireless2.fcc.gov/UlsApp/UlsSearch/licenseLocSum.jsp?licKey=12770"}},{"type":"Feature","id":643,"geometry":{"type":"Point","coordinates":[-86.366416666908947,30.37602777782547]},"properties":{"FID":643,"OBJECTID":15331,"UniqSysID":12770,"Licensee":"New Cingular Wireless PCS, LLC","Callsign":"KNKN669","LocNum":28,"LatDeg":30,"LatMin":22,"LatSec":33.700000000000003,"LatDir":"N","LonDeg":86,"LonMin":21,"LonSec":59.100000000000001,"LonDir":"W","LocAdd":"1096 OLD HIGHWAY 98   (65101)","LocCity":"MIRAMAR BEACH","LocCounty":"WALTON","LocState":"FL","Nepa":"N","QZone":"0        NaN\n1        NaN\n2        NaN\n3        NaN\n4        NaN\n        ... \n24924    NaN\n24925    NaN\n24926    NaN\n24927    NaN\n24928    NaN\nName: 36, Length: 24929, dtype: object","TowReg":0,"SupStruc":63.700000000000003,"AllStruc":64.299999999999997,"StrucType":"B","LicStatus":"A","latdec":30.376027777800001,"londec":-86.366416666700005,"url":"http://wireless2.fcc.gov/UlsApp/UlsSearch/licenseLocSum.jsp?licKey=12770"}},{"type":"Feature","id":644,"geometry":{"type":"Point","coordinates":[-86.560777777850205,30.737944445033406]},"properties":{"FID":644,"OBJECTID":15417,"UniqSysID":12777,"Licensee":"NEW CINGULAR WIRELESS PCS, LLC","Callsign":"KNKA739","LocNum":2,"LatDeg":30,"LatMin":44,"LatSec":16.600000000000001,"LatDir":"N","LonDeg":86,"LonMin":33,"LonSec":38.799999999999997,"LonDir":"W","LocAdd":"430 Brookmeade Drive   (7403)","LocCity":"Crestview","LocCounty":"OKALOOSA","LocState":"FL","Nepa":"N","QZone":"0        NaN\n1        NaN\n2        NaN\n3        NaN\n4        NaN\n        ... \n24924    NaN\n24925    NaN\n24926    NaN\n24927    NaN\n24928    NaN\nName: 36, Length: 24929, dtype: object","TowReg":1030644,"SupStruc":98.200000000000003,"AllStruc":101.2,"StrucType":"LTOWER","LicStatus":"A","latdec":30.7379444444,"londec":-86.560777777799998,"url":"http://wireless2.fcc.gov/UlsApp/UlsSearch/licenseLocSum.jsp?licKey=12777"}},{"type":"Feature","id":645,"geometry":{"type":"Point","coordinates":[-86.710166667266606,30.8220555551963]},"properties":{"FID":645,"OBJECTID":15418,"UniqSysID":12777,"Licensee":"NEW CINGULAR WIRELESS PCS, LLC","Callsign":"KNKA739","LocNum":4,"LatDeg":30,"LatMin":49,"LatSec":19.399999999999999,"LatDir":"N","LonDeg":86,"LonMin":42,"LonSec":36.600000000000001,"LonDir":"W","LocAdd":"957 Hwy C4a   (7407)","LocCity":"BAKER","LocCounty":"OKALOOSA","LocState":"FL","Nepa":"N","QZone":"0        NaN\n1        NaN\n2        NaN\n3        NaN\n4        NaN\n        ... \n24924    NaN\n24925    NaN\n24926    NaN\n24927    NaN\n24928    NaN\nName: 36, Length: 24929, dtype: object","TowReg":1030495,"SupStruc":116.09999999999999,"AllStruc":118.59999999999999,"StrucType":"GTOWER","LicStatus":"A","latdec":30.822055555599999,"londec":-86.710166666700005,"url":"http://wireless2.fcc.gov/UlsApp/UlsSearch/licenseLocSum.jsp?licKey=12777"}},{"type":"Feature","id":646,"geometry":{"type":"Point","coordinates":[-86.409527776794562,30.478027778172816]},"properties":{"FID":646,"OBJECTID":15419,"UniqSysID":12777,"Licensee":"NEW CINGULAR WIRELESS PCS, LLC","Callsign":"KNKA739","LocNum":8,"LatDeg":30,"LatMin":28,"LatSec":40.899999999999999,"LatDir":"N","LonDeg":86,"LonMin":24,"LonSec":34.299999999999997,"LonDir":"W","LocAdd":"4620 EAST HIGHWAY 20   (7406)","LocCity":"NICEVILLE","LocCounty":"OKALOOSA","LocState":"FL","Nepa":"N","QZone":"0        NaN\n1        NaN\n2        NaN\n3        NaN\n4        NaN\n        ... \n24924    NaN\n24925    NaN\n24926    NaN\n24927    NaN\n24928    NaN\nName: 36, Length: 24929, dtype: object","TowReg":0,"SupStruc":36.600000000000001,"AllStruc":38.399999999999999,"StrucType":"MTOWER","LicStatus":"A","latdec":30.478027777800001,"londec":-86.409527777799994,"url":"http://wireless2.fcc.gov/UlsApp/UlsSearch/licenseLocSum.jsp?licKey=12777"}},{"type":"Feature","id":647,"geometry":{"type":"Point","coordinates":[-86.486194444412092,30.403027777778618]},"properties":{"FID":647,"OBJECTID":15420,"UniqSysID":12777,"Licensee":"NEW CINGULAR WIRELESS PCS, LLC","Callsign":"KNKA739","LocNum":15,"LatDeg":30,"LatMin":24,"LatSec":10.9,"LatDir":"N","LonDeg":86,"LonMin":29,"LonSec":10.300000000000001,"LonDir":"W","LocAdd":"723-B Kelly Street   (7401)","LocCity":"Destin","LocCounty":"OKALOOSA","LocState":"FL","Nepa":"N","QZone":"0        NaN\n1        NaN\n2        NaN\n3        NaN\n4        NaN\n        ... \n24924    NaN\n24925    NaN\n24926    NaN\n24927    NaN\n24928    NaN\nName: 36, Length: 24929, dtype: object","TowReg":0,"SupStruc":45.700000000000003,"AllStruc":48.5,"StrucType":"TANK","LicStatus":"A","latdec":30.403027777799998,"londec":-86.486194444399999,"url":"http://wireless2.fcc.gov/UlsApp/UlsSearch/licenseLocSum.jsp?licKey=12777"}},{"type":"Feature","id":648,"geometry":{"type":"Point","coordinates":[-86.463138888896083,30.751027777114246]},"properties":{"FID":648,"OBJECTID":15421,"UniqSysID":12777,"Licensee":"NEW CINGULAR WIRELESS PCS, LLC","Callsign":"KNKA739","LocNum":16,"LatDeg":30,"LatMin":45,"LatSec":3.7000000000000002,"LatDir":"N","LonDeg":86,"LonMin":27,"LonSec":47.299999999999997,"LonDir":"W","LocAdd":"3917 EAST HIGHWAY 90   (14504)","LocCity":"Crestview","LocCounty":"OKALOOSA","LocState":"FL","Nepa":"N","QZone":"0        NaN\n1        NaN\n2        NaN\n3        NaN\n4        NaN\n        ... \n24924    NaN\n24925    NaN\n24926    NaN\n24927    NaN\n24928    NaN\nName: 36, Length: 24929, dtype: object","TowReg":1213559,"SupStruc":54.899999999999999,"AllStruc":59.700000000000003,"StrucType":"MTOWER","LicStatus":"A","latdec":30.751027777800001,"londec":-86.463138888900005,"url":"http://wireless2.fcc.gov/UlsApp/UlsSearch/licenseLocSum.jsp?licKey=12777"}},{"type":"Feature","id":649,"geometry":{"type":"Point","coordinates":[-86.717083332933271,30.412111111115507]},"properties":{"FID":649,"OBJECTID":15422,"UniqSysID":12777,"Licensee":"NEW CINGULAR WIRELESS PCS, LLC","Callsign":"KNKA739","LocNum":17,"LatDeg":30,"LatMin":24,"LatSec":43.600000000000001,"LatDir":"N","LonDeg":86,"LonMin":43,"LonSec":1.5,"LonDir":"W","LocAdd":"1404 US HIGHWAY 98 WEST   (7412)","LocCity":"Mary Esther","LocCounty":"OKALOOSA","LocState":"FL","Nepa":"N","QZone":"0        NaN\n1        NaN\n2        NaN\n3        NaN\n4        NaN\n        ... \n24924    NaN\n24925    NaN\n24926    NaN\n24927    NaN\n24928    NaN\nName: 36, Length: 24929, dtype: object","TowReg":1055871,"SupStruc":54.200000000000003,"AllStruc":57.299999999999997,"StrucType":"LTOWER","LicStatus":"A","latdec":30.4121111111,"londec":-86.717083333299996,"url":"http://wireless2.fcc.gov/UlsApp/UlsSearch/licenseLocSum.jsp?licKey=12777"}},{"type":"Feature","id":650,"geometry":{"type":"Point","coordinates":[-86.449111110931256,30.969833332857718]},"properties":{"FID":650,"OBJECTID":15423,"UniqSysID":12777,"Licensee":"NEW CINGULAR WIRELESS PCS, LLC","Callsign":"KNKA739","LocNum":19,"LatDeg":30,"LatMin":58,"LatSec":11.4,"LatDir":"N","LonDeg":86,"LonMin":26,"LonSec":56.799999999999997,"LonDir":"W","LocAdd":"8246 NORTH HIGHWAY 85   (15361)","LocCity":"LAUREL HILL","LocCounty":"OKALOOSA","LocState":"FL","Nepa":"N","QZone":"0        NaN\n1        NaN\n2        NaN\n3        NaN\n4        NaN\n        ... \n24924    NaN\n24925    NaN\n24926    NaN\n24927    NaN\n24928    NaN\nName: 36, Length: 24929, dtype: object","TowReg":0,"SupStruc":55.5,"AllStruc":56.399999999999999,"StrucType":"MTOWER","LicStatus":"A","latdec":30.969833333299999,"londec":-86.449111111099995,"url":"http://wireless2.fcc.gov/UlsApp/UlsSearch/licenseLocSum.jsp?licKey=12777"}},{"type":"Feature","id":651,"geometry":{"type":"Point","coordinates":[-86.78941666685904,30.410472222769386]},"properties":{"FID":651,"OBJECTID":15424,"UniqSysID":12777,"Licensee":"NEW CINGULAR WIRELESS PCS, LLC","Callsign":"KNKA739","LocNum":20,"LatDeg":30,"LatMin":24,"LatSec":37.700000000000003,"LatDir":"N","LonDeg":86,"LonMin":47,"LonSec":21.899999999999999,"LonDir":"W","LocAdd":"180 EVERGREEN DRIVE   (7402)","LocCity":"MARY ESTHER","LocCounty":"OKALOOSA","LocState":"FL","Nepa":"N","QZone":"0        NaN\n1        NaN\n2        NaN\n3        NaN\n4        NaN\n        ... \n24924    NaN\n24925    NaN\n24926    NaN\n24927    NaN\n24928    NaN\nName: 36, Length: 24929, dtype: object","TowReg":0,"SupStruc":54.899999999999999,"AllStruc":54.899999999999999,"StrucType":"LTOWER","LicStatus":"A","latdec":30.410472222199999,"londec":-86.789416666700006,"url":"http://wireless2.fcc.gov/UlsApp/UlsSearch/licenseLocSum.jsp?licKey=12777"}},{"type":"Feature","id":652,"geometry":{"type":"Point","coordinates":[-81.3636944452075,25.910111111693254]},"properties":{"FID":652,"OBJECTID":16777,"UniqSysID":12961,"Licensee":"NEW CINGULAR WIRELESS PCS, LLC","Callsign":"KNKN555","LocNum":17,"LatDeg":25,"LatMin":54,"LatSec":36.399999999999999,"LatDir":"N","LonDeg":81,"LonMin":21,"LonSec":49.299999999999997,"LonDir":"W","LocAdd":"32020 TAMIAMI TRAIL EAST (6749)","LocCity":"EVERGLADES CITY","LocCounty":"COLLIER","LocState":"FL","Nepa":"N","QZone":"0        NaN\n1        NaN\n2        NaN\n3        NaN\n4        NaN\n        ... \n24924    NaN\n24925    NaN\n24926    NaN\n24927    NaN\n24928    NaN\nName: 36, Length: 24929, dtype: object","TowReg":1020923,"SupStruc":85.299999999999997,"AllStruc":91.099999999999994,"StrucType":"LTOWER","LicStatus":"A","latdec":25.910111111100001,"londec":-81.363694444399997,"url":"http://wireless2.fcc.gov/UlsApp/UlsSearch/licenseLocSum.jsp?licKey=12961"}},{"type":"Feature","id":653,"geometry":{"type":"Point","coordinates":[-81.728277778375741,25.924222222241951]},"properties":{"FID":653,"OBJECTID":16778,"UniqSysID":12961,"Licensee":"NEW CINGULAR WIRELESS PCS, LLC","Callsign":"KNKN555","LocNum":34,"LatDeg":25,"LatMin":55,"LatSec":27.199999999999999,"LatDir":"N","LonDeg":81,"LonMin":43,"LonSec":41.799999999999997,"LonDir":"W","LocAdd":"CHALET CONDOMINIUMS  520 S. COLLIER ROAD (6748)","LocCity":"MARCO ISLAND","LocCounty":"COLLIER","LocState":"FL","Nepa":"N","QZone":"0        NaN\n1        NaN\n2        NaN\n3        NaN\n4        NaN\n        ... \n24924    NaN\n24925    NaN\n24926    NaN\n24927    NaN\n24928    NaN\nName: 36, Length: 24929, dtype: object","TowReg":0,"SupStruc":45.700000000000003,"AllStruc":47.600000000000001,"StrucType":"B","LicStatus":"A","latdec":25.924222222200001,"londec":-81.728277777800002,"url":"http://wireless2.fcc.gov/UlsApp/UlsSearch/licenseLocSum.jsp?licKey=12961"}},{"type":"Feature","id":654,"geometry":{"type":"Point","coordinates":[-81.257749999935982,26.603222221811905]},"properties":{"FID":654,"OBJECTID":16779,"UniqSysID":12961,"Licensee":"NEW CINGULAR WIRELESS PCS, LLC","Callsign":"KNKN555","LocNum":35,"LatDeg":26,"LatMin":36,"LatSec":11.6,"LatDir":"N","LonDeg":81,"LonMin":15,"LonSec":27.899999999999999,"LonDir":"W","LocAdd":"11015 COUNTY ROAD 832 (6737)","LocCity":"FELDA","LocCounty":"HENDRY","LocState":"FL","Nepa":"N","QZone":"0        NaN\n1        NaN\n2        NaN\n3        NaN\n4        NaN\n        ... \n24924    NaN\n24925    NaN\n24926    NaN\n24927    NaN\n24928    NaN\nName: 36, Length: 24929, dtype: object","TowReg":1201839,"SupStruc":107,"AllStruc":111.90000000000001,"StrucType":"GTOWER","LicStatus":"A","latdec":26.603222222199999,"londec":-81.257750000000001,"url":"http://wireless2.fcc.gov/UlsApp/UlsSearch/licenseLocSum.jsp?licKey=12961"}},{"type":"Feature","id":655,"geometry":{"type":"Point","coordinates":[-80.991444443840123,26.319249999742397]},"properties":{"FID":655,"OBJECTID":16780,"UniqSysID":12961,"Licensee":"NEW CINGULAR WIRELESS PCS, LLC","Callsign":"KNKN555","LocNum":36,"LatDeg":26,"LatMin":19,"LatSec":9.3000000000000007,"LatDir":"N","LonDeg":80,"LonMin":59,"LonSec":29.199999999999999,"LonDir":"W","LocAdd":"30980 JOSIE BILLY HIGHWAY (13803)","LocCity":"CLEWISTON","LocCounty":"HENDRY","LocState":"FL","Nepa":"N","QZone":"0        NaN\n1        NaN\n2        NaN\n3        NaN\n4        NaN\n        ... \n24924    NaN\n24925    NaN\n24926    NaN\n24927    NaN\n24928    NaN\nName: 36, Length: 24929, dtype: object","TowReg":0,"SupStruc":20.699999999999999,"AllStruc":21.600000000000001,"StrucType":"POLE","LicStatus":"A","latdec":26.31925,"londec":-80.991444444400003,"url":"http://wireless2.fcc.gov/UlsApp/UlsSearch/licenseLocSum.jsp?licKey=12961"}},{"type":"Feature","id":656,"geometry":{"type":"Point","coordinates":[-81.07747222326816,26.167388889214635]},"properties":{"FID":656,"OBJECTID":16781,"UniqSysID":12961,"Licensee":"NEW CINGULAR WIRELESS PCS, LLC","Callsign":"KNKN555","LocNum":37,"LatDeg":26,"LatMin":10,"LatSec":2.6000000000000001,"LatDir":"N","LonDeg":81,"LonMin":4,"LonSec":38.899999999999999,"LonDir":"W","LocAdd":"63 INTERSTATE 75 (302816)","LocCity":"Ochopee","LocCounty":"COLLIER","LocState":"FL","Nepa":"N","QZone":"0        NaN\n1        NaN\n2        NaN\n3        NaN\n4        NaN\n        ... \n24924    NaN\n24925    NaN\n24926    NaN\n24927    NaN\n24928    NaN\nName: 36, Length: 24929, dtype: object","TowReg":1228710,"SupStruc":86,"AllStruc":90.200000000000003,"StrucType":"LTOWER","LicStatus":"A","latdec":26.1673888889,"londec":-81.077472222200001,"url":"http://wireless2.fcc.gov/UlsApp/UlsSearch/licenseLocSum.jsp?licKey=12961"}},{"type":"Feature","id":657,"geometry":{"type":"Point","coordinates":[-81.630000000404948,26.42305555460274]},"properties":{"FID":657,"OBJECTID":16782,"UniqSysID":12961,"Licensee":"NEW CINGULAR WIRELESS PCS, LLC","Callsign":"KNKN555","LocNum":38,"LatDeg":26,"LatMin":25,"LatSec":23,"LatDir":"N","LonDeg":81,"LonMin":37,"LonSec":48,"LonDir":"W","LocAdd":"21190 CARTER ROAD (6834)","LocCity":"ESTERO","LocCounty":"LEE","LocState":"FL","Nepa":"N","QZone":"0        NaN\n1        NaN\n2        NaN\n3        NaN\n4        NaN\n        ... \n24924    NaN\n24925    NaN\n24926    NaN\n24927    NaN\n24928    NaN\nName: 36, Length: 24929, dtype: object","TowReg":1027588,"SupStruc":356.60000000000002,"AllStruc":373.10000000000002,"StrucType":"GTOWER","LicStatus":"A","latdec":26.423055555600001,"londec":-81.629999999999995,"url":"http://wireless2.fcc.gov/UlsApp/UlsSearch/licenseLocSum.jsp?licKey=12961"}},{"type":"Feature","id":658,"geometry":{"type":"Point","coordinates":[-81.564888888699784,26.599916666956688]},"properties":{"FID":658,"OBJECTID":16783,"UniqSysID":12961,"Licensee":"NEW CINGULAR WIRELESS PCS, LLC","Callsign":"KNKN555","LocNum":39,"LatDeg":26,"LatMin":35,"LatSec":59.700000000000003,"LatDir":"N","LonDeg":81,"LonMin":33,"LonSec":53.600000000000001,"LonDir":"W","LocAdd":"7050 CPI ROAD (110160)","LocCity":"FELDA","LocCounty":"HENDRY","LocState":"FL","Nepa":"N","QZone":"0        NaN\n1        NaN\n2        NaN\n3        NaN\n4        NaN\n        ... \n24924    NaN\n24925    NaN\n24926    NaN\n24927    NaN\n24928    NaN\nName: 36, Length: 24929, dtype: object","TowReg":0,"SupStruc":60.700000000000003,"AllStruc":61,"StrucType":"MTOWER","LicStatus":"A","latdec":26.5999166667,"londec":-81.564888888900001,"url":"http://wireless2.fcc.gov/UlsApp/UlsSearch/licenseLocSum.jsp?licKey=12961"}},{"type":"Feature","id":659,"geometry":{"type":"Point","coordinates":[-81.786749999669667,26.317027778302077]},"properties":{"FID":659,"OBJECTID":16784,"UniqSysID":12961,"Licensee":"NEW CINGULAR WIRELESS PCS, LLC","Callsign":"KNKN555","LocNum":19,"LatDeg":26,"LatMin":19,"LatSec":1.3,"LatDir":"N","LonDeg":81,"LonMin":47,"LonSec":12.300000000000001,"LonDir":"W","LocAdd":"28950 OLD 41 ROAD SOUTHEAST (70518)","LocCity":"BONITA SPRINGS","LocCounty":"LEE","LocState":"FL","Nepa":"N","QZone":"0        NaN\n1        NaN\n2        NaN\n3        NaN\n4        NaN\n        ... \n24924    NaN\n24925    NaN\n24926    NaN\n24927    NaN\n24928    NaN\nName: 36, Length: 24929, dtype: object","TowReg":1060723,"SupStruc":85.299999999999997,"AllStruc":85.299999999999997,"StrucType":"GTOWER","LicStatus":"A","latdec":26.3170277778,"londec":-81.786749999999998,"url":"http://wireless2.fcc.gov/UlsApp/UlsSearch/licenseLocSum.jsp?licKey=12961"}},{"type":"Feature","id":660,"geometry":{"type":"Point","coordinates":[-80.819583333412254,25.762027777621597]},"properties":{"FID":660,"OBJECTID":16785,"UniqSysID":12961,"Licensee":"NEW CINGULAR WIRELESS PCS, LLC","Callsign":"KNKN555","LocNum":21,"LatDeg":25,"LatMin":45,"LatSec":43.299999999999997,"LatDir":"N","LonDeg":80,"LonMin":49,"LonSec":10.5,"LonDir":"W","LocAdd":"12A SOUTH US HIGHWAY 41 (57066)","LocCity":"DADE CITY","LocCounty":"MIAMI-DADE","LocState":"FL","Nepa":"N","QZone":"0        NaN\n1        NaN\n2        NaN\n3        NaN\n4        NaN\n        ... \n24924    NaN\n24925    NaN\n24926    NaN\n24927    NaN\n24928    NaN\nName: 36, Length: 24929, dtype: object","TowReg":1030849,"SupStruc":77.400000000000006,"AllStruc":79.599999999999994,"StrucType":"LTOWER","LicStatus":"A","latdec":25.7620277778,"londec":-80.819583333300002,"url":"http://wireless2.fcc.gov/UlsApp/UlsSearch/licenseLocSum.jsp?licKey=12961"}},{"type":"Feature","id":661,"geometry":{"type":"Point","coordinates":[-81.733388888711772,25.937583333057717]},"properties":{"FID":661,"OBJECTID":16786,"UniqSysID":12961,"Licensee":"NEW CINGULAR WIRELESS PCS, LLC","Callsign":"KNKN555","LocNum":22,"LatDeg":25,"LatMin":56,"LatSec":15.300000000000001,"LatDir":"N","LonDeg":81,"LonMin":44,"LonSec":0.20000000000000001,"LonDir":"W","LocAdd":"58 NORTH COLLIER BOULEVARD (70520)","LocCity":"MARCO ISLAND","LocCounty":"COLLIER","LocState":"FL","Nepa":"N","QZone":"0        NaN\n1        NaN\n2        NaN\n3        NaN\n4        NaN\n        ... \n24924    NaN\n24925    NaN\n24926    NaN\n24927    NaN\n24928    NaN\nName: 36, Length: 24929, dtype: object","TowReg":0,"SupStruc":68.599999999999994,"AllStruc":68.599999999999994,"StrucType":"B","LicStatus":"A","latdec":25.937583333300001,"londec":-81.733388888899995,"url":"http://wireless2.fcc.gov/UlsApp/UlsSearch/licenseLocSum.jsp?licKey=12961"}},{"type":"Feature","id":662,"geometry":{"type":"Point","coordinates":[-81.821611111343316,26.251999999641612]},"properties":{"FID":662,"OBJECTID":16787,"UniqSysID":12961,"Licensee":"NEW CINGULAR WIRELESS PCS, LLC","Callsign":"KNKN555","LocNum":23,"LatDeg":26,"LatMin":15,"LatSec":7.2000000000000002,"LatDir":"N","LonDeg":81,"LonMin":49,"LonSec":17.800000000000001,"LonDir":"W","LocAdd":"280 VANDERBILT BEACH ROAD (70523)","LocCity":"NAPLES","LocCounty":"COLLIER","LocState":"FL","Nepa":"N","QZone":"0        NaN\n1        NaN\n2        NaN\n3        NaN\n4        NaN\n        ... \n24924    NaN\n24925    NaN\n24926    NaN\n24927    NaN\n24928    NaN\nName: 36, Length: 24929, dtype: object","TowReg":0,"SupStruc":61,"AllStruc":64,"StrucType":"B","LicStatus":"A","latdec":26.251999999999999,"londec":-81.821611111099998,"url":"http://wireless2.fcc.gov/UlsApp/UlsSearch/licenseLocSum.jsp?licKey=12961"}},{"type":"Feature","id":663,"geometry":{"type":"Point","coordinates":[-81.500777777975713,26.72305555598723]},"properties":{"FID":663,"OBJECTID":16788,"UniqSysID":12961,"Licensee":"NEW CINGULAR WIRELESS PCS, LLC","Callsign":"KNKN555","LocNum":25,"LatDeg":26,"LatMin":43,"LatSec":23,"LatDir":"N","LonDeg":81,"LonMin":30,"LonSec":2.7999999999999998,"LonDir":"W","LocAdd":"2830 Murray Road (6371)","LocCity":"LA BELLE","LocCounty":"HENDRY","LocState":"FL","Nepa":"N","QZone":"0        NaN\n1        NaN\n2        NaN\n3        NaN\n4        NaN\n        ... \n24924    NaN\n24925    NaN\n24926    NaN\n24927    NaN\n24928    NaN\nName: 36, Length: 24929, dtype: object","TowReg":1040924,"SupStruc":85.299999999999997,"AllStruc":88.400000000000006,"StrucType":"GTOWER","LicStatus":"A","latdec":26.723055555599998,"londec":-81.500777777799996,"url":"http://wireless2.fcc.gov/UlsApp/UlsSearch/licenseLocSum.jsp?licKey=12961"}},{"type":"Feature","id":664,"geometry":{"type":"Point","coordinates":[-81.77616666613477,26.137138889167716]},"properties":{"FID":664,"OBJECTID":16789,"UniqSysID":12961,"Licensee":"NEW CINGULAR WIRELESS PCS, LLC","Callsign":"KNKN555","LocNum":27,"LatDeg":26,"LatMin":8,"LatSec":13.699999999999999,"LatDir":"N","LonDeg":81,"LonMin":46,"LonSec":34.200000000000003,"LonDir":"W","LocAdd":"2370 KIRKWOOD AVE  (6745)","LocCity":"NAPLES","LocCounty":"COLLIER","LocState":"FL","Nepa":"N","QZone":"0        NaN\n1        NaN\n2        NaN\n3        NaN\n4        NaN\n        ... \n24924    NaN\n24925    NaN\n24926    NaN\n24927    NaN\n24928    NaN\nName: 36, Length: 24929, dtype: object","TowReg":1025231,"SupStruc":54.899999999999999,"AllStruc":57,"StrucType":"LTOWER","LicStatus":"A","latdec":26.137138888900001,"londec":-81.776166666699993,"url":"http://wireless2.fcc.gov/UlsApp/UlsSearch/licenseLocSum.jsp?licKey=12961"}},{"type":"Feature","id":665,"geometry":{"type":"Point","coordinates":[-81.112694445109696,25.866777777628215]},"properties":{"FID":665,"OBJECTID":16790,"UniqSysID":12961,"Licensee":"NEW CINGULAR WIRELESS PCS, LLC","Callsign":"KNKN555","LocNum":28,"LatDeg":25,"LatMin":52,"LatSec":0.40000000000000002,"LatDir":"N","LonDeg":81,"LonMin":6,"LonSec":45.700000000000003,"LonDir":"W","LocAdd":"50205 Tramiami Trail East (6750)","LocCity":"EVERGLADES CITY","LocCounty":"COLLIER","LocState":"FL","Nepa":"N","QZone":"0        NaN\n1        NaN\n2        NaN\n3        NaN\n4        NaN\n        ... \n24924    NaN\n24925    NaN\n24926    NaN\n24927    NaN\n24928    NaN\nName: 36, Length: 24929, dtype: object","TowReg":1220218,"SupStruc":64,"AllStruc":67.099999999999994,"StrucType":"GTOWER","LicStatus":"A","latdec":25.866777777799999,"londec":-81.112694444400006,"url":"http://wireless2.fcc.gov/UlsApp/UlsSearch/licenseLocSum.jsp?licKey=12961"}},{"type":"Feature","id":666,"geometry":{"type":"Point","coordinates":[-80.981027778333271,26.431277778095534]},"properties":{"FID":666,"OBJECTID":16791,"UniqSysID":12961,"Licensee":"NEW CINGULAR WIRELESS PCS, LLC","Callsign":"KNKN555","LocNum":29,"LatDeg":26,"LatMin":25,"LatSec":52.600000000000001,"LatDir":"N","LonDeg":80,"LonMin":58,"LonSec":51.700000000000003,"LonDir":"W","LocAdd":"1875 MCDANIELS RANCH ROAD (6755)","LocCity":"CLEWISTON","LocCounty":"HENDRY","LocState":"FL","Nepa":"N","QZone":"0        NaN\n1        NaN\n2        NaN\n3        NaN\n4        NaN\n        ... \n24924    NaN\n24925    NaN\n24926    NaN\n24927    NaN\n24928    NaN\nName: 36, Length: 24929, dtype: object","TowReg":1022174,"SupStruc":85,"AllStruc":92.700000000000003,"StrucType":"GTOWER","LicStatus":"A","latdec":26.431277777799998,"londec":-80.981027777799994,"url":"http://wireless2.fcc.gov/UlsApp/UlsSearch/licenseLocSum.jsp?licKey=12961"}},{"type":"Feature","id":667,"geometry":{"type":"Point","coordinates":[-80.900000000217119,26.710500000085403]},"properties":{"FID":667,"OBJECTID":16792,"UniqSysID":12961,"Licensee":"NEW CINGULAR WIRELESS PCS, LLC","Callsign":"KNKN555","LocNum":31,"LatDeg":26,"LatMin":42,"LatSec":37.799999999999997,"LatDir":"N","LonDeg":80,"LonMin":54,"LonSec":0,"LonDir":"W","LocAdd":"21300 COUNTY RD. 835 (45998)","LocCity":"Clewiston","LocCounty":"HENDRY","LocState":"FL","Nepa":"N","QZone":"0        NaN\n1        NaN\n2        NaN\n3        NaN\n4        NaN\n        ... \n24924    NaN\n24925    NaN\n24926    NaN\n24927    NaN\n24928    NaN\nName: 36, Length: 24929, dtype: object","TowReg":1241093,"SupStruc":77.099999999999994,"AllStruc":78,"StrucType":"MTOWER","LicStatus":"A","latdec":26.7105,"londec":-80.900000000000006,"url":"http://wireless2.fcc.gov/UlsApp/UlsSearch/licenseLocSum.jsp?licKey=12961"}},{"type":"Feature","id":668,"geometry":{"type":"Point","coordinates":[-80.982500000302934,26.765000000395617]},"properties":{"FID":668,"OBJECTID":16793,"UniqSysID":12961,"Licensee":"NEW CINGULAR WIRELESS PCS, LLC","Callsign":"KNKN555","LocNum":32,"LatDeg":26,"LatMin":45,"LatSec":54,"LatDir":"N","LonDeg":80,"LonMin":58,"LonSec":57,"LonDir":"W","LocAdd":"697 COUNTY ROAD 720 (15557)","LocCity":"CLEWISTON","LocCounty":"HENDRY","LocState":"FL","Nepa":"N","QZone":"0        NaN\n1        NaN\n2        NaN\n3        NaN\n4        NaN\n        ... \n24924    NaN\n24925    NaN\n24926    NaN\n24927    NaN\n24928    NaN\nName: 36, Length: 24929, dtype: object","TowReg":1003672,"SupStruc":76.200000000000003,"AllStruc":78.599999999999994,"StrucType":"LTOWER","LicStatus":"A","latdec":26.765000000000001,"londec":-80.982500000000002,"url":"http://wireless2.fcc.gov/UlsApp/UlsSearch/licenseLocSum.jsp?licKey=12961"}},{"type":"Feature","id":669,"geometry":{"type":"Point","coordinates":[-83.88833333276682,30.581833332626161]},"properties":{"FID":669,"OBJECTID":17380,"UniqSysID":13001,"Licensee":"New Cingular Wireless PCS, LLC","Callsign":"KNKN628","LocNum":9,"LatDeg":30,"LatMin":34,"LatSec":54.600000000000001,"LatDir":"N","LonDeg":83,"LonMin":53,"LonSec":18,"LonDir":"W","LocAdd":"NORTH SLEDGE ROAD (45100)","LocCity":"MONTICELLO","LocCounty":"JEFFERSON","LocState":"FL","Nepa":"N","QZone":"0        NaN\n1        NaN\n2        NaN\n3        NaN\n4        NaN\n        ... \n24924    NaN\n24925    NaN\n24926    NaN\n24927    NaN\n24928    NaN\nName: 36, Length: 24929, dtype: object","TowReg":1048766,"SupStruc":73.200000000000003,"AllStruc":76.200000000000003,"StrucType":"GTOWER","LicStatus":"A","latdec":30.581833333300001,"londec":-83.888333333299997,"url":"http://wireless2.fcc.gov/UlsApp/UlsSearch/licenseLocSum.jsp?licKey=13001"}},{"type":"Feature","id":670,"geometry":{"type":"Point","coordinates":[-84.028361111270954,30.477194444071017]},"properties":{"FID":670,"OBJECTID":17381,"UniqSysID":13001,"Licensee":"New Cingular Wireless PCS, LLC","Callsign":"KNKN628","LocNum":5,"LatDeg":30,"LatMin":28,"LatSec":37.899999999999999,"LatDir":"N","LonDeg":84,"LonMin":1,"LonSec":42.100000000000001,"LonDir":"W","LocAdd":"HWY 158, 0.2 MILES WEST OF HWY 59 (45099)","LocCity":"LLOYD","LocCounty":"JEFFERSON","LocState":"FL","Nepa":"N","QZone":"0        NaN\n1        NaN\n2        NaN\n3        NaN\n4        NaN\n        ... \n24924    NaN\n24925    NaN\n24926    NaN\n24927    NaN\n24928    NaN\nName: 36, Length: 24929, dtype: object","TowReg":1216744,"SupStruc":67.700000000000003,"AllStruc":71,"StrucType":"GTOWER","LicStatus":"A","latdec":30.477194444399998,"londec":-84.028361111099997,"url":"http://wireless2.fcc.gov/UlsApp/UlsSearch/licenseLocSum.jsp?licKey=13001"}},{"type":"Feature","id":671,"geometry":{"type":"Point","coordinates":[-83.915999999924964,30.142333334151488]},"properties":{"FID":671,"OBJECTID":17382,"UniqSysID":13001,"Licensee":"New Cingular Wireless PCS, LLC","Callsign":"KNKN628","LocNum":10,"LatDeg":30,"LatMin":8,"LatSec":32.399999999999999,"LatDir":"N","LonDeg":83,"LonMin":54,"LonSec":57.600000000000001,"LonDir":"W","LocAdd":"20480 US HWY 98 (45086)","LocCity":"PERRY","LocCounty":"TAYLOR","LocState":"FL","Nepa":"N","QZone":"0        NaN\n1        NaN\n2        NaN\n3        NaN\n4        NaN\n        ... \n24924    NaN\n24925    NaN\n24926    NaN\n24927    NaN\n24928    NaN\nName: 36, Length: 24929, dtype: object","TowReg":1065684,"SupStruc":97.799999999999997,"AllStruc":103.90000000000001,"StrucType":"GTOWER","LicStatus":"A","latdec":30.142333333300002,"londec":-83.915999999999997,"url":"http://wireless2.fcc.gov/UlsApp/UlsSearch/licenseLocSum.jsp?licKey=13001"}},{"type":"Feature","id":672,"geometry":{"type":"Point","coordinates":[-83.201916667046532,30.073277777674662]},"properties":{"FID":672,"OBJECTID":17383,"UniqSysID":13001,"Licensee":"New Cingular Wireless PCS, LLC","Callsign":"KNKN628","LocNum":12,"LatDeg":30,"LatMin":4,"LatSec":23.800000000000001,"LatDir":"N","LonDeg":83,"LonMin":12,"LonSec":6.9000000000000004,"LonDir":"W","LocAdd":"924 W. U.S. Highway 27 (45029)","LocCity":"MAYO","LocCounty":"LAFAYETTE","LocState":"FL","Nepa":"N","QZone":"0        NaN\n1        NaN\n2        NaN\n3        NaN\n4        NaN\n        ... \n24924    NaN\n24925    NaN\n24926    NaN\n24927    NaN\n24928    NaN\nName: 36, Length: 24929, dtype: object","TowReg":1231370,"SupStruc":91.400000000000006,"AllStruc":93.900000000000006,"StrucType":"GTOWER","LicStatus":"A","latdec":30.073277777800001,"londec":-83.201916666700001,"url":"http://wireless2.fcc.gov/UlsApp/UlsSearch/licenseLocSum.jsp?licKey=13001"}},{"type":"Feature","id":673,"geometry":{"type":"Point","coordinates":[-84.033749999557585,30.395861111319789]},"properties":{"FID":673,"OBJECTID":17384,"UniqSysID":13001,"Licensee":"New Cingular Wireless PCS, LLC","Callsign":"KNKN628","LocNum":22,"LatDeg":30,"LatMin":23,"LatSec":45.100000000000001,"LatDir":"N","LonDeg":84,"LonMin":2,"LonSec":1.5,"LonDir":"W","LocAdd":"4867 St. Augustine Rd (114528)","LocCity":"Monticello","LocCounty":"JEFFERSON","LocState":"FL","Nepa":"N","QZone":"0        NaN\n1        NaN\n2        NaN\n3        NaN\n4        NaN\n        ... \n24924    NaN\n24925    NaN\n24926    NaN\n24927    NaN\n24928    NaN\nName: 36, Length: 24929, dtype: object","TowReg":1276591,"SupStruc":76.200000000000003,"AllStruc":79.200000000000003,"StrucType":"LTOWER","LicStatus":"A","latdec":30.3958611111,"londec":-84.033749999999998,"url":"http://wireless2.fcc.gov/UlsApp/UlsSearch/licenseLocSum.jsp?licKey=13001"}},{"type":"Feature","id":674,"geometry":{"type":"Point","coordinates":[-83.582388888920491,29.84027777796382]},"properties":{"FID":674,"OBJECTID":17385,"UniqSysID":13001,"Licensee":"New Cingular Wireless PCS, LLC","Callsign":"KNKN628","LocNum":23,"LatDeg":29,"LatMin":50,"LatSec":25,"LatDir":"N","LonDeg":83,"LonMin":34,"LonSec":56.600000000000001,"LonDir":"W","LocAdd":"19630 JODY MORGAN ROAD (118957)","LocCity":"Perry","LocCounty":"TAYLOR","LocState":"FL","Nepa":"N","QZone":"0        NaN\n1        NaN\n2        NaN\n3        NaN\n4        NaN\n        ... \n24924    NaN\n24925    NaN\n24926    NaN\n24927    NaN\n24928    NaN\nName: 36, Length: 24929, dtype: object","TowReg":1220093,"SupStruc":76.200000000000003,"AllStruc":79.200000000000003,"StrucType":"LTOWER","LicStatus":"A","latdec":29.840277777800001,"londec":-83.582388888899999,"url":"http://wireless2.fcc.gov/UlsApp/UlsSearch/licenseLocSum.jsp?licKey=13001"}},{"type":"Feature","id":675,"geometry":{"type":"Point","coordinates":[-83.621583334285845,30.437138887834863]},"properties":{"FID":675,"OBJECTID":17386,"UniqSysID":13001,"Licensee":"New Cingular Wireless PCS, LLC","Callsign":"KNKN628","LocNum":25,"LatDeg":30,"LatMin":26,"LatSec":13.699999999999999,"LatDir":"N","LonDeg":83,"LonMin":37,"LonSec":17.699999999999999,"LonDir":"W","LocAdd":"2465 SW US 221 (45096)","LocCity":"GREENVILLE","LocCounty":"MADISON","LocState":"FL","Nepa":"N","QZone":"0        NaN\n1        NaN\n2        NaN\n3        NaN\n4        NaN\n        ... \n24924    NaN\n24925    NaN\n24926    NaN\n24927    NaN\n24928    NaN\nName: 36, Length: 24929, dtype: object","TowReg":1021034,"SupStruc":92,"AllStruc":94.200000000000003,"StrucType":"GTOWER","LicStatus":"A","latdec":30.437138888900002,"londec":-83.621583333299995,"url":"http://wireless2.fcc.gov/UlsApp/UlsSearch/licenseLocSum.jsp?licKey=13001"}},{"type":"Feature","id":676,"geometry":{"type":"Point","coordinates":[-84.053833333428997,30.191416666136604]},"properties":{"FID":676,"OBJECTID":17387,"UniqSysID":13001,"Licensee":"New Cingular Wireless PCS, LLC","Callsign":"KNKN628","LocNum":27,"LatDeg":30,"LatMin":11,"LatSec":29.100000000000001,"LatDir":"N","LonDeg":84,"LonMin":3,"LonSec":13.800000000000001,"LonDir":"W","LocAdd":"Nutall Highway & Hwy 59 (134116)","LocCity":"Wacissa","LocCounty":"JEFFERSON","LocState":"FL","Nepa":"N","QZone":"0        NaN\n1        NaN\n2        NaN\n3        NaN\n4        NaN\n        ... \n24924    NaN\n24925    NaN\n24926    NaN\n24927    NaN\n24928    NaN\nName: 36, Length: 24929, dtype: object","TowReg":1283497,"SupStruc":90.799999999999997,"AllStruc":93.299999999999997,"StrucType":"GTOWER","LicStatus":"A","latdec":30.1914166667,"londec":-84.053833333300005,"url":"http://wireless2.fcc.gov/UlsApp/UlsSearch/licenseLocSum.jsp?licKey=13001"}},{"type":"Feature","id":677,"geometry":{"type":"Point","coordinates":[-83.494722222189864,30.434722221951802]},"properties":{"FID":677,"OBJECTID":17388,"UniqSysID":13001,"Licensee":"New Cingular Wireless PCS, LLC","Callsign":"KNKN628","LocNum":28,"LatDeg":30,"LatMin":26,"LatSec":5,"LatDir":"N","LonDeg":83,"LonMin":29,"LonSec":41,"LonDir":"W","LocAdd":"COUNTY RD. 14 - CAPTAIN BROWN RD. (43735)","LocCity":"MADISON","LocCounty":"MADISON","LocState":"FL","Nepa":"N","QZone":"0        NaN\n1        NaN\n2        NaN\n3        NaN\n4        NaN\n        ... \n24924    NaN\n24925    NaN\n24926    NaN\n24927    NaN\n24928    NaN\nName: 36, Length: 24929, dtype: object","TowReg":1000458,"SupStruc":76.200000000000003,"AllStruc":80.799999999999997,"StrucType":"GTOWER","LicStatus":"A","latdec":30.434722222200001,"londec":-83.494722222199997,"url":"http://wireless2.fcc.gov/UlsApp/UlsSearch/licenseLocSum.jsp?licKey=13001"}},{"type":"Feature","id":678,"geometry":{"type":"Point","coordinates":[-83.586638887699962,29.941777777662253]},"properties":{"FID":678,"OBJECTID":17389,"UniqSysID":13001,"Licensee":"New Cingular Wireless PCS, LLC","Callsign":"KNKN628","LocNum":29,"LatDeg":29,"LatMin":56,"LatSec":30.399999999999999,"LatDir":"N","LonDeg":83,"LonMin":35,"LonSec":11.9,"LonDir":"W","LocAdd":"12689 Beach Rd. (145830)","LocCity":"Perry","LocCounty":"TAYLOR","LocState":"FL","Nepa":"N","QZone":"0        NaN\n1        NaN\n2        NaN\n3        NaN\n4        NaN\n        ... \n24924    NaN\n24925    NaN\n24926    NaN\n24927    NaN\n24928    NaN\nName: 36, Length: 24929, dtype: object","TowReg":1221901,"SupStruc":76.200000000000003,"AllStruc":79.900000000000006,"StrucType":"GTOWER","LicStatus":"A","latdec":29.941777777799999,"londec":-83.586638888899998,"url":"http://wireless2.fcc.gov/UlsApp/UlsSearch/licenseLocSum.jsp?licKey=13001"}},{"type":"Feature","id":679,"geometry":{"type":"Point","coordinates":[-83.030611110722873,30.011444444685026]},"properties":{"FID":679,"OBJECTID":17390,"UniqSysID":13001,"Licensee":"New Cingular Wireless PCS, LLC","Callsign":"KNKN628","LocNum":30,"LatDeg":30,"LatMin":0,"LatSec":41.200000000000003,"LatDir":"N","LonDeg":83,"LonMin":1,"LonSec":50.200000000000003,"LonDir":"W","LocAdd":"292 NE Capers Rd. (145815)","LocCity":"Mayo","LocCounty":"LAFAYETTE","LocState":"FL","Nepa":"N","QZone":"0        NaN\n1        NaN\n2        NaN\n3        NaN\n4        NaN\n        ... \n24924    NaN\n24925    NaN\n24926    NaN\n24927    NaN\n24928    NaN\nName: 36, Length: 24929, dtype: object","TowReg":1052508,"SupStruc":100.59999999999999,"AllStruc":103,"StrucType":"GTOWER","LicStatus":"A","latdec":30.011444444399999,"londec":-83.030611111100001,"url":"http://wireless2.fcc.gov/UlsApp/UlsSearch/licenseLocSum.jsp?licKey=13001"}},{"type":"Feature","id":680,"geometry":{"type":"Point","coordinates":[-83.633805555123388,30.532055556226339]},"properties":{"FID":680,"OBJECTID":17391,"UniqSysID":13001,"Licensee":"New Cingular Wireless PCS, LLC","Callsign":"KNKN628","LocNum":31,"LatDeg":30,"LatMin":31,"LatSec":55.399999999999999,"LatDir":"N","LonDeg":83,"LonMin":38,"LonSec":1.7,"LonDir":"W","LocAdd":"NW White Dove Dr (147740)","LocCity":"Greenville","LocCounty":"MADISON","LocState":"FL","Nepa":"N","QZone":"0        NaN\n1        NaN\n2        NaN\n3        NaN\n4        NaN\n        ... \n24924    NaN\n24925    NaN\n24926    NaN\n24927    NaN\n24928    NaN\nName: 36, Length: 24929, dtype: object","TowReg":1290299,"SupStruc":76.200000000000003,"AllStruc":78,"StrucType":"GTOWER","LicStatus":"A","latdec":30.5320555556,"londec":-83.633805555600006,"url":"http://wireless2.fcc.gov/UlsApp/UlsSearch/licenseLocSum.jsp?licKey=13001"}},{"type":"Feature","id":681,"geometry":{"type":"Point","coordinates":[-83.381222222235124,29.690305556105727]},"properties":{"FID":681,"OBJECTID":17392,"UniqSysID":13001,"Licensee":"New Cingular Wireless PCS, LLC","Callsign":"KNKN628","LocNum":17,"LatDeg":29,"LatMin":41,"LatSec":25.100000000000001,"LatDir":"N","LonDeg":83,"LonMin":22,"LonSec":52.399999999999999,"LonDir":"W","LocAdd":"1105 Sugar Hill Road   (85349)","LocCity":"Steinhatchee","LocCounty":"TAYLOR","LocState":"FL","Nepa":"N","QZone":"0        NaN\n1        NaN\n2        NaN\n3        NaN\n4        NaN\n        ... \n24924    NaN\n24925    NaN\n24926    NaN\n24927    NaN\n24928    NaN\nName: 36, Length: 24929, dtype: object","TowReg":1251021,"SupStruc":76.5,"AllStruc":77.700000000000003,"StrucType":"LTOWER","LicStatus":"A","latdec":29.690305555599998,"londec":-83.381222222199995,"url":"http://wireless2.fcc.gov/UlsApp/UlsSearch/licenseLocSum.jsp?licKey=13001"}},{"type":"Feature","id":682,"geometry":{"type":"Point","coordinates":[-83.348361110726842,30.582694444932429]},"properties":{"FID":682,"OBJECTID":17393,"UniqSysID":13001,"Licensee":"New Cingular Wireless PCS, LLC","Callsign":"KNKN628","LocNum":18,"LatDeg":30,"LatMin":34,"LatSec":57.700000000000003,"LatDir":"N","LonDeg":83,"LonMin":20,"LonSec":54.100000000000001,"LonDir":"W","LocAdd":"1121 Northeast Evergreen Avenue (85287)","LocCity":"Pinetta","LocCounty":"MADISON","LocState":"FL","Nepa":"N","QZone":"0        NaN\n1        NaN\n2        NaN\n3        NaN\n4        NaN\n        ... \n24924    NaN\n24925    NaN\n24926    NaN\n24927    NaN\n24928    NaN\nName: 36, Length: 24929, dtype: object","TowReg":1225567,"SupStruc":76.5,"AllStruc":79.599999999999994,"StrucType":"LTOWER","LicStatus":"A","latdec":30.582694444400001,"londec":-83.348361111100004,"url":"http://wireless2.fcc.gov/UlsApp/UlsSearch/licenseLocSum.jsp?licKey=13001"}},{"type":"Feature","id":683,"geometry":{"type":"Point","coordinates":[-83.218333333948067,30.3611111112549]},"properties":{"FID":683,"OBJECTID":17394,"UniqSysID":13001,"Licensee":"New Cingular Wireless PCS, LLC","Callsign":"KNKN628","LocNum":20,"LatDeg":30,"LatMin":21,"LatSec":40,"LatDir":"N","LonDeg":83,"LonMin":13,"LonSec":6,"LonDir":"W","LocAdd":"CR 423 (River Rd.) & I-10 (42626)","LocCity":"MADISON","LocCounty":"MADISON","LocState":"FL","Nepa":"N","QZone":"0        NaN\n1        NaN\n2        NaN\n3        NaN\n4        NaN\n        ... \n24924    NaN\n24925    NaN\n24926    NaN\n24927    NaN\n24928    NaN\nName: 36, Length: 24929, dtype: object","TowReg":1044477,"SupStruc":100.59999999999999,"AllStruc":104.2,"StrucType":"GTOWER","LicStatus":"A","latdec":30.361111111100001,"londec":-83.218333333299995,"url":"http://wireless2.fcc.gov/UlsApp/UlsSearch/licenseLocSum.jsp?licKey=13001"}},{"type":"Feature","id":684,"geometry":{"type":"Point","coordinates":[-86.801472223261953,30.690361111279344]},"properties":{"FID":684,"OBJECTID":18027,"UniqSysID":13039,"Licensee":"NEW CINGULAR WIRELESS PCS, LLC","Callsign":"KNKA696","LocNum":5,"LatDeg":30,"LatMin":41,"LatSec":25.300000000000001,"LatDir":"N","LonDeg":86,"LonMin":48,"LonSec":5.2999999999999998,"LonDir":"W","LocAdd":"12375 HWY 90 WEST  (7404)","LocCity":"HOLT","LocCounty":"SANTA ROSA","LocState":"FL","Nepa":"N","QZone":"0        NaN\n1        NaN\n2        NaN\n3        NaN\n4        NaN\n        ... \n24924    NaN\n24925    NaN\n24926    NaN\n24927    NaN\n24928    NaN\nName: 36, Length: 24929, dtype: object","TowReg":1030492,"SupStruc":91.400000000000006,"AllStruc":91.400000000000006,"StrucType":"GTOWER","LicStatus":"A","latdec":30.6903611111,"londec":-86.801472222200005,"url":"http://wireless2.fcc.gov/UlsApp/UlsSearch/licenseLocSum.jsp?licKey=13039"}},{"type":"Feature","id":685,"geometry":{"type":"Point","coordinates":[-87.196472221794636,30.889111111361217]},"properties":{"FID":685,"OBJECTID":18028,"UniqSysID":13039,"Licensee":"NEW CINGULAR WIRELESS PCS, LLC","Callsign":"KNKA696","LocNum":11,"LatDeg":30,"LatMin":53,"LatSec":20.800000000000001,"LatDir":"N","LonDeg":87,"LonMin":11,"LonSec":47.299999999999997,"LonDir":"W","LocAdd":"3451 Farish Road  (7364)","LocCity":"Jay","LocCounty":"SANTA ROSA","LocState":"FL","Nepa":"N","QZone":"0        NaN\n1        NaN\n2        NaN\n3        NaN\n4        NaN\n        ... \n24924    NaN\n24925    NaN\n24926    NaN\n24927    NaN\n24928    NaN\nName: 36, Length: 24929, dtype: object","TowReg":1030491,"SupStruc":91.400000000000006,"AllStruc":93.599999999999994,"StrucType":"GTOWER","LicStatus":"A","latdec":30.8891111111,"londec":-87.196472222200001,"url":"http://wireless2.fcc.gov/UlsApp/UlsSearch/licenseLocSum.jsp?licKey=13039"}},{"type":"Feature","id":686,"geometry":{"type":"Point","coordinates":[-87.17294444439159,30.32819444531691]},"properties":{"FID":686,"OBJECTID":18029,"UniqSysID":13039,"Licensee":"NEW CINGULAR WIRELESS PCS, LLC","Callsign":"KNKA696","LocNum":12,"LatDeg":30,"LatMin":19,"LatSec":41.5,"LatDir":"N","LonDeg":87,"LonMin":10,"LonSec":22.600000000000001,"LonDir":"W","LocAdd":"1200 FORT PICKENS ROAD (7360)","LocCity":"Gulf Breeze","LocCounty":"ESCAMBIA","LocState":"FL","Nepa":"N","QZone":"0        NaN\n1        NaN\n2        NaN\n3        NaN\n4        NaN\n        ... \n24924    NaN\n24925    NaN\n24926    NaN\n24927    NaN\n24928    NaN\nName: 36, Length: 24929, dtype: object","TowReg":0,"SupStruc":49.100000000000001,"AllStruc":51.200000000000003,"StrucType":"B","LicStatus":"A","latdec":30.328194444400001,"londec":-87.172944444400002,"url":"http://wireless2.fcc.gov/UlsApp/UlsSearch/licenseLocSum.jsp?licKey=13039"}},{"type":"Feature","id":687,"geometry":{"type":"Point","coordinates":[-86.866333332925137,30.851972221616506]},"properties":{"FID":687,"OBJECTID":18030,"UniqSysID":13039,"Licensee":"NEW CINGULAR WIRELESS PCS, LLC","Callsign":"KNKA696","LocNum":19,"LatDeg":30,"LatMin":51,"LatSec":7.0999999999999996,"LatDir":"N","LonDeg":86,"LonMin":51,"LonSec":58.799999999999997,"LonDir":"W","LocAdd":"10723 CHARLES MCCRANIE ROAD  (7395)","LocCity":"MILTON","LocCounty":"SANTA ROSA","LocState":"FL","Nepa":"N","QZone":"0        NaN\n1        NaN\n2        NaN\n3        NaN\n4        NaN\n        ... \n24924    NaN\n24925    NaN\n24926    NaN\n24927    NaN\n24928    NaN\nName: 36, Length: 24929, dtype: object","TowReg":1274743,"SupStruc":56.399999999999999,"AllStruc":56.700000000000003,"StrucType":"LTOWER","LicStatus":"A","latdec":30.851972222200001,"londec":-86.866333333300005,"url":"http://wireless2.fcc.gov/UlsApp/UlsSearch/licenseLocSum.jsp?licKey=13039"}},{"type":"Feature","id":688,"geometry":{"type":"Point","coordinates":[-87.415000000053794,30.323611111066441]},"properties":{"FID":688,"OBJECTID":18031,"UniqSysID":13039,"Licensee":"NEW CINGULAR WIRELESS PCS, LLC","Callsign":"KNKA696","LocNum":22,"LatDeg":30,"LatMin":19,"LatSec":25,"LatDir":"N","LonDeg":87,"LonMin":24,"LonSec":54,"LonDir":"W","LocAdd":"13159 SORRENTO ROAD  (7361)","LocCity":"Pensacola","LocCounty":"ESCAMBIA","LocState":"FL","Nepa":"N","QZone":"0        NaN\n1        NaN\n2        NaN\n3        NaN\n4        NaN\n        ... \n24924    NaN\n24925    NaN\n24926    NaN\n24927    NaN\n24928    NaN\nName: 36, Length: 24929, dtype: object","TowReg":1039194,"SupStruc":67.099999999999994,"AllStruc":71,"StrucType":"LTOWER","LicStatus":"A","latdec":30.3236111111,"londec":-87.415000000000006,"url":"http://wireless2.fcc.gov/UlsApp/UlsSearch/licenseLocSum.jsp?licKey=13039"}},{"type":"Feature","id":689,"geometry":{"type":"Point","coordinates":[-86.871916666944912,30.405527777683346]},"properties":{"FID":689,"OBJECTID":18032,"UniqSysID":13039,"Licensee":"NEW CINGULAR WIRELESS PCS, LLC","Callsign":"KNKA696","LocNum":23,"LatDeg":30,"LatMin":24,"LatSec":19.899999999999999,"LatDir":"N","LonDeg":86,"LonMin":52,"LonSec":18.899999999999999,"LonDir":"W","LocAdd":"8389 MONTALBAN ST  (7383)","LocCity":"NAVARRE","LocCounty":"SANTA ROSA","LocState":"FL","Nepa":"N","QZone":"0        NaN\n1        NaN\n2        NaN\n3        NaN\n4        NaN\n        ... \n24924    NaN\n24925    NaN\n24926    NaN\n24927    NaN\n24928    NaN\nName: 36, Length: 24929, dtype: object","TowReg":1047556,"SupStruc":56.100000000000001,"AllStruc":57.299999999999997,"StrucType":"LTOWER","LicStatus":"A","latdec":30.4055277778,"londec":-86.871916666700002,"url":"http://wireless2.fcc.gov/UlsApp/UlsSearch/licenseLocSum.jsp?licKey=13039"}},{"type":"Feature","id":690,"geometry":{"type":"Point","coordinates":[-87.485861111111547,30.28761111116836]},"properties":{"FID":690,"OBJECTID":18033,"UniqSysID":13039,"Licensee":"NEW CINGULAR WIRELESS PCS, LLC","Callsign":"KNKA696","LocNum":25,"LatDeg":30,"LatMin":17,"LatSec":15.4,"LatDir":"N","LonDeg":87,"LonMin":29,"LonSec":9.0999999999999996,"LonDir":"W","LocAdd":"16281 Perdido Key Drive (14506)","LocCity":"Pensacola","LocCounty":"ESCAMBIA","LocState":"FL","Nepa":"N","QZone":"0        NaN\n1        NaN\n2        NaN\n3        NaN\n4        NaN\n        ... \n24924    NaN\n24925    NaN\n24926    NaN\n24927    NaN\n24928    NaN\nName: 36, Length: 24929, dtype: object","TowReg":0,"SupStruc":47.799999999999997,"AllStruc":56.100000000000001,"StrucType":"B","LicStatus":"A","latdec":30.287611111099999,"londec":-87.485861111099993,"url":"http://wireless2.fcc.gov/UlsApp/UlsSearch/licenseLocSum.jsp?licKey=13039"}},{"type":"Feature","id":691,"geometry":{"type":"Point","coordinates":[-87.406555556108742,30.536305555960723]},"properties":{"FID":691,"OBJECTID":18034,"UniqSysID":13039,"Licensee":"NEW CINGULAR WIRELESS PCS, LLC","Callsign":"KNKA696","LocNum":26,"LatDeg":30,"LatMin":32,"LatSec":10.699999999999999,"LatDir":"N","LonDeg":87,"LonMin":24,"LonSec":23.600000000000001,"LonDir":"W","LocAdd":"9525 Tower Ridge Road  (15362)","LocCity":"Pensacola","LocCounty":"ESCAMBIA","LocState":"FL","Nepa":"N","QZone":"0        NaN\n1        NaN\n2        NaN\n3        NaN\n4        NaN\n        ... \n24924    NaN\n24925    NaN\n24926    NaN\n24927    NaN\n24928    NaN\nName: 36, Length: 24929, dtype: object","TowReg":1032477,"SupStruc":88.700000000000003,"AllStruc":90.5,"StrucType":"LTOWER","LicStatus":"A","latdec":30.536305555599998,"londec":-87.406555555599994,"url":"http://wireless2.fcc.gov/UlsApp/UlsSearch/licenseLocSum.jsp?licKey=13039"}},{"type":"Feature","id":692,"geometry":{"type":"Point","coordinates":[-87.054833332794658,30.924277778178237]},"properties":{"FID":692,"OBJECTID":18035,"UniqSysID":13039,"Licensee":"NEW CINGULAR WIRELESS PCS, LLC","Callsign":"KNKA696","LocNum":27,"LatDeg":30,"LatMin":55,"LatSec":27.399999999999999,"LatDir":"N","LonDeg":87,"LonMin":3,"LonSec":17.399999999999999,"LonDir":"W","LocAdd":"6299 HIGHWAY 4  (86132)","LocCity":"Jay","LocCounty":"SANTA ROSA","LocState":"FL","Nepa":"N","QZone":"0        NaN\n1        NaN\n2        NaN\n3        NaN\n4        NaN\n        ... \n24924    NaN\n24925    NaN\n24926    NaN\n24927    NaN\n24928    NaN\nName: 36, Length: 24929, dtype: object","TowReg":1039203,"SupStruc":141.09999999999999,"AllStruc":146,"StrucType":"GTOWER","LicStatus":"A","latdec":30.9242777778,"londec":-87.054833333299996,"url":"http://wireless2.fcc.gov/UlsApp/UlsSearch/licenseLocSum.jsp?licKey=13039"}},{"type":"Feature","id":693,"geometry":{"type":"Point","coordinates":[-86.710166667266606,30.8220555551963]},"properties":{"FID":693,"OBJECTID":18036,"UniqSysID":13039,"Licensee":"NEW CINGULAR WIRELESS PCS, LLC","Callsign":"KNKA696","LocNum":28,"LatDeg":30,"LatMin":49,"LatSec":19.399999999999999,"LatDir":"N","LonDeg":86,"LonMin":42,"LonSec":36.600000000000001,"LonDir":"W","LocAdd":"957 Hwy C4a  (7407)","LocCity":"Baker","LocCounty":"OKALOOSA","LocState":"FL","Nepa":"N","QZone":"0        NaN\n1        NaN\n2        NaN\n3        NaN\n4        NaN\n        ... \n24924    NaN\n24925    NaN\n24926    NaN\n24927    NaN\n24928    NaN\nName: 36, Length: 24929, dtype: object","TowReg":1030495,"SupStruc":116.09999999999999,"AllStruc":118.59999999999999,"StrucType":"GTOWER","LicStatus":"A","latdec":30.822055555599999,"londec":-86.710166666700005,"url":"http://wireless2.fcc.gov/UlsApp/UlsSearch/licenseLocSum.jsp?licKey=13039"}},{"type":"Feature","id":694,"geometry":{"type":"Point","coordinates":[-87.395555556097236,30.579166667230652]},"properties":{"FID":694,"OBJECTID":18037,"UniqSysID":13039,"Licensee":"NEW CINGULAR WIRELESS PCS, LLC","Callsign":"KNKA696","LocNum":29,"LatDeg":30,"LatMin":34,"LatSec":45,"LatDir":"N","LonDeg":87,"LonMin":23,"LonSec":44,"LonDir":"W","LocAdd":"13012 BEULAH ROAD  (7398)","LocCity":"CANTONMENT","LocCounty":"ESCAMBIA","LocState":"FL","Nepa":"N","QZone":"0        NaN\n1        NaN\n2        NaN\n3        NaN\n4        NaN\n        ... \n24924    NaN\n24925    NaN\n24926    NaN\n24927    NaN\n24928    NaN\nName: 36, Length: 24929, dtype: object","TowReg":1032441,"SupStruc":76.200000000000003,"AllStruc":78,"StrucType":"GTOWER","LicStatus":"A","latdec":30.579166666700001,"londec":-87.395555555599998,"url":"http://wireless2.fcc.gov/UlsApp/UlsSearch/licenseLocSum.jsp?licKey=13039"}},{"type":"Feature","id":695,"geometry":{"type":"Point","coordinates":[-86.912138889199866,30.467999999794642]},"properties":{"FID":695,"OBJECTID":18038,"UniqSysID":13039,"Licensee":"NEW CINGULAR WIRELESS PCS, LLC","Callsign":"KNKA696","LocNum":30,"LatDeg":30,"LatMin":28,"LatSec":4.7999999999999998,"LatDir":"N","LonDeg":86,"LonMin":54,"LonSec":43.700000000000003,"LonDir":"W","LocAdd":"4391 HIGHWAY 87  (7369)","LocCity":"Navarre","LocCounty":"SANTA ROSA","LocState":"FL","Nepa":"N","QZone":"0        NaN\n1        NaN\n2        NaN\n3        NaN\n4        NaN\n        ... \n24924    NaN\n24925    NaN\n24926    NaN\n24927    NaN\n24928    NaN\nName: 36, Length: 24929, dtype: object","TowReg":1039195,"SupStruc":122.8,"AllStruc":127.7,"StrucType":"GTOWER","LicStatus":"A","latdec":30.468,"londec":-86.912138888900003,"url":"http://wireless2.fcc.gov/UlsApp/UlsSearch/licenseLocSum.jsp?licKey=13039"}},{"type":"Feature","id":696,"geometry":{"type":"Point","coordinates":[-87.428333332693114,30.918250000242949]},"properties":{"FID":696,"OBJECTID":18039,"UniqSysID":13039,"Licensee":"NEW CINGULAR WIRELESS PCS, LLC","Callsign":"KNKA696","LocNum":33,"LatDeg":30,"LatMin":55,"LatSec":5.7000000000000002,"LatDir":"N","LonDeg":87,"LonMin":25,"LonSec":42,"LonDir":"W","LocAdd":"2100 Russell Road (86442)","LocCity":"McDavid","LocCounty":"ESCAMBIA","LocState":"FL","Nepa":"N","QZone":"0        NaN\n1        NaN\n2        NaN\n3        NaN\n4        NaN\n        ... \n24924    NaN\n24925    NaN\n24926    NaN\n24927    NaN\n24928    NaN\nName: 36, Length: 24929, dtype: object","TowReg":1253584,"SupStruc":76.200000000000003,"AllStruc":77.700000000000003,"StrucType":"LTOWER","LicStatus":"A","latdec":30.91825,"londec":-87.428333333300003,"url":"http://wireless2.fcc.gov/UlsApp/UlsSearch/licenseLocSum.jsp?licKey=13039"}},{"type":"Feature","id":697,"geometry":{"type":"Point","coordinates":[-87.136666667057,30.332500000007258]},"properties":{"FID":697,"OBJECTID":18040,"UniqSysID":13039,"Licensee":"NEW CINGULAR WIRELESS PCS, LLC","Callsign":"KNKA696","LocNum":34,"LatDeg":30,"LatMin":19,"LatSec":57,"LatDir":"N","LonDeg":87,"LonMin":8,"LonSec":12,"LonDir":"W","LocAdd":"12 Via De Luna  (136826)","LocCity":"Pensacola Beach","LocCounty":"ESCAMBIA","LocState":"FL","Nepa":"N","QZone":"0        NaN\n1        NaN\n2        NaN\n3        NaN\n4        NaN\n        ... \n24924    NaN\n24925    NaN\n24926    NaN\n24927    NaN\n24928    NaN\nName: 36, Length: 24929, dtype: object","TowReg":0,"SupStruc":62.200000000000003,"AllStruc":62.200000000000003,"StrucType":"B","LicStatus":"A","latdec":30.3325,"londec":-87.136666666699995,"url":"http://wireless2.fcc.gov/UlsApp/UlsSearch/licenseLocSum.jsp?licKey=13039"}},{"type":"Feature","id":698,"geometry":{"type":"Point","coordinates":[-82.200944444608524,29.869138888733346]},"properties":{"FID":698,"OBJECTID":18437,"UniqSysID":13066,"Licensee":"ALLTEL Corporation","Callsign":"KNKA682","LocNum":1,"LatDeg":29,"LatMin":52,"LatSec":8.9000000000000004,"LatDir":"N","LonDeg":82,"LonMin":12,"LonSec":3.3999999999999999,"LonDir":"W","LocAdd":"STATE ROAD 18, SOUTH OF STATE ROAD 227 5.6 WEST OF HAMPTON","LocCity":"HAMPTON","LocCounty":"BRADFORD","LocState":"FL","Nepa":"N","QZone":"0        NaN\n1        NaN\n2        NaN\n3        NaN\n4        NaN\n        ... \n24924    NaN\n24925    NaN\n24926    NaN\n24927    NaN\n24928    NaN\nName: 36, Length: 24929, dtype: object","TowReg":0,"SupStruc":0,"AllStruc":0,"StrucType":" ","LicStatus":"A","latdec":29.8691388889,"londec":-82.200944444399994,"url":"http://wireless2.fcc.gov/UlsApp/UlsSearch/licenseLocSum.jsp?licKey=13066"}},{"type":"Feature","id":699,"geometry":{"type":"Point","coordinates":[-82.584833333207143,29.632722222113614]},"properties":{"FID":699,"OBJECTID":18438,"UniqSysID":13066,"Licensee":"ALLTEL Corporation","Callsign":"KNKA682","LocNum":3,"LatDeg":29,"LatMin":37,"LatSec":57.799999999999997,"LatDir":"N","LonDeg":82,"LonMin":35,"LonSec":5.4000000000000004,"LonDir":"W","LocAdd":"APPROX 1 MI. S OF US HWY 41 & SR 26, 1 MI E OF NEWBERRY","LocCity":"NEWBERRY","LocCounty":"ALACHUA","LocState":"FL","Nepa":"N","QZone":"0        NaN\n1        NaN\n2        NaN\n3        NaN\n4        NaN\n        ... \n24924    NaN\n24925    NaN\n24926    NaN\n24927    NaN\n24928    NaN\nName: 36, Length: 24929, dtype: object","TowReg":1026086,"SupStruc":121.90000000000001,"AllStruc":128,"StrucType":"TOWER","LicStatus":"A","latdec":29.632722222200002,"londec":-82.584833333299997,"url":"http://wireless2.fcc.gov/UlsApp/UlsSearch/licenseLocSum.jsp?licKey=13066"}},{"type":"Feature","id":700,"geometry":{"type":"Point","coordinates":[-81.979249999869921,29.634416665799051]},"properties":{"FID":700,"OBJECTID":18439,"UniqSysID":13066,"Licensee":"ALLTEL Corporation","Callsign":"KNKA682","LocNum":4,"LatDeg":29,"LatMin":38,"LatSec":3.8999999999999999,"LatDir":"N","LonDeg":81,"LonMin":58,"LonSec":45.299999999999997,"LonDir":"W","LocAdd":"409 BADDEN POWELL ROAD","LocCity":"HAWTHORNE","LocCounty":"PUTNAM","LocState":"FL","Nepa":"N","QZone":"0        NaN\n1        NaN\n2        NaN\n3        NaN\n4        NaN\n        ... \n24924    NaN\n24925    NaN\n24926    NaN\n24927    NaN\n24928    NaN\nName: 36, Length: 24929, dtype: object","TowReg":0,"SupStruc":0,"AllStruc":0,"StrucType":" ","LicStatus":"A","latdec":29.634416666700002,"londec":-81.979249999999993,"url":"http://wireless2.fcc.gov/UlsApp/UlsSearch/licenseLocSum.jsp?licKey=13066"}},{"type":"Feature","id":701,"geometry":{"type":"Point","coordinates":[-82.229277776691958,30.063861110940138]},"properties":{"FID":701,"OBJECTID":18440,"UniqSysID":13066,"Licensee":"ALLTEL Corporation","Callsign":"KNKA682","LocNum":5,"LatDeg":30,"LatMin":3,"LatSec":49.899999999999999,"LatDir":"N","LonDeg":82,"LonMin":13,"LonSec":45.399999999999999,"LonDir":"W","LocAdd":"SOUTHWEST SIDE OF INTERSECTION OF SAPP ROAD & HWY 121","LocCity":"RAIFORD","LocCounty":"UNION","LocState":"FL","Nepa":"N","QZone":"0        NaN\n1        NaN\n2        NaN\n3        NaN\n4        NaN\n        ... \n24924    NaN\n24925    NaN\n24926    NaN\n24927    NaN\n24928    NaN\nName: 36, Length: 24929, dtype: object","TowReg":0,"SupStruc":0,"AllStruc":0,"StrucType":" ","LicStatus":"A","latdec":30.0638611111,"londec":-82.229277777799993,"url":"http://wireless2.fcc.gov/UlsApp/UlsSearch/licenseLocSum.jsp?licKey=13066"}},{"type":"Feature","id":702,"geometry":{"type":"Point","coordinates":[-82.093166666301215,29.963027777820514]},"properties":{"FID":702,"OBJECTID":18441,"UniqSysID":13066,"Licensee":"ALLTEL Corporation","Callsign":"KNKA682","LocNum":6,"LatDeg":29,"LatMin":57,"LatSec":46.899999999999999,"LatDir":"N","LonDeg":82,"LonMin":5,"LonSec":35.399999999999999,"LonDir":"W","LocAdd":"1250 East Market Road","LocCity":"Starke","LocCounty":"BRADFORD","LocState":"FL","Nepa":"N","QZone":"0        NaN\n1        NaN\n2        NaN\n3        NaN\n4        NaN\n        ... \n24924    NaN\n24925    NaN\n24926    NaN\n24927    NaN\n24928    NaN\nName: 36, Length: 24929, dtype: object","TowReg":0,"SupStruc":152.40000000000001,"AllStruc":0,"StrucType":" ","LicStatus":"A","latdec":29.963027777800001,"londec":-82.0931666667,"url":"http://wireless2.fcc.gov/UlsApp/UlsSearch/licenseLocSum.jsp?licKey=13066"}},{"type":"Feature","id":703,"geometry":{"type":"Point","coordinates":[-82.075083332595284,29.590527778144065]},"properties":{"FID":703,"OBJECTID":18442,"UniqSysID":13066,"Licensee":"ALLTEL Corporation","Callsign":"KNKA682","LocNum":8,"LatDeg":29,"LatMin":35,"LatSec":25.899999999999999,"LatDir":"N","LonDeg":82,"LonMin":4,"LonSec":30.300000000000001,"LonDir":"W","LocAdd":"23100 SE 65 Lane, Hawthorne, Florida 32640","LocCity":"Hawthorne","LocCounty":"ALACHUA","LocState":"FL","Nepa":"N","QZone":"0        NaN\n1        NaN\n2        NaN\n3        NaN\n4        NaN\n        ... \n24924    NaN\n24925    NaN\n24926    NaN\n24927    NaN\n24928    NaN\nName: 36, Length: 24929, dtype: object","TowReg":0,"SupStruc":91.400000000000006,"AllStruc":0,"StrucType":" ","LicStatus":"A","latdec":29.590527777799998,"londec":-82.0750833333,"url":"http://wireless2.fcc.gov/UlsApp/UlsSearch/licenseLocSum.jsp?licKey=13066"}},{"type":"Feature","id":704,"geometry":{"type":"Point","coordinates":[-82.574444443608854,29.859444444223072]},"properties":{"FID":704,"OBJECTID":18443,"UniqSysID":13066,"Licensee":"ALLTEL Corporation","Callsign":"KNKA682","LocNum":9,"LatDeg":29,"LatMin":51,"LatSec":34,"LatDir":"N","LonDeg":82,"LonMin":34,"LonSec":28,"LonDir":"W","LocAdd":"22230 NW 215TH TER","LocCity":"HIGH SPRINGS","LocCounty":"ALACHUA","LocState":"FL","Nepa":"N","QZone":"0        NaN\n1        NaN\n2        NaN\n3        NaN\n4        NaN\n        ... \n24924    NaN\n24925    NaN\n24926    NaN\n24927    NaN\n24928    NaN\nName: 36, Length: 24929, dtype: object","TowReg":1021690,"SupStruc":91.400000000000006,"AllStruc":97.5,"StrucType":"TOWER","LicStatus":"A","latdec":29.859444444400001,"londec":-82.574444444400001,"url":"http://wireless2.fcc.gov/UlsApp/UlsSearch/licenseLocSum.jsp?licKey=13066"}},{"type":"Feature","id":705,"geometry":{"type":"Point","coordinates":[-82.07444444357867,30.055583332784408]},"properties":{"FID":705,"OBJECTID":18444,"UniqSysID":13066,"Licensee":"ALLTEL Corporation","Callsign":"KNKA682","LocNum":12,"LatDeg":30,"LatMin":3,"LatSec":20.100000000000001,"LatDir":"N","LonDeg":82,"LonMin":4,"LonSec":28,"LonDir":"W","LocAdd":"1738 NW COUNTY ROAD 125","LocCity":"LAWTEY","LocCounty":"BRADFORD","LocState":"FL","Nepa":"N","QZone":"0        NaN\n1        NaN\n2        NaN\n3        NaN\n4        NaN\n        ... \n24924    NaN\n24925    NaN\n24926    NaN\n24927    NaN\n24928    NaN\nName: 36, Length: 24929, dtype: object","TowReg":1047639,"SupStruc":76.200000000000003,"AllStruc":82.299999999999997,"StrucType":"MAST","LicStatus":"A","latdec":30.0555833333,"londec":-82.074444444400001,"url":"http://wireless2.fcc.gov/UlsApp/UlsSearch/licenseLocSum.jsp?licKey=13066"}},{"type":"Feature","id":706,"geometry":{"type":"Point","coordinates":[-82.450805556097635,29.587583333238229]},"properties":{"FID":706,"OBJECTID":18445,"UniqSysID":13066,"Licensee":"ALLTEL Corporation","Callsign":"KNKA682","LocNum":13,"LatDeg":29,"LatMin":35,"LatSec":15.300000000000001,"LatDir":"N","LonDeg":82,"LonMin":27,"LonSec":2.8999999999999999,"LonDir":"W","LocAdd":"10100 Blk of WS 72nd Avenue","LocCity":"Gainesville","LocCounty":"ALACHUA","LocState":"FL","Nepa":"N","QZone":"0        NaN\n1        NaN\n2        NaN\n3        NaN\n4        NaN\n        ... \n24924    NaN\n24925    NaN\n24926    NaN\n24927    NaN\n24928    NaN\nName: 36, Length: 24929, dtype: object","TowReg":1200702,"SupStruc":77.400000000000006,"AllStruc":78.299999999999997,"StrucType":"MAST","LicStatus":"A","latdec":29.5875833333,"londec":-82.450805555599999,"url":"http://wireless2.fcc.gov/UlsApp/UlsSearch/licenseLocSum.jsp?licKey=13066"}},{"type":"Feature","id":707,"geometry":{"type":"Point","coordinates":[-80.621555556399414,27.818444443662997]},"properties":{"FID":707,"OBJECTID":20502,"UniqSysID":13213,"Licensee":"Florida RSA No. 2B (Indian River) Limited Partnership","Callsign":"KNKQ421","LocNum":1,"LatDeg":27,"LatMin":49,"LatSec":6.4000000000000004,"LatDir":"N","LonDeg":80,"LonMin":37,"LonSec":17.600000000000001,"LonDir":"W","LocAdd":"14195 122nd Street (6593)","LocCity":"Fellsmere","LocCounty":"INDIAN RIVER","LocState":"FL","Nepa":"N","QZone":"0        NaN\n1        NaN\n2        NaN\n3        NaN\n4        NaN\n        ... \n24924    NaN\n24925    NaN\n24926    NaN\n24927    NaN\n24928    NaN\nName: 36, Length: 24929, dtype: object","TowReg":1220830,"SupStruc":91.400000000000006,"AllStruc":96,"StrucType":"GTOWER","LicStatus":"A","latdec":27.818444444400001,"londec":-80.621555555599997,"url":"http://wireless2.fcc.gov/UlsApp/UlsSearch/licenseLocSum.jsp?licKey=13213"}},{"type":"Feature","id":708,"geometry":{"type":"Point","coordinates":[-80.862277777719726,27.624222222385413]},"properties":{"FID":708,"OBJECTID":20503,"UniqSysID":13213,"Licensee":"Florida RSA No. 2B (Indian River) Limited Partnership","Callsign":"KNKQ421","LocNum":2,"LatDeg":27,"LatMin":37,"LatSec":27.199999999999999,"LatDir":"N","LonDeg":80,"LonMin":51,"LonSec":44.200000000000003,"LonDir":"W","LocAdd":"42450 Hwy 441 N (7249)","LocCity":"Okeechobee","LocCounty":"OKEECHOBEE","LocState":"FL","Nepa":"N","QZone":"0        NaN\n1        NaN\n2        NaN\n3        NaN\n4        NaN\n        ... \n24924    NaN\n24925    NaN\n24926    NaN\n24927    NaN\n24928    NaN\nName: 36, Length: 24929, dtype: object","TowReg":1226262,"SupStruc":76.799999999999997,"AllStruc":80.200000000000003,"StrucType":"LTOWER","LicStatus":"A","latdec":27.6242222222,"londec":-80.862277777800003,"url":"http://wireless2.fcc.gov/UlsApp/UlsSearch/licenseLocSum.jsp?licKey=13213"}},{"type":"Feature","id":709,"geometry":{"type":"Point","coordinates":[-81.26255555641302,27.449888889206079]},"properties":{"FID":709,"OBJECTID":20504,"UniqSysID":13213,"Licensee":"Florida RSA No. 2B (Indian River) Limited Partnership","Callsign":"KNKQ421","LocNum":17,"LatDeg":27,"LatMin":26,"LatSec":59.600000000000001,"LatDir":"N","LonDeg":81,"LonMin":15,"LonSec":45.200000000000003,"LonDir":"W","LocAdd":"749 ARBUCKLE CREEK ROAD (93254)","LocCity":"LORIDA","LocCounty":"HIGHLANDS","LocState":"FL","Nepa":"N","QZone":"0        NaN\n1        NaN\n2        NaN\n3        NaN\n4        NaN\n        ... \n24924    NaN\n24925    NaN\n24926    NaN\n24927    NaN\n24928    NaN\nName: 36, Length: 24929, dtype: object","TowReg":1220732,"SupStruc":85.700000000000003,"AllStruc":88.700000000000003,"StrucType":"LTOWER","LicStatus":"A","latdec":27.449888888899999,"londec":-81.262555555600002,"url":"http://wireless2.fcc.gov/UlsApp/UlsSearch/licenseLocSum.jsp?licKey=13213"}},{"type":"Feature","id":710,"geometry":{"type":"Point","coordinates":[-80.401333332732122,27.590277777766914]},"properties":{"FID":710,"OBJECTID":20505,"UniqSysID":13213,"Licensee":"Florida RSA No. 2B (Indian River) Limited Partnership","Callsign":"KNKQ421","LocNum":7,"LatDeg":27,"LatMin":35,"LatSec":25,"LatDir":"N","LonDeg":80,"LonMin":24,"LonSec":4.7999999999999998,"LonDir":"W","LocAdd":"1550 9th Street SW (85472)","LocCity":"Vero Beach","LocCounty":"INDIAN RIVER","LocState":"FL","Nepa":"N","QZone":"0        NaN\n1        NaN\n2        NaN\n3        NaN\n4        NaN\n        ... \n24924    NaN\n24925    NaN\n24926    NaN\n24927    NaN\n24928    NaN\nName: 36, Length: 24929, dtype: object","TowReg":0,"SupStruc":45.399999999999999,"AllStruc":45.399999999999999,"StrucType":"MTOWER","LicStatus":"A","latdec":27.590277777800001,"londec":-80.401333333300002,"url":"http://wireless2.fcc.gov/UlsApp/UlsSearch/licenseLocSum.jsp?licKey=13213"}},{"type":"Feature","id":711,"geometry":{"type":"Point","coordinates":[-80.426249999887546,27.708888889260038]},"properties":{"FID":711,"OBJECTID":20506,"UniqSysID":13213,"Licensee":"Florida RSA No. 2B (Indian River) Limited Partnership","Callsign":"KNKQ421","LocNum":8,"LatDeg":27,"LatMin":42,"LatSec":32,"LatDir":"N","LonDeg":80,"LonMin":25,"LonSec":34.5,"LonDir":"W","LocAdd":"3925 65TH STREET (71362)","LocCity":"VERO BEACH","LocCounty":"INDIAN RIVER","LocState":"FL","Nepa":"N","QZone":"0        NaN\n1        NaN\n2        NaN\n3        NaN\n4        NaN\n        ... \n24924    NaN\n24925    NaN\n24926    NaN\n24927    NaN\n24928    NaN\nName: 36, Length: 24929, dtype: object","TowReg":1030843,"SupStruc":108.5,"AllStruc":115,"StrucType":"GTOWER","LicStatus":"A","latdec":27.708888888899999,"londec":-80.426249999999996,"url":"http://wireless2.fcc.gov/UlsApp/UlsSearch/licenseLocSum.jsp?licKey=13213"}},{"type":"Feature","id":712,"geometry":{"type":"Point","coordinates":[-80.805500000037114,27.672027778267307]},"properties":{"FID":712,"OBJECTID":20507,"UniqSysID":13213,"Licensee":"Florida RSA No. 2B (Indian River) Limited Partnership","Callsign":"KNKQ421","LocNum":9,"LatDeg":27,"LatMin":40,"LatSec":19.300000000000001,"LatDir":"N","LonDeg":80,"LonMin":48,"LonSec":19.800000000000001,"LonDir":"W","LocAdd":"23200 STATE ROAD 60 (71363)","LocCity":"VERO BEACH","LocCounty":"INDIAN RIVER","LocState":"FL","Nepa":"N","QZone":"0        NaN\n1        NaN\n2        NaN\n3        NaN\n4        NaN\n        ... \n24924    NaN\n24925    NaN\n24926    NaN\n24927    NaN\n24928    NaN\nName: 36, Length: 24929, dtype: object","TowReg":1030158,"SupStruc":88.400000000000006,"AllStruc":93,"StrucType":"LTOWER","LicStatus":"A","latdec":27.6720277778,"londec":-80.805499999999995,"url":"http://wireless2.fcc.gov/UlsApp/UlsSearch/licenseLocSum.jsp?licKey=13213"}},{"type":"Feature","id":713,"geometry":{"type":"Point","coordinates":[-80.377749999918649,27.633416666919516]},"properties":{"FID":713,"OBJECTID":20508,"UniqSysID":13213,"Licensee":"Florida RSA No. 2B (Indian River) Limited Partnership","Callsign":"KNKQ421","LocNum":10,"LatDeg":27,"LatMin":38,"LatSec":0.29999999999999999,"LatDir":"N","LonDeg":80,"LonMin":22,"LonSec":39.899999999999999,"LonDir":"W","LocAdd":"100 17TH STREET (71364)","LocCity":"VERO BEACH","LocCounty":"INDIAN RIVER","LocState":"FL","Nepa":"N","QZone":"0        NaN\n1        NaN\n2        NaN\n3        NaN\n4        NaN\n        ... \n24924    NaN\n24925    NaN\n24926    NaN\n24927    NaN\n24928    NaN\nName: 36, Length: 24929, dtype: object","TowReg":1030842,"SupStruc":61,"AllStruc":62.5,"StrucType":"BTWR","LicStatus":"A","latdec":27.633416666700001,"londec":-80.377750000000006,"url":"http://wireless2.fcc.gov/UlsApp/UlsSearch/licenseLocSum.jsp?licKey=13213"}},{"type":"Feature","id":714,"geometry":{"type":"Point","coordinates":[-80.474055555429175,27.81872222194886]},"properties":{"FID":714,"OBJECTID":20509,"UniqSysID":13213,"Licensee":"Florida RSA No. 2B (Indian River) Limited Partnership","Callsign":"KNKQ421","LocNum":11,"LatDeg":27,"LatMin":49,"LatSec":7.4000000000000004,"LatDir":"N","LonDeg":80,"LonMin":28,"LonSec":26.600000000000001,"LonDir":"W","LocAdd":"1201 Main Street (71369)","LocCity":"Sebastian","LocCounty":"INDIAN RIVER","LocState":"FL","Nepa":"N","QZone":"0        NaN\n1        NaN\n2        NaN\n3        NaN\n4        NaN\n        ... \n24924    NaN\n24925    NaN\n24926    NaN\n24927    NaN\n24928    NaN\nName: 36, Length: 24929, dtype: object","TowReg":1222836,"SupStruc":52.700000000000003,"AllStruc":52.700000000000003,"StrucType":"MTOWER","LicStatus":"A","latdec":27.818722222200002,"londec":-80.474055555600003,"url":"http://wireless2.fcc.gov/UlsApp/UlsSearch/licenseLocSum.jsp?licKey=13213"}},{"type":"Feature","id":715,"geometry":{"type":"Point","coordinates":[-80.794666666256944,27.246138889083113]},"properties":{"FID":715,"OBJECTID":20510,"UniqSysID":13213,"Licensee":"Florida RSA No. 2B (Indian River) Limited Partnership","Callsign":"KNKQ421","LocNum":15,"LatDeg":27,"LatMin":14,"LatSec":46.100000000000001,"LatDir":"N","LonDeg":80,"LonMin":47,"LonSec":40.799999999999997,"LonDir":"W","LocAdd":"265 Northeast 34th Avenue (71367)","LocCity":"OKEECHOBEE","LocCounty":"OKEECHOBEE","LocState":"FL","Nepa":"N","QZone":"0        NaN\n1        NaN\n2        NaN\n3        NaN\n4        NaN\n        ... \n24924    NaN\n24925    NaN\n24926    NaN\n24927    NaN\n24928    NaN\nName: 36, Length: 24929, dtype: object","TowReg":1030848,"SupStruc":91.700000000000003,"AllStruc":96.299999999999997,"StrucType":"LTOWER","LicStatus":"A","latdec":27.246138888899999,"londec":-80.794666666699996,"url":"http://wireless2.fcc.gov/UlsApp/UlsSearch/licenseLocSum.jsp?licKey=13213"}},{"type":"Feature","id":716,"geometry":{"type":"Point","coordinates":[-80.928972222215407,27.464611111189413]},"properties":{"FID":716,"OBJECTID":20511,"UniqSysID":13213,"Licensee":"Florida RSA No. 2B (Indian River) Limited Partnership","Callsign":"KNKQ421","LocNum":16,"LatDeg":27,"LatMin":27,"LatSec":52.600000000000001,"LatDir":"N","LonDeg":80,"LonMin":55,"LonSec":44.299999999999997,"LonDir":"W","LocAdd":"10400 NW 240TH STREET (71368)","LocCity":"OKEECHOBEE","LocCounty":"OKEECHOBEE","LocState":"FL","Nepa":"N","QZone":"0        NaN\n1        NaN\n2        NaN\n3        NaN\n4        NaN\n        ... \n24924    NaN\n24925    NaN\n24926    NaN\n24927    NaN\n24928    NaN\nName: 36, Length: 24929, dtype: object","TowReg":1030847,"SupStruc":86.900000000000006,"AllStruc":88.400000000000006,"StrucType":"LTOWER","LicStatus":"A","latdec":27.464611111100002,"londec":-80.928972222200002,"url":"http://wireless2.fcc.gov/UlsApp/UlsSearch/licenseLocSum.jsp?licKey=13213"}},{"type":"Feature","id":717,"geometry":{"type":"Point","coordinates":[-80.338138888975095,27.598888888655097]},"properties":{"FID":717,"OBJECTID":20512,"UniqSysID":13213,"Licensee":"Florida RSA No. 2B (Indian River) Limited Partnership","Callsign":"KNKQ421","LocNum":18,"LatDeg":27,"LatMin":35,"LatSec":56,"LatDir":"N","LonDeg":80,"LonMin":20,"LonSec":17.300000000000001,"LonDir":"W","LocAdd":"100 Harbour Drive (104457)","LocCity":"Vero Beach","LocCounty":"INDIAN RIVER","LocState":"FL","Nepa":"N","QZone":"0        NaN\n1        NaN\n2        NaN\n3        NaN\n4        NaN\n        ... \n24924    NaN\n24925    NaN\n24926    NaN\n24927    NaN\n24928    NaN\nName: 36, Length: 24929, dtype: object","TowReg":0,"SupStruc":27.699999999999999,"AllStruc":27.699999999999999,"StrucType":"MTOWER","LicStatus":"A","latdec":27.598888888899999,"londec":-80.338138888900005,"url":"http://wireless2.fcc.gov/UlsApp/UlsSearch/licenseLocSum.jsp?licKey=13213"}},{"type":"Feature","id":718,"geometry":{"type":"Point","coordinates":[-80.544500000010487,27.584833334030179]},"properties":{"FID":718,"OBJECTID":20513,"UniqSysID":13213,"Licensee":"Florida RSA No. 2B (Indian River) Limited Partnership","Callsign":"KNKQ421","LocNum":19,"LatDeg":27,"LatMin":35,"LatSec":5.4000000000000004,"LatDir":"N","LonDeg":80,"LonMin":32,"LonSec":40.200000000000003,"LonDir":"W","LocAdd":"1100 106TH AVE SW (7251)","LocCity":"VERO BEACH","LocCounty":"INDIAN RIVER","LocState":"FL","Nepa":"N","QZone":"0        NaN\n1        NaN\n2        NaN\n3        NaN\n4        NaN\n        ... \n24924    NaN\n24925    NaN\n24926    NaN\n24927    NaN\n24928    NaN\nName: 36, Length: 24929, dtype: object","TowReg":1001631,"SupStruc":82.900000000000006,"AllStruc":82.900000000000006,"StrucType":"LTOWER","LicStatus":"A","latdec":27.584833333300001,"londec":-80.544499999999999,"url":"http://wireless2.fcc.gov/UlsApp/UlsSearch/licenseLocSum.jsp?licKey=13213"}},{"type":"Feature","id":719,"geometry":{"type":"Point","coordinates":[-80.856861111727994,27.251444445107836]},"properties":{"FID":719,"OBJECTID":20514,"UniqSysID":13213,"Licensee":"Florida RSA No. 2B (Indian River) Limited Partnership","Callsign":"KNKQ421","LocNum":21,"LatDeg":27,"LatMin":15,"LatSec":5.2000000000000002,"LatDir":"N","LonDeg":80,"LonMin":51,"LonSec":24.699999999999999,"LonDir":"W","LocAdd":"2773 NW 8th Street (102510)","LocCity":"Okeechobee","LocCounty":"OKEECHOBEE","LocState":"FL","Nepa":"N","QZone":"0        NaN\n1        NaN\n2        NaN\n3        NaN\n4        NaN\n        ... \n24924    NaN\n24925    NaN\n24926    NaN\n24927    NaN\n24928    NaN\nName: 36, Length: 24929, dtype: object","TowReg":1246836,"SupStruc":45.399999999999999,"AllStruc":45.399999999999999,"StrucType":"MTOWER","LicStatus":"A","latdec":27.251444444400001,"londec":-80.856861111100002,"url":"http://wireless2.fcc.gov/UlsApp/UlsSearch/licenseLocSum.jsp?licKey=13213"}},{"type":"Feature","id":720,"geometry":{"type":"Point","coordinates":[-80.696305556068864,27.557916666351275]},"properties":{"FID":720,"OBJECTID":20515,"UniqSysID":13213,"Licensee":"Florida RSA No. 2B (Indian River) Limited Partnership","Callsign":"KNKQ421","LocNum":22,"LatDeg":27,"LatMin":33,"LatSec":28.5,"LatDir":"N","LonDeg":80,"LonMin":41,"LonSec":46.700000000000003,"LonDir":"W","LocAdd":"27200 NE 49TH AVENUE (7255)","LocCity":"VERO BEACH","LocCounty":"OKEECHOBEE","LocState":"FL","Nepa":"N","QZone":"0        NaN\n1        NaN\n2        NaN\n3        NaN\n4        NaN\n        ... \n24924    NaN\n24925    NaN\n24926    NaN\n24927    NaN\n24928    NaN\nName: 36, Length: 24929, dtype: object","TowReg":1000657,"SupStruc":85.599999999999994,"AllStruc":88.099999999999994,"StrucType":"LTOWER","LicStatus":"A","latdec":27.557916666699999,"londec":-80.696305555600006,"url":"http://wireless2.fcc.gov/UlsApp/UlsSearch/licenseLocSum.jsp?licKey=13213"}},{"type":"Feature","id":721,"geometry":{"type":"Point","coordinates":[-81.716166666562231,28.468250000216301]},"properties":{"FID":721,"OBJECTID":20533,"UniqSysID":13217,"Licensee":"NEW CINGULAR WIRELESS PCS, LLC","Callsign":"KNKN738","LocNum":11,"LatDeg":28,"LatMin":28,"LatSec":5.7000000000000002,"LatDir":"N","LonDeg":81,"LonMin":42,"LonSec":58.200000000000003,"LonDir":"W","LocAdd":"8325 N. BRADSHAW ROAD  (7566)","LocCity":"CLERMONT","LocCounty":"LAKE","LocState":"FL","Nepa":"N","QZone":"0        NaN\n1        NaN\n2        NaN\n3        NaN\n4        NaN\n        ... \n24924    NaN\n24925    NaN\n24926    NaN\n24927    NaN\n24928    NaN\nName: 36, Length: 24929, dtype: object","TowReg":1040927,"SupStruc":92,"AllStruc":97.5,"StrucType":"GTOWER","LicStatus":"A","latdec":28.468250000000001,"londec":-81.716166666700005,"url":"http://wireless2.fcc.gov/UlsApp/UlsSearch/licenseLocSum.jsp?licKey=13217"}},{"type":"Feature","id":722,"geometry":{"type":"Point","coordinates":[-81.508416666672929,29.163083333319094]},"properties":{"FID":722,"OBJECTID":20534,"UniqSysID":13217,"Licensee":"NEW CINGULAR WIRELESS PCS, LLC","Callsign":"KNKN738","LocNum":17,"LatDeg":29,"LatMin":9,"LatSec":47.100000000000001,"LatDir":"N","LonDeg":81,"LonMin":30,"LonSec":30.300000000000001,"LonDir":"W","LocAdd":"2120 St. Johns River Road  (64947)","LocCity":"Astor","LocCounty":"VOLUSIA","LocState":"FL","Nepa":"N","QZone":"0        NaN\n1        NaN\n2        NaN\n3        NaN\n4        NaN\n        ... \n24924    NaN\n24925    NaN\n24926    NaN\n24927    NaN\n24928    NaN\nName: 36, Length: 24929, dtype: object","TowReg":1242163,"SupStruc":82.299999999999997,"AllStruc":88.400000000000006,"StrucType":"GTOWER","LicStatus":"A","latdec":29.163083333300001,"londec":-81.508416666700001,"url":"http://wireless2.fcc.gov/UlsApp/UlsSearch/licenseLocSum.jsp?licKey=13217"}},{"type":"Feature","id":723,"geometry":{"type":"Point","coordinates":[-81.467333332861244,28.814722221763759]},"properties":{"FID":723,"OBJECTID":20535,"UniqSysID":13217,"Licensee":"NEW CINGULAR WIRELESS PCS, LLC","Callsign":"KNKN738","LocNum":18,"LatDeg":28,"LatMin":48,"LatSec":53,"LatDir":"N","LonDeg":81,"LonMin":28,"LonSec":2.3999999999999999,"LonDir":"W","LocAdd":"29709 County Road 46A  (71397)","LocCity":"Sorrento","LocCounty":"LAKE","LocState":"FL","Nepa":"N","QZone":"0        NaN\n1        NaN\n2        NaN\n3        NaN\n4        NaN\n        ... \n24924    NaN\n24925    NaN\n24926    NaN\n24927    NaN\n24928    NaN\nName: 36, Length: 24929, dtype: object","TowReg":1224871,"SupStruc":57.899999999999999,"AllStruc":60.700000000000003,"StrucType":"MTOWER","LicStatus":"A","latdec":28.8147222222,"londec":-81.467333333300004,"url":"http://wireless2.fcc.gov/UlsApp/UlsSearch/licenseLocSum.jsp?licKey=13217"}},{"type":"Feature","id":724,"geometry":{"type":"Point","coordinates":[-81.399833333117726,28.977361111380048]},"properties":{"FID":724,"OBJECTID":20536,"UniqSysID":13217,"Licensee":"NEW CINGULAR WIRELESS PCS, LLC","Callsign":"KNKN738","LocNum":19,"LatDeg":28,"LatMin":58,"LatSec":38.5,"LatDir":"N","LonDeg":81,"LonMin":23,"LonSec":59.399999999999999,"LonDir":"W","LocAdd":"34600 Cummer Road  (71398)","LocCity":"Deland","LocCounty":"LAKE","LocState":"FL","Nepa":"N","QZone":"0        NaN\n1        NaN\n2        NaN\n3        NaN\n4        NaN\n        ... \n24924    NaN\n24925    NaN\n24926    NaN\n24927    NaN\n24928    NaN\nName: 36, Length: 24929, dtype: object","TowReg":1212766,"SupStruc":81.099999999999994,"AllStruc":83.200000000000003,"StrucType":"LTOWER","LicStatus":"A","latdec":28.977361111099999,"londec":-81.399833333299995,"url":"http://wireless2.fcc.gov/UlsApp/UlsSearch/licenseLocSum.jsp?licKey=13217"}},{"type":"Feature","id":725,"geometry":{"type":"Point","coordinates":[-81.795388889347919,28.948972221941858]},"properties":{"FID":725,"OBJECTID":20537,"UniqSysID":13217,"Licensee":"NEW CINGULAR WIRELESS PCS, LLC","Callsign":"KNKN738","LocNum":20,"LatDeg":28,"LatMin":56,"LatSec":56.299999999999997,"LatDir":"N","LonDeg":81,"LonMin":47,"LonSec":43.399999999999999,"LonDir":"W","LocAdd":"41250 EMERALD ISLAND ROAD (71402)","LocCity":"Leesburg","LocCounty":"LAKE","LocState":"FL","Nepa":"N","QZone":"0        NaN\n1        NaN\n2        NaN\n3        NaN\n4        NaN\n        ... \n24924    NaN\n24925    NaN\n24926    NaN\n24927    NaN\n24928    NaN\nName: 36, Length: 24929, dtype: object","TowReg":1238531,"SupStruc":52.399999999999999,"AllStruc":52.399999999999999,"StrucType":"MTOWER","LicStatus":"A","latdec":28.948972222199998,"londec":-81.795388888900007,"url":"http://wireless2.fcc.gov/UlsApp/UlsSearch/licenseLocSum.jsp?licKey=13217"}},{"type":"Feature","id":726,"geometry":{"type":"Point","coordinates":[-81.695277778341392,28.382999999899539]},"properties":{"FID":726,"OBJECTID":20538,"UniqSysID":13217,"Licensee":"NEW CINGULAR WIRELESS PCS, LLC","Callsign":"KNKN738","LocNum":22,"LatDeg":28,"LatMin":22,"LatSec":58.799999999999997,"LatDir":"N","LonDeg":81,"LonMin":41,"LonSec":43,"LonDir":"W","LocAdd":"2425 US Hwy 27   (82040)","LocCity":"Clermont","LocCounty":"LAKE","LocState":"FL","Nepa":"N","QZone":"0        NaN\n1        NaN\n2        NaN\n3        NaN\n4        NaN\n        ... \n24924    NaN\n24925    NaN\n24926    NaN\n24927    NaN\n24928    NaN\nName: 36, Length: 24929, dtype: object","TowReg":1252919,"SupStruc":61.899999999999999,"AllStruc":63.399999999999999,"StrucType":"MTOWER","LicStatus":"A","latdec":28.382999999999999,"londec":-81.695277777800001,"url":"http://wireless2.fcc.gov/UlsApp/UlsSearch/licenseLocSum.jsp?licKey=13217"}},{"type":"Feature","id":727,"geometry":{"type":"Point","coordinates":[-81.725916667144133,28.597083334040406]},"properties":{"FID":727,"OBJECTID":20539,"UniqSysID":13217,"Licensee":"NEW CINGULAR WIRELESS PCS, LLC","Callsign":"KNKN738","LocNum":23,"LatDeg":28,"LatMin":35,"LatSec":49.5,"LatDir":"N","LonDeg":81,"LonMin":43,"LonSec":33.299999999999997,"LonDir":"W","LocAdd":"18250 Scrub Jay Ln.   (71386)","LocCity":"Clermont","LocCounty":"LAKE","LocState":"FL","Nepa":"N","QZone":"0        NaN\n1        NaN\n2        NaN\n3        NaN\n4        NaN\n        ... \n24924    NaN\n24925    NaN\n24926    NaN\n24927    NaN\n24928    NaN\nName: 36, Length: 24929, dtype: object","TowReg":1029738,"SupStruc":84.700000000000003,"AllStruc":86,"StrucType":"LTOWER","LicStatus":"A","latdec":28.597083333299999,"londec":-81.725916666700002,"url":"http://wireless2.fcc.gov/UlsApp/UlsSearch/licenseLocSum.jsp?licKey=13217"}},{"type":"Feature","id":728,"geometry":{"type":"Point","coordinates":[-82.277861110674735,28.464805556027784]},"properties":{"FID":728,"OBJECTID":20540,"UniqSysID":13217,"Licensee":"NEW CINGULAR WIRELESS PCS, LLC","Callsign":"KNKN738","LocNum":24,"LatDeg":28,"LatMin":27,"LatSec":53.299999999999997,"LatDir":"N","LonDeg":82,"LonMin":16,"LonSec":40.299999999999997,"LonDir":"W","LocAdd":"27500 Hickory Hill Road   (75898)","LocCity":"Brooksville","LocCounty":"HERNANDO","LocState":"FL","Nepa":"N","QZone":"0        NaN\n1        NaN\n2        NaN\n3        NaN\n4        NaN\n        ... \n24924    NaN\n24925    NaN\n24926    NaN\n24927    NaN\n24928    NaN\nName: 36, Length: 24929, dtype: object","TowReg":1055220,"SupStruc":75.599999999999994,"AllStruc":75.900000000000006,"StrucType":"LTOWER","LicStatus":"A","latdec":28.464805555600002,"londec":-82.277861111099995,"url":"http://wireless2.fcc.gov/UlsApp/UlsSearch/licenseLocSum.jsp?licKey=13217"}},{"type":"Feature","id":729,"geometry":{"type":"Point","coordinates":[-82.444833333306576,28.462777777689439]},"properties":{"FID":729,"OBJECTID":20541,"UniqSysID":13217,"Licensee":"NEW CINGULAR WIRELESS PCS, LLC","Callsign":"KNKN738","LocNum":25,"LatDeg":28,"LatMin":27,"LatSec":46,"LatDir":"N","LonDeg":82,"LonMin":26,"LonSec":41.399999999999999,"LonDir":"W","LocAdd":"RUNWAY DRIVE  (75916)","LocCity":"BROOKSVILLE","LocCounty":"HERNANDO","LocState":"FL","Nepa":"N","QZone":"0        NaN\n1        NaN\n2        NaN\n3        NaN\n4        NaN\n        ... \n24924    NaN\n24925    NaN\n24926    NaN\n24927    NaN\n24928    NaN\nName: 36, Length: 24929, dtype: object","TowReg":1058780,"SupStruc":49.399999999999999,"AllStruc":49.399999999999999,"StrucType":"MTOWER","LicStatus":"A","latdec":28.4627777778,"londec":-82.444833333299997,"url":"http://wireless2.fcc.gov/UlsApp/UlsSearch/licenseLocSum.jsp?licKey=13217"}},{"type":"Feature","id":730,"geometry":{"type":"Point","coordinates":[-82.627805556363455,28.950416665980242]},"properties":{"FID":730,"OBJECTID":20542,"UniqSysID":13217,"Licensee":"NEW CINGULAR WIRELESS PCS, LLC","Callsign":"KNKN738","LocNum":26,"LatDeg":28,"LatMin":57,"LatSec":1.5,"LatDir":"N","LonDeg":82,"LonMin":37,"LonSec":40.100000000000001,"LonDir":"W","LocAdd":"6115 N. Tallahassee Rd  (75997)","LocCity":"CRYSTAL RIVER","LocCounty":"CITRUS","LocState":"FL","Nepa":"N","QZone":"0        NaN\n1        NaN\n2        NaN\n3        NaN\n4        NaN\n        ... \n24924    NaN\n24925    NaN\n24926    NaN\n24927    NaN\n24928    NaN\nName: 36, Length: 24929, dtype: object","TowReg":1032953,"SupStruc":76.200000000000003,"AllStruc":78,"StrucType":"LTOWER","LicStatus":"A","latdec":28.950416666700001,"londec":-82.627805555600006,"url":"http://wireless2.fcc.gov/UlsApp/UlsSearch/licenseLocSum.jsp?licKey=13217"}},{"type":"Feature","id":731,"geometry":{"type":"Point","coordinates":[-81.932722222361349,28.946222221699088]},"properties":{"FID":731,"OBJECTID":20543,"UniqSysID":13217,"Licensee":"NEW CINGULAR WIRELESS PCS, LLC","Callsign":"KNKN738","LocNum":29,"LatDeg":28,"LatMin":56,"LatSec":46.399999999999999,"LatDir":"N","LonDeg":81,"LonMin":55,"LonSec":57.799999999999997,"LonDir":"W","LocAdd":"41109 COUNTY ROAD 25A  (7552)","LocCity":"WEIRSDALE","LocCounty":"LAKE","LocState":"FL","Nepa":"N","QZone":"0        NaN\n1        NaN\n2        NaN\n3        NaN\n4        NaN\n        ... \n24924    NaN\n24925    NaN\n24926    NaN\n24927    NaN\n24928    NaN\nName: 36, Length: 24929, dtype: object","TowReg":1028826,"SupStruc":76.5,"AllStruc":80.200000000000003,"StrucType":"GTOWER","LicStatus":"A","latdec":28.946222222199999,"londec":-81.932722222199999,"url":"http://wireless2.fcc.gov/UlsApp/UlsSearch/licenseLocSum.jsp?licKey=13217"}},{"type":"Feature","id":732,"geometry":{"type":"Point","coordinates":[-82.532333332907683,28.461666666280166]},"properties":{"FID":732,"OBJECTID":20544,"UniqSysID":13217,"Licensee":"NEW CINGULAR WIRELESS PCS, LLC","Callsign":"KNKN738","LocNum":30,"LatDeg":28,"LatMin":27,"LatSec":42,"LatDir":"N","LonDeg":82,"LonMin":31,"LonSec":56.399999999999999,"LonDir":"W","LocAdd":"1349 SPRING HILL DRIVE (7556)","LocCity":"SPRING HILL","LocCounty":"HERNANDO","LocState":"FL","Nepa":"N","QZone":"0        NaN\n1        NaN\n2        NaN\n3        NaN\n4        NaN\n        ... \n24924    NaN\n24925    NaN\n24926    NaN\n24927    NaN\n24928    NaN\nName: 36, Length: 24929, dtype: object","TowReg":0,"SupStruc":46.899999999999999,"AllStruc":48.799999999999997,"StrucType":"UPOLE","LicStatus":"A","latdec":28.461666666700001,"londec":-82.532333333300002,"url":"http://wireless2.fcc.gov/UlsApp/UlsSearch/licenseLocSum.jsp?licKey=13217"}},{"type":"Feature","id":733,"geometry":{"type":"Point","coordinates":[-81.545277776715295,28.811666667281429]},"properties":{"FID":733,"OBJECTID":20545,"UniqSysID":13217,"Licensee":"NEW CINGULAR WIRELESS PCS, LLC","Callsign":"KNKN738","LocNum":32,"LatDeg":28,"LatMin":48,"LatSec":42,"LatDir":"N","LonDeg":81,"LonMin":32,"LonSec":43,"LonDir":"W","LocAdd":"24925 HWY 46 (7563)","LocCity":"SORRENTO","LocCounty":"LAKE","LocState":"FL","Nepa":"N","QZone":"0        NaN\n1        NaN\n2        NaN\n3        NaN\n4        NaN\n        ... \n24924    NaN\n24925    NaN\n24926    NaN\n24927    NaN\n24928    NaN\nName: 36, Length: 24929, dtype: object","TowReg":1012824,"SupStruc":75.900000000000006,"AllStruc":82.299999999999997,"StrucType":"LTOWER","LicStatus":"A","latdec":28.811666666699999,"londec":-81.545277777799996,"url":"http://wireless2.fcc.gov/UlsApp/UlsSearch/licenseLocSum.jsp?licKey=13217"}},{"type":"Feature","id":734,"geometry":{"type":"Point","coordinates":[-82.582388888860123,28.815555556206277]},"properties":{"FID":734,"OBJECTID":20546,"UniqSysID":13217,"Licensee":"NEW CINGULAR WIRELESS PCS, LLC","Callsign":"KNKN738","LocNum":33,"LatDeg":28,"LatMin":48,"LatSec":56,"LatDir":"N","LonDeg":82,"LonMin":34,"LonSec":56.600000000000001,"LonDir":"W","LocAdd":"8968 TRADEWAYS COURT  (7570)","LocCity":"Homosassa Springs","LocCounty":"CITRUS","LocState":"FL","Nepa":"N","QZone":"0        NaN\n1        NaN\n2        NaN\n3        NaN\n4        NaN\n        ... \n24924    NaN\n24925    NaN\n24926    NaN\n24927    NaN\n24928    NaN\nName: 36, Length: 24929, dtype: object","TowReg":1209782,"SupStruc":85.299999999999997,"AllStruc":85.299999999999997,"StrucType":"LTOWER","LicStatus":"A","latdec":28.8155555556,"londec":-82.582388888899999,"url":"http://wireless2.fcc.gov/UlsApp/UlsSearch/licenseLocSum.jsp?licKey=13217"}},{"type":"Feature","id":735,"geometry":{"type":"Point","coordinates":[-82.015916665975965,28.946000000136166]},"properties":{"FID":735,"OBJECTID":20547,"UniqSysID":13217,"Licensee":"NEW CINGULAR WIRELESS PCS, LLC","Callsign":"KNKN738","LocNum":35,"LatDeg":28,"LatMin":56,"LatSec":45.600000000000001,"LatDir":"N","LonDeg":82,"LonMin":0,"LonSec":57.299999999999997,"LonDir":"W","LocAdd":"13011 CR 101 (14854)","LocCity":"OXFORD","LocCounty":"SUMTER","LocState":"FL","Nepa":"N","QZone":"0        NaN\n1        NaN\n2        NaN\n3        NaN\n4        NaN\n        ... \n24924    NaN\n24925    NaN\n24926    NaN\n24927    NaN\n24928    NaN\nName: 36, Length: 24929, dtype: object","TowReg":0,"SupStruc":61,"AllStruc":61,"StrucType":"LTOWER","LicStatus":"A","latdec":28.946000000000002,"londec":-82.015916666699994,"url":"http://wireless2.fcc.gov/UlsApp/UlsSearch/licenseLocSum.jsp?licKey=13217"}},{"type":"Feature","id":736,"geometry":{"type":"Point","coordinates":[-81.835166667421106,28.293944444644183]},"properties":{"FID":736,"OBJECTID":20548,"UniqSysID":13217,"Licensee":"NEW CINGULAR WIRELESS PCS, LLC","Callsign":"KNKN738","LocNum":36,"LatDeg":28,"LatMin":17,"LatSec":38.200000000000003,"LatDir":"N","LonDeg":81,"LonMin":50,"LonSec":6.5999999999999996,"LonDir":"W","LocAdd":"16182 Commonwealth Avenue North  (92001)","LocCity":"POLK CITY","LocCounty":"POLK","LocState":"FL","Nepa":"N","QZone":"0        NaN\n1        NaN\n2        NaN\n3        NaN\n4        NaN\n        ... \n24924    NaN\n24925    NaN\n24926    NaN\n24927    NaN\n24928    NaN\nName: 36, Length: 24929, dtype: object","TowReg":1030294,"SupStruc":66.400000000000006,"AllStruc":71.599999999999994,"StrucType":"LTOWER","LicStatus":"A","latdec":28.293944444400001,"londec":-81.835166666700005,"url":"http://wireless2.fcc.gov/UlsApp/UlsSearch/licenseLocSum.jsp?licKey=13217"}},{"type":"Feature","id":737,"geometry":{"type":"Point","coordinates":[-82.627638889233822,28.462361111292637]},"properties":{"FID":737,"OBJECTID":20549,"UniqSysID":13217,"Licensee":"NEW CINGULAR WIRELESS PCS, LLC","Callsign":"KNKN738","LocNum":37,"LatDeg":28,"LatMin":27,"LatSec":44.5,"LatDir":"N","LonDeg":82,"LonMin":37,"LonSec":39.5,"LonDir":"W","LocAdd":"2610 TARPON BOULEVARD (93283)","LocCity":"SPRING HILL","LocCounty":"HERNANDO","LocState":"FL","Nepa":"N","QZone":"0        NaN\n1        NaN\n2        NaN\n3        NaN\n4        NaN\n        ... \n24924    NaN\n24925    NaN\n24926    NaN\n24927    NaN\n24928    NaN\nName: 36, Length: 24929, dtype: object","TowReg":0,"SupStruc":45.100000000000001,"AllStruc":46.299999999999997,"StrucType":"MTOWER","LicStatus":"A","latdec":28.462361111100002,"londec":-82.627638888899995,"url":"http://wireless2.fcc.gov/UlsApp/UlsSearch/licenseLocSum.jsp?licKey=13217"}},{"type":"Feature","id":738,"geometry":{"type":"Point","coordinates":[-82.586916667386618,28.502055556041398]},"properties":{"FID":738,"OBJECTID":20550,"UniqSysID":13217,"Licensee":"NEW CINGULAR WIRELESS PCS, LLC","Callsign":"KNKN738","LocNum":38,"LatDeg":28,"LatMin":30,"LatSec":7.4000000000000004,"LatDir":"N","LonDeg":82,"LonMin":35,"LonSec":12.9,"LonDir":"W","LocAdd":"5130 Commercial Way  (93284)","LocCity":"Spring Hill","LocCounty":"HERNANDO","LocState":"FL","Nepa":"N","QZone":"0        NaN\n1        NaN\n2        NaN\n3        NaN\n4        NaN\n        ... \n24924    NaN\n24925    NaN\n24926    NaN\n24927    NaN\n24928    NaN\nName: 36, Length: 24929, dtype: object","TowReg":0,"SupStruc":54.899999999999999,"AllStruc":54.899999999999999,"StrucType":"MTOWER","LicStatus":"A","latdec":28.502055555599998,"londec":-82.586916666700006,"url":"http://wireless2.fcc.gov/UlsApp/UlsSearch/licenseLocSum.jsp?licKey=13217"}},{"type":"Feature","id":739,"geometry":{"type":"Point","coordinates":[-82.450833332904551,29.030305554641927]},"properties":{"FID":739,"OBJECTID":20551,"UniqSysID":13217,"Licensee":"NEW CINGULAR WIRELESS PCS, LLC","Callsign":"KNKN738","LocNum":39,"LatDeg":29,"LatMin":1,"LatSec":49.100000000000001,"LatDir":"N","LonDeg":82,"LonMin":27,"LonSec":3,"LonDir":"W","LocAdd":"960 South Withlacoochie Road  (7568)","LocCity":"Dunnellon","LocCounty":"CITRUS","LocState":"FL","Nepa":"N","QZone":"0        NaN\n1        NaN\n2        NaN\n3        NaN\n4        NaN\n        ... \n24924    NaN\n24925    NaN\n24926    NaN\n24927    NaN\n24928    NaN\nName: 36, Length: 24929, dtype: object","TowReg":1205555,"SupStruc":91.400000000000006,"AllStruc":92,"StrucType":"GTOWER","LicStatus":"A","latdec":29.030305555599998,"londec":-82.450833333299997,"url":"http://wireless2.fcc.gov/UlsApp/UlsSearch/licenseLocSum.jsp?licKey=13217"}},{"type":"Feature","id":740,"geometry":{"type":"Point","coordinates":[-82.250777778021018,28.507416665871574]},"properties":{"FID":740,"OBJECTID":20552,"UniqSysID":13217,"Licensee":"NEW CINGULAR WIRELESS PCS, LLC","Callsign":"KNKN738","LocNum":40,"LatDeg":28,"LatMin":30,"LatSec":26.699999999999999,"LatDir":"N","LonDeg":82,"LonMin":15,"LonSec":2.7999999999999998,"LonDir":"W","LocAdd":"5198 LOCKHART RD  (7551)","LocCity":"BROOKSVILLE","LocCounty":"HERNANDO","LocState":"FL","Nepa":"N","QZone":"0        NaN\n1        NaN\n2        NaN\n3        NaN\n4        NaN\n        ... \n24924    NaN\n24925    NaN\n24926    NaN\n24927    NaN\n24928    NaN\nName: 36, Length: 24929, dtype: object","TowReg":0,"SupStruc":55.799999999999997,"AllStruc":55.799999999999997,"StrucType":"LTOWER","LicStatus":"A","latdec":28.507416666699999,"londec":-82.250777777799996,"url":"http://wireless2.fcc.gov/UlsApp/UlsSearch/licenseLocSum.jsp?licKey=13217"}},{"type":"Feature","id":741,"geometry":{"type":"Point","coordinates":[-82.591666665758225,28.904722222039766]},"properties":{"FID":741,"OBJECTID":20553,"UniqSysID":13217,"Licensee":"NEW CINGULAR WIRELESS PCS, LLC","Callsign":"KNKN738","LocNum":41,"LatDeg":28,"LatMin":54,"LatSec":17,"LatDir":"N","LonDeg":82,"LonMin":35,"LonSec":30,"LonDir":"W","LocAdd":"142 NORTHEAST 11TH STREET  (7567)","LocCity":"CRYSTAL RIVER","LocCounty":"CITRUS","LocState":"FL","Nepa":"N","QZone":"0        NaN\n1        NaN\n2        NaN\n3        NaN\n4        NaN\n        ... \n24924    NaN\n24925    NaN\n24926    NaN\n24927    NaN\n24928    NaN\nName: 36, Length: 24929, dtype: object","TowReg":1058130,"SupStruc":76.200000000000003,"AllStruc":78.299999999999997,"StrucType":"LTOWER","LicStatus":"A","latdec":28.9047222222,"londec":-82.591666666699993,"url":"http://wireless2.fcc.gov/UlsApp/UlsSearch/licenseLocSum.jsp?licKey=13217"}},{"type":"Feature","id":742,"geometry":{"type":"Point","coordinates":[-82.382083333731316,28.488583333258134]},"properties":{"FID":742,"OBJECTID":20554,"UniqSysID":13217,"Licensee":"NEW CINGULAR WIRELESS PCS, LLC","Callsign":"KNKN738","LocNum":42,"LatDeg":28,"LatMin":29,"LatSec":18.899999999999999,"LatDir":"N","LonDeg":82,"LonMin":22,"LonSec":55.5,"LonDir":"W","LocAdd":"21228 Powell Road  (115193)","LocCity":"BROOKSVILLE","LocCounty":"HERNANDO","LocState":"FL","Nepa":"N","QZone":"0        NaN\n1        NaN\n2        NaN\n3        NaN\n4        NaN\n        ... \n24924    NaN\n24925    NaN\n24926    NaN\n24927    NaN\n24928    NaN\nName: 36, Length: 24929, dtype: object","TowReg":1275387,"SupStruc":44.200000000000003,"AllStruc":45.700000000000003,"StrucType":"MTOWER","LicStatus":"A","latdec":28.488583333299999,"londec":-82.382083333300002,"url":"http://wireless2.fcc.gov/UlsApp/UlsSearch/licenseLocSum.jsp?licKey=13217"}},{"type":"Feature","id":743,"geometry":{"type":"Point","coordinates":[-82.476527777602485,28.59111111125975]},"properties":{"FID":743,"OBJECTID":20555,"UniqSysID":13217,"Licensee":"NEW CINGULAR WIRELESS PCS, LLC","Callsign":"KNKN738","LocNum":43,"LatDeg":28,"LatMin":35,"LatSec":28,"LatDir":"N","LonDeg":82,"LonMin":28,"LonSec":35.5,"LonDir":"W","LocAdd":"15208 PEACH ORCHARD STREET  (93299)","LocCity":"WEEKI WACHEE","LocCounty":"HERNANDO","LocState":"FL","Nepa":"N","QZone":"0        NaN\n1        NaN\n2        NaN\n3        NaN\n4        NaN\n        ... \n24924    NaN\n24925    NaN\n24926    NaN\n24927    NaN\n24928    NaN\nName: 36, Length: 24929, dtype: object","TowReg":1022529,"SupStruc":83.799999999999997,"AllStruc":88.400000000000006,"StrucType":"LTOWER","LicStatus":"A","latdec":28.591111111099998,"londec":-82.476527777800001,"url":"http://wireless2.fcc.gov/UlsApp/UlsSearch/licenseLocSum.jsp?licKey=13217"}},{"type":"Feature","id":744,"geometry":{"type":"Point","coordinates":[-82.352888889192968,26.952444444666185]},"properties":{"FID":744,"OBJECTID":20556,"UniqSysID":13218,"Licensee":"New Cingular Wireless PCS, LLC","Callsign":"KNKA494","LocNum":4,"LatDeg":26,"LatMin":57,"LatSec":8.8000000000000007,"LatDir":"N","LonDeg":82,"LonMin":21,"LonSec":10.4,"LonDir":"W","LocAdd":"599 S INDIANA AVE   (7616)","LocCity":"ENGLEWOOD","LocCounty":"SARASOTA","LocState":"FL","Nepa":"N","QZone":"0        NaN\n1        NaN\n2        NaN\n3        NaN\n4        NaN\n        ... \n24924    NaN\n24925    NaN\n24926    NaN\n24927    NaN\n24928    NaN\nName: 36, Length: 24929, dtype: object","TowReg":1012258,"SupStruc":59.700000000000003,"AllStruc":61,"StrucType":"POLE","LicStatus":"A","latdec":26.952444444400001,"londec":-82.352888888899997,"url":"http://wireless2.fcc.gov/UlsApp/UlsSearch/licenseLocSum.jsp?licKey=13218"}},{"type":"Feature","id":745,"geometry":{"type":"Point","coordinates":[-82.430194444030349,27.112861110714846]},"properties":{"FID":745,"OBJECTID":20557,"UniqSysID":13218,"Licensee":"New Cingular Wireless PCS, LLC","Callsign":"KNKA494","LocNum":23,"LatDeg":27,"LatMin":6,"LatSec":46.299999999999997,"LatDir":"N","LonDeg":82,"LonMin":25,"LonSec":48.700000000000003,"LonDir":"W","LocAdd":"1035 ALBEE FARMS RD   (7609)","LocCity":"VENICE","LocCounty":"SARASOTA","LocState":"FL","Nepa":"N","QZone":"0        NaN\n1        NaN\n2        NaN\n3        NaN\n4        NaN\n        ... \n24924    NaN\n24925    NaN\n24926    NaN\n24927    NaN\n24928    NaN\nName: 36, Length: 24929, dtype: object","TowReg":1030425,"SupStruc":86,"AllStruc":86.599999999999994,"StrucType":"LTOWER","LicStatus":"A","latdec":27.112861111099999,"londec":-82.430194444400001,"url":"http://wireless2.fcc.gov/UlsApp/UlsSearch/licenseLocSum.jsp?licKey=13218"}},{"type":"Feature","id":746,"geometry":{"type":"Point","coordinates":[-82.53472222184439,27.25397222177088]},"properties":{"FID":746,"OBJECTID":20558,"UniqSysID":13218,"Licensee":"New Cingular Wireless PCS, LLC","Callsign":"KNKA494","LocNum":24,"LatDeg":27,"LatMin":15,"LatSec":14.300000000000001,"LatDir":"N","LonDeg":82,"LonMin":32,"LonSec":5,"LonDir":"W","LocAdd":"6300 Midnight Pass  (74518)","LocCity":"SiestaKey","LocCounty":"SARASOTA","LocState":"FL","Nepa":"N","QZone":"0        NaN\n1        NaN\n2        NaN\n3        NaN\n4        NaN\n        ... \n24924    NaN\n24925    NaN\n24926    NaN\n24927    NaN\n24928    NaN\nName: 36, Length: 24929, dtype: object","TowReg":0,"SupStruc":27.699999999999999,"AllStruc":32.899999999999999,"StrucType":"B","LicStatus":"A","latdec":27.253972222200002,"londec":-82.534722222200003,"url":"http://wireless2.fcc.gov/UlsApp/UlsSearch/licenseLocSum.jsp?licKey=13218"}},{"type":"Feature","id":747,"geometry":{"type":"Point","coordinates":[-82.623472221773341,27.363138889162883]},"properties":{"FID":747,"OBJECTID":20559,"UniqSysID":13218,"Licensee":"New Cingular Wireless PCS, LLC","Callsign":"KNKA494","LocNum":25,"LatDeg":27,"LatMin":21,"LatSec":47.299999999999997,"LatDir":"N","LonDeg":82,"LonMin":37,"LonSec":24.5,"LonDir":"W","LocAdd":"2425 Gulf of Mexico Drive  (119014)","LocCity":"Longboat Key","LocCounty":"SARASOTA","LocState":"FL","Nepa":"N","QZone":"0        NaN\n1        NaN\n2        NaN\n3        NaN\n4        NaN\n        ... \n24924    NaN\n24925    NaN\n24926    NaN\n24927    NaN\n24928    NaN\nName: 36, Length: 24929, dtype: object","TowReg":0,"SupStruc":44.5,"AllStruc":44.5,"StrucType":"B","LicStatus":"A","latdec":27.3631388889,"londec":-82.623472222199993,"url":"http://wireless2.fcc.gov/UlsApp/UlsSearch/licenseLocSum.jsp?licKey=13218"}},{"type":"Feature","id":748,"geometry":{"type":"Point","coordinates":[-82.266916666972065,27.388083333989186]},"properties":{"FID":748,"OBJECTID":20560,"UniqSysID":13218,"Licensee":"New Cingular Wireless PCS, LLC","Callsign":"KNKA494","LocNum":22,"LatDeg":27,"LatMin":23,"LatSec":17.100000000000001,"LatDir":"N","LonDeg":82,"LonMin":16,"LonSec":0.90000000000000002,"LonDir":"W","LocAdd":"26909 SR 70   (7536)","LocCity":"MYAKKA CITY","LocCounty":"MANATEE","LocState":"FL","Nepa":"N","QZone":"0        NaN\n1        NaN\n2        NaN\n3        NaN\n4        NaN\n        ... \n24924    NaN\n24925    NaN\n24926    NaN\n24927    NaN\n24928    NaN\nName: 36, Length: 24929, dtype: object","TowReg":1028927,"SupStruc":67.400000000000006,"AllStruc":68.299999999999997,"StrucType":"LTOWER","LicStatus":"A","latdec":27.388083333299999,"londec":-82.266916666699998,"url":"http://wireless2.fcc.gov/UlsApp/UlsSearch/licenseLocSum.jsp?licKey=13218"}},{"type":"Feature","id":749,"geometry":{"type":"Point","coordinates":[-82.549166667183954,27.372944444025165]},"properties":{"FID":749,"OBJECTID":20561,"UniqSysID":13218,"Licensee":"New Cingular Wireless PCS, LLC","Callsign":"KNKA494","LocNum":10,"LatDeg":27,"LatMin":22,"LatSec":22.600000000000001,"LatDir":"N","LonDeg":82,"LonMin":32,"LonSec":57,"LonDir":"W","LocAdd":"4500 Rilma Ave   (74497)","LocCity":"Sarasota","LocCounty":"SARASOTA","LocState":"FL","Nepa":"N","QZone":"0        NaN\n1        NaN\n2        NaN\n3        NaN\n4        NaN\n        ... \n24924    NaN\n24925    NaN\n24926    NaN\n24927    NaN\n24928    NaN\nName: 36, Length: 24929, dtype: object","TowReg":1061284,"SupStruc":47.5,"AllStruc":50.299999999999997,"StrucType":"TANK","LicStatus":"A","latdec":27.372944444400002,"londec":-82.549166666700003,"url":"http://wireless2.fcc.gov/UlsApp/UlsSearch/licenseLocSum.jsp?licKey=13218"}},{"type":"Feature","id":750,"geometry":{"type":"Point","coordinates":[-82.441388888876645,27.082499999623678]},"properties":{"FID":750,"OBJECTID":20562,"UniqSysID":13218,"Licensee":"New Cingular Wireless PCS, LLC","Callsign":"KNKA494","LocNum":11,"LatDeg":27,"LatMin":4,"LatSec":57,"LatDir":"N","LonDeg":82,"LonMin":26,"LonSec":29,"LonDir":"W","LocAdd":"215 Field Ave  (74499)","LocCity":"Venice","LocCounty":"SARASOTA","LocState":"FL","Nepa":"N","QZone":"0        NaN\n1        NaN\n2        NaN\n3        NaN\n4        NaN\n        ... \n24924    NaN\n24925    NaN\n24926    NaN\n24927    NaN\n24928    NaN\nName: 36, Length: 24929, dtype: object","TowReg":1060040,"SupStruc":48.799999999999997,"AllStruc":50.200000000000003,"StrucType":"TANK","LicStatus":"A","latdec":27.0825,"londec":-82.441388888899994,"url":"http://wireless2.fcc.gov/UlsApp/UlsSearch/licenseLocSum.jsp?licKey=13218"}},{"type":"Feature","id":751,"geometry":{"type":"Point","coordinates":[-82.375611111348121,27.020361110634894]},"properties":{"FID":751,"OBJECTID":20563,"UniqSysID":13218,"Licensee":"New Cingular Wireless PCS, LLC","Callsign":"KNKA494","LocNum":14,"LatDeg":27,"LatMin":1,"LatSec":13.300000000000001,"LatDir":"N","LonDeg":82,"LonMin":22,"LonSec":32.200000000000003,"LonDir":"W","LocAdd":"1767 E MANASOTA BEACH RD   (74519)","LocCity":"Englewood","LocCounty":"SARASOTA","LocState":"FL","Nepa":"N","QZone":"0        NaN\n1        NaN\n2        NaN\n3        NaN\n4        NaN\n        ... \n24924    NaN\n24925    NaN\n24926    NaN\n24927    NaN\n24928    NaN\nName: 36, Length: 24929, dtype: object","TowReg":1019128,"SupStruc":54.899999999999999,"AllStruc":61,"StrucType":"LTOWER","LicStatus":"A","latdec":27.020361111100001,"londec":-82.3756111111,"url":"http://wireless2.fcc.gov/UlsApp/UlsSearch/licenseLocSum.jsp?licKey=13218"}},{"type":"Feature","id":752,"geometry":{"type":"Point","coordinates":[-82.504444445005959,27.379444443724026]},"properties":{"FID":752,"OBJECTID":20564,"UniqSysID":13218,"Licensee":"New Cingular Wireless PCS, LLC","Callsign":"KNKA494","LocNum":15,"LatDeg":27,"LatMin":22,"LatSec":46,"LatDir":"N","LonDeg":82,"LonMin":30,"LonSec":16,"LonDir":"W","LocAdd":"5204 S LOCKWOOD RIDGE RD  (74516)","LocCity":"Sarasota","LocCounty":"SARASOTA","LocState":"FL","Nepa":"N","QZone":"0        NaN\n1        NaN\n2        NaN\n3        NaN\n4        NaN\n        ... \n24924    NaN\n24925    NaN\n24926    NaN\n24927    NaN\n24928    NaN\nName: 36, Length: 24929, dtype: object","TowReg":1045878,"SupStruc":47.5,"AllStruc":47.5,"StrucType":"MTOWER","LicStatus":"A","latdec":27.379444444400001,"londec":-82.504444444399994,"url":"http://wireless2.fcc.gov/UlsApp/UlsSearch/licenseLocSum.jsp?licKey=13218"}},{"type":"Feature","id":753,"geometry":{"type":"Point","coordinates":[-82.159444445218753,27.057999999856975]},"properties":{"FID":753,"OBJECTID":20565,"UniqSysID":13218,"Licensee":"New Cingular Wireless PCS, LLC","Callsign":"KNKA494","LocNum":17,"LatDeg":27,"LatMin":3,"LatSec":28.800000000000001,"LatDir":"N","LonDeg":82,"LonMin":9,"LonSec":34,"LonDir":"W","LocAdd":"2275 South Toledo Blade Blvd.   (99095)","LocCity":"North Port","LocCounty":"SARASOTA","LocState":"FL","Nepa":"N","QZone":"0        NaN\n1        NaN\n2        NaN\n3        NaN\n4        NaN\n        ... \n24924    NaN\n24925    NaN\n24926    NaN\n24927    NaN\n24928    NaN\nName: 36, Length: 24929, dtype: object","TowReg":1209493,"SupStruc":107.90000000000001,"AllStruc":109.40000000000001,"StrucType":"LTOWER","LicStatus":"A","latdec":27.058,"londec":-82.159444444399995,"url":"http://wireless2.fcc.gov/UlsApp/UlsSearch/licenseLocSum.jsp?licKey=13218"}},{"type":"Feature","id":754,"geometry":{"type":"Point","coordinates":[-82.107750000166959,27.067416665615212]},"properties":{"FID":754,"OBJECTID":20566,"UniqSysID":13218,"Licensee":"New Cingular Wireless PCS, LLC","Callsign":"KNKA494","LocNum":20,"LatDeg":27,"LatMin":4,"LatSec":2.7000000000000002,"LatDir":"N","LonDeg":82,"LonMin":6,"LonSec":27.899999999999999,"LonDir":"W","LocAdd":"4550 Huntsville Ave  (15363)","LocCity":"NORTH PORT","LocCounty":"SARASOTA","LocState":"FL","Nepa":"N","QZone":"0        NaN\n1        NaN\n2        NaN\n3        NaN\n4        NaN\n        ... \n24924    NaN\n24925    NaN\n24926    NaN\n24927    NaN\n24928    NaN\nName: 36, Length: 24929, dtype: object","TowReg":1044460,"SupStruc":76.5,"AllStruc":80.5,"StrucType":"LTOWER","LicStatus":"A","latdec":27.067416666700002,"londec":-82.107749999999996,"url":"http://wireless2.fcc.gov/UlsApp/UlsSearch/licenseLocSum.jsp?licKey=13218"}},{"type":"Feature","id":755,"geometry":{"type":"Point","coordinates":[-80.46944444378704,27.019722223007818]},"properties":{"FID":755,"OBJECTID":20659,"UniqSysID":13224,"Licensee":"NEW CINGULAR WIRELESS PCS, LLC","Callsign":"KNKA749","LocNum":18,"LatDeg":27,"LatMin":1,"LatSec":11,"LatDir":"N","LonDeg":80,"LonMin":28,"LonSec":10,"LonDir":"W","LocAdd":"15851 SW FARM ROAD (66479)","LocCity":"INDIANTOWN","LocCounty":"MARTIN","LocState":"FL","Nepa":"N","QZone":"0        NaN\n1        NaN\n2        NaN\n3        NaN\n4        NaN\n        ... \n24924    NaN\n24925    NaN\n24926    NaN\n24927    NaN\n24928    NaN\nName: 36, Length: 24929, dtype: object","TowReg":1054579,"SupStruc":61,"AllStruc":61,"StrucType":"LTOWER","LicStatus":"A","latdec":27.019722222199999,"londec":-80.469444444399997,"url":"http://wireless2.fcc.gov/UlsApp/UlsSearch/licenseLocSum.jsp?licKey=13224"}},{"type":"Feature","id":756,"geometry":{"type":"Point","coordinates":[-80.567027778229203,27.48333333294562]},"properties":{"FID":756,"OBJECTID":20660,"UniqSysID":13224,"Licensee":"NEW CINGULAR WIRELESS PCS, LLC","Callsign":"KNKA749","LocNum":19,"LatDeg":27,"LatMin":29,"LatSec":0,"LatDir":"N","LonDeg":80,"LonMin":34,"LonSec":1.3,"LonDir":"W","LocAdd":"26003 ORANGE AVENUE (66512)","LocCity":"FORT PIERCE","LocCounty":"ST. LUCIE","LocState":"FL","Nepa":"N","QZone":"0        NaN\n1        NaN\n2        NaN\n3        NaN\n4        NaN\n        ... \n24924    NaN\n24925    NaN\n24926    NaN\n24927    NaN\n24928    NaN\nName: 36, Length: 24929, dtype: object","TowReg":1054425,"SupStruc":76.200000000000003,"AllStruc":77.400000000000006,"StrucType":"LTOWER","LicStatus":"A","latdec":27.483333333299999,"londec":-80.567027777800007,"url":"http://wireless2.fcc.gov/UlsApp/UlsSearch/licenseLocSum.jsp?licKey=13224"}},{"type":"Feature","id":757,"geometry":{"type":"Point","coordinates":[-80.125222222440811,27.056416666246605]},"properties":{"FID":757,"OBJECTID":20661,"UniqSysID":13224,"Licensee":"NEW CINGULAR WIRELESS PCS, LLC","Callsign":"KNKA749","LocNum":20,"LatDeg":27,"LatMin":3,"LatSec":23.100000000000001,"LatDir":"N","LonDeg":80,"LonMin":7,"LonSec":30.800000000000001,"LonDir":"W","LocAdd":"12030 Shell Avenue (7242)","LocCity":"Hobe Sound","LocCounty":"MARTIN","LocState":"FL","Nepa":"N","QZone":"0        NaN\n1        NaN\n2        NaN\n3        NaN\n4        NaN\n        ... \n24924    NaN\n24925    NaN\n24926    NaN\n24927    NaN\n24928    NaN\nName: 36, Length: 24929, dtype: object","TowReg":0,"SupStruc":44.200000000000003,"AllStruc":46.600000000000001,"StrucType":"MTOWER","LicStatus":"A","latdec":27.056416666699999,"londec":-80.125222222199994,"url":"http://wireless2.fcc.gov/UlsApp/UlsSearch/licenseLocSum.jsp?licKey=13224"}},{"type":"Feature","id":758,"geometry":{"type":"Point","coordinates":[-80.220111111392157,27.306194443801644]},"properties":{"FID":758,"OBJECTID":20662,"UniqSysID":13224,"Licensee":"NEW CINGULAR WIRELESS PCS, LLC","Callsign":"KNKA749","LocNum":21,"LatDeg":27,"LatMin":18,"LatSec":22.300000000000001,"LatDir":"N","LonDeg":80,"LonMin":13,"LonSec":12.4,"LonDir":"W","LocAdd":"8600 SOUTH OCEAN DRIVE (66511)","LocCity":"JENSEN BEACH","LocCounty":"ST. LUCIE","LocState":"FL","Nepa":"N","QZone":"0        NaN\n1        NaN\n2        NaN\n3        NaN\n4        NaN\n        ... \n24924    NaN\n24925    NaN\n24926    NaN\n24927    NaN\n24928    NaN\nName: 36, Length: 24929, dtype: object","TowReg":0,"SupStruc":46.899999999999999,"AllStruc":47.200000000000003,"StrucType":"B","LicStatus":"A","latdec":27.306194444399999,"londec":-80.220111111099996,"url":"http://wireless2.fcc.gov/UlsApp/UlsSearch/licenseLocSum.jsp?licKey=13224"}},{"type":"Feature","id":759,"geometry":{"type":"Point","coordinates":[-80.280388888915013,27.439416666904094]},"properties":{"FID":759,"OBJECTID":20663,"UniqSysID":13224,"Licensee":"NEW CINGULAR WIRELESS PCS, LLC","Callsign":"KNKA749","LocNum":22,"LatDeg":27,"LatMin":26,"LatSec":21.899999999999999,"LatDir":"N","LonDeg":80,"LonMin":16,"LonSec":49.399999999999999,"LonDir":"W","LocAdd":"2400 South Ocean Drive (79077)","LocCity":"Fort Pierce","LocCounty":"ST. LUCIE","LocState":"FL","Nepa":"N","QZone":"0        NaN\n1        NaN\n2        NaN\n3        NaN\n4        NaN\n        ... \n24924    NaN\n24925    NaN\n24926    NaN\n24927    NaN\n24928    NaN\nName: 36, Length: 24929, dtype: object","TowReg":0,"SupStruc":46.600000000000001,"AllStruc":48.200000000000003,"StrucType":"B","LicStatus":"A","latdec":27.439416666700001,"londec":-80.280388888900006,"url":"http://wireless2.fcc.gov/UlsApp/UlsSearch/licenseLocSum.jsp?licKey=13224"}},{"type":"Feature","id":760,"geometry":{"type":"Point","coordinates":[-80.250027778062588,27.344305555265862]},"properties":{"FID":760,"OBJECTID":20664,"UniqSysID":13224,"Licensee":"NEW CINGULAR WIRELESS PCS, LLC","Callsign":"KNKA749","LocNum":23,"LatDeg":27,"LatMin":20,"LatSec":39.5,"LatDir":"N","LonDeg":80,"LonMin":15,"LonSec":0.10000000000000001,"LonDir":"W","LocAdd":"6501 S. OCEAN DR. (7238)","LocCity":"JENSEN BEACH","LocCounty":"ST. LUCIE","LocState":"FL","Nepa":"N","QZone":"0        NaN\n1        NaN\n2        NaN\n3        NaN\n4        NaN\n        ... \n24924    NaN\n24925    NaN\n24926    NaN\n24927    NaN\n24928    NaN\nName: 36, Length: 24929, dtype: object","TowReg":1013565,"SupStruc":61,"AllStruc":67.099999999999994,"StrucType":"LTOWER","LicStatus":"A","latdec":27.344305555599998,"londec":-80.2500277778,"url":"http://wireless2.fcc.gov/UlsApp/UlsSearch/licenseLocSum.jsp?licKey=13224"}},{"type":"Feature","id":761,"geometry":{"type":"Point","coordinates":[-80.423305555049865,27.551249999703202]},"properties":{"FID":761,"OBJECTID":20665,"UniqSysID":13224,"Licensee":"NEW CINGULAR WIRELESS PCS, LLC","Callsign":"KNKA749","LocNum":24,"LatDeg":27,"LatMin":33,"LatSec":4.5,"LatDir":"N","LonDeg":80,"LonMin":25,"LonSec":23.899999999999999,"LonDir":"W","LocAdd":"6425 Russakis Road (113696)","LocCity":"Ft Pierce","LocCounty":"ST. LUCIE","LocState":"FL","Nepa":"N","QZone":"0        NaN\n1        NaN\n2        NaN\n3        NaN\n4        NaN\n        ... \n24924    NaN\n24925    NaN\n24926    NaN\n24927    NaN\n24928    NaN\nName: 36, Length: 24929, dtype: object","TowReg":1275644,"SupStruc":39.299999999999997,"AllStruc":39.899999999999999,"StrucType":"MTOWER","LicStatus":"A","latdec":27.55125,"londec":-80.423305555599995,"url":"http://wireless2.fcc.gov/UlsApp/UlsSearch/licenseLocSum.jsp?licKey=13224"}},{"type":"Feature","id":762,"geometry":{"type":"Point","coordinates":[-80.605361111139587,26.985805555973798]},"properties":{"FID":762,"OBJECTID":20666,"UniqSysID":13224,"Licensee":"NEW CINGULAR WIRELESS PCS, LLC","Callsign":"KNKA749","LocNum":7,"LatDeg":26,"LatMin":59,"LatSec":8.9000000000000004,"LatDir":"N","LonDeg":80,"LonMin":36,"LonSec":19.300000000000001,"LonDir":"W","LocAdd":"25820 SW Kanner Highway (79076)","LocCity":"Canal Point","LocCounty":"MARTIN","LocState":"FL","Nepa":"N","QZone":"0        NaN\n1        NaN\n2        NaN\n3        NaN\n4        NaN\n        ... \n24924    NaN\n24925    NaN\n24926    NaN\n24927    NaN\n24928    NaN\nName: 36, Length: 24929, dtype: object","TowReg":1228609,"SupStruc":86.900000000000006,"AllStruc":90.200000000000003,"StrucType":"LTOWER","LicStatus":"A","latdec":26.985805555599999,"londec":-80.605361111099995,"url":"http://wireless2.fcc.gov/UlsApp/UlsSearch/licenseLocSum.jsp?licKey=13224"}},{"type":"Feature","id":763,"geometry":{"type":"Point","coordinates":[-80.565722221592353,27.09205555515274]},"properties":{"FID":763,"OBJECTID":20667,"UniqSysID":13224,"Licensee":"NEW CINGULAR WIRELESS PCS, LLC","Callsign":"KNKA749","LocNum":8,"LatDeg":27,"LatMin":5,"LatSec":31.399999999999999,"LatDir":"N","LonDeg":80,"LonMin":33,"LonSec":56.600000000000001,"LonDir":"W","LocAdd":"23001 SOUTHWEST WARFIELD BOULEVARD (Hwy 710) (66477)","LocCity":"Indiantown","LocCounty":"MARTIN","LocState":"FL","Nepa":"N","QZone":"0        NaN\n1        NaN\n2        NaN\n3        NaN\n4        NaN\n        ... \n24924    NaN\n24925    NaN\n24926    NaN\n24927    NaN\n24928    NaN\nName: 36, Length: 24929, dtype: object","TowReg":1001954,"SupStruc":88.700000000000003,"AllStruc":89.599999999999994,"StrucType":"LTOWER","LicStatus":"A","latdec":27.092055555599998,"londec":-80.565722222199994,"url":"http://wireless2.fcc.gov/UlsApp/UlsSearch/licenseLocSum.jsp?licKey=13224"}},{"type":"Feature","id":764,"geometry":{"type":"Point","coordinates":[-80.157250000097633,27.097472222335966]},"properties":{"FID":764,"OBJECTID":20668,"UniqSysID":13224,"Licensee":"NEW CINGULAR WIRELESS PCS, LLC","Callsign":"KNKA749","LocNum":9,"LatDeg":27,"LatMin":5,"LatSec":50.899999999999999,"LatDir":"N","LonDeg":80,"LonMin":9,"LonSec":26.100000000000001,"LonDir":"W","LocAdd":"8781 SOUTHEAST FEDERAL HIGHWAY (66478)","LocCity":"Hobe Sound","LocCounty":"MARTIN","LocState":"FL","Nepa":"N","QZone":"0        NaN\n1        NaN\n2        NaN\n3        NaN\n4        NaN\n        ... \n24924    NaN\n24925    NaN\n24926    NaN\n24927    NaN\n24928    NaN\nName: 36, Length: 24929, dtype: object","TowReg":1272385,"SupStruc":46.299999999999997,"AllStruc":46.899999999999999,"StrucType":"MTOWER","LicStatus":"A","latdec":27.0974722222,"londec":-80.157250000000005,"url":"http://wireless2.fcc.gov/UlsApp/UlsSearch/licenseLocSum.jsp?licKey=13224"}},{"type":"Feature","id":765,"geometry":{"type":"Point","coordinates":[-80.204388888917549,27.271500000316621]},"properties":{"FID":765,"OBJECTID":20669,"UniqSysID":13224,"Licensee":"NEW CINGULAR WIRELESS PCS, LLC","Callsign":"KNKA749","LocNum":10,"LatDeg":27,"LatMin":16,"LatSec":17.399999999999999,"LatDir":"N","LonDeg":80,"LonMin":12,"LonSec":15.800000000000001,"LonDir":"W","LocAdd":"10680 S Ocean Drive (66480)","LocCity":"Jensen Beach","LocCounty":"ST. LUCIE","LocState":"FL","Nepa":"N","QZone":"0        NaN\n1        NaN\n2        NaN\n3        NaN\n4        NaN\n        ... \n24924    NaN\n24925    NaN\n24926    NaN\n24927    NaN\n24928    NaN\nName: 36, Length: 24929, dtype: object","TowReg":0,"SupStruc":45.399999999999999,"AllStruc":45.399999999999999,"StrucType":"B","LicStatus":"A","latdec":27.2715,"londec":-80.204388888899999,"url":"http://wireless2.fcc.gov/UlsApp/UlsSearch/licenseLocSum.jsp?licKey=13224"}},{"type":"Feature","id":766,"geometry":{"type":"Point","coordinates":[-80.217555556224113,27.016250000000014]},"properties":{"FID":766,"OBJECTID":20670,"UniqSysID":13224,"Licensee":"NEW CINGULAR WIRELESS PCS, LLC","Callsign":"KNKA749","LocNum":11,"LatDeg":27,"LatMin":0,"LatSec":58.5,"LatDir":"N","LonDeg":80,"LonMin":13,"LonSec":3.2000000000000002,"LonDir":"W","LocAdd":"ACERAGE NE OF I-95, S OF BRIDGE RD (66494)","LocCity":"Hobe Sound","LocCounty":"MARTIN","LocState":"FL","Nepa":"N","QZone":"0        NaN\n1        NaN\n2        NaN\n3        NaN\n4        NaN\n        ... \n24924    NaN\n24925    NaN\n24926    NaN\n24927    NaN\n24928    NaN\nName: 36, Length: 24929, dtype: object","TowReg":1225706,"SupStruc":61,"AllStruc":65.5,"StrucType":"LTOWER","LicStatus":"A","latdec":27.016249999999999,"londec":-80.217555555600001,"url":"http://wireless2.fcc.gov/UlsApp/UlsSearch/licenseLocSum.jsp?licKey=13224"}},{"type":"Feature","id":767,"geometry":{"type":"Point","coordinates":[-80.368583332943047,27.54630555503104]},"properties":{"FID":767,"OBJECTID":20671,"UniqSysID":13224,"Licensee":"NEW CINGULAR WIRELESS PCS, LLC","Callsign":"KNKA749","LocNum":14,"LatDeg":27,"LatMin":32,"LatSec":46.700000000000003,"LatDir":"N","LonDeg":80,"LonMin":22,"LonSec":6.9000000000000004,"LonDir":"W","LocAdd":"6189 N Federal Hwy (66504)","LocCity":"FORT PIERCE","LocCounty":"ST. LUCIE","LocState":"FL","Nepa":"N","QZone":"0        NaN\n1        NaN\n2        NaN\n3        NaN\n4        NaN\n        ... \n24924    NaN\n24925    NaN\n24926    NaN\n24927    NaN\n24928    NaN\nName: 36, Length: 24929, dtype: object","TowReg":1052694,"SupStruc":146.90000000000001,"AllStruc":146.90000000000001,"StrucType":"GTOWER","LicStatus":"A","latdec":27.5463055556,"londec":-80.368583333299995,"url":"http://wireless2.fcc.gov/UlsApp/UlsSearch/licenseLocSum.jsp?licKey=13224"}},{"type":"Feature","id":768,"geometry":{"type":"Point","coordinates":[-80.298305554593128,27.49058333365474]},"properties":{"FID":768,"OBJECTID":20672,"UniqSysID":13224,"Licensee":"NEW CINGULAR WIRELESS PCS, LLC","Callsign":"KNKA749","LocNum":15,"LatDeg":27,"LatMin":29,"LatSec":26.100000000000001,"LatDir":"N","LonDeg":80,"LonMin":17,"LonSec":53.899999999999999,"LonDir":"W","LocAdd":"3100 North A1A (66515)","LocCity":"JUPITER","LocCounty":"ST. LUCIE","LocState":"FL","Nepa":"N","QZone":"0        NaN\n1        NaN\n2        NaN\n3        NaN\n4        NaN\n        ... \n24924    NaN\n24925    NaN\n24926    NaN\n24927    NaN\n24928    NaN\nName: 36, Length: 24929, dtype: object","TowReg":0,"SupStruc":49.100000000000001,"AllStruc":50.899999999999999,"StrucType":"B","LicStatus":"A","latdec":27.490583333299998,"londec":-80.298305555599995,"url":"http://wireless2.fcc.gov/UlsApp/UlsSearch/licenseLocSum.jsp?licKey=13224"}},{"type":"Feature","id":769,"geometry":{"type":"Point","coordinates":[-80.091972222161246,26.985388888737077]},"properties":{"FID":769,"OBJECTID":20673,"UniqSysID":13224,"Licensee":"NEW CINGULAR WIRELESS PCS, LLC","Callsign":"KNKA749","LocNum":16,"LatDeg":26,"LatMin":59,"LatSec":7.4000000000000004,"LatDir":"N","LonDeg":80,"LonMin":5,"LonSec":31.100000000000001,"LonDir":"W","LocAdd":"17967 Federal Highway (7244 )","LocCity":"Jensen Beach","LocCounty":"MARTIN","LocState":"FL","Nepa":"N","QZone":"0        NaN\n1        NaN\n2        NaN\n3        NaN\n4        NaN\n        ... \n24924    NaN\n24925    NaN\n24926    NaN\n24927    NaN\n24928    NaN\nName: 36, Length: 24929, dtype: object","TowReg":1221518,"SupStruc":45.700000000000003,"AllStruc":51.799999999999997,"StrucType":"MTOWER","LicStatus":"A","latdec":26.985388888900001,"londec":-80.091972222199999,"url":"http://wireless2.fcc.gov/UlsApp/UlsSearch/licenseLocSum.jsp?licKey=13224"}},{"type":"Feature","id":770,"geometry":{"type":"Point","coordinates":[-80.611027778274945,27.366999999769575]},"properties":{"FID":770,"OBJECTID":20674,"UniqSysID":13224,"Licensee":"NEW CINGULAR WIRELESS PCS, LLC","Callsign":"KNKA749","LocNum":17,"LatDeg":27,"LatMin":22,"LatSec":1.2,"LatDir":"N","LonDeg":80,"LonMin":36,"LonSec":39.700000000000003,"LonDir":"W","LocAdd":"2700 OKEECHOBEE (7247)","LocCity":"Fort Pierce","LocCounty":"ST. LUCIE","LocState":"FL","Nepa":"N","QZone":"0        NaN\n1        NaN\n2        NaN\n3        NaN\n4        NaN\n        ... \n24924    NaN\n24925    NaN\n24926    NaN\n24927    NaN\n24928    NaN\nName: 36, Length: 24929, dtype: object","TowReg":1052322,"SupStruc":101.2,"AllStruc":103.59999999999999,"StrucType":"GTOWER","LicStatus":"A","latdec":27.367000000000001,"londec":-80.611027777800004,"url":"http://wireless2.fcc.gov/UlsApp/UlsSearch/licenseLocSum.jsp?licKey=13224"}},{"type":"Feature","id":771,"geometry":{"type":"Point","coordinates":[-82.529277778147446,27.389638888641741]},"properties":{"FID":771,"OBJECTID":20702,"UniqSysID":13226,"Licensee":"New Cingular Wireless PCS, LLC","Callsign":"KNKA647","LocNum":3,"LatDeg":27,"LatMin":23,"LatSec":22.699999999999999,"LatDir":"N","LonDeg":82,"LonMin":31,"LonSec":45.399999999999999,"LonDir":"W","LocAdd":"8437 ALABAMA STREET  (7535)","LocCity":"BRADENTON","LocCounty":"MANATEE","LocState":"FL","Nepa":"N","QZone":"0        NaN\n1        NaN\n2        NaN\n3        NaN\n4        NaN\n        ... \n24924    NaN\n24925    NaN\n24926    NaN\n24927    NaN\n24928    NaN\nName: 36, Length: 24929, dtype: object","TowReg":1028926,"SupStruc":42.399999999999999,"AllStruc":43,"StrucType":"LTOWER","LicStatus":"A","latdec":27.389638888899999,"londec":-82.529277777800004,"url":"http://wireless2.fcc.gov/UlsApp/UlsSearch/licenseLocSum.jsp?licKey=13226"}},{"type":"Feature","id":772,"geometry":{"type":"Point","coordinates":[-82.266916666972065,27.388083333989186]},"properties":{"FID":772,"OBJECTID":20703,"UniqSysID":13226,"Licensee":"New Cingular Wireless PCS, LLC","Callsign":"KNKA647","LocNum":4,"LatDeg":27,"LatMin":23,"LatSec":17.100000000000001,"LatDir":"N","LonDeg":82,"LonMin":16,"LonSec":0.90000000000000002,"LonDir":"W","LocAdd":"26909 SR 70  (7536)","LocCity":"MYAKKA CITY","LocCounty":"MANATEE","LocState":"FL","Nepa":"N","QZone":"0        NaN\n1        NaN\n2        NaN\n3        NaN\n4        NaN\n        ... \n24924    NaN\n24925    NaN\n24926    NaN\n24927    NaN\n24928    NaN\nName: 36, Length: 24929, dtype: object","TowReg":1028927,"SupStruc":67.400000000000006,"AllStruc":68.299999999999997,"StrucType":"LTOWER","LicStatus":"A","latdec":27.388083333299999,"londec":-82.266916666699998,"url":"http://wireless2.fcc.gov/UlsApp/UlsSearch/licenseLocSum.jsp?licKey=13226"}},{"type":"Feature","id":773,"geometry":{"type":"Point","coordinates":[-82.715666667030632,27.510583332796216]},"properties":{"FID":773,"OBJECTID":20704,"UniqSysID":13226,"Licensee":"New Cingular Wireless PCS, LLC","Callsign":"KNKA647","LocNum":5,"LatDeg":27,"LatMin":30,"LatSec":38.100000000000001,"LatDir":"N","LonDeg":82,"LonMin":42,"LonSec":56.399999999999999,"LonDir":"W","LocAdd":"5910 Marina Drive (7541)","LocCity":"Holmes Beach","LocCounty":"MANATEE","LocState":"FL","Nepa":"N","QZone":"0        NaN\n1        NaN\n2        NaN\n3        NaN\n4        NaN\n        ... \n24924    NaN\n24925    NaN\n24926    NaN\n24927    NaN\n24928    NaN\nName: 36, Length: 24929, dtype: object","TowReg":0,"SupStruc":48.799999999999997,"AllStruc":48.799999999999997,"StrucType":"MTOWER","LicStatus":"A","latdec":27.510583333300001,"londec":-82.715666666700002,"url":"http://wireless2.fcc.gov/UlsApp/UlsSearch/licenseLocSum.jsp?licKey=13226"}},{"type":"Feature","id":774,"geometry":{"type":"Point","coordinates":[-82.664999999766792,27.462444444087851]},"properties":{"FID":774,"OBJECTID":20705,"UniqSysID":13226,"Licensee":"New Cingular Wireless PCS, LLC","Callsign":"KNKA647","LocNum":14,"LatDeg":27,"LatMin":27,"LatSec":44.799999999999997,"LatDir":"N","LonDeg":82,"LonMin":39,"LonSec":54,"LonDir":"W","LocAdd":"10350 Cortez Road  (74495)","LocCity":"Bradenton","LocCounty":"MANATEE","LocState":"FL","Nepa":"N","QZone":"0        NaN\n1        NaN\n2        NaN\n3        NaN\n4        NaN\n        ... \n24924    NaN\n24925    NaN\n24926    NaN\n24927    NaN\n24928    NaN\nName: 36, Length: 24929, dtype: object","TowReg":0,"SupStruc":45.399999999999999,"AllStruc":50.899999999999999,"StrucType":"MTOWER","LicStatus":"A","latdec":27.462444444399999,"londec":-82.665000000000006,"url":"http://wireless2.fcc.gov/UlsApp/UlsSearch/licenseLocSum.jsp?licKey=13226"}},{"type":"Feature","id":775,"geometry":{"type":"Point","coordinates":[-82.626333332597085,27.461583333977217]},"properties":{"FID":775,"OBJECTID":20706,"UniqSysID":13226,"Licensee":"New Cingular Wireless PCS, LLC","Callsign":"KNKA647","LocNum":16,"LatDeg":27,"LatMin":27,"LatSec":41.700000000000003,"LatDir":"N","LonDeg":82,"LonMin":37,"LonSec":34.799999999999997,"LonDir":"W","LocAdd":"4455 66th Street West  (7534)","LocCity":"Bradenton","LocCounty":"MANATEE","LocState":"FL","Nepa":"N","QZone":"0        NaN\n1        NaN\n2        NaN\n3        NaN\n4        NaN\n        ... \n24924    NaN\n24925    NaN\n24926    NaN\n24927    NaN\n24928    NaN\nName: 36, Length: 24929, dtype: object","TowReg":1289251,"SupStruc":39.899999999999999,"AllStruc":41.200000000000003,"StrucType":"MTOWER","LicStatus":"A","latdec":27.461583333299998,"londec":-82.626333333299996,"url":"http://wireless2.fcc.gov/UlsApp/UlsSearch/licenseLocSum.jsp?licKey=13226"}},{"type":"Feature","id":776,"geometry":{"type":"Point","coordinates":[-82.426861111319795,27.597305554744707]},"properties":{"FID":776,"OBJECTID":20707,"UniqSysID":13226,"Licensee":"New Cingular Wireless PCS, LLC","Callsign":"KNKA647","LocNum":17,"LatDeg":27,"LatMin":35,"LatSec":50.299999999999997,"LatDir":"N","LonDeg":82,"LonMin":25,"LonSec":36.700000000000003,"LonDir":"W","LocAdd":"12415 US HIGHWAY 301 NORTH  (74493)","LocCity":"PARRISH","LocCounty":"MANATEE","LocState":"FL","Nepa":"N","QZone":"0        NaN\n1        NaN\n2        NaN\n3        NaN\n4        NaN\n        ... \n24924    NaN\n24925    NaN\n24926    NaN\n24927    NaN\n24928    NaN\nName: 36, Length: 24929, dtype: object","TowReg":0,"SupStruc":57.899999999999999,"AllStruc":60.700000000000003,"StrucType":"MTOWER","LicStatus":"A","latdec":27.597305555599998,"londec":-82.426861111099996,"url":"http://wireless2.fcc.gov/UlsApp/UlsSearch/licenseLocSum.jsp?licKey=13226"}},{"type":"Feature","id":777,"geometry":{"type":"Point","coordinates":[-82.627527778412912,27.496888888634771]},"properties":{"FID":777,"OBJECTID":20708,"UniqSysID":13226,"Licensee":"New Cingular Wireless PCS, LLC","Callsign":"KNKA647","LocNum":6,"LatDeg":27,"LatMin":29,"LatSec":48.799999999999997,"LatDir":"N","LonDeg":82,"LonMin":37,"LonSec":39.100000000000001,"LonDir":"W","LocAdd":"6500 Manatee Avenue  (79223)","LocCity":"Bradenton","LocCounty":"MANATEE","LocState":"FL","Nepa":"N","QZone":"0        NaN\n1        NaN\n2        NaN\n3        NaN\n4        NaN\n        ... \n24924    NaN\n24925    NaN\n24926    NaN\n24927    NaN\n24928    NaN\nName: 36, Length: 24929, dtype: object","TowReg":0,"SupStruc":48.799999999999997,"AllStruc":49.700000000000003,"StrucType":"MTOWER","LicStatus":"A","latdec":27.496888888899999,"londec":-82.627527777799997,"url":"http://wireless2.fcc.gov/UlsApp/UlsSearch/licenseLocSum.jsp?licKey=13226"}},{"type":"Feature","id":778,"geometry":{"type":"Point","coordinates":[-82.48416666719811,27.615555554876948]},"properties":{"FID":778,"OBJECTID":20709,"UniqSysID":13226,"Licensee":"New Cingular Wireless PCS, LLC","Callsign":"KNKA647","LocNum":8,"LatDeg":27,"LatMin":36,"LatSec":56,"LatDir":"N","LonDeg":82,"LonMin":29,"LonSec":3,"LonDir":"W","LocAdd":"10615 CARTER RD  (7539)","LocCity":"Palmetto","LocCounty":"MANATEE","LocState":"FL","Nepa":"N","QZone":"0        NaN\n1        NaN\n2        NaN\n3        NaN\n4        NaN\n        ... \n24924    NaN\n24925    NaN\n24926    NaN\n24927    NaN\n24928    NaN\nName: 36, Length: 24929, dtype: object","TowReg":1009119,"SupStruc":70.099999999999994,"AllStruc":73.200000000000003,"StrucType":"LTOWER","LicStatus":"A","latdec":27.6155555556,"londec":-82.484166666700006,"url":"http://wireless2.fcc.gov/UlsApp/UlsSearch/licenseLocSum.jsp?licKey=13226"}},{"type":"Feature","id":779,"geometry":{"type":"Point","coordinates":[-82.455277778315462,27.4166666661622]},"properties":{"FID":779,"OBJECTID":20710,"UniqSysID":13226,"Licensee":"New Cingular Wireless PCS, LLC","Callsign":"KNKA647","LocNum":9,"LatDeg":27,"LatMin":25,"LatSec":0,"LatDir":"N","LonDeg":82,"LonMin":27,"LonSec":19,"LonDir":"W","LocAdd":"8210 LINGER LODGE RD  (7540)","LocCity":"Bradenton","LocCounty":"MANATEE","LocState":"FL","Nepa":"N","QZone":"0        NaN\n1        NaN\n2        NaN\n3        NaN\n4        NaN\n        ... \n24924    NaN\n24925    NaN\n24926    NaN\n24927    NaN\n24928    NaN\nName: 36, Length: 24929, dtype: object","TowReg":1007878,"SupStruc":70.099999999999994,"AllStruc":74.700000000000003,"StrucType":"LTOWER","LicStatus":"A","latdec":27.416666666699999,"londec":-82.455277777800006,"url":"http://wireless2.fcc.gov/UlsApp/UlsSearch/licenseLocSum.jsp?licKey=13226"}},{"type":"Feature","id":780,"geometry":{"type":"Point","coordinates":[-82.595166667395176,27.437749999780351]},"properties":{"FID":780,"OBJECTID":20711,"UniqSysID":13226,"Licensee":"New Cingular Wireless PCS, LLC","Callsign":"KNKA647","LocNum":10,"LatDeg":27,"LatMin":26,"LatSec":15.9,"LatDir":"N","LonDeg":82,"LonMin":35,"LonSec":42.600000000000001,"LonDir":"W","LocAdd":"5840 26TH Street West  (15307)","LocCity":"Bradenton","LocCounty":"MANATEE","LocState":"FL","Nepa":"N","QZone":"0        NaN\n1        NaN\n2        NaN\n3        NaN\n4        NaN\n        ... \n24924    NaN\n24925    NaN\n24926    NaN\n24927    NaN\n24928    NaN\nName: 36, Length: 24929, dtype: object","TowReg":1277139,"SupStruc":36.600000000000001,"AllStruc":38.399999999999999,"StrucType":"MTOWER","LicStatus":"A","latdec":27.437750000000001,"londec":-82.595166666699996,"url":"http://wireless2.fcc.gov/UlsApp/UlsSearch/licenseLocSum.jsp?licKey=13226"}},{"type":"Feature","id":781,"geometry":{"type":"Point","coordinates":[-82.002416667105194,27.119222222789631]},"properties":{"FID":781,"OBJECTID":20712,"UniqSysID":13226,"Licensee":"New Cingular Wireless PCS, LLC","Callsign":"KNKA647","LocNum":11,"LatDeg":27,"LatMin":7,"LatSec":9.1999999999999993,"LatDir":"N","LonDeg":82,"LonMin":0,"LonSec":8.6999999999999993,"LonDir":"W","LocAdd":"6961 Southwest CR 769  (6799)","LocCity":"Arcadia","LocCounty":"DESOTO","LocState":"FL","Nepa":"N","QZone":"0        NaN\n1        NaN\n2        NaN\n3        NaN\n4        NaN\n        ... \n24924    NaN\n24925    NaN\n24926    NaN\n24927    NaN\n24928    NaN\nName: 36, Length: 24929, dtype: object","TowReg":1218979,"SupStruc":75,"AllStruc":75.599999999999994,"StrucType":"LTOWER","LicStatus":"A","latdec":27.119222222200001,"londec":-82.0024166667,"url":"http://wireless2.fcc.gov/UlsApp/UlsSearch/licenseLocSum.jsp?licKey=13226"}},{"type":"Feature","id":782,"geometry":{"type":"Point","coordinates":[-82.044277777561149,27.482166666633987]},"properties":{"FID":782,"OBJECTID":20713,"UniqSysID":13226,"Licensee":"New Cingular Wireless PCS, LLC","Callsign":"KNKA647","LocNum":12,"LatDeg":27,"LatMin":28,"LatSec":55.799999999999997,"LatDir":"N","LonDeg":82,"LonMin":2,"LonSec":39.399999999999999,"LonDir":"W","LocAdd":"9451 STATE RD 64 WEST  (15570)","LocCity":"Wauchula","LocCounty":"HARDEE","LocState":"FL","Nepa":"N","QZone":"0        NaN\n1        NaN\n2        NaN\n3        NaN\n4        NaN\n        ... \n24924    NaN\n24925    NaN\n24926    NaN\n24927    NaN\n24928    NaN\nName: 36, Length: 24929, dtype: object","TowReg":1058597,"SupStruc":91.400000000000006,"AllStruc":93.900000000000006,"StrucType":"GTOWER","LicStatus":"A","latdec":27.4821666667,"londec":-82.044277777800005,"url":"http://wireless2.fcc.gov/UlsApp/UlsSearch/licenseLocSum.jsp?licKey=13226"}},{"type":"Feature","id":783,"geometry":{"type":"Point","coordinates":[-82.454027777987392,27.39463888867482]},"properties":{"FID":783,"OBJECTID":20714,"UniqSysID":13226,"Licensee":"New Cingular Wireless PCS, LLC","Callsign":"KNKA647","LocNum":18,"LatDeg":27,"LatMin":23,"LatSec":40.700000000000003,"LatDir":"N","LonDeg":82,"LonMin":27,"LonSec":14.5,"LonDir":"W","LocAdd":"8303 COOPER CREEK BLVD  (122627)","LocCity":"Bradenton","LocCounty":"MANATEE","LocState":"FL","Nepa":"N","QZone":"0        NaN\n1        NaN\n2        NaN\n3        NaN\n4        NaN\n        ... \n24924    NaN\n24925    NaN\n24926    NaN\n24927    NaN\n24928    NaN\nName: 36, Length: 24929, dtype: object","TowReg":1011628,"SupStruc":61.299999999999997,"AllStruc":65.799999999999997,"StrucType":"MTOWER","LicStatus":"A","latdec":27.394638888900001,"londec":-82.454027777799993,"url":"http://wireless2.fcc.gov/UlsApp/UlsSearch/licenseLocSum.jsp?licKey=13226"}},{"type":"Feature","id":784,"geometry":{"type":"Point","coordinates":[-82.574111111146237,27.545249999843065]},"properties":{"FID":784,"OBJECTID":20715,"UniqSysID":13226,"Licensee":"New Cingular Wireless PCS, LLC","Callsign":"KNKA647","LocNum":19,"LatDeg":27,"LatMin":32,"LatSec":42.899999999999999,"LatDir":"N","LonDeg":82,"LonMin":34,"LonSec":26.800000000000001,"LonDir":"W","LocAdd":"900 33RD STREET WEST  (119571)","LocCity":"PALMETTO","LocCounty":"MANATEE","LocState":"FL","Nepa":"N","QZone":"0        NaN\n1        NaN\n2        NaN\n3        NaN\n4        NaN\n        ... \n24924    NaN\n24925    NaN\n24926    NaN\n24927    NaN\n24928    NaN\nName: 36, Length: 24929, dtype: object","TowReg":1034035,"SupStruc":184.69999999999999,"AllStruc":185.59999999999999,"StrucType":"GTOWER","LicStatus":"A","latdec":27.545249999999999,"londec":-82.574111111099995,"url":"http://wireless2.fcc.gov/UlsApp/UlsSearch/licenseLocSum.jsp?licKey=13226"}},{"type":"Feature","id":785,"geometry":{"type":"Point","coordinates":[-81.415222223129604,29.181333333727423]},"properties":{"FID":785,"OBJECTID":20855,"UniqSysID":13242,"Licensee":"NEW CINGULAR WIRELESS PCS, LLC","Callsign":"KNKA528","LocNum":3,"LatDeg":29,"LatMin":10,"LatSec":52.799999999999997,"LatDir":"N","LonDeg":81,"LonMin":24,"LonSec":54.799999999999997,"LonDir":"W","LocAdd":"1869 South CR-3   (6575)","LocCity":"BARBERVILLE","LocCounty":"VOLUSIA","LocState":"FL","Nepa":"N","QZone":"0        NaN\n1        NaN\n2        NaN\n3        NaN\n4        NaN\n        ... \n24924    NaN\n24925    NaN\n24926    NaN\n24927    NaN\n24928    NaN\nName: 36, Length: 24929, dtype: object","TowReg":1234904,"SupStruc":92,"AllStruc":93.299999999999997,"StrucType":"LTOWER","LicStatus":"A","latdec":29.1813333333,"londec":-81.415222222200001,"url":"http://wireless2.fcc.gov/UlsApp/UlsSearch/licenseLocSum.jsp?licKey=13242"}},{"type":"Feature","id":786,"geometry":{"type":"Point","coordinates":[-80.92866666566141,29.027333332743638]},"properties":{"FID":786,"OBJECTID":20856,"UniqSysID":13242,"Licensee":"NEW CINGULAR WIRELESS PCS, LLC","Callsign":"KNKA528","LocNum":7,"LatDeg":29,"LatMin":1,"LatSec":38.399999999999999,"LatDir":"N","LonDeg":80,"LonMin":55,"LonSec":43.200000000000003,"LonDir":"W","LocAdd":"414 MARY AVENUE   (6579)","LocCity":"NEW SMYRNA BEACH","LocCounty":"VOLUSIA","LocState":"FL","Nepa":"N","QZone":"0        NaN\n1        NaN\n2        NaN\n3        NaN\n4        NaN\n        ... \n24924    NaN\n24925    NaN\n24926    NaN\n24927    NaN\n24928    NaN\nName: 36, Length: 24929, dtype: object","TowReg":1028938,"SupStruc":55.799999999999997,"AllStruc":58.5,"StrucType":"LTOWER","LicStatus":"A","latdec":29.0273333333,"londec":-80.928666666699996,"url":"http://wireless2.fcc.gov/UlsApp/UlsSearch/licenseLocSum.jsp?licKey=13242"}},{"type":"Feature","id":787,"geometry":{"type":"Point","coordinates":[-80.860750000339578,28.887999999785393]},"properties":{"FID":787,"OBJECTID":20857,"UniqSysID":13242,"Licensee":"NEW CINGULAR WIRELESS PCS, LLC","Callsign":"KNKA528","LocNum":11,"LatDeg":28,"LatMin":53,"LatSec":16.800000000000001,"LatDir":"N","LonDeg":80,"LonMin":51,"LonSec":38.700000000000003,"LonDir":"W","LocAdd":"550 North US Highway 1   (15287)","LocCity":"Oak Hill","LocCounty":"VOLUSIA","LocState":"FL","Nepa":"N","QZone":"0        NaN\n1        NaN\n2        NaN\n3        NaN\n4        NaN\n        ... \n24924    NaN\n24925    NaN\n24926    NaN\n24927    NaN\n24928    NaN\nName: 36, Length: 24929, dtype: object","TowReg":1227142,"SupStruc":69.200000000000003,"AllStruc":71,"StrucType":"LTOWER","LicStatus":"A","latdec":28.888000000000002,"londec":-80.860749999999996,"url":"http://wireless2.fcc.gov/UlsApp/UlsSearch/licenseLocSum.jsp?licKey=13242"}},{"type":"Feature","id":788,"geometry":{"type":"Point","coordinates":[-81.02769444436791,29.267777777612082]},"properties":{"FID":788,"OBJECTID":20858,"UniqSysID":13242,"Licensee":"NEW CINGULAR WIRELESS PCS, LLC","Callsign":"KNKA528","LocNum":14,"LatDeg":29,"LatMin":16,"LatSec":4,"LatDir":"N","LonDeg":81,"LonMin":1,"LonSec":39.700000000000003,"LonDir":"W","LocAdd":"2900 NORTH ATLANTIC AVENUE  (64938)","LocCity":"Daytona Beach","LocCounty":"VOLUSIA","LocState":"FL","Nepa":"N","QZone":"0        NaN\n1        NaN\n2        NaN\n3        NaN\n4        NaN\n        ... \n24924    NaN\n24925    NaN\n24926    NaN\n24927    NaN\n24928    NaN\nName: 36, Length: 24929, dtype: object","TowReg":0,"SupStruc":67.099999999999994,"AllStruc":67.099999999999994,"StrucType":"B","LicStatus":"A","latdec":29.267777777799999,"londec":-81.027694444399998,"url":"http://wireless2.fcc.gov/UlsApp/UlsSearch/licenseLocSum.jsp?licKey=13242"}},{"type":"Feature","id":789,"geometry":{"type":"Point","coordinates":[-80.968833333404291,29.151916667270939]},"properties":{"FID":789,"OBJECTID":20859,"UniqSysID":13242,"Licensee":"NEW CINGULAR WIRELESS PCS, LLC","Callsign":"KNKA528","LocNum":15,"LatDeg":29,"LatMin":9,"LatSec":6.9000000000000004,"LatDir":"N","LonDeg":80,"LonMin":58,"LonSec":7.7999999999999998,"LonDir":"W","LocAdd":"3425 SOUTH ATLANTIC AVENUE  (64948)","LocCity":"Daytona Beach Shores","LocCounty":"VOLUSIA","LocState":"FL","Nepa":"N","QZone":"0        NaN\n1        NaN\n2        NaN\n3        NaN\n4        NaN\n        ... \n24924    NaN\n24925    NaN\n24926    NaN\n24927    NaN\n24928    NaN\nName: 36, Length: 24929, dtype: object","TowReg":0,"SupStruc":64,"AllStruc":64.299999999999997,"StrucType":"B","LicStatus":"A","latdec":29.1519166667,"londec":-80.968833333299997,"url":"http://wireless2.fcc.gov/UlsApp/UlsSearch/licenseLocSum.jsp?licKey=13242"}},{"type":"Feature","id":790,"geometry":{"type":"Point","coordinates":[-81.499138888876416,29.346305555335391]},"properties":{"FID":790,"OBJECTID":20860,"UniqSysID":13242,"Licensee":"NEW CINGULAR WIRELESS PCS, LLC","Callsign":"KNKA528","LocNum":16,"LatDeg":29,"LatMin":20,"LatSec":46.700000000000003,"LatDir":"N","LonDeg":81,"LonMin":29,"LonSec":56.899999999999999,"LonDir":"W","LocAdd":"2295 NORTH US HWY 17   (64949)","LocCity":"Seville","LocCounty":"VOLUSIA","LocState":"FL","Nepa":"N","QZone":"0        NaN\n1        NaN\n2        NaN\n3        NaN\n4        NaN\n        ... \n24924    NaN\n24925    NaN\n24926    NaN\n24927    NaN\n24928    NaN\nName: 36, Length: 24929, dtype: object","TowReg":1056690,"SupStruc":91.400000000000006,"AllStruc":93,"StrucType":"GTOWER","LicStatus":"A","latdec":29.346305555600001,"londec":-81.499138888900006,"url":"http://wireless2.fcc.gov/UlsApp/UlsSearch/licenseLocSum.jsp?licKey=13242"}},{"type":"Feature","id":791,"geometry":{"type":"Point","coordinates":[-81.128916667176327,29.337388889122508]},"properties":{"FID":791,"OBJECTID":20861,"UniqSysID":13242,"Licensee":"NEW CINGULAR WIRELESS PCS, LLC","Callsign":"KNKA528","LocNum":17,"LatDeg":29,"LatMin":20,"LatSec":14.6,"LatDir":"N","LonDeg":81,"LonMin":7,"LonSec":44.100000000000001,"LonDir":"W","LocAdd":"1567 North US 1   (64925)","LocCity":"Ormand Beach","LocCounty":"VOLUSIA","LocState":"FL","Nepa":"N","QZone":"0        NaN\n1        NaN\n2        NaN\n3        NaN\n4        NaN\n        ... \n24924    NaN\n24925    NaN\n24926    NaN\n24927    NaN\n24928    NaN\nName: 36, Length: 24929, dtype: object","TowReg":1220514,"SupStruc":53.299999999999997,"AllStruc":54.899999999999999,"StrucType":"MTOWER","LicStatus":"A","latdec":29.337388888900001,"londec":-81.128916666699993,"url":"http://wireless2.fcc.gov/UlsApp/UlsSearch/licenseLocSum.jsp?licKey=13242"}},{"type":"Feature","id":792,"geometry":{"type":"Point","coordinates":[-81.316583333194387,28.868388889034577]},"properties":{"FID":792,"OBJECTID":20862,"UniqSysID":13242,"Licensee":"NEW CINGULAR WIRELESS PCS, LLC","Callsign":"KNKA528","LocNum":18,"LatDeg":28,"LatMin":52,"LatSec":6.2000000000000002,"LatDir":"N","LonDeg":81,"LonMin":18,"LonSec":59.700000000000003,"LonDir":"W","LocAdd":"350 SOUTH US HIGHWAY 17-92 (64943)","LocCity":"DEBARY","LocCounty":"VOLUSIA","LocState":"FL","Nepa":"N","QZone":"0        NaN\n1        NaN\n2        NaN\n3        NaN\n4        NaN\n        ... \n24924    NaN\n24925    NaN\n24926    NaN\n24927    NaN\n24928    NaN\nName: 36, Length: 24929, dtype: object","TowReg":0,"SupStruc":54.200000000000003,"AllStruc":55.799999999999997,"StrucType":"UPOLE","LicStatus":"A","latdec":28.8683888889,"londec":-81.316583333300002,"url":"http://wireless2.fcc.gov/UlsApp/UlsSearch/licenseLocSum.jsp?licKey=13242"}},{"type":"Feature","id":793,"geometry":{"type":"Point","coordinates":[-80.904777778090534,28.869611111219911]},"properties":{"FID":793,"OBJECTID":20863,"UniqSysID":13242,"Licensee":"NEW CINGULAR WIRELESS PCS, LLC","Callsign":"KNKA528","LocNum":20,"LatDeg":28,"LatMin":52,"LatSec":10.6,"LatDir":"N","LonDeg":80,"LonMin":54,"LonSec":17.199999999999999,"LonDir":"W","LocAdd":"1340 Maytown Rd   (64922)","LocCity":"OAK HILL","LocCounty":"VOLUSIA","LocState":"FL","Nepa":"N","QZone":"0        NaN\n1        NaN\n2        NaN\n3        NaN\n4        NaN\n        ... \n24924    NaN\n24925    NaN\n24926    NaN\n24927    NaN\n24928    NaN\nName: 36, Length: 24929, dtype: object","TowReg":1003606,"SupStruc":126.2,"AllStruc":128.59999999999999,"StrucType":"GTOWER","LicStatus":"A","latdec":28.869611111099999,"londec":-80.904777777800007,"url":"http://wireless2.fcc.gov/UlsApp/UlsSearch/licenseLocSum.jsp?licKey=13242"}},{"type":"Feature","id":794,"geometry":{"type":"Point","coordinates":[-81.020166665593194,28.712666666021278]},"properties":{"FID":794,"OBJECTID":20864,"UniqSysID":13242,"Licensee":"NEW CINGULAR WIRELESS PCS, LLC","Callsign":"KNKA528","LocNum":21,"LatDeg":28,"LatMin":42,"LatSec":45.600000000000001,"LatDir":"N","LonDeg":81,"LonMin":1,"LonSec":12.6,"LonDir":"W","LocAdd":"Morgan Alderman Road   (87300)","LocCity":"Mims","LocCounty":"VOLUSIA","LocState":"FL","Nepa":"N","QZone":"0        NaN\n1        NaN\n2        NaN\n3        NaN\n4        NaN\n        ... \n24924    NaN\n24925    NaN\n24926    NaN\n24927    NaN\n24928    NaN\nName: 36, Length: 24929, dtype: object","TowReg":1256869,"SupStruc":57.899999999999999,"AllStruc":57.899999999999999,"StrucType":"MTOWER","LicStatus":"A","latdec":28.712666666699999,"londec":-81.020166666700007,"url":"http://wireless2.fcc.gov/UlsApp/UlsSearch/licenseLocSum.jsp?licKey=13242"}},{"type":"Feature","id":795,"geometry":{"type":"Point","coordinates":[-81.508416666672929,29.163083333319094]},"properties":{"FID":795,"OBJECTID":20865,"UniqSysID":13242,"Licensee":"NEW CINGULAR WIRELESS PCS, LLC","Callsign":"KNKA528","LocNum":22,"LatDeg":29,"LatMin":9,"LatSec":47.100000000000001,"LatDir":"N","LonDeg":81,"LonMin":30,"LonSec":30.300000000000001,"LonDir":"W","LocAdd":"2120 St. Johns River Rd.   (64947)","LocCity":"Astor","LocCounty":"VOLUSIA","LocState":"FL","Nepa":"N","QZone":"0        NaN\n1        NaN\n2        NaN\n3        NaN\n4        NaN\n        ... \n24924    NaN\n24925    NaN\n24926    NaN\n24927    NaN\n24928    NaN\nName: 36, Length: 24929, dtype: object","TowReg":1242163,"SupStruc":82.299999999999997,"AllStruc":88.400000000000006,"StrucType":"GTOWER","LicStatus":"A","latdec":29.163083333300001,"londec":-81.508416666700001,"url":"http://wireless2.fcc.gov/UlsApp/UlsSearch/licenseLocSum.jsp?licKey=13242"}},{"type":"Feature","id":796,"geometry":{"type":"Point","coordinates":[-81.033750000274608,29.226916666859722]},"properties":{"FID":796,"OBJECTID":20866,"UniqSysID":13242,"Licensee":"NEW CINGULAR WIRELESS PCS, LLC","Callsign":"KNKA528","LocNum":23,"LatDeg":29,"LatMin":13,"LatSec":36.899999999999999,"LatDir":"N","LonDeg":81,"LonMin":2,"LonSec":1.5,"LonDir":"W","LocAdd":"112 Carswell Avenue   (6576)","LocCity":"Holly Hill","LocCounty":"VOLUSIA","LocState":"FL","Nepa":"N","QZone":"0        NaN\n1        NaN\n2        NaN\n3        NaN\n4        NaN\n        ... \n24924    NaN\n24925    NaN\n24926    NaN\n24927    NaN\n24928    NaN\nName: 36, Length: 24929, dtype: object","TowReg":1203757,"SupStruc":91.099999999999994,"AllStruc":94.799999999999997,"StrucType":"LTOWER","LicStatus":"A","latdec":29.226916666699999,"londec":-81.033749999999998,"url":"http://wireless2.fcc.gov/UlsApp/UlsSearch/licenseLocSum.jsp?licKey=13242"}},{"type":"Feature","id":797,"geometry":{"type":"Point","coordinates":[-81.337194445261616,29.030638888908072]},"properties":{"FID":797,"OBJECTID":20867,"UniqSysID":13242,"Licensee":"NEW CINGULAR WIRELESS PCS, LLC","Callsign":"KNKA528","LocNum":24,"LatDeg":29,"LatMin":1,"LatSec":50.299999999999997,"LatDir":"N","LonDeg":81,"LonMin":20,"LonSec":13.9,"LonDir":"W","LocAdd":"248 HAZEN ROAD  (6581)","LocCity":"DELAND","LocCounty":"VOLUSIA","LocState":"FL","Nepa":"N","QZone":"0        NaN\n1        NaN\n2        NaN\n3        NaN\n4        NaN\n        ... \n24924    NaN\n24925    NaN\n24926    NaN\n24927    NaN\n24928    NaN\nName: 36, Length: 24929, dtype: object","TowReg":1028939,"SupStruc":75.299999999999997,"AllStruc":75.900000000000006,"StrucType":"LTOWER","LicStatus":"A","latdec":29.0306388889,"londec":-81.337194444399998,"url":"http://wireless2.fcc.gov/UlsApp/UlsSearch/licenseLocSum.jsp?licKey=13242"}},{"type":"Feature","id":798,"geometry":{"type":"Point","coordinates":[-81.174222222062156,28.856833332804456]},"properties":{"FID":798,"OBJECTID":20868,"UniqSysID":13242,"Licensee":"NEW CINGULAR WIRELESS PCS, LLC","Callsign":"KNKA528","LocNum":25,"LatDeg":28,"LatMin":51,"LatSec":24.600000000000001,"LatDir":"N","LonDeg":81,"LonMin":10,"LonSec":27.199999999999999,"LonDir":"W","LocAdd":"395 COLLINS ROAD   (14075)","LocCity":"Osteen","LocCounty":"VOLUSIA","LocState":"FL","Nepa":"N","QZone":"0        NaN\n1        NaN\n2        NaN\n3        NaN\n4        NaN\n        ... \n24924    NaN\n24925    NaN\n24926    NaN\n24927    NaN\n24928    NaN\nName: 36, Length: 24929, dtype: object","TowReg":1222877,"SupStruc":59.399999999999999,"AllStruc":62.200000000000003,"StrucType":"MTOWER","LicStatus":"A","latdec":28.856833333299999,"londec":-81.174222222200001,"url":"http://wireless2.fcc.gov/UlsApp/UlsSearch/licenseLocSum.jsp?licKey=13242"}},{"type":"Feature","id":799,"geometry":{"type":"Point","coordinates":[-82.154305556279155,29.023944445252823]},"properties":{"FID":799,"OBJECTID":21389,"UniqSysID":13277,"Licensee":"AT&T Mobility Wireless Operations Holdings Inc.","Callsign":"KNKA753","LocNum":26,"LatDeg":29,"LatMin":1,"LatSec":26.199999999999999,"LatDir":"N","LonDeg":82,"LonMin":9,"LonSec":15.5,"LonDir":"W","LocAdd":"13700 SW 16TH AVE   (7579)","LocCity":"OCALA","LocCounty":"MARION","LocState":"FL","Nepa":"N","QZone":"0        NaN\n1        NaN\n2        NaN\n3        NaN\n4        NaN\n        ... \n24924    NaN\n24925    NaN\n24926    NaN\n24927    NaN\n24928    NaN\nName: 36, Length: 24929, dtype: object","TowReg":1207691,"SupStruc":67.099999999999994,"AllStruc":68.900000000000006,"StrucType":"MTOWER","LicStatus":"A","latdec":29.023944444400001,"londec":-82.154305555600004,"url":"http://wireless2.fcc.gov/UlsApp/UlsSearch/licenseLocSum.jsp?licKey=13277"}},{"type":"Feature","id":800,"geometry":{"type":"Point","coordinates":[-82.443861110929049,29.125555555828214]},"properties":{"FID":800,"OBJECTID":21390,"UniqSysID":13277,"Licensee":"AT&T Mobility Wireless Operations Holdings Inc.","Callsign":"KNKA753","LocNum":27,"LatDeg":29,"LatMin":7,"LatSec":32,"LatDir":"N","LonDeg":82,"LonMin":26,"LonSec":37.899999999999999,"LonDir":"W","LocAdd":"SW 61ST & SW 194TH AVE   (70670)","LocCity":"DUNNELLON","LocCounty":"MARION","LocState":"FL","Nepa":"N","QZone":"0        NaN\n1        NaN\n2        NaN\n3        NaN\n4        NaN\n        ... \n24924    NaN\n24925    NaN\n24926    NaN\n24927    NaN\n24928    NaN\nName: 36, Length: 24929, dtype: object","TowReg":1216244,"SupStruc":76.200000000000003,"AllStruc":79.900000000000006,"StrucType":"LTOWER","LicStatus":"A","latdec":29.125555555599998,"londec":-82.443861111100006,"url":"http://wireless2.fcc.gov/UlsApp/UlsSearch/licenseLocSum.jsp?licKey=13277"}},{"type":"Feature","id":801,"geometry":{"type":"Point","coordinates":[-82.008527778422263,29.012249999702249]},"properties":{"FID":801,"OBJECTID":21391,"UniqSysID":13277,"Licensee":"AT&T Mobility Wireless Operations Holdings Inc.","Callsign":"KNKA753","LocNum":28,"LatDeg":29,"LatMin":0,"LatSec":44.100000000000001,"LatDir":"N","LonDeg":82,"LonMin":0,"LonSec":30.699999999999999,"LonDir":"W","LocAdd":"8700 SE 143rd Lane   (99169)","LocCity":"Summerfield","LocCounty":"MARION","LocState":"FL","Nepa":"N","QZone":"0        NaN\n1        NaN\n2        NaN\n3        NaN\n4        NaN\n        ... \n24924    NaN\n24925    NaN\n24926    NaN\n24927    NaN\n24928    NaN\nName: 36, Length: 24929, dtype: object","TowReg":1244141,"SupStruc":50.899999999999999,"AllStruc":52.100000000000001,"StrucType":"MTOWER","LicStatus":"A","latdec":29.012250000000002,"londec":-82.008527777799998,"url":"http://wireless2.fcc.gov/UlsApp/UlsSearch/licenseLocSum.jsp?licKey=13277"}},{"type":"Feature","id":802,"geometry":{"type":"Point","coordinates":[-81.508416666672929,29.163083333319094]},"properties":{"FID":802,"OBJECTID":21392,"UniqSysID":13277,"Licensee":"AT&T Mobility Wireless Operations Holdings Inc.","Callsign":"KNKA753","LocNum":8,"LatDeg":29,"LatMin":9,"LatSec":47.100000000000001,"LatDir":"N","LonDeg":81,"LonMin":30,"LonSec":30.300000000000001,"LonDir":"W","LocAdd":"2120 St. Johns River Road  (64947)","LocCity":"Astor","LocCounty":"VOLUSIA","LocState":"FL","Nepa":"N","QZone":"0        NaN\n1        NaN\n2        NaN\n3        NaN\n4        NaN\n        ... \n24924    NaN\n24925    NaN\n24926    NaN\n24927    NaN\n24928    NaN\nName: 36, Length: 24929, dtype: object","TowReg":1242163,"SupStruc":82.299999999999997,"AllStruc":88.400000000000006,"StrucType":"GTOWER","LicStatus":"A","latdec":29.163083333300001,"londec":-81.508416666700001,"url":"http://wireless2.fcc.gov/UlsApp/UlsSearch/licenseLocSum.jsp?licKey=13277"}},{"type":"Feature","id":803,"geometry":{"type":"Point","coordinates":[-81.499138888876416,29.346305555335391]},"properties":{"FID":803,"OBJECTID":21393,"UniqSysID":13277,"Licensee":"AT&T Mobility Wireless Operations Holdings Inc.","Callsign":"KNKA753","LocNum":9,"LatDeg":29,"LatMin":20,"LatSec":46.700000000000003,"LatDir":"N","LonDeg":81,"LonMin":29,"LonSec":56.899999999999999,"LonDir":"W","LocAdd":"2295 NORTH US HWY 17   (64949)","LocCity":"Seville","LocCounty":"VOLUSIA","LocState":"FL","Nepa":"N","QZone":"0        NaN\n1        NaN\n2        NaN\n3        NaN\n4        NaN\n        ... \n24924    NaN\n24925    NaN\n24926    NaN\n24927    NaN\n24928    NaN\nName: 36, Length: 24929, dtype: object","TowReg":1056690,"SupStruc":91.400000000000006,"AllStruc":92.900000000000006,"StrucType":"GTOWER","LicStatus":"A","latdec":29.346305555600001,"londec":-81.499138888900006,"url":"http://wireless2.fcc.gov/UlsApp/UlsSearch/licenseLocSum.jsp?licKey=13277"}},{"type":"Feature","id":804,"geometry":{"type":"Point","coordinates":[-82.135666666672137,28.978722222775218]},"properties":{"FID":804,"OBJECTID":21394,"UniqSysID":13277,"Licensee":"AT&T Mobility Wireless Operations Holdings Inc.","Callsign":"KNKA753","LocNum":11,"LatDeg":28,"LatMin":58,"LatSec":43.399999999999999,"LatDir":"N","LonDeg":82,"LonMin":8,"LonSec":8.4000000000000004,"LonDir":"W","LocAdd":"16701 SW 20th Avenue Road  (70658)","LocCity":"BELLEVIEW","LocCounty":"MARION","LocState":"FL","Nepa":"N","QZone":"0        NaN\n1        NaN\n2        NaN\n3        NaN\n4        NaN\n        ... \n24924    NaN\n24925    NaN\n24926    NaN\n24927    NaN\n24928    NaN\nName: 36, Length: 24929, dtype: object","TowReg":1029179,"SupStruc":92,"AllStruc":93.299999999999997,"StrucType":"GTOWER","LicStatus":"A","latdec":28.978722222199998,"londec":-82.135666666700004,"url":"http://wireless2.fcc.gov/UlsApp/UlsSearch/licenseLocSum.jsp?licKey=13277"}},{"type":"Feature","id":805,"geometry":{"type":"Point","coordinates":[-82.449194444703494,29.068611110950883]},"properties":{"FID":805,"OBJECTID":21395,"UniqSysID":13277,"Licensee":"AT&T Mobility Wireless Operations Holdings Inc.","Callsign":"KNKA753","LocNum":12,"LatDeg":29,"LatMin":4,"LatSec":7,"LatDir":"N","LonDeg":82,"LonMin":26,"LonSec":57.100000000000001,"LonDir":"W","LocAdd":"19877 SOUTHWEST 106TH LANE (80974)","LocCity":"DUNNELLON","LocCounty":"MARION","LocState":"FL","Nepa":"N","QZone":"0        NaN\n1        NaN\n2        NaN\n3        NaN\n4        NaN\n        ... \n24924    NaN\n24925    NaN\n24926    NaN\n24927    NaN\n24928    NaN\nName: 36, Length: 24929, dtype: object","TowReg":0,"SupStruc":58.5,"AllStruc":59.700000000000003,"StrucType":"MTOWER","LicStatus":"A","latdec":29.068611111100001,"londec":-82.449194444400007,"url":"http://wireless2.fcc.gov/UlsApp/UlsSearch/licenseLocSum.jsp?licKey=13277"}},{"type":"Feature","id":806,"geometry":{"type":"Point","coordinates":[-81.666361110855178,28.941861110993614]},"properties":{"FID":806,"OBJECTID":21396,"UniqSysID":13277,"Licensee":"AT&T Mobility Wireless Operations Holdings Inc.","Callsign":"KNKA753","LocNum":14,"LatDeg":28,"LatMin":56,"LatSec":30.699999999999999,"LatDir":"N","LonDeg":81,"LonMin":39,"LonSec":58.899999999999999,"LonDir":"W","LocAdd":"1025 BULLDOG WAY   (71403)","LocCity":"UMATILLA","LocCounty":"LAKE","LocState":"FL","Nepa":"N","QZone":"0        NaN\n1        NaN\n2        NaN\n3        NaN\n4        NaN\n        ... \n24924    NaN\n24925    NaN\n24926    NaN\n24927    NaN\n24928    NaN\nName: 36, Length: 24929, dtype: object","TowReg":1209725,"SupStruc":76.200000000000003,"AllStruc":81.5,"StrucType":"LTOWER","LicStatus":"A","latdec":28.9418611111,"londec":-81.666361111100002,"url":"http://wireless2.fcc.gov/UlsApp/UlsSearch/licenseLocSum.jsp?licKey=13277"}},{"type":"Feature","id":807,"geometry":{"type":"Point","coordinates":[-81.978972221919435,29.631583334139634]},"properties":{"FID":807,"OBJECTID":21397,"UniqSysID":13277,"Licensee":"AT&T Mobility Wireless Operations Holdings Inc.","Callsign":"KNKA753","LocNum":16,"LatDeg":29,"LatMin":37,"LatSec":53.700000000000003,"LatDir":"N","LonDeg":81,"LonMin":58,"LonSec":44.299999999999997,"LonDir":"W","LocAdd":"141 CAROLYN LANE   (45030)","LocCity":"HAWTHORNE","LocCounty":"PUTNAM","LocState":"FL","Nepa":"N","QZone":"0        NaN\n1        NaN\n2        NaN\n3        NaN\n4        NaN\n        ... \n24924    NaN\n24925    NaN\n24926    NaN\n24927    NaN\n24928    NaN\nName: 36, Length: 24929, dtype: object","TowReg":1029256,"SupStruc":92,"AllStruc":95.700000000000003,"StrucType":"GTOWER","LicStatus":"A","latdec":29.6315833333,"londec":-81.978972222199999,"url":"http://wireless2.fcc.gov/UlsApp/UlsSearch/licenseLocSum.jsp?licKey=13277"}},{"type":"Feature","id":808,"geometry":{"type":"Point","coordinates":[-82.262472221561154,29.446361111060298]},"properties":{"FID":808,"OBJECTID":21398,"UniqSysID":13277,"Licensee":"AT&T Mobility Wireless Operations Holdings Inc.","Callsign":"KNKA753","LocNum":18,"LatDeg":29,"LatMin":26,"LatSec":46.899999999999999,"LatDir":"N","LonDeg":82,"LonMin":15,"LonSec":44.899999999999999,"LonDir":"W","LocAdd":"8501 NW HWY 320   (13767)","LocCity":"MCINTOSH","LocCounty":"MARION","LocState":"FL","Nepa":"N","QZone":"0        NaN\n1        NaN\n2        NaN\n3        NaN\n4        NaN\n        ... \n24924    NaN\n24925    NaN\n24926    NaN\n24927    NaN\n24928    NaN\nName: 36, Length: 24929, dtype: object","TowReg":1059123,"SupStruc":65.5,"AllStruc":82.299999999999997,"StrucType":"LTOWER","LicStatus":"A","latdec":29.4463611111,"londec":-82.262472222200003,"url":"http://wireless2.fcc.gov/UlsApp/UlsSearch/licenseLocSum.jsp?licKey=13277"}},{"type":"Feature","id":809,"geometry":{"type":"Point","coordinates":[-82.334777777781767,29.006722222180315]},"properties":{"FID":809,"OBJECTID":21399,"UniqSysID":13277,"Licensee":"AT&T Mobility Wireless Operations Holdings Inc.","Callsign":"KNKA753","LocNum":20,"LatDeg":29,"LatMin":0,"LatSec":24.199999999999999,"LatDir":"N","LonDeg":82,"LonMin":20,"LonSec":5.2000000000000002,"LonDir":"W","LocAdd":"12996 SW 147TH LANE   (70668)","LocCity":"DUNNELLON","LocCounty":"MARION","LocState":"FL","Nepa":"N","QZone":"0        NaN\n1        NaN\n2        NaN\n3        NaN\n4        NaN\n        ... \n24924    NaN\n24925    NaN\n24926    NaN\n24927    NaN\n24928    NaN\nName: 36, Length: 24929, dtype: object","TowReg":1239883,"SupStruc":91.400000000000006,"AllStruc":97.5,"StrucType":"GTOWER","LicStatus":"A","latdec":29.006722222200001,"londec":-82.334777777799999,"url":"http://wireless2.fcc.gov/UlsApp/UlsSearch/licenseLocSum.jsp?licKey=13277"}},{"type":"Feature","id":810,"geometry":{"type":"Point","coordinates":[-82.374666666675751,29.327638888905199]},"properties":{"FID":810,"OBJECTID":21400,"UniqSysID":13277,"Licensee":"AT&T Mobility Wireless Operations Holdings Inc.","Callsign":"KNKA753","LocNum":21,"LatDeg":29,"LatMin":19,"LatSec":39.5,"LatDir":"N","LonDeg":82,"LonMin":22,"LonSec":28.800000000000001,"LonDir":"W","LocAdd":"15151 N HWY 27   (70669)","LocCity":"WILLISTON","LocCounty":"MARION","LocState":"FL","Nepa":"N","QZone":"0        NaN\n1        NaN\n2        NaN\n3        NaN\n4        NaN\n        ... \n24924    NaN\n24925    NaN\n24926    NaN\n24927    NaN\n24928    NaN\nName: 36, Length: 24929, dtype: object","TowReg":1244768,"SupStruc":78.299999999999997,"AllStruc":79.200000000000003,"StrucType":"MTOWER","LicStatus":"A","latdec":29.327638888900001,"londec":-82.374666666699994,"url":"http://wireless2.fcc.gov/UlsApp/UlsSearch/licenseLocSum.jsp?licKey=13277"}},{"type":"Feature","id":811,"geometry":{"type":"Point","coordinates":[-82.433611110755066,29.198194445158038]},"properties":{"FID":811,"OBJECTID":21401,"UniqSysID":13277,"Licensee":"AT&T Mobility Wireless Operations Holdings Inc.","Callsign":"KNKA753","LocNum":22,"LatDeg":29,"LatMin":11,"LatSec":53.5,"LatDir":"N","LonDeg":82,"LonMin":26,"LonSec":1,"LonDir":"W","LocAdd":"18776 W HWY 328   (70671)","LocCity":"Dunnellon","LocCounty":"MARION","LocState":"FL","Nepa":"N","QZone":"0        NaN\n1        NaN\n2        NaN\n3        NaN\n4        NaN\n        ... \n24924    NaN\n24925    NaN\n24926    NaN\n24927    NaN\n24928    NaN\nName: 36, Length: 24929, dtype: object","TowReg":1243873,"SupStruc":76.200000000000003,"AllStruc":77.400000000000006,"StrucType":"LTOWER","LicStatus":"A","latdec":29.198194444399999,"londec":-82.433611111100006,"url":"http://wireless2.fcc.gov/UlsApp/UlsSearch/licenseLocSum.jsp?licKey=13277"}},{"type":"Feature","id":812,"geometry":{"type":"Point","coordinates":[-81.659888889370279,29.480305554975359]},"properties":{"FID":812,"OBJECTID":21402,"UniqSysID":13277,"Licensee":"AT&T Mobility Wireless Operations Holdings Inc.","Callsign":"KNKA753","LocNum":23,"LatDeg":29,"LatMin":28,"LatSec":49.100000000000001,"LatDir":"N","LonDeg":81,"LonMin":39,"LonSec":35.600000000000001,"LonDir":"W","LocAdd":"990 Elm Street   (102513)","LocCity":"Welaka","LocCounty":"PUTNAM","LocState":"FL","Nepa":"N","QZone":"0        NaN\n1        NaN\n2        NaN\n3        NaN\n4        NaN\n        ... \n24924    NaN\n24925    NaN\n24926    NaN\n24927    NaN\n24928    NaN\nName: 36, Length: 24929, dtype: object","TowReg":1260696,"SupStruc":68.599999999999994,"AllStruc":69.799999999999997,"StrucType":"LTOWER","LicStatus":"A","latdec":29.480305555600001,"londec":-81.659888888899999,"url":"http://wireless2.fcc.gov/UlsApp/UlsSearch/licenseLocSum.jsp?licKey=13277"}},{"type":"Feature","id":813,"geometry":{"type":"Point","coordinates":[-82.890249999756122,29.953027777718205]},"properties":{"FID":813,"OBJECTID":21421,"UniqSysID":13280,"Licensee":"New Cingular Wireless PCS, LLC","Callsign":"KNKQ382","LocNum":4,"LatDeg":29,"LatMin":57,"LatSec":10.9,"LatDir":"N","LonDeg":82,"LonMin":53,"LonSec":24.899999999999999,"LonDir":"W","LocAdd":"7111 US HIGHWAY 27 (45049)","LocCity":"Branford","LocCounty":"SUWANNEE","LocState":"FL","Nepa":"N","QZone":"0        NaN\n1        NaN\n2        NaN\n3        NaN\n4        NaN\n        ... \n24924    NaN\n24925    NaN\n24926    NaN\n24927    NaN\n24928    NaN\nName: 36, Length: 24929, dtype: object","TowReg":1027957,"SupStruc":79.200000000000003,"AllStruc":82.299999999999997,"StrucType":"GTOWER","LicStatus":"A","latdec":29.953027777799999,"londec":-82.890249999999995,"url":"http://wireless2.fcc.gov/UlsApp/UlsSearch/licenseLocSum.jsp?licKey=13280"}},{"type":"Feature","id":814,"geometry":{"type":"Point","coordinates":[-83.098944444317851,30.360222221760978]},"properties":{"FID":814,"OBJECTID":21422,"UniqSysID":13280,"Licensee":"New Cingular Wireless PCS, LLC","Callsign":"KNKQ382","LocNum":12,"LatDeg":30,"LatMin":21,"LatSec":36.799999999999997,"LatDir":"N","LonDeg":83,"LonMin":5,"LonSec":56.200000000000003,"LonDir":"W","LocAdd":"16929 50th Street (45058)","LocCity":"Live Oak","LocCounty":"SUWANNEE","LocState":"FL","Nepa":"N","QZone":"0        NaN\n1        NaN\n2        NaN\n3        NaN\n4        NaN\n        ... \n24924    NaN\n24925    NaN\n24926    NaN\n24927    NaN\n24928    NaN\nName: 36, Length: 24929, dtype: object","TowReg":1227163,"SupStruc":91.700000000000003,"AllStruc":99.400000000000006,"StrucType":"GTOWER","LicStatus":"A","latdec":30.360222222200001,"londec":-83.098944444400004,"url":"http://wireless2.fcc.gov/UlsApp/UlsSearch/licenseLocSum.jsp?licKey=13280"}},{"type":"Feature","id":815,"geometry":{"type":"Point","coordinates":[-82.498944445000291,30.234361111183603]},"properties":{"FID":815,"OBJECTID":21423,"UniqSysID":13280,"Licensee":"New Cingular Wireless PCS, LLC","Callsign":"KNKQ382","LocNum":15,"LatDeg":30,"LatMin":14,"LatSec":3.7000000000000002,"LatDir":"N","LonDeg":82,"LonMin":29,"LonSec":56.200000000000003,"LonDir":"W","LocAdd":"171 Northeast Jarrett Drive (45047)","LocCity":"LAKE CITY","LocCounty":"COLUMBIA","LocState":"FL","Nepa":"N","QZone":"0        NaN\n1        NaN\n2        NaN\n3        NaN\n4        NaN\n        ... \n24924    NaN\n24925    NaN\n24926    NaN\n24927    NaN\n24928    NaN\nName: 36, Length: 24929, dtype: object","TowReg":1232815,"SupStruc":75.299999999999997,"AllStruc":79.200000000000003,"StrucType":"LTOWER","LicStatus":"A","latdec":30.2343611111,"londec":-82.498944444399996,"url":"http://wireless2.fcc.gov/UlsApp/UlsSearch/licenseLocSum.jsp?licKey=13280"}},{"type":"Feature","id":816,"geometry":{"type":"Point","coordinates":[-82.229388889309462,30.063694445333113]},"properties":{"FID":816,"OBJECTID":21424,"UniqSysID":13280,"Licensee":"New Cingular Wireless PCS, LLC","Callsign":"KNKQ382","LocNum":18,"LatDeg":30,"LatMin":3,"LatSec":49.299999999999997,"LatDir":"N","LonDeg":82,"LonMin":13,"LonSec":45.799999999999997,"LonDir":"W","LocAdd":"10930 REEVES ROAD (45060)","LocCity":"RAIFORD","LocCounty":"UNION","LocState":"FL","Nepa":"N","QZone":"0        NaN\n1        NaN\n2        NaN\n3        NaN\n4        NaN\n        ... \n24924    NaN\n24925    NaN\n24926    NaN\n24927    NaN\n24928    NaN\nName: 36, Length: 24929, dtype: object","TowReg":1050651,"SupStruc":91.700000000000003,"AllStruc":96.900000000000006,"StrucType":"GTOWER","LicStatus":"A","latdec":30.063694444399999,"londec":-82.229388888900004,"url":"http://wireless2.fcc.gov/UlsApp/UlsSearch/licenseLocSum.jsp?licKey=13280"}},{"type":"Feature","id":817,"geometry":{"type":"Point","coordinates":[-82.935888888002864,30.454666667100014]},"properties":{"FID":817,"OBJECTID":21425,"UniqSysID":13280,"Licensee":"New Cingular Wireless PCS, LLC","Callsign":"KNKQ382","LocNum":25,"LatDeg":30,"LatMin":27,"LatSec":16.800000000000001,"LatDir":"N","LonDeg":82,"LonMin":56,"LonSec":9.1999999999999993,"LonDir":"W","LocAdd":"6407 US HIGHWAY 129 S (45043)","LocCity":"JASPER","LocCounty":"HAMILTON","LocState":"FL","Nepa":"N","QZone":"0        NaN\n1        NaN\n2        NaN\n3        NaN\n4        NaN\n        ... \n24924    NaN\n24925    NaN\n24926    NaN\n24927    NaN\n24928    NaN\nName: 36, Length: 24929, dtype: object","TowReg":1231261,"SupStruc":91.700000000000003,"AllStruc":96.900000000000006,"StrucType":"GTOWER","LicStatus":"A","latdec":30.4546666667,"londec":-82.935888888899996,"url":"http://wireless2.fcc.gov/UlsApp/UlsSearch/licenseLocSum.jsp?licKey=13280"}},{"type":"Feature","id":818,"geometry":{"type":"Point","coordinates":[-83.103416667434033,30.570416665986897]},"properties":{"FID":818,"OBJECTID":21426,"UniqSysID":13280,"Licensee":"New Cingular Wireless PCS, LLC","Callsign":"KNKQ382","LocNum":19,"LatDeg":30,"LatMin":34,"LatSec":13.5,"LatDir":"N","LonDeg":83,"LonMin":6,"LonSec":12.300000000000001,"LonDir":"W","LocAdd":"6583 NW 27TH BOULEVARD  (44890)","LocCity":"Jennings","LocCounty":"HAMILTON","LocState":"FL","Nepa":"N","QZone":"0        NaN\n1        NaN\n2        NaN\n3        NaN\n4        NaN\n        ... \n24924    NaN\n24925    NaN\n24926    NaN\n24927    NaN\n24928    NaN\nName: 36, Length: 24929, dtype: object","TowReg":1219662,"SupStruc":91.400000000000006,"AllStruc":94.5,"StrucType":"LTOWER","LicStatus":"A","latdec":30.570416666700002,"londec":-83.103416666699999,"url":"http://wireless2.fcc.gov/UlsApp/UlsSearch/licenseLocSum.jsp?licKey=13280"}},{"type":"Feature","id":819,"geometry":{"type":"Point","coordinates":[-82.672111112064897,29.90866666579268]},"properties":{"FID":819,"OBJECTID":21427,"UniqSysID":13280,"Licensee":"New Cingular Wireless PCS, LLC","Callsign":"KNKQ382","LocNum":20,"LatDeg":29,"LatMin":54,"LatSec":31.199999999999999,"LatDir":"N","LonDeg":82,"LonMin":40,"LonSec":19.600000000000001,"LonDir":"W","LocAdd":"ELLIS ROAD (45050)","LocCity":"FORT WHITE","LocCounty":"COLUMBIA","LocState":"FL","Nepa":"N","QZone":"0        NaN\n1        NaN\n2        NaN\n3        NaN\n4        NaN\n        ... \n24924    NaN\n24925    NaN\n24926    NaN\n24927    NaN\n24928    NaN\nName: 36, Length: 24929, dtype: object","TowReg":1055549,"SupStruc":92.400000000000006,"AllStruc":96.900000000000006,"StrucType":"GTOWER","LicStatus":"A","latdec":29.9086666667,"londec":-82.672111111099994,"url":"http://wireless2.fcc.gov/UlsApp/UlsSearch/licenseLocSum.jsp?licKey=13280"}},{"type":"Feature","id":820,"geometry":{"type":"Point","coordinates":[-83.081333334295437,30.158722222279891]},"properties":{"FID":820,"OBJECTID":21428,"UniqSysID":13280,"Licensee":"New Cingular Wireless PCS, LLC","Callsign":"KNKQ382","LocNum":21,"LatDeg":30,"LatMin":9,"LatSec":31.399999999999999,"LatDir":"N","LonDeg":83,"LonMin":4,"LonSec":52.799999999999997,"LonDir":"W","LocAdd":"16011 161ST ROAD (45053)","LocCity":"Mcalpin","LocCounty":"SUWANNEE","LocState":"FL","Nepa":"N","QZone":"0        NaN\n1        NaN\n2        NaN\n3        NaN\n4        NaN\n        ... \n24924    NaN\n24925    NaN\n24926    NaN\n24927    NaN\n24928    NaN\nName: 36, Length: 24929, dtype: object","TowReg":1008364,"SupStruc":116.7,"AllStruc":121.3,"StrucType":"GTOWER","LicStatus":"A","latdec":30.158722222200002,"londec":-83.081333333299995,"url":"http://wireless2.fcc.gov/UlsApp/UlsSearch/licenseLocSum.jsp?licKey=13280"}},{"type":"Feature","id":821,"geometry":{"type":"Point","coordinates":[-82.374916666921081,30.034416666914581]},"properties":{"FID":821,"OBJECTID":21429,"UniqSysID":13280,"Licensee":"New Cingular Wireless PCS, LLC","Callsign":"KNKQ382","LocNum":22,"LatDeg":30,"LatMin":2,"LatSec":3.8999999999999999,"LatDir":"N","LonDeg":82,"LonMin":22,"LonSec":29.699999999999999,"LonDir":"W","LocAdd":"14785 NW 111th DRIVE (45055)","LocCity":"LAKE BUTLER","LocCounty":"UNION","LocState":"FL","Nepa":"N","QZone":"0        NaN\n1        NaN\n2        NaN\n3        NaN\n4        NaN\n        ... \n24924    NaN\n24925    NaN\n24926    NaN\n24927    NaN\n24928    NaN\nName: 36, Length: 24929, dtype: object","TowReg":1029001,"SupStruc":76.799999999999997,"AllStruc":81.400000000000006,"StrucType":"GTOWER","LicStatus":"A","latdec":30.0344166667,"londec":-82.374916666700003,"url":"http://wireless2.fcc.gov/UlsApp/UlsSearch/licenseLocSum.jsp?licKey=13280"}},{"type":"Feature","id":822,"geometry":{"type":"Point","coordinates":[-82.558111110721313,29.948416667294964]},"properties":{"FID":822,"OBJECTID":21430,"UniqSysID":13280,"Licensee":"New Cingular Wireless PCS, LLC","Callsign":"KNKQ382","LocNum":23,"LatDeg":29,"LatMin":56,"LatSec":54.299999999999997,"LatDir":"N","LonDeg":82,"LonMin":33,"LonSec":29.199999999999999,"LonDir":"W","LocAdd":"3050 SOUTHEAST COUNTY ROAD 18(45057)","LocCity":"Lake City","LocCounty":"COLUMBIA","LocState":"FL","Nepa":"N","QZone":"0        NaN\n1        NaN\n2        NaN\n3        NaN\n4        NaN\n        ... \n24924    NaN\n24925    NaN\n24926    NaN\n24927    NaN\n24928    NaN\nName: 36, Length: 24929, dtype: object","TowReg":1027952,"SupStruc":81.099999999999994,"AllStruc":90.200000000000003,"StrucType":"LTOWER","LicStatus":"A","latdec":29.948416666699998,"londec":-82.558111111100004,"url":"http://wireless2.fcc.gov/UlsApp/UlsSearch/licenseLocSum.jsp?licKey=13280"}},{"type":"Feature","id":823,"geometry":{"type":"Point","coordinates":[-82.672888888709167,30.518222221771907]},"properties":{"FID":823,"OBJECTID":21431,"UniqSysID":13280,"Licensee":"New Cingular Wireless PCS, LLC","Callsign":"KNKQ382","LocNum":24,"LatDeg":30,"LatMin":31,"LatSec":5.5999999999999996,"LatDir":"N","LonDeg":82,"LonMin":40,"LonSec":22.399999999999999,"LonDir":"W","LocAdd":"188 NW BAYCREEK STREET (45059)","LocCity":"Lake City","LocCounty":"COLUMBIA","LocState":"FL","Nepa":"N","QZone":"0        NaN\n1        NaN\n2        NaN\n3        NaN\n4        NaN\n        ... \n24924    NaN\n24925    NaN\n24926    NaN\n24927    NaN\n24928    NaN\nName: 36, Length: 24929, dtype: object","TowReg":1027946,"SupStruc":91.400000000000006,"AllStruc":97.799999999999997,"StrucType":"GTOWER","LicStatus":"A","latdec":30.518222222199999,"londec":-82.672888888900005,"url":"http://wireless2.fcc.gov/UlsApp/UlsSearch/licenseLocSum.jsp?licKey=13280"}},{"type":"Feature","id":824,"geometry":{"type":"Point","coordinates":[-80.849722221724619,28.580555554846626]},"properties":{"FID":824,"OBJECTID":21457,"UniqSysID":13283,"Licensee":"New Cingular Wireless PCS, LLC","Callsign":"KNKA617","LocNum":6,"LatDeg":28,"LatMin":34,"LatSec":50,"LatDir":"N","LonDeg":80,"LonMin":50,"LonSec":59,"LonDir":"W","LocAdd":"3430 KILMARNOCH LANE (6600)","LocCity":"TITUSVILLE","LocCounty":"BREVARD","LocState":"FL","Nepa":"N","QZone":"0        NaN\n1        NaN\n2        NaN\n3        NaN\n4        NaN\n        ... \n24924    NaN\n24925    NaN\n24926    NaN\n24927    NaN\n24928    NaN\nName: 36, Length: 24929, dtype: object","TowReg":1027233,"SupStruc":94.5,"AllStruc":94.5,"StrucType":"GTOWER","LicStatus":"A","latdec":28.5805555556,"londec":-80.8497222222,"url":"http://wireless2.fcc.gov/UlsApp/UlsSearch/licenseLocSum.jsp?licKey=13283"}},{"type":"Feature","id":825,"geometry":{"type":"Point","coordinates":[-80.720583334207618,28.065916666306805]},"properties":{"FID":825,"OBJECTID":21458,"UniqSysID":13283,"Licensee":"New Cingular Wireless PCS, LLC","Callsign":"KNKA617","LocNum":9,"LatDeg":28,"LatMin":3,"LatSec":57.299999999999997,"LatDir":"N","LonDeg":80,"LonMin":43,"LonSec":14.1,"LonDir":"W","LocAdd":"2620 Simon Rd. (6604)","LocCity":"Melbourne","LocCounty":"BREVARD","LocState":"FL","Nepa":"N","QZone":"0        NaN\n1        NaN\n2        NaN\n3        NaN\n4        NaN\n        ... \n24924    NaN\n24925    NaN\n24926    NaN\n24927    NaN\n24928    NaN\nName: 36, Length: 24929, dtype: object","TowReg":1032483,"SupStruc":60.899999999999999,"AllStruc":67.900000000000006,"StrucType":"LTOWER","LicStatus":"A","latdec":28.065916666700002,"londec":-80.720583333299999,"url":"http://wireless2.fcc.gov/UlsApp/UlsSearch/licenseLocSum.jsp?licKey=13283"}},{"type":"Feature","id":826,"geometry":{"type":"Point","coordinates":[-80.710944444446625,28.207861110881424]},"properties":{"FID":826,"OBJECTID":21459,"UniqSysID":13283,"Licensee":"New Cingular Wireless PCS, LLC","Callsign":"KNKA617","LocNum":28,"LatDeg":28,"LatMin":12,"LatSec":28.300000000000001,"LatDir":"N","LonDeg":80,"LonMin":42,"LonSec":39.399999999999999,"LonDir":"W","LocAdd":"799 North Wickham Road (6597)","LocCity":"Melbourne","LocCounty":"BREVARD","LocState":"FL","Nepa":"N","QZone":"0        NaN\n1        NaN\n2        NaN\n3        NaN\n4        NaN\n        ... \n24924    NaN\n24925    NaN\n24926    NaN\n24927    NaN\n24928    NaN\nName: 36, Length: 24929, dtype: object","TowReg":1200990,"SupStruc":85.299999999999997,"AllStruc":86.299999999999997,"StrucType":"LTOWER","LicStatus":"A","latdec":28.207861111100001,"londec":-80.710944444399999,"url":"http://wireless2.fcc.gov/UlsApp/UlsSearch/licenseLocSum.jsp?licKey=13283"}},{"type":"Feature","id":827,"geometry":{"type":"Point","coordinates":[-80.536722221888965,27.921194444331547]},"properties":{"FID":827,"OBJECTID":21460,"UniqSysID":13283,"Licensee":"New Cingular Wireless PCS, LLC","Callsign":"KNKA617","LocNum":29,"LatDeg":27,"LatMin":55,"LatSec":16.300000000000001,"LatDir":"N","LonDeg":80,"LonMin":32,"LonSec":12.199999999999999,"LonDir":"W","LocAdd":"4225 GRANT ROAD (64712)","LocCity":"GRANT","LocCounty":"BREVARD","LocState":"FL","Nepa":"N","QZone":"0        NaN\n1        NaN\n2        NaN\n3        NaN\n4        NaN\n        ... \n24924    NaN\n24925    NaN\n24926    NaN\n24927    NaN\n24928    NaN\nName: 36, Length: 24929, dtype: object","TowReg":1029747,"SupStruc":86.900000000000006,"AllStruc":88.400000000000006,"StrucType":"LTOWER","LicStatus":"A","latdec":27.921194444400001,"londec":-80.536722222199998,"url":"http://wireless2.fcc.gov/UlsApp/UlsSearch/licenseLocSum.jsp?licKey=13283"}},{"type":"Feature","id":828,"geometry":{"type":"Point","coordinates":[-80.568166666837953,28.098111111129015]},"properties":{"FID":828,"OBJECTID":21461,"UniqSysID":13283,"Licensee":"New Cingular Wireless PCS, LLC","Callsign":"KNKA617","LocNum":30,"LatDeg":28,"LatMin":5,"LatSec":53.200000000000003,"LatDir":"N","LonDeg":80,"LonMin":34,"LonSec":5.4000000000000004,"LonDir":"W","LocAdd":"877 NORTH MIRAMAR AVENUE (132679)","LocCity":"INDIALANTIC","LocCounty":"BREVARD","LocState":"FL","Nepa":"N","QZone":"0        NaN\n1        NaN\n2        NaN\n3        NaN\n4        NaN\n        ... \n24924    NaN\n24925    NaN\n24926    NaN\n24927    NaN\n24928    NaN\nName: 36, Length: 24929, dtype: object","TowReg":0,"SupStruc":40.200000000000003,"AllStruc":51.5,"StrucType":"BTWR","LicStatus":"A","latdec":28.0981111111,"londec":-80.568166666699994,"url":"http://wireless2.fcc.gov/UlsApp/UlsSearch/licenseLocSum.jsp?licKey=13283"}},{"type":"Feature","id":829,"geometry":{"type":"Point","coordinates":[-80.853861110581477,28.689805555044927]},"properties":{"FID":829,"OBJECTID":21462,"UniqSysID":13283,"Licensee":"New Cingular Wireless PCS, LLC","Callsign":"KNKA617","LocNum":11,"LatDeg":28,"LatMin":41,"LatSec":23.300000000000001,"LatDir":"N","LonDeg":80,"LonMin":51,"LonSec":13.9,"LonDir":"W","LocAdd":"3283 Old Dixie Highway (64715)","LocCity":"Mims","LocCounty":"BREVARD","LocState":"FL","Nepa":"N","QZone":"0        NaN\n1        NaN\n2        NaN\n3        NaN\n4        NaN\n        ... \n24924    NaN\n24925    NaN\n24926    NaN\n24927    NaN\n24928    NaN\nName: 36, Length: 24929, dtype: object","TowReg":1030521,"SupStruc":87.200000000000003,"AllStruc":91.799999999999997,"StrucType":"LTOWER","LicStatus":"A","latdec":28.6898055556,"londec":-80.853861111100002,"url":"http://wireless2.fcc.gov/UlsApp/UlsSearch/licenseLocSum.jsp?licKey=13283"}},{"type":"Feature","id":830,"geometry":{"type":"Point","coordinates":[-80.595805555392587,28.137611110764794]},"properties":{"FID":830,"OBJECTID":21463,"UniqSysID":13283,"Licensee":"New Cingular Wireless PCS, LLC","Callsign":"KNKA617","LocNum":12,"LatDeg":28,"LatMin":8,"LatSec":15.4,"LatDir":"N","LonDeg":80,"LonMin":35,"LonSec":44.899999999999999,"LonDir":"W","LocAdd":"397 E EAU GALLIE RD (64720)","LocCity":"MELBOURNE BEACH","LocCounty":"BREVARD","LocState":"FL","Nepa":"N","QZone":"0        NaN\n1        NaN\n2        NaN\n3        NaN\n4        NaN\n        ... \n24924    NaN\n24925    NaN\n24926    NaN\n24927    NaN\n24928    NaN\nName: 36, Length: 24929, dtype: object","TowReg":1000684,"SupStruc":61,"AllStruc":61,"StrucType":"MTOWER","LicStatus":"A","latdec":28.1376111111,"londec":-80.595805555599995,"url":"http://wireless2.fcc.gov/UlsApp/UlsSearch/licenseLocSum.jsp?licKey=13283"}},{"type":"Feature","id":831,"geometry":{"type":"Point","coordinates":[-80.613888888200279,28.357499999892525]},"properties":{"FID":831,"OBJECTID":21464,"UniqSysID":13283,"Licensee":"New Cingular Wireless PCS, LLC","Callsign":"KNKA617","LocNum":13,"LatDeg":28,"LatMin":21,"LatSec":27,"LatDir":"N","LonDeg":80,"LonMin":36,"LonSec":50,"LonDir":"W","LocAdd":"450 W COCOA BEACH CAUSEWAY (6607)","LocCity":"COCOA","LocCounty":"BREVARD","LocState":"FL","Nepa":"N","QZone":"0        NaN\n1        NaN\n2        NaN\n3        NaN\n4        NaN\n        ... \n24924    NaN\n24925    NaN\n24926    NaN\n24927    NaN\n24928    NaN\nName: 36, Length: 24929, dtype: object","TowReg":1052422,"SupStruc":10.9,"AllStruc":67,"StrucType":"BTWR","LicStatus":"A","latdec":28.357500000000002,"londec":-80.613888888899993,"url":"http://wireless2.fcc.gov/UlsApp/UlsSearch/licenseLocSum.jsp?licKey=13283"}},{"type":"Feature","id":832,"geometry":{"type":"Point","coordinates":[-80.605472221960497,28.226805555868907]},"properties":{"FID":832,"OBJECTID":21465,"UniqSysID":13283,"Licensee":"New Cingular Wireless PCS, LLC","Callsign":"KNKA617","LocNum":24,"LatDeg":28,"LatMin":13,"LatSec":36.5,"LatDir":"N","LonDeg":80,"LonMin":36,"LonSec":19.699999999999999,"LonDir":"W","LocAdd":"1142 Jupiter Street (82278)","LocCity":"PATRICK AFB","LocCounty":"BREVARD","LocState":"FL","Nepa":"N","QZone":"0        NaN\n1        NaN\n2        NaN\n3        NaN\n4        NaN\n        ... \n24924    NaN\n24925    NaN\n24926    NaN\n24927    NaN\n24928    NaN\nName: 36, Length: 24929, dtype: object","TowReg":1249859,"SupStruc":45.100000000000001,"AllStruc":45.100000000000001,"StrucType":"MTOWER","LicStatus":"A","latdec":28.226805555599999,"londec":-80.605472222200007,"url":"http://wireless2.fcc.gov/UlsApp/UlsSearch/licenseLocSum.jsp?licKey=13283"}},{"type":"Feature","id":833,"geometry":{"type":"Point","coordinates":[-80.536111110577622,27.890277776700543]},"properties":{"FID":833,"OBJECTID":21466,"UniqSysID":13283,"Licensee":"New Cingular Wireless PCS, LLC","Callsign":"KNKA617","LocNum":26,"LatDeg":27,"LatMin":53,"LatSec":25,"LatDir":"N","LonDeg":80,"LonMin":32,"LonSec":10,"LonDir":"W","LocAdd":"1148 TEQUESTA DR (6601)","LocCity":"Barefoot Bay","LocCounty":"BREVARD","LocState":"FL","Nepa":"N","QZone":"0        NaN\n1        NaN\n2        NaN\n3        NaN\n4        NaN\n        ... \n24924    NaN\n24925    NaN\n24926    NaN\n24927    NaN\n24928    NaN\nName: 36, Length: 24929, dtype: object","TowReg":1045894,"SupStruc":91.400000000000006,"AllStruc":95.700000000000003,"StrucType":"GTOWER","LicStatus":"A","latdec":27.890277777800002,"londec":-80.536111111099999,"url":"http://wireless2.fcc.gov/UlsApp/UlsSearch/licenseLocSum.jsp?licKey=13283"}},{"type":"Feature","id":834,"geometry":{"type":"Point","coordinates":[-80.833222221707445,28.446833332849849]},"properties":{"FID":834,"OBJECTID":21467,"UniqSysID":13283,"Licensee":"New Cingular Wireless PCS, LLC","Callsign":"KNKA617","LocNum":14,"LatDeg":28,"LatMin":26,"LatSec":48.600000000000001,"LatDir":"N","LonDeg":80,"LonMin":49,"LonSec":59.600000000000001,"LonDir":"W","LocAdd":"5599 PINE STREET (6608)","LocCity":"SHARPES","LocCounty":"BREVARD","LocState":"FL","Nepa":"N","QZone":"0        NaN\n1        NaN\n2        NaN\n3        NaN\n4        NaN\n        ... \n24924    NaN\n24925    NaN\n24926    NaN\n24927    NaN\n24928    NaN\nName: 36, Length: 24929, dtype: object","TowReg":1021085,"SupStruc":86.799999999999997,"AllStruc":89,"StrucType":"LTOWER","LicStatus":"A","latdec":28.446833333299999,"londec":-80.833222222200007,"url":"http://wireless2.fcc.gov/UlsApp/UlsSearch/licenseLocSum.jsp?licKey=13283"}},{"type":"Feature","id":835,"geometry":{"type":"Point","coordinates":[-80.643222222163104,28.575722222172089]},"properties":{"FID":835,"OBJECTID":21468,"UniqSysID":13283,"Licensee":"New Cingular Wireless PCS, LLC","Callsign":"KNKA617","LocNum":15,"LatDeg":28,"LatMin":34,"LatSec":32.600000000000001,"LatDir":"N","LonDeg":80,"LonMin":38,"LonSec":35.600000000000001,"LonDir":"W","LocAdd":"1605 Instrumentation Road (64721)","LocCity":"Kennedy Space Center","LocCounty":"BREVARD","LocState":"FL","Nepa":"N","QZone":"0        NaN\n1        NaN\n2        NaN\n3        NaN\n4        NaN\n        ... \n24924    NaN\n24925    NaN\n24926    NaN\n24927    NaN\n24928    NaN\nName: 36, Length: 24929, dtype: object","TowReg":1282773,"SupStruc":46.299999999999997,"AllStruc":49.399999999999999,"StrucType":"MTOWER","LicStatus":"A","latdec":28.5757222222,"londec":-80.643222222199995,"url":"http://wireless2.fcc.gov/UlsApp/UlsSearch/licenseLocSum.jsp?licKey=13283"}},{"type":"Feature","id":836,"geometry":{"type":"Point","coordinates":[-80.752750000390563,28.288722222232877]},"properties":{"FID":836,"OBJECTID":21469,"UniqSysID":13283,"Licensee":"New Cingular Wireless PCS, LLC","Callsign":"KNKA617","LocNum":16,"LatDeg":28,"LatMin":17,"LatSec":19.399999999999999,"LatDir":"N","LonDeg":80,"LonMin":45,"LonSec":9.9000000000000004,"LonDir":"W","LocAdd":"4125 FISKE BLVD (64726)","LocCity":"ROCKLEDGE","LocCounty":"BREVARD","LocState":"FL","Nepa":"N","QZone":"0        NaN\n1        NaN\n2        NaN\n3        NaN\n4        NaN\n        ... \n24924    NaN\n24925    NaN\n24926    NaN\n24927    NaN\n24928    NaN\nName: 36, Length: 24929, dtype: object","TowReg":1003443,"SupStruc":84.400000000000006,"AllStruc":86.900000000000006,"StrucType":"GTOWER","LicStatus":"A","latdec":28.288722222200001,"londec":-80.752750000000006,"url":"http://wireless2.fcc.gov/UlsApp/UlsSearch/licenseLocSum.jsp?licKey=13283"}},{"type":"Feature","id":837,"geometry":{"type":"Point","coordinates":[-80.56713888905,28.498250000001462]},"properties":{"FID":837,"OBJECTID":21470,"UniqSysID":13283,"Licensee":"New Cingular Wireless PCS, LLC","Callsign":"KNKA617","LocNum":19,"LatDeg":28,"LatMin":29,"LatSec":53.700000000000003,"LatDir":"N","LonDeg":80,"LonMin":34,"LonSec":1.7,"LonDir":"W","LocAdd":"15810 Heavy Launch Road (64724)","LocCity":"Patrick AFT","LocCounty":"BREVARD","LocState":"FL","Nepa":"N","QZone":"0        NaN\n1        NaN\n2        NaN\n3        NaN\n4        NaN\n        ... \n24924    NaN\n24925    NaN\n24926    NaN\n24927    NaN\n24928    NaN\nName: 36, Length: 24929, dtype: object","TowReg":1221732,"SupStruc":55.5,"AllStruc":57,"StrucType":"LTOWER","LicStatus":"A","latdec":28.498249999999999,"londec":-80.567138888900004,"url":"http://wireless2.fcc.gov/UlsApp/UlsSearch/licenseLocSum.jsp?licKey=13283"}},{"type":"Feature","id":838,"geometry":{"type":"Point","coordinates":[-80.693138888691124,27.968888889332618]},"properties":{"FID":838,"OBJECTID":21471,"UniqSysID":13283,"Licensee":"New Cingular Wireless PCS, LLC","Callsign":"KNKA617","LocNum":20,"LatDeg":27,"LatMin":58,"LatSec":8,"LatDir":"N","LonDeg":80,"LonMin":41,"LonSec":35.299999999999997,"LonDir":"W","LocAdd":"1190 Garvey Road SW (64730)","LocCity":"Palm Bay","LocCounty":"BREVARD","LocState":"FL","Nepa":"N","QZone":"0        NaN\n1        NaN\n2        NaN\n3        NaN\n4        NaN\n        ... \n24924    NaN\n24925    NaN\n24926    NaN\n24927    NaN\n24928    NaN\nName: 36, Length: 24929, dtype: object","TowReg":1215067,"SupStruc":85.299999999999997,"AllStruc":86.900000000000006,"StrucType":"LTOWER","LicStatus":"A","latdec":27.9688888889,"londec":-80.693138888899995,"url":"http://wireless2.fcc.gov/UlsApp/UlsSearch/licenseLocSum.jsp?licKey=13283"}},{"type":"Feature","id":839,"geometry":{"type":"Point","coordinates":[-80.948333333056269,28.666833333012221]},"properties":{"FID":839,"OBJECTID":21472,"UniqSysID":13283,"Licensee":"New Cingular Wireless PCS, LLC","Callsign":"KNKA617","LocNum":21,"LatDeg":28,"LatMin":40,"LatSec":0.59999999999999998,"LatDir":"N","LonDeg":80,"LonMin":56,"LonSec":54,"LonDir":"W","LocAdd":"7390 HIGHWAY 46 (79012)","LocCity":"Mims","LocCounty":"BREVARD","LocState":"FL","Nepa":"N","QZone":"0        NaN\n1        NaN\n2        NaN\n3        NaN\n4        NaN\n        ... \n24924    NaN\n24925    NaN\n24926    NaN\n24927    NaN\n24928    NaN\nName: 36, Length: 24929, dtype: object","TowReg":1231918,"SupStruc":76.200000000000003,"AllStruc":78.599999999999994,"StrucType":"LTOWER","LicStatus":"A","latdec":28.666833333300001,"londec":-80.948333333299999,"url":"http://wireless2.fcc.gov/UlsApp/UlsSearch/licenseLocSum.jsp?licKey=13283"}},{"type":"Feature","id":840,"geometry":{"type":"Point","coordinates":[-80.888333334382196,28.77749999963271]},"properties":{"FID":840,"OBJECTID":21473,"UniqSysID":13283,"Licensee":"New Cingular Wireless PCS, LLC","Callsign":"KNKA617","LocNum":22,"LatDeg":28,"LatMin":46,"LatSec":39,"LatDir":"N","LonDeg":80,"LonMin":53,"LonSec":18,"LonDir":"W","LocAdd":"4000 STUCK WAY ROAD F (6606)","LocCity":"SCOTTSMOOR","LocCounty":"BREVARD","LocState":"FL","Nepa":"N","QZone":"0        NaN\n1        NaN\n2        NaN\n3        NaN\n4        NaN\n        ... \n24924    NaN\n24925    NaN\n24926    NaN\n24927    NaN\n24928    NaN\nName: 36, Length: 24929, dtype: object","TowReg":1003603,"SupStruc":103.59999999999999,"AllStruc":109.7,"StrucType":"GTOWER","LicStatus":"A","latdec":28.7775,"londec":-80.888333333299997,"url":"http://wireless2.fcc.gov/UlsApp/UlsSearch/licenseLocSum.jsp?licKey=13283"}},{"type":"Feature","id":841,"geometry":{"type":"Point","coordinates":[-81.793138888937222,27.412805555716773]},"properties":{"FID":841,"OBJECTID":21631,"UniqSysID":13294,"Licensee":"ALLTEL Corporation","Callsign":"KNKN605","LocNum":1,"LatDeg":27,"LatMin":24,"LatSec":46.100000000000001,"LatDir":"N","LonDeg":81,"LonMin":47,"LonSec":35.299999999999997,"LonDir":"W","LocAdd":"APPROXIMATELY 850' EAST & 200' NORTH FROM INTERSECTION OF HWY. 17 & HWY. 634","LocCity":"ZOLPHO SPRINGS","LocCounty":"HARDEE","LocState":"FL","Nepa":"N","QZone":"0        NaN\n1        NaN\n2        NaN\n3        NaN\n4        NaN\n        ... \n24924    NaN\n24925    NaN\n24926    NaN\n24927    NaN\n24928    NaN\nName: 36, Length: 24929, dtype: object","TowReg":0,"SupStruc":0,"AllStruc":0,"StrucType":" ","LicStatus":"A","latdec":27.412805555599999,"londec":-81.793138888900003,"url":"http://wireless2.fcc.gov/UlsApp/UlsSearch/licenseLocSum.jsp?licKey=13294"}},{"type":"Feature","id":842,"geometry":{"type":"Point","coordinates":[-81.859249999826773,27.215611110985492]},"properties":{"FID":842,"OBJECTID":21632,"UniqSysID":13294,"Licensee":"ALLTEL Corporation","Callsign":"KNKN605","LocNum":2,"LatDeg":27,"LatMin":12,"LatSec":56.200000000000003,"LatDir":"N","LonDeg":81,"LonMin":51,"LonSec":33.299999999999997,"LonDir":"W","LocAdd":"1521 EAST OAK STREET","LocCity":"ARCADIA","LocCounty":"DESOTO","LocState":"FL","Nepa":"N","QZone":"0        NaN\n1        NaN\n2        NaN\n3        NaN\n4        NaN\n        ... \n24924    NaN\n24925    NaN\n24926    NaN\n24927    NaN\n24928    NaN\nName: 36, Length: 24929, dtype: object","TowReg":0,"SupStruc":0,"AllStruc":0,"StrucType":" ","LicStatus":"A","latdec":27.215611111099999,"londec":-81.859250000000003,"url":"http://wireless2.fcc.gov/UlsApp/UlsSearch/licenseLocSum.jsp?licKey=13294"}},{"type":"Feature","id":843,"geometry":{"type":"Point","coordinates":[-82.039166666326707,26.938333334198376]},"properties":{"FID":843,"OBJECTID":21633,"UniqSysID":13294,"Licensee":"ALLTEL Corporation","Callsign":"KNKN605","LocNum":3,"LatDeg":26,"LatMin":56,"LatSec":18,"LatDir":"N","LonDeg":82,"LonMin":2,"LonSec":21,"LonDir":"W","LocAdd":"1/8 MI. OFF STATE HWY. 17 & 1/4 MI. FROM PEACE RIVER","LocCity":"PUNTA GORDA","LocCounty":"CHARLOTTE","LocState":"FL","Nepa":"N","QZone":"0        NaN\n1        NaN\n2        NaN\n3        NaN\n4        NaN\n        ... \n24924    NaN\n24925    NaN\n24926    NaN\n24927    NaN\n24928    NaN\nName: 36, Length: 24929, dtype: object","TowReg":0,"SupStruc":64,"AllStruc":0,"StrucType":" ","LicStatus":"A","latdec":26.938333333300001,"londec":-82.039166666699998,"url":"http://wireless2.fcc.gov/UlsApp/UlsSearch/licenseLocSum.jsp?licKey=13294"}},{"type":"Feature","id":844,"geometry":{"type":"Point","coordinates":[-82.31055555595168,26.898055555342012]},"properties":{"FID":844,"OBJECTID":21634,"UniqSysID":13294,"Licensee":"ALLTEL Corporation","Callsign":"KNKN605","LocNum":4,"LatDeg":26,"LatMin":53,"LatSec":53,"LatDir":"N","LonDeg":82,"LonMin":18,"LonSec":38,"LonDir":"W","LocAdd":"(Grove City Site) 5060 PLACIDA RD","LocCity":"GROVE CITY","LocCounty":"CHARLOTTE","LocState":"FL","Nepa":"N","QZone":"0        NaN\n1        NaN\n2        NaN\n3        NaN\n4        NaN\n        ... \n24924    NaN\n24925    NaN\n24926    NaN\n24927    NaN\n24928    NaN\nName: 36, Length: 24929, dtype: object","TowReg":1022371,"SupStruc":88.400000000000006,"AllStruc":91.099999999999994,"StrucType":"TOWER","LicStatus":"A","latdec":26.898055555599999,"londec":-82.310555555600004,"url":"http://wireless2.fcc.gov/UlsApp/UlsSearch/licenseLocSum.jsp?licKey=13294"}},{"type":"Feature","id":845,"geometry":{"type":"Point","coordinates":[-81.825638889379377,27.607527778135648]},"properties":{"FID":845,"OBJECTID":21635,"UniqSysID":13294,"Licensee":"ALLTEL Corporation","Callsign":"KNKN605","LocNum":5,"LatDeg":27,"LatMin":36,"LatSec":27.100000000000001,"LatDir":"N","LonDeg":81,"LonMin":49,"LonSec":32.299999999999997,"LonDir":"W","LocAdd":"1/8 Mile West of Highway 17 on Bobstick Road","LocCity":"Wauchula","LocCounty":"HARDEE","LocState":"FL","Nepa":"N","QZone":"0        NaN\n1        NaN\n2        NaN\n3        NaN\n4        NaN\n        ... \n24924    NaN\n24925    NaN\n24926    NaN\n24927    NaN\n24928    NaN\nName: 36, Length: 24929, dtype: object","TowReg":0,"SupStruc":0,"AllStruc":0,"StrucType":" ","LicStatus":"A","latdec":27.607527777800001,"londec":-81.825638888900002,"url":"http://wireless2.fcc.gov/UlsApp/UlsSearch/licenseLocSum.jsp?licKey=13294"}},{"type":"Feature","id":846,"geometry":{"type":"Point","coordinates":[-82.152027778163244,27.013111111148248]},"properties":{"FID":846,"OBJECTID":21636,"UniqSysID":13294,"Licensee":"ALLTEL Corporation","Callsign":"KNKN605","LocNum":6,"LatDeg":27,"LatMin":0,"LatSec":47.200000000000003,"LatDir":"N","LonDeg":82,"LonMin":9,"LonSec":7.2999999999999998,"LonDir":"W","LocAdd":"(Murdock Site) 1175 MARKET CIRCLE","LocCity":"PORT CHARLOTTE","LocCounty":"CHARLOTTE","LocState":"FL","Nepa":"N","QZone":"0        NaN\n1        NaN\n2        NaN\n3        NaN\n4        NaN\n        ... \n24924    NaN\n24925    NaN\n24926    NaN\n24927    NaN\n24928    NaN\nName: 36, Length: 24929, dtype: object","TowReg":1022376,"SupStruc":60.600000000000001,"AllStruc":60.600000000000001,"StrucType":"TOWER","LicStatus":"A","latdec":27.013111111099999,"londec":-82.152027777800001,"url":"http://wireless2.fcc.gov/UlsApp/UlsSearch/licenseLocSum.jsp?licKey=13294"}},{"type":"Feature","id":847,"geometry":{"type":"Point","coordinates":[-81.752861111271841,26.945055554601765]},"properties":{"FID":847,"OBJECTID":21637,"UniqSysID":13294,"Licensee":"ALLTEL Corporation","Callsign":"KNKN605","LocNum":7,"LatDeg":26,"LatMin":56,"LatSec":42.200000000000003,"LatDir":"N","LonDeg":81,"LonMin":45,"LonSec":10.300000000000001,"LonDir":"W","LocAdd":"(Babcock site) 42501 BERMONT RD.","LocCity":"PUNTA GORDA","LocCounty":"CHARLOTTE","LocState":"FL","Nepa":"N","QZone":"0        NaN\n1        NaN\n2        NaN\n3        NaN\n4        NaN\n        ... \n24924    NaN\n24925    NaN\n24926    NaN\n24927    NaN\n24928    NaN\nName: 36, Length: 24929, dtype: object","TowReg":1022373,"SupStruc":87.200000000000003,"AllStruc":91.700000000000003,"StrucType":"TOWER","LicStatus":"A","latdec":26.9450555556,"londec":-81.752861111100003,"url":"http://wireless2.fcc.gov/UlsApp/UlsSearch/licenseLocSum.jsp?licKey=13294"}},{"type":"Feature","id":848,"geometry":{"type":"Point","coordinates":[-81.558416667214885,27.210055555116128]},"properties":{"FID":848,"OBJECTID":21638,"UniqSysID":13294,"Licensee":"ALLTEL Corporation","Callsign":"KNKN605","LocNum":8,"LatDeg":27,"LatMin":12,"LatSec":36.200000000000003,"LatDir":"N","LonDeg":81,"LonMin":33,"LonSec":30.300000000000001,"LonDir":"W","LocAdd":"1 Mile East of Desota County Line, 360' North of SR70","LocCity":"Highlands","LocCounty":"HIGHLANDS","LocState":"FL","Nepa":"N","QZone":"0        NaN\n1        NaN\n2        NaN\n3        NaN\n4        NaN\n        ... \n24924    NaN\n24925    NaN\n24926    NaN\n24927    NaN\n24928    NaN\nName: 36, Length: 24929, dtype: object","TowReg":0,"SupStruc":199,"AllStruc":0,"StrucType":" ","LicStatus":"A","latdec":27.2100555556,"londec":-81.558416666699998,"url":"http://wireless2.fcc.gov/UlsApp/UlsSearch/licenseLocSum.jsp?licKey=13294"}},{"type":"Feature","id":849,"geometry":{"type":"Point","coordinates":[-81.511472222331463,27.471694444678064]},"properties":{"FID":849,"OBJECTID":21639,"UniqSysID":13294,"Licensee":"ALLTEL Corporation","Callsign":"KNKN605","LocNum":9,"LatDeg":27,"LatMin":28,"LatSec":18.100000000000001,"LatDir":"N","LonDeg":81,"LonMin":30,"LonSec":41.299999999999997,"LonDir":"W","LocAdd":"5 miles West of Sebring on S-634","LocCity":"Sebring","LocCounty":"HIGHLANDS","LocState":"FL","Nepa":"N","QZone":"0        NaN\n1        NaN\n2        NaN\n3        NaN\n4        NaN\n        ... \n24924    NaN\n24925    NaN\n24926    NaN\n24927    NaN\n24928    NaN\nName: 36, Length: 24929, dtype: object","TowReg":0,"SupStruc":167,"AllStruc":0,"StrucType":" ","LicStatus":"A","latdec":27.471694444400001,"londec":-81.511472222199998,"url":"http://wireless2.fcc.gov/UlsApp/UlsSearch/licenseLocSum.jsp?licKey=13294"}},{"type":"Feature","id":850,"geometry":{"type":"Point","coordinates":[-82.247861110888493,27.47336111212087]},"properties":{"FID":850,"OBJECTID":21640,"UniqSysID":13294,"Licensee":"ALLTEL Corporation","Callsign":"KNKN605","LocNum":10,"LatDeg":27,"LatMin":28,"LatSec":24.100000000000001,"LatDir":"N","LonDeg":82,"LonMin":14,"LonSec":52.299999999999997,"LonDir":"W","LocAdd":"3 Miles East of intersection of SR 64 and SR 675 on the South side of SR 64","LocCity":"Myakka City","LocCounty":"MANATEE","LocState":"FL","Nepa":"N","QZone":"0        NaN\n1        NaN\n2        NaN\n3        NaN\n4        NaN\n        ... \n24924    NaN\n24925    NaN\n24926    NaN\n24927    NaN\n24928    NaN\nName: 36, Length: 24929, dtype: object","TowReg":0,"SupStruc":299,"AllStruc":0,"StrucType":" ","LicStatus":"A","latdec":27.473361111100001,"londec":-82.247861111099994,"url":"http://wireless2.fcc.gov/UlsApp/UlsSearch/licenseLocSum.jsp?licKey=13294"}},{"type":"Feature","id":851,"geometry":{"type":"Point","coordinates":[-81.857305555071719,26.72533333266847]},"properties":{"FID":851,"OBJECTID":21641,"UniqSysID":13294,"Licensee":"ALLTEL Corporation","Callsign":"KNKN605","LocNum":11,"LatDeg":26,"LatMin":43,"LatSec":31.199999999999999,"LatDir":"N","LonDeg":81,"LonMin":51,"LonSec":26.300000000000001,"LonDir":"W","LocAdd":"6051 Polling Lane","LocCity":"Fort Myers","LocCounty":"LEE","LocState":"FL","Nepa":"N","QZone":"0        NaN\n1        NaN\n2        NaN\n3        NaN\n4        NaN\n        ... \n24924    NaN\n24925    NaN\n24926    NaN\n24927    NaN\n24928    NaN\nName: 36, Length: 24929, dtype: object","TowReg":0,"SupStruc":297,"AllStruc":0,"StrucType":" ","LicStatus":"A","latdec":26.7253333333,"londec":-81.857305555600007,"url":"http://wireless2.fcc.gov/UlsApp/UlsSearch/licenseLocSum.jsp?licKey=13294"}},{"type":"Feature","id":852,"geometry":{"type":"Point","coordinates":[-81.975083334206147,26.860888889347393]},"properties":{"FID":852,"OBJECTID":21642,"UniqSysID":13294,"Licensee":"ALLTEL Corporation","Callsign":"KNKN605","LocNum":12,"LatDeg":26,"LatMin":51,"LatSec":39.200000000000003,"LatDir":"N","LonDeg":81,"LonMin":58,"LonSec":30.300000000000001,"LonDir":"W","LocAdd":"0.1 mile west of I-75 & 0.2 mile north of Tucker Grade Road","LocCity":"S. Punta Gorda Hgts.","LocCounty":"CHARLOTTE","LocState":"FL","Nepa":"N","QZone":"0        NaN\n1        NaN\n2        NaN\n3        NaN\n4        NaN\n        ... \n24924    NaN\n24925    NaN\n24926    NaN\n24927    NaN\n24928    NaN\nName: 36, Length: 24929, dtype: object","TowReg":0,"SupStruc":60,"AllStruc":0,"StrucType":" ","LicStatus":"A","latdec":26.8608888889,"londec":-81.975083333300006,"url":"http://wireless2.fcc.gov/UlsApp/UlsSearch/licenseLocSum.jsp?licKey=13294"}},{"type":"Feature","id":853,"geometry":{"type":"Point","coordinates":[-82.033666666321039,27.594027776835844]},"properties":{"FID":853,"OBJECTID":21643,"UniqSysID":13294,"Licensee":"ALLTEL Corporation","Callsign":"KNKN605","LocNum":14,"LatDeg":27,"LatMin":35,"LatSec":38.5,"LatDir":"N","LonDeg":82,"LonMin":2,"LonSec":1.2,"LonDir":"W","LocAdd":"SR 62 Five Miles  East of SR 39","LocCity":"Bowling Green","LocCounty":"HARDEE","LocState":"FL","Nepa":"N","QZone":"0        NaN\n1        NaN\n2        NaN\n3        NaN\n4        NaN\n        ... \n24924    NaN\n24925    NaN\n24926    NaN\n24927    NaN\n24928    NaN\nName: 36, Length: 24929, dtype: object","TowReg":1201039,"SupStruc":86.900000000000006,"AllStruc":91.099999999999994,"StrucType":"TOWER","LicStatus":"A","latdec":27.594027777800001,"londec":-82.0336666667,"url":"http://wireless2.fcc.gov/UlsApp/UlsSearch/licenseLocSum.jsp?licKey=13294"}},{"type":"Feature","id":854,"geometry":{"type":"Point","coordinates":[-81.801638889191111,27.142361111379898]},"properties":{"FID":854,"OBJECTID":21644,"UniqSysID":13294,"Licensee":"ALLTEL Corporation","Callsign":"KNKN605","LocNum":15,"LatDeg":27,"LatMin":8,"LatSec":32.5,"LatDir":"N","LonDeg":81,"LonMin":48,"LonSec":5.9000000000000004,"LonDir":"W","LocAdd":"(Utter South Arcadia) 5577 SE Hwy 31","LocCity":"Arcadia","LocCounty":"DESOTO","LocState":"FL","Nepa":"N","QZone":"0        NaN\n1        NaN\n2        NaN\n3        NaN\n4        NaN\n        ... \n24924    NaN\n24925    NaN\n24926    NaN\n24927    NaN\n24928    NaN\nName: 36, Length: 24929, dtype: object","TowReg":1264725,"SupStruc":76.200000000000003,"AllStruc":79.200000000000003,"StrucType":"TOWER","LicStatus":"A","latdec":27.142361111100001,"londec":-81.801638888900001,"url":"http://wireless2.fcc.gov/UlsApp/UlsSearch/licenseLocSum.jsp?licKey=13294"}},{"type":"Feature","id":855,"geometry":{"type":"Point","coordinates":[-82.237944444075367,26.890000000292503]},"properties":{"FID":855,"OBJECTID":21645,"UniqSysID":13294,"Licensee":"ALLTEL Corporation","Callsign":"KNKN605","LocNum":16,"LatDeg":26,"LatMin":53,"LatSec":24,"LatDir":"N","LonDeg":82,"LonMin":14,"LonSec":16.600000000000001,"LonDir":"W","LocAdd":"(Placida site) 5300 Linwood Road","LocCity":"PORT CHARLOTTE","LocCounty":"CHARLOTTE","LocState":"FL","Nepa":"N","QZone":"0        NaN\n1        NaN\n2        NaN\n3        NaN\n4        NaN\n        ... \n24924    NaN\n24925    NaN\n24926    NaN\n24927    NaN\n24928    NaN\nName: 36, Length: 24929, dtype: object","TowReg":1212958,"SupStruc":101.2,"AllStruc":102.40000000000001,"StrucType":"TOWER","LicStatus":"A","latdec":26.890000000000001,"londec":-82.2379444444,"url":"http://wireless2.fcc.gov/UlsApp/UlsSearch/licenseLocSum.jsp?licKey=13294"}},{"type":"Feature","id":856,"geometry":{"type":"Point","coordinates":[-81.76352777792232,26.811527777920105]},"properties":{"FID":856,"OBJECTID":21646,"UniqSysID":13294,"Licensee":"ALLTEL Corporation","Callsign":"KNKN605","LocNum":17,"LatDeg":26,"LatMin":48,"LatSec":41.5,"LatDir":"N","LonDeg":81,"LonMin":45,"LonSec":48.700000000000003,"LonDir":"W","LocAdd":"(Punta Gorda Spectrasite site) 12151 SR 31","LocCity":"PUNTA GORDA","LocCounty":"CHARLOTTE","LocState":"FL","Nepa":"N","QZone":"0        NaN\n1        NaN\n2        NaN\n3        NaN\n4        NaN\n        ... \n24924    NaN\n24925    NaN\n24926    NaN\n24927    NaN\n24928    NaN\nName: 36, Length: 24929, dtype: object","TowReg":1223029,"SupStruc":76.200000000000003,"AllStruc":80.700000000000003,"StrucType":"TOWER","LicStatus":"A","latdec":26.811527777799999,"londec":-81.763527777799993,"url":"http://wireless2.fcc.gov/UlsApp/UlsSearch/licenseLocSum.jsp?licKey=13294"}},{"type":"Feature","id":857,"geometry":{"type":"Point","coordinates":[-81.884277777802993,26.953472221644915]},"properties":{"FID":857,"OBJECTID":21647,"UniqSysID":13294,"Licensee":"ALLTEL Corporation","Callsign":"KNKN605","LocNum":18,"LatDeg":26,"LatMin":57,"LatSec":12.5,"LatDir":"N","LonDeg":81,"LonMin":53,"LonSec":3.3999999999999999,"LonDir":"W","LocAdd":"(ATC Bermont site) 5400 Bronco Road","LocCity":"Punta Gorda","LocCounty":"CHARLOTTE","LocState":"FL","Nepa":"N","QZone":"0        NaN\n1        NaN\n2        NaN\n3        NaN\n4        NaN\n        ... \n24924    NaN\n24925    NaN\n24926    NaN\n24927    NaN\n24928    NaN\nName: 36, Length: 24929, dtype: object","TowReg":1242980,"SupStruc":122.5,"AllStruc":126.8,"StrucType":"TOWER","LicStatus":"A","latdec":26.953472222199998,"londec":-81.884277777799994,"url":"http://wireless2.fcc.gov/UlsApp/UlsSearch/licenseLocSum.jsp?licKey=13294"}},{"type":"Feature","id":858,"geometry":{"type":"Point","coordinates":[-82.1606666669432,29.899861110839595]},"properties":{"FID":858,"OBJECTID":22811,"UniqSysID":13380,"Licensee":"New Cingular Wireless PCS, LLC","Callsign":"KNKA583","LocNum":3,"LatDeg":29,"LatMin":53,"LatSec":59.5,"LatDir":"N","LonDeg":82,"LonMin":9,"LonSec":38.399999999999999,"LonDir":"W","LocAdd":"12565 SOUTHWEST 70TH AVENUE  (44989)","LocCity":"STARKE","LocCounty":"BRADFORD","LocState":"FL","Nepa":"N","QZone":"0        NaN\n1        NaN\n2        NaN\n3        NaN\n4        NaN\n        ... \n24924    NaN\n24925    NaN\n24926    NaN\n24927    NaN\n24928    NaN\nName: 36, Length: 24929, dtype: object","TowReg":1030401,"SupStruc":121.90000000000001,"AllStruc":122.8,"StrucType":"GTOWER","LicStatus":"A","latdec":29.899861111100002,"londec":-82.160666666699996,"url":"http://wireless2.fcc.gov/UlsApp/UlsSearch/licenseLocSum.jsp?licKey=13380"}},{"type":"Feature","id":859,"geometry":{"type":"Point","coordinates":[-82.460638888896767,29.558805555762206]},"properties":{"FID":859,"OBJECTID":22812,"UniqSysID":13380,"Licensee":"New Cingular Wireless PCS, LLC","Callsign":"KNKA583","LocNum":4,"LatDeg":29,"LatMin":33,"LatSec":31.699999999999999,"LatDir":"N","LonDeg":82,"LonMin":27,"LonSec":38.299999999999997,"LonDir":"W","LocAdd":"11305 SOUTHWEST 103rd AVENUE  (44991)","LocCity":"GAINESVILLE","LocCounty":"ALACHUA","LocState":"FL","Nepa":"N","QZone":"0        NaN\n1        NaN\n2        NaN\n3        NaN\n4        NaN\n        ... \n24924    NaN\n24925    NaN\n24926    NaN\n24927    NaN\n24928    NaN\nName: 36, Length: 24929, dtype: object","TowReg":1030175,"SupStruc":121.90000000000001,"AllStruc":125.59999999999999,"StrucType":"GTOWER","LicStatus":"A","latdec":29.558805555599999,"londec":-82.460638888899993,"url":"http://wireless2.fcc.gov/UlsApp/UlsSearch/licenseLocSum.jsp?licKey=13380"}},{"type":"Feature","id":860,"geometry":{"type":"Point","coordinates":[-82.07249999972197,29.589444443842865]},"properties":{"FID":860,"OBJECTID":22813,"UniqSysID":13380,"Licensee":"New Cingular Wireless PCS, LLC","Callsign":"KNKA583","LocNum":10,"LatDeg":29,"LatMin":35,"LatSec":22,"LatDir":"N","LonDeg":82,"LonMin":4,"LonSec":21,"LonDir":"W","LocAdd":"23016 SE 65TH AVE  (44998)","LocCity":"HAWTHORNE","LocCounty":"ALACHUA","LocState":"FL","Nepa":"N","QZone":"0        NaN\n1        NaN\n2        NaN\n3        NaN\n4        NaN\n        ... \n24924    NaN\n24925    NaN\n24926    NaN\n24927    NaN\n24928    NaN\nName: 36, Length: 24929, dtype: object","TowReg":1030853,"SupStruc":146.30000000000001,"AllStruc":152.40000000000001,"StrucType":"GTOWER","LicStatus":"A","latdec":29.589444444400002,"londec":-82.072500000000005,"url":"http://wireless2.fcc.gov/UlsApp/UlsSearch/licenseLocSum.jsp?licKey=13380"}},{"type":"Feature","id":861,"geometry":{"type":"Point","coordinates":[-82.087055554984147,30.012555556195593]},"properties":{"FID":861,"OBJECTID":22814,"UniqSysID":13380,"Licensee":"New Cingular Wireless PCS, LLC","Callsign":"KNKA583","LocNum":11,"LatDeg":30,"LatMin":0,"LatSec":45.200000000000003,"LatDir":"N","LonDeg":82,"LonMin":5,"LonSec":13.4,"LonDir":"W","LocAdd":"2554 NE 204TH STREET  (45002)","LocCity":"STARKE","LocCounty":"BRADFORD","LocState":"FL","Nepa":"N","QZone":"0        NaN\n1        NaN\n2        NaN\n3        NaN\n4        NaN\n        ... \n24924    NaN\n24925    NaN\n24926    NaN\n24927    NaN\n24928    NaN\nName: 36, Length: 24929, dtype: object","TowReg":1025001,"SupStruc":73.5,"AllStruc":76.5,"StrucType":"LTOWER","LicStatus":"A","latdec":30.012555555599999,"londec":-82.087055555600003,"url":"http://wireless2.fcc.gov/UlsApp/UlsSearch/licenseLocSum.jsp?licKey=13380"}},{"type":"Feature","id":862,"geometry":{"type":"Point","coordinates":[-82.475277778172767,29.874055554766414]},"properties":{"FID":862,"OBJECTID":22815,"UniqSysID":13380,"Licensee":"New Cingular Wireless PCS, LLC","Callsign":"KNKA583","LocNum":12,"LatDeg":29,"LatMin":52,"LatSec":26.600000000000001,"LatDir":"N","LonDeg":82,"LonMin":28,"LonSec":31,"LonDir":"W","LocAdd":"12003 NW CR236  (45003)","LocCity":"ALACHUA","LocCounty":"ALACHUA","LocState":"FL","Nepa":"N","QZone":"0        NaN\n1        NaN\n2        NaN\n3        NaN\n4        NaN\n        ... \n24924    NaN\n24925    NaN\n24926    NaN\n24927    NaN\n24928    NaN\nName: 36, Length: 24929, dtype: object","TowReg":1016864,"SupStruc":73.200000000000003,"AllStruc":76.799999999999997,"StrucType":"GTOWER","LicStatus":"A","latdec":29.874055555599998,"londec":-82.475277777800002,"url":"http://wireless2.fcc.gov/UlsApp/UlsSearch/licenseLocSum.jsp?licKey=13380"}},{"type":"Feature","id":863,"geometry":{"type":"Point","coordinates":[-82.115333332555508,29.664777777908114]},"properties":{"FID":863,"OBJECTID":22816,"UniqSysID":13380,"Licensee":"New Cingular Wireless PCS, LLC","Callsign":"KNKA583","LocNum":18,"LatDeg":29,"LatMin":39,"LatSec":53.200000000000003,"LatDir":"N","LonDeg":82,"LonMin":6,"LonSec":55.200000000000003,"LonDir":"W","LocAdd":"19422 East County Road 1474  (45009)","LocCity":"HAWTHORNE","LocCounty":"ALACHUA","LocState":"FL","Nepa":"N","QZone":"0        NaN\n1        NaN\n2        NaN\n3        NaN\n4        NaN\n        ... \n24924    NaN\n24925    NaN\n24926    NaN\n24927    NaN\n24928    NaN\nName: 36, Length: 24929, dtype: object","TowReg":0,"SupStruc":53.899999999999999,"AllStruc":57.299999999999997,"StrucType":"LTOWER","LicStatus":"A","latdec":29.664777777800001,"londec":-82.115333333300001,"url":"http://wireless2.fcc.gov/UlsApp/UlsSearch/licenseLocSum.jsp?licKey=13380"}},{"type":"Feature","id":864,"geometry":{"type":"Point","coordinates":[-82.088638888673017,29.958194444388369]},"properties":{"FID":864,"OBJECTID":22817,"UniqSysID":13380,"Licensee":"New Cingular Wireless PCS, LLC","Callsign":"KNKA583","LocNum":21,"LatDeg":29,"LatMin":57,"LatSec":29.5,"LatDir":"N","LonDeg":82,"LonMin":5,"LonSec":19.100000000000001,"LonDir":"W","LocAdd":"2625 NE 163RD STREET  (45011)","LocCity":"STARKE","LocCounty":"BRADFORD","LocState":"FL","Nepa":"N","QZone":"0        NaN\n1        NaN\n2        NaN\n3        NaN\n4        NaN\n        ... \n24924    NaN\n24925    NaN\n24926    NaN\n24927    NaN\n24928    NaN\nName: 36, Length: 24929, dtype: object","TowReg":1203602,"SupStruc":151.19999999999999,"AllStruc":152.09999999999999,"StrucType":"GTOWER","LicStatus":"A","latdec":29.9581944444,"londec":-82.088638888899993,"url":"http://wireless2.fcc.gov/UlsApp/UlsSearch/licenseLocSum.jsp?licKey=13380"}},{"type":"Feature","id":865,"geometry":{"type":"Point","coordinates":[-82.62002777824182,29.641361110997536]},"properties":{"FID":865,"OBJECTID":22818,"UniqSysID":13380,"Licensee":"New Cingular Wireless PCS, LLC","Callsign":"KNKA583","LocNum":35,"LatDeg":29,"LatMin":38,"LatSec":28.899999999999999,"LatDir":"N","LonDeg":82,"LonMin":37,"LonSec":12.1,"LonDir":"W","LocAdd":"26333 SW 4TH AVENUE  (79026)","LocCity":"NEWBERRY","LocCounty":"ALACHUA","LocState":"FL","Nepa":"N","QZone":"0        NaN\n1        NaN\n2        NaN\n3        NaN\n4        NaN\n        ... \n24924    NaN\n24925    NaN\n24926    NaN\n24927    NaN\n24928    NaN\nName: 36, Length: 24929, dtype: object","TowReg":1210960,"SupStruc":82.299999999999997,"AllStruc":86.900000000000006,"StrucType":"LTOWER","LicStatus":"A","latdec":29.6413611111,"londec":-82.620027777800004,"url":"http://wireless2.fcc.gov/UlsApp/UlsSearch/licenseLocSum.jsp?licKey=13380"}},{"type":"Feature","id":866,"geometry":{"type":"Point","coordinates":[-82.157555555874183,29.760444445185158]},"properties":{"FID":866,"OBJECTID":22819,"UniqSysID":13380,"Licensee":"New Cingular Wireless PCS, LLC","Callsign":"KNKA583","LocNum":36,"LatDeg":29,"LatMin":45,"LatSec":37.600000000000001,"LatDir":"N","LonDeg":82,"LonMin":9,"LonSec":27.199999999999999,"LonDir":"W","LocAdd":"15605 NORTHEAST 116 AVENUE  (45004)","LocCity":"WALDO","LocCounty":"ALACHUA","LocState":"FL","Nepa":"N","QZone":"0        NaN\n1        NaN\n2        NaN\n3        NaN\n4        NaN\n        ... \n24924    NaN\n24925    NaN\n24926    NaN\n24927    NaN\n24928    NaN\nName: 36, Length: 24929, dtype: object","TowReg":1018201,"SupStruc":73.799999999999997,"AllStruc":77.400000000000006,"StrucType":"GTOWER","LicStatus":"A","latdec":29.760444444400001,"londec":-82.157555555599998,"url":"http://wireless2.fcc.gov/UlsApp/UlsSearch/licenseLocSum.jsp?licKey=13380"}},{"type":"Feature","id":867,"geometry":{"type":"Point","coordinates":[-82.601527778059278,29.827166666153687]},"properties":{"FID":867,"OBJECTID":22820,"UniqSysID":13380,"Licensee":"New Cingular Wireless PCS, LLC","Callsign":"KNKA583","LocNum":29,"LatDeg":29,"LatMin":49,"LatSec":37.799999999999997,"LatDir":"N","LonDeg":82,"LonMin":36,"LonSec":5.5,"LonDir":"W","LocAdd":"125 SW Railroad Ave.  (105199)","LocCity":"High Springs","LocCounty":"ALACHUA","LocState":"FL","Nepa":"N","QZone":"0        NaN\n1        NaN\n2        NaN\n3        NaN\n4        NaN\n        ... \n24924    NaN\n24925    NaN\n24926    NaN\n24927    NaN\n24928    NaN\nName: 36, Length: 24929, dtype: object","TowReg":1203551,"SupStruc":76.200000000000003,"AllStruc":80.799999999999997,"StrucType":"LTOWER","LicStatus":"A","latdec":29.827166666699998,"londec":-82.601527777800001,"url":"http://wireless2.fcc.gov/UlsApp/UlsSearch/licenseLocSum.jsp?licKey=13380"}},{"type":"Feature","id":868,"geometry":{"type":"Point","coordinates":[-82.291666666997742,29.491833333194506]},"properties":{"FID":868,"OBJECTID":22821,"UniqSysID":13380,"Licensee":"New Cingular Wireless PCS, LLC","Callsign":"KNKA583","LocNum":30,"LatDeg":29,"LatMin":29,"LatSec":30.600000000000001,"LatDir":"N","LonDeg":82,"LonMin":17,"LonSec":30,"LonDir":"W","LocAdd":"17608 SE 26TH STREET  (65232)","LocCity":"MICANOPY","LocCounty":"ALACHUA","LocState":"FL","Nepa":"N","QZone":"0        NaN\n1        NaN\n2        NaN\n3        NaN\n4        NaN\n        ... \n24924    NaN\n24925    NaN\n24926    NaN\n24927    NaN\n24928    NaN\nName: 36, Length: 24929, dtype: object","TowReg":1063678,"SupStruc":76.5,"AllStruc":78.299999999999997,"StrucType":"LTOWER","LicStatus":"A","latdec":29.491833333300001,"londec":-82.291666666699996,"url":"http://wireless2.fcc.gov/UlsApp/UlsSearch/licenseLocSum.jsp?licKey=13380"}},{"type":"Feature","id":869,"geometry":{"type":"Point","coordinates":[-82.521888887898797,29.538944445344214]},"properties":{"FID":869,"OBJECTID":22822,"UniqSysID":13380,"Licensee":"New Cingular Wireless PCS, LLC","Callsign":"KNKA583","LocNum":32,"LatDeg":29,"LatMin":32,"LatSec":20.199999999999999,"LatDir":"N","LonDeg":82,"LonMin":31,"LonSec":18.800000000000001,"LonDir":"W","LocAdd":"12515 Southwest 170th Street  (65244)","LocCity":"ARCHER","LocCounty":"ALACHUA","LocState":"FL","Nepa":"N","QZone":"0        NaN\n1        NaN\n2        NaN\n3        NaN\n4        NaN\n        ... \n24924    NaN\n24925    NaN\n24926    NaN\n24927    NaN\n24928    NaN\nName: 36, Length: 24929, dtype: object","TowReg":1237250,"SupStruc":60.700000000000003,"AllStruc":60.700000000000003,"StrucType":"MTOWER","LicStatus":"A","latdec":29.538944444399998,"londec":-82.521888888899994,"url":"http://wireless2.fcc.gov/UlsApp/UlsSearch/licenseLocSum.jsp?licKey=13380"}},{"type":"Feature","id":870,"geometry":{"type":"Point","coordinates":[-82.576611111802151,29.588222222068225]},"properties":{"FID":870,"OBJECTID":22823,"UniqSysID":13380,"Licensee":"New Cingular Wireless PCS, LLC","Callsign":"KNKA583","LocNum":33,"LatDeg":29,"LatMin":35,"LatSec":17.600000000000001,"LatDir":"N","LonDeg":82,"LonMin":34,"LonSec":35.799999999999997,"LonDir":"W","LocAdd":"22125 SOUTHWEST 71ST AVENUE  (65245)","LocCity":"NEWBERRY","LocCounty":"ALACHUA","LocState":"FL","Nepa":"N","QZone":"0        NaN\n1        NaN\n2        NaN\n3        NaN\n4        NaN\n        ... \n24924    NaN\n24925    NaN\n24926    NaN\n24927    NaN\n24928    NaN\nName: 36, Length: 24929, dtype: object","TowReg":1242918,"SupStruc":78.599999999999994,"AllStruc":80.200000000000003,"StrucType":"GTOWER","LicStatus":"A","latdec":29.588222222199999,"londec":-82.576611111099993,"url":"http://wireless2.fcc.gov/UlsApp/UlsSearch/licenseLocSum.jsp?licKey=13380"}},{"type":"Feature","id":871,"geometry":{"type":"Point","coordinates":[-82.552638889319098,29.883277778128615]},"properties":{"FID":871,"OBJECTID":22824,"UniqSysID":13380,"Licensee":"New Cingular Wireless PCS, LLC","Callsign":"KNKA583","LocNum":34,"LatDeg":29,"LatMin":52,"LatSec":59.799999999999997,"LatDir":"N","LonDeg":82,"LonMin":33,"LonSec":9.5,"LonDir":"W","LocAdd":"24017 Old Bellamy  (65261)","LocCity":"HIGH SPRINGS","LocCounty":"ALACHUA","LocState":"FL","Nepa":"N","QZone":"0        NaN\n1        NaN\n2        NaN\n3        NaN\n4        NaN\n        ... \n24924    NaN\n24925    NaN\n24926    NaN\n24927    NaN\n24928    NaN\nName: 36, Length: 24929, dtype: object","TowReg":1201341,"SupStruc":82.299999999999997,"AllStruc":84.099999999999994,"StrucType":"GTOWER","LicStatus":"A","latdec":29.8832777778,"londec":-82.552638888900006,"url":"http://wireless2.fcc.gov/UlsApp/UlsSearch/licenseLocSum.jsp?licKey=13380"}},{"type":"Feature","id":872,"geometry":{"type":"Point","coordinates":[-81.104444445101137,24.707333333175939]},"properties":{"FID":872,"OBJECTID":23745,"UniqSysID":2321964,"Licensee":"New Cingular Wireless PCS, LLC","Callsign":"WPSJ791","LocNum":4,"LatDeg":24,"LatMin":42,"LatSec":26.399999999999999,"LatDir":"N","LonDeg":81,"LonMin":6,"LonSec":16,"LonDir":"W","LocAdd":"MILE MARKER 48 US HIGHWAY 1   (71751)","LocCity":"MARATHON","LocCounty":"MONROE","LocState":"FL","Nepa":"N","QZone":"0        NaN\n1        NaN\n2        NaN\n3        NaN\n4        NaN\n        ... \n24924    NaN\n24925    NaN\n24926    NaN\n24927    NaN\n24928    NaN\nName: 36, Length: 24929, dtype: object","TowReg":1029708,"SupStruc":93,"AllStruc":96.599999999999994,"StrucType":"LTOWER","LicStatus":"A","latdec":24.707333333299999,"londec":-81.104444444400002,"url":"http://wireless2.fcc.gov/UlsApp/UlsSearch/licenseLocSum.jsp?licKey=2321964"}},{"type":"Feature","id":873,"geometry":{"type":"Point","coordinates":[-80.810472221847135,24.827583333325492]},"properties":{"FID":873,"OBJECTID":23746,"UniqSysID":2321964,"Licensee":"New Cingular Wireless PCS, LLC","Callsign":"WPSJ791","LocNum":6,"LatDeg":24,"LatMin":49,"LatSec":39.299999999999997,"LatDir":"N","LonDeg":80,"LonMin":48,"LonSec":37.700000000000003,"LonDir":"W","LocAdd":"MILE MARKER 68 US HIGHWAY 1   (83240)","LocCity":"LAYTON","LocCounty":"MONROE","LocState":"FL","Nepa":"N","QZone":"0        NaN\n1        NaN\n2        NaN\n3        NaN\n4        NaN\n        ... \n24924    NaN\n24925    NaN\n24926    NaN\n24927    NaN\n24928    NaN\nName: 36, Length: 24929, dtype: object","TowReg":1030026,"SupStruc":62.5,"AllStruc":63.399999999999999,"StrucType":"LTOWER","LicStatus":"A","latdec":24.827583333300002,"londec":-80.810472222200005,"url":"http://wireless2.fcc.gov/UlsApp/UlsSearch/licenseLocSum.jsp?licKey=2321964"}},{"type":"Feature","id":874,"geometry":{"type":"Point","coordinates":[-80.375694444342855,25.170611110634297]},"properties":{"FID":874,"OBJECTID":23747,"UniqSysID":2321964,"Licensee":"New Cingular Wireless PCS, LLC","Callsign":"WPSJ791","LocNum":9,"LatDeg":25,"LatMin":10,"LatSec":14.199999999999999,"LatDir":"N","LonDeg":80,"LonMin":22,"LonSec":32.5,"LonDir":"W","LocAdd":"809 Largo Road   (71760)","LocCity":"Key Largo","LocCounty":"MONROE","LocState":"FL","Nepa":"N","QZone":"0        NaN\n1        NaN\n2        NaN\n3        NaN\n4        NaN\n        ... \n24924    NaN\n24925    NaN\n24926    NaN\n24927    NaN\n24928    NaN\nName: 36, Length: 24929, dtype: object","TowReg":1235873,"SupStruc":54.899999999999999,"AllStruc":59.100000000000001,"StrucType":"GTOWER","LicStatus":"A","latdec":25.170611111100001,"londec":-80.375694444399997,"url":"http://wireless2.fcc.gov/UlsApp/UlsSearch/licenseLocSum.jsp?licKey=2321964"}},{"type":"Feature","id":875,"geometry":{"type":"Point","coordinates":[-80.29266666695969,25.307750000338444]},"properties":{"FID":875,"OBJECTID":23748,"UniqSysID":2321964,"Licensee":"New Cingular Wireless PCS, LLC","Callsign":"WPSJ791","LocNum":10,"LatDeg":25,"LatMin":18,"LatSec":27.899999999999999,"LatDir":"N","LonDeg":80,"LonMin":17,"LonSec":33.600000000000001,"LonDir":"W","LocAdd":"31 Ocean Reef Drive #300   (71757)","LocCity":"Key Largo","LocCounty":"MONROE","LocState":"FL","Nepa":"N","QZone":"0        NaN\n1        NaN\n2        NaN\n3        NaN\n4        NaN\n        ... \n24924    NaN\n24925    NaN\n24926    NaN\n24927    NaN\n24928    NaN\nName: 36, Length: 24929, dtype: object","TowReg":1280863,"SupStruc":31.699999999999999,"AllStruc":36.899999999999999,"StrucType":"LTOWER","LicStatus":"A","latdec":25.307749999999999,"londec":-80.292666666700001,"url":"http://wireless2.fcc.gov/UlsApp/UlsSearch/licenseLocSum.jsp?licKey=2321964"}},{"type":"Feature","id":876,"geometry":{"type":"Point","coordinates":[-80.919722223022404,25.146944444979852]},"properties":{"FID":876,"OBJECTID":23749,"UniqSysID":2321964,"Licensee":"New Cingular Wireless PCS, LLC","Callsign":"WPSJ791","LocNum":12,"LatDeg":25,"LatMin":8,"LatSec":49,"LatDir":"N","LonDeg":80,"LonMin":55,"LonSec":11,"LonDir":"W","LocAdd":"EVERGLADES NATL PARK   (71794)","LocCity":"FLAMINGO","LocCounty":"MONROE","LocState":"FL","Nepa":"N","QZone":"0        NaN\n1        NaN\n2        NaN\n3        NaN\n4        NaN\n        ... \n24924    NaN\n24925    NaN\n24926    NaN\n24927    NaN\n24928    NaN\nName: 36, Length: 24929, dtype: object","TowReg":1028849,"SupStruc":103.59999999999999,"AllStruc":103.59999999999999,"StrucType":"GTOWER","LicStatus":"A","latdec":25.146944444399999,"londec":-80.919722222199994,"url":"http://wireless2.fcc.gov/UlsApp/UlsSearch/licenseLocSum.jsp?licKey=2321964"}},{"type":"Feature","id":877,"geometry":{"type":"Point","coordinates":[-81.416194444608664,24.661833334099242]},"properties":{"FID":877,"OBJECTID":23750,"UniqSysID":2321964,"Licensee":"New Cingular Wireless PCS, LLC","Callsign":"WPSJ791","LocNum":13,"LatDeg":24,"LatMin":39,"LatSec":42.600000000000001,"LatDir":"N","LonDeg":81,"LonMin":24,"LonSec":58.299999999999997,"LonDir":"W","LocAdd":"US HIGHWAY 1 & MAKO ROAD/MM 104   (71752)","LocCity":"RAMROD KEY","LocCounty":"MONROE","LocState":"FL","Nepa":"N","QZone":"0        NaN\n1        NaN\n2        NaN\n3        NaN\n4        NaN\n        ... \n24924    NaN\n24925    NaN\n24926    NaN\n24927    NaN\n24928    NaN\nName: 36, Length: 24929, dtype: object","TowReg":1030018,"SupStruc":93,"AllStruc":93,"StrucType":"LTOWER","LicStatus":"A","latdec":24.661833333299999,"londec":-81.416194444400006,"url":"http://wireless2.fcc.gov/UlsApp/UlsSearch/licenseLocSum.jsp?licKey=2321964"}},{"type":"Feature","id":878,"geometry":{"type":"Point","coordinates":[-81.79880555607258,24.567166667108665]},"properties":{"FID":878,"OBJECTID":23751,"UniqSysID":2321964,"Licensee":"New Cingular Wireless PCS, LLC","Callsign":"WPSJ791","LocNum":14,"LatDeg":24,"LatMin":34,"LatSec":1.8,"LatDir":"N","LonDeg":81,"LonMin":47,"LonSec":55.700000000000003,"LonDir":"W","LocAdd":"MILE MARKER 0 US HIGHWAY 1 NAVAL COAST GUARD   (71753)","LocCity":"KEY WEST","LocCounty":"MONROE","LocState":"FL","Nepa":"N","QZone":"0        NaN\n1        NaN\n2        NaN\n3        NaN\n4        NaN\n        ... \n24924    NaN\n24925    NaN\n24926    NaN\n24927    NaN\n24928    NaN\nName: 36, Length: 24929, dtype: object","TowReg":1030152,"SupStruc":64,"AllStruc":65.5,"StrucType":"LTOWER","LicStatus":"A","latdec":24.5671666667,"londec":-81.798805555599998,"url":"http://wireless2.fcc.gov/UlsApp/UlsSearch/licenseLocSum.jsp?licKey=2321964"}},{"type":"Feature","id":879,"geometry":{"type":"Point","coordinates":[-80.550777777558949,24.979499999759639]},"properties":{"FID":879,"OBJECTID":23752,"UniqSysID":2321964,"Licensee":"New Cingular Wireless PCS, LLC","Callsign":"WPSJ791","LocNum":15,"LatDeg":24,"LatMin":58,"LatSec":46.200000000000003,"LatDir":"N","LonDeg":80,"LonMin":33,"LonSec":2.7999999999999998,"LonDir":"W","LocAdd":"88770 OVERSEAS HIGHWAY   (71755)","LocCity":"TAVENIER KEY","LocCounty":"MONROE","LocState":"FL","Nepa":"N","QZone":"0        NaN\n1        NaN\n2        NaN\n3        NaN\n4        NaN\n        ... \n24924    NaN\n24925    NaN\n24926    NaN\n24927    NaN\n24928    NaN\nName: 36, Length: 24929, dtype: object","TowReg":1030845,"SupStruc":92.700000000000003,"AllStruc":97.5,"StrucType":"LTOWER","LicStatus":"A","latdec":24.979500000000002,"londec":-80.550777777799993,"url":"http://wireless2.fcc.gov/UlsApp/UlsSearch/licenseLocSum.jsp?licKey=2321964"}},{"type":"Feature","id":880,"geometry":{"type":"Point","coordinates":[-81.660000000191189,24.596027777899735]},"properties":{"FID":880,"OBJECTID":23753,"UniqSysID":2321964,"Licensee":"New Cingular Wireless PCS, LLC","Callsign":"WPSJ791","LocNum":17,"LatDeg":24,"LatMin":35,"LatSec":45.700000000000003,"LatDir":"N","LonDeg":81,"LonMin":39,"LonSec":36,"LonDir":"W","LocAdd":"359 U.S. Hwy 1   (71763)","LocCity":"East Rockland Key","LocCounty":"MONROE","LocState":"FL","Nepa":"N","QZone":"0        NaN\n1        NaN\n2        NaN\n3        NaN\n4        NaN\n        ... \n24924    NaN\n24925    NaN\n24926    NaN\n24927    NaN\n24928    NaN\nName: 36, Length: 24929, dtype: object","TowReg":1238272,"SupStruc":39,"AllStruc":39,"StrucType":"MTOWER","LicStatus":"A","latdec":24.5960277778,"londec":-81.659999999999997,"url":"http://wireless2.fcc.gov/UlsApp/UlsSearch/licenseLocSum.jsp?licKey=2321964"}},{"type":"Feature","id":881,"geometry":{"type":"Point","coordinates":[-81.358666667088755,24.666555555890625]},"properties":{"FID":881,"OBJECTID":23754,"UniqSysID":2321964,"Licensee":"New Cingular Wireless PCS, LLC","Callsign":"WPSJ791","LocNum":27,"LatDeg":24,"LatMin":39,"LatSec":59.600000000000001,"LatDir":"N","LonDeg":81,"LonMin":21,"LonSec":31.199999999999999,"LonDir":"W","LocAdd":"Palamino Horse Trail (71761)","LocCity":"Big Pine Key","LocCounty":"MONROE","LocState":"FL","Nepa":"N","QZone":"0        NaN\n1        NaN\n2        NaN\n3        NaN\n4        NaN\n        ... \n24924    NaN\n24925    NaN\n24926    NaN\n24927    NaN\n24928    NaN\nName: 36, Length: 24929, dtype: object","TowReg":1236257,"SupStruc":60.700000000000003,"AllStruc":60.700000000000003,"StrucType":"MTOWER","LicStatus":"A","latdec":24.666555555599999,"londec":-81.358666666700003,"url":"http://wireless2.fcc.gov/UlsApp/UlsSearch/licenseLocSum.jsp?licKey=2321964"}},{"type":"Feature","id":882,"geometry":{"type":"Point","coordinates":[-80.431777777598484,25.100055555912945]},"properties":{"FID":882,"OBJECTID":23755,"UniqSysID":2321964,"Licensee":"New Cingular Wireless PCS, LLC","Callsign":"WPSJ791","LocNum":21,"LatDeg":25,"LatMin":6,"LatSec":0.20000000000000001,"LatDir":"N","LonDeg":80,"LonMin":25,"LonSec":54.399999999999999,"LonDir":"W","LocAdd":"305 MAGNOLIA STREET   (71749)","LocCity":"KEY LARGO","LocCounty":"MONROE","LocState":"FL","Nepa":"N","QZone":"0        NaN\n1        NaN\n2        NaN\n3        NaN\n4        NaN\n        ... \n24924    NaN\n24925    NaN\n24926    NaN\n24927    NaN\n24928    NaN\nName: 36, Length: 24929, dtype: object","TowReg":1030028,"SupStruc":88.400000000000006,"AllStruc":89.599999999999994,"StrucType":"LTOWER","LicStatus":"A","latdec":25.100055555600001,"londec":-80.431777777799994,"url":"http://wireless2.fcc.gov/UlsApp/UlsSearch/licenseLocSum.jsp?licKey=2321964"}},{"type":"Feature","id":883,"geometry":{"type":"Point","coordinates":[-80.635055555270128,24.918916667223698]},"properties":{"FID":883,"OBJECTID":23756,"UniqSysID":2321964,"Licensee":"New Cingular Wireless PCS, LLC","Callsign":"WPSJ791","LocNum":22,"LatDeg":24,"LatMin":55,"LatSec":8.0999999999999996,"LatDir":"N","LonDeg":80,"LonMin":38,"LonSec":6.2000000000000002,"LonDir":"W","LocAdd":"8200 Overseas Hwy   (71750)","LocCity":"ISLAMORADA","LocCounty":"MONROE","LocState":"FL","Nepa":"N","QZone":"0        NaN\n1        NaN\n2        NaN\n3        NaN\n4        NaN\n        ... \n24924    NaN\n24925    NaN\n24926    NaN\n24927    NaN\n24928    NaN\nName: 36, Length: 24929, dtype: object","TowReg":1030025,"SupStruc":89,"AllStruc":90.5,"StrucType":"LTOWER","LicStatus":"A","latdec":24.918916666699999,"londec":-80.635055555600005,"url":"http://wireless2.fcc.gov/UlsApp/UlsSearch/licenseLocSum.jsp?licKey=2321964"}},{"type":"Feature","id":884,"geometry":{"type":"Point","coordinates":[-81.801250000419714,24.555499999833728]},"properties":{"FID":884,"OBJECTID":23757,"UniqSysID":2321964,"Licensee":"New Cingular Wireless PCS, LLC","Callsign":"WPSJ791","LocNum":23,"LatDeg":24,"LatMin":33,"LatSec":19.800000000000001,"LatDir":"N","LonDeg":81,"LonMin":48,"LonSec":4.5,"LonDir":"W","LocAdd":"525 SOUTHARD ST   (71754)","LocCity":"KEY WEST","LocCounty":"MONROE","LocState":"FL","Nepa":"N","QZone":"0        NaN\n1        NaN\n2        NaN\n3        NaN\n4        NaN\n        ... \n24924    NaN\n24925    NaN\n24926    NaN\n24927    NaN\n24928    NaN\nName: 36, Length: 24929, dtype: object","TowReg":1030880,"SupStruc":61,"AllStruc":61,"StrucType":"MTOWER","LicStatus":"A","latdec":24.555499999999999,"londec":-81.801249999999996,"url":"http://wireless2.fcc.gov/UlsApp/UlsSearch/licenseLocSum.jsp?licKey=2321964"}},{"type":"Feature","id":885,"geometry":{"type":"Point","coordinates":[-81.791111111066641,24.547638889344967]},"properties":{"FID":885,"OBJECTID":23758,"UniqSysID":2321964,"Licensee":"New Cingular Wireless PCS, LLC","Callsign":"WPSJ791","LocNum":25,"LatDeg":24,"LatMin":32,"LatSec":51.5,"LatDir":"N","LonDeg":81,"LonMin":47,"LonSec":28,"LonDir":"W","LocAdd":"1500 Reynolds Street   (105612)","LocCity":"Key West","LocCounty":"MONROE","LocState":"FL","Nepa":"N","QZone":"0        NaN\n1        NaN\n2        NaN\n3        NaN\n4        NaN\n        ... \n24924    NaN\n24925    NaN\n24926    NaN\n24927    NaN\n24928    NaN\nName: 36, Length: 24929, dtype: object","TowReg":0,"SupStruc":14.9,"AllStruc":17.100000000000001,"StrucType":"B","LicStatus":"A","latdec":24.5476388889,"londec":-81.791111111099994,"url":"http://wireless2.fcc.gov/UlsApp/UlsSearch/licenseLocSum.jsp?licKey=2321964"}},{"type":"Feature","id":886,"geometry":{"type":"Point","coordinates":[-81.768138888666215,24.565722221690635]},"properties":{"FID":886,"OBJECTID":23759,"UniqSysID":2321964,"Licensee":"New Cingular Wireless PCS, LLC","Callsign":"WPSJ791","LocNum":26,"LatDeg":24,"LatMin":33,"LatSec":56.600000000000001,"LatDir":"N","LonDeg":81,"LonMin":46,"LonSec":5.2999999999999998,"LonDir":"W","LocAdd":"1010 KENNEDY DRIVE   (93289)","LocCity":"KEY WEST","LocCounty":"MONROE","LocState":"FL","Nepa":"N","QZone":"0        NaN\n1        NaN\n2        NaN\n3        NaN\n4        NaN\n        ... \n24924    NaN\n24925    NaN\n24926    NaN\n24927    NaN\n24928    NaN\nName: 36, Length: 24929, dtype: object","TowReg":1278151,"SupStruc":38.100000000000001,"AllStruc":38.100000000000001,"StrucType":"MTOWER","LicStatus":"A","latdec":24.565722222200002,"londec":-81.768138888899998,"url":"http://wireless2.fcc.gov/UlsApp/UlsSearch/licenseLocSum.jsp?licKey=2321964"}},{"type":"Feature","id":887,"geometry":{"type":"Point","coordinates":[-81.013111111400463,24.734611111805464]},"properties":{"FID":887,"OBJECTID":23760,"UniqSysID":2321964,"Licensee":"New Cingular Wireless PCS, LLC","Callsign":"WPSJ791","LocNum":20,"LatDeg":24,"LatMin":44,"LatSec":4.5999999999999996,"LatDir":"N","LonDeg":81,"LonMin":0,"LonSec":47.200000000000003,"LonDir":"W","LocAdd":"13860 Overseas Hwy.   (71762)","LocCity":"Marathon","LocCounty":"MONROE","LocState":"FL","Nepa":"N","QZone":"0        NaN\n1        NaN\n2        NaN\n3        NaN\n4        NaN\n        ... \n24924    NaN\n24925    NaN\n24926    NaN\n24927    NaN\n24928    NaN\nName: 36, Length: 24929, dtype: object","TowReg":1229676,"SupStruc":48.799999999999997,"AllStruc":48.799999999999997,"StrucType":"MTOWER","LicStatus":"A","latdec":24.734611111100001,"londec":-81.013111111100002,"url":"http://wireless2.fcc.gov/UlsApp/UlsSearch/licenseLocSum.jsp?licKey=2321964"}}]}