{"type":"FeatureCollection","features":[{"type":"Feature","id":0,"geometry":{"type":"Point","coordinates":[-82.483174311336313,29.916912583146427]},"properties":{"FID":0,"OBJECTID":2774,"GLOBAL_ID":"D94B81F4-BD1A-4F7C-8595-2608E8BD019A","IDENT":"FA62","NAME":"Santa Fe River Ranch","LATITUDE":"29-55-00.8650N","LONGITUDE":"082-28-59.4150W","ELEVATION":145,"ICAO_ID":" ","TYPE_CODE":"AD","SERVCITY":"ALACHUA","STATE":"FL","COUNTRY":"UNITED STATES","OPERSTATUS":"OPERATIONAL","PRIVATEUSE":1,"IAPEXISTS":0,"DODHIFLIP":0,"FAR91":0,"FAR93":0,"MIL_CODE":"CIVIL","AIRANAL":"CONDITIONAL","US_HIGH":0,"US_LOW":0,"AK_HIGH":0,"AK_LOW":0,"US_AREA":0,"PACIFIC":0}},{"type":"Feature","id":1,"geometry":{"type":"Point","coordinates":[-82.565281273165283,29.734172261038736]},"properties":{"FID":1,"OBJECTID":2775,"GLOBAL_ID":"2DE9F6ED-F9F0-4565-8485-244D51A42BD3","IDENT":"63FA","NAME":"Sullivan Fld","LATITUDE":"29-44-03.0000N","LONGITUDE":"082-33-55.0000W","ELEVATION":88,"ICAO_ID":" ","TYPE_CODE":"AD","SERVCITY":"ALACHUA","STATE":"FL","COUNTRY":"UNITED STATES","OPERSTATUS":"OPERATIONAL","PRIVATEUSE":1,"IAPEXISTS":0,"DODHIFLIP":0,"FAR91":0,"FAR93":0,"MIL_CODE":"CIVIL","AIRANAL":"CONDITIONAL","US_HIGH":0,"US_LOW":0,"AK_HIGH":0,"AK_LOW":0,"US_AREA":0,"PACIFIC":0}},{"type":"Feature","id":2,"geometry":{"type":"Point","coordinates":[-82.491392361422868,29.698061143696691]},"properties":{"FID":2,"OBJECTID":2776,"GLOBAL_ID":"CF43D1DE-5AB5-45E9-BEA7-BF5A03A83D1A","IDENT":"63FD","NAME":"Link Fld","LATITUDE":"29-41-53.0000N","LONGITUDE":"082-29-29.0000W","ELEVATION":108,"ICAO_ID":" ","TYPE_CODE":"AD","SERVCITY":"ALACHUA","STATE":"FL","COUNTRY":"UNITED STATES","OPERSTATUS":"OPERATIONAL","PRIVATEUSE":1,"IAPEXISTS":0,"DODHIFLIP":0,"FAR91":0,"FAR93":0,"MIL_CODE":"CIVIL","AIRANAL":"CONDITIONAL","US_HIGH":0,"US_LOW":0,"AK_HIGH":0,"AK_LOW":0,"US_AREA":0,"PACIFIC":0}},{"type":"Feature","id":3,"geometry":{"type":"Point","coordinates":[-81.353404771890723,28.656669815594682]},"properties":{"FID":3,"OBJECTID":2777,"GLOBAL_ID":"52F26A36-56E3-4DA7-B4CD-B55DB76A07C7","IDENT":"3FD9","NAME":"Prairie Lake Pvt Res Sp Mooring Facility","LATITUDE":"28-39-23.9920N","LONGITUDE":"081-21-12.2460W","ELEVATION":86,"ICAO_ID":" ","TYPE_CODE":"SP","SERVCITY":"ALTAMONTE SPRINGS","STATE":"FL","COUNTRY":"UNITED STATES","OPERSTATUS":"OPERATIONAL","PRIVATEUSE":1,"IAPEXISTS":0,"DODHIFLIP":0,"FAR91":0,"FAR93":0,"MIL_CODE":"CIVIL","AIRANAL":"CONDITIONAL","US_HIGH":0,"US_LOW":0,"AK_HIGH":0,"AK_LOW":0,"US_AREA":0,"PACIFIC":0}},{"type":"Feature","id":4,"geometry":{"type":"Point","coordinates":[-81.382503113390328,28.657505371028378]},"properties":{"FID":4,"OBJECTID":2778,"GLOBAL_ID":"91AB8DFA-E845-46F7-AEFB-FC348E23315D","IDENT":"0FA9","NAME":"Paradise Landing","LATITUDE":"28-39-27.0000N","LONGITUDE":"081-22-57.0000W","ELEVATION":59,"ICAO_ID":" ","TYPE_CODE":"SP","SERVCITY":"ALTAMONTE SPRINGS","STATE":"FL","COUNTRY":"UNITED STATES","OPERSTATUS":"OPERATIONAL","PRIVATEUSE":1,"IAPEXISTS":0,"DODHIFLIP":0,"FAR91":0,"FAR93":0,"MIL_CODE":"CIVIL","AIRANAL":"CONDITIONAL","US_HIGH":0,"US_LOW":0,"AK_HIGH":0,"AK_LOW":0,"US_AREA":0,"PACIFIC":0}},{"type":"Feature","id":5,"geometry":{"type":"Point","coordinates":[-81.369703109973955,28.666644262564546]},"properties":{"FID":5,"OBJECTID":2779,"GLOBAL_ID":"B111F774-F2A0-4463-9A96-F428CEEB4DE9","IDENT":"01FD","NAME":"Advent Health Altamonte Springs","LATITUDE":"28-39-59.9000N","LONGITUDE":"081-22-10.9200W","ELEVATION":86,"ICAO_ID":" ","TYPE_CODE":"HP","SERVCITY":"ALTAMONTE SPRINGS","STATE":"FL","COUNTRY":"UNITED STATES","OPERSTATUS":"OPERATIONAL","PRIVATEUSE":1,"IAPEXISTS":0,"DODHIFLIP":0,"FAR91":0,"FAR93":0,"MIL_CODE":"CIVIL","AIRANAL":"CONDITIONAL","US_HIGH":0,"US_LOW":0,"AK_HIGH":0,"AK_LOW":0,"US_AREA":0,"PACIFIC":0}},{"type":"Feature","id":6,"geometry":{"type":"Point","coordinates":[-81.571044774972222,26.732991007364774]},"properties":{"FID":6,"OBJECTID":2780,"GLOBAL_ID":"E8274C6C-42E7-46A7-A223-5790F9155A1B","IDENT":"87FL","NAME":"Alma","LATITUDE":"26-43-58.7500N","LONGITUDE":"081-34-15.7500W","ELEVATION":18,"ICAO_ID":" ","TYPE_CODE":"AD","SERVCITY":"ALVA","STATE":"FL","COUNTRY":"UNITED STATES","OPERSTATUS":"OPERATIONAL","PRIVATEUSE":1,"IAPEXISTS":0,"DODHIFLIP":0,"FAR91":0,"FAR93":0,"MIL_CODE":"CIVIL","AIRANAL":"CONDITIONAL","US_HIGH":0,"US_LOW":0,"AK_HIGH":0,"AK_LOW":0,"US_AREA":0,"PACIFIC":0}},{"type":"Feature","id":7,"geometry":{"type":"Point","coordinates":[-85.027381700853823,29.727554964420563]},"properties":{"FID":7,"OBJECTID":2781,"GLOBAL_ID":"F0425049-C052-42E4-9898-7A5B6CED4A9D","IDENT":"AAF","NAME":"Apalachicola Rgnl-Cleve Randolph Fld","LATITUDE":"29-43-39.1780N","LONGITUDE":"085-01-38.5590W","ELEVATION":19.600000000000001,"ICAO_ID":"KAAF","TYPE_CODE":"AD","SERVCITY":"APALACHICOLA","STATE":"FL","COUNTRY":"UNITED STATES","OPERSTATUS":"OPERATIONAL","PRIVATEUSE":0,"IAPEXISTS":1,"DODHIFLIP":0,"FAR91":0,"FAR93":0,"MIL_CODE":"CIVIL","AIRANAL":"NO OBJECTION","US_HIGH":1,"US_LOW":1,"AK_HIGH":0,"AK_LOW":0,"US_AREA":0,"PACIFIC":0}},{"type":"Feature","id":8,"geometry":{"type":"Point","coordinates":[-84.915603109861195,29.644589532670238]},"properties":{"FID":8,"OBJECTID":2782,"GLOBAL_ID":"A1759BB5-9E0F-4971-9B54-19319232844C","IDENT":"F47","NAME":"St George Island","LATITUDE":"29-38-40.5025N","LONGITUDE":"084-54-56.1562W","ELEVATION":3,"ICAO_ID":" ","TYPE_CODE":"AD","SERVCITY":"APALACHICOLA","STATE":"FL","COUNTRY":"UNITED STATES","OPERSTATUS":"OPERATIONAL","PRIVATEUSE":0,"IAPEXISTS":0,"DODHIFLIP":0,"FAR91":0,"FAR93":0,"MIL_CODE":"CIVIL","AIRANAL":"CONDITIONAL","US_HIGH":0,"US_LOW":1,"AK_HIGH":0,"AK_LOW":0,"US_AREA":0,"PACIFIC":0}},{"type":"Feature","id":9,"geometry":{"type":"Point","coordinates":[-81.581399005924254,28.706649544576294]},"properties":{"FID":9,"OBJECTID":2783,"GLOBAL_ID":"BF0FD5CF-36D0-40AF-AE78-713574164054","IDENT":"X04","NAME":"Orlando Apopka","LATITUDE":"28-42-23.9190N","LONGITUDE":"081-34-53.0250W","ELEVATION":150,"ICAO_ID":" ","TYPE_CODE":"AD","SERVCITY":"APOPKA","STATE":"FL","COUNTRY":"UNITED STATES","OPERSTATUS":"OPERATIONAL","PRIVATEUSE":0,"IAPEXISTS":1,"DODHIFLIP":0,"FAR91":0,"FAR93":0,"MIL_CODE":"CIVIL","AIRANAL":"CONDITIONAL","US_HIGH":0,"US_LOW":1,"AK_HIGH":0,"AK_LOW":0,"US_AREA":0,"PACIFIC":0}},{"type":"Feature","id":10,"geometry":{"type":"Point","coordinates":[-81.838230698982045,27.195323060119904]},"properties":{"FID":10,"OBJECTID":2784,"GLOBAL_ID":"F154EC4D-D5AF-458E-B479-572699D8FB56","IDENT":"X06","NAME":"Arcadia Muni","LATITUDE":"27-11-43.1450N","LONGITUDE":"081-50-17.6190W","ELEVATION":63,"ICAO_ID":" ","TYPE_CODE":"AD","SERVCITY":"ARCADIA","STATE":"FL","COUNTRY":"UNITED STATES","OPERSTATUS":"OPERATIONAL","PRIVATEUSE":0,"IAPEXISTS":1,"DODHIFLIP":0,"FAR91":0,"FAR93":0,"MIL_CODE":"CIVIL","AIRANAL":"NOT ANALYZED","US_HIGH":0,"US_LOW":1,"AK_HIGH":0,"AK_LOW":0,"US_AREA":0,"PACIFIC":0}},{"type":"Feature","id":11,"geometry":{"type":"Point","coordinates":[-81.850992092660363,27.22799390083344]},"properties":{"FID":11,"OBJECTID":2785,"GLOBAL_ID":"A38E258E-0B52-425C-9C00-513574FA66D2","IDENT":"FD85","NAME":"De Soto Meml Hospital","LATITUDE":"27-13-40.7600N","LONGITUDE":"081-51-03.5600W","ELEVATION":65,"ICAO_ID":" ","TYPE_CODE":"HP","SERVCITY":"ARCADIA","STATE":"FL","COUNTRY":"UNITED STATES","OPERSTATUS":"OPERATIONAL","PRIVATEUSE":1,"IAPEXISTS":0,"DODHIFLIP":0,"FAR91":0,"FAR93":0,"MIL_CODE":"CIVIL","AIRANAL":"CONDITIONAL","US_HIGH":0,"US_LOW":0,"AK_HIGH":0,"AK_LOW":0,"US_AREA":0,"PACIFIC":0}},{"type":"Feature","id":12,"geometry":{"type":"Point","coordinates":[-81.848142086552514,27.051171635446167]},"properties":{"FID":12,"OBJECTID":2786,"GLOBAL_ID":"4BE16D1D-C04C-4C31-BD06-494476E4B34C","IDENT":"26FD","NAME":"Hennessy","LATITUDE":"27-03-04.2000N","LONGITUDE":"081-50-53.3000W","ELEVATION":50,"ICAO_ID":" ","TYPE_CODE":"AD","SERVCITY":"ARCADIA","STATE":"FL","COUNTRY":"UNITED STATES","OPERSTATUS":"OPERATIONAL","PRIVATEUSE":1,"IAPEXISTS":0,"DODHIFLIP":0,"FAR91":0,"FAR93":0,"MIL_CODE":"CIVIL","AIRANAL":"CONDITIONAL","US_HIGH":0,"US_LOW":0,"AK_HIGH":0,"AK_LOW":0,"US_AREA":0,"PACIFIC":0}},{"type":"Feature","id":13,"geometry":{"type":"Point","coordinates":[-81.88036432546204,27.303939751749226]},"properties":{"FID":13,"OBJECTID":2787,"GLOBAL_ID":"4FDFC926-0110-49E4-AA09-7ACDEA646F9A","IDENT":"0FA1","NAME":"Ott's Landing","LATITUDE":"27-18-14.1650N","LONGITUDE":"081-52-49.3000W","ELEVATION":65,"ICAO_ID":" ","TYPE_CODE":"AD","SERVCITY":"ARCADIA","STATE":"FL","COUNTRY":"UNITED STATES","OPERSTATUS":"OPERATIONAL","PRIVATEUSE":1,"IAPEXISTS":0,"DODHIFLIP":0,"FAR91":0,"FAR93":0,"MIL_CODE":"CIVIL","AIRANAL":"CONDITIONAL","US_HIGH":0,"US_LOW":0,"AK_HIGH":0,"AK_LOW":0,"US_AREA":0,"PACIFIC":0}},{"type":"Feature","id":14,"geometry":{"type":"Point","coordinates":[-81.586469789404475,27.074503313406126]},"properties":{"FID":14,"OBJECTID":2788,"GLOBAL_ID":"DFF79F3D-2E1B-4E8E-956A-F0AD0DEDB5AB","IDENT":"FA64","NAME":"Montgomery Ranch","LATITUDE":"27-04-28.1940N","LONGITUDE":"081-35-11.2800W","ELEVATION":75,"ICAO_ID":" ","TYPE_CODE":"AD","SERVCITY":"ARCADIA","STATE":"FL","COUNTRY":"UNITED STATES","OPERSTATUS":"INDEFINITE","PRIVATEUSE":1,"IAPEXISTS":0,"DODHIFLIP":0,"FAR91":0,"FAR93":0,"MIL_CODE":"CIVIL","AIRANAL":"CONDITIONAL","US_HIGH":0,"US_LOW":0,"AK_HIGH":0,"AK_LOW":0,"US_AREA":0,"PACIFIC":0}},{"type":"Feature","id":15,"geometry":{"type":"Point","coordinates":[-81.915642943447381,27.19699944667218]},"properties":{"FID":15,"OBJECTID":2789,"GLOBAL_ID":"B7F2A563-4086-4ED3-A5D4-1281818304D8","IDENT":"8FL1","NAME":"Mc Donald's Fld","LATITUDE":"27-11-49.1800N","LONGITUDE":"081-54-56.3030W","ELEVATION":54,"ICAO_ID":" ","TYPE_CODE":"AD","SERVCITY":"ARCADIA","STATE":"FL","COUNTRY":"UNITED STATES","OPERSTATUS":"OPERATIONAL","PRIVATEUSE":1,"IAPEXISTS":0,"DODHIFLIP":0,"FAR91":0,"FAR93":0,"MIL_CODE":"CIVIL","AIRANAL":"CONDITIONAL","US_HIGH":0,"US_LOW":0,"AK_HIGH":0,"AK_LOW":0,"US_AREA":0,"PACIFIC":0}},{"type":"Feature","id":16,"geometry":{"type":"Point","coordinates":[-82.508671530479887,29.619434735758148]},"properties":{"FID":16,"OBJECTID":2790,"GLOBAL_ID":"E758ACCD-8402-4D8C-85D1-018BDBE5A0C8","IDENT":"0J8","NAME":"Flying Ten","LATITUDE":"29-37-09.9450N","LONGITUDE":"082-30-31.2050W","ELEVATION":92,"ICAO_ID":" ","TYPE_CODE":"AD","SERVCITY":"ARCHER","STATE":"FL","COUNTRY":"UNITED STATES","OPERSTATUS":"OPERATIONAL","PRIVATEUSE":0,"IAPEXISTS":0,"DODHIFLIP":0,"FAR91":0,"FAR93":0,"MIL_CODE":"CIVIL","AIRANAL":"CONDITIONAL","US_HIGH":0,"US_LOW":0,"AK_HIGH":0,"AK_LOW":0,"US_AREA":0,"PACIFIC":0}},{"type":"Feature","id":17,"geometry":{"type":"Point","coordinates":[-82.496753468712541,29.55715833247001]},"properties":{"FID":17,"OBJECTID":2791,"GLOBAL_ID":"121F4F0F-4B81-48FA-AE79-5597FCEBBF95","IDENT":"FL66","NAME":"Peach Orchard","LATITUDE":"29-33-25.7500N","LONGITUDE":"082-29-48.3000W","ELEVATION":75,"ICAO_ID":" ","TYPE_CODE":"AD","SERVCITY":"ARCHER","STATE":"FL","COUNTRY":"UNITED STATES","OPERSTATUS":"OPERATIONAL","PRIVATEUSE":1,"IAPEXISTS":0,"DODHIFLIP":0,"FAR91":0,"FAR93":0,"MIL_CODE":"CIVIL","AIRANAL":"CONDITIONAL","US_HIGH":0,"US_LOW":0,"AK_HIGH":0,"AK_LOW":0,"US_AREA":0,"PACIFIC":0}},{"type":"Feature","id":18,"geometry":{"type":"Point","coordinates":[-82.52455625390769,29.534272215302394]},"properties":{"FID":18,"OBJECTID":2792,"GLOBAL_ID":"A9E40F7A-F391-423E-915C-196282EEF6D3","IDENT":"FA57","NAME":"Archer Emergency","LATITUDE":"29-32-03.3600N","LONGITUDE":"082-31-28.3900W","ELEVATION":83,"ICAO_ID":" ","TYPE_CODE":"HP","SERVCITY":"ARCHER","STATE":"FL","COUNTRY":"UNITED STATES","OPERSTATUS":"OPERATIONAL","PRIVATEUSE":1,"IAPEXISTS":0,"DODHIFLIP":0,"FAR91":0,"FAR93":0,"MIL_CODE":"CIVIL","AIRANAL":"CONDITIONAL","US_HIGH":0,"US_LOW":0,"AK_HIGH":0,"AK_LOW":0,"US_AREA":0,"PACIFIC":0}},{"type":"Feature","id":19,"geometry":{"type":"Point","coordinates":[-82.925685546351474,29.814126435314392]},"properties":{"FID":19,"OBJECTID":2793,"GLOBAL_ID":"C632C0F9-9D8D-49AD-85E6-866A9F93A62F","IDENT":"9FL5","NAME":"Shady Bend","LATITUDE":"29-48-50.8350N","LONGITUDE":"082-55-32.4550W","ELEVATION":25,"ICAO_ID":" ","TYPE_CODE":"AD","SERVCITY":"BELL","STATE":"FL","COUNTRY":"UNITED STATES","OPERSTATUS":"OPERATIONAL","PRIVATEUSE":1,"IAPEXISTS":0,"DODHIFLIP":0,"FAR91":0,"FAR93":0,"MIL_CODE":"CIVIL","AIRANAL":"CONDITIONAL","US_HIGH":0,"US_LOW":0,"AK_HIGH":0,"AK_LOW":0,"US_AREA":0,"PACIFIC":0}},{"type":"Feature","id":20,"geometry":{"type":"Point","coordinates":[-82.871237748920066,29.689963352896143]},"properties":{"FID":20,"OBJECTID":2794,"GLOBAL_ID":"E415DAD9-7857-40C2-A6FC-668F977CAE59","IDENT":"6FL9","NAME":"Saw Whet Farms","LATITUDE":"29-41-23.8480N","LONGITUDE":"082-52-16.4430W","ELEVATION":50,"ICAO_ID":" ","TYPE_CODE":"AD","SERVCITY":"BELL","STATE":"FL","COUNTRY":"UNITED STATES","OPERSTATUS":"OPERATIONAL","PRIVATEUSE":1,"IAPEXISTS":0,"DODHIFLIP":0,"FAR91":0,"FAR93":0,"MIL_CODE":"CIVIL","AIRANAL":"CONDITIONAL","US_HIGH":0,"US_LOW":0,"AK_HIGH":0,"AK_LOW":0,"US_AREA":0,"PACIFIC":0}},{"type":"Feature","id":21,"geometry":{"type":"Point","coordinates":[-82.844570519302408,29.718574749352797]},"properties":{"FID":21,"OBJECTID":2795,"GLOBAL_ID":"2E09CF09-82C0-4C6D-860B-17FA54D14D59","IDENT":"37FL","NAME":"Flying Harness Farms","LATITUDE":"29-43-06.8490N","LONGITUDE":"082-50-40.4410W","ELEVATION":78,"ICAO_ID":" ","TYPE_CODE":"AD","SERVCITY":"BELL","STATE":"FL","COUNTRY":"UNITED STATES","OPERSTATUS":"OPERATIONAL","PRIVATEUSE":1,"IAPEXISTS":0,"DODHIFLIP":0,"FAR91":0,"FAR93":0,"MIL_CODE":"CIVIL","AIRANAL":"CONDITIONAL","US_HIGH":0,"US_LOW":0,"AK_HIGH":0,"AK_LOW":0,"US_AREA":0,"PACIFIC":0}},{"type":"Feature","id":22,"geometry":{"type":"Point","coordinates":[-82.896392481014061,29.764727813637307]},"properties":{"FID":22,"OBJECTID":2796,"GLOBAL_ID":"AA92190B-BA41-4720-8BC7-90F4ACA2DCC3","IDENT":"86FD","NAME":"Country Landings","LATITUDE":"29-45-53.0000N","LONGITUDE":"082-53-47.0000W","ELEVATION":55,"ICAO_ID":" ","TYPE_CODE":"AD","SERVCITY":"BELL","STATE":"FL","COUNTRY":"UNITED STATES","OPERSTATUS":"OPERATIONAL","PRIVATEUSE":1,"IAPEXISTS":0,"DODHIFLIP":0,"FAR91":0,"FAR93":0,"MIL_CODE":"CIVIL","AIRANAL":"CONDITIONAL","US_HIGH":0,"US_LOW":0,"AK_HIGH":0,"AK_LOW":0,"US_AREA":0,"PACIFIC":0}},{"type":"Feature","id":23,"geometry":{"type":"Point","coordinates":[-80.660260064052864,26.698202130675156]},"properties":{"FID":23,"OBJECTID":2797,"GLOBAL_ID":"53C5C1A2-3479-4C63-ADD3-5B8538348278","IDENT":"X10","NAME":"Belle Glade State Muni","LATITUDE":"26-41-53.5100N","LONGITUDE":"080-39-36.9260W","ELEVATION":10.6,"ICAO_ID":" ","TYPE_CODE":"AD","SERVCITY":"BELLE GLADE","STATE":"FL","COUNTRY":"UNITED STATES","OPERSTATUS":"OPERATIONAL","PRIVATEUSE":0,"IAPEXISTS":0,"DODHIFLIP":0,"FAR91":0,"FAR93":0,"MIL_CODE":"CIVIL","AIRANAL":"NO OBJECTION","US_HIGH":0,"US_LOW":1,"AK_HIGH":0,"AK_LOW":0,"US_AREA":0,"PACIFIC":0}},{"type":"Feature","id":24,"geometry":{"type":"Point","coordinates":[-80.637281999234517,26.587852381641369]},"properties":{"FID":24,"OBJECTID":2798,"GLOBAL_ID":"D7781B53-6BEC-4DCB-A969-7167A33FECAA","IDENT":"FA69","NAME":"Duda Airstrip","LATITUDE":"26-35-16.2510N","LONGITUDE":"080-38-14.2050W","ELEVATION":14,"ICAO_ID":" ","TYPE_CODE":"AD","SERVCITY":"BELLE GLADE","STATE":"FL","COUNTRY":"UNITED STATES","OPERSTATUS":"OPERATIONAL","PRIVATEUSE":1,"IAPEXISTS":0,"DODHIFLIP":0,"FAR91":0,"FAR93":0,"MIL_CODE":"CIVIL","AIRANAL":"CONDITIONAL","US_HIGH":0,"US_LOW":0,"AK_HIGH":0,"AK_LOW":0,"US_AREA":0,"PACIFIC":0}},{"type":"Feature","id":25,"geometry":{"type":"Point","coordinates":[-80.671972290194674,26.723729914774367]},"properties":{"FID":25,"OBJECTID":2799,"GLOBAL_ID":"8B1830E9-8EED-44B7-8782-F41ED7CB2D8E","IDENT":"9FA2","NAME":"Lakeside Medical Center","LATITUDE":"26-43-25.4100N","LONGITUDE":"080-40-19.0900W","ELEVATION":11,"ICAO_ID":" ","TYPE_CODE":"HP","SERVCITY":"BELLE GLADE","STATE":"FL","COUNTRY":"UNITED STATES","OPERSTATUS":"OPERATIONAL","PRIVATEUSE":1,"IAPEXISTS":0,"DODHIFLIP":0,"FAR91":0,"FAR93":0,"MIL_CODE":"CIVIL","AIRANAL":"CONDITIONAL","US_HIGH":0,"US_LOW":0,"AK_HIGH":0,"AK_LOW":0,"US_AREA":0,"PACIFIC":0}},{"type":"Feature","id":26,"geometry":{"type":"Point","coordinates":[-82.113703894287084,29.018874604860343]},"properties":{"FID":26,"OBJECTID":2800,"GLOBAL_ID":"9EE9DB36-4972-443C-A088-907F7D0667CF","IDENT":"2FA2","NAME":"Monroe Airpark","LATITUDE":"29-01-07.9290N","LONGITUDE":"082-06-49.3220W","ELEVATION":75,"ICAO_ID":" ","TYPE_CODE":"AD","SERVCITY":"BELLEVIEW","STATE":"FL","COUNTRY":"UNITED STATES","OPERSTATUS":"OPERATIONAL","PRIVATEUSE":1,"IAPEXISTS":0,"DODHIFLIP":0,"FAR91":0,"FAR93":0,"MIL_CODE":"CIVIL","AIRANAL":"CONDITIONAL","US_HIGH":0,"US_LOW":0,"AK_HIGH":0,"AK_LOW":0,"US_AREA":0,"PACIFIC":0}},{"type":"Feature","id":27,"geometry":{"type":"Point","coordinates":[-81.999533863096133,29.073041009860617]},"properties":{"FID":27,"OBJECTID":2801,"GLOBAL_ID":"708F9159-E834-4A3F-89BF-FB9A828AA8BB","IDENT":"8FL3","NAME":"Back Achers","LATITUDE":"29-04-22.9280N","LONGITUDE":"081-59-58.3100W","ELEVATION":90,"ICAO_ID":" ","TYPE_CODE":"AD","SERVCITY":"BELLEVIEW","STATE":"FL","COUNTRY":"UNITED STATES","OPERSTATUS":"OPERATIONAL","PRIVATEUSE":1,"IAPEXISTS":0,"DODHIFLIP":0,"FAR91":0,"FAR93":0,"MIL_CODE":"CIVIL","AIRANAL":"CONDITIONAL","US_HIGH":0,"US_LOW":0,"AK_HIGH":0,"AK_LOW":0,"US_AREA":0,"PACIFIC":0}},{"type":"Feature","id":28,"geometry":{"type":"Point","coordinates":[-82.100647777875622,29.001097100986954]},"properties":{"FID":28,"OBJECTID":2802,"GLOBAL_ID":"69615EDD-94FD-4D76-BD14-C2DA3B896978","IDENT":"8FL2","NAME":"Kiever","LATITUDE":"29-00-03.9300N","LONGITUDE":"082-06-02.3200W","ELEVATION":67,"ICAO_ID":" ","TYPE_CODE":"AD","SERVCITY":"BELLEVIEW","STATE":"FL","COUNTRY":"UNITED STATES","OPERSTATUS":"OPERATIONAL","PRIVATEUSE":1,"IAPEXISTS":0,"DODHIFLIP":0,"FAR91":0,"FAR93":0,"MIL_CODE":"CIVIL","AIRANAL":"CONDITIONAL","US_HIGH":0,"US_LOW":0,"AK_HIGH":0,"AK_LOW":0,"US_AREA":0,"PACIFIC":0}},{"type":"Feature","id":29,"geometry":{"type":"Point","coordinates":[-81.987866635062574,29.026375443075267]},"properties":{"FID":29,"OBJECTID":2803,"GLOBAL_ID":"A5E68D46-3986-423B-92E3-3C11767EB263","IDENT":"FL58","NAME":"Johary","LATITUDE":"29-01-34.9320N","LONGITUDE":"081-59-16.3080W","ELEVATION":72,"ICAO_ID":" ","TYPE_CODE":"AD","SERVCITY":"BELLEVIEW","STATE":"FL","COUNTRY":"UNITED STATES","OPERSTATUS":"OPERATIONAL","PRIVATEUSE":1,"IAPEXISTS":0,"DODHIFLIP":0,"FAR91":0,"FAR93":0,"MIL_CODE":"CIVIL","AIRANAL":"CONDITIONAL","US_HIGH":0,"US_LOW":0,"AK_HIGH":0,"AK_LOW":0,"US_AREA":0,"PACIFIC":0}},{"type":"Feature","id":30,"geometry":{"type":"Point","coordinates":[-82.016447752772081,28.981477653607158]},"properties":{"FID":30,"OBJECTID":2804,"GLOBAL_ID":"2557511B-AD98-4E8D-B3E6-6D88661E664C","IDENT":"19FL","NAME":"The Villages","LATITUDE":"28-58-53.3000N","LONGITUDE":"082-00-59.2000W","ELEVATION":103,"ICAO_ID":" ","TYPE_CODE":"HP","SERVCITY":"BELLEVIEW","STATE":"FL","COUNTRY":"UNITED STATES","OPERSTATUS":"OPERATIONAL","PRIVATEUSE":1,"IAPEXISTS":0,"DODHIFLIP":0,"FAR91":0,"FAR93":0,"MIL_CODE":"CIVIL","AIRANAL":"CONDITIONAL","US_HIGH":0,"US_LOW":0,"AK_HIGH":0,"AK_LOW":0,"US_AREA":0,"PACIFIC":0}},{"type":"Feature","id":31,"geometry":{"type":"Point","coordinates":[-81.984219967568038,29.013988773225606]},"properties":{"FID":31,"OBJECTID":2805,"GLOBAL_ID":"B7068821-BCA5-4E87-B84B-76A441A1CC5C","IDENT":"7FL0","NAME":"Jordan","LATITUDE":"29-00-50.3400N","LONGITUDE":"081-59-03.1800W","ELEVATION":56,"ICAO_ID":" ","TYPE_CODE":"HP","SERVCITY":"BELLEVIEW","STATE":"FL","COUNTRY":"UNITED STATES","OPERSTATUS":"OPERATIONAL","PRIVATEUSE":1,"IAPEXISTS":0,"DODHIFLIP":0,"FAR91":0,"FAR93":0,"MIL_CODE":"CIVIL","AIRANAL":"CONDITIONAL","US_HIGH":0,"US_LOW":0,"AK_HIGH":0,"AK_LOW":0,"US_AREA":0,"PACIFIC":0}},{"type":"Feature","id":32,"geometry":{"type":"Point","coordinates":[-82.621800656114999,27.482085611090383]},"properties":{"FID":32,"OBJECTID":2806,"GLOBAL_ID":"A52E33E1-DD17-4323-B9EC-59F8A3F084C5","IDENT":"5FL2","NAME":"Hca Florida Blake Hospital","LATITUDE":"27-28-55.4900N","LONGITUDE":"082-37-18.4700W","ELEVATION":17,"ICAO_ID":" ","TYPE_CODE":"HP","SERVCITY":"BRADENTON","STATE":"FL","COUNTRY":"UNITED STATES","OPERSTATUS":"OPERATIONAL","PRIVATEUSE":1,"IAPEXISTS":0,"DODHIFLIP":0,"FAR91":0,"FAR93":0,"MIL_CODE":"CIVIL","AIRANAL":"CONDITIONAL","US_HIGH":0,"US_LOW":0,"AK_HIGH":0,"AK_LOW":0,"US_AREA":0,"PACIFIC":0}},{"type":"Feature","id":33,"geometry":{"type":"Point","coordinates":[-82.435442266535688,27.390041148273781]},"properties":{"FID":33,"OBJECTID":2807,"GLOBAL_ID":"6C8BEB7B-3F9A-432F-B3E9-E1B69822F5A1","IDENT":"7FL9","NAME":"Lakewood Ranch Medical Center Helistop","LATITUDE":"27-23-24.1300N","LONGITUDE":"082-26-07.5800W","ELEVATION":20,"ICAO_ID":" ","TYPE_CODE":"HP","SERVCITY":"BRADENTON","STATE":"FL","COUNTRY":"UNITED STATES","OPERSTATUS":"OPERATIONAL","PRIVATEUSE":1,"IAPEXISTS":0,"DODHIFLIP":0,"FAR91":0,"FAR93":0,"MIL_CODE":"CIVIL","AIRANAL":"CONDITIONAL","US_HIGH":0,"US_LOW":0,"AK_HIGH":0,"AK_LOW":0,"US_AREA":0,"PACIFIC":0}},{"type":"Feature","id":34,"geometry":{"type":"Point","coordinates":[-82.562558973465229,27.495760615879192]},"properties":{"FID":34,"OBJECTID":2808,"GLOBAL_ID":"3890EA7E-7AC1-4CD7-AA21-111776F1D352","IDENT":"FL45","NAME":"Manatee Meml Hospital","LATITUDE":"27-29-44.7200N","LONGITUDE":"082-33-45.2000W","ELEVATION":10,"ICAO_ID":" ","TYPE_CODE":"HP","SERVCITY":"BRADENTON","STATE":"FL","COUNTRY":"UNITED STATES","OPERSTATUS":"OPERATIONAL","PRIVATEUSE":1,"IAPEXISTS":0,"DODHIFLIP":0,"FAR91":0,"FAR93":0,"MIL_CODE":"CIVIL","AIRANAL":"NOT ANALYZED","US_HIGH":0,"US_LOW":0,"AK_HIGH":0,"AK_LOW":0,"US_AREA":0,"PACIFIC":0}},{"type":"Feature","id":35,"geometry":{"type":"Point","coordinates":[-82.182592209484653,27.898641278151956]},"properties":{"FID":35,"OBJECTID":2809,"GLOBAL_ID":"C5C197C8-C3C4-429A-8ADD-465EDC9E9242","IDENT":"FL78","NAME":"Lewis","LATITUDE":"27-53-55.0900N","LONGITUDE":"082-10-57.3200W","ELEVATION":45,"ICAO_ID":" ","TYPE_CODE":"AD","SERVCITY":"BRANDON","STATE":"FL","COUNTRY":"UNITED STATES","OPERSTATUS":"OPERATIONAL","PRIVATEUSE":1,"IAPEXISTS":0,"DODHIFLIP":0,"FAR91":0,"FAR93":0,"MIL_CODE":"CIVIL","AIRANAL":"CONDITIONAL","US_HIGH":0,"US_LOW":0,"AK_HIGH":0,"AK_LOW":0,"US_AREA":0,"PACIFIC":0}},{"type":"Feature","id":36,"geometry":{"type":"Point","coordinates":[-82.288775574284273,27.932905172749827]},"properties":{"FID":36,"OBJECTID":2810,"GLOBAL_ID":"A5262142-CC75-43D6-95EA-FDCF50AB6B25","IDENT":"5FL3","NAME":"Hca Florida Brandon Hospital","LATITUDE":"27-55-58.4400N","LONGITUDE":"082-17-19.5800W","ELEVATION":64,"ICAO_ID":" ","TYPE_CODE":"HP","SERVCITY":"BRANDON","STATE":"FL","COUNTRY":"UNITED STATES","OPERSTATUS":"OPERATIONAL","PRIVATEUSE":1,"IAPEXISTS":0,"DODHIFLIP":0,"FAR91":0,"FAR93":0,"MIL_CODE":"CIVIL","AIRANAL":"CONDITIONAL","US_HIGH":0,"US_LOW":0,"AK_HIGH":0,"AK_LOW":0,"US_AREA":0,"PACIFIC":0}},{"type":"Feature","id":37,"geometry":{"type":"Point","coordinates":[-82.983892517185723,30.048338988106309]},"properties":{"FID":37,"OBJECTID":2811,"GLOBAL_ID":"A06589D6-B091-4295-A1FB-880091E2C1DB","IDENT":"FD71","NAME":"O'brien Airpark East/West","LATITUDE":"30-02-54.0000N","LONGITUDE":"082-59-02.0000W","ELEVATION":55,"ICAO_ID":" ","TYPE_CODE":"AD","SERVCITY":"BRANFORD","STATE":"FL","COUNTRY":"UNITED STATES","OPERSTATUS":"OPERATIONAL","PRIVATEUSE":1,"IAPEXISTS":0,"DODHIFLIP":0,"FAR91":0,"FAR93":0,"MIL_CODE":"CIVIL","AIRANAL":"CONDITIONAL","US_HIGH":0,"US_LOW":0,"AK_HIGH":0,"AK_LOW":0,"US_AREA":0,"PACIFIC":0}},{"type":"Feature","id":38,"geometry":{"type":"Point","coordinates":[-82.907353047271272,29.975790640499213]},"properties":{"FID":38,"OBJECTID":2812,"GLOBAL_ID":"702D97B7-F1E7-4880-88C9-20D5C7C9492B","IDENT":"2FD0","NAME":"Lazyboy","LATITUDE":"29-58-32.8260N","LONGITUDE":"082-54-26.4580W","ELEVATION":45,"ICAO_ID":" ","TYPE_CODE":"AD","SERVCITY":"BRANFORD","STATE":"FL","COUNTRY":"UNITED STATES","OPERSTATUS":"OPERATIONAL","PRIVATEUSE":1,"IAPEXISTS":0,"DODHIFLIP":0,"FAR91":0,"FAR93":0,"MIL_CODE":"CIVIL","AIRANAL":"CONDITIONAL","US_HIGH":0,"US_LOW":0,"AK_HIGH":0,"AK_LOW":0,"US_AREA":0,"PACIFIC":0}},{"type":"Feature","id":39,"geometry":{"type":"Point","coordinates":[-82.798738012570027,29.889405901557438]},"properties":{"FID":39,"OBJECTID":2813,"GLOBAL_ID":"C7F45081-D4E1-4C6A-845F-E5FFE8839A4B","IDENT":"FL02","NAME":"Fox Fld","LATITUDE":"29-53-21.8410N","LONGITUDE":"082-47-55.4440W","ELEVATION":72,"ICAO_ID":" ","TYPE_CODE":"AD","SERVCITY":"BRANFORD","STATE":"FL","COUNTRY":"UNITED STATES","OPERSTATUS":"OPERATIONAL","PRIVATEUSE":1,"IAPEXISTS":0,"DODHIFLIP":0,"FAR91":0,"FAR93":0,"MIL_CODE":"CIVIL","AIRANAL":"CONDITIONAL","US_HIGH":0,"US_LOW":0,"AK_HIGH":0,"AK_LOW":0,"US_AREA":0,"PACIFIC":0}},{"type":"Feature","id":40,"geometry":{"type":"Point","coordinates":[-82.872781370901862,29.965838972196991]},"properties":{"FID":40,"OBJECTID":2814,"GLOBAL_ID":"1CEE155C-BDF4-43A6-8FF5-863E7826B475","IDENT":"FD16","NAME":"Flying C Farm","LATITUDE":"29-57-57.0000N","LONGITUDE":"082-52-22.0000W","ELEVATION":75,"ICAO_ID":" ","TYPE_CODE":"AD","SERVCITY":"BRANFORD","STATE":"FL","COUNTRY":"UNITED STATES","OPERSTATUS":"OPERATIONAL","PRIVATEUSE":1,"IAPEXISTS":0,"DODHIFLIP":0,"FAR91":0,"FAR93":0,"MIL_CODE":"CIVIL","AIRANAL":"CONDITIONAL","US_HIGH":0,"US_LOW":0,"AK_HIGH":0,"AK_LOW":0,"US_AREA":0,"PACIFIC":0}},{"type":"Feature","id":41,"geometry":{"type":"Point","coordinates":[-82.456068418488883,28.473463354500211]},"properties":{"FID":41,"OBJECTID":2815,"GLOBAL_ID":"C96C9CD7-7183-4A97-AC7F-8DF330FD4DB6","IDENT":"BKV","NAME":"Brooksville-Tampa Bay Rgnl","LATITUDE":"28-28-24.4490N","LONGITUDE":"082-27-21.8340W","ELEVATION":76.099999999999994,"ICAO_ID":"KBKV","TYPE_CODE":"AD","SERVCITY":"BROOKSVILLE","STATE":"FL","COUNTRY":"UNITED STATES","OPERSTATUS":"OPERATIONAL","PRIVATEUSE":0,"IAPEXISTS":1,"DODHIFLIP":0,"FAR91":0,"FAR93":0,"MIL_CODE":"CIVIL","AIRANAL":"NO OBJECTION","US_HIGH":1,"US_LOW":1,"AK_HIGH":0,"AK_LOW":0,"US_AREA":0,"PACIFIC":0}},{"type":"Feature","id":42,"geometry":{"type":"Point","coordinates":[-82.496488147341609,28.330288041118877]},"properties":{"FID":42,"OBJECTID":2816,"GLOBAL_ID":"8FC0E3D9-6DE3-40DD-9E39-4310E08BEC92","IDENT":"X05","NAME":"Pilot Country","LATITUDE":"28-19-49.0180N","LONGITUDE":"082-29-47.3450W","ELEVATION":80,"ICAO_ID":" ","TYPE_CODE":"AD","SERVCITY":"BROOKSVILLE","STATE":"FL","COUNTRY":"UNITED STATES","OPERSTATUS":"OPERATIONAL","PRIVATEUSE":0,"IAPEXISTS":0,"DODHIFLIP":0,"FAR91":0,"FAR93":0,"MIL_CODE":"CIVIL","AIRANAL":"CONDITIONAL","US_HIGH":0,"US_LOW":1,"AK_HIGH":0,"AK_LOW":0,"US_AREA":0,"PACIFIC":0}},{"type":"Feature","id":43,"geometry":{"type":"Point","coordinates":[-82.367873953706066,28.611663944905217]},"properties":{"FID":43,"OBJECTID":2817,"GLOBAL_ID":"FD0D5EFF-CBD7-4CEC-8F93-D8995820A225","IDENT":"5FD7","NAME":"Chinsegut","LATITUDE":"28-36-41.9710N","LONGITUDE":"082-22-04.3340W","ELEVATION":80,"ICAO_ID":" ","TYPE_CODE":"AD","SERVCITY":"BROOKSVILLE","STATE":"FL","COUNTRY":"UNITED STATES","OPERSTATUS":"OPERATIONAL","PRIVATEUSE":1,"IAPEXISTS":0,"DODHIFLIP":0,"FAR91":0,"FAR93":0,"MIL_CODE":"CIVIL","AIRANAL":"CONDITIONAL","US_HIGH":0,"US_LOW":0,"AK_HIGH":0,"AK_LOW":0,"US_AREA":0,"PACIFIC":0}},{"type":"Feature","id":44,"geometry":{"type":"Point","coordinates":[-83.050586946097781,29.134252661353059]},"properties":{"FID":44,"OBJECTID":2818,"GLOBAL_ID":"816B8A74-A6FD-4E2C-8F00-01FEA6E402F3","IDENT":"CDK","NAME":"George T Lewis","LATITUDE":"29-08-03.2900N","LONGITUDE":"083-03-02.1000W","ELEVATION":11,"ICAO_ID":"KCDK","TYPE_CODE":"AD","SERVCITY":"CEDAR KEY","STATE":"FL","COUNTRY":"UNITED STATES","OPERSTATUS":"OPERATIONAL","PRIVATEUSE":0,"IAPEXISTS":0,"DODHIFLIP":0,"FAR91":0,"FAR93":0,"MIL_CODE":"CIVIL","AIRANAL":"NOT ANALYZED","US_HIGH":0,"US_LOW":0,"AK_HIGH":0,"AK_LOW":0,"US_AREA":0,"PACIFIC":0}},{"type":"Feature","id":45,"geometry":{"type":"Point","coordinates":[-82.943734418710733,29.228026020432992]},"properties":{"FID":45,"OBJECTID":2819,"GLOBAL_ID":"4E1D8A08-117E-418C-BAAB-6D3D9729CE84","IDENT":"FA71","NAME":"Cedars Airfield","LATITUDE":"29-13-40.8740N","LONGITUDE":"082-56-37.4310W","ELEVATION":8,"ICAO_ID":" ","TYPE_CODE":"AD","SERVCITY":"CEDAR KEY","STATE":"FL","COUNTRY":"UNITED STATES","OPERSTATUS":"OPERATIONAL","PRIVATEUSE":1,"IAPEXISTS":0,"DODHIFLIP":0,"FAR91":0,"FAR93":0,"MIL_CODE":"CIVIL","AIRANAL":"CONDITIONAL","US_HIGH":0,"US_LOW":0,"AK_HIGH":0,"AK_LOW":0,"US_AREA":0,"PACIFIC":0}},{"type":"Feature","id":46,"geometry":{"type":"Point","coordinates":[-81.542503148938522,28.329171954692981]},"properties":{"FID":46,"OBJECTID":2820,"GLOBAL_ID":"4ECA6835-91AF-4F17-A865-6B0AB84983DD","IDENT":"77FL","NAME":"Advent Health Celebration","LATITUDE":"28-19-45.0000N","LONGITUDE":"081-32-33.0000W","ELEVATION":92,"ICAO_ID":" ","TYPE_CODE":"HP","SERVCITY":"CELEBRATION","STATE":"FL","COUNTRY":"UNITED STATES","OPERSTATUS":"OPERATIONAL","PRIVATEUSE":1,"IAPEXISTS":0,"DODHIFLIP":0,"FAR91":0,"FAR93":0,"MIL_CODE":"CIVIL","AIRANAL":"CONDITIONAL","US_HIGH":0,"US_LOW":0,"AK_HIGH":0,"AK_LOW":0,"US_AREA":0,"PACIFIC":0}},{"type":"Feature","id":47,"geometry":{"type":"Point","coordinates":[-87.358315459289997,30.827137083492232]},"properties":{"FID":47,"OBJECTID":2821,"GLOBAL_ID":"6F28C730-ED45-4DB3-B575-1BF11810B63B","IDENT":"FD89","NAME":"Collier/Pine Barren Airpark","LATITUDE":"30-49-37.6730N","LONGITUDE":"087-21-29.9180W","ELEVATION":220,"ICAO_ID":" ","TYPE_CODE":"AD","SERVCITY":"CENTURY","STATE":"FL","COUNTRY":"UNITED STATES","OPERSTATUS":"OPERATIONAL","PRIVATEUSE":1,"IAPEXISTS":0,"DODHIFLIP":0,"FAR91":0,"FAR93":0,"MIL_CODE":"CIVIL","AIRANAL":"CONDITIONAL","US_HIGH":0,"US_LOW":0,"AK_HIGH":0,"AK_LOW":0,"US_AREA":0,"PACIFIC":0}},{"type":"Feature","id":48,"geometry":{"type":"Point","coordinates":[-84.842424466115517,30.706308249061692]},"properties":{"FID":48,"OBJECTID":2822,"GLOBAL_ID":"740FC505-5F07-4DF4-A5EC-CDF0A3A6E794","IDENT":"31FD","NAME":"Florida State Hospital","LATITUDE":"30-42-22.6890N","LONGITUDE":"084-50-32.7130W","ELEVATION":235,"ICAO_ID":" ","TYPE_CODE":"HP","SERVCITY":"CHATTAHOOCHEE","STATE":"FL","COUNTRY":"UNITED STATES","OPERSTATUS":"OPERATIONAL","PRIVATEUSE":1,"IAPEXISTS":0,"DODHIFLIP":0,"FAR91":0,"FAR93":0,"MIL_CODE":"CIVIL","AIRANAL":"CONDITIONAL","US_HIGH":0,"US_LOW":0,"AK_HIGH":0,"AK_LOW":0,"US_AREA":0,"PACIFIC":0}},{"type":"Feature","id":49,"geometry":{"type":"Point","coordinates":[-82.860123849997308,29.510800255258175]},"properties":{"FID":49,"OBJECTID":2823,"GLOBAL_ID":"A35228F1-846E-4E43-9796-3AD251BBFDA2","IDENT":"73FD","NAME":"Brookins Air Strip","LATITUDE":"29-30-38.8610N","LONGITUDE":"082-51-36.4330W","ELEVATION":45,"ICAO_ID":" ","TYPE_CODE":"AD","SERVCITY":"CHIEFLAND","STATE":"FL","COUNTRY":"UNITED STATES","OPERSTATUS":"OPERATIONAL","PRIVATEUSE":1,"IAPEXISTS":0,"DODHIFLIP":0,"FAR91":0,"FAR93":0,"MIL_CODE":"CIVIL","AIRANAL":"CONDITIONAL","US_HIGH":0,"US_LOW":0,"AK_HIGH":0,"AK_LOW":0,"US_AREA":0,"PACIFIC":0}},{"type":"Feature","id":50,"geometry":{"type":"Point","coordinates":[-82.872927186853417,29.515133311909779]},"properties":{"FID":50,"OBJECTID":2824,"GLOBAL_ID":"ADA311C0-1679-4526-A9E1-FFFB43010D54","IDENT":"FA36","NAME":"White Farms","LATITUDE":"29-30-54.4600N","LONGITUDE":"082-52-22.5250W","ELEVATION":46,"ICAO_ID":" ","TYPE_CODE":"AD","SERVCITY":"CHIEFLAND","STATE":"FL","COUNTRY":"UNITED STATES","OPERSTATUS":"OPERATIONAL","PRIVATEUSE":1,"IAPEXISTS":0,"DODHIFLIP":0,"FAR91":0,"FAR93":0,"MIL_CODE":"CIVIL","AIRANAL":"CONDITIONAL","US_HIGH":0,"US_LOW":1,"AK_HIGH":0,"AK_LOW":0,"US_AREA":0,"PACIFIC":0}},{"type":"Feature","id":51,"geometry":{"type":"Point","coordinates":[-82.868735798045748,29.552743598846746]},"properties":{"FID":51,"OBJECTID":2825,"GLOBAL_ID":"F70D1DBB-DAA7-4E9A-97AF-08B2D78E7C76","IDENT":"79FL","NAME":"Good Dog Landing","LATITUDE":"29-33-09.8570N","LONGITUDE":"082-52-07.4360W","ELEVATION":45,"ICAO_ID":" ","TYPE_CODE":"AD","SERVCITY":"CHIEFLAND","STATE":"FL","COUNTRY":"UNITED STATES","OPERSTATUS":"OPERATIONAL","PRIVATEUSE":1,"IAPEXISTS":0,"DODHIFLIP":0,"FAR91":0,"FAR93":0,"MIL_CODE":"CIVIL","AIRANAL":"CONDITIONAL","US_HIGH":0,"US_LOW":0,"AK_HIGH":0,"AK_LOW":0,"US_AREA":0,"PACIFIC":0}},{"type":"Feature","id":52,"geometry":{"type":"Point","coordinates":[-82.869781348494939,29.394949949785314]},"properties":{"FID":52,"OBJECTID":2826,"GLOBAL_ID":"D95E9C08-6FE3-4698-84E6-7FB63919B871","IDENT":"51FL","NAME":"Chiefland Sky Ranch","LATITUDE":"29-23-41.8000N","LONGITUDE":"082-52-11.2000W","ELEVATION":35,"ICAO_ID":" ","TYPE_CODE":"AD","SERVCITY":"CHIEFLAND","STATE":"FL","COUNTRY":"UNITED STATES","OPERSTATUS":"OPERATIONAL","PRIVATEUSE":1,"IAPEXISTS":0,"DODHIFLIP":0,"FAR91":0,"FAR93":0,"MIL_CODE":"CIVIL","AIRANAL":"CONDITIONAL","US_HIGH":0,"US_LOW":0,"AK_HIGH":0,"AK_LOW":0,"US_AREA":0,"PACIFIC":0}},{"type":"Feature","id":53,"geometry":{"type":"Point","coordinates":[-82.86873607653348,29.565799156906053]},"properties":{"FID":53,"OBJECTID":2827,"GLOBAL_ID":"FE8FE918-399F-44B2-AD02-F803B6A2E3D3","IDENT":"6FD0","NAME":"Windy Acres","LATITUDE":"29-33-56.8570N","LONGITUDE":"082-52-07.4370W","ELEVATION":45,"ICAO_ID":" ","TYPE_CODE":"AD","SERVCITY":"CHIEFLAND","STATE":"FL","COUNTRY":"UNITED STATES","OPERSTATUS":"OPERATIONAL","PRIVATEUSE":1,"IAPEXISTS":0,"DODHIFLIP":0,"FAR91":0,"FAR93":0,"MIL_CODE":"CIVIL","AIRANAL":"CONDITIONAL","US_HIGH":0,"US_LOW":0,"AK_HIGH":0,"AK_LOW":0,"US_AREA":0,"PACIFIC":0}},{"type":"Feature","id":54,"geometry":{"type":"Point","coordinates":[-85.543765501046948,30.765969629135668]},"properties":{"FID":54,"OBJECTID":2828,"GLOBAL_ID":"6152FC70-ED26-4C07-B9EE-299C0BD3B3EE","IDENT":"80FL","NAME":"Northwest Florida Community Hospital","LATITUDE":"30-45-57.4700N","LONGITUDE":"085-32-37.5400W","ELEVATION":130,"ICAO_ID":" ","TYPE_CODE":"HP","SERVCITY":"CHIPLEY","STATE":"FL","COUNTRY":"UNITED STATES","OPERSTATUS":"OPERATIONAL","PRIVATEUSE":1,"IAPEXISTS":0,"DODHIFLIP":0,"FAR91":0,"FAR93":0,"MIL_CODE":"CIVIL","AIRANAL":"CONDITIONAL","US_HIGH":0,"US_LOW":0,"AK_HIGH":0,"AK_LOW":0,"US_AREA":0,"PACIFIC":0}},{"type":"Feature","id":55,"geometry":{"type":"Point","coordinates":[-85.606671072850247,30.718894616553428]},"properties":{"FID":55,"OBJECTID":2829,"GLOBAL_ID":"4D4379E2-B97E-4850-8AAC-9C9D4DF73646","IDENT":"FD94","NAME":"Hartzog Fld","LATITUDE":"30-43-08.0000N","LONGITUDE":"085-36-24.0000W","ELEVATION":125,"ICAO_ID":" ","TYPE_CODE":"AD","SERVCITY":"CHIPLEY","STATE":"FL","COUNTRY":"UNITED STATES","OPERSTATUS":"OPERATIONAL","PRIVATEUSE":1,"IAPEXISTS":0,"DODHIFLIP":0,"FAR91":0,"FAR93":0,"MIL_CODE":"CIVIL","AIRANAL":"CONDITIONAL","US_HIGH":0,"US_LOW":0,"AK_HIGH":0,"AK_LOW":0,"US_AREA":0,"PACIFIC":0}},{"type":"Feature","id":56,"geometry":{"type":"Point","coordinates":[-81.084508859878326,28.666946214146151]},"properties":{"FID":56,"OBJECTID":2830,"GLOBAL_ID":"6E7EA60D-F2E5-49BF-BAA0-9E82359C1A43","IDENT":"6FD2","NAME":"Big Oaks Ranch","LATITUDE":"28-40-00.9870N","LONGITUDE":"081-05-04.2210W","ELEVATION":25,"ICAO_ID":" ","TYPE_CODE":"AD","SERVCITY":"CHULUOTA","STATE":"FL","COUNTRY":"UNITED STATES","OPERSTATUS":"OPERATIONAL","PRIVATEUSE":1,"IAPEXISTS":0,"DODHIFLIP":0,"FAR91":0,"FAR93":0,"MIL_CODE":"CIVIL","AIRANAL":"CONDITIONAL","US_HIGH":0,"US_LOW":0,"AK_HIGH":0,"AK_LOW":0,"US_AREA":0,"PACIFIC":0}},{"type":"Feature","id":57,"geometry":{"type":"Point","coordinates":[-82.14287530393193,29.386644413249257]},"properties":{"FID":57,"OBJECTID":2831,"GLOBAL_ID":"ADE6A6A9-BA27-488D-B3AB-315B9C2317D1","IDENT":"9FD5","NAME":"Thompson's Goinbroke Aero Ranch","LATITUDE":"29-23-11.9000N","LONGITUDE":"082-08-34.3390W","ELEVATION":85,"ICAO_ID":" ","TYPE_CODE":"AD","SERVCITY":"CITRA","STATE":"FL","COUNTRY":"UNITED STATES","OPERSTATUS":"OPERATIONAL","PRIVATEUSE":1,"IAPEXISTS":0,"DODHIFLIP":0,"FAR91":0,"FAR93":0,"MIL_CODE":"CIVIL","AIRANAL":"CONDITIONAL","US_HIGH":0,"US_LOW":0,"AK_HIGH":0,"AK_LOW":0,"US_AREA":0,"PACIFIC":0}},{"type":"Feature","id":58,"geometry":{"type":"Point","coordinates":[-80.609979263022183,28.235013899756382]},"properties":{"FID":58,"OBJECTID":2832,"GLOBAL_ID":"3423BFD3-9AC9-4E0C-B66A-01863B7908D3","IDENT":"COF","NAME":"Patrick Space Force Base","LATITUDE":"28-14-06.0310N","LONGITUDE":"080-36-35.9150W","ELEVATION":7.7999999999999998,"ICAO_ID":"KCOF","TYPE_CODE":"AD","SERVCITY":"COCOA BEACH","STATE":"FL","COUNTRY":"UNITED STATES","OPERSTATUS":"OPERATIONAL","PRIVATEUSE":1,"IAPEXISTS":1,"DODHIFLIP":0,"FAR91":0,"FAR93":0,"MIL_CODE":"MIL","AIRANAL":"NOT ANALYZED","US_HIGH":1,"US_LOW":1,"AK_HIGH":0,"AK_LOW":0,"US_AREA":0,"PACIFIC":0}},{"type":"Feature","id":59,"geometry":{"type":"Point","coordinates":[-80.566617035940851,28.467593402405328]},"properties":{"FID":59,"OBJECTID":2833,"GLOBAL_ID":"27DA1AF5-6799-4617-ABE0-4C1D1EAEE742","IDENT":"XMR","NAME":"Cape Canaveral Space Force Station Skid Strip","LATITUDE":"28-28-03.3170N","LONGITUDE":"080-33-59.8110W","ELEVATION":9.5999999999999996,"ICAO_ID":"KXMR","TYPE_CODE":"AD","SERVCITY":"COCOA BEACH","STATE":"FL","COUNTRY":"UNITED STATES","OPERSTATUS":"OPERATIONAL","PRIVATEUSE":1,"IAPEXISTS":1,"DODHIFLIP":0,"FAR91":0,"FAR93":0,"MIL_CODE":"MIL","AIRANAL":"NOT ANALYZED","US_HIGH":1,"US_LOW":1,"AK_HIGH":0,"AK_LOW":0,"US_AREA":0,"PACIFIC":0}},{"type":"Feature","id":60,"geometry":{"type":"Point","coordinates":[-80.62222510370691,28.361116430120831]},"properties":{"FID":60,"OBJECTID":2834,"GLOBAL_ID":"023F642C-4F2D-462C-B57E-D424E67AB43E","IDENT":"1FL8","NAME":"Cape Canaveral Hospital","LATITUDE":"28-21-40.0000N","LONGITUDE":"080-37-20.0000W","ELEVATION":6,"ICAO_ID":" ","TYPE_CODE":"HP","SERVCITY":"COCOA BEACH","STATE":"FL","COUNTRY":"UNITED STATES","OPERSTATUS":"OPERATIONAL","PRIVATEUSE":1,"IAPEXISTS":0,"DODHIFLIP":0,"FAR91":0,"FAR93":0,"MIL_CODE":"CIVIL","AIRANAL":"CONDITIONAL","US_HIGH":0,"US_LOW":0,"AK_HIGH":0,"AK_LOW":0,"US_AREA":0,"PACIFIC":0}},{"type":"Feature","id":61,"geometry":{"type":"Point","coordinates":[-82.065366650007263,28.811104278654739]},"properties":{"FID":61,"OBJECTID":2835,"GLOBAL_ID":"3DF76CEC-F97D-4834-908C-1B5C14F658CC","IDENT":"2FA6","NAME":"Central Florida Airpark","LATITUDE":"28-48-39.9560N","LONGITUDE":"082-03-55.3080W","ELEVATION":55,"ICAO_ID":" ","TYPE_CODE":"AD","SERVCITY":"COLEMAN","STATE":"FL","COUNTRY":"UNITED STATES","OPERSTATUS":"OPERATIONAL","PRIVATEUSE":1,"IAPEXISTS":0,"DODHIFLIP":0,"FAR91":0,"FAR93":0,"MIL_CODE":"CIVIL","AIRANAL":"CONDITIONAL","US_HIGH":0,"US_LOW":0,"AK_HIGH":0,"AK_LOW":0,"US_AREA":0,"PACIFIC":0}},{"type":"Feature","id":62,"geometry":{"type":"Point","coordinates":[-81.604169871884153,29.426949992790583]},"properties":{"FID":62,"OBJECTID":2836,"GLOBAL_ID":"25C9B5FC-C29C-496D-A2E3-45AC6D96089B","IDENT":"FD44","NAME":"Eagles Nest Aerodrome","LATITUDE":"29-25-37.0000N","LONGITUDE":"081-36-15.0000W","ELEVATION":63,"ICAO_ID":" ","TYPE_CODE":"AD","SERVCITY":"CRESCENT CITY","STATE":"FL","COUNTRY":"UNITED STATES","OPERSTATUS":"OPERATIONAL","PRIVATEUSE":1,"IAPEXISTS":0,"DODHIFLIP":0,"FAR91":0,"FAR93":0,"MIL_CODE":"CIVIL","AIRANAL":"CONDITIONAL","US_HIGH":0,"US_LOW":0,"AK_HIGH":0,"AK_LOW":0,"US_AREA":0,"PACIFIC":0}},{"type":"Feature","id":63,"geometry":{"type":"Point","coordinates":[-81.572023475167327,29.472199727408906]},"properties":{"FID":63,"OBJECTID":2837,"GLOBAL_ID":"589821DD-93F5-4AC9-BA57-69D15AB56626","IDENT":"2FA5","NAME":"Thunderbird Airpark","LATITUDE":"29-28-19.8990N","LONGITUDE":"081-34-19.2730W","ELEVATION":67,"ICAO_ID":" ","TYPE_CODE":"AD","SERVCITY":"CRESCENT CITY","STATE":"FL","COUNTRY":"UNITED STATES","OPERSTATUS":"OPERATIONAL","PRIVATEUSE":1,"IAPEXISTS":0,"DODHIFLIP":0,"FAR91":0,"FAR93":0,"MIL_CODE":"CIVIL","AIRANAL":"CONDITIONAL","US_HIGH":0,"US_LOW":0,"AK_HIGH":0,"AK_LOW":0,"US_AREA":0,"PACIFIC":0}},{"type":"Feature","id":64,"geometry":{"type":"Point","coordinates":[-81.514108735453078,29.448811112474175]},"properties":{"FID":64,"OBJECTID":2838,"GLOBAL_ID":"EC8C5A4A-110C-4C75-A7BC-2A9FFF70C6C2","IDENT":"FD56","NAME":"Inhome Medical Landing","LATITUDE":"29-26-55.7000N","LONGITUDE":"081-30-50.7800W","ELEVATION":55,"ICAO_ID":" ","TYPE_CODE":"HP","SERVCITY":"CRESCENT CITY","STATE":"FL","COUNTRY":"UNITED STATES","OPERSTATUS":"OPERATIONAL","PRIVATEUSE":1,"IAPEXISTS":0,"DODHIFLIP":0,"FAR91":0,"FAR93":0,"MIL_CODE":"CIVIL","AIRANAL":"CONDITIONAL","US_HIGH":0,"US_LOW":0,"AK_HIGH":0,"AK_LOW":0,"US_AREA":0,"PACIFIC":0}},{"type":"Feature","id":65,"geometry":{"type":"Point","coordinates":[-81.49590872856669,29.404979713579735]},"properties":{"FID":65,"OBJECTID":2839,"GLOBAL_ID":"11447C40-E087-4CEE-8A11-D951114E9A22","IDENT":"16FD","NAME":"Skinners Wholesale Nursery","LATITUDE":"29-24-17.9070N","LONGITUDE":"081-29-45.2600W","ELEVATION":20,"ICAO_ID":" ","TYPE_CODE":"AD","SERVCITY":"CRESCENT CITY","STATE":"FL","COUNTRY":"UNITED STATES","OPERSTATUS":"OPERATIONAL","PRIVATEUSE":1,"IAPEXISTS":0,"DODHIFLIP":0,"FAR91":0,"FAR93":0,"MIL_CODE":"CIVIL","AIRANAL":"CONDITIONAL","US_HIGH":0,"US_LOW":0,"AK_HIGH":0,"AK_LOW":0,"US_AREA":0,"PACIFIC":0}},{"type":"Feature","id":66,"geometry":{"type":"Point","coordinates":[-81.58313458830338,29.441922496924178]},"properties":{"FID":66,"OBJECTID":2840,"GLOBAL_ID":"B12DBB86-ED23-47EF-8520-6EDE74C7E0D2","IDENT":"28FL","NAME":"Jim Finlay Farm","LATITUDE":"29-26-30.9010N","LONGITUDE":"081-34-59.2730W","ELEVATION":40,"ICAO_ID":" ","TYPE_CODE":"AD","SERVCITY":"CRESENT CITY","STATE":"FL","COUNTRY":"UNITED STATES","OPERSTATUS":"OPERATIONAL","PRIVATEUSE":1,"IAPEXISTS":0,"DODHIFLIP":0,"FAR91":0,"FAR93":0,"MIL_CODE":"CIVIL","AIRANAL":"CONDITIONAL","US_HIGH":0,"US_LOW":0,"AK_HIGH":0,"AK_LOW":0,"US_AREA":0,"PACIFIC":0}},{"type":"Feature","id":67,"geometry":{"type":"Point","coordinates":[-86.562301898224575,30.734827922226316]},"properties":{"FID":67,"OBJECTID":2841,"GLOBAL_ID":"C7F32896-6958-4E47-8488-1619ABF1D5E5","IDENT":"11FD","NAME":"North Okaloosa Medical Center","LATITUDE":"30-44-05.3600N","LONGITUDE":"086-33-44.2700W","ELEVATION":230,"ICAO_ID":" ","TYPE_CODE":"HP","SERVCITY":"CRESTVIEW","STATE":"FL","COUNTRY":"UNITED STATES","OPERSTATUS":"OPERATIONAL","PRIVATEUSE":1,"IAPEXISTS":0,"DODHIFLIP":0,"FAR91":0,"FAR93":0,"MIL_CODE":"CIVIL","AIRANAL":"CONDITIONAL","US_HIGH":0,"US_LOW":0,"AK_HIGH":0,"AK_LOW":0,"US_AREA":0,"PACIFIC":0}},{"type":"Feature","id":68,"geometry":{"type":"Point","coordinates":[-86.467177151531018,30.781859602788813]},"properties":{"FID":68,"OBJECTID":2842,"GLOBAL_ID":"09BFC2F7-D1A2-4949-826D-FD8C2BF4AEE7","IDENT":"FL81","NAME":"Triple B Airpark","LATITUDE":"30-46-54.6740N","LONGITUDE":"086-28-01.8210W","ELEVATION":210,"ICAO_ID":" ","TYPE_CODE":"AD","SERVCITY":"CRESTVIEW","STATE":"FL","COUNTRY":"UNITED STATES","OPERSTATUS":"OPERATIONAL","PRIVATEUSE":1,"IAPEXISTS":0,"DODHIFLIP":0,"FAR91":0,"FAR93":0,"MIL_CODE":"CIVIL","AIRANAL":"CONDITIONAL","US_HIGH":0,"US_LOW":0,"AK_HIGH":0,"AK_LOW":0,"US_AREA":0,"PACIFIC":0}},{"type":"Feature","id":69,"geometry":{"type":"Point","coordinates":[-86.522117444851631,30.778836822323228]},"properties":{"FID":69,"OBJECTID":2843,"GLOBAL_ID":"CCDF1C51-6530-4455-887F-AD28A8747D10","IDENT":"CEW","NAME":"Bob Sikes","LATITUDE":"30-46-43.7920N","LONGITUDE":"086-31-19.6060W","ELEVATION":213.5,"ICAO_ID":"KCEW","TYPE_CODE":"AD","SERVCITY":"CRESTVIEW","STATE":"FL","COUNTRY":"UNITED STATES","OPERSTATUS":"OPERATIONAL","PRIVATEUSE":0,"IAPEXISTS":1,"DODHIFLIP":0,"FAR91":0,"FAR93":0,"MIL_CODE":"CIVIL","AIRANAL":"NO OBJECTION","US_HIGH":1,"US_LOW":1,"AK_HIGH":0,"AK_LOW":0,"US_AREA":0,"PACIFIC":0}},{"type":"Feature","id":70,"geometry":{"type":"Point","coordinates":[-86.436482421820472,30.803005719493967]},"properties":{"FID":70,"OBJECTID":2844,"GLOBAL_ID":"C1F90AC4-CF4A-4361-B283-CE40F05969E4","IDENT":"FD03","NAME":"Five Oaks Estate","LATITUDE":"30-48-10.8000N","LONGITUDE":"086-26-11.3200W","ELEVATION":200,"ICAO_ID":" ","TYPE_CODE":"AD","SERVCITY":"CRESTVIEW","STATE":"FL","COUNTRY":"UNITED STATES","OPERSTATUS":"OPERATIONAL","PRIVATEUSE":1,"IAPEXISTS":0,"DODHIFLIP":0,"FAR91":0,"FAR93":0,"MIL_CODE":"CIVIL","AIRANAL":"CONDITIONAL","US_HIGH":0,"US_LOW":0,"AK_HIGH":0,"AK_LOW":0,"US_AREA":0,"PACIFIC":0}},{"type":"Feature","id":71,"geometry":{"type":"Point","coordinates":[-81.046629752018305,29.080200675426113]},"properties":{"FID":71,"OBJECTID":2845,"GLOBAL_ID":"529D8866-6801-4226-A5C8-0B72924EF9E5","IDENT":"7FL6","NAME":"Spruce Creek","LATITUDE":"29-04-48.7027N","LONGITUDE":"081-02-47.8562W","ELEVATION":24.600000000000001,"ICAO_ID":" ","TYPE_CODE":"AD","SERVCITY":"DAYTONA BEACH","STATE":"FL","COUNTRY":"UNITED STATES","OPERSTATUS":"OPERATIONAL","PRIVATEUSE":1,"IAPEXISTS":0,"DODHIFLIP":0,"FAR91":0,"FAR93":0,"MIL_CODE":"CIVIL","AIRANAL":"CONDITIONAL","US_HIGH":0,"US_LOW":1,"AK_HIGH":0,"AK_LOW":0,"US_AREA":0,"PACIFIC":0}},{"type":"Feature","id":72,"geometry":{"type":"Point","coordinates":[-81.107150275437562,29.243736074877347]},"properties":{"FID":72,"OBJECTID":2846,"GLOBAL_ID":"B4942396-56D3-4C58-A25E-72737F1A5C30","IDENT":"4FL6","NAME":"Advent Health Daytona Beach","LATITUDE":"29-14-37.4300N","LONGITUDE":"081-06-25.7300W","ELEVATION":287,"ICAO_ID":" ","TYPE_CODE":"HP","SERVCITY":"DAYTONA BEACH","STATE":"FL","COUNTRY":"UNITED STATES","OPERSTATUS":"OPERATIONAL","PRIVATEUSE":1,"IAPEXISTS":0,"DODHIFLIP":0,"FAR91":0,"FAR93":0,"MIL_CODE":"CIVIL","AIRANAL":"CONDITIONAL","US_HIGH":0,"US_LOW":0,"AK_HIGH":0,"AK_LOW":0,"US_AREA":0,"PACIFIC":0}},{"type":"Feature","id":73,"geometry":{"type":"Point","coordinates":[-81.053948036407007,29.201375788209077]},"properties":{"FID":73,"OBJECTID":2847,"GLOBAL_ID":"7AA47F71-E12C-401C-A527-AE3DA2969286","IDENT":"29FL","NAME":"Halifax Hospital Medical Center","LATITUDE":"29-12-04.9330N","LONGITUDE":"081-03-14.2020W","ELEVATION":46,"ICAO_ID":" ","TYPE_CODE":"HP","SERVCITY":"DAYTONA BEACH","STATE":"FL","COUNTRY":"UNITED STATES","OPERSTATUS":"OPERATIONAL","PRIVATEUSE":1,"IAPEXISTS":0,"DODHIFLIP":0,"FAR91":0,"FAR93":0,"MIL_CODE":"CIVIL","AIRANAL":"CONDITIONAL","US_HIGH":0,"US_LOW":0,"AK_HIGH":0,"AK_LOW":0,"US_AREA":0,"PACIFIC":0}},{"type":"Feature","id":74,"geometry":{"type":"Point","coordinates":[-86.153782339039367,30.731116823665218]},"properties":{"FID":74,"OBJECTID":2848,"GLOBAL_ID":"63E7ACFC-667A-4CFE-ABFA-2B42424319E0","IDENT":"54J","NAME":"Defuniak Springs","LATITUDE":"30-43-52.0000N","LONGITUDE":"086-09-13.6000W","ELEVATION":289.10000000000002,"ICAO_ID":" ","TYPE_CODE":"AD","SERVCITY":"DEFUNIAK SPRINGS","STATE":"FL","COUNTRY":"UNITED STATES","OPERSTATUS":"OPERATIONAL","PRIVATEUSE":0,"IAPEXISTS":1,"DODHIFLIP":0,"FAR91":0,"FAR93":0,"MIL_CODE":"CIVIL","AIRANAL":"CONDITIONAL","US_HIGH":0,"US_LOW":1,"AK_HIGH":0,"AK_LOW":0,"US_AREA":0,"PACIFIC":0}},{"type":"Feature","id":75,"geometry":{"type":"Point","coordinates":[-86.109388989104502,30.652141252448303]},"properties":{"FID":75,"OBJECTID":2849,"GLOBAL_ID":"7B0761D5-011B-4291-99B8-26A17A62E092","IDENT":"0FD9","NAME":"Joy Farms","LATITUDE":"30-39-07.6880N","LONGITUDE":"086-06-33.7840W","ELEVATION":290,"ICAO_ID":" ","TYPE_CODE":"AD","SERVCITY":"DEFUNIAK SPRINGS","STATE":"FL","COUNTRY":"UNITED STATES","OPERSTATUS":"OPERATIONAL","PRIVATEUSE":1,"IAPEXISTS":0,"DODHIFLIP":0,"FAR91":0,"FAR93":0,"MIL_CODE":"CIVIL","AIRANAL":"CONDITIONAL","US_HIGH":0,"US_LOW":0,"AK_HIGH":0,"AK_LOW":0,"US_AREA":0,"PACIFIC":0}},{"type":"Feature","id":76,"geometry":{"type":"Point","coordinates":[-86.281393490973414,30.844727955841563]},"properties":{"FID":76,"OBJECTID":2850,"GLOBAL_ID":"1151E423-72EF-4DB2-A2C7-E616AEB4F781","IDENT":"69FD","NAME":"Unicorn Place","LATITUDE":"30-50-41.0000N","LONGITUDE":"086-16-53.0000W","ELEVATION":260,"ICAO_ID":" ","TYPE_CODE":"AD","SERVCITY":"DEFUNIAK SPRINGS","STATE":"FL","COUNTRY":"UNITED STATES","OPERSTATUS":"OPERATIONAL","PRIVATEUSE":1,"IAPEXISTS":0,"DODHIFLIP":0,"FAR91":0,"FAR93":0,"MIL_CODE":"CIVIL","AIRANAL":"CONDITIONAL","US_HIGH":0,"US_LOW":0,"AK_HIGH":0,"AK_LOW":0,"US_AREA":0,"PACIFIC":0}},{"type":"Feature","id":77,"geometry":{"type":"Point","coordinates":[-86.179065663879612,30.373358409726507]},"properties":{"FID":77,"OBJECTID":2851,"GLOBAL_ID":"D3FAB8B1-D17F-46A7-84E7-573DCB7E7F52","IDENT":"FL71","NAME":"Pennington","LATITUDE":"30-22-24.0700N","LONGITUDE":"086-10-44.6200W","ELEVATION":40,"ICAO_ID":" ","TYPE_CODE":"HP","SERVCITY":"DE FUNIAK SPRINGS","STATE":"FL","COUNTRY":"UNITED STATES","OPERSTATUS":"OPERATIONAL","PRIVATEUSE":1,"IAPEXISTS":0,"DODHIFLIP":0,"FAR91":0,"FAR93":0,"MIL_CODE":"CIVIL","AIRANAL":"CONDITIONAL","US_HIGH":0,"US_LOW":0,"AK_HIGH":0,"AK_LOW":0,"US_AREA":0,"PACIFIC":0}},{"type":"Feature","id":78,"geometry":{"type":"Point","coordinates":[-86.34439628564769,30.820189059323411]},"properties":{"FID":78,"OBJECTID":2852,"GLOBAL_ID":"C4119A69-2E6A-486E-B0E6-7FDB77F5D09B","IDENT":"0FD5","NAME":"Breezy Knoll","LATITUDE":"30-49-12.6600N","LONGITUDE":"086-20-39.8100W","ELEVATION":235,"ICAO_ID":" ","TYPE_CODE":"AD","SERVCITY":"DEFUNIAK SPRINGS","STATE":"FL","COUNTRY":"UNITED STATES","OPERSTATUS":"OPERATIONAL","PRIVATEUSE":1,"IAPEXISTS":0,"DODHIFLIP":0,"FAR91":0,"FAR93":0,"MIL_CODE":"CIVIL","AIRANAL":"CONDITIONAL","US_HIGH":0,"US_LOW":0,"AK_HIGH":0,"AK_LOW":0,"US_AREA":0,"PACIFIC":0}},{"type":"Feature","id":79,"geometry":{"type":"Point","coordinates":[-81.283760320735837,29.067036860878545]},"properties":{"FID":79,"OBJECTID":2853,"GLOBAL_ID":"65230C3A-CD1D-4AB4-AD55-A4A7F7F96942","IDENT":"DED","NAME":"Deland Muni-Sidney H Taylor Fld","LATITUDE":"29-04-01.3130N","LONGITUDE":"081-17-01.5260W","ELEVATION":79.200000000000003,"ICAO_ID":"KDED","TYPE_CODE":"AD","SERVCITY":"DELAND","STATE":"FL","COUNTRY":"UNITED STATES","OPERSTATUS":"OPERATIONAL","PRIVATEUSE":0,"IAPEXISTS":1,"DODHIFLIP":0,"FAR91":0,"FAR93":0,"MIL_CODE":"CIVIL","AIRANAL":"NO OBJECTION","US_HIGH":1,"US_LOW":1,"AK_HIGH":0,"AK_LOW":0,"US_AREA":0,"PACIFIC":0}},{"type":"Feature","id":80,"geometry":{"type":"Point","coordinates":[-81.413125354295119,28.948603496062162]},"properties":{"FID":80,"OBJECTID":2854,"GLOBAL_ID":"EB7DBE8C-9EC7-4A39-A146-69B53A12DAB3","IDENT":"FL62","NAME":"Bradshaw Tree Farm","LATITUDE":"28-56-54.9530N","LONGITUDE":"081-24-47.2400W","ELEVATION":55,"ICAO_ID":" ","TYPE_CODE":"AD","SERVCITY":"DELAND","STATE":"FL","COUNTRY":"UNITED STATES","OPERSTATUS":"OPERATIONAL","PRIVATEUSE":1,"IAPEXISTS":0,"DODHIFLIP":0,"FAR91":0,"FAR93":0,"MIL_CODE":"CIVIL","AIRANAL":"CONDITIONAL","US_HIGH":0,"US_LOW":0,"AK_HIGH":0,"AK_LOW":0,"US_AREA":0,"PACIFIC":0}},{"type":"Feature","id":81,"geometry":{"type":"Point","coordinates":[-82.782003497234655,28.014438512804361]},"properties":{"FID":81,"OBJECTID":2855,"GLOBAL_ID":"1BF06286-CC0A-4CFA-B6C3-538982872610","IDENT":"FA04","NAME":"Mease Hospital","LATITUDE":"28-00-51.9600N","LONGITUDE":"082-46-55.2000W","ELEVATION":35,"ICAO_ID":" ","TYPE_CODE":"HP","SERVCITY":"DUNEDIN","STATE":"FL","COUNTRY":"UNITED STATES","OPERSTATUS":"OPERATIONAL","PRIVATEUSE":1,"IAPEXISTS":0,"DODHIFLIP":0,"FAR91":0,"FAR93":0,"MIL_CODE":"CIVIL","AIRANAL":"CONDITIONAL","US_HIGH":0,"US_LOW":0,"AK_HIGH":0,"AK_LOW":0,"US_AREA":0,"PACIFIC":0}},{"type":"Feature","id":82,"geometry":{"type":"Point","coordinates":[-82.376622859946337,29.061772662854764]},"properties":{"FID":82,"OBJECTID":2856,"GLOBAL_ID":"DF9F2FDE-BAD0-4B81-A035-D4C8E6A96C2A","IDENT":"X35","NAME":"Marion County","LATITUDE":"29-03-42.3620N","LONGITUDE":"082-22-35.8300W","ELEVATION":65.400000000000006,"ICAO_ID":" ","TYPE_CODE":"AD","SERVCITY":"DUNNELLON","STATE":"FL","COUNTRY":"UNITED STATES","OPERSTATUS":"OPERATIONAL","PRIVATEUSE":0,"IAPEXISTS":1,"DODHIFLIP":0,"FAR91":0,"FAR93":0,"MIL_CODE":"CIVIL","AIRANAL":"NOT ANALYZED","US_HIGH":1,"US_LOW":1,"AK_HIGH":0,"AK_LOW":0,"US_AREA":0,"PACIFIC":0}},{"type":"Feature","id":83,"geometry":{"type":"Point","coordinates":[-82.404572866075341,29.006644316005975]},"properties":{"FID":83,"OBJECTID":2857,"GLOBAL_ID":"CFD8401F-800B-4BD7-B5AD-E0595DDDD656","IDENT":"10FD","NAME":"Seven Feathers","LATITUDE":"29-00-23.9000N","LONGITUDE":"082-24-16.4500W","ELEVATION":68,"ICAO_ID":" ","TYPE_CODE":"AD","SERVCITY":"DUNNELLON","STATE":"FL","COUNTRY":"UNITED STATES","OPERSTATUS":"OPERATIONAL","PRIVATEUSE":1,"IAPEXISTS":0,"DODHIFLIP":0,"FAR91":0,"FAR93":0,"MIL_CODE":"CIVIL","AIRANAL":"CONDITIONAL","US_HIGH":0,"US_LOW":0,"AK_HIGH":0,"AK_LOW":0,"US_AREA":0,"PACIFIC":0}},{"type":"Feature","id":84,"geometry":{"type":"Point","coordinates":[-81.385980890832627,28.611099803769321]},"properties":{"FID":84,"OBJECTID":2858,"GLOBAL_ID":"CE276051-0D65-4F19-9CAB-9001C314C93E","IDENT":"9FD8","NAME":"Wesh-Tv Channel 2","LATITUDE":"28-36-39.9400N","LONGITUDE":"081-23-09.5200W","ELEVATION":118,"ICAO_ID":" ","TYPE_CODE":"HP","SERVCITY":"EATONVILLE","STATE":"FL","COUNTRY":"UNITED STATES","OPERSTATUS":"OPERATIONAL","PRIVATEUSE":1,"IAPEXISTS":0,"DODHIFLIP":0,"FAR91":0,"FAR93":0,"MIL_CODE":"CIVIL","AIRANAL":"CONDITIONAL","US_HIGH":0,"US_LOW":0,"AK_HIGH":0,"AK_LOW":0,"US_AREA":0,"PACIFIC":0}},{"type":"Feature","id":85,"geometry":{"type":"Point","coordinates":[-85.839382239966028,30.490478446815587]},"properties":{"FID":85,"OBJECTID":2859,"GLOBAL_ID":"B445B12E-87A8-4DBA-A2E9-FB0557B4CCF2","IDENT":"FD35","NAME":"Redhead","LATITUDE":"30-29-25.7020N","LONGITUDE":"085-50-21.7600W","ELEVATION":102,"ICAO_ID":" ","TYPE_CODE":"AD","SERVCITY":"EBRO","STATE":"FL","COUNTRY":"UNITED STATES","OPERSTATUS":"OPERATIONAL","PRIVATEUSE":1,"IAPEXISTS":0,"DODHIFLIP":0,"FAR91":0,"FAR93":0,"MIL_CODE":"CIVIL","AIRANAL":"CONDITIONAL","US_HIGH":0,"US_LOW":0,"AK_HIGH":0,"AK_LOW":0,"US_AREA":0,"PACIFIC":0}},{"type":"Feature","id":86,"geometry":{"type":"Point","coordinates":[-81.500915966544028,29.800807029068892]},"properties":{"FID":86,"OBJECTID":2860,"GLOBAL_ID":"27A67F31-8C31-4E05-B6F2-983859D7CDDF","IDENT":"5FL4","NAME":"Byrd Air Fld","LATITUDE":"29-48-02.8850N","LONGITUDE":"081-30-03.2860W","ELEVATION":21,"ICAO_ID":" ","TYPE_CODE":"AD","SERVCITY":"ELKTON","STATE":"FL","COUNTRY":"UNITED STATES","OPERSTATUS":"OPERATIONAL","PRIVATEUSE":1,"IAPEXISTS":0,"DODHIFLIP":0,"FAR91":0,"FAR93":0,"MIL_CODE":"CIVIL","AIRANAL":"CONDITIONAL","US_HIGH":0,"US_LOW":0,"AK_HIGH":0,"AK_LOW":0,"US_AREA":0,"PACIFIC":0}},{"type":"Feature","id":87,"geometry":{"type":"Point","coordinates":[-82.374021125742502,26.990085496936501]},"properties":{"FID":87,"OBJECTID":2861,"GLOBAL_ID":"5C305181-4962-4EAC-B6BE-C5FC9BF86C87","IDENT":"X36","NAME":"Buchan","LATITUDE":"26-59-24.2900N","LONGITUDE":"082-22-26.4640W","ELEVATION":15,"ICAO_ID":" ","TYPE_CODE":"AD","SERVCITY":"ENGLEWOOD","STATE":"FL","COUNTRY":"UNITED STATES","OPERSTATUS":"OPERATIONAL","PRIVATEUSE":0,"IAPEXISTS":0,"DODHIFLIP":0,"FAR91":0,"FAR93":0,"MIL_CODE":"CIVIL","AIRANAL":"NOT ANALYZED","US_HIGH":0,"US_LOW":0,"AK_HIGH":0,"AK_LOW":0,"US_AREA":0,"PACIFIC":0}},{"type":"Feature","id":88,"geometry":{"type":"Point","coordinates":[-81.607306166338958,26.445361491103768]},"properties":{"FID":88,"OBJECTID":2862,"GLOBAL_ID":"7F9AED5D-DD80-4572-B411-44A7FB2D456C","IDENT":"1FD4","NAME":"Corkscrew Trace Airpark","LATITUDE":"26-26-43.2840N","LONGITUDE":"081-36-26.2910W","ELEVATION":29,"ICAO_ID":" ","TYPE_CODE":"AD","SERVCITY":"ESTERO","STATE":"FL","COUNTRY":"UNITED STATES","OPERSTATUS":"OPERATIONAL","PRIVATEUSE":1,"IAPEXISTS":0,"DODHIFLIP":0,"FAR91":0,"FAR93":0,"MIL_CODE":"CIVIL","AIRANAL":"CONDITIONAL","US_HIGH":0,"US_LOW":0,"AK_HIGH":0,"AK_LOW":0,"US_AREA":0,"PACIFIC":0}},{"type":"Feature","id":89,"geometry":{"type":"Point","coordinates":[-81.630086524772707,28.843338742044409]},"properties":{"FID":89,"OBJECTID":2863,"GLOBAL_ID":"18280BEF-1028-42AA-B0BD-66893842EBD9","IDENT":"X55","NAME":"Mid-Florida","LATITUDE":"28-50-36.0000N","LONGITUDE":"081-37-48.3000W","ELEVATION":167,"ICAO_ID":" ","TYPE_CODE":"AD","SERVCITY":"EUSTIS","STATE":"FL","COUNTRY":"UNITED STATES","OPERSTATUS":"OPERATIONAL","PRIVATEUSE":0,"IAPEXISTS":0,"DODHIFLIP":0,"FAR91":0,"FAR93":0,"MIL_CODE":"CIVIL","AIRANAL":"CONDITIONAL","US_HIGH":0,"US_LOW":0,"AK_HIGH":0,"AK_LOW":0,"US_AREA":0,"PACIFIC":0}},{"type":"Feature","id":90,"geometry":{"type":"Point","coordinates":[-81.433126469606123,28.904994040084773]},"properties":{"FID":90,"OBJECTID":2864,"GLOBAL_ID":"3B70494E-C5D4-4EF3-91F3-56F2550562FF","IDENT":"6FD6","NAME":"Hilson Fld","LATITUDE":"28-54-17.9590N","LONGITUDE":"081-25-59.2440W","ELEVATION":167,"ICAO_ID":" ","TYPE_CODE":"AD","SERVCITY":"EUSTIS","STATE":"FL","COUNTRY":"UNITED STATES","OPERSTATUS":"OPERATIONAL","PRIVATEUSE":1,"IAPEXISTS":0,"DODHIFLIP":0,"FAR91":0,"FAR93":0,"MIL_CODE":"CIVIL","AIRANAL":"CONDITIONAL","US_HIGH":0,"US_LOW":0,"AK_HIGH":0,"AK_LOW":0,"US_AREA":0,"PACIFIC":0}},{"type":"Feature","id":91,"geometry":{"type":"Point","coordinates":[-81.390293309207323,25.848872735664145]},"properties":{"FID":91,"OBJECTID":2865,"GLOBAL_ID":"7717E81F-D924-4B59-9C56-5132A2C9DA68","IDENT":"X01","NAME":"Everglades Airpark","LATITUDE":"25-50-55.9250N","LONGITUDE":"081-23-25.0450W","ELEVATION":4,"ICAO_ID":" ","TYPE_CODE":"AD","SERVCITY":"EVERGLADES CITY","STATE":"FL","COUNTRY":"UNITED STATES","OPERSTATUS":"OPERATIONAL","PRIVATEUSE":0,"IAPEXISTS":0,"DODHIFLIP":0,"FAR91":0,"FAR93":0,"MIL_CODE":"CIVIL","AIRANAL":"CONDITIONAL","US_HIGH":0,"US_LOW":0,"AK_HIGH":0,"AK_LOW":0,"US_AREA":0,"PACIFIC":0}},{"type":"Feature","id":92,"geometry":{"type":"Point","coordinates":[-81.034517650072985,25.857325522463896]},"properties":{"FID":92,"OBJECTID":2866,"GLOBAL_ID":"24EAE607-1BAC-4366-81A4-60C16A832681","IDENT":"9FL7","NAME":"Oasis Ranger Station-U S Government","LATITUDE":"25-51-26.3550N","LONGITUDE":"081-02-04.2530W","ELEVATION":10,"ICAO_ID":" ","TYPE_CODE":"AD","SERVCITY":"EVERGLADES CITY","STATE":"FL","COUNTRY":"UNITED STATES","OPERSTATUS":"OPERATIONAL","PRIVATEUSE":1,"IAPEXISTS":0,"DODHIFLIP":0,"FAR91":0,"FAR93":0,"MIL_CODE":"CIVIL","AIRANAL":"CONDITIONAL","US_HIGH":0,"US_LOW":0,"AK_HIGH":0,"AK_LOW":0,"US_AREA":0,"PACIFIC":0}},{"type":"Feature","id":93,"geometry":{"type":"Point","coordinates":[-82.263711726289159,29.340811066045319]},"properties":{"FID":93,"OBJECTID":2867,"GLOBAL_ID":"32D36D32-A755-4E14-A1E4-78594E8768DB","IDENT":"FA09","NAME":"Reluctant Gremlin","LATITUDE":"29-20-26.9000N","LONGITUDE":"082-15-49.3500W","ELEVATION":200,"ICAO_ID":" ","TYPE_CODE":"AD","SERVCITY":"FAIRFIELD","STATE":"FL","COUNTRY":"UNITED STATES","OPERSTATUS":"OPERATIONAL","PRIVATEUSE":1,"IAPEXISTS":0,"DODHIFLIP":0,"FAR91":0,"FAR93":0,"MIL_CODE":"CIVIL","AIRANAL":"CONDITIONAL","US_HIGH":0,"US_LOW":0,"AK_HIGH":0,"AK_LOW":0,"US_AREA":0,"PACIFIC":0}},{"type":"Feature","id":94,"geometry":{"type":"Point","coordinates":[-80.170708963184211,26.197284154991678]},"properties":{"FID":94,"OBJECTID":2868,"GLOBAL_ID":"B4670AF0-EA13-47D0-9E06-8A9087159B91","IDENT":"FXE","NAME":"Fort Lauderdale Exec","LATITUDE":"26-11-50.2057N","LONGITUDE":"080-10-14.5426W","ELEVATION":13.4,"ICAO_ID":"KFXE","TYPE_CODE":"AD","SERVCITY":"FORT LAUDERDALE","STATE":"FL","COUNTRY":"UNITED STATES","OPERSTATUS":"OPERATIONAL","PRIVATEUSE":0,"IAPEXISTS":1,"DODHIFLIP":0,"FAR91":0,"FAR93":0,"MIL_CODE":"CIVIL","AIRANAL":"NO OBJECTION","US_HIGH":1,"US_LOW":1,"AK_HIGH":0,"AK_LOW":0,"US_AREA":1,"PACIFIC":0}},{"type":"Feature","id":95,"geometry":{"type":"Point","coordinates":[-81.651114273897406,27.785005152921599]},"properties":{"FID":95,"OBJECTID":2869,"GLOBAL_ID":"F10A63D2-754E-4FDF-ADA2-0848FF538202","IDENT":"1FA9","NAME":"Villa Char Mar","LATITUDE":"27-47-06.0000N","LONGITUDE":"081-39-04.0000W","ELEVATION":134,"ICAO_ID":" ","TYPE_CODE":"AD","SERVCITY":"FORT MEADE","STATE":"FL","COUNTRY":"UNITED STATES","OPERSTATUS":"OPERATIONAL","PRIVATEUSE":1,"IAPEXISTS":0,"DODHIFLIP":0,"FAR91":0,"FAR93":0,"MIL_CODE":"CIVIL","AIRANAL":"CONDITIONAL","US_HIGH":0,"US_LOW":0,"AK_HIGH":0,"AK_LOW":0,"US_AREA":0,"PACIFIC":0}},{"type":"Feature","id":96,"geometry":{"type":"Point","coordinates":[-82.220098014079952,26.603413460304864]},"properties":{"FID":96,"OBJECTID":2870,"GLOBAL_ID":"33BC7558-D32D-476C-9E9C-A2E85AEBF55A","IDENT":"FL90","NAME":"Salty Approach","LATITUDE":"26-36-12.2710N","LONGITUDE":"082-13-12.3410W","ELEVATION":6,"ICAO_ID":" ","TYPE_CODE":"AD","SERVCITY":"FORT MYERS","STATE":"FL","COUNTRY":"UNITED STATES","OPERSTATUS":"OPERATIONAL","PRIVATEUSE":1,"IAPEXISTS":0,"DODHIFLIP":0,"FAR91":0,"FAR93":0,"MIL_CODE":"CIVIL","AIRANAL":"CONDITIONAL","US_HIGH":0,"US_LOW":0,"AK_HIGH":0,"AK_LOW":0,"US_AREA":0,"PACIFIC":0}},{"type":"Feature","id":97,"geometry":{"type":"Point","coordinates":[-81.770642052809933,26.66285376337521]},"properties":{"FID":97,"OBJECTID":2871,"GLOBAL_ID":"18F50CDB-5BC0-48F4-A8A6-95EBB85F8779","IDENT":"47FD","NAME":"Strayhorn Ranch","LATITUDE":"26-39-46.2560N","LONGITUDE":"081-46-14.3000W","ELEVATION":20,"ICAO_ID":" ","TYPE_CODE":"AD","SERVCITY":"FORT MYERS","STATE":"FL","COUNTRY":"UNITED STATES","OPERSTATUS":"OPERATIONAL","PRIVATEUSE":1,"IAPEXISTS":0,"DODHIFLIP":0,"FAR91":0,"FAR93":0,"MIL_CODE":"CIVIL","AIRANAL":"CONDITIONAL","US_HIGH":0,"US_LOW":0,"AK_HIGH":0,"AK_LOW":0,"US_AREA":0,"PACIFIC":0}},{"type":"Feature","id":98,"geometry":{"type":"Point","coordinates":[-81.874725414969816,26.628754863530162]},"properties":{"FID":98,"OBJECTID":2872,"GLOBAL_ID":"0613B457-1FC5-421A-ADF3-83D082F30F0D","IDENT":"FD67","NAME":"Lee Health System, Inc.","LATITUDE":"26-37-43.5000N","LONGITUDE":"081-52-29.0000W","ELEVATION":12,"ICAO_ID":" ","TYPE_CODE":"HP","SERVCITY":"FORT MYERS","STATE":"FL","COUNTRY":"UNITED STATES","OPERSTATUS":"OPERATIONAL","PRIVATEUSE":1,"IAPEXISTS":0,"DODHIFLIP":0,"FAR91":0,"FAR93":0,"MIL_CODE":"CIVIL","AIRANAL":"CONDITIONAL","US_HIGH":0,"US_LOW":0,"AK_HIGH":0,"AK_LOW":0,"US_AREA":0,"PACIFIC":0}},{"type":"Feature","id":99,"geometry":{"type":"Point","coordinates":[-81.833439292192566,26.634813198981419]},"properties":{"FID":99,"OBJECTID":2873,"GLOBAL_ID":"35AFFC1F-0453-4993-8788-B12007FB30C2","IDENT":"41FL","NAME":"Southern Machine & Steel Yard","LATITUDE":"26-38-05.3100N","LONGITUDE":"081-50-00.3700W","ELEVATION":19,"ICAO_ID":" ","TYPE_CODE":"HP","SERVCITY":"FORT MYERS","STATE":"FL","COUNTRY":"UNITED STATES","OPERSTATUS":"OPERATIONAL","PRIVATEUSE":1,"IAPEXISTS":0,"DODHIFLIP":0,"FAR91":0,"FAR93":0,"MIL_CODE":"CIVIL","AIRANAL":"CONDITIONAL","US_HIGH":0,"US_LOW":0,"AK_HIGH":0,"AK_LOW":0,"US_AREA":0,"PACIFIC":0}},{"type":"Feature","id":100,"geometry":{"type":"Point","coordinates":[-81.848817072055851,26.54364928702887]},"properties":{"FID":100,"OBJECTID":2874,"GLOBAL_ID":"C6265278-04C9-40A4-87BE-E583CC791970","IDENT":"67FD","NAME":"Gulf Coast Medical Center","LATITUDE":"26-32-37.1200N","LONGITUDE":"081-50-55.7300W","ELEVATION":18,"ICAO_ID":" ","TYPE_CODE":"HP","SERVCITY":"FORT MYERS","STATE":"FL","COUNTRY":"UNITED STATES","OPERSTATUS":"OPERATIONAL","PRIVATEUSE":1,"IAPEXISTS":0,"DODHIFLIP":0,"FAR91":0,"FAR93":0,"MIL_CODE":"CIVIL","AIRANAL":"CONDITIONAL","US_HIGH":0,"US_LOW":0,"AK_HIGH":0,"AK_LOW":0,"US_AREA":0,"PACIFIC":0}},{"type":"Feature","id":101,"geometry":{"type":"Point","coordinates":[-82.121153265058865,26.657860421045939]},"properties":{"FID":101,"OBJECTID":2875,"GLOBAL_ID":"AE31CBE9-C5D9-43C6-B86B-07282A4CBDD3","IDENT":"1FA3","NAME":"Pine Island","LATITUDE":"26-39-28.2800N","LONGITUDE":"082-07-16.1400W","ELEVATION":12,"ICAO_ID":" ","TYPE_CODE":"AD","SERVCITY":"FORT MYERS","STATE":"FL","COUNTRY":"UNITED STATES","OPERSTATUS":"OPERATIONAL","PRIVATEUSE":1,"IAPEXISTS":0,"DODHIFLIP":0,"FAR91":0,"FAR93":0,"MIL_CODE":"CIVIL","AIRANAL":"CONDITIONAL","US_HIGH":0,"US_LOW":0,"AK_HIGH":0,"AK_LOW":0,"US_AREA":0,"PACIFIC":0}},{"type":"Feature","id":102,"geometry":{"type":"Point","coordinates":[-81.875003193228338,26.635004865071721]},"properties":{"FID":102,"OBJECTID":2876,"GLOBAL_ID":"114D2A33-B3F4-47BC-BF7E-48B8A3345796","IDENT":"29FA","NAME":"Caloosa Downtown","LATITUDE":"26-38-06.0000N","LONGITUDE":"081-52-30.0000W","ELEVATION":2,"ICAO_ID":" ","TYPE_CODE":"SP","SERVCITY":"FORT MYERS","STATE":"FL","COUNTRY":"UNITED STATES","OPERSTATUS":"OPERATIONAL","PRIVATEUSE":1,"IAPEXISTS":0,"DODHIFLIP":0,"FAR91":0,"FAR93":0,"MIL_CODE":"CIVIL","AIRANAL":"CONDITIONAL","US_HIGH":0,"US_LOW":0,"AK_HIGH":0,"AK_LOW":0,"US_AREA":0,"PACIFIC":0}},{"type":"Feature","id":103,"geometry":{"type":"Point","coordinates":[-80.092208229231801,26.598177118574199]},"properties":{"FID":103,"OBJECTID":2877,"GLOBAL_ID":"B80839E9-43E2-4407-8333-F2E0B0F211F1","IDENT":"1FD3","NAME":"Hca Florida Jfk Hospital","LATITUDE":"26-35-53.4200N","LONGITUDE":"080-05-31.9400W","ELEVATION":61,"ICAO_ID":" ","TYPE_CODE":"HP","SERVCITY":"ATLANTIS","STATE":"FL","COUNTRY":"UNITED STATES","OPERSTATUS":"OPERATIONAL","PRIVATEUSE":1,"IAPEXISTS":0,"DODHIFLIP":0,"FAR91":0,"FAR93":0,"MIL_CODE":"CIVIL","AIRANAL":"CONDITIONAL","US_HIGH":0,"US_LOW":0,"AK_HIGH":0,"AK_LOW":0,"US_AREA":0,"PACIFIC":0}},{"type":"Feature","id":104,"geometry":{"type":"Point","coordinates":[-81.816471830620003,28.058636048210644]},"properties":{"FID":104,"OBJECTID":2878,"GLOBAL_ID":"4CCA9DEC-8A55-4976-A91A-1D2CF442BDB7","IDENT":"FL16","NAME":"Market World","LATITUDE":"28-03-31.0710N","LONGITUDE":"081-48-59.2870W","ELEVATION":125,"ICAO_ID":" ","TYPE_CODE":"AD","SERVCITY":"AUBURNDALE","STATE":"FL","COUNTRY":"UNITED STATES","OPERSTATUS":"OPERATIONAL","PRIVATEUSE":1,"IAPEXISTS":0,"DODHIFLIP":0,"FAR91":0,"FAR93":0,"MIL_CODE":"CIVIL","AIRANAL":"CONDITIONAL","US_HIGH":0,"US_LOW":0,"AK_HIGH":0,"AK_LOW":0,"US_AREA":0,"PACIFIC":0}},{"type":"Feature","id":105,"geometry":{"type":"Point","coordinates":[-81.805914329019231,28.103633004375126]},"properties":{"FID":105,"OBJECTID":2879,"GLOBAL_ID":"C4F12DC7-230E-4F00-8B94-33E408B69762","IDENT":"1FL0","NAME":"Londono's Landing","LATITUDE":"28-06-13.0600N","LONGITUDE":"081-48-21.2800W","ELEVATION":147,"ICAO_ID":" ","TYPE_CODE":"SP","SERVCITY":"AUBURNDALE","STATE":"FL","COUNTRY":"UNITED STATES","OPERSTATUS":"OPERATIONAL","PRIVATEUSE":1,"IAPEXISTS":0,"DODHIFLIP":0,"FAR91":0,"FAR93":0,"MIL_CODE":"CIVIL","AIRANAL":"CONDITIONAL","US_HIGH":0,"US_LOW":0,"AK_HIGH":0,"AK_LOW":0,"US_AREA":0,"PACIFIC":0}},{"type":"Feature","id":106,"geometry":{"type":"Point","coordinates":[-81.842867115649426,28.039366320870101]},"properties":{"FID":106,"OBJECTID":2880,"GLOBAL_ID":"4C69AF5C-43F1-44F8-AD41-186B887D245D","IDENT":"FA53","NAME":"Eagles Nest","LATITUDE":"28-02-21.7000N","LONGITUDE":"081-50-34.3100W","ELEVATION":125,"ICAO_ID":" ","TYPE_CODE":"HP","SERVCITY":"AUBURNDALE","STATE":"FL","COUNTRY":"UNITED STATES","OPERSTATUS":"OPERATIONAL","PRIVATEUSE":1,"IAPEXISTS":0,"DODHIFLIP":0,"FAR91":0,"FAR93":0,"MIL_CODE":"CIVIL","AIRANAL":"CONDITIONAL","US_HIGH":0,"US_LOW":0,"AK_HIGH":0,"AK_LOW":0,"US_AREA":0,"PACIFIC":0}},{"type":"Feature","id":107,"geometry":{"type":"Point","coordinates":[-81.528969954380443,27.591304997675479]},"properties":{"FID":107,"OBJECTID":2881,"GLOBAL_ID":"7BFF4B73-13CF-4A67-8D23-D78E13878FD3","IDENT":"AVO","NAME":"Avon Park Exec","LATITUDE":"27-35-28.6796N","LONGITUDE":"081-31-44.2806W","ELEVATION":160.40000000000001,"ICAO_ID":"KAVO","TYPE_CODE":"AD","SERVCITY":"AVON PARK","STATE":"FL","COUNTRY":"UNITED STATES","OPERSTATUS":"OPERATIONAL","PRIVATEUSE":0,"IAPEXISTS":1,"DODHIFLIP":0,"FAR91":0,"FAR93":0,"MIL_CODE":"CIVIL","AIRANAL":"CONDITIONAL","US_HIGH":1,"US_LOW":1,"AK_HIGH":0,"AK_LOW":0,"US_AREA":0,"PACIFIC":0}},{"type":"Feature","id":108,"geometry":{"type":"Point","coordinates":[-81.610636479014374,27.621149557957267]},"properties":{"FID":108,"OBJECTID":2882,"GLOBAL_ID":"2C7080C0-A215-4D24-A52F-E1AAE45E2BB3","IDENT":"FL01","NAME":"Crews Homestead Ranch","LATITUDE":"27-37-16.1200N","LONGITUDE":"081-36-38.2800W","ELEVATION":90,"ICAO_ID":" ","TYPE_CODE":"AD","SERVCITY":"AVON PARK","STATE":"FL","COUNTRY":"UNITED STATES","OPERSTATUS":"OPERATIONAL","PRIVATEUSE":1,"IAPEXISTS":0,"DODHIFLIP":0,"FAR91":0,"FAR93":0,"MIL_CODE":"CIVIL","AIRANAL":"CONDITIONAL","US_HIGH":0,"US_LOW":0,"AK_HIGH":0,"AK_LOW":0,"US_AREA":0,"PACIFIC":0}},{"type":"Feature","id":109,"geometry":{"type":"Point","coordinates":[-81.341566957685131,27.647855127123307]},"properties":{"FID":109,"OBJECTID":2883,"GLOBAL_ID":"C43CDBF7-C967-4233-9AB5-C30BFC1474C6","IDENT":"AGR","NAME":"Macdill AFB Aux Fld","LATITUDE":"27-38-52.2600N","LONGITUDE":"081-20-29.6300W","ELEVATION":68,"ICAO_ID":"KAGR","TYPE_CODE":"AD","SERVCITY":"AVON PARK","STATE":"FL","COUNTRY":"UNITED STATES","OPERSTATUS":"OPERATIONAL","PRIVATEUSE":1,"IAPEXISTS":0,"DODHIFLIP":0,"FAR91":0,"FAR93":0,"MIL_CODE":"MIL","AIRANAL":"NOT ANALYZED","US_HIGH":1,"US_LOW":1,"AK_HIGH":0,"AK_LOW":0,"US_AREA":0,"PACIFIC":0}},{"type":"Feature","id":110,"geometry":{"type":"Point","coordinates":[-86.667181654931937,30.854079890275671]},"properties":{"FID":110,"OBJECTID":2884,"GLOBAL_ID":"012F40B0-20B9-4050-B3B1-0ED42421DBDD","IDENT":"18FD","NAME":"Skypark Estates Owners Assoc","LATITUDE":"30-51-14.6670N","LONGITUDE":"086-40-01.8370W","ELEVATION":250,"ICAO_ID":" ","TYPE_CODE":"AD","SERVCITY":"BAKER","STATE":"FL","COUNTRY":"UNITED STATES","OPERSTATUS":"OPERATIONAL","PRIVATEUSE":1,"IAPEXISTS":0,"DODHIFLIP":0,"FAR91":0,"FAR93":0,"MIL_CODE":"CIVIL","AIRANAL":"CONDITIONAL","US_HIGH":0,"US_LOW":0,"AK_HIGH":0,"AK_LOW":0,"US_AREA":0,"PACIFIC":0}},{"type":"Feature","id":111,"geometry":{"type":"Point","coordinates":[-81.783440428324866,27.943363799100212]},"properties":{"FID":111,"OBJECTID":2885,"GLOBAL_ID":"65600825-09CE-4802-8376-268DD510DCE5","IDENT":"BOW","NAME":"Bartow Exec","LATITUDE":"27-56-36.0910N","LONGITUDE":"081-47-00.3740W","ELEVATION":124.59999999999999,"ICAO_ID":"KBOW","TYPE_CODE":"AD","SERVCITY":"BARTOW","STATE":"FL","COUNTRY":"UNITED STATES","OPERSTATUS":"OPERATIONAL","PRIVATEUSE":0,"IAPEXISTS":1,"DODHIFLIP":0,"FAR91":0,"FAR93":0,"MIL_CODE":"CIVIL","AIRANAL":"NO OBJECTION","US_HIGH":1,"US_LOW":1,"AK_HIGH":0,"AK_LOW":0,"US_AREA":0,"PACIFIC":0}},{"type":"Feature","id":112,"geometry":{"type":"Point","coordinates":[-81.841196277044105,27.880031282265236]},"properties":{"FID":112,"OBJECTID":2886,"GLOBAL_ID":"D93B7327-432D-443D-B318-479FE805B697","IDENT":"FD65","NAME":"Bartow High School","LATITUDE":"27-52-48.0940N","LONGITUDE":"081-50-28.2950W","ELEVATION":116,"ICAO_ID":" ","TYPE_CODE":"HP","SERVCITY":"BARTOW","STATE":"FL","COUNTRY":"UNITED STATES","OPERSTATUS":"OPERATIONAL","PRIVATEUSE":1,"IAPEXISTS":0,"DODHIFLIP":0,"FAR91":0,"FAR93":0,"MIL_CODE":"CIVIL","AIRANAL":"CONDITIONAL","US_HIGH":0,"US_LOW":0,"AK_HIGH":0,"AK_LOW":0,"US_AREA":0,"PACIFIC":0}},{"type":"Feature","id":113,"geometry":{"type":"Point","coordinates":[-81.845267112471333,27.919041291633619]},"properties":{"FID":113,"OBJECTID":2887,"GLOBAL_ID":"F4EE8D54-B618-4EC4-96AB-A25DB14E306F","IDENT":"1FL7","NAME":"Barton Rgnl Medical Center","LATITUDE":"27-55-08.5300N","LONGITUDE":"081-50-42.9500W","ELEVATION":107,"ICAO_ID":" ","TYPE_CODE":"HP","SERVCITY":"BARTOW","STATE":"FL","COUNTRY":"UNITED STATES","OPERSTATUS":"OPERATIONAL","PRIVATEUSE":1,"IAPEXISTS":0,"DODHIFLIP":0,"FAR91":0,"FAR93":0,"MIL_CODE":"CIVIL","AIRANAL":"CONDITIONAL","US_HIGH":0,"US_LOW":0,"AK_HIGH":0,"AK_LOW":0,"US_AREA":0,"PACIFIC":0}},{"type":"Feature","id":114,"geometry":{"type":"Point","coordinates":[-81.97749218763721,29.014580440549651]},"properties":{"FID":114,"OBJECTID":2888,"GLOBAL_ID":"9558055D-CED0-4FA0-9D12-C149FE7A2B8F","IDENT":"FD79","NAME":"Jordan","LATITUDE":"29-00-52.4700N","LONGITUDE":"081-58-38.9600W","ELEVATION":56,"ICAO_ID":" ","TYPE_CODE":"SP","SERVCITY":"BELLEVIEW","STATE":"FL","COUNTRY":"UNITED STATES","OPERSTATUS":"OPERATIONAL","PRIVATEUSE":1,"IAPEXISTS":0,"DODHIFLIP":0,"FAR91":0,"FAR93":0,"MIL_CODE":"CIVIL","AIRANAL":"CONDITIONAL","US_HIGH":0,"US_LOW":0,"AK_HIGH":0,"AK_LOW":0,"US_AREA":0,"PACIFIC":0}},{"type":"Feature","id":115,"geometry":{"type":"Point","coordinates":[-85.113790089139343,30.487037357921736]},"properties":{"FID":115,"OBJECTID":2889,"GLOBAL_ID":"624789DA-FFA7-4B23-995C-233A3B30CE47","IDENT":"F95","NAME":"Calhoun County","LATITUDE":"30-29-13.3140N","LONGITUDE":"085-06-49.6290W","ELEVATION":121.2,"ICAO_ID":" ","TYPE_CODE":"AD","SERVCITY":"BLOUNTSTOWN","STATE":"FL","COUNTRY":"UNITED STATES","OPERSTATUS":"OPERATIONAL","PRIVATEUSE":0,"IAPEXISTS":0,"DODHIFLIP":0,"FAR91":0,"FAR93":0,"MIL_CODE":"CIVIL","AIRANAL":"CONDITIONAL","US_HIGH":0,"US_LOW":1,"AK_HIGH":0,"AK_LOW":0,"US_AREA":0,"PACIFIC":0}},{"type":"Feature","id":116,"geometry":{"type":"Point","coordinates":[-82.258708863214054,26.742296826696759]},"properties":{"FID":116,"OBJECTID":2890,"GLOBAL_ID":"A3652CDA-99E5-4CEC-82A1-BC4DDF6E1305","IDENT":"5FD6","NAME":"Boca Grande Helistop","LATITUDE":"26-44-32.2510N","LONGITUDE":"082-15-31.3400W","ELEVATION":10,"ICAO_ID":" ","TYPE_CODE":"HP","SERVCITY":"BOCA GRANDE","STATE":"FL","COUNTRY":"UNITED STATES","OPERSTATUS":"OPERATIONAL","PRIVATEUSE":1,"IAPEXISTS":0,"DODHIFLIP":0,"FAR91":0,"FAR93":0,"MIL_CODE":"CIVIL","AIRANAL":"CONDITIONAL","US_HIGH":0,"US_LOW":0,"AK_HIGH":0,"AK_LOW":0,"US_AREA":0,"PACIFIC":0}},{"type":"Feature","id":117,"geometry":{"type":"Point","coordinates":[-80.107699060680602,26.378490397036728]},"properties":{"FID":117,"OBJECTID":2891,"GLOBAL_ID":"F6FD01D5-1BA8-4E8B-ADF4-EA49D6436449","IDENT":"BCT","NAME":"Boca Raton","LATITUDE":"26-22-42.5480N","LONGITUDE":"080-06-27.7070W","ELEVATION":12.9,"ICAO_ID":"KBCT","TYPE_CODE":"AD","SERVCITY":"BOCA RATON","STATE":"FL","COUNTRY":"UNITED STATES","OPERSTATUS":"OPERATIONAL","PRIVATEUSE":0,"IAPEXISTS":1,"DODHIFLIP":0,"FAR91":0,"FAR93":0,"MIL_CODE":"CIVIL","AIRANAL":"NO OBJECTION","US_HIGH":1,"US_LOW":1,"AK_HIGH":0,"AK_LOW":0,"US_AREA":0,"PACIFIC":0}},{"type":"Feature","id":118,"geometry":{"type":"Point","coordinates":[-80.200255476151995,26.356329833402071]},"properties":{"FID":118,"OBJECTID":2892,"GLOBAL_ID":"35FC50DF-7CF7-4C1B-A9C3-671717A9464A","IDENT":"3FD8","NAME":"West Boca Medical Center","LATITUDE":"26-21-22.7700N","LONGITUDE":"080-12-00.9100W","ELEVATION":20,"ICAO_ID":" ","TYPE_CODE":"HP","SERVCITY":"BOCA RATON","STATE":"FL","COUNTRY":"UNITED STATES","OPERSTATUS":"OPERATIONAL","PRIVATEUSE":1,"IAPEXISTS":0,"DODHIFLIP":0,"FAR91":0,"FAR93":0,"MIL_CODE":"CIVIL","AIRANAL":"CONDITIONAL","US_HIGH":0,"US_LOW":0,"AK_HIGH":0,"AK_LOW":0,"US_AREA":0,"PACIFIC":0}},{"type":"Feature","id":119,"geometry":{"type":"Point","coordinates":[-85.601753853853552,30.843891311733614]},"properties":{"FID":119,"OBJECTID":2893,"GLOBAL_ID":"13D5136E-1EAA-4127-AC20-68A7689FD6AB","IDENT":"BCR","NAME":"Tri-County","LATITUDE":"30-50-37.9880N","LONGITUDE":"085-36-06.2980W","ELEVATION":86,"ICAO_ID":"KBCR","TYPE_CODE":"AD","SERVCITY":"BONIFAY","STATE":"FL","COUNTRY":"UNITED STATES","OPERSTATUS":"OPERATIONAL","PRIVATEUSE":0,"IAPEXISTS":1,"DODHIFLIP":0,"FAR91":0,"FAR93":0,"MIL_CODE":"CIVIL","AIRANAL":"CONDITIONAL","US_HIGH":1,"US_LOW":1,"AK_HIGH":0,"AK_LOW":0,"US_AREA":0,"PACIFIC":0}},{"type":"Feature","id":120,"geometry":{"type":"Point","coordinates":[-85.768337787250061,30.77972795798911]},"properties":{"FID":120,"OBJECTID":2894,"GLOBAL_ID":"7552BA2A-F271-4A78-9043-F589EFEF481A","IDENT":"FA55","NAME":"Garner Fld","LATITUDE":"30-46-47.0000N","LONGITUDE":"085-46-06.0000W","ELEVATION":105,"ICAO_ID":" ","TYPE_CODE":"AD","SERVCITY":"BONIFAY","STATE":"FL","COUNTRY":"UNITED STATES","OPERSTATUS":"OPERATIONAL","PRIVATEUSE":1,"IAPEXISTS":0,"DODHIFLIP":0,"FAR91":0,"FAR93":0,"MIL_CODE":"CIVIL","AIRANAL":"CONDITIONAL","US_HIGH":0,"US_LOW":0,"AK_HIGH":0,"AK_LOW":0,"US_AREA":0,"PACIFIC":0}},{"type":"Feature","id":121,"geometry":{"type":"Point","coordinates":[-85.682493318152751,30.761302956628583]},"properties":{"FID":121,"OBJECTID":2895,"GLOBAL_ID":"E2C247C8-9EE9-4B85-B72C-DBB7CC69FD0A","IDENT":"7FD5","NAME":"Doctors Hospital","LATITUDE":"30-45-40.6700N","LONGITUDE":"085-40-56.9600W","ELEVATION":133,"ICAO_ID":" ","TYPE_CODE":"HP","SERVCITY":"BONIFAY","STATE":"FL","COUNTRY":"UNITED STATES","OPERSTATUS":"OPERATIONAL","PRIVATEUSE":1,"IAPEXISTS":0,"DODHIFLIP":0,"FAR91":0,"FAR93":0,"MIL_CODE":"CIVIL","AIRANAL":"CONDITIONAL","US_HIGH":0,"US_LOW":0,"AK_HIGH":0,"AK_LOW":0,"US_AREA":0,"PACIFIC":0}},{"type":"Feature","id":122,"geometry":{"type":"Point","coordinates":[-80.214771040698395,26.548130992255153]},"properties":{"FID":122,"OBJECTID":2896,"GLOBAL_ID":"7E7A424A-2BCA-435A-B86F-91D0D7D19EE3","IDENT":"FA44","NAME":"Willis","LATITUDE":"26-32-53.2540N","LONGITUDE":"080-12-53.1660W","ELEVATION":18,"ICAO_ID":" ","TYPE_CODE":"GL","SERVCITY":"BOYNTON BEACH","STATE":"FL","COUNTRY":"UNITED STATES","OPERSTATUS":"OPERATIONAL","PRIVATEUSE":1,"IAPEXISTS":0,"DODHIFLIP":0,"FAR91":0,"FAR93":0,"MIL_CODE":"CIVIL","AIRANAL":"CONDITIONAL","US_HIGH":0,"US_LOW":0,"AK_HIGH":0,"AK_LOW":0,"US_AREA":0,"PACIFIC":0}},{"type":"Feature","id":123,"geometry":{"type":"Point","coordinates":[-80.070502664290757,26.505293762748806]},"properties":{"FID":123,"OBJECTID":2897,"GLOBAL_ID":"0D2734C9-6475-4E99-9788-C101A6043C3E","IDENT":"88FD","NAME":"Bethesda Meml Hospital","LATITUDE":"26-30-19.0400N","LONGITUDE":"080-04-13.8000W","ELEVATION":55,"ICAO_ID":" ","TYPE_CODE":"HP","SERVCITY":"BOYNTON BEACH","STATE":"FL","COUNTRY":"UNITED STATES","OPERSTATUS":"OPERATIONAL","PRIVATEUSE":1,"IAPEXISTS":0,"DODHIFLIP":0,"FAR91":0,"FAR93":0,"MIL_CODE":"CIVIL","AIRANAL":"CONDITIONAL","US_HIGH":0,"US_LOW":0,"AK_HIGH":0,"AK_LOW":0,"US_AREA":0,"PACIFIC":0}},{"type":"Feature","id":124,"geometry":{"type":"Point","coordinates":[-80.198447146398564,26.529282654894757]},"properties":{"FID":124,"OBJECTID":2898,"GLOBAL_ID":"0B7C7114-9257-47FF-A2D3-1F59E78EC395","IDENT":"FL47","NAME":"Bethesda West Hospital","LATITUDE":"26-31-45.4000N","LONGITUDE":"080-11-54.4000W","ELEVATION":21.300000000000001,"ICAO_ID":" ","TYPE_CODE":"HP","SERVCITY":"BOYNTON BEACH","STATE":"FL","COUNTRY":"UNITED STATES","OPERSTATUS":"OPERATIONAL","PRIVATEUSE":1,"IAPEXISTS":0,"DODHIFLIP":0,"FAR91":0,"FAR93":0,"MIL_CODE":"CIVIL","AIRANAL":"CONDITIONAL","US_HIGH":0,"US_LOW":0,"AK_HIGH":0,"AK_LOW":0,"US_AREA":0,"PACIFIC":0}},{"type":"Feature","id":125,"geometry":{"type":"Point","coordinates":[-81.252816993016211,29.469150012543366]},"properties":{"FID":125,"OBJECTID":2899,"GLOBAL_ID":"E4ED3A08-8FDB-4B43-AE98-4153A73C1F63","IDENT":"1FD8","NAME":"Meml Hospital-Flagler Helistop","LATITUDE":"29-28-08.9200N","LONGITUDE":"081-15-10.1300W","ELEVATION":23,"ICAO_ID":" ","TYPE_CODE":"HP","SERVCITY":"PALM COAST","STATE":"FL","COUNTRY":"UNITED STATES","OPERSTATUS":"OPERATIONAL","PRIVATEUSE":1,"IAPEXISTS":0,"DODHIFLIP":0,"FAR91":0,"FAR93":0,"MIL_CODE":"CIVIL","AIRANAL":"CONDITIONAL","US_HIGH":0,"US_LOW":0,"AK_HIGH":0,"AK_LOW":0,"US_AREA":0,"PACIFIC":0}},{"type":"Feature","id":126,"geometry":{"type":"Point","coordinates":[-81.244308657605529,29.471144458252581]},"properties":{"FID":126,"OBJECTID":2900,"GLOBAL_ID":"E6D6D3D6-9B82-4F12-B199-FD45E95DE682","IDENT":"5FD4","NAME":"Flagler County Emergency Opns Center","LATITUDE":"29-28-16.1000N","LONGITUDE":"081-14-39.5000W","ELEVATION":31,"ICAO_ID":" ","TYPE_CODE":"HP","SERVCITY":"BUNNELL","STATE":"FL","COUNTRY":"UNITED STATES","OPERSTATUS":"OPERATIONAL","PRIVATEUSE":1,"IAPEXISTS":0,"DODHIFLIP":0,"FAR91":0,"FAR93":0,"MIL_CODE":"CIVIL","AIRANAL":"CONDITIONAL","US_HIGH":0,"US_LOW":0,"AK_HIGH":0,"AK_LOW":0,"US_AREA":0,"PACIFIC":0}},{"type":"Feature","id":127,"geometry":{"type":"Point","coordinates":[-82.087309985539605,28.671108966603015]},"properties":{"FID":127,"OBJECTID":2901,"GLOBAL_ID":"99E27464-57B4-4882-82EC-C21AA3CD85B7","IDENT":"09FD","NAME":"Cheryl-Lane Landings","LATITUDE":"28-40-15.9730N","LONGITUDE":"082-05-14.3040W","ELEVATION":71,"ICAO_ID":" ","TYPE_CODE":"AD","SERVCITY":"BUSHNELL","STATE":"FL","COUNTRY":"UNITED STATES","OPERSTATUS":"OPERATIONAL","PRIVATEUSE":1,"IAPEXISTS":0,"DODHIFLIP":0,"FAR91":0,"FAR93":0,"MIL_CODE":"CIVIL","AIRANAL":"CONDITIONAL","US_HIGH":0,"US_LOW":0,"AK_HIGH":0,"AK_LOW":0,"US_AREA":0,"PACIFIC":0}},{"type":"Feature","id":128,"geometry":{"type":"Point","coordinates":[-82.157781115610419,28.631949788354177]},"properties":{"FID":128,"OBJECTID":2902,"GLOBAL_ID":"34E1F6CB-9F73-418F-B8DA-5557E872663B","IDENT":"25FL","NAME":"Connells Wahoo","LATITUDE":"28-37-55.0000N","LONGITUDE":"082-09-28.0000W","ELEVATION":65,"ICAO_ID":" ","TYPE_CODE":"AD","SERVCITY":"BUSHNELL","STATE":"FL","COUNTRY":"UNITED STATES","OPERSTATUS":"OPERATIONAL","PRIVATEUSE":1,"IAPEXISTS":0,"DODHIFLIP":0,"FAR91":0,"FAR93":0,"MIL_CODE":"CIVIL","AIRANAL":"CONDITIONAL","US_HIGH":0,"US_LOW":0,"AK_HIGH":0,"AK_LOW":0,"US_AREA":0,"PACIFIC":0}},{"type":"Feature","id":129,"geometry":{"type":"Point","coordinates":[-82.14981083404092,28.594999502719759]},"properties":{"FID":129,"OBJECTID":2903,"GLOBAL_ID":"4D301696-EF24-499E-BAD5-C9C378A11188","IDENT":"4FL2","NAME":"Ko-Kee","LATITUDE":"28-35-41.9790N","LONGITUDE":"082-08-59.3070W","ELEVATION":72,"ICAO_ID":" ","TYPE_CODE":"AD","SERVCITY":"BUSHNELL","STATE":"FL","COUNTRY":"UNITED STATES","OPERSTATUS":"INDEFINITE","PRIVATEUSE":1,"IAPEXISTS":0,"DODHIFLIP":0,"FAR91":0,"FAR93":0,"MIL_CODE":"CIVIL","AIRANAL":"CONDITIONAL","US_HIGH":0,"US_LOW":0,"AK_HIGH":0,"AK_LOW":0,"US_AREA":0,"PACIFIC":0}},{"type":"Feature","id":130,"geometry":{"type":"Point","coordinates":[-82.157590006325393,28.683607578717385]},"properties":{"FID":130,"OBJECTID":2904,"GLOBAL_ID":"580E8685-696D-40F2-9471-32B89FEACF34","IDENT":"9FL1","NAME":"Flying W Airranch","LATITUDE":"28-41-00.9680N","LONGITUDE":"082-09-27.3120W","ELEVATION":58,"ICAO_ID":" ","TYPE_CODE":"AD","SERVCITY":"BUSHNELL","STATE":"FL","COUNTRY":"UNITED STATES","OPERSTATUS":"OPERATIONAL","PRIVATEUSE":1,"IAPEXISTS":0,"DODHIFLIP":0,"FAR91":0,"FAR93":0,"MIL_CODE":"CIVIL","AIRANAL":"CONDITIONAL","US_HIGH":0,"US_LOW":0,"AK_HIGH":0,"AK_LOW":0,"US_AREA":0,"PACIFIC":0}},{"type":"Feature","id":131,"geometry":{"type":"Point","coordinates":[-82.218978355792899,28.645552567978314]},"properties":{"FID":131,"OBJECTID":2905,"GLOBAL_ID":"82E4DA2E-A8C3-4719-895A-064C646AF210","IDENT":"00FA","NAME":"Grass Patch","LATITUDE":"28-38-43.9700N","LONGITUDE":"082-13-08.3100W","ELEVATION":53,"ICAO_ID":" ","TYPE_CODE":"AD","SERVCITY":"BUSHNELL","STATE":"FL","COUNTRY":"UNITED STATES","OPERSTATUS":"OPERATIONAL","PRIVATEUSE":1,"IAPEXISTS":0,"DODHIFLIP":0,"FAR91":0,"FAR93":0,"MIL_CODE":"CIVIL","AIRANAL":"CONDITIONAL","US_HIGH":0,"US_LOW":1,"AK_HIGH":0,"AK_LOW":0,"US_AREA":0,"PACIFIC":0}},{"type":"Feature","id":132,"geometry":{"type":"Point","coordinates":[-81.979864444644363,29.951950105898732]},"properties":{"FID":132,"OBJECTID":2906,"GLOBAL_ID":"9BEC4C6A-0266-4DB4-AEE0-BB8930F0551B","IDENT":"2CB","NAME":"Camp Blanding AAF (Camp Blanding Mil Reservation)","LATITUDE":"29-57-07.0000N","LONGITUDE":"081-58-47.5000W","ELEVATION":196,"ICAO_ID":" ","TYPE_CODE":"AD","SERVCITY":"CAMP BLANDING MIL RES (STARKE)","STATE":"FL","COUNTRY":"UNITED STATES","OPERSTATUS":"OPERATIONAL","PRIVATEUSE":1,"IAPEXISTS":0,"DODHIFLIP":0,"FAR91":0,"FAR93":0,"MIL_CODE":"MIL","AIRANAL":"NOT ANALYZED","US_HIGH":0,"US_LOW":0,"AK_HIGH":0,"AK_LOW":0,"US_AREA":0,"PACIFIC":0}},{"type":"Feature","id":133,"geometry":{"type":"Point","coordinates":[-81.941479879559665,26.638410975383351]},"properties":{"FID":133,"OBJECTID":2907,"GLOBAL_ID":"0DCCC643-A1F8-4FB8-A9AC-A6891B3C1ECB","IDENT":"FD66","NAME":"Cape Coral Hospital","LATITUDE":"26-38-18.2620N","LONGITUDE":"081-56-29.3160W","ELEVATION":11,"ICAO_ID":" ","TYPE_CODE":"HP","SERVCITY":"CAPE CORAL","STATE":"FL","COUNTRY":"UNITED STATES","OPERSTATUS":"OPERATIONAL","PRIVATEUSE":1,"IAPEXISTS":0,"DODHIFLIP":0,"FAR91":0,"FAR93":0,"MIL_CODE":"CIVIL","AIRANAL":"CONDITIONAL","US_HIGH":0,"US_LOW":0,"AK_HIGH":0,"AK_LOW":0,"US_AREA":0,"PACIFIC":0}},{"type":"Feature","id":134,"geometry":{"type":"Point","coordinates":[-82.134581047302675,26.670574311876919]},"properties":{"FID":134,"OBJECTID":2908,"GLOBAL_ID":"D65DB22A-8A7C-403A-859A-FB9FFA73AEE7","IDENT":"5FD8","NAME":"Bokeelia Helistop","LATITUDE":"26-40-14.0500N","LONGITUDE":"082-08-04.4800W","ELEVATION":10,"ICAO_ID":" ","TYPE_CODE":"HP","SERVCITY":"CAPE CORAL","STATE":"FL","COUNTRY":"UNITED STATES","OPERSTATUS":"OPERATIONAL","PRIVATEUSE":1,"IAPEXISTS":0,"DODHIFLIP":0,"FAR91":0,"FAR93":0,"MIL_CODE":"CIVIL","AIRANAL":"CONDITIONAL","US_HIGH":0,"US_LOW":0,"AK_HIGH":0,"AK_LOW":0,"US_AREA":0,"PACIFIC":0}},{"type":"Feature","id":135,"geometry":{"type":"Point","coordinates":[-82.084975472423366,26.510788162483266]},"properties":{"FID":135,"OBJECTID":2909,"GLOBAL_ID":"FE9E785F-4798-4088-943B-2FE61E3AD678","IDENT":"5FD9","NAME":"St James Helistop","LATITUDE":"26-30-38.8200N","LONGITUDE":"082-05-05.9000W","ELEVATION":6,"ICAO_ID":" ","TYPE_CODE":"HP","SERVCITY":"CAPE CORAL","STATE":"FL","COUNTRY":"UNITED STATES","OPERSTATUS":"OPERATIONAL","PRIVATEUSE":1,"IAPEXISTS":0,"DODHIFLIP":0,"FAR91":0,"FAR93":0,"MIL_CODE":"CIVIL","AIRANAL":"CONDITIONAL","US_HIGH":0,"US_LOW":0,"AK_HIGH":0,"AK_LOW":0,"US_AREA":0,"PACIFIC":0}},{"type":"Feature","id":136,"geometry":{"type":"Point","coordinates":[-84.701115223546196,29.842005556449976]},"properties":{"FID":136,"OBJECTID":2910,"GLOBAL_ID":"27DD3D5B-585D-44FF-9989-A3D779E6B1D7","IDENT":"X13","NAME":"Carrabelle-Thompson","LATITUDE":"29-50-31.2000N","LONGITUDE":"084-42-04.0000W","ELEVATION":20,"ICAO_ID":" ","TYPE_CODE":"AD","SERVCITY":"CARRABELLE","STATE":"FL","COUNTRY":"UNITED STATES","OPERSTATUS":"OPERATIONAL","PRIVATEUSE":0,"IAPEXISTS":0,"DODHIFLIP":0,"FAR91":0,"FAR93":0,"MIL_CODE":"CIVIL","AIRANAL":"NOT ANALYZED","US_HIGH":0,"US_LOW":1,"AK_HIGH":0,"AK_LOW":0,"US_AREA":0,"PACIFIC":0}},{"type":"Feature","id":137,"geometry":{"type":"Point","coordinates":[-84.595738803207723,29.8085494409018]},"properties":{"FID":137,"OBJECTID":2911,"GLOBAL_ID":"BA236B36-F564-4CB1-89AF-48396277B8C7","IDENT":"FA43","NAME":"Dog Island","LATITUDE":"29-48-30.7580N","LONGITUDE":"084-35-44.6450W","ELEVATION":4,"ICAO_ID":" ","TYPE_CODE":"AD","SERVCITY":"CARRABELLE","STATE":"FL","COUNTRY":"UNITED STATES","OPERSTATUS":"OPERATIONAL","PRIVATEUSE":1,"IAPEXISTS":0,"DODHIFLIP":0,"FAR91":0,"FAR93":0,"MIL_CODE":"CIVIL","AIRANAL":"NOT ANALYZED","US_HIGH":0,"US_LOW":0,"AK_HIGH":0,"AK_LOW":0,"US_AREA":0,"PACIFIC":0}},{"type":"Feature","id":138,"geometry":{"type":"Point","coordinates":[-85.755126668699802,30.691322383606632]},"properties":{"FID":138,"OBJECTID":2912,"GLOBAL_ID":"CCC38BFC-9A64-4DEA-BAEE-1461CAE14514","IDENT":"FL04","NAME":"Pate Lake","LATITUDE":"30-41-28.7400N","LONGITUDE":"085-45-18.4400W","ELEVATION":90,"ICAO_ID":" ","TYPE_CODE":"SP","SERVCITY":"CARYVILLE","STATE":"FL","COUNTRY":"UNITED STATES","OPERSTATUS":"OPERATIONAL","PRIVATEUSE":1,"IAPEXISTS":0,"DODHIFLIP":0,"FAR91":0,"FAR93":0,"MIL_CODE":"CIVIL","AIRANAL":"CONDITIONAL","US_HIGH":0,"US_LOW":0,"AK_HIGH":0,"AK_LOW":0,"US_AREA":0,"PACIFIC":0}},{"type":"Feature","id":139,"geometry":{"type":"Point","coordinates":[-82.058149723941597,29.375256079920803]},"properties":{"FID":139,"OBJECTID":2913,"GLOBAL_ID":"0AC1C868-2BA2-4A42-B246-8C4721F42360","IDENT":"FD14","NAME":"Paniola Air Ranch","LATITUDE":"29-22-30.9020N","LONGITUDE":"082-03-29.3270W","ELEVATION":140,"ICAO_ID":" ","TYPE_CODE":"AD","SERVCITY":"CITRA","STATE":"FL","COUNTRY":"UNITED STATES","OPERSTATUS":"OPERATIONAL","PRIVATEUSE":1,"IAPEXISTS":0,"DODHIFLIP":0,"FAR91":0,"FAR93":0,"MIL_CODE":"CIVIL","AIRANAL":"CONDITIONAL","US_HIGH":0,"US_LOW":0,"AK_HIGH":0,"AK_LOW":0,"US_AREA":0,"PACIFIC":0}},{"type":"Feature","id":140,"geometry":{"type":"Point","coordinates":[-85.177146773187815,30.464089294741711]},"properties":{"FID":140,"OBJECTID":2914,"GLOBAL_ID":"12368B80-9926-44E3-8CA2-1C089AEE3BF7","IDENT":"74FD","NAME":"Clarksville","LATITUDE":"30-27-50.7010N","LONGITUDE":"085-10-37.7130W","ELEVATION":90,"ICAO_ID":" ","TYPE_CODE":"AD","SERVCITY":"CLARKSVILLE","STATE":"FL","COUNTRY":"UNITED STATES","OPERSTATUS":"OPERATIONAL","PRIVATEUSE":1,"IAPEXISTS":0,"DODHIFLIP":0,"FAR91":0,"FAR93":0,"MIL_CODE":"CIVIL","AIRANAL":"CONDITIONAL","US_HIGH":0,"US_LOW":0,"AK_HIGH":0,"AK_LOW":0,"US_AREA":0,"PACIFIC":0}},{"type":"Feature","id":141,"geometry":{"type":"Point","coordinates":[-85.28881485956839,30.4321445620144]},"properties":{"FID":141,"OBJECTID":2915,"GLOBAL_ID":"86F92CFA-51F2-4E1F-89F6-3E3386180C00","IDENT":"5FD1","NAME":"Ron Wood","LATITUDE":"30-25-55.7000N","LONGITUDE":"085-17-19.7180W","ELEVATION":140,"ICAO_ID":" ","TYPE_CODE":"AD","SERVCITY":"CLARKSVILLE","STATE":"FL","COUNTRY":"UNITED STATES","OPERSTATUS":"OPERATIONAL","PRIVATEUSE":1,"IAPEXISTS":0,"DODHIFLIP":0,"FAR91":0,"FAR93":0,"MIL_CODE":"CIVIL","AIRANAL":"CONDITIONAL","US_HIGH":0,"US_LOW":0,"AK_HIGH":0,"AK_LOW":0,"US_AREA":0,"PACIFIC":0}},{"type":"Feature","id":142,"geometry":{"type":"Point","coordinates":[-82.759060433412174,27.977219060432901]},"properties":{"FID":142,"OBJECTID":2916,"GLOBAL_ID":"E4E04B92-A65E-4C1F-981C-5367E2170401","IDENT":"CLW","NAME":"Clearwater Exec","LATITUDE":"27-58-37.9700N","LONGITUDE":"082-45-32.6050W","ELEVATION":71,"ICAO_ID":"KCLW","TYPE_CODE":"AD","SERVCITY":"CLEARWATER","STATE":"FL","COUNTRY":"UNITED STATES","OPERSTATUS":"OPERATIONAL","PRIVATEUSE":0,"IAPEXISTS":1,"DODHIFLIP":0,"FAR91":0,"FAR93":0,"MIL_CODE":"CIVIL","AIRANAL":"CONDITIONAL","US_HIGH":0,"US_LOW":1,"AK_HIGH":0,"AK_LOW":0,"US_AREA":0,"PACIFIC":0}},{"type":"Feature","id":143,"geometry":{"type":"Point","coordinates":[-82.806247946232816,27.953549608521882]},"properties":{"FID":143,"OBJECTID":2917,"GLOBAL_ID":"63E183ED-7884-40FF-BEC7-BE37AF4D261E","IDENT":"06FL","NAME":"Morton Plant Hospital","LATITUDE":"27-57-12.7600N","LONGITUDE":"082-48-22.4800W","ELEVATION":3,"ICAO_ID":" ","TYPE_CODE":"HP","SERVCITY":"CLEARWATER","STATE":"FL","COUNTRY":"UNITED STATES","OPERSTATUS":"OPERATIONAL","PRIVATEUSE":1,"IAPEXISTS":0,"DODHIFLIP":0,"FAR91":0,"FAR93":0,"MIL_CODE":"CIVIL","AIRANAL":"CONDITIONAL","US_HIGH":0,"US_LOW":0,"AK_HIGH":0,"AK_LOW":0,"US_AREA":0,"PACIFIC":0}},{"type":"Feature","id":144,"geometry":{"type":"Point","coordinates":[-81.800281007789749,28.50861643522228]},"properties":{"FID":144,"OBJECTID":2918,"GLOBAL_ID":"EEA623D4-57F7-42C2-AE57-C26B095B1036","IDENT":"21FL","NAME":"Kings Fld","LATITUDE":"28-30-31.0000N","LONGITUDE":"081-48-01.0000W","ELEVATION":98,"ICAO_ID":" ","TYPE_CODE":"AD","SERVCITY":"CLERMONT","STATE":"FL","COUNTRY":"UNITED STATES","OPERSTATUS":"OPERATIONAL","PRIVATEUSE":1,"IAPEXISTS":0,"DODHIFLIP":0,"FAR91":0,"FAR93":0,"MIL_CODE":"CIVIL","AIRANAL":"CONDITIONAL","US_HIGH":0,"US_LOW":0,"AK_HIGH":0,"AK_LOW":0,"US_AREA":0,"PACIFIC":0}},{"type":"Feature","id":145,"geometry":{"type":"Point","coordinates":[-81.175711325456803,26.708043788295925]},"properties":{"FID":145,"OBJECTID":2919,"GLOBAL_ID":"03B74257-55B1-4069-AD74-A385E28B2AF2","IDENT":"0FL0","NAME":"Harpers Fly-In Ranch","LATITUDE":"26-42-28.9400N","LONGITUDE":"081-10-32.5500W","ELEVATION":22,"ICAO_ID":" ","TYPE_CODE":"AD","SERVCITY":"CLEWISTON","STATE":"FL","COUNTRY":"UNITED STATES","OPERSTATUS":"OPERATIONAL","PRIVATEUSE":1,"IAPEXISTS":0,"DODHIFLIP":0,"FAR91":0,"FAR93":0,"MIL_CODE":"CIVIL","AIRANAL":"CONDITIONAL","US_HIGH":0,"US_LOW":0,"AK_HIGH":0,"AK_LOW":0,"US_AREA":0,"PACIFIC":0}},{"type":"Feature","id":146,"geometry":{"type":"Point","coordinates":[-81.023058495225484,26.393893713439184]},"properties":{"FID":146,"OBJECTID":2920,"GLOBAL_ID":"686C24FD-4E13-4B18-B7F7-082D576CC968","IDENT":"0FL9","NAME":"Mc Daniel Ranch Inc","LATITUDE":"26-23-38.0000N","LONGITUDE":"081-01-23.0000W","ELEVATION":18,"ICAO_ID":" ","TYPE_CODE":"AD","SERVCITY":"CLEWISTON","STATE":"FL","COUNTRY":"UNITED STATES","OPERSTATUS":"OPERATIONAL","PRIVATEUSE":1,"IAPEXISTS":0,"DODHIFLIP":0,"FAR91":0,"FAR93":0,"MIL_CODE":"CIVIL","AIRANAL":"CONDITIONAL","US_HIGH":0,"US_LOW":0,"AK_HIGH":0,"AK_LOW":0,"US_AREA":0,"PACIFIC":0}},{"type":"Feature","id":147,"geometry":{"type":"Point","coordinates":[-81.051062956972885,26.735175741912144]},"properties":{"FID":147,"OBJECTID":2921,"GLOBAL_ID":"DF29D18E-B340-4FB8-BC0F-1C5D79545224","IDENT":"2IS","NAME":"Airglades","LATITUDE":"26-44-06.6150N","LONGITUDE":"081-03-03.8160W","ELEVATION":20.199999999999999,"ICAO_ID":" ","TYPE_CODE":"AD","SERVCITY":"CLEWISTON","STATE":"FL","COUNTRY":"UNITED STATES","OPERSTATUS":"OPERATIONAL","PRIVATEUSE":0,"IAPEXISTS":1,"DODHIFLIP":0,"FAR91":0,"FAR93":0,"MIL_CODE":"CIVIL","AIRANAL":"CONDITIONAL","US_HIGH":1,"US_LOW":1,"AK_HIGH":0,"AK_LOW":0,"US_AREA":0,"PACIFIC":0}},{"type":"Feature","id":148,"geometry":{"type":"Point","coordinates":[-80.722364024818773,28.447505337519317]},"properties":{"FID":148,"OBJECTID":2922,"GLOBAL_ID":"23460EA2-29E8-400E-A28C-5712ACCB3DC3","IDENT":"FA13","NAME":"Treasure Lagoon","LATITUDE":"28-26-51.0000N","LONGITUDE":"080-43-20.5000W","ELEVATION":0,"ICAO_ID":" ","TYPE_CODE":"SP","SERVCITY":"COCOA","STATE":"FL","COUNTRY":"UNITED STATES","OPERSTATUS":"OPERATIONAL","PRIVATEUSE":1,"IAPEXISTS":0,"DODHIFLIP":0,"FAR91":0,"FAR93":0,"MIL_CODE":"CIVIL","AIRANAL":"CONDITIONAL","US_HIGH":0,"US_LOW":0,"AK_HIGH":0,"AK_LOW":0,"US_AREA":0,"PACIFIC":0}},{"type":"Feature","id":149,"geometry":{"type":"Point","coordinates":[-83.104753647215773,29.635533333452145]},"properties":{"FID":149,"OBJECTID":2923,"GLOBAL_ID":"D5EDBED6-70D6-44AA-B02F-8EEC8F59C8FD","IDENT":"CTY","NAME":"Cross City","LATITUDE":"29-38-07.9000N","LONGITUDE":"083-06-17.1000W","ELEVATION":42.100000000000001,"ICAO_ID":"KCTY","TYPE_CODE":"AD","SERVCITY":"CROSS CITY","STATE":"FL","COUNTRY":"UNITED STATES","OPERSTATUS":"OPERATIONAL","PRIVATEUSE":0,"IAPEXISTS":1,"DODHIFLIP":0,"FAR91":0,"FAR93":0,"MIL_CODE":"CIVIL","AIRANAL":"NO OBJECTION","US_HIGH":1,"US_LOW":1,"AK_HIGH":0,"AK_LOW":0,"US_AREA":0,"PACIFIC":0}},{"type":"Feature","id":150,"geometry":{"type":"Point","coordinates":[-82.158764478510477,29.467947210003274]},"properties":{"FID":150,"OBJECTID":2924,"GLOBAL_ID":"C94FC0C3-FD88-488A-B380-3181F915FFCF","IDENT":"35FA","NAME":"Rimes Lakecrest","LATITUDE":"29-28-04.5900N","LONGITUDE":"082-09-31.5400W","ELEVATION":65,"ICAO_ID":" ","TYPE_CODE":"AD","SERVCITY":"CROSS CREEK","STATE":"FL","COUNTRY":"UNITED STATES","OPERSTATUS":"OPERATIONAL","PRIVATEUSE":1,"IAPEXISTS":0,"DODHIFLIP":0,"FAR91":0,"FAR93":0,"MIL_CODE":"CIVIL","AIRANAL":"CONDITIONAL","US_HIGH":0,"US_LOW":0,"AK_HIGH":0,"AK_LOW":0,"US_AREA":0,"PACIFIC":0}},{"type":"Feature","id":151,"geometry":{"type":"Point","coordinates":[-82.574114577178761,28.867616500357826]},"properties":{"FID":151,"OBJECTID":2925,"GLOBAL_ID":"D3F14CD8-04A7-4E99-B301-DDA39A880F3F","IDENT":"CGC","NAME":"Crystal River/Davis Fld","LATITUDE":"28-52-03.4000N","LONGITUDE":"082-34-26.8000W","ELEVATION":8.9000000000000004,"ICAO_ID":"KCGC","TYPE_CODE":"AD","SERVCITY":"CRYSTAL RIVER","STATE":"FL","COUNTRY":"UNITED STATES","OPERSTATUS":"OPERATIONAL","PRIVATEUSE":0,"IAPEXISTS":1,"DODHIFLIP":0,"FAR91":0,"FAR93":0,"MIL_CODE":"CIVIL","AIRANAL":"CONDITIONAL","US_HIGH":0,"US_LOW":1,"AK_HIGH":0,"AK_LOW":0,"US_AREA":0,"PACIFIC":0}},{"type":"Feature","id":152,"geometry":{"type":"Point","coordinates":[-82.554547909342034,29.004074866287056]},"properties":{"FID":152,"OBJECTID":2926,"GLOBAL_ID":"93C92BE3-0BA6-42D2-85E4-111C942868FE","IDENT":"66FD","NAME":"J R's","LATITUDE":"29-00-14.6500N","LONGITUDE":"082-33-16.3600W","ELEVATION":50,"ICAO_ID":" ","TYPE_CODE":"AD","SERVCITY":"CRYSTAL RIVER","STATE":"FL","COUNTRY":"UNITED STATES","OPERSTATUS":"OPERATIONAL","PRIVATEUSE":1,"IAPEXISTS":0,"DODHIFLIP":0,"FAR91":0,"FAR93":0,"MIL_CODE":"CIVIL","AIRANAL":"CONDITIONAL","US_HIGH":0,"US_LOW":0,"AK_HIGH":0,"AK_LOW":0,"US_AREA":0,"PACIFIC":0}},{"type":"Feature","id":153,"geometry":{"type":"Point","coordinates":[-82.692900725714821,28.959441518911149]},"properties":{"FID":153,"OBJECTID":2927,"GLOBAL_ID":"71D0953F-3F6E-4DA2-9127-9575C68D8368","IDENT":"6FD1","NAME":"Crystal River Power Plant","LATITUDE":"28-57-33.9700N","LONGITUDE":"082-41-34.4300W","ELEVATION":15,"ICAO_ID":" ","TYPE_CODE":"HP","SERVCITY":"CRYSTAL RIVER","STATE":"FL","COUNTRY":"UNITED STATES","OPERSTATUS":"OPERATIONAL","PRIVATEUSE":1,"IAPEXISTS":0,"DODHIFLIP":0,"FAR91":0,"FAR93":0,"MIL_CODE":"CIVIL","AIRANAL":"CONDITIONAL","US_HIGH":0,"US_LOW":0,"AK_HIGH":0,"AK_LOW":0,"US_AREA":0,"PACIFIC":0}},{"type":"Feature","id":154,"geometry":{"type":"Point","coordinates":[-82.552603181520169,28.854930386926981]},"properties":{"FID":154,"OBJECTID":2928,"GLOBAL_ID":"72415BE0-FBB9-4B52-8B75-DC5D5A2326DA","IDENT":"1FA1","NAME":"Post Oak Ranch","LATITUDE":"28-51-17.7300N","LONGITUDE":"082-33-09.3590W","ELEVATION":25,"ICAO_ID":" ","TYPE_CODE":"AD","SERVCITY":"CRYSTAL RIVER","STATE":"FL","COUNTRY":"UNITED STATES","OPERSTATUS":"OPERATIONAL","PRIVATEUSE":1,"IAPEXISTS":0,"DODHIFLIP":0,"FAR91":0,"FAR93":0,"MIL_CODE":"CIVIL","AIRANAL":"NOT ANALYZED","US_HIGH":0,"US_LOW":0,"AK_HIGH":0,"AK_LOW":0,"US_AREA":0,"PACIFIC":0}},{"type":"Feature","id":155,"geometry":{"type":"Point","coordinates":[-85.083455977326821,30.672589261813471]},"properties":{"FID":155,"OBJECTID":2929,"GLOBAL_ID":"7B395380-8F31-49C7-A2DB-6D9DAD7FD311","IDENT":"2FL3","NAME":"Folsom","LATITUDE":"30-40-21.3007N","LONGITUDE":"085-05-00.4262W","ELEVATION":155,"ICAO_ID":" ","TYPE_CODE":"AD","SERVCITY":"CYPRESS","STATE":"FL","COUNTRY":"UNITED STATES","OPERSTATUS":"OPERATIONAL","PRIVATEUSE":1,"IAPEXISTS":0,"DODHIFLIP":0,"FAR91":0,"FAR93":0,"MIL_CODE":"CIVIL","AIRANAL":"CONDITIONAL","US_HIGH":0,"US_LOW":0,"AK_HIGH":0,"AK_LOW":0,"US_AREA":0,"PACIFIC":0}},{"type":"Feature","id":156,"geometry":{"type":"Point","coordinates":[-82.215003348110145,28.453338633037447]},"properties":{"FID":156,"OBJECTID":2930,"GLOBAL_ID":"7F9A58A8-E80D-4BDD-BAA7-306F7D104D50","IDENT":"FD53","NAME":"Cub Haven","LATITUDE":"28-27-12.0000N","LONGITUDE":"082-12-54.0000W","ELEVATION":70,"ICAO_ID":" ","TYPE_CODE":"AD","SERVCITY":"DADE CITY","STATE":"FL","COUNTRY":"UNITED STATES","OPERSTATUS":"OPERATIONAL","PRIVATEUSE":1,"IAPEXISTS":0,"DODHIFLIP":0,"FAR91":0,"FAR93":0,"MIL_CODE":"CIVIL","AIRANAL":"CONDITIONAL","US_HIGH":0,"US_LOW":0,"AK_HIGH":0,"AK_LOW":0,"US_AREA":0,"PACIFIC":0}},{"type":"Feature","id":157,"geometry":{"type":"Point","coordinates":[-82.20778112399222,28.452505300027553]},"properties":{"FID":157,"OBJECTID":2931,"GLOBAL_ID":"7AD6128D-5711-4BD8-B0CC-2D1DDDECF645","IDENT":"3FL1","NAME":"Two J's Flying Ranch","LATITUDE":"28-27-09.0000N","LONGITUDE":"082-12-28.0000W","ELEVATION":60,"ICAO_ID":" ","TYPE_CODE":"AD","SERVCITY":"DADE CITY","STATE":"FL","COUNTRY":"UNITED STATES","OPERSTATUS":"OPERATIONAL","PRIVATEUSE":1,"IAPEXISTS":0,"DODHIFLIP":0,"FAR91":0,"FAR93":0,"MIL_CODE":"CIVIL","AIRANAL":"CONDITIONAL","US_HIGH":0,"US_LOW":0,"AK_HIGH":0,"AK_LOW":0,"US_AREA":0,"PACIFIC":0}},{"type":"Feature","id":158,"geometry":{"type":"Point","coordinates":[-82.223420016190232,28.413060846148767]},"properties":{"FID":158,"OBJECTID":2932,"GLOBAL_ID":"31587893-45C5-4841-8FB8-7257EF7E1418","IDENT":"5FL0","NAME":"Dusty Airpatch","LATITUDE":"28-24-47.0000N","LONGITUDE":"082-13-24.3000W","ELEVATION":120,"ICAO_ID":" ","TYPE_CODE":"AD","SERVCITY":"DADE CITY","STATE":"FL","COUNTRY":"UNITED STATES","OPERSTATUS":"OPERATIONAL","PRIVATEUSE":1,"IAPEXISTS":0,"DODHIFLIP":0,"FAR91":0,"FAR93":0,"MIL_CODE":"CIVIL","AIRANAL":"CONDITIONAL","US_HIGH":0,"US_LOW":0,"AK_HIGH":0,"AK_LOW":0,"US_AREA":0,"PACIFIC":0}},{"type":"Feature","id":159,"geometry":{"type":"Point","coordinates":[-80.252705484063313,26.081979763095887]},"properties":{"FID":159,"OBJECTID":2933,"GLOBAL_ID":"96E25641-C08E-490D-BC6B-5E448BB08E0A","IDENT":"FL69","NAME":"Nsu Grande Oaks Golf Club LLC","LATITUDE":"26-04-55.1100N","LONGITUDE":"080-15-09.7300W","ELEVATION":5,"ICAO_ID":" ","TYPE_CODE":"HP","SERVCITY":"DAVIE","STATE":"FL","COUNTRY":"UNITED STATES","OPERSTATUS":"OPERATIONAL","PRIVATEUSE":1,"IAPEXISTS":0,"DODHIFLIP":0,"FAR91":0,"FAR93":0,"MIL_CODE":"CIVIL","AIRANAL":"CONDITIONAL","US_HIGH":0,"US_LOW":0,"AK_HIGH":0,"AK_LOW":0,"US_AREA":0,"PACIFIC":0}},{"type":"Feature","id":160,"geometry":{"type":"Point","coordinates":[-83.309048171762129,30.196230679694565]},"properties":{"FID":160,"OBJECTID":2934,"GLOBAL_ID":"E07E70EB-0BDF-476B-843E-F49FB31F549F","IDENT":"9FD7","NAME":"Fort Atkinson Plantation Airpark","LATITUDE":"30-11-46.4100N","LONGITUDE":"083-18-32.5600W","ELEVATION":90,"ICAO_ID":" ","TYPE_CODE":"AD","SERVCITY":"DAY","STATE":"FL","COUNTRY":"UNITED STATES","OPERSTATUS":"INDEFINITE","PRIVATEUSE":1,"IAPEXISTS":0,"DODHIFLIP":0,"FAR91":0,"FAR93":0,"MIL_CODE":"CIVIL","AIRANAL":"CONDITIONAL","US_HIGH":0,"US_LOW":1,"AK_HIGH":0,"AK_LOW":0,"US_AREA":0,"PACIFIC":0}},{"type":"Feature","id":161,"geometry":{"type":"Point","coordinates":[-81.058045258847301,29.179914393969739]},"properties":{"FID":161,"OBJECTID":2935,"GLOBAL_ID":"7005287A-7ADE-4969-A74E-C3795A8F93E3","IDENT":"DAB","NAME":"Daytona Beach Intl","LATITUDE":"29-10-47.6720N","LONGITUDE":"081-03-28.9520W","ELEVATION":34.200000000000003,"ICAO_ID":"KDAB","TYPE_CODE":"AD","SERVCITY":"DAYTONA BEACH","STATE":"FL","COUNTRY":"UNITED STATES","OPERSTATUS":"OPERATIONAL","PRIVATEUSE":0,"IAPEXISTS":1,"DODHIFLIP":0,"FAR91":0,"FAR93":0,"MIL_CODE":"CIVIL","AIRANAL":"NO OBJECTION","US_HIGH":1,"US_LOW":1,"AK_HIGH":0,"AK_LOW":0,"US_AREA":0,"PACIFIC":0}},{"type":"Feature","id":162,"geometry":{"type":"Point","coordinates":[-81.317841996885534,29.04463602160223]},"properties":{"FID":162,"OBJECTID":2936,"GLOBAL_ID":"DBCF1599-1509-4825-9CEE-80B7C692435D","IDENT":"2FD9","NAME":"Advent Health Deland","LATITUDE":"29-02-40.6700N","LONGITUDE":"081-19-04.2200W","ELEVATION":78,"ICAO_ID":" ","TYPE_CODE":"HP","SERVCITY":"DE LAND","STATE":"FL","COUNTRY":"UNITED STATES","OPERSTATUS":"OPERATIONAL","PRIVATEUSE":1,"IAPEXISTS":0,"DODHIFLIP":0,"FAR91":0,"FAR93":0,"MIL_CODE":"CIVIL","AIRANAL":"CONDITIONAL","US_HIGH":0,"US_LOW":0,"AK_HIGH":0,"AK_LOW":0,"US_AREA":0,"PACIFIC":0}},{"type":"Feature","id":163,"geometry":{"type":"Point","coordinates":[-81.447015089009994,29.030267402678419]},"properties":{"FID":163,"OBJECTID":2937,"GLOBAL_ID":"377B04B4-F1AE-420C-B6DF-BF845EDAA5AC","IDENT":"FD86","NAME":"Deep Woods Ranch","LATITUDE":"29-01-48.9430N","LONGITUDE":"081-26-49.2430W","ELEVATION":45,"ICAO_ID":" ","TYPE_CODE":"AD","SERVCITY":"DELAND","STATE":"FL","COUNTRY":"UNITED STATES","OPERSTATUS":"OPERATIONAL","PRIVATEUSE":1,"IAPEXISTS":0,"DODHIFLIP":0,"FAR91":0,"FAR93":0,"MIL_CODE":"CIVIL","AIRANAL":"CONDITIONAL","US_HIGH":0,"US_LOW":0,"AK_HIGH":0,"AK_LOW":0,"US_AREA":0,"PACIFIC":0}},{"type":"Feature","id":164,"geometry":{"type":"Point","coordinates":[-81.277603097917563,29.09490547870638]},"properties":{"FID":164,"OBJECTID":2938,"GLOBAL_ID":"87C5B5E1-EDA3-4754-A781-705AF220DCC2","IDENT":"85FA","NAME":"North Exuma","LATITUDE":"29-05-41.6400N","LONGITUDE":"081-16-39.3600W","ELEVATION":62,"ICAO_ID":" ","TYPE_CODE":"AD","SERVCITY":"DELAND","STATE":"FL","COUNTRY":"UNITED STATES","OPERSTATUS":"OPERATIONAL","PRIVATEUSE":1,"IAPEXISTS":0,"DODHIFLIP":0,"FAR91":0,"FAR93":0,"MIL_CODE":"CIVIL","AIRANAL":"CONDITIONAL","US_HIGH":0,"US_LOW":0,"AK_HIGH":0,"AK_LOW":0,"US_AREA":0,"PACIFIC":0}},{"type":"Feature","id":165,"geometry":{"type":"Point","coordinates":[-81.264580513680812,29.167668218437996]},"properties":{"FID":165,"OBJECTID":2939,"GLOBAL_ID":"CAB60B64-6FC1-4C50-8AE4-AF7AFFF4E4DE","IDENT":"FD90","NAME":"Lafayette Landings","LATITUDE":"29-10-03.5858N","LONGITUDE":"081-15-52.4787W","ELEVATION":39,"ICAO_ID":" ","TYPE_CODE":"AD","SERVCITY":"DE LEON SPRINGS","STATE":"FL","COUNTRY":"UNITED STATES","OPERSTATUS":"OPERATIONAL","PRIVATEUSE":1,"IAPEXISTS":0,"DODHIFLIP":0,"FAR91":0,"FAR93":0,"MIL_CODE":"CIVIL","AIRANAL":"CONDITIONAL","US_HIGH":0,"US_LOW":0,"AK_HIGH":0,"AK_LOW":0,"US_AREA":0,"PACIFIC":0}},{"type":"Feature","id":166,"geometry":{"type":"Point","coordinates":[-80.149769353383931,26.4653562509381]},"properties":{"FID":166,"OBJECTID":2940,"GLOBAL_ID":"80491EAC-CCDB-47E2-9D07-3A15A11CB62F","IDENT":"FD08","NAME":"Antiquers Aerodrome","LATITUDE":"26-27-55.2650N","LONGITUDE":"080-08-59.1600W","ELEVATION":23,"ICAO_ID":" ","TYPE_CODE":"AD","SERVCITY":"DELRAY BEACH","STATE":"FL","COUNTRY":"UNITED STATES","OPERSTATUS":"OPERATIONAL","PRIVATEUSE":1,"IAPEXISTS":0,"DODHIFLIP":0,"FAR91":0,"FAR93":0,"MIL_CODE":"CIVIL","AIRANAL":"CONDITIONAL","US_HIGH":0,"US_LOW":0,"AK_HIGH":0,"AK_LOW":0,"US_AREA":0,"PACIFIC":0}},{"type":"Feature","id":167,"geometry":{"type":"Point","coordinates":[-80.127780457195797,26.438060411570859]},"properties":{"FID":167,"OBJECTID":2941,"GLOBAL_ID":"B6C98D28-CFF0-461E-8F1D-E94148A31751","IDENT":"48FD","NAME":"Delray Medical Center Emergency Helistop","LATITUDE":"26-26-17.0000N","LONGITUDE":"080-07-40.0000W","ELEVATION":81,"ICAO_ID":" ","TYPE_CODE":"HP","SERVCITY":"DELRAY BEACH","STATE":"FL","COUNTRY":"UNITED STATES","OPERSTATUS":"OPERATIONAL","PRIVATEUSE":1,"IAPEXISTS":0,"DODHIFLIP":0,"FAR91":0,"FAR93":0,"MIL_CODE":"CIVIL","AIRANAL":"CONDITIONAL","US_HIGH":0,"US_LOW":0,"AK_HIGH":0,"AK_LOW":0,"US_AREA":0,"PACIFIC":0}},{"type":"Feature","id":168,"geometry":{"type":"Point","coordinates":[-86.471476858295546,30.400060350434273]},"properties":{"FID":168,"OBJECTID":2942,"GLOBAL_ID":"67E50EA5-7233-4FF1-96AA-332202ECDF9F","IDENT":"DTS","NAME":"Destin Exec","LATITUDE":"30-24-00.1970N","LONGITUDE":"086-28-17.3000W","ELEVATION":22.600000000000001,"ICAO_ID":"KDTS","TYPE_CODE":"AD","SERVCITY":"DESTIN","STATE":"FL","COUNTRY":"UNITED STATES","OPERSTATUS":"OPERATIONAL","PRIVATEUSE":0,"IAPEXISTS":1,"DODHIFLIP":0,"FAR91":0,"FAR93":0,"MIL_CODE":"CIVIL","AIRANAL":"NO OBJECTION","US_HIGH":1,"US_LOW":1,"AK_HIGH":0,"AK_LOW":0,"US_AREA":0,"PACIFIC":0}},{"type":"Feature","id":169,"geometry":{"type":"Point","coordinates":[-86.305324032675003,30.37906674000817]},"properties":{"FID":169,"OBJECTID":2943,"GLOBAL_ID":"DD5AF637-9D86-4E37-B4DF-172BDF541E24","IDENT":"3FL7","NAME":"Sacred Heart Hospital On The Emerald Coast","LATITUDE":"30-22-44.6200N","LONGITUDE":"086-18-19.1500W","ELEVATION":17,"ICAO_ID":" ","TYPE_CODE":"HP","SERVCITY":"DESTIN","STATE":"FL","COUNTRY":"UNITED STATES","OPERSTATUS":"OPERATIONAL","PRIVATEUSE":1,"IAPEXISTS":0,"DODHIFLIP":0,"FAR91":0,"FAR93":0,"MIL_CODE":"CIVIL","AIRANAL":"CONDITIONAL","US_HIGH":0,"US_LOW":0,"AK_HIGH":0,"AK_LOW":0,"US_AREA":0,"PACIFIC":0}},{"type":"Feature","id":170,"geometry":{"type":"Point","coordinates":[-86.47139352501091,30.393894516055923]},"properties":{"FID":170,"OBJECTID":2944,"GLOBAL_ID":"B187486D-D350-4D5F-BAA7-AA5630D989DF","IDENT":"22FD","NAME":"Destin Emergency Care Center","LATITUDE":"30-23-38.0000N","LONGITUDE":"086-28-17.0000W","ELEVATION":13,"ICAO_ID":" ","TYPE_CODE":"HP","SERVCITY":"DESTIN","STATE":"FL","COUNTRY":"UNITED STATES","OPERSTATUS":"OPERATIONAL","PRIVATEUSE":1,"IAPEXISTS":0,"DODHIFLIP":0,"FAR91":0,"FAR93":0,"MIL_CODE":"CIVIL","AIRANAL":"CONDITIONAL","US_HIGH":0,"US_LOW":0,"AK_HIGH":0,"AK_LOW":0,"US_AREA":0,"PACIFIC":0}},{"type":"Feature","id":171,"geometry":{"type":"Point","coordinates":[-81.540558694102003,28.014171878440038]},"properties":{"FID":171,"OBJECTID":2945,"GLOBAL_ID":"78E1459F-264B-4CAE-88D8-D0F1F387C640","IDENT":"58FD","NAME":"Southerly","LATITUDE":"28-00-51.0000N","LONGITUDE":"081-32-26.0000W","ELEVATION":78,"ICAO_ID":" ","TYPE_CODE":"AD","SERVCITY":"DUNDEE","STATE":"FL","COUNTRY":"UNITED STATES","OPERSTATUS":"OPERATIONAL","PRIVATEUSE":1,"IAPEXISTS":0,"DODHIFLIP":0,"FAR91":0,"FAR93":0,"MIL_CODE":"CIVIL","AIRANAL":"CONDITIONAL","US_HIGH":0,"US_LOW":0,"AK_HIGH":0,"AK_LOW":0,"US_AREA":0,"PACIFIC":0}},{"type":"Feature","id":172,"geometry":{"type":"Point","coordinates":[-80.666170374789772,27.74170099975305]},"properties":{"FID":172,"OBJECTID":2946,"GLOBAL_ID":"9FAF14F6-F8EF-42C9-A8F0-F3FEABADA1B7","IDENT":"4FL3","NAME":"Fellsmere","LATITUDE":"27-44-30.1050N","LONGITUDE":"080-39-58.2030W","ELEVATION":24,"ICAO_ID":" ","TYPE_CODE":"AD","SERVCITY":"FELLSMERE","STATE":"FL","COUNTRY":"UNITED STATES","OPERSTATUS":"OPERATIONAL","PRIVATEUSE":1,"IAPEXISTS":0,"DODHIFLIP":0,"FAR91":0,"FAR93":0,"MIL_CODE":"CIVIL","AIRANAL":"CONDITIONAL","US_HIGH":0,"US_LOW":0,"AK_HIGH":0,"AK_LOW":0,"US_AREA":0,"PACIFIC":0}},{"type":"Feature","id":173,"geometry":{"type":"Point","coordinates":[-81.461197652144904,30.611839164078617]},"properties":{"FID":173,"OBJECTID":2947,"GLOBAL_ID":"A527FD2A-911A-4937-B82F-FCCC3A9829E0","IDENT":"FHB","NAME":"Fernandina Beach Muni","LATITUDE":"30-36-42.6000N","LONGITUDE":"081-27-40.3000W","ELEVATION":15.699999999999999,"ICAO_ID":"KFHB","TYPE_CODE":"AD","SERVCITY":"FERNANDINA BEACH","STATE":"FL","COUNTRY":"UNITED STATES","OPERSTATUS":"OPERATIONAL","PRIVATEUSE":0,"IAPEXISTS":1,"DODHIFLIP":0,"FAR91":0,"FAR93":0,"MIL_CODE":"CIVIL","AIRANAL":"CONDITIONAL","US_HIGH":1,"US_LOW":1,"AK_HIGH":0,"AK_LOW":0,"US_AREA":1,"PACIFIC":0}},{"type":"Feature","id":174,"geometry":{"type":"Point","coordinates":[-81.448169873001632,30.653700285193167]},"properties":{"FID":174,"OBJECTID":2948,"GLOBAL_ID":"86C4277C-5DDA-4C4C-B1F8-68DF808AFE3A","IDENT":"FD91","NAME":"Baptist Medical Center of Nassau","LATITUDE":"30-39-13.3000N","LONGITUDE":"081-26-53.4000W","ELEVATION":20,"ICAO_ID":" ","TYPE_CODE":"HP","SERVCITY":"FERNANDINA BEACH","STATE":"FL","COUNTRY":"UNITED STATES","OPERSTATUS":"OPERATIONAL","PRIVATEUSE":1,"IAPEXISTS":0,"DODHIFLIP":0,"FAR91":0,"FAR93":0,"MIL_CODE":"CIVIL","AIRANAL":"CONDITIONAL","US_HIGH":0,"US_LOW":0,"AK_HIGH":0,"AK_LOW":0,"US_AREA":0,"PACIFIC":0}},{"type":"Feature","id":175,"geometry":{"type":"Point","coordinates":[-81.570376295599658,30.601076103335288]},"properties":{"FID":175,"OBJECTID":2949,"GLOBAL_ID":"9F94EBCB-92A9-4559-8503-B9449CAA131F","IDENT":"FL84","NAME":"Flying-A-Ranch","LATITUDE":"30-36-03.8530N","LONGITUDE":"081-34-13.3430W","ELEVATION":25,"ICAO_ID":" ","TYPE_CODE":"AD","SERVCITY":"FERNANDINA BEACH","STATE":"FL","COUNTRY":"UNITED STATES","OPERSTATUS":"OPERATIONAL","PRIVATEUSE":1,"IAPEXISTS":0,"DODHIFLIP":0,"FAR91":0,"FAR93":0,"MIL_CODE":"CIVIL","AIRANAL":"CONDITIONAL","US_HIGH":0,"US_LOW":0,"AK_HIGH":0,"AK_LOW":0,"US_AREA":0,"PACIFIC":0}},{"type":"Feature","id":176,"geometry":{"type":"Point","coordinates":[-86.218337920459078,30.918894641404336]},"properties":{"FID":176,"OBJECTID":2950,"GLOBAL_ID":"78732C72-C3C9-457D-A243-1DBA81A58239","IDENT":"05FA","NAME":"Melanie's","LATITUDE":"30-55-08.0000N","LONGITUDE":"086-13-06.0000W","ELEVATION":295,"ICAO_ID":" ","TYPE_CODE":"AD","SERVCITY":"FLORALA","STATE":"FL","COUNTRY":"UNITED STATES","OPERSTATUS":"OPERATIONAL","PRIVATEUSE":1,"IAPEXISTS":0,"DODHIFLIP":0,"FAR91":0,"FAR93":0,"MIL_CODE":"CIVIL","AIRANAL":"CONDITIONAL","US_HIGH":0,"US_LOW":0,"AK_HIGH":0,"AK_LOW":0,"US_AREA":0,"PACIFIC":0}},{"type":"Feature","id":177,"geometry":{"type":"Point","coordinates":[-80.84250141996381,27.537840612359389]},"properties":{"FID":177,"OBJECTID":2951,"GLOBAL_ID":"B70AC68C-8664-438C-813A-0C5F63EDB74E","IDENT":"FL75","NAME":"Indian Hammock","LATITUDE":"27-32-16.2078N","LONGITUDE":"080-50-32.9946W","ELEVATION":64,"ICAO_ID":" ","TYPE_CODE":"AD","SERVCITY":"FORT DRUM","STATE":"FL","COUNTRY":"UNITED STATES","OPERSTATUS":"OPERATIONAL","PRIVATEUSE":1,"IAPEXISTS":0,"DODHIFLIP":0,"FAR91":0,"FAR93":0,"MIL_CODE":"CIVIL","AIRANAL":"CONDITIONAL","US_HIGH":0,"US_LOW":0,"AK_HIGH":0,"AK_LOW":0,"US_AREA":0,"PACIFIC":0}},{"type":"Feature","id":178,"geometry":{"type":"Point","coordinates":[-80.149697119666428,26.071671429735488]},"properties":{"FID":178,"OBJECTID":2952,"GLOBAL_ID":"5A5A4C23-2EDC-4608-8B54-3CE1C8AB7DE0","IDENT":"FLL","NAME":"Fort Lauderdale/Hollywood Intl","LATITUDE":"26-04-18.0000N","LONGITUDE":"080-08-58.9000W","ELEVATION":65,"ICAO_ID":"KFLL","TYPE_CODE":"AD","SERVCITY":"FORT LAUDERDALE","STATE":"FL","COUNTRY":"UNITED STATES","OPERSTATUS":"OPERATIONAL","PRIVATEUSE":0,"IAPEXISTS":1,"DODHIFLIP":0,"FAR91":0,"FAR93":0,"MIL_CODE":"CIVIL","AIRANAL":"NO OBJECTION","US_HIGH":1,"US_LOW":1,"AK_HIGH":0,"AK_LOW":0,"US_AREA":1,"PACIFIC":0}},{"type":"Feature","id":179,"geometry":{"type":"Point","coordinates":[-80.140474895815885,26.103374214947451]},"properties":{"FID":179,"OBJECTID":2953,"GLOBAL_ID":"70E28373-881D-4DA6-8854-0FACFD7C12A2","IDENT":"6FD8","NAME":"Broward Health Medical Center","LATITUDE":"26-06-12.1300N","LONGITUDE":"080-08-25.7000W","ELEVATION":7,"ICAO_ID":" ","TYPE_CODE":"HP","SERVCITY":"FORT LAUDERDALE","STATE":"FL","COUNTRY":"UNITED STATES","OPERSTATUS":"OPERATIONAL","PRIVATEUSE":1,"IAPEXISTS":0,"DODHIFLIP":0,"FAR91":0,"FAR93":0,"MIL_CODE":"CIVIL","AIRANAL":"CONDITIONAL","US_HIGH":0,"US_LOW":0,"AK_HIGH":0,"AK_LOW":0,"US_AREA":0,"PACIFIC":0}},{"type":"Feature","id":180,"geometry":{"type":"Point","coordinates":[-80.142057535736797,26.120469219231211]},"properties":{"FID":180,"OBJECTID":2954,"GLOBAL_ID":"86E27B40-A2D3-4930-8600-B186D976A954","IDENT":"DT1","NAME":"Downtown Fort Lauderdale","LATITUDE":"26-07-13.6720N","LONGITUDE":"080-08-31.3975W","ELEVATION":114,"ICAO_ID":" ","TYPE_CODE":"HP","SERVCITY":"FORT LAUDERDALE","STATE":"FL","COUNTRY":"UNITED STATES","OPERSTATUS":"OPERATIONAL","PRIVATEUSE":0,"IAPEXISTS":0,"DODHIFLIP":0,"FAR91":0,"FAR93":0,"MIL_CODE":"CIVIL","AIRANAL":"CONDITIONAL","US_HIGH":0,"US_LOW":0,"AK_HIGH":0,"AK_LOW":0,"US_AREA":0,"PACIFIC":0}},{"type":"Feature","id":181,"geometry":{"type":"Point","coordinates":[-81.863249855450192,26.586620131353641]},"properties":{"FID":181,"OBJECTID":2955,"GLOBAL_ID":"EEFC2252-4AF0-45A7-AEE3-0C86812B377B","IDENT":"FMY","NAME":"Page Fld","LATITUDE":"26-35-11.8150N","LONGITUDE":"081-51-47.6880W","ELEVATION":17,"ICAO_ID":"KFMY","TYPE_CODE":"AD","SERVCITY":"FORT MYERS","STATE":"FL","COUNTRY":"UNITED STATES","OPERSTATUS":"OPERATIONAL","PRIVATEUSE":0,"IAPEXISTS":1,"DODHIFLIP":0,"FAR91":0,"FAR93":0,"MIL_CODE":"CIVIL","AIRANAL":"NO OBJECTION","US_HIGH":1,"US_LOW":1,"AK_HIGH":0,"AK_LOW":0,"US_AREA":0,"PACIFIC":0}},{"type":"Feature","id":182,"geometry":{"type":"Point","coordinates":[-82.117872985697659,26.643411528550303]},"properties":{"FID":182,"OBJECTID":2956,"GLOBAL_ID":"F2C62075-D223-4F64-9E88-8BFE9D5B5F61","IDENT":"4FA3","NAME":"Tranquility Bay Strip","LATITUDE":"26-38-36.2640N","LONGITUDE":"082-07-04.3310W","ELEVATION":8,"ICAO_ID":" ","TYPE_CODE":"AD","SERVCITY":"FORT MYERS","STATE":"FL","COUNTRY":"UNITED STATES","OPERSTATUS":"OPERATIONAL","PRIVATEUSE":1,"IAPEXISTS":0,"DODHIFLIP":0,"FAR91":0,"FAR93":0,"MIL_CODE":"CIVIL","AIRANAL":"CONDITIONAL","US_HIGH":0,"US_LOW":0,"AK_HIGH":0,"AK_LOW":0,"US_AREA":0,"PACIFIC":0}},{"type":"Feature","id":183,"geometry":{"type":"Point","coordinates":[-81.755158155728452,26.536168732312547]},"properties":{"FID":183,"OBJECTID":2957,"GLOBAL_ID":"AB26798F-B877-488F-BEE2-712E8A02945C","IDENT":"RSW","NAME":"Southwest Florida Intl","LATITUDE":"26-32-10.1900N","LONGITUDE":"081-45-18.5580W","ELEVATION":29.899999999999999,"ICAO_ID":"KRSW","TYPE_CODE":"AD","SERVCITY":"FORT MYERS","STATE":"FL","COUNTRY":"UNITED STATES","OPERSTATUS":"OPERATIONAL","PRIVATEUSE":0,"IAPEXISTS":1,"DODHIFLIP":0,"FAR91":0,"FAR93":0,"MIL_CODE":"CIVIL","AIRANAL":"NO OBJECTION","US_HIGH":1,"US_LOW":1,"AK_HIGH":0,"AK_LOW":0,"US_AREA":0,"PACIFIC":0}},{"type":"Feature","id":184,"geometry":{"type":"Point","coordinates":[-82.098428534344805,26.582580402952431]},"properties":{"FID":184,"OBJECTID":2958,"GLOBAL_ID":"972F8393-9669-49AD-822E-94051A7F3627","IDENT":"FL86","NAME":"Woodstock","LATITUDE":"26-34-57.2720N","LONGITUDE":"082-05-54.3310W","ELEVATION":5,"ICAO_ID":" ","TYPE_CODE":"AD","SERVCITY":"FORT MYERS","STATE":"FL","COUNTRY":"UNITED STATES","OPERSTATUS":"OPERATIONAL","PRIVATEUSE":1,"IAPEXISTS":0,"DODHIFLIP":0,"FAR91":0,"FAR93":0,"MIL_CODE":"CIVIL","AIRANAL":"CONDITIONAL","US_HIGH":0,"US_LOW":0,"AK_HIGH":0,"AK_LOW":0,"US_AREA":0,"PACIFIC":0}},{"type":"Feature","id":185,"geometry":{"type":"Point","coordinates":[-81.900182203343036,26.733705888913562]},"properties":{"FID":185,"OBJECTID":2959,"GLOBAL_ID":"846800FB-5D43-4B64-8C36-0F19767380E9","IDENT":"94FL","NAME":"Pine Shadows Airpark","LATITUDE":"26-44-01.3236N","LONGITUDE":"081-54-00.6444W","ELEVATION":21,"ICAO_ID":" ","TYPE_CODE":"AD","SERVCITY":"FORT MYERS","STATE":"FL","COUNTRY":"UNITED STATES","OPERSTATUS":"OPERATIONAL","PRIVATEUSE":1,"IAPEXISTS":0,"DODHIFLIP":0,"FAR91":0,"FAR93":0,"MIL_CODE":"CIVIL","AIRANAL":"CONDITIONAL","US_HIGH":0,"US_LOW":1,"AK_HIGH":0,"AK_LOW":0,"US_AREA":0,"PACIFIC":0}},{"type":"Feature","id":186,"geometry":{"type":"Point","coordinates":[-81.7096670347143,26.647677094018945]},"properties":{"FID":186,"OBJECTID":2960,"GLOBAL_ID":"5462345F-7EE4-4E58-A5D7-3A7BC6C20BC5","IDENT":"FL59","NAME":"Buckingham Fld","LATITUDE":"26-38-51.6200N","LONGITUDE":"081-42-34.7900W","ELEVATION":20,"ICAO_ID":" ","TYPE_CODE":"AD","SERVCITY":"LEHIGH ACRES","STATE":"FL","COUNTRY":"UNITED STATES","OPERSTATUS":"OPERATIONAL","PRIVATEUSE":1,"IAPEXISTS":0,"DODHIFLIP":0,"FAR91":0,"FAR93":0,"MIL_CODE":"CIVIL","AIRANAL":"CONDITIONAL","US_HIGH":0,"US_LOW":1,"AK_HIGH":0,"AK_LOW":0,"US_AREA":0,"PACIFIC":0}},{"type":"Feature","id":187,"geometry":{"type":"Point","coordinates":[-80.526168656778054,27.411433977856746]},"properties":{"FID":187,"OBJECTID":2961,"GLOBAL_ID":"77735198-6D9C-47B0-ACB1-3FA6EA6805E3","IDENT":"FD30","NAME":"Southeastern","LATITUDE":"27-24-41.1440N","LONGITUDE":"080-31-34.1970W","ELEVATION":23,"ICAO_ID":" ","TYPE_CODE":"AD","SERVCITY":"FORT PIERCE","STATE":"FL","COUNTRY":"UNITED STATES","OPERSTATUS":"OPERATIONAL","PRIVATEUSE":1,"IAPEXISTS":0,"DODHIFLIP":0,"FAR91":0,"FAR93":0,"MIL_CODE":"CIVIL","AIRANAL":"CONDITIONAL","US_HIGH":0,"US_LOW":0,"AK_HIGH":0,"AK_LOW":0,"US_AREA":0,"PACIFIC":0}},{"type":"Feature","id":188,"geometry":{"type":"Point","coordinates":[-80.565058392122182,27.443933151943213]},"properties":{"FID":188,"OBJECTID":2962,"GLOBAL_ID":"C9AB86B6-4B8F-4604-B9B4-423C054C80F9","IDENT":"7FL8","NAME":"Dragonfly","LATITUDE":"27-26-38.1410N","LONGITUDE":"080-33-54.2000W","ELEVATION":25,"ICAO_ID":" ","TYPE_CODE":"AD","SERVCITY":"FORT PIERCE","STATE":"FL","COUNTRY":"UNITED STATES","OPERSTATUS":"OPERATIONAL","PRIVATEUSE":1,"IAPEXISTS":0,"DODHIFLIP":0,"FAR91":0,"FAR93":0,"MIL_CODE":"CIVIL","AIRANAL":"NOT ANALYZED","US_HIGH":0,"US_LOW":0,"AK_HIGH":0,"AK_LOW":0,"US_AREA":0,"PACIFIC":0}},{"type":"Feature","id":189,"geometry":{"type":"Point","coordinates":[-80.570891446329767,27.361158131366153]},"properties":{"FID":189,"OBJECTID":2963,"GLOBAL_ID":"8EBC88F1-9230-4DE0-A837-81BFA54BBF89","IDENT":"FL29","NAME":"Hales 700","LATITUDE":"27-21-40.1510N","LONGITUDE":"080-34-15.1990W","ELEVATION":26,"ICAO_ID":" ","TYPE_CODE":"AD","SERVCITY":"FORT PIERCE","STATE":"FL","COUNTRY":"UNITED STATES","OPERSTATUS":"OPERATIONAL","PRIVATEUSE":1,"IAPEXISTS":0,"DODHIFLIP":0,"FAR91":0,"FAR93":0,"MIL_CODE":"CIVIL","AIRANAL":"CONDITIONAL","US_HIGH":0,"US_LOW":0,"AK_HIGH":0,"AK_LOW":0,"US_AREA":0,"PACIFIC":0}},{"type":"Feature","id":190,"geometry":{"type":"Point","coordinates":[-80.522001709472079,27.341992015799519]},"properties":{"FID":190,"OBJECTID":2964,"GLOBAL_ID":"1CAD5422-7310-47BE-80B2-1DCAB343A8C7","IDENT":"FD88","NAME":"Aero Acres","LATITUDE":"27-20-31.1530N","LONGITUDE":"080-31-19.1960W","ELEVATION":25,"ICAO_ID":" ","TYPE_CODE":"AD","SERVCITY":"FORT PIERCE","STATE":"FL","COUNTRY":"UNITED STATES","OPERSTATUS":"OPERATIONAL","PRIVATEUSE":1,"IAPEXISTS":0,"DODHIFLIP":0,"FAR91":0,"FAR93":0,"MIL_CODE":"CIVIL","AIRANAL":"CONDITIONAL","US_HIGH":0,"US_LOW":1,"AK_HIGH":0,"AK_LOW":0,"US_AREA":0,"PACIFIC":0}},{"type":"Feature","id":191,"geometry":{"type":"Point","coordinates":[-80.488586140689961,27.24086615857351]},"properties":{"FID":191,"OBJECTID":2965,"GLOBAL_ID":"3FD7B594-FDA8-45F8-89DC-77FF5F3006C8","IDENT":"FL37","NAME":"Treasure Coast Airpark","LATITUDE":"27-14-27.1000N","LONGITUDE":"080-29-18.9000W","ELEVATION":29,"ICAO_ID":" ","TYPE_CODE":"AD","SERVCITY":"PORT ST. LUCIE","STATE":"FL","COUNTRY":"UNITED STATES","OPERSTATUS":"OPERATIONAL","PRIVATEUSE":1,"IAPEXISTS":0,"DODHIFLIP":0,"FAR91":0,"FAR93":0,"MIL_CODE":"CIVIL","AIRANAL":"CONDITIONAL","US_HIGH":0,"US_LOW":1,"AK_HIGH":0,"AK_LOW":0,"US_AREA":0,"PACIFIC":0}},{"type":"Feature","id":192,"geometry":{"type":"Point","coordinates":[-80.41644390446811,27.46976510589883]},"properties":{"FID":192,"OBJECTID":2966,"GLOBAL_ID":"A598A610-6033-4F3A-BC7C-2883ED7535D6","IDENT":"FD57","NAME":"Baggett","LATITUDE":"27-28-11.1360N","LONGITUDE":"080-24-59.1880W","ELEVATION":18,"ICAO_ID":" ","TYPE_CODE":"AD","SERVCITY":"FORT PIERCE","STATE":"FL","COUNTRY":"UNITED STATES","OPERSTATUS":"OPERATIONAL","PRIVATEUSE":1,"IAPEXISTS":0,"DODHIFLIP":0,"FAR91":0,"FAR93":0,"MIL_CODE":"CIVIL","AIRANAL":"CONDITIONAL","US_HIGH":0,"US_LOW":0,"AK_HIGH":0,"AK_LOW":0,"US_AREA":0,"PACIFIC":0}},{"type":"Feature","id":193,"geometry":{"type":"Point","coordinates":[-80.24479440666687,27.350638413558897]},"properties":{"FID":193,"OBJECTID":2967,"GLOBAL_ID":"32B2A1A6-92E9-4127-B003-D9693CDC37E9","IDENT":"75FD","NAME":"Fp & L Nuclear Power Plant","LATITUDE":"27-21-02.2800N","LONGITUDE":"080-14-41.2500W","ELEVATION":17,"ICAO_ID":" ","TYPE_CODE":"HP","SERVCITY":"FORT PIERCE","STATE":"FL","COUNTRY":"UNITED STATES","OPERSTATUS":"OPERATIONAL","PRIVATEUSE":1,"IAPEXISTS":0,"DODHIFLIP":0,"FAR91":0,"FAR93":0,"MIL_CODE":"CIVIL","AIRANAL":"CONDITIONAL","US_HIGH":0,"US_LOW":0,"AK_HIGH":0,"AK_LOW":0,"US_AREA":0,"PACIFIC":0}},{"type":"Feature","id":194,"geometry":{"type":"Point","coordinates":[-80.346044438764011,27.43289398748442]},"properties":{"FID":194,"OBJECTID":2968,"GLOBAL_ID":"52D7A3CE-5EE0-4A30-A007-5E55F399A168","IDENT":"FD19","NAME":"Hca Florida Lawnwood Hospital","LATITUDE":"27-25-58.4000N","LONGITUDE":"080-20-45.7500W","ELEVATION":18,"ICAO_ID":" ","TYPE_CODE":"HP","SERVCITY":"FORT PIERCE","STATE":"FL","COUNTRY":"UNITED STATES","OPERSTATUS":"OPERATIONAL","PRIVATEUSE":1,"IAPEXISTS":0,"DODHIFLIP":0,"FAR91":0,"FAR93":0,"MIL_CODE":"CIVIL","AIRANAL":"CONDITIONAL","US_HIGH":0,"US_LOW":0,"AK_HIGH":0,"AK_LOW":0,"US_AREA":0,"PACIFIC":0}},{"type":"Feature","id":195,"geometry":{"type":"Point","coordinates":[-80.58589172621555,27.277827554407963]},"properties":{"FID":195,"OBJECTID":2969,"GLOBAL_ID":"CEA6EB75-65DC-4B69-8933-7933523BD58F","IDENT":"FL67","NAME":"Evans Properties Inc","LATITUDE":"27-16-40.1610N","LONGITUDE":"080-35-09.2000W","ELEVATION":24,"ICAO_ID":" ","TYPE_CODE":"AD","SERVCITY":"FORT PIERCE","STATE":"FL","COUNTRY":"UNITED STATES","OPERSTATUS":"OPERATIONAL","PRIVATEUSE":1,"IAPEXISTS":0,"DODHIFLIP":0,"FAR91":0,"FAR93":0,"MIL_CODE":"CIVIL","AIRANAL":"CONDITIONAL","US_HIGH":0,"US_LOW":1,"AK_HIGH":0,"AK_LOW":0,"US_AREA":0,"PACIFIC":0}},{"type":"Feature","id":196,"geometry":{"type":"Point","coordinates":[-80.372641670497615,27.497477335795793]},"properties":{"FID":196,"OBJECTID":2970,"GLOBAL_ID":"C106CF87-3087-4A2F-9451-15E49A7153BA","IDENT":"FPR","NAME":"Treasure Coast Intl","LATITUDE":"27-29-50.9000N","LONGITUDE":"080-22-21.5000W","ELEVATION":23.399999999999999,"ICAO_ID":"KFPR","TYPE_CODE":"AD","SERVCITY":"FORT PIERCE","STATE":"FL","COUNTRY":"UNITED STATES","OPERSTATUS":"OPERATIONAL","PRIVATEUSE":0,"IAPEXISTS":1,"DODHIFLIP":0,"FAR91":0,"FAR93":0,"MIL_CODE":"CIVIL","AIRANAL":"NO OBJECTION","US_HIGH":1,"US_LOW":1,"AK_HIGH":0,"AK_LOW":0,"US_AREA":0,"PACIFIC":0}},{"type":"Feature","id":197,"geometry":{"type":"Point","coordinates":[-86.632676905918743,30.455147302608111]},"properties":{"FID":197,"OBJECTID":2971,"GLOBAL_ID":"61836CF8-4117-4F09-AFEB-D19E33128012","IDENT":"FD45","NAME":"Hca Florida Fort Walton-Destin Hospital","LATITUDE":"30-27-18.5100N","LONGITUDE":"086-37-57.6200W","ELEVATION":61,"ICAO_ID":" ","TYPE_CODE":"HP","SERVCITY":"FORT WALTON BEACH","STATE":"FL","COUNTRY":"UNITED STATES","OPERSTATUS":"OPERATIONAL","PRIVATEUSE":1,"IAPEXISTS":0,"DODHIFLIP":0,"FAR91":0,"FAR93":0,"MIL_CODE":"CIVIL","AIRANAL":"CONDITIONAL","US_HIGH":0,"US_LOW":0,"AK_HIGH":0,"AK_LOW":0,"US_AREA":0,"PACIFIC":0}},{"type":"Feature","id":198,"geometry":{"type":"Point","coordinates":[-82.70123576386743,29.928018691398847]},"properties":{"FID":198,"OBJECTID":2972,"GLOBAL_ID":"4AF1E6DC-9CCC-413D-9249-23A2AC011BBE","IDENT":"FD31","NAME":"Bradley","LATITUDE":"29-55-40.8470N","LONGITUDE":"082-42-04.4360W","ELEVATION":20,"ICAO_ID":" ","TYPE_CODE":"AD","SERVCITY":"FORT WHITE","STATE":"FL","COUNTRY":"UNITED STATES","OPERSTATUS":"OPERATIONAL","PRIVATEUSE":1,"IAPEXISTS":0,"DODHIFLIP":0,"FAR91":0,"FAR93":0,"MIL_CODE":"CIVIL","AIRANAL":"CONDITIONAL","US_HIGH":0,"US_LOW":0,"AK_HIGH":0,"AK_LOW":0,"US_AREA":0,"PACIFIC":0}},{"type":"Feature","id":199,"geometry":{"type":"Point","coordinates":[-85.376670999276826,30.522227912607093]},"properties":{"FID":199,"OBJECTID":2973,"GLOBAL_ID":"20AF39C8-8E55-4700-B65A-43B7205C3AF8","IDENT":"68FD","NAME":"Maran","LATITUDE":"30-31-20.0000N","LONGITUDE":"085-22-36.0000W","ELEVATION":225,"ICAO_ID":" ","TYPE_CODE":"AD","SERVCITY":"FOUNTAIN","STATE":"FL","COUNTRY":"UNITED STATES","OPERSTATUS":"OPERATIONAL","PRIVATEUSE":1,"IAPEXISTS":0,"DODHIFLIP":0,"FAR91":0,"FAR93":0,"MIL_CODE":"CIVIL","AIRANAL":"CONDITIONAL","US_HIGH":0,"US_LOW":0,"AK_HIGH":0,"AK_LOW":0,"US_AREA":0,"PACIFIC":0}},{"type":"Feature","id":200,"geometry":{"type":"Point","coordinates":[-86.093837867058426,30.496422329062227]},"properties":{"FID":200,"OBJECTID":2974,"GLOBAL_ID":"8E3DE9E0-4371-4DAB-884A-B9525A31519B","IDENT":"0FD3","NAME":"Dugger Fld","LATITUDE":"30-29-47.1000N","LONGITUDE":"086-05-37.8000W","ELEVATION":70,"ICAO_ID":" ","TYPE_CODE":"AD","SERVCITY":"FREEPORT","STATE":"FL","COUNTRY":"UNITED STATES","OPERSTATUS":"OPERATIONAL","PRIVATEUSE":1,"IAPEXISTS":0,"DODHIFLIP":0,"FAR91":0,"FAR93":0,"MIL_CODE":"CIVIL","AIRANAL":"CONDITIONAL","US_HIGH":0,"US_LOW":0,"AK_HIGH":0,"AK_LOW":0,"US_AREA":0,"PACIFIC":0}},{"type":"Feature","id":201,"geometry":{"type":"Point","coordinates":[-81.53180034875686,27.737274588259538]},"properties":{"FID":201,"OBJECTID":2975,"GLOBAL_ID":"C31035B4-DBB0-4A47-9309-5C24B8C395D4","IDENT":"38FD","NAME":"Griffins Main Office","LATITUDE":"27-44-14.1700N","LONGITUDE":"081-31-54.4700W","ELEVATION":125,"ICAO_ID":" ","TYPE_CODE":"HP","SERVCITY":"FROSTPROOF","STATE":"FL","COUNTRY":"UNITED STATES","OPERSTATUS":"INDEFINITE","PRIVATEUSE":1,"IAPEXISTS":0,"DODHIFLIP":0,"FAR91":0,"FAR93":0,"MIL_CODE":"CIVIL","AIRANAL":"CONDITIONAL","US_HIGH":0,"US_LOW":0,"AK_HIGH":0,"AK_LOW":0,"US_AREA":0,"PACIFIC":0}},{"type":"Feature","id":202,"geometry":{"type":"Point","coordinates":[-81.599725369045075,27.755282924961023]},"properties":{"FID":202,"OBJECTID":2976,"GLOBAL_ID":"7C7A2E5D-B79A-4DD8-AED8-94971D7DE082","IDENT":"4FL5","NAME":"Ridge Landing","LATITUDE":"27-45-19.0000N","LONGITUDE":"081-35-59.0000W","ELEVATION":140,"ICAO_ID":" ","TYPE_CODE":"AD","SERVCITY":"FROSTPROOF","STATE":"FL","COUNTRY":"UNITED STATES","OPERSTATUS":"OPERATIONAL","PRIVATEUSE":1,"IAPEXISTS":0,"DODHIFLIP":0,"FAR91":0,"FAR93":0,"MIL_CODE":"CIVIL","AIRANAL":"CONDITIONAL","US_HIGH":0,"US_LOW":1,"AK_HIGH":0,"AK_LOW":0,"US_AREA":0,"PACIFIC":0}},{"type":"Feature","id":203,"geometry":{"type":"Point","coordinates":[-81.559153135140889,27.751307925002152]},"properties":{"FID":203,"OBJECTID":2977,"GLOBAL_ID":"A04D84F5-0385-4693-A784-EF551C2B8E3D","IDENT":"52FL","NAME":"Lake Clinch Airpark","LATITUDE":"27-45-04.6900N","LONGITUDE":"081-33-32.9400W","ELEVATION":110,"ICAO_ID":" ","TYPE_CODE":"AD","SERVCITY":"FROSTPROOF","STATE":"FL","COUNTRY":"UNITED STATES","OPERSTATUS":"OPERATIONAL","PRIVATEUSE":1,"IAPEXISTS":0,"DODHIFLIP":0,"FAR91":0,"FAR93":0,"MIL_CODE":"CIVIL","AIRANAL":"CONDITIONAL","US_HIGH":0,"US_LOW":0,"AK_HIGH":0,"AK_LOW":0,"US_AREA":0,"PACIFIC":0}},{"type":"Feature","id":204,"geometry":{"type":"Point","coordinates":[-81.513967289144375,27.755311538103285]},"properties":{"FID":204,"OBJECTID":2978,"GLOBAL_ID":"D7D4C2C7-C3D9-49A4-9B9C-3BA15AA1C36E","IDENT":"FD46","NAME":"Goddard Seadrome","LATITUDE":"27-45-19.1030N","LONGITUDE":"081-30-50.2710W","ELEVATION":78,"ICAO_ID":" ","TYPE_CODE":"SP","SERVCITY":"FROSTPROOF","STATE":"FL","COUNTRY":"UNITED STATES","OPERSTATUS":"OPERATIONAL","PRIVATEUSE":1,"IAPEXISTS":0,"DODHIFLIP":0,"FAR91":0,"FAR93":0,"MIL_CODE":"CIVIL","AIRANAL":"CONDITIONAL","US_HIGH":0,"US_LOW":0,"AK_HIGH":0,"AK_LOW":0,"US_AREA":0,"PACIFIC":0}},{"type":"Feature","id":205,"geometry":{"type":"Point","coordinates":[-82.226230365130846,30.362739083508302]},"properties":{"FID":205,"OBJECTID":2979,"GLOBAL_ID":"C00EFE71-A012-44AD-AA6E-DB8736949C47","IDENT":"FD27","NAME":"Cuyler Fld","LATITUDE":"30-21-45.8400N","LONGITUDE":"082-13-34.4170W","ELEVATION":120,"ICAO_ID":" ","TYPE_CODE":"AD","SERVCITY":"GLEN ST MARY","STATE":"FL","COUNTRY":"UNITED STATES","OPERSTATUS":"OPERATIONAL","PRIVATEUSE":1,"IAPEXISTS":0,"DODHIFLIP":0,"FAR91":0,"FAR93":0,"MIL_CODE":"CIVIL","AIRANAL":"CONDITIONAL","US_HIGH":0,"US_LOW":0,"AK_HIGH":0,"AK_LOW":0,"US_AREA":0,"PACIFIC":0}},{"type":"Feature","id":206,"geometry":{"type":"Point","coordinates":[-85.492437162867702,30.981854957147675]},"properties":{"FID":206,"OBJECTID":2980,"GLOBAL_ID":"79CB856A-CF82-488C-9045-BEF49EF3FC04","IDENT":"FD26","NAME":"Kirkland","LATITUDE":"30-58-54.6570N","LONGITUDE":"085-29-32.7580W","ELEVATION":180,"ICAO_ID":" ","TYPE_CODE":"AD","SERVCITY":"GRACEVILLE","STATE":"FL","COUNTRY":"UNITED STATES","OPERSTATUS":"OPERATIONAL","PRIVATEUSE":1,"IAPEXISTS":0,"DODHIFLIP":0,"FAR91":0,"FAR93":0,"MIL_CODE":"CIVIL","AIRANAL":"CONDITIONAL","US_HIGH":0,"US_LOW":0,"AK_HIGH":0,"AK_LOW":0,"US_AREA":0,"PACIFIC":0}},{"type":"Feature","id":207,"geometry":{"type":"Point","coordinates":[-81.660926297619824,29.972470119886793]},"properties":{"FID":207,"OBJECTID":2981,"GLOBAL_ID":"1037AAA0-C416-41FE-BD26-4A0F267C2F8E","IDENT":"FL60","NAME":"Reynolds Airpark","LATITUDE":"29-58-20.8720N","LONGITUDE":"081-39-39.3230W","ELEVATION":21,"ICAO_ID":" ","TYPE_CODE":"AD","SERVCITY":"GREEN COVE SPRINGS","STATE":"FL","COUNTRY":"UNITED STATES","OPERSTATUS":"OPERATIONAL","PRIVATEUSE":1,"IAPEXISTS":0,"DODHIFLIP":0,"FAR91":0,"FAR93":0,"MIL_CODE":"CIVIL","AIRANAL":"CONDITIONAL","US_HIGH":1,"US_LOW":1,"AK_HIGH":0,"AK_LOW":0,"US_AREA":0,"PACIFIC":0}},{"type":"Feature","id":208,"geometry":{"type":"Point","coordinates":[-81.685926024277535,29.903026214859494]},"properties":{"FID":208,"OBJECTID":2982,"GLOBAL_ID":"2E96CF52-0084-4BD1-B5F9-1838C900B1C9","IDENT":"7FL4","NAME":"Haller Airpark","LATITUDE":"29-54-10.8740N","LONGITUDE":"081-41-09.3220W","ELEVATION":75,"ICAO_ID":" ","TYPE_CODE":"AD","SERVCITY":"GREEN COVE SPRINGS","STATE":"FL","COUNTRY":"UNITED STATES","OPERSTATUS":"OPERATIONAL","PRIVATEUSE":1,"IAPEXISTS":0,"DODHIFLIP":0,"FAR91":0,"FAR93":0,"MIL_CODE":"CIVIL","AIRANAL":"CONDITIONAL","US_HIGH":0,"US_LOW":0,"AK_HIGH":0,"AK_LOW":0,"US_AREA":0,"PACIFIC":0}},{"type":"Feature","id":209,"geometry":{"type":"Point","coordinates":[-83.652383565589105,30.616596598854869]},"properties":{"FID":209,"OBJECTID":2983,"GLOBAL_ID":"78F29DC0-0DE6-4E03-82DE-A5847E31C4EE","IDENT":"9FL8","NAME":"Finlayson Farm","LATITUDE":"30-36-59.7270N","LONGITUDE":"083-39-08.5670W","ELEVATION":150,"ICAO_ID":" ","TYPE_CODE":"AD","SERVCITY":"GREENVILLE","STATE":"FL","COUNTRY":"UNITED STATES","OPERSTATUS":"OPERATIONAL","PRIVATEUSE":1,"IAPEXISTS":0,"DODHIFLIP":0,"FAR91":0,"FAR93":0,"MIL_CODE":"CIVIL","AIRANAL":"CONDITIONAL","US_HIGH":0,"US_LOW":0,"AK_HIGH":0,"AK_LOW":0,"US_AREA":0,"PACIFIC":0}},{"type":"Feature","id":210,"geometry":{"type":"Point","coordinates":[-83.575988813798176,30.425492113422024]},"properties":{"FID":210,"OBJECTID":2984,"GLOBAL_ID":"D25D684D-2C78-48EC-9EE0-1720211AEEDE","IDENT":"20FD","NAME":"Pratt","LATITUDE":"30-25-31.7510N","LONGITUDE":"083-34-33.5460W","ELEVATION":100,"ICAO_ID":" ","TYPE_CODE":"AD","SERVCITY":"GREENVILLE","STATE":"FL","COUNTRY":"UNITED STATES","OPERSTATUS":"OPERATIONAL","PRIVATEUSE":1,"IAPEXISTS":0,"DODHIFLIP":0,"FAR91":0,"FAR93":0,"MIL_CODE":"CIVIL","AIRANAL":"CONDITIONAL","US_HIGH":0,"US_LOW":0,"AK_HIGH":0,"AK_LOW":0,"US_AREA":0,"PACIFIC":0}},{"type":"Feature","id":211,"geometry":{"type":"Point","coordinates":[-85.167711510533707,30.888249668674462]},"properties":{"FID":211,"OBJECTID":2985,"GLOBAL_ID":"7C273084-9BA0-43C8-ACCA-F52A7D53B8E7","IDENT":"5FL8","NAME":"Chipola Airpark","LATITUDE":"30-53-17.6780N","LONGITUDE":"085-10-03.7460W","ELEVATION":125,"ICAO_ID":" ","TYPE_CODE":"AD","SERVCITY":"GREENWOOD","STATE":"FL","COUNTRY":"UNITED STATES","OPERSTATUS":"OPERATIONAL","PRIVATEUSE":1,"IAPEXISTS":0,"DODHIFLIP":0,"FAR91":0,"FAR93":0,"MIL_CODE":"CIVIL","AIRANAL":"CONDITIONAL","US_HIGH":0,"US_LOW":0,"AK_HIGH":0,"AK_LOW":0,"US_AREA":0,"PACIFIC":0}},{"type":"Feature","id":212,"geometry":{"type":"Point","coordinates":[-81.846719911082971,28.532871995830874]},"properties":{"FID":212,"OBJECTID":2986,"GLOBAL_ID":"AB972F42-70CD-47DA-8844-CE4D07C2DA0E","IDENT":"FA42","NAME":"Sheets","LATITUDE":"28-31-58.3200N","LONGITUDE":"081-50-48.1800W","ELEVATION":118,"ICAO_ID":" ","TYPE_CODE":"AD","SERVCITY":"GROVELAND","STATE":"FL","COUNTRY":"UNITED STATES","OPERSTATUS":"OPERATIONAL","PRIVATEUSE":1,"IAPEXISTS":0,"DODHIFLIP":0,"FAR91":0,"FAR93":0,"MIL_CODE":"CIVIL","AIRANAL":"NOT ANALYZED","US_HIGH":0,"US_LOW":0,"AK_HIGH":0,"AK_LOW":0,"US_AREA":0,"PACIFIC":0}},{"type":"Feature","id":213,"geometry":{"type":"Point","coordinates":[-81.874803252020683,28.526671715601708]},"properties":{"FID":213,"OBJECTID":2987,"GLOBAL_ID":"09CFA497-C7E1-4F03-A58E-B5F3425ED95D","IDENT":"02FA","NAME":"Osborn Airfield","LATITUDE":"28-31-35.9990N","LONGITUDE":"081-52-29.2800W","ELEVATION":121,"ICAO_ID":" ","TYPE_CODE":"AD","SERVCITY":"GROVELAND","STATE":"FL","COUNTRY":"UNITED STATES","OPERSTATUS":"OPERATIONAL","PRIVATEUSE":1,"IAPEXISTS":0,"DODHIFLIP":0,"FAR91":0,"FAR93":0,"MIL_CODE":"CIVIL","AIRANAL":"CONDITIONAL","US_HIGH":0,"US_LOW":0,"AK_HIGH":0,"AK_LOW":0,"US_AREA":0,"PACIFIC":0}},{"type":"Feature","id":214,"geometry":{"type":"Point","coordinates":[-81.837858515246467,28.405843909509144]},"properties":{"FID":214,"OBJECTID":2988,"GLOBAL_ID":"24518D23-BB6C-4459-8E72-2E0E1469CED0","IDENT":"6FL0","NAME":"Seminole Lake","LATITUDE":"28-24-21.0190N","LONGITUDE":"081-50-16.2790W","ELEVATION":120,"ICAO_ID":" ","TYPE_CODE":"GL","SERVCITY":"CLERMONT","STATE":"FL","COUNTRY":"UNITED STATES","OPERSTATUS":"OPERATIONAL","PRIVATEUSE":1,"IAPEXISTS":0,"DODHIFLIP":0,"FAR91":0,"FAR93":0,"MIL_CODE":"CIVIL","AIRANAL":"CONDITIONAL","US_HIGH":0,"US_LOW":0,"AK_HIGH":0,"AK_LOW":0,"US_AREA":0,"PACIFIC":0}},{"type":"Feature","id":215,"geometry":{"type":"Point","coordinates":[-81.849525469273885,28.603058123610367]},"properties":{"FID":215,"OBJECTID":2989,"GLOBAL_ID":"6CC09621-6DB6-4CD3-B1CB-CB78AE25B2F0","IDENT":"FD78","NAME":"Kennedy","LATITUDE":"28-36-10.9900N","LONGITUDE":"081-50-58.2800W","ELEVATION":94,"ICAO_ID":" ","TYPE_CODE":"SP","SERVCITY":"GROVELAND","STATE":"FL","COUNTRY":"UNITED STATES","OPERSTATUS":"OPERATIONAL","PRIVATEUSE":1,"IAPEXISTS":0,"DODHIFLIP":0,"FAR91":0,"FAR93":0,"MIL_CODE":"CIVIL","AIRANAL":"CONDITIONAL","US_HIGH":0,"US_LOW":0,"AK_HIGH":0,"AK_LOW":0,"US_AREA":0,"PACIFIC":0}},{"type":"Feature","id":216,"geometry":{"type":"Point","coordinates":[-87.158862049191498,30.359371430377337]},"properties":{"FID":216,"OBJECTID":2990,"GLOBAL_ID":"9BC327BA-6126-432C-9434-55596B5B14F9","IDENT":"FD47","NAME":"Gulf Breeze Hospital","LATITUDE":"30-21-33.7170N","LONGITUDE":"087-09-31.8860W","ELEVATION":14,"ICAO_ID":" ","TYPE_CODE":"HP","SERVCITY":"GULF BREEZE","STATE":"FL","COUNTRY":"UNITED STATES","OPERSTATUS":"OPERATIONAL","PRIVATEUSE":1,"IAPEXISTS":0,"DODHIFLIP":0,"FAR91":0,"FAR93":0,"MIL_CODE":"CIVIL","AIRANAL":"CONDITIONAL","US_HIGH":0,"US_LOW":0,"AK_HIGH":0,"AK_LOW":0,"US_AREA":0,"PACIFIC":0}},{"type":"Feature","id":217,"geometry":{"type":"Point","coordinates":[-82.330376733029141,28.990261814144048]},"properties":{"FID":217,"OBJECTID":2991,"GLOBAL_ID":"6BE557D0-78DB-484A-9A2E-3D0E58DF2A5C","IDENT":"7FD2","NAME":"Drake Ranch","LATITUDE":"28-59-24.9230N","LONGITUDE":"082-19-49.3440W","ELEVATION":50,"ICAO_ID":" ","TYPE_CODE":"AD","SERVCITY":"HERNANDO","STATE":"FL","COUNTRY":"UNITED STATES","OPERSTATUS":"OPERATIONAL","PRIVATEUSE":1,"IAPEXISTS":0,"DODHIFLIP":0,"FAR91":0,"FAR93":0,"MIL_CODE":"CIVIL","AIRANAL":"CONDITIONAL","US_HIGH":0,"US_LOW":0,"AK_HIGH":0,"AK_LOW":0,"US_AREA":0,"PACIFIC":0}},{"type":"Feature","id":218,"geometry":{"type":"Point","coordinates":[-80.326613833484771,25.88659637909268]},"properties":{"FID":218,"OBJECTID":2992,"GLOBAL_ID":"85B32CBE-C0FE-4A5F-95E7-F87F6EC9D2D6","IDENT":"1FA5","NAME":"Palmetto General Hospital","LATITUDE":"25-53-11.7300N","LONGITUDE":"080-19-35.8000W","ELEVATION":10,"ICAO_ID":" ","TYPE_CODE":"HP","SERVCITY":"HIALEAH","STATE":"FL","COUNTRY":"UNITED STATES","OPERSTATUS":"OPERATIONAL","PRIVATEUSE":1,"IAPEXISTS":0,"DODHIFLIP":0,"FAR91":0,"FAR93":0,"MIL_CODE":"CIVIL","AIRANAL":"CONDITIONAL","US_HIGH":0,"US_LOW":0,"AK_HIGH":0,"AK_LOW":0,"US_AREA":0,"PACIFIC":0}},{"type":"Feature","id":219,"geometry":{"type":"Point","coordinates":[-82.665211856543465,29.720269476912335]},"properties":{"FID":219,"OBJECTID":2993,"GLOBAL_ID":"6AC7B6BE-1F87-4E20-A16B-118974D8C6E8","IDENT":"6J8","NAME":"Oak Tree Landing","LATITUDE":"29-43-12.9500N","LONGITUDE":"082-39-54.7500W","ELEVATION":90,"ICAO_ID":" ","TYPE_CODE":"AD","SERVCITY":"HIGH SPRINGS","STATE":"FL","COUNTRY":"UNITED STATES","OPERSTATUS":"OPERATIONAL","PRIVATEUSE":0,"IAPEXISTS":0,"DODHIFLIP":0,"FAR91":0,"FAR93":0,"MIL_CODE":"CIVIL","AIRANAL":"CONDITIONAL","US_HIGH":0,"US_LOW":1,"AK_HIGH":0,"AK_LOW":0,"US_AREA":0,"PACIFIC":0}},{"type":"Feature","id":220,"geometry":{"type":"Point","coordinates":[-82.641486855592063,29.875932013984084]},"properties":{"FID":220,"OBJECTID":2994,"GLOBAL_ID":"41476501-1C95-4B8B-A696-3C37FCAE527C","IDENT":"7FL7","NAME":"Lazy S Farm","LATITUDE":"29-52-33.3350N","LONGITUDE":"082-38-29.3400W","ELEVATION":89,"ICAO_ID":" ","TYPE_CODE":"AD","SERVCITY":"HIGH SPRINGS","STATE":"FL","COUNTRY":"UNITED STATES","OPERSTATUS":"OPERATIONAL","PRIVATEUSE":1,"IAPEXISTS":0,"DODHIFLIP":0,"FAR91":0,"FAR93":0,"MIL_CODE":"CIVIL","AIRANAL":"CONDITIONAL","US_HIGH":0,"US_LOW":0,"AK_HIGH":0,"AK_LOW":0,"US_AREA":0,"PACIFIC":0}},{"type":"Feature","id":221,"geometry":{"type":"Point","coordinates":[-81.906346396962761,30.685972501980928]},"properties":{"FID":221,"OBJECTID":2995,"GLOBAL_ID":"7D46912B-376B-480B-B2B3-EAE742FBEA0F","IDENT":"01J","NAME":"Hilliard Airpark","LATITUDE":"30-41-09.4800N","LONGITUDE":"081-54-22.8350W","ELEVATION":59,"ICAO_ID":" ","TYPE_CODE":"AD","SERVCITY":"HILLIARD","STATE":"FL","COUNTRY":"UNITED STATES","OPERSTATUS":"OPERATIONAL","PRIVATEUSE":0,"IAPEXISTS":0,"DODHIFLIP":0,"FAR91":0,"FAR93":0,"MIL_CODE":"CIVIL","AIRANAL":"CONDITIONAL","US_HIGH":0,"US_LOW":0,"AK_HIGH":0,"AK_LOW":0,"US_AREA":0,"PACIFIC":0}},{"type":"Feature","id":222,"geometry":{"type":"Point","coordinates":[-80.166391596375377,27.033893892757192]},"properties":{"FID":222,"OBJECTID":2996,"GLOBAL_ID":"3BE26083-E0E6-4871-9FC2-1E9366A8E47C","IDENT":"81FA","NAME":"Johnson Ranch","LATITUDE":"27-02-02.0000N","LONGITUDE":"080-09-59.0000W","ELEVATION":14,"ICAO_ID":" ","TYPE_CODE":"HP","SERVCITY":"HOBE SOUND","STATE":"FL","COUNTRY":"UNITED STATES","OPERSTATUS":"OPERATIONAL","PRIVATEUSE":1,"IAPEXISTS":0,"DODHIFLIP":0,"FAR91":0,"FAR93":0,"MIL_CODE":"CIVIL","AIRANAL":"CONDITIONAL","US_HIGH":0,"US_LOW":0,"AK_HIGH":0,"AK_LOW":0,"US_AREA":0,"PACIFIC":0}},{"type":"Feature","id":223,"geometry":{"type":"Point","coordinates":[-80.240696867403244,26.001266409960238]},"properties":{"FID":223,"OBJECTID":2997,"GLOBAL_ID":"4644D312-D6CB-444C-B6C2-0A6A6062D4F9","IDENT":"HWO","NAME":"North Perry","LATITUDE":"26-00-04.5420N","LONGITUDE":"080-14-26.4990W","ELEVATION":8.5,"ICAO_ID":"KHWO","TYPE_CODE":"AD","SERVCITY":"HOLLYWOOD","STATE":"FL","COUNTRY":"UNITED STATES","OPERSTATUS":"OPERATIONAL","PRIVATEUSE":0,"IAPEXISTS":1,"DODHIFLIP":0,"FAR91":0,"FAR93":0,"MIL_CODE":"CIVIL","AIRANAL":"CONDITIONAL","US_HIGH":0,"US_LOW":1,"AK_HIGH":0,"AK_LOW":0,"US_AREA":1,"PACIFIC":0}},{"type":"Feature","id":224,"geometry":{"type":"Point","coordinates":[-80.181327683508982,26.018765859672442]},"properties":{"FID":224,"OBJECTID":2998,"GLOBAL_ID":"59DDAD0E-943F-42E6-962E-DE60396BA3AD","IDENT":"77FD","NAME":"Meml Rgnl Hospital","LATITUDE":"26-01-07.5400N","LONGITUDE":"080-10-52.7700W","ELEVATION":62,"ICAO_ID":" ","TYPE_CODE":"HP","SERVCITY":"HOLLYWOOD","STATE":"FL","COUNTRY":"UNITED STATES","OPERSTATUS":"OPERATIONAL","PRIVATEUSE":1,"IAPEXISTS":0,"DODHIFLIP":0,"FAR91":0,"FAR93":0,"MIL_CODE":"CIVIL","AIRANAL":"CONDITIONAL","US_HIGH":0,"US_LOW":0,"AK_HIGH":0,"AK_LOW":0,"US_AREA":0,"PACIFIC":0}},{"type":"Feature","id":225,"geometry":{"type":"Point","coordinates":[-86.747183058992164,30.685474294231028]},"properties":{"FID":225,"OBJECTID":2999,"GLOBAL_ID":"05B401E7-8B85-4834-B41B-A3D2F8DD9E16","IDENT":"FD93","NAME":"Yellow River Airstrip","LATITUDE":"30-41-07.6870N","LONGITUDE":"086-44-49.8420W","ELEVATION":150,"ICAO_ID":" ","TYPE_CODE":"AD","SERVCITY":"HOLT","STATE":"FL","COUNTRY":"UNITED STATES","OPERSTATUS":"OPERATIONAL","PRIVATEUSE":1,"IAPEXISTS":0,"DODHIFLIP":0,"FAR91":0,"FAR93":0,"MIL_CODE":"CIVIL","AIRANAL":"CONDITIONAL","US_HIGH":0,"US_LOW":0,"AK_HIGH":0,"AK_LOW":0,"US_AREA":0,"PACIFIC":0}},{"type":"Feature","id":226,"geometry":{"type":"Point","coordinates":[-80.383569145855688,25.488555248833109]},"properties":{"FID":226,"OBJECTID":3000,"GLOBAL_ID":"236E754C-7A31-44D7-8DCD-8E3B9C9E0312","IDENT":"HST","NAME":"Homestead ARB","LATITUDE":"25-29-18.7823N","LONGITUDE":"080-23-00.8391W","ELEVATION":5.5999999999999996,"ICAO_ID":"KHST","TYPE_CODE":"AD","SERVCITY":"HOMESTEAD","STATE":"FL","COUNTRY":"UNITED STATES","OPERSTATUS":"OPERATIONAL","PRIVATEUSE":1,"IAPEXISTS":0,"DODHIFLIP":1,"FAR91":0,"FAR93":0,"MIL_CODE":"MIL","AIRANAL":"NOT ANALYZED","US_HIGH":1,"US_LOW":1,"AK_HIGH":0,"AK_LOW":0,"US_AREA":1,"PACIFIC":0}},{"type":"Feature","id":227,"geometry":{"type":"Point","coordinates":[-80.554249445936989,25.499231552987965]},"properties":{"FID":227,"OBJECTID":3001,"GLOBAL_ID":"7DEAB3FF-2715-4AF8-A819-26754651A605","IDENT":"X51","NAME":"Miami Homestead General Aviation","LATITUDE":"25-29-57.2170N","LONGITUDE":"080-33-15.2880W","ELEVATION":7,"ICAO_ID":" ","TYPE_CODE":"AD","SERVCITY":"HOMESTEAD","STATE":"FL","COUNTRY":"UNITED STATES","OPERSTATUS":"OPERATIONAL","PRIVATEUSE":0,"IAPEXISTS":1,"DODHIFLIP":0,"FAR91":0,"FAR93":0,"MIL_CODE":"CIVIL","AIRANAL":"CONDITIONAL","US_HIGH":0,"US_LOW":1,"AK_HIGH":0,"AK_LOW":0,"US_AREA":1,"PACIFIC":0}},{"type":"Feature","id":228,"geometry":{"type":"Point","coordinates":[-80.60089805661579,24.934858907957619]},"properties":{"FID":228,"OBJECTID":3002,"GLOBAL_ID":"9635790E-E73C-44CA-9E95-1EA1708D739B","IDENT":"FA05","NAME":"Holiday Isle","LATITUDE":"24-56-05.4760N","LONGITUDE":"080-36-03.2230W","ELEVATION":0,"ICAO_ID":" ","TYPE_CODE":"SP","SERVCITY":"ISLAMORADA","STATE":"FL","COUNTRY":"UNITED STATES","OPERSTATUS":"OPERATIONAL","PRIVATEUSE":1,"IAPEXISTS":0,"DODHIFLIP":0,"FAR91":0,"FAR93":0,"MIL_CODE":"CIVIL","AIRANAL":"CONDITIONAL","US_HIGH":0,"US_LOW":0,"AK_HIGH":0,"AK_LOW":0,"US_AREA":0,"PACIFIC":0}},{"type":"Feature","id":229,"geometry":{"type":"Point","coordinates":[-82.053350559350463,29.479449992676678]},"properties":{"FID":229,"OBJECTID":3003,"GLOBAL_ID":"2974CA57-A662-4B7D-A568-15A88AF1F878","IDENT":"2FD2","NAME":"Marjorie Kennan Rawlings","LATITUDE":"29-28-46.0000N","LONGITUDE":"082-03-12.0500W","ELEVATION":78,"ICAO_ID":" ","TYPE_CODE":"AD","SERVCITY":"ISLAND GROVE","STATE":"FL","COUNTRY":"UNITED STATES","OPERSTATUS":"OPERATIONAL","PRIVATEUSE":1,"IAPEXISTS":0,"DODHIFLIP":0,"FAR91":0,"FAR93":0,"MIL_CODE":"CIVIL","AIRANAL":"CONDITIONAL","US_HIGH":0,"US_LOW":0,"AK_HIGH":0,"AK_LOW":0,"US_AREA":0,"PACIFIC":0}},{"type":"Feature","id":230,"geometry":{"type":"Point","coordinates":[-81.805948851576773,30.277791576127981]},"properties":{"FID":230,"OBJECTID":3004,"GLOBAL_ID":"D3CB222F-89BA-4325-A5E6-7227D1520EFC","IDENT":"HEG","NAME":"Herlong Recreational","LATITUDE":"30-16-40.0290N","LONGITUDE":"081-48-21.4040W","ELEVATION":85.900000000000006,"ICAO_ID":"KHEG","TYPE_CODE":"AD","SERVCITY":"JACKSONVILLE","STATE":"FL","COUNTRY":"UNITED STATES","OPERSTATUS":"OPERATIONAL","PRIVATEUSE":0,"IAPEXISTS":1,"DODHIFLIP":0,"FAR91":0,"FAR93":0,"MIL_CODE":"CIVIL","AIRANAL":"CONDITIONAL","US_HIGH":0,"US_LOW":1,"AK_HIGH":0,"AK_LOW":0,"US_AREA":1,"PACIFIC":0}},{"type":"Feature","id":231,"geometry":{"type":"Point","coordinates":[-81.583081007740645,30.254925188301172]},"properties":{"FID":231,"OBJECTID":3005,"GLOBAL_ID":"A97CBD07-DFE0-48F1-9F98-49F7F2267E86","IDENT":"FD58","NAME":"Ascension St. Vincent's Southside","LATITUDE":"30-15-17.7100N","LONGITUDE":"081-34-59.0800W","ELEVATION":25,"ICAO_ID":" ","TYPE_CODE":"HP","SERVCITY":"JACKSONVILLE","STATE":"FL","COUNTRY":"UNITED STATES","OPERSTATUS":"OPERATIONAL","PRIVATEUSE":1,"IAPEXISTS":0,"DODHIFLIP":0,"FAR91":0,"FAR93":0,"MIL_CODE":"CIVIL","AIRANAL":"CONDITIONAL","US_HIGH":0,"US_LOW":0,"AK_HIGH":0,"AK_LOW":0,"US_AREA":0,"PACIFIC":0}},{"type":"Feature","id":232,"geometry":{"type":"Point","coordinates":[-81.442653189156488,30.265011306748477]},"properties":{"FID":232,"OBJECTID":3006,"GLOBAL_ID":"55EE93E9-DC8B-4CCF-8748-D35AA66DEFF8","IDENT":"6FL1","NAME":"Mayo Clinic","LATITUDE":"30-15-54.0200N","LONGITUDE":"081-26-33.5400W","ELEVATION":15,"ICAO_ID":" ","TYPE_CODE":"HP","SERVCITY":"JACKSONVILLE","STATE":"FL","COUNTRY":"UNITED STATES","OPERSTATUS":"OPERATIONAL","PRIVATEUSE":1,"IAPEXISTS":0,"DODHIFLIP":0,"FAR91":0,"FAR93":0,"MIL_CODE":"CIVIL","AIRANAL":"CONDITIONAL","US_HIGH":0,"US_LOW":0,"AK_HIGH":0,"AK_LOW":0,"US_AREA":0,"PACIFIC":0}},{"type":"Feature","id":233,"geometry":{"type":"Point","coordinates":[-81.65065380818379,30.325522980812877]},"properties":{"FID":233,"OBJECTID":3007,"GLOBAL_ID":"CA8037E4-4296-400E-9E4C-2BCE13C13E8D","IDENT":"FD87","NAME":"Jacksonville Pre-Trial Detention Facility","LATITUDE":"30-19-31.8620N","LONGITUDE":"081-39-02.3420W","ELEVATION":162,"ICAO_ID":" ","TYPE_CODE":"HP","SERVCITY":"JACKSONVILLE","STATE":"FL","COUNTRY":"UNITED STATES","OPERSTATUS":"OPERATIONAL","PRIVATEUSE":1,"IAPEXISTS":0,"DODHIFLIP":0,"FAR91":0,"FAR93":0,"MIL_CODE":"CIVIL","AIRANAL":"CONDITIONAL","US_HIGH":0,"US_LOW":0,"AK_HIGH":0,"AK_LOW":0,"US_AREA":0,"PACIFIC":0}},{"type":"Feature","id":234,"geometry":{"type":"Point","coordinates":[-81.538197656910029,30.157794611880377]},"properties":{"FID":234,"OBJECTID":3008,"GLOBAL_ID":"5D7116F7-5CF3-406A-B66C-F45DD2D98623","IDENT":"FD76","NAME":"Thomas Contracting","LATITUDE":"30-09-28.0400N","LONGITUDE":"081-32-17.5000W","ELEVATION":20,"ICAO_ID":" ","TYPE_CODE":"HP","SERVCITY":"JACKSONVILLE","STATE":"FL","COUNTRY":"UNITED STATES","OPERSTATUS":"OPERATIONAL","PRIVATEUSE":1,"IAPEXISTS":0,"DODHIFLIP":0,"FAR91":0,"FAR93":0,"MIL_CODE":"CIVIL","AIRANAL":"CONDITIONAL","US_HIGH":0,"US_LOW":0,"AK_HIGH":0,"AK_LOW":0,"US_AREA":0,"PACIFIC":0}},{"type":"Feature","id":235,"geometry":{"type":"Point","coordinates":[-81.687849936635473,30.494051352974566]},"properties":{"FID":235,"OBJECTID":3009,"GLOBAL_ID":"E2E20781-927D-4930-B08E-27A9C0FE0984","IDENT":"JAX","NAME":"Jacksonville Intl","LATITUDE":"30-29-38.5640N","LONGITUDE":"081-41-16.2480W","ELEVATION":29.600000000000001,"ICAO_ID":"KJAX","TYPE_CODE":"AD","SERVCITY":"JACKSONVILLE","STATE":"FL","COUNTRY":"UNITED STATES","OPERSTATUS":"OPERATIONAL","PRIVATEUSE":0,"IAPEXISTS":0,"DODHIFLIP":1,"FAR91":0,"FAR93":0,"MIL_CODE":"CIVIL","AIRANAL":"NO OBJECTION","US_HIGH":1,"US_LOW":1,"AK_HIGH":0,"AK_LOW":0,"US_AREA":1,"PACIFIC":0}},{"type":"Feature","id":236,"geometry":{"type":"Point","coordinates":[-81.662320755206736,30.315800756202634]},"properties":{"FID":236,"OBJECTID":3010,"GLOBAL_ID":"6E824E65-BDA8-4513-9E0D-5CAFD71C7C0A","IDENT":"7FD4","NAME":"Baptist Medical Center","LATITUDE":"30-18-56.8620N","LONGITUDE":"081-39-44.3430W","ELEVATION":65,"ICAO_ID":" ","TYPE_CODE":"HP","SERVCITY":"JACKSONVILLE","STATE":"FL","COUNTRY":"UNITED STATES","OPERSTATUS":"OPERATIONAL","PRIVATEUSE":1,"IAPEXISTS":0,"DODHIFLIP":0,"FAR91":0,"FAR93":0,"MIL_CODE":"CIVIL","AIRANAL":"CONDITIONAL","US_HIGH":0,"US_LOW":0,"AK_HIGH":0,"AK_LOW":0,"US_AREA":0,"PACIFIC":0}},{"type":"Feature","id":237,"geometry":{"type":"Point","coordinates":[-81.681947700205683,30.193894616155319]},"properties":{"FID":237,"OBJECTID":3011,"GLOBAL_ID":"6A461469-7278-4E21-B34B-7B2B9C148453","IDENT":"0FL8","NAME":"Gary Gale","LATITUDE":"30-11-38.0000N","LONGITUDE":"081-40-55.0000W","ELEVATION":0,"ICAO_ID":" ","TYPE_CODE":"SP","SERVCITY":"JACKSONVILLE","STATE":"FL","COUNTRY":"UNITED STATES","OPERSTATUS":"OPERATIONAL","PRIVATEUSE":1,"IAPEXISTS":0,"DODHIFLIP":0,"FAR91":0,"FAR93":0,"MIL_CODE":"CIVIL","AIRANAL":"CONDITIONAL","US_HIGH":0,"US_LOW":0,"AK_HIGH":0,"AK_LOW":0,"US_AREA":0,"PACIFIC":0}},{"type":"Feature","id":238,"geometry":{"type":"Point","coordinates":[-81.877169981019847,30.218783505276008]},"properties":{"FID":238,"OBJECTID":3012,"GLOBAL_ID":"47E26404-FBFA-4B02-9890-BB929C41E0EC","IDENT":"VQQ","NAME":"Cecil","LATITUDE":"30-13-07.6000N","LONGITUDE":"081-52-37.8000W","ELEVATION":79.5,"ICAO_ID":"KVQQ","TYPE_CODE":"AD","SERVCITY":"JACKSONVILLE","STATE":"FL","COUNTRY":"UNITED STATES","OPERSTATUS":"OPERATIONAL","PRIVATEUSE":0,"IAPEXISTS":1,"DODHIFLIP":0,"FAR91":0,"FAR93":0,"MIL_CODE":"CIVIL","AIRANAL":"NO OBJECTION","US_HIGH":1,"US_LOW":1,"AK_HIGH":0,"AK_LOW":0,"US_AREA":1,"PACIFIC":0}},{"type":"Feature","id":239,"geometry":{"type":"Point","coordinates":[-87.239449315252273,30.85333903721164]},"properties":{"FID":239,"OBJECTID":3013,"GLOBAL_ID":"2D9140C3-D42C-40EC-BB4E-7B47B1762817","IDENT":"50FL","NAME":"Zoltak Landing","LATITUDE":"30-51-12.0000N","LONGITUDE":"087-14-22.0000W","ELEVATION":245,"ICAO_ID":" ","TYPE_CODE":"AD","SERVCITY":"JAY","STATE":"FL","COUNTRY":"UNITED STATES","OPERSTATUS":"OPERATIONAL","PRIVATEUSE":1,"IAPEXISTS":0,"DODHIFLIP":0,"FAR91":0,"FAR93":0,"MIL_CODE":"CIVIL","AIRANAL":"CONDITIONAL","US_HIGH":0,"US_LOW":0,"AK_HIGH":0,"AK_LOW":0,"US_AREA":0,"PACIFIC":0}},{"type":"Feature","id":240,"geometry":{"type":"Point","coordinates":[-87.150032628551401,30.94959461740109]},"properties":{"FID":240,"OBJECTID":3014,"GLOBAL_ID":"4578B30E-BC61-43CF-A2D9-A2BECAB07D46","IDENT":"FA16","NAME":"Jay Hospital","LATITUDE":"30-56-58.5200N","LONGITUDE":"087-09-00.1000W","ELEVATION":252,"ICAO_ID":" ","TYPE_CODE":"HP","SERVCITY":"JAY","STATE":"FL","COUNTRY":"UNITED STATES","OPERSTATUS":"OPERATIONAL","PRIVATEUSE":1,"IAPEXISTS":0,"DODHIFLIP":0,"FAR91":0,"FAR93":0,"MIL_CODE":"CIVIL","AIRANAL":"CONDITIONAL","US_HIGH":0,"US_LOW":0,"AK_HIGH":0,"AK_LOW":0,"US_AREA":0,"PACIFIC":0}},{"type":"Feature","id":241,"geometry":{"type":"Point","coordinates":[-87.208110419509069,30.876158488283465]},"properties":{"FID":241,"OBJECTID":3015,"GLOBAL_ID":"F7D767F5-50FA-4DEA-A44C-00C0EC69B034","IDENT":"56FL","NAME":"Buchanan","LATITUDE":"30-52-34.1500N","LONGITUDE":"087-12-29.1800W","ELEVATION":246,"ICAO_ID":" ","TYPE_CODE":"AD","SERVCITY":"JAY","STATE":"FL","COUNTRY":"UNITED STATES","OPERSTATUS":"OPERATIONAL","PRIVATEUSE":1,"IAPEXISTS":0,"DODHIFLIP":0,"FAR91":0,"FAR93":0,"MIL_CODE":"CIVIL","AIRANAL":"CONDITIONAL","US_HIGH":0,"US_LOW":0,"AK_HIGH":0,"AK_LOW":0,"US_AREA":0,"PACIFIC":0}},{"type":"Feature","id":242,"geometry":{"type":"Point","coordinates":[-83.259317063606773,30.622436335280327]},"properties":{"FID":242,"OBJECTID":3016,"GLOBAL_ID":"AE8348E7-D81E-4230-B4AB-BD3BAD40DC4C","IDENT":"FA11","NAME":"Bird Fld","LATITUDE":"30-37-20.7500N","LONGITUDE":"083-15-33.5280W","ELEVATION":150,"ICAO_ID":" ","TYPE_CODE":"AD","SERVCITY":"JENNINGS","STATE":"FL","COUNTRY":"UNITED STATES","OPERSTATUS":"OPERATIONAL","PRIVATEUSE":1,"IAPEXISTS":0,"DODHIFLIP":0,"FAR91":0,"FAR93":0,"MIL_CODE":"CIVIL","AIRANAL":"CONDITIONAL","US_HIGH":0,"US_LOW":0,"AK_HIGH":0,"AK_LOW":0,"US_AREA":0,"PACIFIC":0}},{"type":"Feature","id":243,"geometry":{"type":"Point","coordinates":[-80.057266559393838,26.859507740789695]},"properties":{"FID":243,"OBJECTID":3017,"GLOBAL_ID":"5D3E7DF2-FAB3-4B63-889A-FD6DA8EA8558","IDENT":"59FL","NAME":"Florida Power & Light-Juno Beach","LATITUDE":"26-51-34.2100N","LONGITUDE":"080-03-26.1500W","ELEVATION":8,"ICAO_ID":" ","TYPE_CODE":"HP","SERVCITY":"JUNO BEACH","STATE":"FL","COUNTRY":"UNITED STATES","OPERSTATUS":"OPERATIONAL","PRIVATEUSE":1,"IAPEXISTS":0,"DODHIFLIP":0,"FAR91":0,"FAR93":0,"MIL_CODE":"CIVIL","AIRANAL":"CONDITIONAL","US_HIGH":0,"US_LOW":0,"AK_HIGH":0,"AK_LOW":0,"US_AREA":0,"PACIFIC":0}},{"type":"Feature","id":244,"geometry":{"type":"Point","coordinates":[-80.074724897401552,26.855838294471198]},"properties":{"FID":244,"OBJECTID":3018,"GLOBAL_ID":"FF591865-5830-4DFA-9F92-EED0811DFC75","IDENT":"2FL4","NAME":"Brady","LATITUDE":"26-51-21.0000N","LONGITUDE":"080-04-29.0000W","ELEVATION":4,"ICAO_ID":" ","TYPE_CODE":"HP","SERVCITY":"JUNO BEACH","STATE":"FL","COUNTRY":"UNITED STATES","OPERSTATUS":"OPERATIONAL","PRIVATEUSE":1,"IAPEXISTS":0,"DODHIFLIP":0,"FAR91":0,"FAR93":0,"MIL_CODE":"CIVIL","AIRANAL":"CONDITIONAL","US_HIGH":0,"US_LOW":0,"AK_HIGH":0,"AK_LOW":0,"US_AREA":0,"PACIFIC":0}},{"type":"Feature","id":245,"geometry":{"type":"Point","coordinates":[-80.32841677913774,26.908158024670115]},"properties":{"FID":245,"OBJECTID":3019,"GLOBAL_ID":"566B0A9E-B1BA-4153-BACB-5B6484AFA0E0","IDENT":"06FA","NAME":"William P Gwinn","LATITUDE":"26-54-29.3510N","LONGITUDE":"080-19-42.2905W","ELEVATION":28,"ICAO_ID":" ","TYPE_CODE":"AD","SERVCITY":"JUPITER","STATE":"FL","COUNTRY":"UNITED STATES","OPERSTATUS":"OPERATIONAL","PRIVATEUSE":1,"IAPEXISTS":0,"DODHIFLIP":0,"FAR91":0,"FAR93":0,"MIL_CODE":"CIVIL","AIRANAL":"NO OBJECTION","US_HIGH":1,"US_LOW":1,"AK_HIGH":0,"AK_LOW":0,"US_AREA":0,"PACIFIC":0}},{"type":"Feature","id":246,"geometry":{"type":"Point","coordinates":[-80.097502683989433,26.922679977635198]},"properties":{"FID":246,"OBJECTID":3020,"GLOBAL_ID":"27ADDC40-2C74-49F5-9BBF-8F4311A7E7E7","IDENT":"60FL","NAME":"Jupiter Medical Center","LATITUDE":"26-55-21.6300N","LONGITUDE":"080-05-51.0000W","ELEVATION":15,"ICAO_ID":" ","TYPE_CODE":"HP","SERVCITY":"JUPITER","STATE":"FL","COUNTRY":"UNITED STATES","OPERSTATUS":"OPERATIONAL","PRIVATEUSE":1,"IAPEXISTS":0,"DODHIFLIP":0,"FAR91":0,"FAR93":0,"MIL_CODE":"CIVIL","AIRANAL":"CONDITIONAL","US_HIGH":0,"US_LOW":0,"AK_HIGH":0,"AK_LOW":0,"US_AREA":0,"PACIFIC":0}},{"type":"Feature","id":247,"geometry":{"type":"Point","coordinates":[-80.218659388094295,26.979504988994222]},"properties":{"FID":247,"OBJECTID":3021,"GLOBAL_ID":"C2FDFB77-5A0B-4E89-B2F1-02EA77656CCF","IDENT":"FD15","NAME":"Tailwinds","LATITUDE":"26-58-46.2000N","LONGITUDE":"080-13-07.1640W","ELEVATION":19,"ICAO_ID":" ","TYPE_CODE":"AD","SERVCITY":"JUPITER","STATE":"FL","COUNTRY":"UNITED STATES","OPERSTATUS":"OPERATIONAL","PRIVATEUSE":1,"IAPEXISTS":0,"DODHIFLIP":0,"FAR91":0,"FAR93":0,"MIL_CODE":"CIVIL","AIRANAL":"CONDITIONAL","US_HIGH":0,"US_LOW":0,"AK_HIGH":0,"AK_LOW":0,"US_AREA":0,"PACIFIC":0}},{"type":"Feature","id":248,"geometry":{"type":"Point","coordinates":[-81.410250331475027,28.298541394702852]},"properties":{"FID":248,"OBJECTID":3022,"GLOBAL_ID":"DAD276B8-37E0-423C-B1A2-C2BD5583CAAE","IDENT":"12FD","NAME":"Hca Florida Osceola Hospital","LATITUDE":"28-17-54.7300N","LONGITUDE":"081-24-36.8900W","ELEVATION":59,"ICAO_ID":" ","TYPE_CODE":"HP","SERVCITY":"KISSIMMEE","STATE":"FL","COUNTRY":"UNITED STATES","OPERSTATUS":"OPERATIONAL","PRIVATEUSE":1,"IAPEXISTS":0,"DODHIFLIP":0,"FAR91":0,"FAR93":0,"MIL_CODE":"CIVIL","AIRANAL":"CONDITIONAL","US_HIGH":0,"US_LOW":0,"AK_HIGH":0,"AK_LOW":0,"US_AREA":0,"PACIFIC":0}},{"type":"Feature","id":249,"geometry":{"type":"Point","coordinates":[-81.387225324532892,28.291116393499465]},"properties":{"FID":249,"OBJECTID":3023,"GLOBAL_ID":"56D74325-0ABC-4BF3-8206-C18B2EEEDF13","IDENT":"43FD","NAME":"Cole's","LATITUDE":"28-17-28.0000N","LONGITUDE":"081-23-14.0000W","ELEVATION":53,"ICAO_ID":" ","TYPE_CODE":"SP","SERVCITY":"KISSIMMEE","STATE":"FL","COUNTRY":"UNITED STATES","OPERSTATUS":"INDEFINITE","PRIVATEUSE":1,"IAPEXISTS":0,"DODHIFLIP":0,"FAR91":0,"FAR93":0,"MIL_CODE":"CIVIL","AIRANAL":"CONDITIONAL","US_HIGH":0,"US_LOW":0,"AK_HIGH":0,"AK_LOW":0,"US_AREA":0,"PACIFIC":0}},{"type":"Feature","id":250,"geometry":{"type":"Point","coordinates":[-81.405907275763354,28.315293343867381]},"properties":{"FID":250,"OBJECTID":3024,"GLOBAL_ID":"612114A9-77F2-43B8-9D42-A6E692E821C2","IDENT":"85FD","NAME":"Advent Health Kissimmee","LATITUDE":"28-18-55.0370N","LONGITUDE":"081-24-21.2550W","ELEVATION":81,"ICAO_ID":" ","TYPE_CODE":"HP","SERVCITY":"KISSIMMEE","STATE":"FL","COUNTRY":"UNITED STATES","OPERSTATUS":"OPERATIONAL","PRIVATEUSE":1,"IAPEXISTS":0,"DODHIFLIP":0,"FAR91":0,"FAR93":0,"MIL_CODE":"CIVIL","AIRANAL":"CONDITIONAL","US_HIGH":0,"US_LOW":0,"AK_HIGH":0,"AK_LOW":0,"US_AREA":0,"PACIFIC":0}},{"type":"Feature","id":251,"geometry":{"type":"Point","coordinates":[-81.336503087248843,28.275105279928482]},"properties":{"FID":251,"OBJECTID":3025,"GLOBAL_ID":"77D1765A-AD67-4436-AE54-6E3A2961F656","IDENT":"19FD","NAME":"Osceola Sheriff's Ofc - Bronson Hwy","LATITUDE":"28-16-30.3600N","LONGITUDE":"081-20-11.4000W","ELEVATION":66,"ICAO_ID":" ","TYPE_CODE":"HP","SERVCITY":"KISSIMMEE","STATE":"FL","COUNTRY":"UNITED STATES","OPERSTATUS":"OPERATIONAL","PRIVATEUSE":1,"IAPEXISTS":0,"DODHIFLIP":0,"FAR91":0,"FAR93":0,"MIL_CODE":"CIVIL","AIRANAL":"CONDITIONAL","US_HIGH":0,"US_LOW":0,"AK_HIGH":0,"AK_LOW":0,"US_AREA":0,"PACIFIC":0}},{"type":"Feature","id":252,"geometry":{"type":"Point","coordinates":[-81.465939237119073,28.312146952557043]},"properties":{"FID":252,"OBJECTID":3026,"GLOBAL_ID":"B6D998F6-E456-4A40-AEEE-FD972DC7C2A6","IDENT":"1FL1","NAME":"America's Chopper Pilots","LATITUDE":"28-18-43.7100N","LONGITUDE":"081-27-57.3700W","ELEVATION":75,"ICAO_ID":" ","TYPE_CODE":"HP","SERVCITY":"KISSIMMEE","STATE":"FL","COUNTRY":"UNITED STATES","OPERSTATUS":"OPERATIONAL","PRIVATEUSE":1,"IAPEXISTS":0,"DODHIFLIP":0,"FAR91":0,"FAR93":0,"MIL_CODE":"CIVIL","AIRANAL":"CONDITIONAL","US_HIGH":0,"US_LOW":0,"AK_HIGH":0,"AK_LOW":0,"US_AREA":0,"PACIFIC":0}},{"type":"Feature","id":253,"geometry":{"type":"Point","coordinates":[-81.383962544517317,28.258628607718435]},"properties":{"FID":253,"OBJECTID":3027,"GLOBAL_ID":"4F1790FB-8581-4D42-B45A-906DF5CF1288","IDENT":"FD83","NAME":"Stout","LATITUDE":"28-15-31.0440N","LONGITUDE":"081-23-02.2540W","ELEVATION":65,"ICAO_ID":" ","TYPE_CODE":"AD","SERVCITY":"KISSIMMEE","STATE":"FL","COUNTRY":"UNITED STATES","OPERSTATUS":"OPERATIONAL","PRIVATEUSE":1,"IAPEXISTS":0,"DODHIFLIP":0,"FAR91":0,"FAR93":0,"MIL_CODE":"CIVIL","AIRANAL":"CONDITIONAL","US_HIGH":0,"US_LOW":0,"AK_HIGH":0,"AK_LOW":0,"US_AREA":0,"PACIFIC":0}},{"type":"Feature","id":254,"geometry":{"type":"Point","coordinates":[-81.487758689166924,28.333469179147642]},"properties":{"FID":254,"OBJECTID":3028,"GLOBAL_ID":"7638BC11-7CC2-499B-A268-AF9F47D30FD1","IDENT":"36FA","NAME":"Orlando Helicopter Adventures","LATITUDE":"28-20-00.4700N","LONGITUDE":"081-29-15.9200W","ELEVATION":85,"ICAO_ID":" ","TYPE_CODE":"HP","SERVCITY":"KISSIMMEE","STATE":"FL","COUNTRY":"UNITED STATES","OPERSTATUS":"OPERATIONAL","PRIVATEUSE":1,"IAPEXISTS":0,"DODHIFLIP":0,"FAR91":0,"FAR93":0,"MIL_CODE":"CIVIL","AIRANAL":"CONDITIONAL","US_HIGH":0,"US_LOW":0,"AK_HIGH":0,"AK_LOW":0,"US_AREA":0,"PACIFIC":0}},{"type":"Feature","id":255,"geometry":{"type":"Point","coordinates":[-81.428280844766618,26.740588234550785]},"properties":{"FID":255,"OBJECTID":3029,"GLOBAL_ID":"4CF3544D-F5E3-4B98-A17A-DF3385507CEC","IDENT":"X14","NAME":"La Belle Muni","LATITUDE":"26-44-26.1000N","LONGITUDE":"081-25-41.8000W","ELEVATION":20.199999999999999,"ICAO_ID":" ","TYPE_CODE":"AD","SERVCITY":"LA BELLE","STATE":"FL","COUNTRY":"UNITED STATES","OPERSTATUS":"OPERATIONAL","PRIVATEUSE":0,"IAPEXISTS":1,"DODHIFLIP":0,"FAR91":0,"FAR93":0,"MIL_CODE":"CIVIL","AIRANAL":"NO OBJECTION","US_HIGH":1,"US_LOW":1,"AK_HIGH":0,"AK_LOW":0,"US_AREA":0,"PACIFIC":0}},{"type":"Feature","id":256,"geometry":{"type":"Point","coordinates":[-81.506191422330915,26.738960177344893]},"properties":{"FID":256,"OBJECTID":3030,"GLOBAL_ID":"BCD0433D-461F-4EC2-97B0-88748ED39931","IDENT":"FA51","NAME":"Sky Manor Airpark","LATITUDE":"26-44-20.2390N","LONGITUDE":"081-30-22.2780W","ELEVATION":15,"ICAO_ID":" ","TYPE_CODE":"AD","SERVCITY":"LA BELLE","STATE":"FL","COUNTRY":"UNITED STATES","OPERSTATUS":"OPERATIONAL","PRIVATEUSE":1,"IAPEXISTS":0,"DODHIFLIP":0,"FAR91":0,"FAR93":0,"MIL_CODE":"CIVIL","AIRANAL":"CONDITIONAL","US_HIGH":0,"US_LOW":0,"AK_HIGH":0,"AK_LOW":0,"US_AREA":0,"PACIFIC":0}},{"type":"Feature","id":257,"geometry":{"type":"Point","coordinates":[-82.604011851204746,30.043852887226933]},"properties":{"FID":257,"OBJECTID":3031,"GLOBAL_ID":"2F3CD274-663A-4DFA-A43A-1429C480535A","IDENT":"FL27","NAME":"Lake City Airpark","LATITUDE":"30-02-37.8500N","LONGITUDE":"082-36-14.4300W","ELEVATION":120,"ICAO_ID":" ","TYPE_CODE":"AD","SERVCITY":"LAKE CITY","STATE":"FL","COUNTRY":"UNITED STATES","OPERSTATUS":"OPERATIONAL","PRIVATEUSE":1,"IAPEXISTS":0,"DODHIFLIP":0,"FAR91":0,"FAR93":0,"MIL_CODE":"CIVIL","AIRANAL":"CONDITIONAL","US_HIGH":0,"US_LOW":0,"AK_HIGH":0,"AK_LOW":0,"US_AREA":0,"PACIFIC":0}},{"type":"Feature","id":258,"geometry":{"type":"Point","coordinates":[-82.688347992024035,30.182827917053146]},"properties":{"FID":258,"OBJECTID":3032,"GLOBAL_ID":"5137E4AF-8843-4D61-A5C7-16A894A8384A","IDENT":"1FL2","NAME":"Hca Florida Lake City Hospital","LATITUDE":"30-10-58.1600N","LONGITUDE":"082-41-18.0400W","ELEVATION":152,"ICAO_ID":" ","TYPE_CODE":"HP","SERVCITY":"LAKE CITY","STATE":"FL","COUNTRY":"UNITED STATES","OPERSTATUS":"OPERATIONAL","PRIVATEUSE":1,"IAPEXISTS":0,"DODHIFLIP":0,"FAR91":0,"FAR93":0,"MIL_CODE":"CIVIL","AIRANAL":"CONDITIONAL","US_HIGH":0,"US_LOW":0,"AK_HIGH":0,"AK_LOW":0,"US_AREA":0,"PACIFIC":0}},{"type":"Feature","id":259,"geometry":{"type":"Point","coordinates":[-82.043977170493008,27.933363235076911]},"properties":{"FID":259,"OBJECTID":3033,"GLOBAL_ID":"697B2413-0C27-403F-98FE-A2668114C5FC","IDENT":"X49","NAME":"South Lakeland","LATITUDE":"27-56-00.0890N","LONGITUDE":"082-02-38.3060W","ELEVATION":110,"ICAO_ID":" ","TYPE_CODE":"AD","SERVCITY":"LAKELAND","STATE":"FL","COUNTRY":"UNITED STATES","OPERSTATUS":"OPERATIONAL","PRIVATEUSE":0,"IAPEXISTS":0,"DODHIFLIP":0,"FAR91":0,"FAR93":0,"MIL_CODE":"CIVIL","AIRANAL":"CONDITIONAL","US_HIGH":0,"US_LOW":0,"AK_HIGH":0,"AK_LOW":0,"US_AREA":0,"PACIFIC":0}},{"type":"Feature","id":260,"geometry":{"type":"Point","coordinates":[-81.958695762469574,28.10863383467273]},"properties":{"FID":260,"OBJECTID":3034,"GLOBAL_ID":"2BA573FE-0D5E-4161-808C-65BFF60AA38F","IDENT":"8FA0","NAME":"Lake Gibson","LATITUDE":"28-06-31.0630N","LONGITUDE":"081-57-31.2930W","ELEVATION":142,"ICAO_ID":" ","TYPE_CODE":"SP","SERVCITY":"LAKELAND","STATE":"FL","COUNTRY":"UNITED STATES","OPERSTATUS":"OPERATIONAL","PRIVATEUSE":1,"IAPEXISTS":0,"DODHIFLIP":0,"FAR91":0,"FAR93":0,"MIL_CODE":"CIVIL","AIRANAL":"CONDITIONAL","US_HIGH":0,"US_LOW":0,"AK_HIGH":0,"AK_LOW":0,"US_AREA":0,"PACIFIC":0}},{"type":"Feature","id":261,"geometry":{"type":"Point","coordinates":[-81.954258815673654,28.062213545559359]},"properties":{"FID":261,"OBJECTID":3035,"GLOBAL_ID":"89A9F82C-1601-4EBC-877B-16E60B117486","IDENT":"7FD7","NAME":"Lakeland Rgnl Medical Center","LATITUDE":"28-03-43.9500N","LONGITUDE":"081-57-15.3200W","ELEVATION":243,"ICAO_ID":" ","TYPE_CODE":"HP","SERVCITY":"LAKELAND","STATE":"FL","COUNTRY":"UNITED STATES","OPERSTATUS":"OPERATIONAL","PRIVATEUSE":1,"IAPEXISTS":0,"DODHIFLIP":0,"FAR91":0,"FAR93":0,"MIL_CODE":"CIVIL","AIRANAL":"CONDITIONAL","US_HIGH":0,"US_LOW":0,"AK_HIGH":0,"AK_LOW":0,"US_AREA":0,"PACIFIC":0}},{"type":"Feature","id":262,"geometry":{"type":"Point","coordinates":[-81.879356014312577,28.011085758090019]},"properties":{"FID":262,"OBJECTID":3036,"GLOBAL_ID":"E5FA60E5-98E3-4F97-8362-50AFCB240039","IDENT":"40FD","NAME":"Little's","LATITUDE":"28-00-39.8900N","LONGITUDE":"081-52-45.6700W","ELEVATION":115,"ICAO_ID":" ","TYPE_CODE":"HP","SERVCITY":"LAKELAND","STATE":"FL","COUNTRY":"UNITED STATES","OPERSTATUS":"OPERATIONAL","PRIVATEUSE":1,"IAPEXISTS":0,"DODHIFLIP":0,"FAR91":0,"FAR93":0,"MIL_CODE":"CIVIL","AIRANAL":"CONDITIONAL","US_HIGH":0,"US_LOW":0,"AK_HIGH":0,"AK_LOW":0,"US_AREA":0,"PACIFIC":0}},{"type":"Feature","id":263,"geometry":{"type":"Point","coordinates":[-81.997919944211731,28.21176080357111]},"properties":{"FID":263,"OBJECTID":3037,"GLOBAL_ID":"0FC9C424-7A01-435B-BA5F-369D0346A40F","IDENT":"FD33","NAME":"Green Swamp Aerodrome","LATITUDE":"28-12-42.3200N","LONGITUDE":"081-59-52.5000W","ELEVATION":115,"ICAO_ID":" ","TYPE_CODE":"AD","SERVCITY":"LAKELAND","STATE":"FL","COUNTRY":"UNITED STATES","OPERSTATUS":"OPERATIONAL","PRIVATEUSE":1,"IAPEXISTS":0,"DODHIFLIP":0,"FAR91":0,"FAR93":0,"MIL_CODE":"CIVIL","AIRANAL":"CONDITIONAL","US_HIGH":0,"US_LOW":0,"AK_HIGH":0,"AK_LOW":0,"US_AREA":0,"PACIFIC":0}},{"type":"Feature","id":264,"geometry":{"type":"Point","coordinates":[-81.930450481708192,28.273816375285548]},"properties":{"FID":264,"OBJECTID":3038,"GLOBAL_ID":"B7BE53EC-D357-4298-8582-232B78D03FD4","IDENT":"FL43","NAME":"Burntwood Ranch","LATITUDE":"28-16-25.7200N","LONGITUDE":"081-55-49.6100W","ELEVATION":119,"ICAO_ID":" ","TYPE_CODE":"AD","SERVCITY":"LAKELAND","STATE":"FL","COUNTRY":"UNITED STATES","OPERSTATUS":"OPERATIONAL","PRIVATEUSE":1,"IAPEXISTS":0,"DODHIFLIP":0,"FAR91":0,"FAR93":0,"MIL_CODE":"CIVIL","AIRANAL":"CONDITIONAL","US_HIGH":0,"US_LOW":0,"AK_HIGH":0,"AK_LOW":0,"US_AREA":0,"PACIFIC":0}},{"type":"Feature","id":265,"geometry":{"type":"Point","coordinates":[-82.019003276011176,27.987644081859287]},"properties":{"FID":265,"OBJECTID":3039,"GLOBAL_ID":"A61CDF50-309F-4759-ACFA-86A9B68CD110","IDENT":"LAL","NAME":"Lakeland Linder Intl","LATITUDE":"27-59-15.5000N","LONGITUDE":"082-01-08.4000W","ELEVATION":141.80000000000001,"ICAO_ID":"KLAL","TYPE_CODE":"AD","SERVCITY":"LAKELAND","STATE":"FL","COUNTRY":"UNITED STATES","OPERSTATUS":"OPERATIONAL","PRIVATEUSE":0,"IAPEXISTS":1,"DODHIFLIP":0,"FAR91":0,"FAR93":0,"MIL_CODE":"CIVIL","AIRANAL":"NO OBJECTION","US_HIGH":1,"US_LOW":1,"AK_HIGH":0,"AK_LOW":0,"US_AREA":0,"PACIFIC":0}},{"type":"Feature","id":266,"geometry":{"type":"Point","coordinates":[-82.130368056543318,28.773604822953018]},"properties":{"FID":266,"OBJECTID":3040,"GLOBAL_ID":"E933CD22-33AF-4888-A25A-9518E1DB7CA4","IDENT":"FD49","NAME":"Montgomery's Flying M Ranch","LATITUDE":"28-46-24.9580N","LONGITUDE":"082-07-49.3130W","ELEVATION":70,"ICAO_ID":" ","TYPE_CODE":"AD","SERVCITY":"LAKE PANASOFFKEE","STATE":"FL","COUNTRY":"UNITED STATES","OPERSTATUS":"OPERATIONAL","PRIVATEUSE":1,"IAPEXISTS":0,"DODHIFLIP":0,"FAR91":0,"FAR93":0,"MIL_CODE":"CIVIL","AIRANAL":"CONDITIONAL","US_HIGH":0,"US_LOW":0,"AK_HIGH":0,"AK_LOW":0,"US_AREA":0,"PACIFIC":0}},{"type":"Feature","id":267,"geometry":{"type":"Point","coordinates":[-81.390631957776407,27.182831678762739]},"properties":{"FID":267,"OBJECTID":3041,"GLOBAL_ID":"F7BEE197-B58D-4E9F-A1B9-C0E32B048F8E","IDENT":"FD72","NAME":"Kings Port","LATITUDE":"27-10-58.1760N","LONGITUDE":"081-23-26.2640W","ELEVATION":148,"ICAO_ID":" ","TYPE_CODE":"AD","SERVCITY":"LAKE PLACID","STATE":"FL","COUNTRY":"UNITED STATES","OPERSTATUS":"OPERATIONAL","PRIVATEUSE":1,"IAPEXISTS":0,"DODHIFLIP":0,"FAR91":0,"FAR93":0,"MIL_CODE":"CIVIL","AIRANAL":"CONDITIONAL","US_HIGH":0,"US_LOW":0,"AK_HIGH":0,"AK_LOW":0,"US_AREA":0,"PACIFIC":0}},{"type":"Feature","id":268,"geometry":{"type":"Point","coordinates":[-81.408131689982042,27.353102553235033]},"properties":{"FID":268,"OBJECTID":3042,"GLOBAL_ID":"99590C68-E63F-45BF-ACEA-75F6FA2C1A2D","IDENT":"03FA","NAME":"Lake Persimmon Airstrip","LATITUDE":"27-21-11.1510N","LONGITUDE":"081-24-29.2630W","ELEVATION":70,"ICAO_ID":" ","TYPE_CODE":"AD","SERVCITY":"LAKE PLACID","STATE":"FL","COUNTRY":"UNITED STATES","OPERSTATUS":"OPERATIONAL","PRIVATEUSE":1,"IAPEXISTS":0,"DODHIFLIP":0,"FAR91":0,"FAR93":0,"MIL_CODE":"CIVIL","AIRANAL":"CONDITIONAL","US_HIGH":0,"US_LOW":0,"AK_HIGH":0,"AK_LOW":0,"US_AREA":0,"PACIFIC":0}},{"type":"Feature","id":269,"geometry":{"type":"Point","coordinates":[-80.308354126090933,26.620559064288216]},"properties":{"FID":269,"OBJECTID":3043,"GLOBAL_ID":"48921BA3-13CB-45BE-8765-8F933E5C1A55","IDENT":"7FD6","NAME":"Loxahatchee","LATITUDE":"26-37-13.9950N","LONGITUDE":"080-18-30.0650W","ELEVATION":14,"ICAO_ID":" ","TYPE_CODE":"AD","SERVCITY":"LAKE WORTH","STATE":"FL","COUNTRY":"UNITED STATES","OPERSTATUS":"OPERATIONAL","PRIVATEUSE":1,"IAPEXISTS":0,"DODHIFLIP":0,"FAR91":0,"FAR93":0,"MIL_CODE":"CIVIL","AIRANAL":"CONDITIONAL","US_HIGH":1,"US_LOW":1,"AK_HIGH":0,"AK_LOW":0,"US_AREA":0,"PACIFIC":0}},{"type":"Feature","id":270,"geometry":{"type":"Point","coordinates":[-80.088105450367777,26.610221566687528]},"properties":{"FID":270,"OBJECTID":3044,"GLOBAL_ID":"E63FE0B0-762F-4395-B4BD-1853C89950D7","IDENT":"42FD","NAME":"Palm Beach State College","LATITUDE":"26-36-36.7800N","LONGITUDE":"080-05-17.1700W","ELEVATION":13,"ICAO_ID":" ","TYPE_CODE":"HP","SERVCITY":"LAKE WORTH","STATE":"FL","COUNTRY":"UNITED STATES","OPERSTATUS":"OPERATIONAL","PRIVATEUSE":1,"IAPEXISTS":0,"DODHIFLIP":0,"FAR91":0,"FAR93":0,"MIL_CODE":"CIVIL","AIRANAL":"CONDITIONAL","US_HIGH":0,"US_LOW":0,"AK_HIGH":0,"AK_LOW":0,"US_AREA":0,"PACIFIC":0}},{"type":"Feature","id":271,"geometry":{"type":"Point","coordinates":[-83.810003880165993,30.403616823267271]},"properties":{"FID":271,"OBJECTID":3045,"GLOBAL_ID":"30177D75-2FE5-49CB-87C4-77591DA02B65","IDENT":"4FL0","NAME":"Turkey Scratch Plantation","LATITUDE":"30-24-13.0000N","LONGITUDE":"083-48-36.0000W","ELEVATION":115,"ICAO_ID":" ","TYPE_CODE":"AD","SERVCITY":"LAMONT","STATE":"FL","COUNTRY":"UNITED STATES","OPERSTATUS":"OPERATIONAL","PRIVATEUSE":1,"IAPEXISTS":0,"DODHIFLIP":0,"FAR91":0,"FAR93":0,"MIL_CODE":"CIVIL","AIRANAL":"CONDITIONAL","US_HIGH":0,"US_LOW":0,"AK_HIGH":0,"AK_LOW":0,"US_AREA":0,"PACIFIC":0}},{"type":"Feature","id":272,"geometry":{"type":"Point","coordinates":[-83.783614980864286,30.336394586654421]},"properties":{"FID":272,"OBJECTID":3046,"GLOBAL_ID":"8E13839E-5DF4-411A-9CB5-21853A90066E","IDENT":"2FA9","NAME":"Mount Olive Farm","LATITUDE":"30-20-11.0000N","LONGITUDE":"083-47-01.0000W","ELEVATION":73,"ICAO_ID":" ","TYPE_CODE":"AD","SERVCITY":"LAMONT","STATE":"FL","COUNTRY":"UNITED STATES","OPERSTATUS":"OPERATIONAL","PRIVATEUSE":1,"IAPEXISTS":0,"DODHIFLIP":0,"FAR91":0,"FAR93":0,"MIL_CODE":"CIVIL","AIRANAL":"CONDITIONAL","US_HIGH":0,"US_LOW":0,"AK_HIGH":0,"AK_LOW":0,"US_AREA":0,"PACIFIC":0}},{"type":"Feature","id":273,"geometry":{"type":"Point","coordinates":[-82.788103495057385,27.893371817482887]},"properties":{"FID":273,"OBJECTID":3047,"GLOBAL_ID":"5BC3521E-C381-47F6-8442-A650242B71D1","IDENT":"FA06","NAME":"Pinellas County Sheriff's Building","LATITUDE":"27-53-36.1200N","LONGITUDE":"082-47-17.1600W","ELEVATION":32,"ICAO_ID":" ","TYPE_CODE":"HP","SERVCITY":"LARGO","STATE":"FL","COUNTRY":"UNITED STATES","OPERSTATUS":"OPERATIONAL","PRIVATEUSE":1,"IAPEXISTS":0,"DODHIFLIP":0,"FAR91":0,"FAR93":0,"MIL_CODE":"CIVIL","AIRANAL":"CONDITIONAL","US_HIGH":0,"US_LOW":0,"AK_HIGH":0,"AK_LOW":0,"US_AREA":0,"PACIFIC":0}},{"type":"Feature","id":274,"geometry":{"type":"Point","coordinates":[-81.935918279001328,28.797494833880194]},"properties":{"FID":274,"OBJECTID":3048,"GLOBAL_ID":"CFA00BBC-56D6-4E2B-87FB-C35E08470762","IDENT":"10FA","NAME":"Flying Baron Estates","LATITUDE":"28-47-50.9620N","LONGITUDE":"081-56-09.2940W","ELEVATION":75,"ICAO_ID":" ","TYPE_CODE":"AD","SERVCITY":"LEESBURG","STATE":"FL","COUNTRY":"UNITED STATES","OPERSTATUS":"OPERATIONAL","PRIVATEUSE":1,"IAPEXISTS":0,"DODHIFLIP":0,"FAR91":0,"FAR93":0,"MIL_CODE":"CIVIL","AIRANAL":"CONDITIONAL","US_HIGH":0,"US_LOW":0,"AK_HIGH":0,"AK_LOW":0,"US_AREA":0,"PACIFIC":0}},{"type":"Feature","id":275,"geometry":{"type":"Point","coordinates":[-81.867214370428655,28.807974838228461]},"properties":{"FID":275,"OBJECTID":3049,"GLOBAL_ID":"E5BAECCB-A275-413C-B590-6FA53D0ABE70","IDENT":"3FD2","NAME":"Uf Health Leesburg Hospital","LATITUDE":"28-48-28.6900N","LONGITUDE":"081-52-01.9600W","ELEVATION":75,"ICAO_ID":" ","TYPE_CODE":"HP","SERVCITY":"LEESBURG","STATE":"FL","COUNTRY":"UNITED STATES","OPERSTATUS":"OPERATIONAL","PRIVATEUSE":1,"IAPEXISTS":0,"DODHIFLIP":0,"FAR91":0,"FAR93":0,"MIL_CODE":"CIVIL","AIRANAL":"CONDITIONAL","US_HIGH":0,"US_LOW":0,"AK_HIGH":0,"AK_LOW":0,"US_AREA":0,"PACIFIC":0}},{"type":"Feature","id":276,"geometry":{"type":"Point","coordinates":[-81.918138825384688,28.66777730330972]},"properties":{"FID":276,"OBJECTID":3050,"GLOBAL_ID":"B37C6C6B-F481-4A35-9AFD-13F4395A5F45","IDENT":"51FD","NAME":"Tex Merritt Private Airstrip","LATITUDE":"28-40-03.9790N","LONGITUDE":"081-55-05.2880W","ELEVATION":95,"ICAO_ID":" ","TYPE_CODE":"AD","SERVCITY":"LEESBURG","STATE":"FL","COUNTRY":"UNITED STATES","OPERSTATUS":"OPERATIONAL","PRIVATEUSE":1,"IAPEXISTS":0,"DODHIFLIP":0,"FAR91":0,"FAR93":0,"MIL_CODE":"CIVIL","AIRANAL":"CONDITIONAL","US_HIGH":0,"US_LOW":0,"AK_HIGH":0,"AK_LOW":0,"US_AREA":0,"PACIFIC":0}},{"type":"Feature","id":277,"geometry":{"type":"Point","coordinates":[-81.808420742877843,28.822903455375183]},"properties":{"FID":277,"OBJECTID":3051,"GLOBAL_ID":"7261DDD9-3BA5-4D2A-8951-D0349C1FF82C","IDENT":"LEE","NAME":"Leesburg Intl","LATITUDE":"28-49-22.4330N","LONGITUDE":"081-48-30.3030W","ELEVATION":76,"ICAO_ID":"KLEE","TYPE_CODE":"AD","SERVCITY":"LEESBURG","STATE":"FL","COUNTRY":"UNITED STATES","OPERSTATUS":"OPERATIONAL","PRIVATEUSE":0,"IAPEXISTS":1,"DODHIFLIP":0,"FAR91":0,"FAR93":0,"MIL_CODE":"CIVIL","AIRANAL":"NOT ANALYZED","US_HIGH":1,"US_LOW":1,"AK_HIGH":0,"AK_LOW":0,"US_AREA":0,"PACIFIC":0}},{"type":"Feature","id":278,"geometry":{"type":"Point","coordinates":[-81.659149241191585,26.616612087475801]},"properties":{"FID":278,"OBJECTID":3052,"GLOBAL_ID":"F84A1AB1-D33A-414D-89B3-3A97600F9974","IDENT":"50FA","NAME":"Lehigh Acres Rgnl Medical Center","LATITUDE":"26-36-59.7860N","LONGITUDE":"081-39-32.9260W","ELEVATION":23.199999999999999,"ICAO_ID":" ","TYPE_CODE":"HP","SERVCITY":"LEHIGH ACRES","STATE":"FL","COUNTRY":"UNITED STATES","OPERSTATUS":"OPERATIONAL","PRIVATEUSE":1,"IAPEXISTS":0,"DODHIFLIP":0,"FAR91":0,"FAR93":0,"MIL_CODE":"CIVIL","AIRANAL":"CONDITIONAL","US_HIGH":0,"US_LOW":0,"AK_HIGH":0,"AK_LOW":0,"US_AREA":0,"PACIFIC":0}},{"type":"Feature","id":279,"geometry":{"type":"Point","coordinates":[-83.054580321995729,30.211618468849963]},"properties":{"FID":279,"OBJECTID":3053,"GLOBAL_ID":"E796B24C-ECB9-4E8D-8D64-5ECD736CEEC8","IDENT":"FD42","NAME":"Cooksey Brothers","LATITUDE":"30-12-41.8060N","LONGITUDE":"083-03-16.4760W","ELEVATION":90,"ICAO_ID":" ","TYPE_CODE":"AD","SERVCITY":"LIVE OAK","STATE":"FL","COUNTRY":"UNITED STATES","OPERSTATUS":"OPERATIONAL","PRIVATEUSE":1,"IAPEXISTS":0,"DODHIFLIP":0,"FAR91":0,"FAR93":0,"MIL_CODE":"CIVIL","AIRANAL":"CONDITIONAL","US_HIGH":0,"US_LOW":0,"AK_HIGH":0,"AK_LOW":0,"US_AREA":0,"PACIFIC":0}},{"type":"Feature","id":280,"geometry":{"type":"Point","coordinates":[-81.940919116246278,28.87804763098876]},"properties":{"FID":280,"OBJECTID":3054,"GLOBAL_ID":"80ADF193-D065-4821-A105-3015E717526C","IDENT":"5FA1","NAME":"Flying Palomino Ranch","LATITUDE":"28-52-40.9520N","LONGITUDE":"081-56-27.2970W","ELEVATION":85,"ICAO_ID":" ","TYPE_CODE":"AD","SERVCITY":"FRUITLAND PARK","STATE":"FL","COUNTRY":"UNITED STATES","OPERSTATUS":"OPERATIONAL","PRIVATEUSE":1,"IAPEXISTS":0,"DODHIFLIP":0,"FAR91":0,"FAR93":0,"MIL_CODE":"CIVIL","AIRANAL":"CONDITIONAL","US_HIGH":0,"US_LOW":0,"AK_HIGH":0,"AK_LOW":0,"US_AREA":0,"PACIFIC":0}},{"type":"Feature","id":281,"geometry":{"type":"Point","coordinates":[-81.888973268105701,28.876103742924727]},"properties":{"FID":281,"OBJECTID":3055,"GLOBAL_ID":"80C5095C-2C8B-41C9-A417-99214EE51558","IDENT":"FL99","NAME":"Flying-H","LATITUDE":"28-52-33.9540N","LONGITUDE":"081-53-20.2920W","ELEVATION":80,"ICAO_ID":" ","TYPE_CODE":"AD","SERVCITY":"FRUITLAND PARK","STATE":"FL","COUNTRY":"UNITED STATES","OPERSTATUS":"OPERATIONAL","PRIVATEUSE":1,"IAPEXISTS":0,"DODHIFLIP":0,"FAR91":0,"FAR93":0,"MIL_CODE":"CIVIL","AIRANAL":"CONDITIONAL","US_HIGH":0,"US_LOW":0,"AK_HIGH":0,"AK_LOW":0,"US_AREA":0,"PACIFIC":0}},{"type":"Feature","id":282,"geometry":{"type":"Point","coordinates":[-82.271781186505279,29.690061148094003]},"properties":{"FID":282,"OBJECTID":3056,"GLOBAL_ID":"E017BC45-38E2-4269-8FE5-59F30CE5189B","IDENT":"GNV","NAME":"Gainesville Rgnl","LATITUDE":"29-41-24.2000N","LONGITUDE":"082-16-18.4000W","ELEVATION":151.40000000000001,"ICAO_ID":"KGNV","TYPE_CODE":"AD","SERVCITY":"GAINESVILLE","STATE":"FL","COUNTRY":"UNITED STATES","OPERSTATUS":"OPERATIONAL","PRIVATEUSE":0,"IAPEXISTS":1,"DODHIFLIP":0,"FAR91":0,"FAR93":0,"MIL_CODE":"CIVIL","AIRANAL":"NO OBJECTION","US_HIGH":1,"US_LOW":1,"AK_HIGH":0,"AK_LOW":0,"US_AREA":0,"PACIFIC":0}},{"type":"Feature","id":283,"geometry":{"type":"Point","coordinates":[-82.350575651303927,29.635522244038157]},"properties":{"FID":283,"OBJECTID":3057,"GLOBAL_ID":"C979D1DC-5BE7-4190-A78C-890B6F7A4BE5","IDENT":"63FL","NAME":"Shands Cair","LATITUDE":"29-38-07.8600N","LONGITUDE":"082-21-02.0600W","ELEVATION":94,"ICAO_ID":" ","TYPE_CODE":"HP","SERVCITY":"GAINESVILLE","STATE":"FL","COUNTRY":"UNITED STATES","OPERSTATUS":"OPERATIONAL","PRIVATEUSE":1,"IAPEXISTS":0,"DODHIFLIP":0,"FAR91":0,"FAR93":0,"MIL_CODE":"CIVIL","AIRANAL":"CONDITIONAL","US_HIGH":0,"US_LOW":0,"AK_HIGH":0,"AK_LOW":0,"US_AREA":0,"PACIFIC":0}},{"type":"Feature","id":284,"geometry":{"type":"Point","coordinates":[-82.353633986481725,29.643344467788836]},"properties":{"FID":284,"OBJECTID":3058,"GLOBAL_ID":"5252A665-B762-46EB-B49C-538875EB118A","IDENT":"53FL","NAME":"University of Florida","LATITUDE":"29-38-36.0200N","LONGITUDE":"082-21-13.0700W","ELEVATION":125,"ICAO_ID":" ","TYPE_CODE":"HP","SERVCITY":"GAINESVILLE","STATE":"FL","COUNTRY":"UNITED STATES","OPERSTATUS":"OPERATIONAL","PRIVATEUSE":1,"IAPEXISTS":0,"DODHIFLIP":0,"FAR91":0,"FAR93":0,"MIL_CODE":"CIVIL","AIRANAL":"CONDITIONAL","US_HIGH":0,"US_LOW":0,"AK_HIGH":0,"AK_LOW":0,"US_AREA":0,"PACIFIC":0}},{"type":"Feature","id":285,"geometry":{"type":"Point","coordinates":[-82.470003465553759,29.680005584074536]},"properties":{"FID":285,"OBJECTID":3059,"GLOBAL_ID":"9AD4EB81-F2A7-4BA8-A844-035892416ED3","IDENT":"8FL7","NAME":"Capra Farms","LATITUDE":"29-40-48.0000N","LONGITUDE":"082-28-12.0000W","ELEVATION":184,"ICAO_ID":" ","TYPE_CODE":"HP","SERVCITY":"GAINESVILLE","STATE":"FL","COUNTRY":"UNITED STATES","OPERSTATUS":"OPERATIONAL","PRIVATEUSE":1,"IAPEXISTS":0,"DODHIFLIP":0,"FAR91":0,"FAR93":0,"MIL_CODE":"CIVIL","AIRANAL":"CONDITIONAL","US_HIGH":0,"US_LOW":0,"AK_HIGH":0,"AK_LOW":0,"US_AREA":0,"PACIFIC":0}},{"type":"Feature","id":286,"geometry":{"type":"Point","coordinates":[-82.342661760193039,29.640400022409267]},"properties":{"FID":286,"OBJECTID":3060,"GLOBAL_ID":"39CF62D6-9848-4837-B4C3-5F55FBF057E5","IDENT":"FA12","NAME":"Shands Helistop","LATITUDE":"29-38-25.4200N","LONGITUDE":"082-20-33.5700W","ELEVATION":258,"ICAO_ID":" ","TYPE_CODE":"HP","SERVCITY":"GAINESVILLE","STATE":"FL","COUNTRY":"UNITED STATES","OPERSTATUS":"OPERATIONAL","PRIVATEUSE":1,"IAPEXISTS":0,"DODHIFLIP":0,"FAR91":0,"FAR93":0,"MIL_CODE":"CIVIL","AIRANAL":"CONDITIONAL","US_HIGH":0,"US_LOW":0,"AK_HIGH":0,"AK_LOW":0,"US_AREA":0,"PACIFIC":0}},{"type":"Feature","id":287,"geometry":{"type":"Point","coordinates":[-82.425667064569438,29.702749479676925]},"properties":{"FID":287,"OBJECTID":3061,"GLOBAL_ID":"3365AE7B-062B-4982-994D-13677A83BCB7","IDENT":"FD81","NAME":"Gleim Fld","LATITUDE":"29-42-09.8780N","LONGITUDE":"082-25-32.3890W","ELEVATION":170,"ICAO_ID":" ","TYPE_CODE":"AD","SERVCITY":"GAINESVILLE","STATE":"FL","COUNTRY":"UNITED STATES","OPERSTATUS":"OPERATIONAL","PRIVATEUSE":1,"IAPEXISTS":0,"DODHIFLIP":0,"FAR91":0,"FAR93":0,"MIL_CODE":"CIVIL","AIRANAL":"CONDITIONAL","US_HIGH":0,"US_LOW":0,"AK_HIGH":0,"AK_LOW":0,"US_AREA":0,"PACIFIC":0}},{"type":"Feature","id":288,"geometry":{"type":"Point","coordinates":[-82.41211455909928,29.661505581386734]},"properties":{"FID":288,"OBJECTID":3062,"GLOBAL_ID":"10B45A00-AE0A-4BE5-9292-16A3D2B0AC42","IDENT":"FA56","NAME":"Hca Florida North Florida Hospital","LATITUDE":"29-39-41.4000N","LONGITUDE":"082-24-43.6000W","ELEVATION":143,"ICAO_ID":" ","TYPE_CODE":"HP","SERVCITY":"GAINESVILLE","STATE":"FL","COUNTRY":"UNITED STATES","OPERSTATUS":"OPERATIONAL","PRIVATEUSE":1,"IAPEXISTS":0,"DODHIFLIP":0,"FAR91":0,"FAR93":0,"MIL_CODE":"CIVIL","AIRANAL":"CONDITIONAL","US_HIGH":0,"US_LOW":0,"AK_HIGH":0,"AK_LOW":0,"US_AREA":0,"PACIFIC":0}},{"type":"Feature","id":289,"geometry":{"type":"Point","coordinates":[-81.078674694406004,28.732777064158086]},"properties":{"FID":289,"OBJECTID":3063,"GLOBAL_ID":"95B340A5-C0FB-4F2A-9C16-D6FC2A0BA3CA","IDENT":"FD92","NAME":"Southerland Strip","LATITUDE":"28-43-57.9780N","LONGITUDE":"081-04-43.2180W","ELEVATION":15,"ICAO_ID":" ","TYPE_CODE":"AD","SERVCITY":"GENEVA","STATE":"FL","COUNTRY":"UNITED STATES","OPERSTATUS":"OPERATIONAL","PRIVATEUSE":1,"IAPEXISTS":0,"DODHIFLIP":0,"FAR91":0,"FAR93":0,"MIL_CODE":"CIVIL","AIRANAL":"CONDITIONAL","US_HIGH":0,"US_LOW":0,"AK_HIGH":0,"AK_LOW":0,"US_AREA":0,"PACIFIC":0}},{"type":"Feature","id":290,"geometry":{"type":"Point","coordinates":[-81.159230830574415,28.781941517857206]},"properties":{"FID":290,"OBJECTID":3064,"GLOBAL_ID":"DE998E62-D73C-47CD-8279-3BBE44A9F583","IDENT":"01FL","NAME":"Cedar Knoll Flying Ranch","LATITUDE":"28-46-54.9700N","LONGITUDE":"081-09-33.2200W","ELEVATION":19,"ICAO_ID":" ","TYPE_CODE":"AD","SERVCITY":"GENEVA","STATE":"FL","COUNTRY":"UNITED STATES","OPERSTATUS":"OPERATIONAL","PRIVATEUSE":1,"IAPEXISTS":0,"DODHIFLIP":0,"FAR91":0,"FAR93":0,"MIL_CODE":"CIVIL","AIRANAL":"CONDITIONAL","US_HIGH":0,"US_LOW":0,"AK_HIGH":0,"AK_LOW":0,"US_AREA":0,"PACIFIC":0}},{"type":"Feature","id":291,"geometry":{"type":"Point","coordinates":[-81.164230832231453,28.787774852127029]},"properties":{"FID":291,"OBJECTID":3065,"GLOBAL_ID":"5555453A-8A54-473C-A776-BF427F8E0DA9","IDENT":"0FL2","NAME":"Alligator Drink","LATITUDE":"28-47-15.9700N","LONGITUDE":"081-09-51.2200W","ELEVATION":19,"ICAO_ID":" ","TYPE_CODE":"SP","SERVCITY":"GENEVA","STATE":"FL","COUNTRY":"UNITED STATES","OPERSTATUS":"OPERATIONAL","PRIVATEUSE":1,"IAPEXISTS":0,"DODHIFLIP":0,"FAR91":0,"FAR93":0,"MIL_CODE":"CIVIL","AIRANAL":"CONDITIONAL","US_HIGH":0,"US_LOW":0,"AK_HIGH":0,"AK_LOW":0,"US_AREA":0,"PACIFIC":0}},{"type":"Feature","id":292,"geometry":{"type":"Point","coordinates":[-81.638967061051801,28.179741360072853]},"properties":{"FID":292,"OBJECTID":3066,"GLOBAL_ID":"0345CBFF-484F-4843-970B-70266852AB5E","IDENT":"2FL9","NAME":"Adventhealth Heart of Florida","LATITUDE":"28-10-47.0500N","LONGITUDE":"081-38-20.2700W","ELEVATION":166,"ICAO_ID":" ","TYPE_CODE":"HP","SERVCITY":"HAINES CITY","STATE":"FL","COUNTRY":"UNITED STATES","OPERSTATUS":"OPERATIONAL","PRIVATEUSE":1,"IAPEXISTS":0,"DODHIFLIP":0,"FAR91":0,"FAR93":0,"MIL_CODE":"CIVIL","AIRANAL":"CONDITIONAL","US_HIGH":0,"US_LOW":0,"AK_HIGH":0,"AK_LOW":0,"US_AREA":0,"PACIFIC":0}},{"type":"Feature","id":293,"geometry":{"type":"Point","coordinates":[-81.647023451204007,28.143354962057344]},"properties":{"FID":293,"OBJECTID":3067,"GLOBAL_ID":"E5B5BEED-CC40-4EAD-BB40-390F0C57F0C3","IDENT":"4FL9","NAME":"Gore","LATITUDE":"28-08-36.0590N","LONGITUDE":"081-38-49.2730W","ELEVATION":135,"ICAO_ID":" ","TYPE_CODE":"AD","SERVCITY":"HAINES CITY","STATE":"FL","COUNTRY":"UNITED STATES","OPERSTATUS":"OPERATIONAL","PRIVATEUSE":1,"IAPEXISTS":0,"DODHIFLIP":0,"FAR91":0,"FAR93":0,"MIL_CODE":"CIVIL","AIRANAL":"CONDITIONAL","US_HIGH":0,"US_LOW":0,"AK_HIGH":0,"AK_LOW":0,"US_AREA":0,"PACIFIC":0}},{"type":"Feature","id":294,"geometry":{"type":"Point","coordinates":[-86.851908921843062,30.673530399165372]},"properties":{"FID":294,"OBJECTID":3068,"GLOBAL_ID":"AA203652-6176-4738-9A7C-9A06DC5B2FE8","IDENT":"8FL6","NAME":"George T Mc Cutchan","LATITUDE":"30-40-24.6890N","LONGITUDE":"086-51-06.8550W","ELEVATION":160,"ICAO_ID":" ","TYPE_CODE":"AD","SERVCITY":"HAROLD","STATE":"FL","COUNTRY":"UNITED STATES","OPERSTATUS":"OPERATIONAL","PRIVATEUSE":1,"IAPEXISTS":0,"DODHIFLIP":0,"FAR91":0,"FAR93":0,"MIL_CODE":"CIVIL","AIRANAL":"CONDITIONAL","US_HIGH":0,"US_LOW":0,"AK_HIGH":0,"AK_LOW":0,"US_AREA":0,"PACIFIC":0}},{"type":"Feature","id":295,"geometry":{"type":"Point","coordinates":[-86.882018235511225,30.678766927346032]},"properties":{"FID":295,"OBJECTID":3069,"GLOBAL_ID":"5253DAEF-0EF2-42C0-B5FB-60BFA352818B","IDENT":"NZX","NAME":"Harold NOLF","LATITUDE":"30-40-43.5405N","LONGITUDE":"086-52-55.2485W","ELEVATION":150,"ICAO_ID":"KNZX","TYPE_CODE":"HP","SERVCITY":"HAROLD","STATE":"FL","COUNTRY":"UNITED STATES","OPERSTATUS":"OPERATIONAL","PRIVATEUSE":1,"IAPEXISTS":0,"DODHIFLIP":0,"FAR91":0,"FAR93":0,"MIL_CODE":"MIL","AIRANAL":"NO OBJECTION","US_HIGH":0,"US_LOW":0,"AK_HIGH":0,"AK_LOW":0,"US_AREA":0,"PACIFIC":0}},{"type":"Feature","id":296,"geometry":{"type":"Point","coordinates":[-81.513692077319831,29.694419503607151]},"properties":{"FID":296,"OBJECTID":3070,"GLOBAL_ID":"633585A3-FE2A-43B6-8205-A6B7EC11502A","IDENT":"13FA","NAME":"Earle Airpark","LATITUDE":"29-41-39.8900N","LONGITUDE":"081-30-49.2800W","ELEVATION":25,"ICAO_ID":" ","TYPE_CODE":"AD","SERVCITY":"HASTINGS","STATE":"FL","COUNTRY":"UNITED STATES","OPERSTATUS":"OPERATIONAL","PRIVATEUSE":1,"IAPEXISTS":0,"DODHIFLIP":0,"FAR91":0,"FAR93":0,"MIL_CODE":"CIVIL","AIRANAL":"CONDITIONAL","US_HIGH":0,"US_LOW":0,"AK_HIGH":0,"AK_LOW":0,"US_AREA":0,"PACIFIC":0}},{"type":"Feature","id":297,"geometry":{"type":"Point","coordinates":[-81.46488372788167,29.63435837978642]},"properties":{"FID":297,"OBJECTID":3071,"GLOBAL_ID":"FBA01740-6671-4374-8DBB-7C1462DD9E33","IDENT":"2FA7","NAME":"Frontier","LATITUDE":"29-38-03.6700N","LONGITUDE":"081-27-53.5700W","ELEVATION":10,"ICAO_ID":" ","TYPE_CODE":"AD","SERVCITY":"HASTINGS","STATE":"FL","COUNTRY":"UNITED STATES","OPERSTATUS":"OPERATIONAL","PRIVATEUSE":1,"IAPEXISTS":0,"DODHIFLIP":0,"FAR91":0,"FAR93":0,"MIL_CODE":"CIVIL","AIRANAL":"CONDITIONAL","US_HIGH":0,"US_LOW":0,"AK_HIGH":0,"AK_LOW":0,"US_AREA":0,"PACIFIC":0}},{"type":"Feature","id":298,"geometry":{"type":"Point","coordinates":[-81.439800668023793,29.728030902626529]},"properties":{"FID":298,"OBJECTID":3072,"GLOBAL_ID":"942336FC-6D80-490D-ACE2-0EE53D74A8B6","IDENT":"8FL0","NAME":"Hutson Airfield","LATITUDE":"29-43-40.8910N","LONGITUDE":"081-26-23.2710W","ELEVATION":50,"ICAO_ID":" ","TYPE_CODE":"AD","SERVCITY":"HASTINGS","STATE":"FL","COUNTRY":"UNITED STATES","OPERSTATUS":"OPERATIONAL","PRIVATEUSE":1,"IAPEXISTS":0,"DODHIFLIP":0,"FAR91":0,"FAR93":0,"MIL_CODE":"CIVIL","AIRANAL":"CONDITIONAL","US_HIGH":0,"US_LOW":0,"AK_HIGH":0,"AK_LOW":0,"US_AREA":0,"PACIFIC":0}},{"type":"Feature","id":299,"geometry":{"type":"Point","coordinates":[-84.414904064522545,30.670211310351988]},"properties":{"FID":299,"OBJECTID":3073,"GLOBAL_ID":"0B19A2CC-ECBB-423B-962A-AC15EF75F24F","IDENT":"76FD","NAME":"Peavy Farms","LATITUDE":"30-40-12.7400N","LONGITUDE":"084-24-53.6400W","ELEVATION":270,"ICAO_ID":" ","TYPE_CODE":"AD","SERVCITY":"HAVANA","STATE":"FL","COUNTRY":"UNITED STATES","OPERSTATUS":"OPERATIONAL","PRIVATEUSE":1,"IAPEXISTS":0,"DODHIFLIP":0,"FAR91":0,"FAR93":0,"MIL_CODE":"CIVIL","AIRANAL":"CONDITIONAL","US_HIGH":0,"US_LOW":0,"AK_HIGH":0,"AK_LOW":0,"US_AREA":0,"PACIFIC":0}},{"type":"Feature","id":300,"geometry":{"type":"Point","coordinates":[-84.369076273797589,30.679367424866882]},"properties":{"FID":300,"OBJECTID":3074,"GLOBAL_ID":"BC420575-14CB-4B71-AE67-20DAA36FA8BC","IDENT":"FD55","NAME":"Rutten Airstrip","LATITUDE":"30-40-45.7020N","LONGITUDE":"084-22-08.6600W","ELEVATION":260,"ICAO_ID":" ","TYPE_CODE":"AD","SERVCITY":"HAVANA","STATE":"FL","COUNTRY":"UNITED STATES","OPERSTATUS":"OPERATIONAL","PRIVATEUSE":1,"IAPEXISTS":0,"DODHIFLIP":0,"FAR91":0,"FAR93":0,"MIL_CODE":"CIVIL","AIRANAL":"NOT ANALYZED","US_HIGH":0,"US_LOW":0,"AK_HIGH":0,"AK_LOW":0,"US_AREA":0,"PACIFIC":0}},{"type":"Feature","id":301,"geometry":{"type":"Point","coordinates":[-84.451948513562797,30.537227944982419]},"properties":{"FID":301,"OBJECTID":3075,"GLOBAL_ID":"E7B084C3-2A83-42C6-B056-0B3880C34B38","IDENT":"FA26","NAME":"Dogwood Farm","LATITUDE":"30-32-14.0000N","LONGITUDE":"084-27-07.0000W","ELEVATION":200,"ICAO_ID":" ","TYPE_CODE":"AD","SERVCITY":"HAVANA","STATE":"FL","COUNTRY":"UNITED STATES","OPERSTATUS":"OPERATIONAL","PRIVATEUSE":1,"IAPEXISTS":0,"DODHIFLIP":0,"FAR91":0,"FAR93":0,"MIL_CODE":"CIVIL","AIRANAL":"CONDITIONAL","US_HIGH":0,"US_LOW":0,"AK_HIGH":0,"AK_LOW":0,"US_AREA":0,"PACIFIC":0}},{"type":"Feature","id":302,"geometry":{"type":"Point","coordinates":[-84.474726302884449,30.652505748458736]},"properties":{"FID":302,"OBJECTID":3076,"GLOBAL_ID":"BACF6880-859D-4247-987C-FE52677EF1C9","IDENT":"9FL2","NAME":"Saranac Farm","LATITUDE":"30-39-09.0000N","LONGITUDE":"084-28-29.0000W","ELEVATION":230,"ICAO_ID":" ","TYPE_CODE":"AD","SERVCITY":"HAVANA","STATE":"FL","COUNTRY":"UNITED STATES","OPERSTATUS":"OPERATIONAL","PRIVATEUSE":1,"IAPEXISTS":0,"DODHIFLIP":0,"FAR91":0,"FAR93":0,"MIL_CODE":"CIVIL","AIRANAL":"CONDITIONAL","US_HIGH":0,"US_LOW":0,"AK_HIGH":0,"AK_LOW":0,"US_AREA":0,"PACIFIC":0}},{"type":"Feature","id":303,"geometry":{"type":"Point","coordinates":[-82.363710909242855,28.978039865330004]},"properties":{"FID":303,"OBJECTID":3077,"GLOBAL_ID":"ED2BC574-451D-40DC-988F-75134C14A435","IDENT":"5FL7","NAME":"Twelve Oaks","LATITUDE":"28-58-40.9240N","LONGITUDE":"082-21-49.3470W","ELEVATION":50,"ICAO_ID":" ","TYPE_CODE":"AD","SERVCITY":"HERNANDO","STATE":"FL","COUNTRY":"UNITED STATES","OPERSTATUS":"OPERATIONAL","PRIVATEUSE":1,"IAPEXISTS":0,"DODHIFLIP":0,"FAR91":0,"FAR93":0,"MIL_CODE":"CIVIL","AIRANAL":"CONDITIONAL","US_HIGH":0,"US_LOW":0,"AK_HIGH":0,"AK_LOW":0,"US_AREA":0,"PACIFIC":0}},{"type":"Feature","id":304,"geometry":{"type":"Point","coordinates":[-80.358183279414277,25.566185186117593]},"properties":{"FID":304,"OBJECTID":3078,"GLOBAL_ID":"849CE6CE-0D50-4363-AE60-31EB2F462023","IDENT":"FA47","NAME":"South Dade Community Health Center","LATITUDE":"25-33-58.2500N","LONGITUDE":"080-21-29.4500W","ELEVATION":7,"ICAO_ID":" ","TYPE_CODE":"HP","SERVCITY":"HOMESTEAD","STATE":"FL","COUNTRY":"UNITED STATES","OPERSTATUS":"OPERATIONAL","PRIVATEUSE":1,"IAPEXISTS":0,"DODHIFLIP":0,"FAR91":0,"FAR93":0,"MIL_CODE":"CIVIL","AIRANAL":"CONDITIONAL","US_HIGH":0,"US_LOW":0,"AK_HIGH":0,"AK_LOW":0,"US_AREA":0,"PACIFIC":0}},{"type":"Feature","id":305,"geometry":{"type":"Point","coordinates":[-80.410094402583582,25.448312932033673]},"properties":{"FID":305,"OBJECTID":3079,"GLOBAL_ID":"CCDD9692-16ED-49AA-9F18-4CA936D60CF1","IDENT":"FD17","NAME":"Motorsports Complex Vip","LATITUDE":"25-26-53.9100N","LONGITUDE":"080-24-36.3300W","ELEVATION":6,"ICAO_ID":" ","TYPE_CODE":"HP","SERVCITY":"HOMESTEAD","STATE":"FL","COUNTRY":"UNITED STATES","OPERSTATUS":"OPERATIONAL","PRIVATEUSE":1,"IAPEXISTS":0,"DODHIFLIP":0,"FAR91":0,"FAR93":0,"MIL_CODE":"CIVIL","AIRANAL":"CONDITIONAL","US_HIGH":0,"US_LOW":0,"AK_HIGH":0,"AK_LOW":0,"US_AREA":0,"PACIFIC":0}},{"type":"Feature","id":306,"geometry":{"type":"Point","coordinates":[-80.407119401857983,25.453976822538039]},"properties":{"FID":306,"OBJECTID":3080,"GLOBAL_ID":"CE9699B8-0F1F-41FB-A02A-562A90487A7E","IDENT":"FD34","NAME":"Motorsports Complex Ems","LATITUDE":"25-27-14.3000N","LONGITUDE":"080-24-25.6200W","ELEVATION":6,"ICAO_ID":" ","TYPE_CODE":"HP","SERVCITY":"HOMESTEAD","STATE":"FL","COUNTRY":"UNITED STATES","OPERSTATUS":"OPERATIONAL","PRIVATEUSE":1,"IAPEXISTS":0,"DODHIFLIP":0,"FAR91":0,"FAR93":0,"MIL_CODE":"CIVIL","AIRANAL":"CONDITIONAL","US_HIGH":0,"US_LOW":0,"AK_HIGH":0,"AK_LOW":0,"US_AREA":0,"PACIFIC":0}},{"type":"Feature","id":307,"geometry":{"type":"Point","coordinates":[-80.513502767456885,25.515257391914304]},"properties":{"FID":307,"OBJECTID":3081,"GLOBAL_ID":"887B6B53-4294-4005-837A-5D8545F6044B","IDENT":"4FD3","NAME":"The Wright Place","LATITUDE":"25-30-54.9100N","LONGITUDE":"080-30-48.6000W","ELEVATION":13,"ICAO_ID":" ","TYPE_CODE":"AD","SERVCITY":"HOMESTEAD","STATE":"FL","COUNTRY":"UNITED STATES","OPERSTATUS":"OPERATIONAL","PRIVATEUSE":1,"IAPEXISTS":0,"DODHIFLIP":0,"FAR91":0,"FAR93":0,"MIL_CODE":"CIVIL","AIRANAL":"CONDITIONAL","US_HIGH":0,"US_LOW":0,"AK_HIGH":0,"AK_LOW":0,"US_AREA":0,"PACIFIC":0}},{"type":"Feature","id":308,"geometry":{"type":"Point","coordinates":[-80.465614421277223,25.546501844860416]},"properties":{"FID":308,"OBJECTID":3082,"GLOBAL_ID":"9435DAFE-36FC-4402-9CE9-ECE916756F19","IDENT":"78FD","NAME":"Mac's Fld","LATITUDE":"25-32-47.3900N","LONGITUDE":"080-27-56.2020W","ELEVATION":16,"ICAO_ID":" ","TYPE_CODE":"AD","SERVCITY":"HOMESTEAD","STATE":"FL","COUNTRY":"UNITED STATES","OPERSTATUS":"OPERATIONAL","PRIVATEUSE":1,"IAPEXISTS":0,"DODHIFLIP":0,"FAR91":0,"FAR93":0,"MIL_CODE":"CIVIL","AIRANAL":"CONDITIONAL","US_HIGH":0,"US_LOW":0,"AK_HIGH":0,"AK_LOW":0,"US_AREA":0,"PACIFIC":0}},{"type":"Feature","id":309,"geometry":{"type":"Point","coordinates":[-80.515059991017097,25.558723791930277]},"properties":{"FID":309,"OBJECTID":3083,"GLOBAL_ID":"02667329-3076-4462-8439-AEEE4D961467","IDENT":"04FA","NAME":"Richards Fld","LATITUDE":"25-33-31.3890N","LONGITUDE":"080-30-54.2060W","ELEVATION":9,"ICAO_ID":" ","TYPE_CODE":"AD","SERVCITY":"HOMESTEAD","STATE":"FL","COUNTRY":"UNITED STATES","OPERSTATUS":"OPERATIONAL","PRIVATEUSE":1,"IAPEXISTS":0,"DODHIFLIP":0,"FAR91":0,"FAR93":0,"MIL_CODE":"CIVIL","AIRANAL":"CONDITIONAL","US_HIGH":0,"US_LOW":0,"AK_HIGH":0,"AK_LOW":0,"US_AREA":0,"PACIFIC":0}},{"type":"Feature","id":310,"geometry":{"type":"Point","coordinates":[-80.499781932197436,25.583722687602574]},"properties":{"FID":310,"OBJECTID":3084,"GLOBAL_ID":"55362EE3-0FFE-4D38-AB0A-FDD0A0D445D5","IDENT":"11FA","NAME":"B & L Farms","LATITUDE":"25-35-01.3850N","LONGITUDE":"080-29-59.2050W","ELEVATION":9,"ICAO_ID":" ","TYPE_CODE":"AD","SERVCITY":"HOMESTEAD","STATE":"FL","COUNTRY":"UNITED STATES","OPERSTATUS":"OPERATIONAL","PRIVATEUSE":1,"IAPEXISTS":0,"DODHIFLIP":0,"FAR91":0,"FAR93":0,"MIL_CODE":"CIVIL","AIRANAL":"NOT ANALYZED","US_HIGH":0,"US_LOW":0,"AK_HIGH":0,"AK_LOW":0,"US_AREA":0,"PACIFIC":0}},{"type":"Feature","id":311,"geometry":{"type":"Point","coordinates":[-81.400481217019603,26.433716992881955]},"properties":{"FID":311,"OBJECTID":3085,"GLOBAL_ID":"BE85908E-C899-4FF4-8D2F-1664FB608FCF","IDENT":"IMM","NAME":"Immokalee Rgnl","LATITUDE":"26-26-01.3638N","LONGITUDE":"081-24-01.7214W","ELEVATION":37.100000000000001,"ICAO_ID":"KIMM","TYPE_CODE":"AD","SERVCITY":"IMMOKALEE","STATE":"FL","COUNTRY":"UNITED STATES","OPERSTATUS":"OPERATIONAL","PRIVATEUSE":0,"IAPEXISTS":1,"DODHIFLIP":0,"FAR91":0,"FAR93":0,"MIL_CODE":"CIVIL","AIRANAL":"CONDITIONAL","US_HIGH":1,"US_LOW":1,"AK_HIGH":0,"AK_LOW":0,"US_AREA":0,"PACIFIC":0}},{"type":"Feature","id":312,"geometry":{"type":"Point","coordinates":[-80.98796959414716,26.326213141289657]},"properties":{"FID":312,"OBJECTID":3086,"GLOBAL_ID":"151D1630-BBA3-4BDC-B955-683D8114E053","IDENT":"59FD","NAME":"Big Cypress Airfield","LATITUDE":"26-19-34.3500N","LONGITUDE":"080-59-16.6800W","ELEVATION":20,"ICAO_ID":" ","TYPE_CODE":"AD","SERVCITY":"IMMOKALEE","STATE":"FL","COUNTRY":"UNITED STATES","OPERSTATUS":"OPERATIONAL","PRIVATEUSE":1,"IAPEXISTS":0,"DODHIFLIP":0,"FAR91":0,"FAR93":0,"MIL_CODE":"CIVIL","AIRANAL":"CONDITIONAL","US_HIGH":1,"US_LOW":1,"AK_HIGH":0,"AK_LOW":0,"US_AREA":0,"PACIFIC":0}},{"type":"Feature","id":313,"geometry":{"type":"Point","coordinates":[-80.63339229021102,27.113388623560525]},"properties":{"FID":313,"OBJECTID":3087,"GLOBAL_ID":"0812EDF1-7811-4654-A458-04426D80E786","IDENT":"80FD","NAME":"Brady Ranch","LATITUDE":"27-06-48.1810N","LONGITUDE":"080-38-00.2020W","ELEVATION":18,"ICAO_ID":" ","TYPE_CODE":"AD","SERVCITY":"INDIANTOWN","STATE":"FL","COUNTRY":"UNITED STATES","OPERSTATUS":"OPERATIONAL","PRIVATEUSE":1,"IAPEXISTS":0,"DODHIFLIP":0,"FAR91":0,"FAR93":0,"MIL_CODE":"CIVIL","AIRANAL":"CONDITIONAL","US_HIGH":0,"US_LOW":1,"AK_HIGH":0,"AK_LOW":0,"US_AREA":0,"PACIFIC":0}},{"type":"Feature","id":314,"geometry":{"type":"Point","coordinates":[-80.612225061442587,27.093338341086735]},"properties":{"FID":314,"OBJECTID":3088,"GLOBAL_ID":"24DE95F9-1F6A-4E69-94FF-E345E74F555B","IDENT":"FA24","NAME":"Horseshoe Acres Airpark","LATITUDE":"27-05-36.0000N","LONGITUDE":"080-36-44.0000W","ELEVATION":9,"ICAO_ID":" ","TYPE_CODE":"AD","SERVCITY":"INDIANTOWN","STATE":"FL","COUNTRY":"UNITED STATES","OPERSTATUS":"OPERATIONAL","PRIVATEUSE":1,"IAPEXISTS":0,"DODHIFLIP":0,"FAR91":0,"FAR93":0,"MIL_CODE":"CIVIL","AIRANAL":"CONDITIONAL","US_HIGH":0,"US_LOW":0,"AK_HIGH":0,"AK_LOW":0,"US_AREA":0,"PACIFIC":0}},{"type":"Feature","id":315,"geometry":{"type":"Point","coordinates":[-80.441002787797913,27.037504998241332]},"properties":{"FID":315,"OBJECTID":3089,"GLOBAL_ID":"6D91DA9D-30F7-4810-A034-0AB1E24AFF88","IDENT":"X58","NAME":"Indiantown","LATITUDE":"27-02-15.0000N","LONGITUDE":"080-26-27.6000W","ELEVATION":30,"ICAO_ID":" ","TYPE_CODE":"AD","SERVCITY":"INDIANTOWN","STATE":"FL","COUNTRY":"UNITED STATES","OPERSTATUS":"OPERATIONAL","PRIVATEUSE":0,"IAPEXISTS":0,"DODHIFLIP":0,"FAR91":0,"FAR93":0,"MIL_CODE":"CIVIL","AIRANAL":"CONDITIONAL","US_HIGH":0,"US_LOW":0,"AK_HIGH":0,"AK_LOW":0,"US_AREA":0,"PACIFIC":0}},{"type":"Feature","id":316,"geometry":{"type":"Point","coordinates":[-81.861183841251318,29.580541688939093]},"properties":{"FID":316,"OBJECTID":3090,"GLOBAL_ID":"2E9C9197-97EE-41FF-92DF-A19C5A554312","IDENT":"FL82","NAME":"Oak Ridge","LATITUDE":"29-34-49.9300N","LONGITUDE":"081-51-40.2500W","ELEVATION":72,"ICAO_ID":" ","TYPE_CODE":"AD","SERVCITY":"INTERLACHEN","STATE":"FL","COUNTRY":"UNITED STATES","OPERSTATUS":"OPERATIONAL","PRIVATEUSE":1,"IAPEXISTS":0,"DODHIFLIP":0,"FAR91":0,"FAR93":0,"MIL_CODE":"CIVIL","AIRANAL":"CONDITIONAL","US_HIGH":0,"US_LOW":0,"AK_HIGH":0,"AK_LOW":0,"US_AREA":0,"PACIFIC":0}},{"type":"Feature","id":317,"geometry":{"type":"Point","coordinates":[-82.318294222990062,28.803618159055134]},"properties":{"FID":317,"OBJECTID":3091,"GLOBAL_ID":"FF691D65-DD89-4208-9D23-6002059608A8","IDENT":"INF","NAME":"Inverness","LATITUDE":"28-48-13.0060N","LONGITUDE":"082-19-05.8470W","ELEVATION":64.5,"ICAO_ID":"KINF","TYPE_CODE":"AD","SERVCITY":"INVERNESS","STATE":"FL","COUNTRY":"UNITED STATES","OPERSTATUS":"OPERATIONAL","PRIVATEUSE":0,"IAPEXISTS":1,"DODHIFLIP":0,"FAR91":0,"FAR93":0,"MIL_CODE":"CIVIL","AIRANAL":"CONDITIONAL","US_HIGH":1,"US_LOW":1,"AK_HIGH":0,"AK_LOW":0,"US_AREA":0,"PACIFIC":0}},{"type":"Feature","id":318,"geometry":{"type":"Point","coordinates":[-81.651209363334885,30.325245202731821]},"properties":{"FID":318,"OBJECTID":3092,"GLOBAL_ID":"14F6902F-E9F8-49A1-883C-0C0927B8AFE4","IDENT":"8FL8","NAME":"Jacksonville Police","LATITUDE":"30-19-30.8620N","LONGITUDE":"081-39-04.3420W","ELEVATION":77,"ICAO_ID":" ","TYPE_CODE":"HP","SERVCITY":"JACKSONVILLE","STATE":"FL","COUNTRY":"UNITED STATES","OPERSTATUS":"OPERATIONAL","PRIVATEUSE":1,"IAPEXISTS":0,"DODHIFLIP":0,"FAR91":0,"FAR93":0,"MIL_CODE":"CIVIL","AIRANAL":"CONDITIONAL","US_HIGH":0,"US_LOW":0,"AK_HIGH":0,"AK_LOW":0,"US_AREA":0,"PACIFIC":0}},{"type":"Feature","id":319,"geometry":{"type":"Point","coordinates":[-81.611197689306152,30.443922454572373]},"properties":{"FID":319,"OBJECTID":3093,"GLOBAL_ID":"E718146E-E0F8-46E4-8621-06A7A1468A14","IDENT":"FA41","NAME":"Mosquito Control","LATITUDE":"30-26-38.1000N","LONGITUDE":"081-36-40.3000W","ELEVATION":18,"ICAO_ID":" ","TYPE_CODE":"HP","SERVCITY":"JACKSONVILLE","STATE":"FL","COUNTRY":"UNITED STATES","OPERSTATUS":"OPERATIONAL","PRIVATEUSE":1,"IAPEXISTS":0,"DODHIFLIP":0,"FAR91":0,"FAR93":0,"MIL_CODE":"CIVIL","AIRANAL":"CONDITIONAL","US_HIGH":0,"US_LOW":0,"AK_HIGH":0,"AK_LOW":0,"US_AREA":0,"PACIFIC":0}},{"type":"Feature","id":320,"geometry":{"type":"Point","coordinates":[-81.690528263136059,30.308272420619801]},"properties":{"FID":320,"OBJECTID":3094,"GLOBAL_ID":"53558341-CC78-41D5-A69E-497782966143","IDENT":"35FL","NAME":"St Vincent's Medical Center","LATITUDE":"30-18-29.7600N","LONGITUDE":"081-41-25.8900W","ELEVATION":63,"ICAO_ID":" ","TYPE_CODE":"HP","SERVCITY":"JACKSONVILLE","STATE":"FL","COUNTRY":"UNITED STATES","OPERSTATUS":"OPERATIONAL","PRIVATEUSE":1,"IAPEXISTS":0,"DODHIFLIP":0,"FAR91":0,"FAR93":0,"MIL_CODE":"CIVIL","AIRANAL":"CONDITIONAL","US_HIGH":0,"US_LOW":0,"AK_HIGH":0,"AK_LOW":0,"US_AREA":0,"PACIFIC":0}},{"type":"Feature","id":321,"geometry":{"type":"Point","coordinates":[-81.514447656874324,30.336339098324402]},"properties":{"FID":321,"OBJECTID":3095,"GLOBAL_ID":"0AAAC347-E1B1-4C82-8973-27920D299060","IDENT":"CRG","NAME":"Jacksonville Exec At Craig","LATITUDE":"30-20-10.8000N","LONGITUDE":"081-30-52.0000W","ELEVATION":40.700000000000003,"ICAO_ID":"KCRG","TYPE_CODE":"AD","SERVCITY":"JACKSONVILLE","STATE":"FL","COUNTRY":"UNITED STATES","OPERSTATUS":"OPERATIONAL","PRIVATEUSE":0,"IAPEXISTS":1,"DODHIFLIP":0,"FAR91":0,"FAR93":0,"MIL_CODE":"CIVIL","AIRANAL":"NO OBJECTION","US_HIGH":0,"US_LOW":1,"AK_HIGH":0,"AK_LOW":0,"US_AREA":1,"PACIFIC":0}},{"type":"Feature","id":322,"geometry":{"type":"Point","coordinates":[-81.601494903444063,30.289352973807524]},"properties":{"FID":322,"OBJECTID":3096,"GLOBAL_ID":"273503E8-4BCC-4EFD-BD67-ACAE21E069AD","IDENT":"FA65","NAME":"Hca Florida Memorial Hospital","LATITUDE":"30-17-21.6500N","LONGITUDE":"081-36-05.3700W","ELEVATION":24.199999999999999,"ICAO_ID":" ","TYPE_CODE":"HP","SERVCITY":"JACKSONVILLE","STATE":"FL","COUNTRY":"UNITED STATES","OPERSTATUS":"OPERATIONAL","PRIVATEUSE":1,"IAPEXISTS":0,"DODHIFLIP":0,"FAR91":0,"FAR93":0,"MIL_CODE":"CIVIL","AIRANAL":"CONDITIONAL","US_HIGH":0,"US_LOW":0,"AK_HIGH":0,"AK_LOW":0,"US_AREA":0,"PACIFIC":0}},{"type":"Feature","id":323,"geometry":{"type":"Point","coordinates":[-81.665478257442487,30.349558541984663]},"properties":{"FID":323,"OBJECTID":3097,"GLOBAL_ID":"30B1FE61-C9E8-4E5C-BAEB-C2B1034ABC2F","IDENT":"FA61","NAME":"Shands Jacksonville Hospital","LATITUDE":"30-20-58.3900N","LONGITUDE":"081-39-55.7100W","ELEVATION":25,"ICAO_ID":" ","TYPE_CODE":"HP","SERVCITY":"JACKSONVILLE","STATE":"FL","COUNTRY":"UNITED STATES","OPERSTATUS":"OPERATIONAL","PRIVATEUSE":1,"IAPEXISTS":0,"DODHIFLIP":0,"FAR91":0,"FAR93":0,"MIL_CODE":"CIVIL","AIRANAL":"CONDITIONAL","US_HIGH":0,"US_LOW":0,"AK_HIGH":0,"AK_LOW":0,"US_AREA":0,"PACIFIC":0}},{"type":"Feature","id":324,"geometry":{"type":"Point","coordinates":[-81.676060450027364,30.23371176463337]},"properties":{"FID":324,"OBJECTID":3098,"GLOBAL_ID":"43763C34-BEF4-4435-9641-C386861A6D4D","IDENT":"NIP","NAME":"Jacksonville NAS (Towers Fld)","LATITUDE":"30-14-01.3417N","LONGITUDE":"081-40-33.8059W","ELEVATION":22.5,"ICAO_ID":"KNIP","TYPE_CODE":"AD","SERVCITY":"JACKSONVILLE","STATE":"FL","COUNTRY":"UNITED STATES","OPERSTATUS":"OPERATIONAL","PRIVATEUSE":1,"IAPEXISTS":0,"DODHIFLIP":1,"FAR91":0,"FAR93":0,"MIL_CODE":"MIL","AIRANAL":"NOT ANALYZED","US_HIGH":1,"US_LOW":1,"AK_HIGH":0,"AK_LOW":0,"US_AREA":1,"PACIFIC":0}},{"type":"Feature","id":325,"geometry":{"type":"Point","coordinates":[-81.866992760149628,30.349500758046986]},"properties":{"FID":325,"OBJECTID":3099,"GLOBAL_ID":"80C1913B-BB09-4FFF-9369-EC5B79CED29C","IDENT":"NEN","NAME":"Whitehouse NOLF","LATITUDE":"30-20-58.1820N","LONGITUDE":"081-52-01.1620W","ELEVATION":97,"ICAO_ID":"KNEN","TYPE_CODE":"AD","SERVCITY":"JACKSONVILLE","STATE":"FL","COUNTRY":"UNITED STATES","OPERSTATUS":"OPERATIONAL","PRIVATEUSE":1,"IAPEXISTS":0,"DODHIFLIP":0,"FAR91":0,"FAR93":0,"MIL_CODE":"MIL","AIRANAL":"NOT ANALYZED","US_HIGH":1,"US_LOW":1,"AK_HIGH":0,"AK_LOW":0,"US_AREA":1,"PACIFIC":0}},{"type":"Feature","id":326,"geometry":{"type":"Point","coordinates":[-81.397633732295446,30.272344642773305]},"properties":{"FID":326,"OBJECTID":3100,"GLOBAL_ID":"F2C52825-3209-4EB6-9995-676257A42916","IDENT":"45FD","NAME":"Baptist Medical Center/Beaches","LATITUDE":"30-16-20.4200N","LONGITUDE":"081-23-51.4700W","ELEVATION":17,"ICAO_ID":" ","TYPE_CODE":"HP","SERVCITY":"JACKSONVILLE BEACH","STATE":"FL","COUNTRY":"UNITED STATES","OPERSTATUS":"OPERATIONAL","PRIVATEUSE":1,"IAPEXISTS":0,"DODHIFLIP":0,"FAR91":0,"FAR93":0,"MIL_CODE":"CIVIL","AIRANAL":"CONDITIONAL","US_HIGH":0,"US_LOW":0,"AK_HIGH":0,"AK_LOW":0,"US_AREA":0,"PACIFIC":0}},{"type":"Feature","id":327,"geometry":{"type":"Point","coordinates":[-82.956527250137185,30.523277987728022]},"properties":{"FID":327,"OBJECTID":3101,"GLOBAL_ID":"242A3E9E-B475-4F9E-95D5-617DE7DC0EAA","IDENT":"FA15","NAME":"Hamilton Helistop","LATITUDE":"30-31-23.7800N","LONGITUDE":"082-57-23.4850W","ELEVATION":152,"ICAO_ID":" ","TYPE_CODE":"HP","SERVCITY":"JASPER","STATE":"FL","COUNTRY":"UNITED STATES","OPERSTATUS":"OPERATIONAL","PRIVATEUSE":1,"IAPEXISTS":0,"DODHIFLIP":0,"FAR91":0,"FAR93":0,"MIL_CODE":"CIVIL","AIRANAL":"CONDITIONAL","US_HIGH":0,"US_LOW":0,"AK_HIGH":0,"AK_LOW":0,"US_AREA":0,"PACIFIC":0}},{"type":"Feature","id":328,"geometry":{"type":"Point","coordinates":[-83.19833704154189,30.512783533969355]},"properties":{"FID":328,"OBJECTID":3102,"GLOBAL_ID":"06D666B0-72A8-471C-8C8F-86F2541B85CF","IDENT":"FD63","NAME":"Squires Aviation Ranch","LATITUDE":"30-30-46.0000N","LONGITUDE":"083-11-54.0000W","ELEVATION":110,"ICAO_ID":" ","TYPE_CODE":"AD","SERVCITY":"JASPER","STATE":"FL","COUNTRY":"UNITED STATES","OPERSTATUS":"OPERATIONAL","PRIVATEUSE":1,"IAPEXISTS":0,"DODHIFLIP":0,"FAR91":0,"FAR93":0,"MIL_CODE":"CIVIL","AIRANAL":"CONDITIONAL","US_HIGH":0,"US_LOW":0,"AK_HIGH":0,"AK_LOW":0,"US_AREA":0,"PACIFIC":0}},{"type":"Feature","id":329,"geometry":{"type":"Point","coordinates":[-87.055429824943815,30.969052957842052]},"properties":{"FID":329,"OBJECTID":3103,"GLOBAL_ID":"90C8DFC7-3967-473B-A55A-C171CBDCF8B5","IDENT":"85FL","NAME":"Thomas Farms","LATITUDE":"30-58-08.5700N","LONGITUDE":"087-03-19.5300W","ELEVATION":281,"ICAO_ID":" ","TYPE_CODE":"AD","SERVCITY":"JAY","STATE":"FL","COUNTRY":"UNITED STATES","OPERSTATUS":"OPERATIONAL","PRIVATEUSE":1,"IAPEXISTS":0,"DODHIFLIP":0,"FAR91":0,"FAR93":0,"MIL_CODE":"CIVIL","AIRANAL":"CONDITIONAL","US_HIGH":0,"US_LOW":0,"AK_HIGH":0,"AK_LOW":0,"US_AREA":0,"PACIFIC":0}},{"type":"Feature","id":330,"geometry":{"type":"Point","coordinates":[-83.573204067077938,29.821058641025161]},"properties":{"FID":330,"OBJECTID":3104,"GLOBAL_ID":"EC67C89F-D913-4392-BB26-DBB54A1D35C6","IDENT":"6FL4","NAME":"Sylvanmir Farms","LATITUDE":"29-49-15.7910N","LONGITUDE":"083-34-23.5210W","ELEVATION":8,"ICAO_ID":" ","TYPE_CODE":"AD","SERVCITY":"KEATON BEACH","STATE":"FL","COUNTRY":"UNITED STATES","OPERSTATUS":"OPERATIONAL","PRIVATEUSE":1,"IAPEXISTS":0,"DODHIFLIP":0,"FAR91":0,"FAR93":0,"MIL_CODE":"CIVIL","AIRANAL":"CONDITIONAL","US_HIGH":0,"US_LOW":0,"AK_HIGH":0,"AK_LOW":0,"US_AREA":0,"PACIFIC":0}},{"type":"Feature","id":331,"geometry":{"type":"Point","coordinates":[-83.607928246237975,29.903278103061382]},"properties":{"FID":331,"OBJECTID":3105,"GLOBAL_ID":"D2BA8919-0AFC-4BF6-838E-24ED5C266133","IDENT":"5FL1","NAME":"Ezell","LATITUDE":"29-54-11.7810N","LONGITUDE":"083-36-28.5280W","ELEVATION":25,"ICAO_ID":" ","TYPE_CODE":"AD","SERVCITY":"KEATON BEACH","STATE":"FL","COUNTRY":"UNITED STATES","OPERSTATUS":"OPERATIONAL","PRIVATEUSE":1,"IAPEXISTS":0,"DODHIFLIP":0,"FAR91":0,"FAR93":0,"MIL_CODE":"CIVIL","AIRANAL":"CONDITIONAL","US_HIGH":0,"US_LOW":0,"AK_HIGH":0,"AK_LOW":0,"US_AREA":0,"PACIFIC":0}},{"type":"Feature","id":332,"geometry":{"type":"Point","coordinates":[-80.858952100193221,27.810031845741094]},"properties":{"FID":332,"OBJECTID":3106,"GLOBAL_ID":"B72FDD82-AFBB-4F9D-BA6B-C1D394825D52","IDENT":"FD09","NAME":"Rlm Farms","LATITUDE":"27-48-36.0960N","LONGITUDE":"080-51-32.2170W","ELEVATION":75,"ICAO_ID":" ","TYPE_CODE":"AD","SERVCITY":"KENANSVILLE","STATE":"FL","COUNTRY":"UNITED STATES","OPERSTATUS":"OPERATIONAL","PRIVATEUSE":1,"IAPEXISTS":0,"DODHIFLIP":0,"FAR91":0,"FAR93":0,"MIL_CODE":"CIVIL","AIRANAL":"CONDITIONAL","US_HIGH":0,"US_LOW":0,"AK_HIGH":0,"AK_LOW":0,"US_AREA":0,"PACIFIC":0}},{"type":"Feature","id":333,"geometry":{"type":"Point","coordinates":[-80.958058519754616,27.862782967183989]},"properties":{"FID":333,"OBJECTID":3107,"GLOBAL_ID":"56F25D18-2E73-4DF9-B56B-97F2C39851A3","IDENT":"4FL1","NAME":"Escape Ranch","LATITUDE":"27-51-46.0000N","LONGITUDE":"080-57-29.0000W","ELEVATION":71,"ICAO_ID":" ","TYPE_CODE":"AD","SERVCITY":"KENANSVILLE","STATE":"FL","COUNTRY":"UNITED STATES","OPERSTATUS":"OPERATIONAL","PRIVATEUSE":1,"IAPEXISTS":0,"DODHIFLIP":0,"FAR91":0,"FAR93":0,"MIL_CODE":"CIVIL","AIRANAL":"CONDITIONAL","US_HIGH":0,"US_LOW":0,"AK_HIGH":0,"AK_LOW":0,"US_AREA":0,"PACIFIC":0}},{"type":"Feature","id":334,"geometry":{"type":"Point","coordinates":[-80.999864086881189,27.860866298674352]},"properties":{"FID":334,"OBJECTID":3108,"GLOBAL_ID":"A57D5388-4BA4-45AA-A7F4-BE5D6F12EFB3","IDENT":"33FL","NAME":"Flying S Ranch","LATITUDE":"27-51-39.1000N","LONGITUDE":"080-59-59.5000W","ELEVATION":72,"ICAO_ID":" ","TYPE_CODE":"AD","SERVCITY":"KENANSVILLE","STATE":"FL","COUNTRY":"UNITED STATES","OPERSTATUS":"OPERATIONAL","PRIVATEUSE":1,"IAPEXISTS":0,"DODHIFLIP":0,"FAR91":0,"FAR93":0,"MIL_CODE":"CIVIL","AIRANAL":"CONDITIONAL","US_HIGH":0,"US_LOW":0,"AK_HIGH":0,"AK_LOW":0,"US_AREA":0,"PACIFIC":0}},{"type":"Feature","id":335,"geometry":{"type":"Point","coordinates":[-81.083891890173334,27.886394080813886]},"properties":{"FID":335,"OBJECTID":3109,"GLOBAL_ID":"038F3638-FED8-4678-A86B-E2563730518E","IDENT":"80FA","NAME":"Lake Marian","LATITUDE":"27-53-11.0000N","LONGITUDE":"081-05-02.0000W","ELEVATION":62,"ICAO_ID":" ","TYPE_CODE":"SP","SERVCITY":"KENANSVILLE","STATE":"FL","COUNTRY":"UNITED STATES","OPERSTATUS":"INDEFINITE","PRIVATEUSE":1,"IAPEXISTS":0,"DODHIFLIP":0,"FAR91":0,"FAR93":0,"MIL_CODE":"CIVIL","AIRANAL":"CONDITIONAL","US_HIGH":0,"US_LOW":0,"AK_HIGH":0,"AK_LOW":0,"US_AREA":0,"PACIFIC":0}},{"type":"Feature","id":336,"geometry":{"type":"Point","coordinates":[-80.275731860236078,25.324311514186036]},"properties":{"FID":336,"OBJECTID":3110,"GLOBAL_ID":"D24D0917-5CBA-4768-BC14-A4FE7296A59E","IDENT":"07FA","NAME":"Ocean Reef Club","LATITUDE":"25-19-27.5050N","LONGITUDE":"080-16-32.6250W","ELEVATION":6.4000000000000004,"ICAO_ID":" ","TYPE_CODE":"AD","SERVCITY":"KEY LARGO","STATE":"FL","COUNTRY":"UNITED STATES","OPERSTATUS":"OPERATIONAL","PRIVATEUSE":1,"IAPEXISTS":0,"DODHIFLIP":0,"FAR91":0,"FAR93":0,"MIL_CODE":"CIVIL","AIRANAL":"CONDITIONAL","US_HIGH":0,"US_LOW":1,"AK_HIGH":0,"AK_LOW":0,"US_AREA":0,"PACIFIC":0}},{"type":"Feature","id":337,"geometry":{"type":"Point","coordinates":[-82.0475422382479,29.844747023817945]},"properties":{"FID":337,"OBJECTID":3111,"GLOBAL_ID":"180D1200-559A-451B-A3C6-46EB97B64076","IDENT":"42J","NAME":"Keystone Heights","LATITUDE":"29-50-41.0690N","LONGITUDE":"082-02-51.1400W","ELEVATION":195.59999999999999,"ICAO_ID":" ","TYPE_CODE":"AD","SERVCITY":"KEYSTONE HEIGHTS","STATE":"FL","COUNTRY":"UNITED STATES","OPERSTATUS":"OPERATIONAL","PRIVATEUSE":0,"IAPEXISTS":1,"DODHIFLIP":0,"FAR91":0,"FAR93":0,"MIL_CODE":"CIVIL","AIRANAL":"NOT ANALYZED","US_HIGH":1,"US_LOW":1,"AK_HIGH":0,"AK_LOW":0,"US_AREA":0,"PACIFIC":0}},{"type":"Feature","id":338,"geometry":{"type":"Point","coordinates":[-81.742119768767509,24.581534907059904]},"properties":{"FID":338,"OBJECTID":3112,"GLOBAL_ID":"ACBCE791-8C24-43C3-BADF-3156059623BB","IDENT":"7FA0","NAME":"Lower Keys Medical Center","LATITUDE":"24-34-53.5100N","LONGITUDE":"081-44-31.6200W","ELEVATION":5,"ICAO_ID":" ","TYPE_CODE":"HP","SERVCITY":"KEY WEST","STATE":"FL","COUNTRY":"UNITED STATES","OPERSTATUS":"OPERATIONAL","PRIVATEUSE":1,"IAPEXISTS":0,"DODHIFLIP":0,"FAR91":0,"FAR93":0,"MIL_CODE":"CIVIL","AIRANAL":"CONDITIONAL","US_HIGH":0,"US_LOW":0,"AK_HIGH":0,"AK_LOW":0,"US_AREA":0,"PACIFIC":0}},{"type":"Feature","id":339,"geometry":{"type":"Point","coordinates":[-81.759958939341232,24.556124066217365]},"properties":{"FID":339,"OBJECTID":3113,"GLOBAL_ID":"4913338F-6622-44DE-89BF-E32750262F54","IDENT":"EYW","NAME":"Key West Intl","LATITUDE":"24-33-22.0310N","LONGITUDE":"081-45-35.8410W","ELEVATION":3.3999999999999999,"ICAO_ID":"KEYW","TYPE_CODE":"AD","SERVCITY":"KEY WEST","STATE":"FL","COUNTRY":"UNITED STATES","OPERSTATUS":"OPERATIONAL","PRIVATEUSE":0,"IAPEXISTS":1,"DODHIFLIP":0,"FAR91":0,"FAR93":0,"MIL_CODE":"CIVIL","AIRANAL":"NO OBJECTION","US_HIGH":1,"US_LOW":1,"AK_HIGH":0,"AK_LOW":0,"US_AREA":0,"PACIFIC":0}},{"type":"Feature","id":340,"geometry":{"type":"Point","coordinates":[-81.579811389337067,24.648758815402573]},"properties":{"FID":340,"OBJECTID":3114,"GLOBAL_ID":"36CD552F-BC2F-4EEC-83BF-401464DDDDFC","IDENT":"7FA1","NAME":"Sugar Loaf Shores","LATITUDE":"24-38-55.5160N","LONGITUDE":"081-34-47.3100W","ELEVATION":4,"ICAO_ID":" ","TYPE_CODE":"AD","SERVCITY":"KEY WEST","STATE":"FL","COUNTRY":"UNITED STATES","OPERSTATUS":"OPERATIONAL","PRIVATEUSE":1,"IAPEXISTS":0,"DODHIFLIP":0,"FAR91":0,"FAR93":0,"MIL_CODE":"CIVIL","AIRANAL":"CONDITIONAL","US_HIGH":0,"US_LOW":0,"AK_HIGH":0,"AK_LOW":0,"US_AREA":0,"PACIFIC":0}},{"type":"Feature","id":341,"geometry":{"type":"Point","coordinates":[-81.686648529552599,24.574641433372051]},"properties":{"FID":341,"OBJECTID":3115,"GLOBAL_ID":"B94CE18D-955A-4123-9983-D6DECF620CB1","IDENT":"NQX","NAME":"Key West NAS (Boca Chica Fld)","LATITUDE":"24-34-28.6935N","LONGITUDE":"081-41-11.9236W","ELEVATION":5.7000000000000002,"ICAO_ID":"KNQX","TYPE_CODE":"AD","SERVCITY":"KEY WEST","STATE":"FL","COUNTRY":"UNITED STATES","OPERSTATUS":"OPERATIONAL","PRIVATEUSE":1,"IAPEXISTS":0,"DODHIFLIP":1,"FAR91":0,"FAR93":0,"MIL_CODE":"MIL","AIRANAL":"NOT ANALYZED","US_HIGH":1,"US_LOW":1,"AK_HIGH":0,"AK_LOW":0,"US_AREA":0,"PACIFIC":0}},{"type":"Feature","id":342,"geometry":{"type":"Point","coordinates":[-81.408962830610164,28.283627780127233]},"properties":{"FID":342,"OBJECTID":3116,"GLOBAL_ID":"6BB92FB6-093E-4E3B-88FE-C858B84028C5","IDENT":"FA17","NAME":"Kissimmee","LATITUDE":"28-17-01.0410N","LONGITUDE":"081-24-32.2550W","ELEVATION":53,"ICAO_ID":" ","TYPE_CODE":"SP","SERVCITY":"KISSIMMEE","STATE":"FL","COUNTRY":"UNITED STATES","OPERSTATUS":"OPERATIONAL","PRIVATEUSE":1,"IAPEXISTS":0,"DODHIFLIP":0,"FAR91":0,"FAR93":0,"MIL_CODE":"CIVIL","AIRANAL":"CONDITIONAL","US_HIGH":0,"US_LOW":0,"AK_HIGH":0,"AK_LOW":0,"US_AREA":0,"PACIFIC":0}},{"type":"Feature","id":343,"geometry":{"type":"Point","coordinates":[-81.508544807782414,28.380958079080813]},"properties":{"FID":343,"OBJECTID":3117,"GLOBAL_ID":"ACAAC5FF-13FA-46AE-B114-A3A911911010","IDENT":"FD41","NAME":"Grand Cypress Resort","LATITUDE":"28-22-51.4300N","LONGITUDE":"081-30-30.7500W","ELEVATION":105,"ICAO_ID":" ","TYPE_CODE":"HP","SERVCITY":"KISSIMMEE","STATE":"FL","COUNTRY":"UNITED STATES","OPERSTATUS":"OPERATIONAL","PRIVATEUSE":1,"IAPEXISTS":0,"DODHIFLIP":0,"FAR91":0,"FAR93":0,"MIL_CODE":"CIVIL","AIRANAL":"CONDITIONAL","US_HIGH":0,"US_LOW":0,"AK_HIGH":0,"AK_LOW":0,"US_AREA":0,"PACIFIC":0}},{"type":"Feature","id":344,"geometry":{"type":"Point","coordinates":[-81.485079751971625,26.800346859046499]},"properties":{"FID":344,"OBJECTID":3118,"GLOBAL_ID":"D8A5081E-4A11-495B-9839-8CADCB8C23BB","IDENT":"FD20","NAME":"Sundance Farms","LATITUDE":"26-48-01.2310N","LONGITUDE":"081-29-06.2760W","ELEVATION":50,"ICAO_ID":" ","TYPE_CODE":"AD","SERVCITY":"LA BELLE","STATE":"FL","COUNTRY":"UNITED STATES","OPERSTATUS":"OPERATIONAL","PRIVATEUSE":1,"IAPEXISTS":0,"DODHIFLIP":0,"FAR91":0,"FAR93":0,"MIL_CODE":"CIVIL","AIRANAL":"CONDITIONAL","US_HIGH":0,"US_LOW":0,"AK_HIGH":0,"AK_LOW":0,"US_AREA":0,"PACIFIC":0}},{"type":"Feature","id":345,"geometry":{"type":"Point","coordinates":[-81.538891988662272,26.768338238867955]},"properties":{"FID":345,"OBJECTID":3119,"GLOBAL_ID":"97FF7DCD-A96E-4A82-B9DB-7FA6FA03F939","IDENT":"95FD","NAME":"South Point","LATITUDE":"26-46-06.0000N","LONGITUDE":"081-32-20.0000W","ELEVATION":22,"ICAO_ID":" ","TYPE_CODE":"AD","SERVCITY":"LA BELLE","STATE":"FL","COUNTRY":"UNITED STATES","OPERSTATUS":"OPERATIONAL","PRIVATEUSE":1,"IAPEXISTS":0,"DODHIFLIP":0,"FAR91":0,"FAR93":0,"MIL_CODE":"CIVIL","AIRANAL":"CONDITIONAL","US_HIGH":0,"US_LOW":0,"AK_HIGH":0,"AK_LOW":0,"US_AREA":0,"PACIFIC":0}},{"type":"Feature","id":346,"geometry":{"type":"Point","coordinates":[-81.410225277269035,26.52022706921008]},"properties":{"FID":346,"OBJECTID":3120,"GLOBAL_ID":"184E7EFF-B260-4C6A-80DE-33F89659EAFB","IDENT":"05FL","NAME":"Charlton Strip","LATITUDE":"26-31-12.8000N","LONGITUDE":"081-24-36.8000W","ELEVATION":36,"ICAO_ID":" ","TYPE_CODE":"AD","SERVCITY":"LA BELLE","STATE":"FL","COUNTRY":"UNITED STATES","OPERSTATUS":"OPERATIONAL","PRIVATEUSE":1,"IAPEXISTS":0,"DODHIFLIP":0,"FAR91":0,"FAR93":0,"MIL_CODE":"CIVIL","AIRANAL":"CONDITIONAL","US_HIGH":0,"US_LOW":0,"AK_HIGH":0,"AK_LOW":0,"US_AREA":0,"PACIFIC":0}},{"type":"Feature","id":347,"geometry":{"type":"Point","coordinates":[-81.428614178029989,26.746393791982882]},"properties":{"FID":347,"OBJECTID":3121,"GLOBAL_ID":"B5F41262-B742-4BFF-8B39-99FB80B72D24","IDENT":"1FL9","NAME":"Hendry County Fire-Ems","LATITUDE":"26-44-47.0000N","LONGITUDE":"081-25-43.0000W","ELEVATION":18,"ICAO_ID":" ","TYPE_CODE":"HP","SERVCITY":"LA BELLE","STATE":"FL","COUNTRY":"UNITED STATES","OPERSTATUS":"OPERATIONAL","PRIVATEUSE":1,"IAPEXISTS":0,"DODHIFLIP":0,"FAR91":0,"FAR93":0,"MIL_CODE":"CIVIL","AIRANAL":"CONDITIONAL","US_HIGH":0,"US_LOW":0,"AK_HIGH":0,"AK_LOW":0,"US_AREA":0,"PACIFIC":0}},{"type":"Feature","id":348,"geometry":{"type":"Point","coordinates":[-81.020280717812227,26.444171504069573]},"properties":{"FID":348,"OBJECTID":3122,"GLOBAL_ID":"AF33FC7C-6DE7-494B-96C3-464C5DD23B34","IDENT":"FA18","NAME":"Devils Garden Strip","LATITUDE":"26-26-39.0000N","LONGITUDE":"081-01-13.0000W","ELEVATION":18,"ICAO_ID":" ","TYPE_CODE":"AD","SERVCITY":"LA BELLE","STATE":"FL","COUNTRY":"UNITED STATES","OPERSTATUS":"OPERATIONAL","PRIVATEUSE":1,"IAPEXISTS":0,"DODHIFLIP":0,"FAR91":0,"FAR93":0,"MIL_CODE":"CIVIL","AIRANAL":"CONDITIONAL","US_HIGH":0,"US_LOW":0,"AK_HIGH":0,"AK_LOW":0,"US_AREA":0,"PACIFIC":0}},{"type":"Feature","id":349,"geometry":{"type":"Point","coordinates":[-81.449801682385157,26.683684330934625]},"properties":{"FID":349,"OBJECTID":3123,"GLOBAL_ID":"B7CEB676-AFC4-4C7C-AEEF-7C30576D36A1","IDENT":"FL88","NAME":"Bob Paul","LATITUDE":"26-41-01.2460N","LONGITUDE":"081-26-59.2750W","ELEVATION":28,"ICAO_ID":" ","TYPE_CODE":"AD","SERVCITY":"LA BELLE","STATE":"FL","COUNTRY":"UNITED STATES","OPERSTATUS":"OPERATIONAL","PRIVATEUSE":1,"IAPEXISTS":0,"DODHIFLIP":0,"FAR91":0,"FAR93":0,"MIL_CODE":"CIVIL","AIRANAL":"CONDITIONAL","US_HIGH":0,"US_LOW":0,"AK_HIGH":0,"AK_LOW":0,"US_AREA":0,"PACIFIC":0}},{"type":"Feature","id":350,"geometry":{"type":"Point","coordinates":[-81.53535893006017,26.713406003334853]},"properties":{"FID":350,"OBJECTID":3124,"GLOBAL_ID":"F69FF382-EC4B-4ECD-B8E8-A4D9750540E0","IDENT":"17FA","NAME":"Cotton Strip","LATITUDE":"26-42-48.2440N","LONGITUDE":"081-32-07.2810W","ELEVATION":18,"ICAO_ID":" ","TYPE_CODE":"AD","SERVCITY":"LA BELLE","STATE":"FL","COUNTRY":"UNITED STATES","OPERSTATUS":"OPERATIONAL","PRIVATEUSE":1,"IAPEXISTS":0,"DODHIFLIP":0,"FAR91":0,"FAR93":0,"MIL_CODE":"CIVIL","AIRANAL":"CONDITIONAL","US_HIGH":0,"US_LOW":0,"AK_HIGH":0,"AK_LOW":0,"US_AREA":0,"PACIFIC":0}},{"type":"Feature","id":351,"geometry":{"type":"Point","coordinates":[-81.959881069250116,28.949730425577059]},"properties":{"FID":351,"OBJECTID":3125,"GLOBAL_ID":"CD88C29B-01C3-4D9C-96B6-3A8E3CCD6A1F","IDENT":"FL20","NAME":"Uf Health Spanish Plaines Hospital","LATITUDE":"28-56-59.0100N","LONGITUDE":"081-57-35.5600W","ELEVATION":85,"ICAO_ID":" ","TYPE_CODE":"HP","SERVCITY":"THE VILLAGES","STATE":"FL","COUNTRY":"UNITED STATES","OPERSTATUS":"OPERATIONAL","PRIVATEUSE":1,"IAPEXISTS":0,"DODHIFLIP":0,"FAR91":0,"FAR93":0,"MIL_CODE":"CIVIL","AIRANAL":"CONDITIONAL","US_HIGH":0,"US_LOW":0,"AK_HIGH":0,"AK_LOW":0,"US_AREA":0,"PACIFIC":0}},{"type":"Feature","id":352,"geometry":{"type":"Point","coordinates":[-82.576864626722056,30.182061254169355]},"properties":{"FID":352,"OBJECTID":3126,"GLOBAL_ID":"56BE3364-3C0E-4833-B9DF-E5E445DB9867","IDENT":"LCQ","NAME":"Lake City Gateway","LATITUDE":"30-10-55.4000N","LONGITUDE":"082-34-36.7000W","ELEVATION":200.69999999999999,"ICAO_ID":"KLCQ","TYPE_CODE":"AD","SERVCITY":"LAKE CITY","STATE":"FL","COUNTRY":"UNITED STATES","OPERSTATUS":"OPERATIONAL","PRIVATEUSE":0,"IAPEXISTS":1,"DODHIFLIP":0,"FAR91":0,"FAR93":0,"MIL_CODE":"CIVIL","AIRANAL":"NO OBJECTION","US_HIGH":1,"US_LOW":1,"AK_HIGH":0,"AK_LOW":0,"US_AREA":0,"PACIFIC":0}},{"type":"Feature","id":353,"geometry":{"type":"Point","coordinates":[-82.630778531727913,30.192166809923719]},"properties":{"FID":353,"OBJECTID":3127,"GLOBAL_ID":"6547416A-782B-405C-AFF5-E58EBE7C9E95","IDENT":"86FL","NAME":"Lake Shore Hospital","LATITUDE":"30-11-31.7800N","LONGITUDE":"082-37-50.7900W","ELEVATION":190,"ICAO_ID":" ","TYPE_CODE":"HP","SERVCITY":"LAKE CITY","STATE":"FL","COUNTRY":"UNITED STATES","OPERSTATUS":"OPERATIONAL","PRIVATEUSE":1,"IAPEXISTS":0,"DODHIFLIP":0,"FAR91":0,"FAR93":0,"MIL_CODE":"CIVIL","AIRANAL":"CONDITIONAL","US_HIGH":0,"US_LOW":0,"AK_HIGH":0,"AK_LOW":0,"US_AREA":0,"PACIFIC":0}},{"type":"Feature","id":354,"geometry":{"type":"Point","coordinates":[-82.572347957030217,30.146627912068084]},"properties":{"FID":354,"OBJECTID":3128,"GLOBAL_ID":"B975068B-5081-4B4F-AA5F-B3C8784D6DDD","IDENT":"FL50","NAME":"Rossi Fld","LATITUDE":"30-08-47.8400N","LONGITUDE":"082-34-20.4400W","ELEVATION":183,"ICAO_ID":" ","TYPE_CODE":"AD","SERVCITY":"LAKE CITY","STATE":"FL","COUNTRY":"UNITED STATES","OPERSTATUS":"OPERATIONAL","PRIVATEUSE":1,"IAPEXISTS":0,"DODHIFLIP":0,"FAR91":0,"FAR93":0,"MIL_CODE":"CIVIL","AIRANAL":"CONDITIONAL","US_HIGH":0,"US_LOW":0,"AK_HIGH":0,"AK_LOW":0,"US_AREA":0,"PACIFIC":0}},{"type":"Feature","id":355,"geometry":{"type":"Point","coordinates":[-82.666409373537476,30.153748466949253]},"properties":{"FID":355,"OBJECTID":3129,"GLOBAL_ID":"249E2C49-3412-435F-8591-17EF711FEA02","IDENT":"15FL","NAME":"Cannon Creek Airpark","LATITUDE":"30-09-13.4740N","LONGITUDE":"082-39-59.0610W","ELEVATION":125,"ICAO_ID":" ","TYPE_CODE":"AD","SERVCITY":"LAKE CITY","STATE":"FL","COUNTRY":"UNITED STATES","OPERSTATUS":"OPERATIONAL","PRIVATEUSE":1,"IAPEXISTS":0,"DODHIFLIP":0,"FAR91":0,"FAR93":0,"MIL_CODE":"CIVIL","AIRANAL":"CONDITIONAL","US_HIGH":0,"US_LOW":1,"AK_HIGH":0,"AK_LOW":0,"US_AREA":0,"PACIFIC":0}},{"type":"Feature","id":356,"geometry":{"type":"Point","coordinates":[-81.413131966191486,27.245607248682234]},"properties":{"FID":356,"OBJECTID":3130,"GLOBAL_ID":"53CE0F9A-2BAD-406F-96F2-DC64CC2A3BDD","IDENT":"09FA","NAME":"Placid Lakes","LATITUDE":"27-14-44.1680N","LONGITUDE":"081-24-47.2640W","ELEVATION":130,"ICAO_ID":" ","TYPE_CODE":"AD","SERVCITY":"LAKE PLACID","STATE":"FL","COUNTRY":"UNITED STATES","OPERSTATUS":"OPERATIONAL","PRIVATEUSE":1,"IAPEXISTS":0,"DODHIFLIP":0,"FAR91":0,"FAR93":0,"MIL_CODE":"CIVIL","AIRANAL":"CONDITIONAL","US_HIGH":0,"US_LOW":1,"AK_HIGH":0,"AK_LOW":0,"US_AREA":0,"PACIFIC":0}},{"type":"Feature","id":357,"geometry":{"type":"Point","coordinates":[-81.387697513602347,27.238921692646556]},"properties":{"FID":357,"OBJECTID":3131,"GLOBAL_ID":"FF2CFC72-C72D-4453-8F3E-81B63B5AE552","IDENT":"FA60","NAME":"Vince's Condominium Association","LATITUDE":"27-14-20.1000N","LONGITUDE":"081-23-15.7000W","ELEVATION":125,"ICAO_ID":" ","TYPE_CODE":"AD","SERVCITY":"LAKE PLACID","STATE":"FL","COUNTRY":"UNITED STATES","OPERSTATUS":"OPERATIONAL","PRIVATEUSE":1,"IAPEXISTS":0,"DODHIFLIP":0,"FAR91":0,"FAR93":0,"MIL_CODE":"CIVIL","AIRANAL":"CONDITIONAL","US_HIGH":0,"US_LOW":0,"AK_HIGH":0,"AK_LOW":0,"US_AREA":0,"PACIFIC":0}},{"type":"Feature","id":358,"geometry":{"type":"Point","coordinates":[-81.451189470587224,27.021726914589237]},"properties":{"FID":358,"OBJECTID":3132,"GLOBAL_ID":"74E0E3A7-D871-47A7-B7C2-20AC0C8E4BFD","IDENT":"3FD0","NAME":"Last Chance Ranch","LATITUDE":"27-01-18.1990N","LONGITUDE":"081-27-04.2710W","ELEVATION":70,"ICAO_ID":" ","TYPE_CODE":"AD","SERVCITY":"LAKE PLACID","STATE":"FL","COUNTRY":"UNITED STATES","OPERSTATUS":"OPERATIONAL","PRIVATEUSE":1,"IAPEXISTS":0,"DODHIFLIP":0,"FAR91":0,"FAR93":0,"MIL_CODE":"CIVIL","AIRANAL":"CONDITIONAL","US_HIGH":0,"US_LOW":0,"AK_HIGH":0,"AK_LOW":0,"US_AREA":0,"PACIFIC":0}},{"type":"Feature","id":359,"geometry":{"type":"Point","coordinates":[-81.328686380857675,27.084501932985177]},"properties":{"FID":359,"OBJECTID":3133,"GLOBAL_ID":"1D875A52-2CE2-416C-9FA3-FC0F0121C32B","IDENT":"08FL","NAME":"J H Hendrie Farms","LATITUDE":"27-05-04.1890N","LONGITUDE":"081-19-43.2600W","ELEVATION":103,"ICAO_ID":" ","TYPE_CODE":"AD","SERVCITY":"LAKE PLACID","STATE":"FL","COUNTRY":"UNITED STATES","OPERSTATUS":"OPERATIONAL","PRIVATEUSE":1,"IAPEXISTS":0,"DODHIFLIP":0,"FAR91":0,"FAR93":0,"MIL_CODE":"CIVIL","AIRANAL":"CONDITIONAL","US_HIGH":0,"US_LOW":0,"AK_HIGH":0,"AK_LOW":0,"US_AREA":0,"PACIFIC":0}},{"type":"Feature","id":360,"geometry":{"type":"Point","coordinates":[-81.3704808450575,27.320543935141359]},"properties":{"FID":360,"OBJECTID":3134,"GLOBAL_ID":"F4944BCD-9B35-4690-BB8E-3327995E4AA0","IDENT":"30FA","NAME":"Florida Hospital Lake Placid","LATITUDE":"27-19-13.9400N","LONGITUDE":"081-22-13.7200W","ELEVATION":141,"ICAO_ID":" ","TYPE_CODE":"HP","SERVCITY":"LAKE PLACID","STATE":"FL","COUNTRY":"UNITED STATES","OPERSTATUS":"OPERATIONAL","PRIVATEUSE":1,"IAPEXISTS":0,"DODHIFLIP":0,"FAR91":0,"FAR93":0,"MIL_CODE":"CIVIL","AIRANAL":"CONDITIONAL","US_HIGH":0,"US_LOW":0,"AK_HIGH":0,"AK_LOW":0,"US_AREA":0,"PACIFIC":0}},{"type":"Feature","id":361,"geometry":{"type":"Point","coordinates":[-81.62146204672365,27.893216013001961]},"properties":{"FID":361,"OBJECTID":3135,"GLOBAL_ID":"D46B3BD7-20A3-486D-8BDB-F4EC224D9801","IDENT":"X07","NAME":"Lake Wales Muni","LATITUDE":"27-53-35.5590N","LONGITUDE":"081-37-17.2520W","ELEVATION":126.7,"ICAO_ID":" ","TYPE_CODE":"AD","SERVCITY":"LAKE WALES","STATE":"FL","COUNTRY":"UNITED STATES","OPERSTATUS":"OPERATIONAL","PRIVATEUSE":0,"IAPEXISTS":1,"DODHIFLIP":0,"FAR91":0,"FAR93":0,"MIL_CODE":"CIVIL","AIRANAL":"NOT ANALYZED","US_HIGH":1,"US_LOW":1,"AK_HIGH":0,"AK_LOW":0,"US_AREA":0,"PACIFIC":0}},{"type":"Feature","id":362,"geometry":{"type":"Point","coordinates":[-81.548986470416708,27.916363520455491]},"properties":{"FID":362,"OBJECTID":3136,"GLOBAL_ID":"8B5DF4C1-935E-47EC-BA69-0613C55E069C","IDENT":"FA45","NAME":"Lake Wales","LATITUDE":"27-54-58.8900N","LONGITUDE":"081-32-56.3400W","ELEVATION":125,"ICAO_ID":" ","TYPE_CODE":"HP","SERVCITY":"LAKE WALES","STATE":"FL","COUNTRY":"UNITED STATES","OPERSTATUS":"OPERATIONAL","PRIVATEUSE":1,"IAPEXISTS":0,"DODHIFLIP":0,"FAR91":0,"FAR93":0,"MIL_CODE":"CIVIL","AIRANAL":"CONDITIONAL","US_HIGH":0,"US_LOW":0,"AK_HIGH":0,"AK_LOW":0,"US_AREA":0,"PACIFIC":0}},{"type":"Feature","id":363,"geometry":{"type":"Point","coordinates":[-81.437536435440961,27.834674614361063]},"properties":{"FID":363,"OBJECTID":3137,"GLOBAL_ID":"40241F3D-CF99-4160-A9D6-05B1D32EE91C","IDENT":"6FL7","NAME":"Timmer","LATITUDE":"27-50-04.8100N","LONGITUDE":"081-26-15.1200W","ELEVATION":104,"ICAO_ID":" ","TYPE_CODE":"HP","SERVCITY":"LAKE WALES","STATE":"FL","COUNTRY":"UNITED STATES","OPERSTATUS":"OPERATIONAL","PRIVATEUSE":1,"IAPEXISTS":0,"DODHIFLIP":0,"FAR91":0,"FAR93":0,"MIL_CODE":"CIVIL","AIRANAL":"CONDITIONAL","US_HIGH":0,"US_LOW":0,"AK_HIGH":0,"AK_LOW":0,"US_AREA":0,"PACIFIC":0}},{"type":"Feature","id":364,"geometry":{"type":"Point","coordinates":[-81.432030882175297,27.939616307056781]},"properties":{"FID":364,"OBJECTID":3138,"GLOBAL_ID":"617CDA92-4428-400A-B0DC-5DE6B1911B5F","IDENT":"52FA","NAME":"Bent Willies","LATITUDE":"27-56-22.6000N","LONGITUDE":"081-25-55.3000W","ELEVATION":73,"ICAO_ID":" ","TYPE_CODE":"AD","SERVCITY":"LAKE WALES","STATE":"FL","COUNTRY":"UNITED STATES","OPERSTATUS":"OPERATIONAL","PRIVATEUSE":1,"IAPEXISTS":0,"DODHIFLIP":0,"FAR91":0,"FAR93":0,"MIL_CODE":"CIVIL","AIRANAL":"CONDITIONAL","US_HIGH":0,"US_LOW":0,"AK_HIGH":0,"AK_LOW":0,"US_AREA":0,"PACIFIC":0}},{"type":"Feature","id":365,"geometry":{"type":"Point","coordinates":[-81.60141982084059,27.95381075123737]},"properties":{"FID":365,"OBJECTID":3139,"GLOBAL_ID":"6FF56B59-E284-4274-829F-F227BA864585","IDENT":"X25","NAME":"Chalet Suzanne Air Strip","LATITUDE":"27-57-13.7000N","LONGITUDE":"081-36-05.1000W","ELEVATION":130,"ICAO_ID":" ","TYPE_CODE":"AD","SERVCITY":"LAKE WALES","STATE":"FL","COUNTRY":"UNITED STATES","OPERSTATUS":"OPERATIONAL","PRIVATEUSE":0,"IAPEXISTS":0,"DODHIFLIP":0,"FAR91":0,"FAR93":0,"MIL_CODE":"CIVIL","AIRANAL":"CONDITIONAL","US_HIGH":0,"US_LOW":0,"AK_HIGH":0,"AK_LOW":0,"US_AREA":0,"PACIFIC":0}},{"type":"Feature","id":366,"geometry":{"type":"Point","coordinates":[-81.439725325386405,27.844449616688621]},"properties":{"FID":366,"OBJECTID":3140,"GLOBAL_ID":"4888BC67-6EAF-4509-8313-75ADABC28DBA","IDENT":"62FL","NAME":"Flyjivefly","LATITUDE":"27-50-40.0000N","LONGITUDE":"081-26-23.0000W","ELEVATION":100,"ICAO_ID":" ","TYPE_CODE":"AD","SERVCITY":"LAKE WALES","STATE":"FL","COUNTRY":"UNITED STATES","OPERSTATUS":"OPERATIONAL","PRIVATEUSE":1,"IAPEXISTS":0,"DODHIFLIP":0,"FAR91":0,"FAR93":0,"MIL_CODE":"CIVIL","AIRANAL":"CONDITIONAL","US_HIGH":0,"US_LOW":1,"AK_HIGH":0,"AK_LOW":0,"US_AREA":0,"PACIFIC":0}},{"type":"Feature","id":367,"geometry":{"type":"Point","coordinates":[-83.004023921559565,30.291340154794057]},"properties":{"FID":367,"OBJECTID":3141,"GLOBAL_ID":"87A54AB7-1C35-4A0F-BF70-B7A2DE6E59C6","IDENT":"9FL9","NAME":"Hca Florida Suwannee Emergency","LATITUDE":"30-17-28.8040N","LONGITUDE":"083-00-14.4730W","ELEVATION":94,"ICAO_ID":" ","TYPE_CODE":"HP","SERVCITY":"LIVE OAK","STATE":"FL","COUNTRY":"UNITED STATES","OPERSTATUS":"OPERATIONAL","PRIVATEUSE":1,"IAPEXISTS":0,"DODHIFLIP":0,"FAR91":0,"FAR93":0,"MIL_CODE":"CIVIL","AIRANAL":"CONDITIONAL","US_HIGH":0,"US_LOW":0,"AK_HIGH":0,"AK_LOW":0,"US_AREA":0,"PACIFIC":0}},{"type":"Feature","id":368,"geometry":{"type":"Point","coordinates":[-83.024392538801123,30.300394601276423]},"properties":{"FID":368,"OBJECTID":3142,"GLOBAL_ID":"6AA502E2-96EE-4009-97BF-4F7AD7425EEC","IDENT":"24J","NAME":"Suwannee County","LATITUDE":"30-18-01.4000N","LONGITUDE":"083-01-27.8000W","ELEVATION":103.3,"ICAO_ID":" ","TYPE_CODE":"AD","SERVCITY":"LIVE OAK","STATE":"FL","COUNTRY":"UNITED STATES","OPERSTATUS":"OPERATIONAL","PRIVATEUSE":0,"IAPEXISTS":1,"DODHIFLIP":0,"FAR91":0,"FAR93":0,"MIL_CODE":"CIVIL","AIRANAL":"CONDITIONAL","US_HIGH":0,"US_LOW":1,"AK_HIGH":0,"AK_LOW":0,"US_AREA":0,"PACIFIC":0}},{"type":"Feature","id":369,"geometry":{"type":"Point","coordinates":[-82.924021674820949,30.250231259676752]},"properties":{"FID":369,"OBJECTID":3143,"GLOBAL_ID":"ED9AF120-09FB-43D3-A507-765B866EA4D9","IDENT":"FL07","NAME":"Wings N Sunsets","LATITUDE":"30-15-00.8120N","LONGITUDE":"082-55-26.4650W","ELEVATION":130,"ICAO_ID":" ","TYPE_CODE":"AD","SERVCITY":"LIVE OAK","STATE":"FL","COUNTRY":"UNITED STATES","OPERSTATUS":"OPERATIONAL","PRIVATEUSE":1,"IAPEXISTS":0,"DODHIFLIP":0,"FAR91":0,"FAR93":0,"MIL_CODE":"CIVIL","AIRANAL":"CONDITIONAL","US_HIGH":0,"US_LOW":0,"AK_HIGH":0,"AK_LOW":0,"US_AREA":0,"PACIFIC":0}},{"type":"Feature","id":370,"geometry":{"type":"Point","coordinates":[-83.085414215204935,30.092452329339153]},"properties":{"FID":370,"OBJECTID":3144,"GLOBAL_ID":"853A7F49-6612-4DB5-A384-264937626A77","IDENT":"9FL0","NAME":"Suwannee Belle","LATITUDE":"30-05-32.8080N","LONGITUDE":"083-05-07.4780W","ELEVATION":50,"ICAO_ID":" ","TYPE_CODE":"AD","SERVCITY":"LIVE OAK","STATE":"FL","COUNTRY":"UNITED STATES","OPERSTATUS":"OPERATIONAL","PRIVATEUSE":1,"IAPEXISTS":0,"DODHIFLIP":0,"FAR91":0,"FAR93":0,"MIL_CODE":"CIVIL","AIRANAL":"CONDITIONAL","US_HIGH":0,"US_LOW":0,"AK_HIGH":0,"AK_LOW":0,"US_AREA":0,"PACIFIC":0}},{"type":"Feature","id":371,"geometry":{"type":"Point","coordinates":[-83.048473105739731,30.425047407317379]},"properties":{"FID":371,"OBJECTID":3145,"GLOBAL_ID":"74715829-DEE0-4F05-81EE-24B528FF0EBF","IDENT":"FA88","NAME":"Pittman Oaks","LATITUDE":"30-25-30.1500N","LONGITUDE":"083-02-54.4900W","ELEVATION":83,"ICAO_ID":" ","TYPE_CODE":"AD","SERVCITY":"LIVE OAK","STATE":"FL","COUNTRY":"UNITED STATES","OPERSTATUS":"OPERATIONAL","PRIVATEUSE":1,"IAPEXISTS":0,"DODHIFLIP":0,"FAR91":0,"FAR93":0,"MIL_CODE":"CIVIL","AIRANAL":"CONDITIONAL","US_HIGH":0,"US_LOW":0,"AK_HIGH":0,"AK_LOW":0,"US_AREA":0,"PACIFIC":0}},{"type":"Feature","id":372,"geometry":{"type":"Point","coordinates":[-82.997911693256697,30.176619851435476]},"properties":{"FID":372,"OBJECTID":3146,"GLOBAL_ID":"E54D4FAE-0B37-498D-9ABA-92E4AB74EBC6","IDENT":"FD61","NAME":"Red Barn Acres","LATITUDE":"30-10-35.8110N","LONGITUDE":"082-59-52.4690W","ELEVATION":104,"ICAO_ID":" ","TYPE_CODE":"AD","SERVCITY":"LIVE OAK","STATE":"FL","COUNTRY":"UNITED STATES","OPERSTATUS":"OPERATIONAL","PRIVATEUSE":1,"IAPEXISTS":0,"DODHIFLIP":0,"FAR91":0,"FAR93":0,"MIL_CODE":"CIVIL","AIRANAL":"CONDITIONAL","US_HIGH":0,"US_LOW":0,"AK_HIGH":0,"AK_LOW":0,"US_AREA":0,"PACIFIC":0}},{"type":"Feature","id":373,"geometry":{"type":"Point","coordinates":[-83.016526708129959,30.415502683081002]},"properties":{"FID":373,"OBJECTID":3147,"GLOBAL_ID":"1DEF37F3-F514-46EB-A0A4-E7C7070095C1","IDENT":"FL08","NAME":"Florida Sheriffs Boys Ranch","LATITUDE":"30-24-55.7890N","LONGITUDE":"083-00-59.4830W","ELEVATION":93,"ICAO_ID":" ","TYPE_CODE":"AD","SERVCITY":"LIVE OAK","STATE":"FL","COUNTRY":"UNITED STATES","OPERSTATUS":"OPERATIONAL","PRIVATEUSE":1,"IAPEXISTS":0,"DODHIFLIP":0,"FAR91":0,"FAR93":0,"MIL_CODE":"CIVIL","AIRANAL":"CONDITIONAL","US_HIGH":0,"US_LOW":0,"AK_HIGH":0,"AK_LOW":0,"US_AREA":0,"PACIFIC":0}},{"type":"Feature","id":374,"geometry":{"type":"Point","coordinates":[-83.144307574945515,30.338835995550937]},"properties":{"FID":374,"OBJECTID":3148,"GLOBAL_ID":"391C2164-8597-463D-BACF-9B97E3586CB6","IDENT":"FL09","NAME":"Kittyhawk Estates","LATITUDE":"30-20-19.7890N","LONGITUDE":"083-08-39.4940W","ELEVATION":90,"ICAO_ID":" ","TYPE_CODE":"AD","SERVCITY":"LIVE OAK","STATE":"FL","COUNTRY":"UNITED STATES","OPERSTATUS":"OPERATIONAL","PRIVATEUSE":1,"IAPEXISTS":0,"DODHIFLIP":0,"FAR91":0,"FAR93":0,"MIL_CODE":"CIVIL","AIRANAL":"CONDITIONAL","US_HIGH":0,"US_LOW":0,"AK_HIGH":0,"AK_LOW":0,"US_AREA":0,"PACIFIC":0}},{"type":"Feature","id":375,"geometry":{"type":"Point","coordinates":[-82.165898364688644,29.333842511124487]},"properties":{"FID":375,"OBJECTID":3149,"GLOBAL_ID":"D22F4D88-E9CB-4A61-8032-C410CF683B0F","IDENT":"FL80","NAME":"Lee Farms","LATITUDE":"29-20-01.8132N","LONGITUDE":"082-09-57.2220W","ELEVATION":90,"ICAO_ID":" ","TYPE_CODE":"AD","SERVCITY":"LOWELL","STATE":"FL","COUNTRY":"UNITED STATES","OPERSTATUS":"OPERATIONAL","PRIVATEUSE":1,"IAPEXISTS":0,"DODHIFLIP":0,"FAR91":0,"FAR93":0,"MIL_CODE":"CIVIL","AIRANAL":"CONDITIONAL","US_HIGH":0,"US_LOW":0,"AK_HIGH":0,"AK_LOW":0,"US_AREA":0,"PACIFIC":0}},{"type":"Feature","id":376,"geometry":{"type":"Point","coordinates":[-80.251547166285036,26.68466602562512]},"properties":{"FID":376,"OBJECTID":3150,"GLOBAL_ID":"28DAC02A-8E0D-4064-856D-49EFFB9BD968","IDENT":"FA19","NAME":"Hca Florida Palms West Hospital","LATITUDE":"26-41-04.7800N","LONGITUDE":"080-15-05.5600W","ELEVATION":21,"ICAO_ID":" ","TYPE_CODE":"HP","SERVCITY":"LOXAHATCHEE","STATE":"FL","COUNTRY":"UNITED STATES","OPERSTATUS":"OPERATIONAL","PRIVATEUSE":1,"IAPEXISTS":0,"DODHIFLIP":0,"FAR91":0,"FAR93":0,"MIL_CODE":"CIVIL","AIRANAL":"CONDITIONAL","US_HIGH":0,"US_LOW":0,"AK_HIGH":0,"AK_LOW":0,"US_AREA":0,"PACIFIC":0}},{"type":"Feature","id":377,"geometry":{"type":"Point","coordinates":[-82.455572852558703,28.180844117278923]},"properties":{"FID":377,"OBJECTID":3151,"GLOBAL_ID":"1FF1784D-BC08-474C-8601-84B53DFC1835","IDENT":"FD06","NAME":"Lake Bird","LATITUDE":"28-10-51.0200N","LONGITUDE":"082-27-20.0500W","ELEVATION":67,"ICAO_ID":" ","TYPE_CODE":"HP","SERVCITY":"LUTZ","STATE":"FL","COUNTRY":"UNITED STATES","OPERSTATUS":"OPERATIONAL","PRIVATEUSE":1,"IAPEXISTS":0,"DODHIFLIP":0,"FAR91":0,"FAR93":0,"MIL_CODE":"CIVIL","AIRANAL":"CONDITIONAL","US_HIGH":0,"US_LOW":0,"AK_HIGH":0,"AK_LOW":0,"US_AREA":0,"PACIFIC":0}},{"type":"Feature","id":378,"geometry":{"type":"Point","coordinates":[-82.509261755402122,28.130585770794255]},"properties":{"FID":378,"OBJECTID":3152,"GLOBAL_ID":"2F870153-C744-4163-A525-5B0C5F71F0C6","IDENT":"FA70","NAME":"St Joseph's Hospital North","LATITUDE":"28-07-50.0900N","LONGITUDE":"082-30-33.3300W","ELEVATION":60,"ICAO_ID":" ","TYPE_CODE":"HP","SERVCITY":"LUTZ","STATE":"FL","COUNTRY":"UNITED STATES","OPERSTATUS":"OPERATIONAL","PRIVATEUSE":1,"IAPEXISTS":0,"DODHIFLIP":0,"FAR91":0,"FAR93":0,"MIL_CODE":"CIVIL","AIRANAL":"CONDITIONAL","US_HIGH":0,"US_LOW":0,"AK_HIGH":0,"AK_LOW":0,"US_AREA":0,"PACIFIC":0}},{"type":"Feature","id":379,"geometry":{"type":"Point","coordinates":[-82.487781195665434,28.175005226039275]},"properties":{"FID":379,"OBJECTID":3153,"GLOBAL_ID":"10F4506A-ADF3-4174-9A3F-DE3185E28C52","IDENT":"FL35","NAME":"Geraci Airpark","LATITUDE":"28-10-30.0000N","LONGITUDE":"082-29-16.0000W","ELEVATION":65,"ICAO_ID":" ","TYPE_CODE":"AD","SERVCITY":"LUTZ","STATE":"FL","COUNTRY":"UNITED STATES","OPERSTATUS":"OPERATIONAL","PRIVATEUSE":1,"IAPEXISTS":0,"DODHIFLIP":0,"FAR91":0,"FAR93":0,"MIL_CODE":"CIVIL","AIRANAL":"CONDITIONAL","US_HIGH":0,"US_LOW":0,"AK_HIGH":0,"AK_LOW":0,"US_AREA":0,"PACIFIC":0}},{"type":"Feature","id":380,"geometry":{"type":"Point","coordinates":[-82.967910848467113,30.122454283773607]},"properties":{"FID":380,"OBJECTID":3154,"GLOBAL_ID":"F0250116-14B5-482D-9B41-39769466D31E","IDENT":"9FD9","NAME":"Buddy's Ag Service","LATITUDE":"30-07-20.8150N","LONGITUDE":"082-58-04.4660W","ELEVATION":100,"ICAO_ID":" ","TYPE_CODE":"AD","SERVCITY":"MC ALPIN","STATE":"FL","COUNTRY":"UNITED STATES","OPERSTATUS":"OPERATIONAL","PRIVATEUSE":1,"IAPEXISTS":0,"DODHIFLIP":0,"FAR91":0,"FAR93":0,"MIL_CODE":"CIVIL","AIRANAL":"CONDITIONAL","US_HIGH":0,"US_LOW":0,"AK_HIGH":0,"AK_LOW":0,"US_AREA":0,"PACIFIC":0}},{"type":"Feature","id":381,"geometry":{"type":"Point","coordinates":[-82.909020553165874,30.1149553947767]},"properties":{"FID":381,"OBJECTID":3155,"GLOBAL_ID":"FE87B832-D9CE-4539-B21F-BA0CAAFEF2B8","IDENT":"FL10","NAME":"Little River","LATITUDE":"30-06-53.8190N","LONGITUDE":"082-54-32.4610W","ELEVATION":90,"ICAO_ID":" ","TYPE_CODE":"AD","SERVCITY":"MC ALPIN","STATE":"FL","COUNTRY":"UNITED STATES","OPERSTATUS":"OPERATIONAL","PRIVATEUSE":1,"IAPEXISTS":0,"DODHIFLIP":0,"FAR91":0,"FAR93":0,"MIL_CODE":"CIVIL","AIRANAL":"CONDITIONAL","US_HIGH":0,"US_LOW":0,"AK_HIGH":0,"AK_LOW":0,"US_AREA":0,"PACIFIC":0}},{"type":"Feature","id":382,"geometry":{"type":"Point","coordinates":[-82.120949779018702,30.349407972529775]},"properties":{"FID":382,"OBJECTID":3156,"GLOBAL_ID":"19D89328-FAEB-42EB-8C21-5AC6B1A99186","IDENT":"FL11","NAME":"Thrifts","LATITUDE":"30-20-57.8480N","LONGITUDE":"082-07-15.4070W","ELEVATION":100,"ICAO_ID":" ","TYPE_CODE":"AD","SERVCITY":"MACCLENNY","STATE":"FL","COUNTRY":"UNITED STATES","OPERSTATUS":"OPERATIONAL","PRIVATEUSE":1,"IAPEXISTS":0,"DODHIFLIP":0,"FAR91":0,"FAR93":0,"MIL_CODE":"CIVIL","AIRANAL":"CONDITIONAL","US_HIGH":0,"US_LOW":0,"AK_HIGH":0,"AK_LOW":0,"US_AREA":0,"PACIFIC":0}},{"type":"Feature","id":383,"geometry":{"type":"Point","coordinates":[-83.286817905618761,30.624380222882678]},"properties":{"FID":383,"OBJECTID":3157,"GLOBAL_ID":"FC4D2D53-19B8-44DA-9EA8-6DDED359906A","IDENT":"7FD9","NAME":"Estherbrook Aerodrome","LATITUDE":"30-37-27.7480N","LONGITUDE":"083-17-12.5310W","ELEVATION":100,"ICAO_ID":" ","TYPE_CODE":"AD","SERVCITY":"MADISON","STATE":"FL","COUNTRY":"UNITED STATES","OPERSTATUS":"OPERATIONAL","PRIVATEUSE":1,"IAPEXISTS":0,"DODHIFLIP":0,"FAR91":0,"FAR93":0,"MIL_CODE":"CIVIL","AIRANAL":"CONDITIONAL","US_HIGH":0,"US_LOW":0,"AK_HIGH":0,"AK_LOW":0,"US_AREA":0,"PACIFIC":0}},{"type":"Feature","id":384,"geometry":{"type":"Point","coordinates":[-85.069377596859624,30.964636077994783]},"properties":{"FID":384,"OBJECTID":3158,"GLOBAL_ID":"533193CB-E828-40B5-85AD-5959A73E1542","IDENT":"56FD","NAME":"North American Farms","LATITUDE":"30-57-52.6690N","LONGITUDE":"085-04-09.7440W","ELEVATION":130,"ICAO_ID":" ","TYPE_CODE":"AD","SERVCITY":"MALONE","STATE":"FL","COUNTRY":"UNITED STATES","OPERSTATUS":"OPERATIONAL","PRIVATEUSE":1,"IAPEXISTS":0,"DODHIFLIP":0,"FAR91":0,"FAR93":0,"MIL_CODE":"CIVIL","AIRANAL":"CONDITIONAL","US_HIGH":0,"US_LOW":1,"AK_HIGH":0,"AK_LOW":0,"US_AREA":0,"PACIFIC":0}},{"type":"Feature","id":385,"geometry":{"type":"Point","coordinates":[-80.069699893238919,26.761368826966873]},"properties":{"FID":385,"OBJECTID":3159,"GLOBAL_ID":"6E92C7F1-C045-4ACA-9E53-510227F3288E","IDENT":"91FD","NAME":"Wpec Inc","LATITUDE":"26-45-40.9100N","LONGITUDE":"080-04-10.9100W","ELEVATION":18,"ICAO_ID":" ","TYPE_CODE":"HP","SERVCITY":"MANGONIA PARK","STATE":"FL","COUNTRY":"UNITED STATES","OPERSTATUS":"OPERATIONAL","PRIVATEUSE":1,"IAPEXISTS":0,"DODHIFLIP":0,"FAR91":0,"FAR93":0,"MIL_CODE":"CIVIL","AIRANAL":"CONDITIONAL","US_HIGH":0,"US_LOW":0,"AK_HIGH":0,"AK_LOW":0,"US_AREA":0,"PACIFIC":0}},{"type":"Feature","id":386,"geometry":{"type":"Point","coordinates":[-81.05141846081608,24.726290234585292]},"properties":{"FID":386,"OBJECTID":3160,"GLOBAL_ID":"53643C6D-3134-4639-A518-7C1CDB1631DB","IDENT":"MTH","NAME":"The Florida Keys Marathon Intl","LATITUDE":"24-43-34.6290N","LONGITUDE":"081-03-05.0960W","ELEVATION":7.2999999999999998,"ICAO_ID":"KMTH","TYPE_CODE":"AD","SERVCITY":"MARATHON","STATE":"FL","COUNTRY":"UNITED STATES","OPERSTATUS":"OPERATIONAL","PRIVATEUSE":0,"IAPEXISTS":1,"DODHIFLIP":0,"FAR91":0,"FAR93":0,"MIL_CODE":"CIVIL","AIRANAL":"NOT ANALYZED","US_HIGH":1,"US_LOW":1,"AK_HIGH":0,"AK_LOW":0,"US_AREA":0,"PACIFIC":0}},{"type":"Feature","id":387,"geometry":{"type":"Point","coordinates":[-81.018677895477197,24.733926626185053]},"properties":{"FID":387,"OBJECTID":3161,"GLOBAL_ID":"AA6C7A1D-659D-4C91-8935-2687B6183334","IDENT":"2FD5","NAME":"The Island Fish Company","LATITUDE":"24-44-02.1200N","LONGITUDE":"081-01-07.2300W","ELEVATION":3,"ICAO_ID":" ","TYPE_CODE":"HP","SERVCITY":"MARATHON","STATE":"FL","COUNTRY":"UNITED STATES","OPERSTATUS":"OPERATIONAL","PRIVATEUSE":1,"IAPEXISTS":0,"DODHIFLIP":0,"FAR91":0,"FAR93":0,"MIL_CODE":"CIVIL","AIRANAL":"CONDITIONAL","US_HIGH":0,"US_LOW":0,"AK_HIGH":0,"AK_LOW":0,"US_AREA":0,"PACIFIC":0}},{"type":"Feature","id":388,"geometry":{"type":"Point","coordinates":[-81.093891805791543,24.710559952720644]},"properties":{"FID":388,"OBJECTID":3162,"GLOBAL_ID":"087B7BD3-D519-4C51-B758-DA0ED0C5EF8F","IDENT":"10FL","NAME":"Fishermen's Hospital Emergency Helistop","LATITUDE":"24-42-38.0000N","LONGITUDE":"081-05-38.0000W","ELEVATION":10,"ICAO_ID":" ","TYPE_CODE":"HP","SERVCITY":"MARATHON","STATE":"FL","COUNTRY":"UNITED STATES","OPERSTATUS":"OPERATIONAL","PRIVATEUSE":1,"IAPEXISTS":0,"DODHIFLIP":0,"FAR91":0,"FAR93":0,"MIL_CODE":"CIVIL","AIRANAL":"CONDITIONAL","US_HIGH":0,"US_LOW":0,"AK_HIGH":0,"AK_LOW":0,"US_AREA":0,"PACIFIC":0}},{"type":"Feature","id":389,"geometry":{"type":"Point","coordinates":[-80.595620555951825,24.971246417387192]},"properties":{"FID":389,"OBJECTID":3163,"GLOBAL_ID":"275E89C0-CB2D-4412-989E-FD517BF51CF2","IDENT":"42FL","NAME":"Plantation Key","LATITUDE":"24-58-16.4710N","LONGITUDE":"080-35-44.2240W","ELEVATION":0,"ICAO_ID":" ","TYPE_CODE":"SP","SERVCITY":"MARATHON","STATE":"FL","COUNTRY":"UNITED STATES","OPERSTATUS":"OPERATIONAL","PRIVATEUSE":1,"IAPEXISTS":0,"DODHIFLIP":0,"FAR91":0,"FAR93":0,"MIL_CODE":"CIVIL","AIRANAL":"CONDITIONAL","US_HIGH":0,"US_LOW":0,"AK_HIGH":0,"AK_LOW":0,"US_AREA":0,"PACIFIC":0}},{"type":"Feature","id":390,"geometry":{"type":"Point","coordinates":[-80.613936203479625,28.088985809051849]},"properties":{"FID":390,"OBJECTID":3164,"GLOBAL_ID":"77A03ED1-2316-4915-A4C6-272C33D4B066","IDENT":"3FD3","NAME":"Holmes Rgnl Medical Center","LATITUDE":"28-05-20.3300N","LONGITUDE":"080-36-50.1600W","ELEVATION":100,"ICAO_ID":" ","TYPE_CODE":"HP","SERVCITY":"MELBOURNE","STATE":"FL","COUNTRY":"UNITED STATES","OPERSTATUS":"OPERATIONAL","PRIVATEUSE":1,"IAPEXISTS":0,"DODHIFLIP":0,"FAR91":0,"FAR93":0,"MIL_CODE":"CIVIL","AIRANAL":"CONDITIONAL","US_HIGH":0,"US_LOW":0,"AK_HIGH":0,"AK_LOW":0,"US_AREA":0,"PACIFIC":0}},{"type":"Feature","id":391,"geometry":{"type":"Point","coordinates":[-80.730975131116566,28.226783061678418]},"properties":{"FID":391,"OBJECTID":3165,"GLOBAL_ID":"0985F762-79AC-44C9-9373-067F051CF974","IDENT":"8FA7","NAME":"Viera Hospital","LATITUDE":"28-13-36.4000N","LONGITUDE":"080-43-51.5000W","ELEVATION":29,"ICAO_ID":" ","TYPE_CODE":"HP","SERVCITY":"MELBOURNE","STATE":"FL","COUNTRY":"UNITED STATES","OPERSTATUS":"OPERATIONAL","PRIVATEUSE":1,"IAPEXISTS":0,"DODHIFLIP":0,"FAR91":0,"FAR93":0,"MIL_CODE":"CIVIL","AIRANAL":"CONDITIONAL","US_HIGH":0,"US_LOW":0,"AK_HIGH":0,"AK_LOW":0,"US_AREA":0,"PACIFIC":0}},{"type":"Feature","id":392,"geometry":{"type":"Point","coordinates":[-82.009265831305584,29.662473371070291]},"properties":{"FID":392,"OBJECTID":3166,"GLOBAL_ID":"4FE7B095-30F4-4DF1-8E1C-FE73931D8F5A","IDENT":"39FA","NAME":"Sanders Ranch","LATITUDE":"29-39-44.8840N","LONGITUDE":"082-00-33.3450W","ELEVATION":150,"ICAO_ID":" ","TYPE_CODE":"AD","SERVCITY":"MELROSE","STATE":"FL","COUNTRY":"UNITED STATES","OPERSTATUS":"OPERATIONAL","PRIVATEUSE":1,"IAPEXISTS":0,"DODHIFLIP":0,"FAR91":0,"FAR93":0,"MIL_CODE":"CIVIL","AIRANAL":"CONDITIONAL","US_HIGH":0,"US_LOW":0,"AK_HIGH":0,"AK_LOW":0,"US_AREA":0,"PACIFIC":0}},{"type":"Feature","id":393,"geometry":{"type":"Point","coordinates":[-81.955097482736448,29.666917817651722]},"properties":{"FID":393,"OBJECTID":3167,"GLOBAL_ID":"CB0C0D1D-E62F-4665-8664-4595978FB54E","IDENT":"FD22","NAME":"Melrose Landing","LATITUDE":"29-40-00.8840N","LONGITUDE":"081-57-18.3390W","ELEVATION":159,"ICAO_ID":" ","TYPE_CODE":"AD","SERVCITY":"MELROSE","STATE":"FL","COUNTRY":"UNITED STATES","OPERSTATUS":"OPERATIONAL","PRIVATEUSE":1,"IAPEXISTS":0,"DODHIFLIP":0,"FAR91":0,"FAR93":0,"MIL_CODE":"CIVIL","AIRANAL":"CONDITIONAL","US_HIGH":0,"US_LOW":1,"AK_HIGH":0,"AK_LOW":0,"US_AREA":0,"PACIFIC":0}},{"type":"Feature","id":394,"geometry":{"type":"Point","coordinates":[-80.685487621562515,28.341605034760335]},"properties":{"FID":394,"OBJECTID":3168,"GLOBAL_ID":"F82FE4D1-02C9-45F2-A86E-0A2E13F455E7","IDENT":"COI","NAME":"Merritt Island","LATITUDE":"28-20-29.7590N","LONGITUDE":"080-41-07.7450W","ELEVATION":5.9000000000000004,"ICAO_ID":"KCOI","TYPE_CODE":"AD","SERVCITY":"MERRITT ISLAND","STATE":"FL","COUNTRY":"UNITED STATES","OPERSTATUS":"OPERATIONAL","PRIVATEUSE":0,"IAPEXISTS":1,"DODHIFLIP":0,"FAR91":0,"FAR93":0,"MIL_CODE":"CIVIL","AIRANAL":"CONDITIONAL","US_HIGH":0,"US_LOW":1,"AK_HIGH":0,"AK_LOW":0,"US_AREA":0,"PACIFIC":0}},{"type":"Feature","id":395,"geometry":{"type":"Point","coordinates":[-80.553950002256215,25.554557401055831]},"properties":{"FID":395,"OBJECTID":3169,"GLOBAL_ID":"7BF42A4B-ABFD-4C1E-B16F-D9541B72DE57","IDENT":"FL31","NAME":"Mjd","LATITUDE":"25-33-16.3900N","LONGITUDE":"080-33-14.2100W","ELEVATION":6,"ICAO_ID":" ","TYPE_CODE":"AD","SERVCITY":"MIAMI","STATE":"FL","COUNTRY":"UNITED STATES","OPERSTATUS":"OPERATIONAL","PRIVATEUSE":1,"IAPEXISTS":0,"DODHIFLIP":0,"FAR91":0,"FAR93":0,"MIL_CODE":"CIVIL","AIRANAL":"CONDITIONAL","US_HIGH":0,"US_LOW":0,"AK_HIGH":0,"AK_LOW":0,"US_AREA":0,"PACIFIC":0}},{"type":"Feature","id":396,"geometry":{"type":"Point","coordinates":[-80.170280451962356,25.778338020993544]},"properties":{"FID":396,"OBJECTID":3170,"GLOBAL_ID":"DC903768-59AD-4F2B-9118-70DC30F79385","IDENT":"X44","NAME":"Miami","LATITUDE":"25-46-42.0000N","LONGITUDE":"080-10-13.0000W","ELEVATION":6,"ICAO_ID":" ","TYPE_CODE":"SP","SERVCITY":"MIAMI","STATE":"FL","COUNTRY":"UNITED STATES","OPERSTATUS":"OPERATIONAL","PRIVATEUSE":0,"IAPEXISTS":0,"DODHIFLIP":0,"FAR91":0,"FAR93":0,"MIL_CODE":"CIVIL","AIRANAL":"NOT ANALYZED","US_HIGH":0,"US_LOW":0,"AK_HIGH":0,"AK_LOW":0,"US_AREA":0,"PACIFIC":0}},{"type":"Feature","id":397,"geometry":{"type":"Point","coordinates":[-80.33848049873319,25.68607966100069]},"properties":{"FID":397,"OBJECTID":3171,"GLOBAL_ID":"9913A7CC-6898-4BA2-B8C3-2B00A28DAF46","IDENT":"9FA8","NAME":"Baptist Hospital","LATITUDE":"25-41-09.8700N","LONGITUDE":"080-20-18.5200W","ELEVATION":9,"ICAO_ID":" ","TYPE_CODE":"HP","SERVCITY":"MIAMI","STATE":"FL","COUNTRY":"UNITED STATES","OPERSTATUS":"OPERATIONAL","PRIVATEUSE":1,"IAPEXISTS":0,"DODHIFLIP":0,"FAR91":0,"FAR93":0,"MIL_CODE":"CIVIL","AIRANAL":"CONDITIONAL","US_HIGH":0,"US_LOW":0,"AK_HIGH":0,"AK_LOW":0,"US_AREA":0,"PACIFIC":0}},{"type":"Feature","id":398,"geometry":{"type":"Point","coordinates":[-80.37752495662096,25.781985240501967]},"properties":{"FID":398,"OBJECTID":3172,"GLOBAL_ID":"9B4328B7-7E5B-4681-A02E-AED99DC143C4","IDENT":"64FL","NAME":"District Vi","LATITUDE":"25-46-55.1300N","LONGITUDE":"080-22-39.0800W","ELEVATION":8,"ICAO_ID":" ","TYPE_CODE":"HP","SERVCITY":"MIAMI","STATE":"FL","COUNTRY":"UNITED STATES","OPERSTATUS":"OPERATIONAL","PRIVATEUSE":1,"IAPEXISTS":0,"DODHIFLIP":0,"FAR91":0,"FAR93":0,"MIL_CODE":"CIVIL","AIRANAL":"CONDITIONAL","US_HIGH":0,"US_LOW":0,"AK_HIGH":0,"AK_LOW":0,"US_AREA":0,"PACIFIC":0}},{"type":"Feature","id":399,"geometry":{"type":"Point","coordinates":[-80.294669376351749,25.740943564856593]},"properties":{"FID":399,"OBJECTID":3173,"GLOBAL_ID":"A92B713B-53E2-487C-A770-16A90FEA0F92","IDENT":"FA76","NAME":"Nicklaus Childrens Hospital","LATITUDE":"25-44-27.3800N","LONGITUDE":"080-17-40.8000W","ELEVATION":54,"ICAO_ID":" ","TYPE_CODE":"HP","SERVCITY":"MIAMI","STATE":"FL","COUNTRY":"UNITED STATES","OPERSTATUS":"OPERATIONAL","PRIVATEUSE":1,"IAPEXISTS":0,"DODHIFLIP":0,"FAR91":0,"FAR93":0,"MIL_CODE":"CIVIL","AIRANAL":"CONDITIONAL","US_HIGH":0,"US_LOW":0,"AK_HIGH":0,"AK_LOW":0,"US_AREA":0,"PACIFIC":0}},{"type":"Feature","id":400,"geometry":{"type":"Point","coordinates":[-80.213188796497491,25.739379677190641]},"properties":{"FID":400,"OBJECTID":3174,"GLOBAL_ID":"64A23D61-60BD-4897-936E-98DD676BBF7B","IDENT":"FL25","NAME":"Hca Florida Mercy Hospital","LATITUDE":"25-44-21.7500N","LONGITUDE":"080-12-47.4700W","ELEVATION":8,"ICAO_ID":" ","TYPE_CODE":"HP","SERVCITY":"MIAMI","STATE":"FL","COUNTRY":"UNITED STATES","OPERSTATUS":"OPERATIONAL","PRIVATEUSE":1,"IAPEXISTS":0,"DODHIFLIP":0,"FAR91":0,"FAR93":0,"MIL_CODE":"CIVIL","AIRANAL":"CONDITIONAL","US_HIGH":0,"US_LOW":0,"AK_HIGH":0,"AK_LOW":0,"US_AREA":0,"PACIFIC":0}},{"type":"Feature","id":401,"geometry":{"type":"Point","coordinates":[-80.29011854243555,25.7953658007591]},"properties":{"FID":401,"OBJECTID":3175,"GLOBAL_ID":"28A25B5E-8EB8-4F2F-9D2B-3605D2654733","IDENT":"MIA","NAME":"Miami Intl","LATITUDE":"25-47-43.3000N","LONGITUDE":"080-17-24.4170W","ELEVATION":9.3000000000000007,"ICAO_ID":"KMIA","TYPE_CODE":"AD","SERVCITY":"MIAMI","STATE":"FL","COUNTRY":"UNITED STATES","OPERSTATUS":"OPERATIONAL","PRIVATEUSE":0,"IAPEXISTS":1,"DODHIFLIP":0,"FAR91":1,"FAR93":0,"MIL_CODE":"CIVIL","AIRANAL":"NO OBJECTION","US_HIGH":1,"US_LOW":1,"AK_HIGH":0,"AK_LOW":0,"US_AREA":1,"PACIFIC":0}},{"type":"Feature","id":402,"geometry":{"type":"Point","coordinates":[-80.278224930892804,25.907421385405542]},"properties":{"FID":402,"OBJECTID":3176,"GLOBAL_ID":"039B278A-17B9-4F46-AA21-329CC7ED2D2C","IDENT":"OPF","NAME":"Miami-Opa Locka Exec","LATITUDE":"25-54-26.7000N","LONGITUDE":"080-16-41.6000W","ELEVATION":8,"ICAO_ID":"KOPF","TYPE_CODE":"AD","SERVCITY":"MIAMI","STATE":"FL","COUNTRY":"UNITED STATES","OPERSTATUS":"OPERATIONAL","PRIVATEUSE":0,"IAPEXISTS":1,"DODHIFLIP":0,"FAR91":0,"FAR93":0,"MIL_CODE":"CIVIL","AIRANAL":"NO OBJECTION","US_HIGH":1,"US_LOW":1,"AK_HIGH":0,"AK_LOW":0,"US_AREA":1,"PACIFIC":0}},{"type":"Feature","id":403,"geometry":{"type":"Point","coordinates":[-80.141055444350911,25.814288030740556]},"properties":{"FID":403,"OBJECTID":3177,"GLOBAL_ID":"0C75873F-C656-4B34-9E7A-9134DB1A6E0E","IDENT":"FL93","NAME":"Mount Sinai Medical Center","LATITUDE":"25-48-51.4200N","LONGITUDE":"080-08-27.7900W","ELEVATION":8.5999999999999996,"ICAO_ID":" ","TYPE_CODE":"HP","SERVCITY":"MIAMI BEACH","STATE":"FL","COUNTRY":"UNITED STATES","OPERSTATUS":"OPERATIONAL","PRIVATEUSE":1,"IAPEXISTS":0,"DODHIFLIP":0,"FAR91":0,"FAR93":0,"MIL_CODE":"CIVIL","AIRANAL":"CONDITIONAL","US_HIGH":0,"US_LOW":0,"AK_HIGH":0,"AK_LOW":0,"US_AREA":0,"PACIFIC":0}},{"type":"Feature","id":404,"geometry":{"type":"Point","coordinates":[-82.28785340778893,29.545527779651593]},"properties":{"FID":404,"OBJECTID":3178,"GLOBAL_ID":"E7C98DF4-E72C-4D90-A143-D6B00CDB20E5","IDENT":"1FD6","NAME":"Paines Prairie","LATITUDE":"29-32-43.8800N","LONGITUDE":"082-17-16.2600W","ELEVATION":75,"ICAO_ID":" ","TYPE_CODE":"HP","SERVCITY":"MICANOPY","STATE":"FL","COUNTRY":"UNITED STATES","OPERSTATUS":"OPERATIONAL","PRIVATEUSE":1,"IAPEXISTS":0,"DODHIFLIP":0,"FAR91":0,"FAR93":0,"MIL_CODE":"CIVIL","AIRANAL":"CONDITIONAL","US_HIGH":0,"US_LOW":0,"AK_HIGH":0,"AK_LOW":0,"US_AREA":0,"PACIFIC":0}},{"type":"Feature","id":405,"geometry":{"type":"Point","coordinates":[-84.03045089509385,30.590482692200681]},"properties":{"FID":405,"OBJECTID":3179,"GLOBAL_ID":"BE4FA593-67F4-4EBC-9A1E-48C772A4F6FC","IDENT":"FL12","NAME":"Ingalls Fld","LATITUDE":"30-35-25.7170N","LONGITUDE":"084-01-49.6090W","ELEVATION":183,"ICAO_ID":" ","TYPE_CODE":"AD","SERVCITY":"MICCOSUKEE","STATE":"FL","COUNTRY":"UNITED STATES","OPERSTATUS":"OPERATIONAL","PRIVATEUSE":1,"IAPEXISTS":0,"DODHIFLIP":0,"FAR91":0,"FAR93":0,"MIL_CODE":"CIVIL","AIRANAL":"CONDITIONAL","US_HIGH":0,"US_LOW":0,"AK_HIGH":0,"AK_LOW":0,"US_AREA":0,"PACIFIC":0}},{"type":"Feature","id":406,"geometry":{"type":"Point","coordinates":[-81.96066277651596,30.068578745753939]},"properties":{"FID":406,"OBJECTID":3180,"GLOBAL_ID":"32E71330-B404-4C91-954C-AA38326D1492","IDENT":"FL13","NAME":"Spencer's Airpark","LATITUDE":"30-04-06.8630N","LONGITUDE":"081-57-38.3740W","ELEVATION":150,"ICAO_ID":" ","TYPE_CODE":"AD","SERVCITY":"MIDDLEBURG","STATE":"FL","COUNTRY":"UNITED STATES","OPERSTATUS":"OPERATIONAL","PRIVATEUSE":1,"IAPEXISTS":0,"DODHIFLIP":0,"FAR91":0,"FAR93":0,"MIL_CODE":"CIVIL","AIRANAL":"CONDITIONAL","US_HIGH":0,"US_LOW":0,"AK_HIGH":0,"AK_LOW":0,"US_AREA":0,"PACIFIC":0}},{"type":"Feature","id":407,"geometry":{"type":"Point","coordinates":[-81.880936919350177,30.043023464085024]},"properties":{"FID":407,"OBJECTID":3181,"GLOBAL_ID":"7B78691F-1493-4AE7-BD8E-96810CD2C474","IDENT":"11FL","NAME":"Williams Fld","LATITUDE":"30-02-34.8640N","LONGITUDE":"081-52-51.3610W","ELEVATION":88,"ICAO_ID":" ","TYPE_CODE":"AD","SERVCITY":"MIDDLEBURG","STATE":"FL","COUNTRY":"UNITED STATES","OPERSTATUS":"OPERATIONAL","PRIVATEUSE":1,"IAPEXISTS":0,"DODHIFLIP":0,"FAR91":0,"FAR93":0,"MIL_CODE":"CIVIL","AIRANAL":"CONDITIONAL","US_HIGH":0,"US_LOW":0,"AK_HIGH":0,"AK_LOW":0,"US_AREA":0,"PACIFIC":0}},{"type":"Feature","id":408,"geometry":{"type":"Point","coordinates":[-81.815253290443707,30.074561251368948]},"properties":{"FID":408,"OBJECTID":3182,"GLOBAL_ID":"5DE9C41C-0228-43AB-A21C-33CDA25EE6AC","IDENT":"71FD","NAME":"Blackcreek Intl","LATITUDE":"30-04-28.4000N","LONGITUDE":"081-48-54.9000W","ELEVATION":5,"ICAO_ID":" ","TYPE_CODE":"HP","SERVCITY":"MIDDLEBURG","STATE":"FL","COUNTRY":"UNITED STATES","OPERSTATUS":"OPERATIONAL","PRIVATEUSE":1,"IAPEXISTS":0,"DODHIFLIP":0,"FAR91":0,"FAR93":0,"MIL_CODE":"CIVIL","AIRANAL":"CONDITIONAL","US_HIGH":0,"US_LOW":0,"AK_HIGH":0,"AK_LOW":0,"US_AREA":0,"PACIFIC":0}},{"type":"Feature","id":409,"geometry":{"type":"Point","coordinates":[-81.83291996385401,30.107644591598046]},"properties":{"FID":409,"OBJECTID":3183,"GLOBAL_ID":"E0614353-286F-41C3-8C43-997468425167","IDENT":"5VG5","NAME":"St Vincent's Clay County","LATITUDE":"30-06-27.5000N","LONGITUDE":"081-49-58.5000W","ELEVATION":32,"ICAO_ID":" ","TYPE_CODE":"HP","SERVCITY":"MIDDLEBURG","STATE":"FL","COUNTRY":"UNITED STATES","OPERSTATUS":"OPERATIONAL","PRIVATEUSE":1,"IAPEXISTS":0,"DODHIFLIP":0,"FAR91":0,"FAR93":0,"MIL_CODE":"CIVIL","AIRANAL":"NOT ANALYZED","US_HIGH":0,"US_LOW":0,"AK_HIGH":0,"AK_LOW":0,"US_AREA":0,"PACIFIC":0}},{"type":"Feature","id":410,"geometry":{"type":"Point","coordinates":[-81.067850721007289,26.054540294377887]},"properties":{"FID":410,"OBJECTID":3184,"GLOBAL_ID":"1386156A-5403-4004-B4E6-FA8EC746F3C3","IDENT":"FL77","NAME":"Calusa Ranch","LATITUDE":"26-03-16.3280N","LONGITUDE":"081-04-04.2520W","ELEVATION":15,"ICAO_ID":" ","TYPE_CODE":"AD","SERVCITY":"MILES CITY","STATE":"FL","COUNTRY":"UNITED STATES","OPERSTATUS":"OPERATIONAL","PRIVATEUSE":1,"IAPEXISTS":0,"DODHIFLIP":0,"FAR91":0,"FAR93":0,"MIL_CODE":"CIVIL","AIRANAL":"CONDITIONAL","US_HIGH":0,"US_LOW":0,"AK_HIGH":0,"AK_LOW":0,"US_AREA":0,"PACIFIC":0}},{"type":"Feature","id":411,"geometry":{"type":"Point","coordinates":[-86.99365784898805,30.63762816457529]},"properties":{"FID":411,"OBJECTID":3185,"GLOBAL_ID":"7E64CA04-EDD5-434E-B7D2-46C941E568E2","IDENT":"2R4","NAME":"Peter Prince Fld","LATITUDE":"30-38-15.4410N","LONGITUDE":"086-59-37.1510W","ELEVATION":81.700000000000003,"ICAO_ID":" ","TYPE_CODE":"AD","SERVCITY":"MILTON","STATE":"FL","COUNTRY":"UNITED STATES","OPERSTATUS":"OPERATIONAL","PRIVATEUSE":0,"IAPEXISTS":1,"DODHIFLIP":0,"FAR91":0,"FAR93":0,"MIL_CODE":"CIVIL","AIRANAL":"CONDITIONAL","US_HIGH":0,"US_LOW":1,"AK_HIGH":0,"AK_LOW":0,"US_AREA":0,"PACIFIC":0}},{"type":"Feature","id":412,"geometry":{"type":"Point","coordinates":[-87.066185369115544,30.633702883339595]},"properties":{"FID":412,"OBJECTID":3186,"GLOBAL_ID":"1CF9E3F9-2088-4FC8-8C0F-FBAFDAC4661D","IDENT":"94FD","NAME":"Santa Rosa Medical Center","LATITUDE":"30-38-01.3100N","LONGITUDE":"087-03-58.2500W","ELEVATION":156,"ICAO_ID":" ","TYPE_CODE":"HP","SERVCITY":"MILTON","STATE":"FL","COUNTRY":"UNITED STATES","OPERSTATUS":"OPERATIONAL","PRIVATEUSE":1,"IAPEXISTS":0,"DODHIFLIP":0,"FAR91":0,"FAR93":0,"MIL_CODE":"CIVIL","AIRANAL":"CONDITIONAL","US_HIGH":0,"US_LOW":0,"AK_HIGH":0,"AK_LOW":0,"US_AREA":0,"PACIFIC":0}},{"type":"Feature","id":413,"geometry":{"type":"Point","coordinates":[-87.200768743782021,30.725636233290118]},"properties":{"FID":413,"OBJECTID":3187,"GLOBAL_ID":"057322D4-721F-402F-A57D-3F61BEA890C9","IDENT":"16FL","NAME":"J-22 Ranch","LATITUDE":"30-43-32.2700N","LONGITUDE":"087-12-02.7500W","ELEVATION":200,"ICAO_ID":" ","TYPE_CODE":"AD","SERVCITY":"MILTON","STATE":"FL","COUNTRY":"UNITED STATES","OPERSTATUS":"OPERATIONAL","PRIVATEUSE":1,"IAPEXISTS":0,"DODHIFLIP":0,"FAR91":0,"FAR93":0,"MIL_CODE":"CIVIL","AIRANAL":"CONDITIONAL","US_HIGH":0,"US_LOW":0,"AK_HIGH":0,"AK_LOW":0,"US_AREA":0,"PACIFIC":0}},{"type":"Feature","id":414,"geometry":{"type":"Point","coordinates":[-81.775642345023641,26.152445553313839]},"properties":{"FID":414,"OBJECTID":3188,"GLOBAL_ID":"AD9FE30B-8C74-4D0E-9071-641C1F126003","IDENT":"APF","NAME":"Naples Muni","LATITUDE":"26-09-08.7869N","LONGITUDE":"081-46-32.3011W","ELEVATION":8.3000000000000007,"ICAO_ID":"KAPF","TYPE_CODE":"AD","SERVCITY":"NAPLES","STATE":"FL","COUNTRY":"UNITED STATES","OPERSTATUS":"OPERATIONAL","PRIVATEUSE":0,"IAPEXISTS":1,"DODHIFLIP":0,"FAR91":0,"FAR93":0,"MIL_CODE":"CIVIL","AIRANAL":"NOT ANALYZED","US_HIGH":1,"US_LOW":1,"AK_HIGH":0,"AK_LOW":0,"US_AREA":0,"PACIFIC":0}},{"type":"Feature","id":415,"geometry":{"type":"Point","coordinates":[-81.797772601391159,26.151032524470622]},"properties":{"FID":415,"OBJECTID":3189,"GLOBAL_ID":"9CD1EA1F-FFC5-472A-8080-DBE9E1EFA059","IDENT":"FD97","NAME":"Naples Community Hospital","LATITUDE":"26-09-03.7000N","LONGITUDE":"081-47-51.9700W","ELEVATION":42,"ICAO_ID":" ","TYPE_CODE":"HP","SERVCITY":"NAPLES","STATE":"FL","COUNTRY":"UNITED STATES","OPERSTATUS":"OPERATIONAL","PRIVATEUSE":1,"IAPEXISTS":0,"DODHIFLIP":0,"FAR91":0,"FAR93":0,"MIL_CODE":"CIVIL","AIRANAL":"CONDITIONAL","US_HIGH":0,"US_LOW":0,"AK_HIGH":0,"AK_LOW":0,"US_AREA":0,"PACIFIC":0}},{"type":"Feature","id":416,"geometry":{"type":"Point","coordinates":[-81.6853003456186,26.106590848854921]},"properties":{"FID":416,"OBJECTID":3190,"GLOBAL_ID":"0834BC83-1FFC-416C-8134-0F7F2746D770","IDENT":"4FL7","NAME":"Physicians Rgnl Med Ctr-Collier Blvd","LATITUDE":"26-06-23.7100N","LONGITUDE":"081-41-07.0700W","ELEVATION":14,"ICAO_ID":" ","TYPE_CODE":"HP","SERVCITY":"NAPLES","STATE":"FL","COUNTRY":"UNITED STATES","OPERSTATUS":"OPERATIONAL","PRIVATEUSE":1,"IAPEXISTS":0,"DODHIFLIP":0,"FAR91":0,"FAR93":0,"MIL_CODE":"CIVIL","AIRANAL":"CONDITIONAL","US_HIGH":0,"US_LOW":0,"AK_HIGH":0,"AK_LOW":0,"US_AREA":0,"PACIFIC":0}},{"type":"Feature","id":417,"geometry":{"type":"Point","coordinates":[-86.829199180953992,30.406311174408756]},"properties":{"FID":417,"OBJECTID":3191,"GLOBAL_ID":"C5EA94A2-010C-4154-96F7-9FBEB3E600C9","IDENT":"1J9","NAME":"Fort Walton Beach","LATITUDE":"30-24-22.7000N","LONGITUDE":"086-49-45.1000W","ELEVATION":22,"ICAO_ID":" ","TYPE_CODE":"AD","SERVCITY":"NAVARRE","STATE":"FL","COUNTRY":"UNITED STATES","OPERSTATUS":"OPERATIONAL","PRIVATEUSE":0,"IAPEXISTS":0,"DODHIFLIP":0,"FAR91":0,"FAR93":0,"MIL_CODE":"CIVIL","AIRANAL":"NOT ANALYZED","US_HIGH":0,"US_LOW":0,"AK_HIGH":0,"AK_LOW":0,"US_AREA":0,"PACIFIC":0}},{"type":"Feature","id":418,"geometry":{"type":"Point","coordinates":[-82.722364598330103,28.235163567387872]},"properties":{"FID":418,"OBJECTID":3192,"GLOBAL_ID":"284B7A36-A576-4E3B-A535-FDE6818FB07B","IDENT":"FL30","NAME":"Hca Florida Trinity West Hospital","LATITUDE":"28-14-06.5700N","LONGITUDE":"082-43-20.5000W","ELEVATION":25,"ICAO_ID":" ","TYPE_CODE":"HP","SERVCITY":"NEW PORT RICHEY","STATE":"FL","COUNTRY":"UNITED STATES","OPERSTATUS":"OPERATIONAL","PRIVATEUSE":1,"IAPEXISTS":0,"DODHIFLIP":0,"FAR91":0,"FAR93":0,"MIL_CODE":"CIVIL","AIRANAL":"CONDITIONAL","US_HIGH":0,"US_LOW":0,"AK_HIGH":0,"AK_LOW":0,"US_AREA":0,"PACIFIC":0}},{"type":"Feature","id":419,"geometry":{"type":"Point","coordinates":[-82.640703465382217,28.283088581019115]},"properties":{"FID":419,"OBJECTID":3193,"GLOBAL_ID":"B04342AF-A0A9-4723-AF56-D153D37565E4","IDENT":"FA40","NAME":"Hidden Lake","LATITUDE":"28-16-59.1000N","LONGITUDE":"082-38-26.5200W","ELEVATION":30,"ICAO_ID":" ","TYPE_CODE":"AD","SERVCITY":"NEW PORT RICHEY","STATE":"FL","COUNTRY":"UNITED STATES","OPERSTATUS":"OPERATIONAL","PRIVATEUSE":1,"IAPEXISTS":0,"DODHIFLIP":0,"FAR91":0,"FAR93":0,"MIL_CODE":"CIVIL","AIRANAL":"CONDITIONAL","US_HIGH":0,"US_LOW":1,"AK_HIGH":0,"AK_LOW":0,"US_AREA":0,"PACIFIC":0}},{"type":"Feature","id":420,"geometry":{"type":"Point","coordinates":[-82.620395123541584,28.193405227019582]},"properties":{"FID":420,"OBJECTID":3194,"GLOBAL_ID":"9AF45861-0DF7-4910-93D5-9C27A26889C0","IDENT":"9FL4","NAME":"Pasco County Mosquito","LATITUDE":"28-11-36.2400N","LONGITUDE":"082-37-13.4100W","ELEVATION":40,"ICAO_ID":" ","TYPE_CODE":"HP","SERVCITY":"NEW PORT RICHEY","STATE":"FL","COUNTRY":"UNITED STATES","OPERSTATUS":"OPERATIONAL","PRIVATEUSE":1,"IAPEXISTS":0,"DODHIFLIP":0,"FAR91":0,"FAR93":0,"MIL_CODE":"CIVIL","AIRANAL":"CONDITIONAL","US_HIGH":0,"US_LOW":0,"AK_HIGH":0,"AK_LOW":0,"US_AREA":0,"PACIFIC":0}},{"type":"Feature","id":421,"geometry":{"type":"Point","coordinates":[-82.688025703689789,28.362430265792227]},"properties":{"FID":421,"OBJECTID":3195,"GLOBAL_ID":"FC412459-3457-4F91-A530-379C73EC7D8B","IDENT":"FL32","NAME":"Hca Florida Bayonet Point Hospital","LATITUDE":"28-21-44.7300N","LONGITUDE":"082-41-16.8800W","ELEVATION":10,"ICAO_ID":" ","TYPE_CODE":"HP","SERVCITY":"NEW PORT RICHEY","STATE":"FL","COUNTRY":"UNITED STATES","OPERSTATUS":"OPERATIONAL","PRIVATEUSE":1,"IAPEXISTS":0,"DODHIFLIP":0,"FAR91":0,"FAR93":0,"MIL_CODE":"CIVIL","AIRANAL":"CONDITIONAL","US_HIGH":0,"US_LOW":0,"AK_HIGH":0,"AK_LOW":0,"US_AREA":0,"PACIFIC":0}},{"type":"Feature","id":422,"geometry":{"type":"Point","coordinates":[-82.713892374567649,28.255560795502049]},"properties":{"FID":422,"OBJECTID":3196,"GLOBAL_ID":"CF9A30A8-F25A-4335-851C-079B32BC0B72","IDENT":"6FA6","NAME":"North Bay Hospital","LATITUDE":"28-15-20.0000N","LONGITUDE":"082-42-50.0000W","ELEVATION":17,"ICAO_ID":" ","TYPE_CODE":"HP","SERVCITY":"NEW PORT RICHEY","STATE":"FL","COUNTRY":"UNITED STATES","OPERSTATUS":"OPERATIONAL","PRIVATEUSE":1,"IAPEXISTS":0,"DODHIFLIP":0,"FAR91":0,"FAR93":0,"MIL_CODE":"CIVIL","AIRANAL":"CONDITIONAL","US_HIGH":0,"US_LOW":0,"AK_HIGH":0,"AK_LOW":0,"US_AREA":0,"PACIFIC":0}},{"type":"Feature","id":423,"geometry":{"type":"Point","coordinates":[-80.948914944627177,29.055701311186226]},"properties":{"FID":423,"OBJECTID":3197,"GLOBAL_ID":"409EB3BA-4A37-4B12-8576-51C6564BC05A","IDENT":"EVB","NAME":"New Smyrna Beach Muni (Jack Bolt Fld)","LATITUDE":"29-03-20.5050N","LONGITUDE":"080-56-56.0830W","ELEVATION":10.800000000000001,"ICAO_ID":"KEVB","TYPE_CODE":"AD","SERVCITY":"NEW SMYRNA BEACH","STATE":"FL","COUNTRY":"UNITED STATES","OPERSTATUS":"OPERATIONAL","PRIVATEUSE":0,"IAPEXISTS":1,"DODHIFLIP":0,"FAR91":0,"FAR93":0,"MIL_CODE":"CIVIL","AIRANAL":"NO OBJECTION","US_HIGH":1,"US_LOW":1,"AK_HIGH":0,"AK_LOW":0,"US_AREA":0,"PACIFIC":0}},{"type":"Feature","id":424,"geometry":{"type":"Point","coordinates":[-80.92478076891399,28.978922127417377]},"properties":{"FID":424,"OBJECTID":3198,"GLOBAL_ID":"333C3F15-48D6-4C8B-8565-4190881EA4C3","IDENT":"X50","NAME":"Massey Ranch Airpark","LATITUDE":"28-58-44.1000N","LONGITUDE":"080-55-29.2000W","ELEVATION":10.6,"ICAO_ID":" ","TYPE_CODE":"AD","SERVCITY":"NEW SMYRNA BEACH","STATE":"FL","COUNTRY":"UNITED STATES","OPERSTATUS":"OPERATIONAL","PRIVATEUSE":0,"IAPEXISTS":1,"DODHIFLIP":0,"FAR91":0,"FAR93":0,"MIL_CODE":"CIVIL","AIRANAL":"CONDITIONAL","US_HIGH":0,"US_LOW":1,"AK_HIGH":0,"AK_LOW":0,"US_AREA":0,"PACIFIC":0}},{"type":"Feature","id":425,"geometry":{"type":"Point","coordinates":[-86.438286576056328,30.519646767253107]},"properties":{"FID":425,"OBJECTID":3199,"GLOBAL_ID":"B1FE234A-D6A3-4B5C-B9BD-7D5C84096019","IDENT":"FL17","NAME":"Ruckel","LATITUDE":"30-31-10.7080N","LONGITUDE":"086-26-17.8150W","ELEVATION":67,"ICAO_ID":" ","TYPE_CODE":"AD","SERVCITY":"NICEVILLE","STATE":"FL","COUNTRY":"UNITED STATES","OPERSTATUS":"OPERATIONAL","PRIVATEUSE":1,"IAPEXISTS":0,"DODHIFLIP":0,"FAR91":0,"FAR93":0,"MIL_CODE":"CIVIL","AIRANAL":"CONDITIONAL","US_HIGH":0,"US_LOW":0,"AK_HIGH":0,"AK_LOW":0,"US_AREA":0,"PACIFIC":0}},{"type":"Feature","id":426,"geometry":{"type":"Point","coordinates":[-82.136670017513438,29.175561030446943]},"properties":{"FID":426,"OBJECTID":3200,"GLOBAL_ID":"87B47408-F431-473C-930F-DCB0F766CC00","IDENT":"3FD1","NAME":"ORMC Trauma Center","LATITUDE":"29-10-32.0000N","LONGITUDE":"082-08-12.0000W","ELEVATION":207,"ICAO_ID":" ","TYPE_CODE":"HP","SERVCITY":"OCALA","STATE":"FL","COUNTRY":"UNITED STATES","OPERSTATUS":"OPERATIONAL","PRIVATEUSE":1,"IAPEXISTS":0,"DODHIFLIP":0,"FAR91":0,"FAR93":0,"MIL_CODE":"CIVIL","AIRANAL":"CONDITIONAL","US_HIGH":0,"US_LOW":0,"AK_HIGH":0,"AK_LOW":0,"US_AREA":0,"PACIFIC":0}},{"type":"Feature","id":427,"geometry":{"type":"Point","coordinates":[-82.224117819723347,29.171881860163126]},"properties":{"FID":427,"OBJECTID":3201,"GLOBAL_ID":"8AE04ED0-D39E-4B15-93F7-D1F189FA6260","IDENT":"OCF","NAME":"Ocala Intl-Jim Taylor Fld","LATITUDE":"29-10-18.7550N","LONGITUDE":"082-13-26.8120W","ELEVATION":90.099999999999994,"ICAO_ID":"KOCF","TYPE_CODE":"AD","SERVCITY":"OCALA","STATE":"FL","COUNTRY":"UNITED STATES","OPERSTATUS":"OPERATIONAL","PRIVATEUSE":0,"IAPEXISTS":1,"DODHIFLIP":0,"FAR91":0,"FAR93":0,"MIL_CODE":"CIVIL","AIRANAL":"NO OBJECTION","US_HIGH":1,"US_LOW":1,"AK_HIGH":0,"AK_LOW":0,"US_AREA":0,"PACIFIC":0}},{"type":"Feature","id":428,"geometry":{"type":"Point","coordinates":[-82.119258899868328,29.130816575308586]},"properties":{"FID":428,"OBJECTID":3202,"GLOBAL_ID":"5EE2F856-F86D-4BC8-A790-56F1779F5B71","IDENT":"FD29","NAME":"Flying Dutchman Ranch","LATITUDE":"29-07-50.9200N","LONGITUDE":"082-07-09.3200W","ELEVATION":75,"ICAO_ID":" ","TYPE_CODE":"AD","SERVCITY":"OCALA","STATE":"FL","COUNTRY":"UNITED STATES","OPERSTATUS":"OPERATIONAL","PRIVATEUSE":1,"IAPEXISTS":0,"DODHIFLIP":0,"FAR91":0,"FAR93":0,"MIL_CODE":"CIVIL","AIRANAL":"CONDITIONAL","US_HIGH":0,"US_LOW":0,"AK_HIGH":0,"AK_LOW":0,"US_AREA":0,"PACIFIC":0}},{"type":"Feature","id":429,"geometry":{"type":"Point","coordinates":[-82.178984748941957,29.09609434342525]},"properties":{"FID":429,"OBJECTID":3203,"GLOBAL_ID":"7F0B4A5C-42B4-40ED-A69F-51FD8BBC50DB","IDENT":"FA49","NAME":"Shady Intl","LATITUDE":"29-05-45.9200N","LONGITUDE":"082-10-44.3330W","ELEVATION":102,"ICAO_ID":" ","TYPE_CODE":"AD","SERVCITY":"OCALA","STATE":"FL","COUNTRY":"UNITED STATES","OPERSTATUS":"OPERATIONAL","PRIVATEUSE":1,"IAPEXISTS":0,"DODHIFLIP":0,"FAR91":0,"FAR93":0,"MIL_CODE":"CIVIL","AIRANAL":"CONDITIONAL","US_HIGH":0,"US_LOW":0,"AK_HIGH":0,"AK_LOW":0,"US_AREA":0,"PACIFIC":0}},{"type":"Feature","id":430,"geometry":{"type":"Point","coordinates":[-82.353714248892402,29.245256040949812]},"properties":{"FID":430,"OBJECTID":3204,"GLOBAL_ID":"786525B8-13CF-4616-B428-B51CA181FB54","IDENT":"FL19","NAME":"Crosswind Farm","LATITUDE":"29-14-42.9020N","LONGITUDE":"082-21-13.3590W","ELEVATION":74,"ICAO_ID":" ","TYPE_CODE":"AD","SERVCITY":"OCALA","STATE":"FL","COUNTRY":"UNITED STATES","OPERSTATUS":"OPERATIONAL","PRIVATEUSE":1,"IAPEXISTS":0,"DODHIFLIP":0,"FAR91":0,"FAR93":0,"MIL_CODE":"CIVIL","AIRANAL":"CONDITIONAL","US_HIGH":0,"US_LOW":0,"AK_HIGH":0,"AK_LOW":0,"US_AREA":0,"PACIFIC":0}},{"type":"Feature","id":431,"geometry":{"type":"Point","coordinates":[-82.175200584303695,29.192936033504054]},"properties":{"FID":431,"OBJECTID":3205,"GLOBAL_ID":"74B44D66-C302-41FB-A94B-8CCB8C2D4852","IDENT":"3FL3","NAME":"Sheriff's Operation Center","LATITUDE":"29-11-34.5500N","LONGITUDE":"082-10-30.7100W","ELEVATION":70,"ICAO_ID":" ","TYPE_CODE":"HP","SERVCITY":"OCALA","STATE":"FL","COUNTRY":"UNITED STATES","OPERSTATUS":"OPERATIONAL","PRIVATEUSE":1,"IAPEXISTS":0,"DODHIFLIP":0,"FAR91":0,"FAR93":0,"MIL_CODE":"CIVIL","AIRANAL":"CONDITIONAL","US_HIGH":0,"US_LOW":0,"AK_HIGH":0,"AK_LOW":0,"US_AREA":0,"PACIFIC":0}},{"type":"Feature","id":432,"geometry":{"type":"Point","coordinates":[-82.150306135992651,29.273699941326356]},"properties":{"FID":432,"OBJECTID":3206,"GLOBAL_ID":"D5E77D08-CC2F-4001-A121-877548868613","IDENT":"1FL6","NAME":"Sheriff's North Multi District Office","LATITUDE":"29-16-25.3000N","LONGITUDE":"082-09-01.0900W","ELEVATION":85,"ICAO_ID":" ","TYPE_CODE":"HP","SERVCITY":"OCALA","STATE":"FL","COUNTRY":"UNITED STATES","OPERSTATUS":"OPERATIONAL","PRIVATEUSE":1,"IAPEXISTS":0,"DODHIFLIP":0,"FAR91":0,"FAR93":0,"MIL_CODE":"CIVIL","AIRANAL":"CONDITIONAL","US_HIGH":0,"US_LOW":0,"AK_HIGH":0,"AK_LOW":0,"US_AREA":0,"PACIFIC":0}},{"type":"Feature","id":433,"geometry":{"type":"Point","coordinates":[-82.091256112860322,29.105827681143069]},"properties":{"FID":433,"OBJECTID":3207,"GLOBAL_ID":"CDBF4AEC-487A-48B3-B7BA-3BB3AC09AD97","IDENT":"FL68","NAME":"Sheriff's South Multi District Office","LATITUDE":"29-06-20.9600N","LONGITUDE":"082-05-28.5100W","ELEVATION":71,"ICAO_ID":" ","TYPE_CODE":"HP","SERVCITY":"OCALA","STATE":"FL","COUNTRY":"UNITED STATES","OPERSTATUS":"OPERATIONAL","PRIVATEUSE":1,"IAPEXISTS":0,"DODHIFLIP":0,"FAR91":0,"FAR93":0,"MIL_CODE":"CIVIL","AIRANAL":"CONDITIONAL","US_HIGH":0,"US_LOW":0,"AK_HIGH":0,"AK_LOW":0,"US_AREA":0,"PACIFIC":0}},{"type":"Feature","id":434,"geometry":{"type":"Point","coordinates":[-81.081462666658012,25.968154716359891]},"properties":{"FID":434,"OBJECTID":3208,"GLOBAL_ID":"7462B6C3-A36C-4A47-920F-6B283864A72F","IDENT":"FA80","NAME":"Lost Horn Ranch","LATITUDE":"25-58-05.3400N","LONGITUDE":"081-04-53.2550W","ELEVATION":12,"ICAO_ID":" ","TYPE_CODE":"AD","SERVCITY":"OCHOPEE","STATE":"FL","COUNTRY":"UNITED STATES","OPERSTATUS":"INDEFINITE","PRIVATEUSE":1,"IAPEXISTS":0,"DODHIFLIP":0,"FAR91":0,"FAR93":0,"MIL_CODE":"CIVIL","AIRANAL":"CONDITIONAL","US_HIGH":0,"US_LOW":0,"AK_HIGH":0,"AK_LOW":0,"US_AREA":0,"PACIFIC":0}},{"type":"Feature","id":435,"geometry":{"type":"Point","coordinates":[-81.038683211891566,26.030930011080898]},"properties":{"FID":435,"OBJECTID":3209,"GLOBAL_ID":"6D6A495D-A08F-4055-BCAF-8E9C3AACFC69","IDENT":"16FA","NAME":"Little Deer","LATITUDE":"26-01-51.3310N","LONGITUDE":"081-02-19.2490W","ELEVATION":14,"ICAO_ID":" ","TYPE_CODE":"AD","SERVCITY":"OCHOPEE","STATE":"FL","COUNTRY":"UNITED STATES","OPERSTATUS":"OPERATIONAL","PRIVATEUSE":1,"IAPEXISTS":0,"DODHIFLIP":0,"FAR91":0,"FAR93":0,"MIL_CODE":"CIVIL","AIRANAL":"CONDITIONAL","US_HIGH":0,"US_LOW":0,"AK_HIGH":0,"AK_LOW":0,"US_AREA":0,"PACIFIC":0}},{"type":"Feature","id":436,"geometry":{"type":"Point","coordinates":[-80.903676261623275,27.234217814055569]},"properties":{"FID":436,"OBJECTID":3210,"GLOBAL_ID":"67028D13-F97A-4D8E-9EEC-4C2401A9803A","IDENT":"32FA","NAME":"Sunset Strip Airpark","LATITUDE":"27-14-03.1660N","LONGITUDE":"080-54-13.2240W","ELEVATION":34,"ICAO_ID":" ","TYPE_CODE":"AD","SERVCITY":"OKEECHOBEE","STATE":"FL","COUNTRY":"UNITED STATES","OPERSTATUS":"OPERATIONAL","PRIVATEUSE":1,"IAPEXISTS":0,"DODHIFLIP":0,"FAR91":0,"FAR93":0,"MIL_CODE":"CIVIL","AIRANAL":"CONDITIONAL","US_HIGH":0,"US_LOW":0,"AK_HIGH":0,"AK_LOW":0,"US_AREA":0,"PACIFIC":0}},{"type":"Feature","id":437,"geometry":{"type":"Point","coordinates":[-80.845896811803414,27.598095405086781]},"properties":{"FID":437,"OBJECTID":3211,"GLOBAL_ID":"1E27D2A1-D723-46DE-B3A4-42DC3D276F07","IDENT":"33FA","NAME":"Russakis Ranch","LATITUDE":"27-35-53.1250N","LONGITUDE":"080-50-45.2180W","ELEVATION":67,"ICAO_ID":" ","TYPE_CODE":"AD","SERVCITY":"OKEECHOBEE","STATE":"FL","COUNTRY":"UNITED STATES","OPERSTATUS":"OPERATIONAL","PRIVATEUSE":1,"IAPEXISTS":0,"DODHIFLIP":0,"FAR91":0,"FAR93":0,"MIL_CODE":"CIVIL","AIRANAL":"NOT ANALYZED","US_HIGH":0,"US_LOW":0,"AK_HIGH":0,"AK_LOW":0,"US_AREA":0,"PACIFIC":0}},{"type":"Feature","id":438,"geometry":{"type":"Point","coordinates":[-81.887031054237127,29.123595746960518]},"properties":{"FID":438,"OBJECTID":3212,"GLOBAL_ID":"617A4FD1-D1F5-40A5-91E7-2D4FE28C0B56","IDENT":"FA38","NAME":"Woods and Lakes Airpark","LATITUDE":"29-07-24.9250N","LONGITUDE":"081-53-13.3000W","ELEVATION":100,"ICAO_ID":" ","TYPE_CODE":"AD","SERVCITY":"OKLAWAHA","STATE":"FL","COUNTRY":"UNITED STATES","OPERSTATUS":"OPERATIONAL","PRIVATEUSE":1,"IAPEXISTS":0,"DODHIFLIP":0,"FAR91":0,"FAR93":0,"MIL_CODE":"CIVIL","AIRANAL":"CONDITIONAL","US_HIGH":0,"US_LOW":0,"AK_HIGH":0,"AK_LOW":0,"US_AREA":0,"PACIFIC":0}},{"type":"Feature","id":439,"geometry":{"type":"Point","coordinates":[-82.991239442146252,29.492741358290516]},"properties":{"FID":439,"OBJECTID":3213,"GLOBAL_ID":"B862F5BC-6E4B-4007-9993-25EF22819329","IDENT":"5FD0","NAME":"Manatee Springs","LATITUDE":"29-29-33.8490N","LONGITUDE":"082-59-28.4490W","ELEVATION":17,"ICAO_ID":" ","TYPE_CODE":"AD","SERVCITY":"OLD TOWN","STATE":"FL","COUNTRY":"UNITED STATES","OPERSTATUS":"OPERATIONAL","PRIVATEUSE":1,"IAPEXISTS":0,"DODHIFLIP":0,"FAR91":0,"FAR93":0,"MIL_CODE":"CIVIL","AIRANAL":"CONDITIONAL","US_HIGH":0,"US_LOW":0,"AK_HIGH":0,"AK_LOW":0,"US_AREA":0,"PACIFIC":0}},{"type":"Feature","id":440,"geometry":{"type":"Point","coordinates":[-82.983892496515523,29.5058388615696]},"properties":{"FID":440,"OBJECTID":3214,"GLOBAL_ID":"EA11F530-956B-4A16-8882-4F5DD9C1B490","IDENT":"FD80","NAME":"Manatee","LATITUDE":"29-30-21.0000N","LONGITUDE":"082-59-02.0000W","ELEVATION":7,"ICAO_ID":" ","TYPE_CODE":"SP","SERVCITY":"OLD TOWN","STATE":"FL","COUNTRY":"UNITED STATES","OPERSTATUS":"OPERATIONAL","PRIVATEUSE":1,"IAPEXISTS":0,"DODHIFLIP":0,"FAR91":0,"FAR93":0,"MIL_CODE":"CIVIL","AIRANAL":"CONDITIONAL","US_HIGH":0,"US_LOW":0,"AK_HIGH":0,"AK_LOW":0,"US_AREA":0,"PACIFIC":0}},{"type":"Feature","id":441,"geometry":{"type":"Point","coordinates":[-82.980164721085487,29.603283329493252]},"properties":{"FID":441,"OBJECTID":3215,"GLOBAL_ID":"D914EFC3-29D9-431C-BB47-594E0593E573","IDENT":"0FL3","NAME":"Old Town Ems","LATITUDE":"29-36-11.8000N","LONGITUDE":"082-58-48.5800W","ELEVATION":25,"ICAO_ID":" ","TYPE_CODE":"HP","SERVCITY":"OLD TOWN","STATE":"FL","COUNTRY":"UNITED STATES","OPERSTATUS":"OPERATIONAL","PRIVATEUSE":1,"IAPEXISTS":0,"DODHIFLIP":0,"FAR91":0,"FAR93":0,"MIL_CODE":"CIVIL","AIRANAL":"CONDITIONAL","US_HIGH":0,"US_LOW":0,"AK_HIGH":0,"AK_LOW":0,"US_AREA":0,"PACIFIC":0}},{"type":"Feature","id":442,"geometry":{"type":"Point","coordinates":[-81.284725315718163,28.914727657392177]},"properties":{"FID":442,"OBJECTID":3216,"GLOBAL_ID":"F1C97E74-9DBB-4563-897D-ED9B7F326CE3","IDENT":"3FL2","NAME":"Florida Hospital-Fish Meml","LATITUDE":"28-54-53.0000N","LONGITUDE":"081-17-05.0000W","ELEVATION":45,"ICAO_ID":" ","TYPE_CODE":"HP","SERVCITY":"ORANGE CITY","STATE":"FL","COUNTRY":"UNITED STATES","OPERSTATUS":"OPERATIONAL","PRIVATEUSE":1,"IAPEXISTS":0,"DODHIFLIP":0,"FAR91":0,"FAR93":0,"MIL_CODE":"CIVIL","AIRANAL":"CONDITIONAL","US_HIGH":0,"US_LOW":0,"AK_HIGH":0,"AK_LOW":0,"US_AREA":0,"PACIFIC":0}},{"type":"Feature","id":443,"geometry":{"type":"Point","coordinates":[-81.744169938692608,30.125283487299782]},"properties":{"FID":443,"OBJECTID":3217,"GLOBAL_ID":"324B2EF5-830A-42A7-B8DA-D58278645523","IDENT":"62FD","NAME":"Doctors Lake","LATITUDE":"30-07-31.0000N","LONGITUDE":"081-44-39.0000W","ELEVATION":0,"ICAO_ID":" ","TYPE_CODE":"SP","SERVCITY":"ORANGE PARK","STATE":"FL","COUNTRY":"UNITED STATES","OPERSTATUS":"OPERATIONAL","PRIVATEUSE":1,"IAPEXISTS":0,"DODHIFLIP":0,"FAR91":0,"FAR93":0,"MIL_CODE":"CIVIL","AIRANAL":"CONDITIONAL","US_HIGH":0,"US_LOW":0,"AK_HIGH":0,"AK_LOW":0,"US_AREA":0,"PACIFIC":0}},{"type":"Feature","id":444,"geometry":{"type":"Point","coordinates":[-81.736253270924692,30.165283496886161]},"properties":{"FID":444,"OBJECTID":3218,"GLOBAL_ID":"E8A64548-9BD0-4F9C-9AA7-5FF97412C6C8","IDENT":"20FA","NAME":"Hca Florida Orange Park Hospital","LATITUDE":"30-09-55.0000N","LONGITUDE":"081-44-10.5000W","ELEVATION":62,"ICAO_ID":" ","TYPE_CODE":"HP","SERVCITY":"ORANGE PARK","STATE":"FL","COUNTRY":"UNITED STATES","OPERSTATUS":"OPERATIONAL","PRIVATEUSE":1,"IAPEXISTS":0,"DODHIFLIP":0,"FAR91":0,"FAR93":0,"MIL_CODE":"CIVIL","AIRANAL":"CONDITIONAL","US_HIGH":0,"US_LOW":0,"AK_HIGH":0,"AK_LOW":0,"US_AREA":0,"PACIFIC":0}},{"type":"Feature","id":445,"geometry":{"type":"Point","coordinates":[-82.022038328464532,29.48497638385976]},"properties":{"FID":445,"OBJECTID":3219,"GLOBAL_ID":"4ECDAD20-5B0C-4E76-89D1-C660DE6B5CA5","IDENT":"FD02","NAME":"Patch O Blue","LATITUDE":"29-29-05.8950N","LONGITUDE":"082-01-19.3260W","ELEVATION":80,"ICAO_ID":" ","TYPE_CODE":"AD","SERVCITY":"ORANGE SPRINGS","STATE":"FL","COUNTRY":"UNITED STATES","OPERSTATUS":"OPERATIONAL","PRIVATEUSE":1,"IAPEXISTS":0,"DODHIFLIP":0,"FAR91":0,"FAR93":0,"MIL_CODE":"CIVIL","AIRANAL":"CONDITIONAL","US_HIGH":0,"US_LOW":0,"AK_HIGH":0,"AK_LOW":0,"US_AREA":0,"PACIFIC":0}},{"type":"Feature","id":446,"geometry":{"type":"Point","coordinates":[-81.367572825045158,28.479175884454889]},"properties":{"FID":446,"OBJECTID":3220,"GLOBAL_ID":"7638F013-EA81-416A-9EAD-5012A33DFF48","IDENT":"91FL","NAME":"Lake Conway North","LATITUDE":"28-28-45.0140N","LONGITUDE":"081-22-03.2510W","ELEVATION":80,"ICAO_ID":" ","TYPE_CODE":"SP","SERVCITY":"ORLANDO","STATE":"FL","COUNTRY":"UNITED STATES","OPERSTATUS":"OPERATIONAL","PRIVATEUSE":1,"IAPEXISTS":0,"DODHIFLIP":0,"FAR91":0,"FAR93":0,"MIL_CODE":"CIVIL","AIRANAL":"CONDITIONAL","US_HIGH":0,"US_LOW":0,"AK_HIGH":0,"AK_LOW":0,"US_AREA":0,"PACIFIC":0}},{"type":"Feature","id":447,"geometry":{"type":"Point","coordinates":[-81.491464248567127,28.433622536236044]},"properties":{"FID":447,"OBJECTID":3221,"GLOBAL_ID":"17A742EC-0736-4515-AA96-3DA51F31396A","IDENT":"98FL","NAME":"Sand Lake","LATITUDE":"28-26-01.0220N","LONGITUDE":"081-29-29.2600W","ELEVATION":90,"ICAO_ID":" ","TYPE_CODE":"SP","SERVCITY":"ORLANDO/BUENA VISTA","STATE":"FL","COUNTRY":"UNITED STATES","OPERSTATUS":"OPERATIONAL","PRIVATEUSE":1,"IAPEXISTS":0,"DODHIFLIP":0,"FAR91":0,"FAR93":0,"MIL_CODE":"CIVIL","AIRANAL":"CONDITIONAL","US_HIGH":0,"US_LOW":0,"AK_HIGH":0,"AK_LOW":0,"US_AREA":0,"PACIFIC":0}},{"type":"Feature","id":448,"geometry":{"type":"Point","coordinates":[-81.368405606518706,28.57556146267234]},"properties":{"FID":448,"OBJECTID":3222,"GLOBAL_ID":"059CEE0F-4568-4F91-9E4C-5AA62BCC077E","IDENT":"37FA","NAME":"Advent Health Orlando","LATITUDE":"28-34-32.0020N","LONGITUDE":"081-22-06.2490W","ELEVATION":75,"ICAO_ID":" ","TYPE_CODE":"HP","SERVCITY":"ORLANDO","STATE":"FL","COUNTRY":"UNITED STATES","OPERSTATUS":"OPERATIONAL","PRIVATEUSE":1,"IAPEXISTS":0,"DODHIFLIP":0,"FAR91":0,"FAR93":0,"MIL_CODE":"CIVIL","AIRANAL":"CONDITIONAL","US_HIGH":0,"US_LOW":0,"AK_HIGH":0,"AK_LOW":0,"US_AREA":0,"PACIFIC":0}},{"type":"Feature","id":449,"geometry":{"type":"Point","coordinates":[-81.485175356108243,28.384591413564578]},"properties":{"FID":449,"OBJECTID":3223,"GLOBAL_ID":"4F552BC1-03F9-4134-AD59-39E3ADB8B632","IDENT":"FL76","NAME":"Heli-Partners I-Drive","LATITUDE":"28-23-04.5100N","LONGITUDE":"081-29-06.6200W","ELEVATION":112,"ICAO_ID":" ","TYPE_CODE":"HP","SERVCITY":"ORLANDO","STATE":"FL","COUNTRY":"UNITED STATES","OPERSTATUS":"OPERATIONAL","PRIVATEUSE":1,"IAPEXISTS":0,"DODHIFLIP":0,"FAR91":0,"FAR93":0,"MIL_CODE":"CIVIL","AIRANAL":"CONDITIONAL","US_HIGH":0,"US_LOW":0,"AK_HIGH":0,"AK_LOW":0,"US_AREA":0,"PACIFIC":0}},{"type":"Feature","id":450,"geometry":{"type":"Point","coordinates":[-81.309003084338144,28.429394206958762]},"properties":{"FID":450,"OBJECTID":3224,"GLOBAL_ID":"ED1CB743-2B70-404D-98E9-51F1E4CB4442","IDENT":"MCO","NAME":"Orlando Intl","LATITUDE":"28-25-45.8000N","LONGITUDE":"081-18-32.4000W","ELEVATION":96.400000000000006,"ICAO_ID":"KMCO","TYPE_CODE":"AD","SERVCITY":"ORLANDO","STATE":"FL","COUNTRY":"UNITED STATES","OPERSTATUS":"OPERATIONAL","PRIVATEUSE":0,"IAPEXISTS":1,"DODHIFLIP":0,"FAR91":0,"FAR93":0,"MIL_CODE":"CIVIL","AIRANAL":"NO OBJECTION","US_HIGH":1,"US_LOW":1,"AK_HIGH":0,"AK_LOW":0,"US_AREA":0,"PACIFIC":0}},{"type":"Feature","id":451,"geometry":{"type":"Point","coordinates":[-81.234916685475469,28.77718345970726]},"properties":{"FID":451,"OBJECTID":3225,"GLOBAL_ID":"E081E66F-263E-4B7F-98F7-4C19DA359AE0","IDENT":"SFB","NAME":"Orlando Sanford Intl","LATITUDE":"28-46-37.8410N","LONGITUDE":"081-14-05.6890W","ELEVATION":54.799999999999997,"ICAO_ID":"KSFB","TYPE_CODE":"AD","SERVCITY":"ORLANDO","STATE":"FL","COUNTRY":"UNITED STATES","OPERSTATUS":"OPERATIONAL","PRIVATEUSE":0,"IAPEXISTS":1,"DODHIFLIP":0,"FAR91":0,"FAR93":0,"MIL_CODE":"CIVIL","AIRANAL":"NO OBJECTION","US_HIGH":1,"US_LOW":1,"AK_HIGH":0,"AK_LOW":0,"US_AREA":0,"PACIFIC":0}},{"type":"Feature","id":452,"geometry":{"type":"Point","coordinates":[-81.437084505992573,28.289812224899322]},"properties":{"FID":452,"OBJECTID":3226,"GLOBAL_ID":"C82E6E49-2BCA-419F-812A-6BD0A10865D6","IDENT":"ISM","NAME":"Kissimmee Gateway","LATITUDE":"28-17-23.3050N","LONGITUDE":"081-26-13.4930W","ELEVATION":82.099999999999994,"ICAO_ID":"KISM","TYPE_CODE":"AD","SERVCITY":"ORLANDO","STATE":"FL","COUNTRY":"UNITED STATES","OPERSTATUS":"OPERATIONAL","PRIVATEUSE":0,"IAPEXISTS":1,"DODHIFLIP":0,"FAR91":0,"FAR93":0,"MIL_CODE":"CIVIL","AIRANAL":"NO OBJECTION","US_HIGH":1,"US_LOW":1,"AK_HIGH":0,"AK_LOW":0,"US_AREA":0,"PACIFIC":0}},{"type":"Feature","id":453,"geometry":{"type":"Point","coordinates":[-81.332933095180806,28.545467012348752]},"properties":{"FID":453,"OBJECTID":3227,"GLOBAL_ID":"28DD4E4B-2AD4-4122-AD63-A0842EB23993","IDENT":"ORL","NAME":"Orlando Exec","LATITUDE":"28-32-43.6620N","LONGITUDE":"081-19-58.5480W","ELEVATION":112.5,"ICAO_ID":"KORL","TYPE_CODE":"AD","SERVCITY":"ORLANDO","STATE":"FL","COUNTRY":"UNITED STATES","OPERSTATUS":"OPERATIONAL","PRIVATEUSE":0,"IAPEXISTS":1,"DODHIFLIP":0,"FAR91":0,"FAR93":0,"MIL_CODE":"CIVIL","AIRANAL":"NO OBJECTION","US_HIGH":1,"US_LOW":1,"AK_HIGH":0,"AK_LOW":0,"US_AREA":0,"PACIFIC":0}},{"type":"Feature","id":454,"geometry":{"type":"Point","coordinates":[-81.113802779417597,29.301145532389853]},"properties":{"FID":454,"OBJECTID":3228,"GLOBAL_ID":"89963233-AFFC-4A46-A703-FDA3FF6E46AB","IDENT":"OMN","NAME":"Ormond Beach Muni","LATITUDE":"29-18-04.1040N","LONGITUDE":"081-06-49.6790W","ELEVATION":28.100000000000001,"ICAO_ID":"KOMN","TYPE_CODE":"AD","SERVCITY":"ORMOND BEACH","STATE":"FL","COUNTRY":"UNITED STATES","OPERSTATUS":"OPERATIONAL","PRIVATEUSE":0,"IAPEXISTS":1,"DODHIFLIP":0,"FAR91":0,"FAR93":0,"MIL_CODE":"CIVIL","AIRANAL":"NO OBJECTION","US_HIGH":0,"US_LOW":1,"AK_HIGH":0,"AK_LOW":0,"US_AREA":0,"PACIFIC":0}},{"type":"Feature","id":455,"geometry":{"type":"Point","coordinates":[-81.230064201149276,29.267484965187805]},"properties":{"FID":455,"OBJECTID":3229,"GLOBAL_ID":"5399744A-B859-49D1-9A6D-941503B6E35B","IDENT":"0FD0","NAME":"The 2a Ranch","LATITUDE":"29-16-02.9260N","LONGITUDE":"081-13-48.2200W","ELEVATION":40,"ICAO_ID":" ","TYPE_CODE":"AD","SERVCITY":"ORMOND BEACH","STATE":"FL","COUNTRY":"UNITED STATES","OPERSTATUS":"OPERATIONAL","PRIVATEUSE":1,"IAPEXISTS":0,"DODHIFLIP":0,"FAR91":0,"FAR93":0,"MIL_CODE":"CIVIL","AIRANAL":"CONDITIONAL","US_HIGH":0,"US_LOW":0,"AK_HIGH":0,"AK_LOW":0,"US_AREA":0,"PACIFIC":0}},{"type":"Feature","id":456,"geometry":{"type":"Point","coordinates":[-81.2220080868031,29.239430236719159]},"properties":{"FID":456,"OBJECTID":3230,"GLOBAL_ID":"FEF21B13-A5E6-41FC-9D95-1612729FA453","IDENT":"04FL","NAME":"Cross Creek Farms","LATITUDE":"29-14-21.9290N","LONGITUDE":"081-13-19.2180W","ELEVATION":30,"ICAO_ID":" ","TYPE_CODE":"AD","SERVCITY":"ORMOND","STATE":"FL","COUNTRY":"UNITED STATES","OPERSTATUS":"OPERATIONAL","PRIVATEUSE":1,"IAPEXISTS":0,"DODHIFLIP":0,"FAR91":0,"FAR93":0,"MIL_CODE":"CIVIL","AIRANAL":"CONDITIONAL","US_HIGH":0,"US_LOW":0,"AK_HIGH":0,"AK_LOW":0,"US_AREA":0,"PACIFIC":0}},{"type":"Feature","id":457,"geometry":{"type":"Point","coordinates":[-81.115533597501837,28.830822086765977]},"properties":{"FID":457,"OBJECTID":3231,"GLOBAL_ID":"E6FB9373-0DF9-45BA-8D5D-5FBC7B1F7D36","IDENT":"3FA5","NAME":"Richard Kohler","LATITUDE":"28-49-50.9400N","LONGITUDE":"081-06-55.9100W","ELEVATION":25,"ICAO_ID":" ","TYPE_CODE":"HP","SERVCITY":"OSTEEN","STATE":"FL","COUNTRY":"UNITED STATES","OPERSTATUS":"OPERATIONAL","PRIVATEUSE":1,"IAPEXISTS":0,"DODHIFLIP":0,"FAR91":0,"FAR93":0,"MIL_CODE":"CIVIL","AIRANAL":"CONDITIONAL","US_HIGH":0,"US_LOW":0,"AK_HIGH":0,"AK_LOW":0,"US_AREA":0,"PACIFIC":0}},{"type":"Feature","id":458,"geometry":{"type":"Point","coordinates":[-81.233123071900025,28.716945111270547]},"properties":{"FID":458,"OBJECTID":3232,"GLOBAL_ID":"0B67AEC4-6DF4-4E70-A560-F9F9B0F01C33","IDENT":"98FD","NAME":"Lake Jessup","LATITUDE":"28-43-00.9830N","LONGITUDE":"081-13-59.2320W","ELEVATION":3,"ICAO_ID":" ","TYPE_CODE":"SP","SERVCITY":"OVIEDO","STATE":"FL","COUNTRY":"UNITED STATES","OPERSTATUS":"OPERATIONAL","PRIVATEUSE":1,"IAPEXISTS":0,"DODHIFLIP":0,"FAR91":0,"FAR93":0,"MIL_CODE":"CIVIL","AIRANAL":"CONDITIONAL","US_HIGH":0,"US_LOW":0,"AK_HIGH":0,"AK_LOW":0,"US_AREA":0,"PACIFIC":0}},{"type":"Feature","id":459,"geometry":{"type":"Point","coordinates":[-82.134170009115451,28.959172090096217]},"properties":{"FID":459,"OBJECTID":3233,"GLOBAL_ID":"F284986B-1D52-42E2-ADE1-378A8B26D8F0","IDENT":"31FA","NAME":"S & S Avion Ranch","LATITUDE":"28-57-33.0000N","LONGITUDE":"082-08-03.0000W","ELEVATION":70,"ICAO_ID":" ","TYPE_CODE":"AD","SERVCITY":"OXFORD","STATE":"FL","COUNTRY":"UNITED STATES","OPERSTATUS":"OPERATIONAL","PRIVATEUSE":1,"IAPEXISTS":0,"DODHIFLIP":0,"FAR91":0,"FAR93":0,"MIL_CODE":"CIVIL","AIRANAL":"CONDITIONAL","US_HIGH":0,"US_LOW":0,"AK_HIGH":0,"AK_LOW":0,"US_AREA":0,"PACIFIC":0}},{"type":"Feature","id":460,"geometry":{"type":"Point","coordinates":[-87.139831500348521,30.625333990081231]},"properties":{"FID":460,"OBJECTID":3234,"GLOBAL_ID":"8464ED07-A6EB-42B7-A74C-E4C3D9971674","IDENT":"NRQ","NAME":"Spencer NOLF","LATITUDE":"30-37-31.1820N","LONGITUDE":"087-08-23.3760W","ELEVATION":151,"ICAO_ID":"KNRQ","TYPE_CODE":"AD","SERVCITY":"PACE","STATE":"FL","COUNTRY":"UNITED STATES","OPERSTATUS":"OPERATIONAL","PRIVATEUSE":1,"IAPEXISTS":0,"DODHIFLIP":0,"FAR91":0,"FAR93":0,"MIL_CODE":"MIL","AIRANAL":"NOT ANALYZED","US_HIGH":0,"US_LOW":0,"AK_HIGH":0,"AK_LOW":0,"US_AREA":0,"PACIFIC":0}},{"type":"Feature","id":461,"geometry":{"type":"Point","coordinates":[-85.674171070422972,30.206950054028653]},"properties":{"FID":461,"OBJECTID":3235,"GLOBAL_ID":"B3E61EA3-B7B1-4451-8212-83E5C1F54489","IDENT":"FA20","NAME":"Post Electric Inc","LATITUDE":"30-12-25.0000N","LONGITUDE":"085-40-27.0000W","ELEVATION":19,"ICAO_ID":" ","TYPE_CODE":"HP","SERVCITY":"PANAMA CITY","STATE":"FL","COUNTRY":"UNITED STATES","OPERSTATUS":"OPERATIONAL","PRIVATEUSE":1,"IAPEXISTS":0,"DODHIFLIP":0,"FAR91":0,"FAR93":0,"MIL_CODE":"CIVIL","AIRANAL":"CONDITIONAL","US_HIGH":0,"US_LOW":0,"AK_HIGH":0,"AK_LOW":0,"US_AREA":0,"PACIFIC":0}},{"type":"Feature","id":462,"geometry":{"type":"Point","coordinates":[-85.64965995047254,30.157844488666456]},"properties":{"FID":462,"OBJECTID":3236,"GLOBAL_ID":"58B58434-95B5-469A-8C8A-E4DF8E36ED09","IDENT":"8FL4","NAME":"Ascension Sacred Heart Bay","LATITUDE":"30-09-28.2200N","LONGITUDE":"085-38-58.7600W","ELEVATION":29,"ICAO_ID":" ","TYPE_CODE":"HP","SERVCITY":"PANAMA CITY","STATE":"FL","COUNTRY":"UNITED STATES","OPERSTATUS":"OPERATIONAL","PRIVATEUSE":1,"IAPEXISTS":0,"DODHIFLIP":0,"FAR91":0,"FAR93":0,"MIL_CODE":"CIVIL","AIRANAL":"CONDITIONAL","US_HIGH":0,"US_LOW":0,"AK_HIGH":0,"AK_LOW":0,"US_AREA":0,"PACIFIC":0}},{"type":"Feature","id":463,"geometry":{"type":"Point","coordinates":[-85.734101084409417,30.134930591860837]},"properties":{"FID":463,"OBJECTID":3237,"GLOBAL_ID":"369EE9EA-1875-4F5E-B619-7DA909C4765D","IDENT":"4FD5","NAME":"Grand Lagoon","LATITUDE":"30-08-05.7300N","LONGITUDE":"085-44-02.7480W","ELEVATION":0,"ICAO_ID":" ","TYPE_CODE":"SP","SERVCITY":"PANAMA CITY","STATE":"FL","COUNTRY":"UNITED STATES","OPERSTATUS":"OPERATIONAL","PRIVATEUSE":1,"IAPEXISTS":0,"DODHIFLIP":0,"FAR91":0,"FAR93":0,"MIL_CODE":"CIVIL","AIRANAL":"CONDITIONAL","US_HIGH":0,"US_LOW":0,"AK_HIGH":0,"AK_LOW":0,"US_AREA":0,"PACIFIC":0}},{"type":"Feature","id":464,"geometry":{"type":"Point","coordinates":[-85.524190474571014,30.269897295943395]},"properties":{"FID":464,"OBJECTID":3238,"GLOBAL_ID":"9B887BC9-9CCD-4F28-BE71-1ACCE071B4B8","IDENT":"27FD","NAME":"Coastal Helicopters Inc","LATITUDE":"30-16-11.6100N","LONGITUDE":"085-31-27.0700W","ELEVATION":59,"ICAO_ID":" ","TYPE_CODE":"HP","SERVCITY":"PANAMA CITY","STATE":"FL","COUNTRY":"UNITED STATES","OPERSTATUS":"OPERATIONAL","PRIVATEUSE":1,"IAPEXISTS":0,"DODHIFLIP":0,"FAR91":0,"FAR93":0,"MIL_CODE":"CIVIL","AIRANAL":"CONDITIONAL","US_HIGH":0,"US_LOW":0,"AK_HIGH":0,"AK_LOW":0,"US_AREA":0,"PACIFIC":0}},{"type":"Feature","id":465,"geometry":{"type":"Point","coordinates":[-85.479157121963055,30.102741703425465]},"properties":{"FID":465,"OBJECTID":3239,"GLOBAL_ID":"8B3565EA-3018-4075-9B4C-C529704D752E","IDENT":"75FL","NAME":"Sandy Creek Airpark","LATITUDE":"30-06-09.8500N","LONGITUDE":"085-28-44.9500W","ELEVATION":17.699999999999999,"ICAO_ID":" ","TYPE_CODE":"AD","SERVCITY":"PANAMA CITY","STATE":"FL","COUNTRY":"UNITED STATES","OPERSTATUS":"OPERATIONAL","PRIVATEUSE":1,"IAPEXISTS":0,"DODHIFLIP":0,"FAR91":0,"FAR93":0,"MIL_CODE":"CIVIL","AIRANAL":"CONDITIONAL","US_HIGH":0,"US_LOW":1,"AK_HIGH":0,"AK_LOW":0,"US_AREA":0,"PACIFIC":0}},{"type":"Feature","id":466,"geometry":{"type":"Point","coordinates":[-85.795606666034132,30.35824647341849]},"properties":{"FID":466,"OBJECTID":3240,"GLOBAL_ID":"4A90E2EF-3ED3-43E4-A712-E38B52360A45","IDENT":"ECP","NAME":"Northwest Florida Beaches Intl","LATITUDE":"30-21-29.6670N","LONGITUDE":"085-47-44.1680W","ELEVATION":68.799999999999997,"ICAO_ID":"KECP","TYPE_CODE":"AD","SERVCITY":"PANAMA CITY","STATE":"FL","COUNTRY":"UNITED STATES","OPERSTATUS":"OPERATIONAL","PRIVATEUSE":0,"IAPEXISTS":1,"DODHIFLIP":0,"FAR91":0,"FAR93":0,"MIL_CODE":"CIVIL","AIRANAL":"NOT ANALYZED","US_HIGH":1,"US_LOW":1,"AK_HIGH":0,"AK_LOW":0,"US_AREA":0,"PACIFIC":0}},{"type":"Feature","id":467,"geometry":{"type":"Point","coordinates":[-81.672530894915724,25.995032488218044]},"properties":{"FID":467,"OBJECTID":3241,"GLOBAL_ID":"7E4C3636-07C2-4271-848E-32475BC3E246","IDENT":"MKY","NAME":"Marco Island Exec","LATITUDE":"25-59-42.1000N","LONGITUDE":"081-40-21.1000W","ELEVATION":5.2000000000000002,"ICAO_ID":"KMKY","TYPE_CODE":"AD","SERVCITY":"MARCO ISLAND","STATE":"FL","COUNTRY":"UNITED STATES","OPERSTATUS":"OPERATIONAL","PRIVATEUSE":0,"IAPEXISTS":1,"DODHIFLIP":0,"FAR91":0,"FAR93":0,"MIL_CODE":"CIVIL","AIRANAL":"NO OBJECTION","US_HIGH":1,"US_LOW":1,"AK_HIGH":0,"AK_LOW":0,"US_AREA":0,"PACIFIC":0}},{"type":"Feature","id":468,"geometry":{"type":"Point","coordinates":[-85.182227901503211,30.838227156968458]},"properties":{"FID":468,"OBJECTID":3242,"GLOBAL_ID":"10ED6CF1-1C08-48D6-BBAF-448A23309A1D","IDENT":"MAI","NAME":"Marianna Muni","LATITUDE":"30-50-17.5970N","LONGITUDE":"085-10-56.0050W","ELEVATION":110.7,"ICAO_ID":"KMAI","TYPE_CODE":"AD","SERVCITY":"MARIANNA","STATE":"FL","COUNTRY":"UNITED STATES","OPERSTATUS":"OPERATIONAL","PRIVATEUSE":0,"IAPEXISTS":1,"DODHIFLIP":0,"FAR91":0,"FAR93":0,"MIL_CODE":"CIVIL","AIRANAL":"NO OBJECTION","US_HIGH":1,"US_LOW":1,"AK_HIGH":0,"AK_LOW":0,"US_AREA":0,"PACIFIC":0}},{"type":"Feature","id":469,"geometry":{"type":"Point","coordinates":[-85.24092097200031,30.787325198643487]},"properties":{"FID":469,"OBJECTID":3243,"GLOBAL_ID":"FCDF14B3-3772-4B30-A365-11839AE85A85","IDENT":"28FD","NAME":"Jackson County Hospital","LATITUDE":"30-47-14.3500N","LONGITUDE":"085-14-27.3000W","ELEVATION":145,"ICAO_ID":" ","TYPE_CODE":"HP","SERVCITY":"MARIANNA","STATE":"FL","COUNTRY":"UNITED STATES","OPERSTATUS":"OPERATIONAL","PRIVATEUSE":1,"IAPEXISTS":0,"DODHIFLIP":0,"FAR91":0,"FAR93":0,"MIL_CODE":"CIVIL","AIRANAL":"CONDITIONAL","US_HIGH":0,"US_LOW":0,"AK_HIGH":0,"AK_LOW":0,"US_AREA":0,"PACIFIC":0}},{"type":"Feature","id":470,"geometry":{"type":"Point","coordinates":[-85.183923730511992,30.733944633451188]},"properties":{"FID":470,"OBJECTID":3244,"GLOBAL_ID":"A1781800-8F3F-4885-B295-1D67B945CC8C","IDENT":"FL53","NAME":"Joey Anderson","LATITUDE":"30-44-02.1800N","LONGITUDE":"085-11-02.1100W","ELEVATION":114,"ICAO_ID":" ","TYPE_CODE":"HP","SERVCITY":"MARIANNA","STATE":"FL","COUNTRY":"UNITED STATES","OPERSTATUS":"OPERATIONAL","PRIVATEUSE":1,"IAPEXISTS":0,"DODHIFLIP":0,"FAR91":0,"FAR93":0,"MIL_CODE":"CIVIL","AIRANAL":"CONDITIONAL","US_HIGH":0,"US_LOW":0,"AK_HIGH":0,"AK_LOW":0,"US_AREA":0,"PACIFIC":0}},{"type":"Feature","id":471,"geometry":{"type":"Point","coordinates":[-86.688813031554673,30.428927849953254]},"properties":{"FID":471,"OBJECTID":3245,"GLOBAL_ID":"84EAFC4A-BF2A-4C6F-B8D8-FF45AA36AF4D","IDENT":"HRT","NAME":"Hurlburt Fld","LATITUDE":"30-25-44.1200N","LONGITUDE":"086-41-19.7100W","ELEVATION":36,"ICAO_ID":"KHRT","TYPE_CODE":"AD","SERVCITY":"MARY ESTHER","STATE":"FL","COUNTRY":"UNITED STATES","OPERSTATUS":"OPERATIONAL","PRIVATEUSE":1,"IAPEXISTS":1,"DODHIFLIP":0,"FAR91":0,"FAR93":0,"MIL_CODE":"MIL","AIRANAL":"NOT ANALYZED","US_HIGH":1,"US_LOW":1,"AK_HIGH":0,"AK_LOW":0,"US_AREA":0,"PACIFIC":0}},{"type":"Feature","id":472,"geometry":{"type":"Point","coordinates":[-81.885003258881341,28.641672020932845]},"properties":{"FID":472,"OBJECTID":3246,"GLOBAL_ID":"D04625E8-4828-4045-AB2F-DCFFE16DB360","IDENT":"06FD","NAME":"Grass Roots Airpark","LATITUDE":"28-38-30.0000N","LONGITUDE":"081-53-06.0000W","ELEVATION":105,"ICAO_ID":" ","TYPE_CODE":"AD","SERVCITY":"MASCOTTE","STATE":"FL","COUNTRY":"UNITED STATES","OPERSTATUS":"OPERATIONAL","PRIVATEUSE":1,"IAPEXISTS":0,"DODHIFLIP":0,"FAR91":0,"FAR93":0,"MIL_CODE":"CIVIL","AIRANAL":"CONDITIONAL","US_HIGH":0,"US_LOW":0,"AK_HIGH":0,"AK_LOW":0,"US_AREA":0,"PACIFIC":0}},{"type":"Feature","id":473,"geometry":{"type":"Point","coordinates":[-83.188751189658433,30.109117052135559]},"properties":{"FID":473,"OBJECTID":3247,"GLOBAL_ID":"B65C8B3A-8D18-45EA-B2AA-47ED54F6D13F","IDENT":"FD50","NAME":"The Trails","LATITUDE":"30-06-32.8010N","LONGITUDE":"083-11-19.4910W","ELEVATION":45,"ICAO_ID":" ","TYPE_CODE":"AD","SERVCITY":"LURAVILLE","STATE":"FL","COUNTRY":"UNITED STATES","OPERSTATUS":"OPERATIONAL","PRIVATEUSE":1,"IAPEXISTS":0,"DODHIFLIP":0,"FAR91":0,"FAR93":0,"MIL_CODE":"CIVIL","AIRANAL":"CONDITIONAL","US_HIGH":0,"US_LOW":0,"AK_HIGH":0,"AK_LOW":0,"US_AREA":0,"PACIFIC":0}},{"type":"Feature","id":474,"geometry":{"type":"Point","coordinates":[-83.266529537475833,29.914395059691628]},"properties":{"FID":474,"OBJECTID":3248,"GLOBAL_ID":"6E3BB4B5-3F42-4F9F-BCD4-324C2CBBC782","IDENT":"33FD","NAME":"R O Ranch","LATITUDE":"29-54-51.8020N","LONGITUDE":"083-15-59.4930W","ELEVATION":50,"ICAO_ID":" ","TYPE_CODE":"AD","SERVCITY":"MAYO","STATE":"FL","COUNTRY":"UNITED STATES","OPERSTATUS":"OPERATIONAL","PRIVATEUSE":1,"IAPEXISTS":0,"DODHIFLIP":0,"FAR91":0,"FAR93":0,"MIL_CODE":"CIVIL","AIRANAL":"CONDITIONAL","US_HIGH":0,"US_LOW":0,"AK_HIGH":0,"AK_LOW":0,"US_AREA":0,"PACIFIC":0}},{"type":"Feature","id":475,"geometry":{"type":"Point","coordinates":[-81.424524355764959,30.391379974806341]},"properties":{"FID":475,"OBJECTID":3249,"GLOBAL_ID":"9EE01873-CFB1-425C-9080-A9537C143A49","IDENT":"NRB","NAME":"Mayport NS (Adm David L McDonald Fld)","LATITUDE":"30-23-28.9471N","LONGITUDE":"081-25-28.2762W","ELEVATION":14.800000000000001,"ICAO_ID":"KNRB","TYPE_CODE":"AD","SERVCITY":"MAYPORT","STATE":"FL","COUNTRY":"UNITED STATES","OPERSTATUS":"OPERATIONAL","PRIVATEUSE":1,"IAPEXISTS":1,"DODHIFLIP":0,"FAR91":0,"FAR93":0,"MIL_CODE":"MIL","AIRANAL":"NOT ANALYZED","US_HIGH":1,"US_LOW":1,"AK_HIGH":0,"AK_LOW":0,"US_AREA":1,"PACIFIC":0}},{"type":"Feature","id":476,"geometry":{"type":"Point","coordinates":[-80.645252880073258,28.102755255624118]},"properties":{"FID":476,"OBJECTID":3250,"GLOBAL_ID":"3ACDEDBD-58E6-4FFF-A8A4-C7CAB20B3299","IDENT":"MLB","NAME":"Melbourne Orlando Intl","LATITUDE":"28-06-09.9000N","LONGITUDE":"080-38-42.9000W","ELEVATION":33.299999999999997,"ICAO_ID":"KMLB","TYPE_CODE":"AD","SERVCITY":"MELBOURNE","STATE":"FL","COUNTRY":"UNITED STATES","OPERSTATUS":"OPERATIONAL","PRIVATEUSE":0,"IAPEXISTS":1,"DODHIFLIP":0,"FAR91":0,"FAR93":0,"MIL_CODE":"CIVIL","AIRANAL":"NO OBJECTION","US_HIGH":1,"US_LOW":1,"AK_HIGH":0,"AK_LOW":0,"US_AREA":0,"PACIFIC":0}},{"type":"Feature","id":477,"geometry":{"type":"Point","coordinates":[-81.019232709327184,28.043357731716753]},"properties":{"FID":477,"OBJECTID":3251,"GLOBAL_ID":"36BF53E8-F467-4BF7-8187-FB383440D9C0","IDENT":"31FL","NAME":"Forever Florida","LATITUDE":"28-02-36.0690N","LONGITUDE":"081-01-09.2270W","ELEVATION":54,"ICAO_ID":" ","TYPE_CODE":"AD","SERVCITY":"MELBOURNE","STATE":"FL","COUNTRY":"UNITED STATES","OPERSTATUS":"OPERATIONAL","PRIVATEUSE":1,"IAPEXISTS":0,"DODHIFLIP":0,"FAR91":0,"FAR93":0,"MIL_CODE":"CIVIL","AIRANAL":"CONDITIONAL","US_HIGH":0,"US_LOW":0,"AK_HIGH":0,"AK_LOW":0,"US_AREA":0,"PACIFIC":0}},{"type":"Feature","id":478,"geometry":{"type":"Point","coordinates":[-80.345152724807747,25.768210237699577]},"properties":{"FID":478,"OBJECTID":3252,"GLOBAL_ID":"63B14F95-AC09-41EB-8FCE-83D1E5AEA9C9","IDENT":"FL94","NAME":"Miami-Dade County Helistop","LATITUDE":"25-46-05.5400N","LONGITUDE":"080-20-42.5400W","ELEVATION":107,"ICAO_ID":" ","TYPE_CODE":"HP","SERVCITY":"MIAMI","STATE":"FL","COUNTRY":"UNITED STATES","OPERSTATUS":"OPERATIONAL","PRIVATEUSE":1,"IAPEXISTS":0,"DODHIFLIP":0,"FAR91":0,"FAR93":0,"MIL_CODE":"CIVIL","AIRANAL":"CONDITIONAL","US_HIGH":0,"US_LOW":0,"AK_HIGH":0,"AK_LOW":0,"US_AREA":0,"PACIFIC":0}},{"type":"Feature","id":479,"geometry":{"type":"Point","coordinates":[-80.23917214285342,25.959571399446531]},"properties":{"FID":479,"OBJECTID":3253,"GLOBAL_ID":"A0D37CD5-DAA9-4B92-BF90-57FBFC85B6AA","IDENT":"0FD2","NAME":"Hard Rock Stadium","LATITUDE":"25-57-34.4400N","LONGITUDE":"080-14-21.0100W","ELEVATION":8,"ICAO_ID":" ","TYPE_CODE":"HP","SERVCITY":"MIAMI","STATE":"FL","COUNTRY":"UNITED STATES","OPERSTATUS":"OPERATIONAL","PRIVATEUSE":1,"IAPEXISTS":0,"DODHIFLIP":0,"FAR91":0,"FAR93":0,"MIL_CODE":"CIVIL","AIRANAL":"CONDITIONAL","US_HIGH":0,"US_LOW":0,"AK_HIGH":0,"AK_LOW":0,"US_AREA":0,"PACIFIC":0}},{"type":"Feature","id":480,"geometry":{"type":"Point","coordinates":[-80.386113846808655,25.731115782420204]},"properties":{"FID":480,"OBJECTID":3254,"GLOBAL_ID":"0DFE2A10-34A0-401B-90DF-6EB20A5729D0","IDENT":"70FL","NAME":"Hca Florida Kendall Hospital","LATITUDE":"25-43-52.0000N","LONGITUDE":"080-23-10.0000W","ELEVATION":104.5,"ICAO_ID":" ","TYPE_CODE":"HP","SERVCITY":"MIAMI","STATE":"FL","COUNTRY":"UNITED STATES","OPERSTATUS":"OPERATIONAL","PRIVATEUSE":1,"IAPEXISTS":0,"DODHIFLIP":0,"FAR91":0,"FAR93":0,"MIL_CODE":"CIVIL","AIRANAL":"CONDITIONAL","US_HIGH":0,"US_LOW":0,"AK_HIGH":0,"AK_LOW":0,"US_AREA":0,"PACIFIC":0}},{"type":"Feature","id":481,"geometry":{"type":"Point","coordinates":[-80.346341615230472,25.809524136147616]},"properties":{"FID":481,"OBJECTID":3255,"GLOBAL_ID":"F2CF100B-230E-422F-9BFF-5F25EDF396B8","IDENT":"71FL","NAME":"Miami Federal Reserve Bank","LATITUDE":"25-48-34.2700N","LONGITUDE":"080-20-46.8200W","ELEVATION":9,"ICAO_ID":" ","TYPE_CODE":"HP","SERVCITY":"MIAMI","STATE":"FL","COUNTRY":"UNITED STATES","OPERSTATUS":"OPERATIONAL","PRIVATEUSE":1,"IAPEXISTS":0,"DODHIFLIP":0,"FAR91":0,"FAR93":0,"MIL_CODE":"CIVIL","AIRANAL":"CONDITIONAL","US_HIGH":0,"US_LOW":0,"AK_HIGH":0,"AK_LOW":0,"US_AREA":0,"PACIFIC":0}},{"type":"Feature","id":482,"geometry":{"type":"Point","coordinates":[-80.433227358409056,25.647568371219336]},"properties":{"FID":482,"OBJECTID":3256,"GLOBAL_ID":"222579AF-22BE-450A-9D31-9DDAEB5FF1AF","IDENT":"TMB","NAME":"Miami Exec","LATITUDE":"25-38-51.2294N","LONGITUDE":"080-25-59.6086W","ELEVATION":10,"ICAO_ID":"KTMB","TYPE_CODE":"AD","SERVCITY":"MIAMI","STATE":"FL","COUNTRY":"UNITED STATES","OPERSTATUS":"OPERATIONAL","PRIVATEUSE":0,"IAPEXISTS":1,"DODHIFLIP":0,"FAR91":0,"FAR93":0,"MIL_CODE":"CIVIL","AIRANAL":"NO OBJECTION","US_HIGH":1,"US_LOW":1,"AK_HIGH":0,"AK_LOW":0,"US_AREA":1,"PACIFIC":0}},{"type":"Feature","id":483,"geometry":{"type":"Point","coordinates":[-80.488669429871379,25.619532418931271]},"properties":{"FID":483,"OBJECTID":3257,"GLOBAL_ID":"AC7F456A-1EDF-499D-96E6-CB5FE4564A43","IDENT":"FA35","NAME":"Lindbergh's Landing","LATITUDE":"25-37-10.3000N","LONGITUDE":"080-29-19.2000W","ELEVATION":9,"ICAO_ID":" ","TYPE_CODE":"AD","SERVCITY":"MIAMI","STATE":"FL","COUNTRY":"UNITED STATES","OPERSTATUS":"OPERATIONAL","PRIVATEUSE":1,"IAPEXISTS":0,"DODHIFLIP":0,"FAR91":0,"FAR93":0,"MIL_CODE":"CIVIL","AIRANAL":"CONDITIONAL","US_HIGH":0,"US_LOW":0,"AK_HIGH":0,"AK_LOW":0,"US_AREA":0,"PACIFIC":0}},{"type":"Feature","id":484,"geometry":{"type":"Point","coordinates":[-80.89700288817744,25.861810249556868]},"properties":{"FID":484,"OBJECTID":3258,"GLOBAL_ID":"58681702-43A7-4C34-869B-6284B30ACCD2","IDENT":"TNT","NAME":"Dade-Collier Training and Transition","LATITUDE":"25-51-42.5000N","LONGITUDE":"080-53-49.2000W","ELEVATION":12.699999999999999,"ICAO_ID":"KTNT","TYPE_CODE":"AD","SERVCITY":"MIAMI","STATE":"FL","COUNTRY":"UNITED STATES","OPERSTATUS":"OPERATIONAL","PRIVATEUSE":0,"IAPEXISTS":1,"DODHIFLIP":0,"FAR91":0,"FAR93":0,"MIL_CODE":"CIVIL","AIRANAL":"NO OBJECTION","US_HIGH":1,"US_LOW":1,"AK_HIGH":0,"AK_LOW":0,"US_AREA":0,"PACIFIC":0}},{"type":"Feature","id":485,"geometry":{"type":"Point","coordinates":[-80.333486055920503,25.826588029746574]},"properties":{"FID":485,"OBJECTID":3259,"GLOBAL_ID":"7DB8A4B2-B6FE-4CB1-BBD8-956F102354C4","IDENT":"FL98","NAME":"Kelly Tractor Company","LATITUDE":"25-49-35.7000N","LONGITUDE":"080-20-00.5400W","ELEVATION":8,"ICAO_ID":" ","TYPE_CODE":"HP","SERVCITY":"MIAMI","STATE":"FL","COUNTRY":"UNITED STATES","OPERSTATUS":"OPERATIONAL","PRIVATEUSE":1,"IAPEXISTS":0,"DODHIFLIP":0,"FAR91":0,"FAR93":0,"MIL_CODE":"CIVIL","AIRANAL":"CONDITIONAL","US_HIGH":0,"US_LOW":0,"AK_HIGH":0,"AK_LOW":0,"US_AREA":0,"PACIFIC":0}},{"type":"Feature","id":486,"geometry":{"type":"Point","coordinates":[-80.381041622423083,25.696135218652103]},"properties":{"FID":486,"OBJECTID":3260,"GLOBAL_ID":"43A3E99A-F266-4E3D-AB54-E32D1E506331","IDENT":"2FA0","NAME":"Kendall District Station","LATITUDE":"25-41-46.0700N","LONGITUDE":"080-22-51.7400W","ELEVATION":60,"ICAO_ID":" ","TYPE_CODE":"HP","SERVCITY":"MIAMI","STATE":"FL","COUNTRY":"UNITED STATES","OPERSTATUS":"OPERATIONAL","PRIVATEUSE":1,"IAPEXISTS":0,"DODHIFLIP":0,"FAR91":0,"FAR93":0,"MIL_CODE":"CIVIL","AIRANAL":"CONDITIONAL","US_HIGH":0,"US_LOW":0,"AK_HIGH":0,"AK_LOW":0,"US_AREA":0,"PACIFIC":0}},{"type":"Feature","id":487,"geometry":{"type":"Point","coordinates":[-80.166752671782262,25.734032454818362]},"properties":{"FID":487,"OBJECTID":3261,"GLOBAL_ID":"5269685C-88A7-4B1F-A4A0-AFC6C3C843F7","IDENT":"3FL5","NAME":"Miami Seaquarium","LATITUDE":"25-44-02.5000N","LONGITUDE":"080-10-00.3000W","ELEVATION":4,"ICAO_ID":" ","TYPE_CODE":"HP","SERVCITY":"MIAMI","STATE":"FL","COUNTRY":"UNITED STATES","OPERSTATUS":"OPERATIONAL","PRIVATEUSE":1,"IAPEXISTS":0,"DODHIFLIP":0,"FAR91":0,"FAR93":0,"MIL_CODE":"CIVIL","AIRANAL":"NO OBJECTION","US_HIGH":0,"US_LOW":0,"AK_HIGH":0,"AK_LOW":0,"US_AREA":0,"PACIFIC":0}},{"type":"Feature","id":488,"geometry":{"type":"Point","coordinates":[-80.340391613696966,25.817365805262057]},"properties":{"FID":488,"OBJECTID":3262,"GLOBAL_ID":"3AD76476-CAAB-49FC-BC90-75E233713958","IDENT":"0FA0","NAME":"Doral Resort & Country Club","LATITUDE":"25-49-02.5000N","LONGITUDE":"080-20-25.4000W","ELEVATION":23,"ICAO_ID":" ","TYPE_CODE":"HP","SERVCITY":"MIAMI","STATE":"FL","COUNTRY":"UNITED STATES","OPERSTATUS":"OPERATIONAL","PRIVATEUSE":1,"IAPEXISTS":0,"DODHIFLIP":0,"FAR91":0,"FAR93":0,"MIL_CODE":"CIVIL","AIRANAL":"CONDITIONAL","US_HIGH":0,"US_LOW":0,"AK_HIGH":0,"AK_LOW":0,"US_AREA":0,"PACIFIC":0}},{"type":"Feature","id":489,"geometry":{"type":"Point","coordinates":[-80.211472130383868,25.792865801802634]},"properties":{"FID":489,"OBJECTID":3263,"GLOBAL_ID":"F2374B9B-7A4B-4FF7-916C-EB402316F50E","IDENT":"25FA","NAME":"Jackson Meml Hospital","LATITUDE":"25-47-34.3000N","LONGITUDE":"080-12-41.2900W","ELEVATION":92,"ICAO_ID":" ","TYPE_CODE":"HP","SERVCITY":"MIAMI","STATE":"FL","COUNTRY":"UNITED STATES","OPERSTATUS":"OPERATIONAL","PRIVATEUSE":1,"IAPEXISTS":0,"DODHIFLIP":0,"FAR91":0,"FAR93":0,"MIL_CODE":"CIVIL","AIRANAL":"CONDITIONAL","US_HIGH":0,"US_LOW":0,"AK_HIGH":0,"AK_LOW":0,"US_AREA":0,"PACIFIC":0}},{"type":"Feature","id":490,"geometry":{"type":"Point","coordinates":[-87.085838145382013,30.490005628794563]},"properties":{"FID":490,"OBJECTID":3264,"GLOBAL_ID":"B49AFA8F-5C02-4AF0-B797-BBA92278D149","IDENT":"24FL","NAME":"Garcon Fld","LATITUDE":"30-29-24.0000N","LONGITUDE":"087-05-09.0000W","ELEVATION":16,"ICAO_ID":" ","TYPE_CODE":"AD","SERVCITY":"MILTON","STATE":"FL","COUNTRY":"UNITED STATES","OPERSTATUS":"OPERATIONAL","PRIVATEUSE":1,"IAPEXISTS":0,"DODHIFLIP":0,"FAR91":0,"FAR93":0,"MIL_CODE":"CIVIL","AIRANAL":"CONDITIONAL","US_HIGH":0,"US_LOW":0,"AK_HIGH":0,"AK_LOW":0,"US_AREA":0,"PACIFIC":0}},{"type":"Feature","id":491,"geometry":{"type":"Point","coordinates":[-86.939526998622739,30.6098806601766]},"properties":{"FID":491,"OBJECTID":3265,"GLOBAL_ID":"A234F8B0-AB4A-434F-975A-D564C3E8C5F7","IDENT":"NGS","NAME":"Santa Rosa NOLF","LATITUDE":"30-36-35.5500N","LONGITUDE":"086-56-22.2800W","ELEVATION":150,"ICAO_ID":"KNGS","TYPE_CODE":"AD","SERVCITY":"MILTON","STATE":"FL","COUNTRY":"UNITED STATES","OPERSTATUS":"OPERATIONAL","PRIVATEUSE":1,"IAPEXISTS":0,"DODHIFLIP":0,"FAR91":0,"FAR93":0,"MIL_CODE":"MIL","AIRANAL":"NOT ANALYZED","US_HIGH":0,"US_LOW":1,"AK_HIGH":0,"AK_LOW":0,"US_AREA":0,"PACIFIC":0}},{"type":"Feature","id":492,"geometry":{"type":"Point","coordinates":[-87.177475405549444,30.754639295468678]},"properties":{"FID":492,"OBJECTID":3266,"GLOBAL_ID":"5E566542-6662-417D-92FF-530B7A1C9602","IDENT":"93FD","NAME":"Chumuckla 20-20","LATITUDE":"30-45-16.6810N","LONGITUDE":"087-10-38.8940W","ELEVATION":205,"ICAO_ID":" ","TYPE_CODE":"AD","SERVCITY":"MILTON","STATE":"FL","COUNTRY":"UNITED STATES","OPERSTATUS":"INDEFINITE","PRIVATEUSE":1,"IAPEXISTS":0,"DODHIFLIP":0,"FAR91":0,"FAR93":0,"MIL_CODE":"CIVIL","AIRANAL":"CONDITIONAL","US_HIGH":0,"US_LOW":0,"AK_HIGH":0,"AK_LOW":0,"US_AREA":0,"PACIFIC":0}},{"type":"Feature","id":493,"geometry":{"type":"Point","coordinates":[-87.014413412463,30.698578733414081]},"properties":{"FID":493,"OBJECTID":3267,"GLOBAL_ID":"606F6DAD-2CD3-48CB-B02F-DF34F0766BD5","IDENT":"NDZ","NAME":"Whiting Fld NAS South","LATITUDE":"30-41-54.8630N","LONGITUDE":"087-00-51.8710W","ELEVATION":177.40000000000001,"ICAO_ID":"KNDZ","TYPE_CODE":"AD","SERVCITY":"MILTON","STATE":"FL","COUNTRY":"UNITED STATES","OPERSTATUS":"OPERATIONAL","PRIVATEUSE":1,"IAPEXISTS":1,"DODHIFLIP":0,"FAR91":0,"FAR93":0,"MIL_CODE":"MIL","AIRANAL":"NOT ANALYZED","US_HIGH":1,"US_LOW":1,"AK_HIGH":0,"AK_LOW":0,"US_AREA":0,"PACIFIC":0}},{"type":"Feature","id":494,"geometry":{"type":"Point","coordinates":[-87.023907861169619,30.722477904398147]},"properties":{"FID":494,"OBJECTID":3268,"GLOBAL_ID":"38329A69-6B69-45E2-95C9-54C71B73788D","IDENT":"NSE","NAME":"Whiting Fld NAS North","LATITUDE":"30-43-20.9000N","LONGITUDE":"087-01-26.0510W","ELEVATION":199,"ICAO_ID":"KNSE","TYPE_CODE":"AD","SERVCITY":"MILTON","STATE":"FL","COUNTRY":"UNITED STATES","OPERSTATUS":"OPERATIONAL","PRIVATEUSE":1,"IAPEXISTS":1,"DODHIFLIP":0,"FAR91":0,"FAR93":0,"MIL_CODE":"MIL","AIRANAL":"NOT ANALYZED","US_HIGH":1,"US_LOW":1,"AK_HIGH":0,"AK_LOW":0,"US_AREA":0,"PACIFIC":0}},{"type":"Feature","id":495,"geometry":{"type":"Point","coordinates":[-86.959726999825932,30.506950080638148]},"properties":{"FID":495,"OBJECTID":3269,"GLOBAL_ID":"7213A9BD-A177-4E0E-AE04-0F51349C7A62","IDENT":"NFJ","NAME":"Choctaw NOLF","LATITUDE":"30-30-25.0000N","LONGITUDE":"086-57-35.0000W","ELEVATION":102,"ICAO_ID":"KNFJ","TYPE_CODE":"AD","SERVCITY":"MILTON","STATE":"FL","COUNTRY":"UNITED STATES","OPERSTATUS":"OPERATIONAL","PRIVATEUSE":1,"IAPEXISTS":0,"DODHIFLIP":0,"FAR91":0,"FAR93":0,"MIL_CODE":"MIL","AIRANAL":"NOT ANALYZED","US_HIGH":1,"US_LOW":1,"AK_HIGH":0,"AK_LOW":0,"US_AREA":0,"PACIFIC":0}},{"type":"Feature","id":496,"geometry":{"type":"Point","coordinates":[-83.707940525248375,30.584652700838831]},"properties":{"FID":496,"OBJECTID":3270,"GLOBAL_ID":"75C859D1-E353-4CA3-8F89-68532D61C321","IDENT":"74FL","NAME":"Jefferson Landings","LATITUDE":"30-35-04.7290N","LONGITUDE":"083-42-28.5720W","ELEVATION":120,"ICAO_ID":" ","TYPE_CODE":"AD","SERVCITY":"MONTICELLO","STATE":"FL","COUNTRY":"UNITED STATES","OPERSTATUS":"OPERATIONAL","PRIVATEUSE":1,"IAPEXISTS":0,"DODHIFLIP":0,"FAR91":0,"FAR93":0,"MIL_CODE":"CIVIL","AIRANAL":"CONDITIONAL","US_HIGH":0,"US_LOW":0,"AK_HIGH":0,"AK_LOW":0,"US_AREA":0,"PACIFIC":0}},{"type":"Feature","id":497,"geometry":{"type":"Point","coordinates":[-82.500628459564439,29.277401321458001]},"properties":{"FID":497,"OBJECTID":3271,"GLOBAL_ID":"5D01C4D4-A646-426F-92EB-E59EDB76D1A9","IDENT":"FA30","NAME":"Redtail Airstrip","LATITUDE":"29-16-38.6250N","LONGITUDE":"082-30-02.2500W","ELEVATION":65,"ICAO_ID":" ","TYPE_CODE":"AD","SERVCITY":"MORRISTON","STATE":"FL","COUNTRY":"UNITED STATES","OPERSTATUS":"OPERATIONAL","PRIVATEUSE":1,"IAPEXISTS":0,"DODHIFLIP":0,"FAR91":0,"FAR93":0,"MIL_CODE":"CIVIL","AIRANAL":"CONDITIONAL","US_HIGH":0,"US_LOW":0,"AK_HIGH":0,"AK_LOW":0,"US_AREA":0,"PACIFIC":0}},{"type":"Feature","id":498,"geometry":{"type":"Point","coordinates":[-81.96944770176782,27.866394053721308]},"properties":{"FID":498,"OBJECTID":3272,"GLOBAL_ID":"DBF3DE3C-DBA2-44B7-A53C-F8417F94A4F7","IDENT":"9FL6","NAME":"Land South","LATITUDE":"27-51-59.0000N","LONGITUDE":"081-58-10.0000W","ELEVATION":136,"ICAO_ID":" ","TYPE_CODE":"HP","SERVCITY":"MULBERRY","STATE":"FL","COUNTRY":"UNITED STATES","OPERSTATUS":"OPERATIONAL","PRIVATEUSE":1,"IAPEXISTS":0,"DODHIFLIP":0,"FAR91":0,"FAR93":0,"MIL_CODE":"CIVIL","AIRANAL":"CONDITIONAL","US_HIGH":0,"US_LOW":0,"AK_HIGH":0,"AK_LOW":0,"US_AREA":0,"PACIFIC":0}},{"type":"Feature","id":499,"geometry":{"type":"Point","coordinates":[-86.854409208529432,30.877690722334933]},"properties":{"FID":499,"OBJECTID":3273,"GLOBAL_ID":"60075E81-5928-4FC3-A218-89C900786263","IDENT":"8FD3","NAME":"Blackwater Airfield","LATITUDE":"30-52-39.6660N","LONGITUDE":"086-51-15.8560W","ELEVATION":200,"ICAO_ID":" ","TYPE_CODE":"AD","SERVCITY":"MUNSON","STATE":"FL","COUNTRY":"UNITED STATES","OPERSTATUS":"OPERATIONAL","PRIVATEUSE":1,"IAPEXISTS":0,"DODHIFLIP":0,"FAR91":0,"FAR93":0,"MIL_CODE":"CIVIL","AIRANAL":"CONDITIONAL","US_HIGH":0,"US_LOW":0,"AK_HIGH":0,"AK_LOW":0,"US_AREA":0,"PACIFIC":0}},{"type":"Feature","id":500,"geometry":{"type":"Point","coordinates":[-81.702290406810391,26.116589100979297]},"properties":{"FID":500,"OBJECTID":3274,"GLOBAL_ID":"B9AE2DD9-754A-461A-A894-7F9B0AC89CD4","IDENT":"FA37","NAME":"Wing South Airpark","LATITUDE":"26-06-59.7037N","LONGITUDE":"081-42-08.2342W","ELEVATION":9,"ICAO_ID":" ","TYPE_CODE":"AD","SERVCITY":"NAPLES","STATE":"FL","COUNTRY":"UNITED STATES","OPERSTATUS":"OPERATIONAL","PRIVATEUSE":1,"IAPEXISTS":0,"DODHIFLIP":0,"FAR91":0,"FAR93":0,"MIL_CODE":"CIVIL","AIRANAL":"CONDITIONAL","US_HIGH":0,"US_LOW":1,"AK_HIGH":0,"AK_LOW":0,"US_AREA":0,"PACIFIC":0}},{"type":"Feature","id":501,"geometry":{"type":"Point","coordinates":[-86.496782427127926,30.534230657634168]},"properties":{"FID":501,"OBJECTID":3275,"GLOBAL_ID":"58008FD8-6428-4651-BA39-E4515B4FB521","IDENT":"6FL5","NAME":"Hca Florida Twin Cities Hospital","LATITUDE":"30-32-03.2100N","LONGITUDE":"086-29-48.4000W","ELEVATION":84,"ICAO_ID":" ","TYPE_CODE":"HP","SERVCITY":"NICEVILLE","STATE":"FL","COUNTRY":"UNITED STATES","OPERSTATUS":"OPERATIONAL","PRIVATEUSE":1,"IAPEXISTS":0,"DODHIFLIP":0,"FAR91":0,"FAR93":0,"MIL_CODE":"CIVIL","AIRANAL":"CONDITIONAL","US_HIGH":0,"US_LOW":0,"AK_HIGH":0,"AK_LOW":0,"US_AREA":0,"PACIFIC":0}},{"type":"Feature","id":502,"geometry":{"type":"Point","coordinates":[-80.13860822538868,25.957376956062149]},"properties":{"FID":502,"OBJECTID":3276,"GLOBAL_ID":"759D5476-6B32-4451-806A-100D00F204F9","IDENT":"05FD","NAME":"Aventura","LATITUDE":"25-57-26.5400N","LONGITUDE":"080-08-18.9800W","ELEVATION":6,"ICAO_ID":" ","TYPE_CODE":"HP","SERVCITY":"NORTH MIAMI BEACH","STATE":"FL","COUNTRY":"UNITED STATES","OPERSTATUS":"OPERATIONAL","PRIVATEUSE":1,"IAPEXISTS":0,"DODHIFLIP":0,"FAR91":0,"FAR93":0,"MIL_CODE":"CIVIL","AIRANAL":"CONDITIONAL","US_HIGH":0,"US_LOW":0,"AK_HIGH":0,"AK_LOW":0,"US_AREA":0,"PACIFIC":0}},{"type":"Feature","id":503,"geometry":{"type":"Point","coordinates":[-80.155002673199476,25.920032502251104]},"properties":{"FID":503,"OBJECTID":3277,"GLOBAL_ID":"3129F818-68E7-4465-A0D4-54A791D4C9CC","IDENT":"FL87","NAME":"Intra Coastal Police Sub-Station","LATITUDE":"25-55-12.1000N","LONGITUDE":"080-09-18.0000W","ELEVATION":34,"ICAO_ID":" ","TYPE_CODE":"HP","SERVCITY":"NORTH MIAMI BEACH","STATE":"FL","COUNTRY":"UNITED STATES","OPERSTATUS":"OPERATIONAL","PRIVATEUSE":1,"IAPEXISTS":0,"DODHIFLIP":0,"FAR91":0,"FAR93":0,"MIL_CODE":"CIVIL","AIRANAL":"CONDITIONAL","US_HIGH":0,"US_LOW":0,"AK_HIGH":0,"AK_LOW":0,"US_AREA":0,"PACIFIC":0}},{"type":"Feature","id":504,"geometry":{"type":"Point","coordinates":[-82.236028309574976,27.046177179987524]},"properties":{"FID":504,"OBJECTID":3278,"GLOBAL_ID":"CE2527EE-D66A-4B64-972D-6885798254DF","IDENT":"84FD","NAME":"North Port Ems","LATITUDE":"27-02-46.2200N","LONGITUDE":"082-14-09.6900W","ELEVATION":14,"ICAO_ID":" ","TYPE_CODE":"HP","SERVCITY":"NORTH PORT","STATE":"FL","COUNTRY":"UNITED STATES","OPERSTATUS":"OPERATIONAL","PRIVATEUSE":1,"IAPEXISTS":0,"DODHIFLIP":0,"FAR91":0,"FAR93":0,"MIL_CODE":"CIVIL","AIRANAL":"CONDITIONAL","US_HIGH":0,"US_LOW":0,"AK_HIGH":0,"AK_LOW":0,"US_AREA":0,"PACIFIC":0}},{"type":"Feature","id":505,"geometry":{"type":"Point","coordinates":[-82.208058858337154,27.074421632586336]},"properties":{"FID":505,"OBJECTID":3279,"GLOBAL_ID":"BF36FE4B-14D3-4719-B81B-50F71EE5AFFB","IDENT":"49FA","NAME":"North Port Fire Rescue Station 81","LATITUDE":"27-04-27.9000N","LONGITUDE":"082-12-29.0000W","ELEVATION":25,"ICAO_ID":" ","TYPE_CODE":"HP","SERVCITY":"NORTH PORT","STATE":"FL","COUNTRY":"UNITED STATES","OPERSTATUS":"OPERATIONAL","PRIVATEUSE":1,"IAPEXISTS":0,"DODHIFLIP":0,"FAR91":0,"FAR93":0,"MIL_CODE":"CIVIL","AIRANAL":"CONDITIONAL","US_HIGH":0,"US_LOW":0,"AK_HIGH":0,"AK_LOW":0,"US_AREA":0,"PACIFIC":0}},{"type":"Feature","id":506,"geometry":{"type":"Point","coordinates":[-82.162703288999467,27.066557742739121]},"properties":{"FID":506,"OBJECTID":3280,"GLOBAL_ID":"537435DF-8DEA-4D51-AC6B-FE91B56D02AF","IDENT":"4FL4","NAME":"North Port Fire Rescue Station 84","LATITUDE":"27-03-59.5900N","LONGITUDE":"082-09-45.7200W","ELEVATION":25,"ICAO_ID":" ","TYPE_CODE":"HP","SERVCITY":"NORTH PORT","STATE":"FL","COUNTRY":"UNITED STATES","OPERSTATUS":"OPERATIONAL","PRIVATEUSE":1,"IAPEXISTS":0,"DODHIFLIP":0,"FAR91":0,"FAR93":0,"MIL_CODE":"CIVIL","AIRANAL":"CONDITIONAL","US_HIGH":0,"US_LOW":0,"AK_HIGH":0,"AK_LOW":0,"US_AREA":0,"PACIFIC":0}},{"type":"Feature","id":507,"geometry":{"type":"Point","coordinates":[-80.867269638040739,28.889737384522448]},"properties":{"FID":507,"OBJECTID":3281,"GLOBAL_ID":"BD9525F0-C211-460C-8B71-973B9D589916","IDENT":"2FD6","NAME":"Tully Rv Airpark","LATITUDE":"28-53-23.0350N","LONGITUDE":"080-52-02.1600W","ELEVATION":15,"ICAO_ID":" ","TYPE_CODE":"AD","SERVCITY":"OAK HILL","STATE":"FL","COUNTRY":"UNITED STATES","OPERSTATUS":"OPERATIONAL","PRIVATEUSE":1,"IAPEXISTS":0,"DODHIFLIP":0,"FAR91":0,"FAR93":0,"MIL_CODE":"CIVIL","AIRANAL":"CONDITIONAL","US_HIGH":0,"US_LOW":0,"AK_HIGH":0,"AK_LOW":0,"US_AREA":0,"PACIFIC":0}},{"type":"Feature","id":508,"geometry":{"type":"Point","coordinates":[-80.907001870534714,28.857217098646345]},"properties":{"FID":508,"OBJECTID":3282,"GLOBAL_ID":"827CF883-E52B-484B-835D-E9DD7992E035","IDENT":"34FD","NAME":"Blue Ridge Flightpark","LATITUDE":"28-51-25.9620N","LONGITUDE":"080-54-25.1960W","ELEVATION":25,"ICAO_ID":" ","TYPE_CODE":"AD","SERVCITY":"OAKHILL","STATE":"FL","COUNTRY":"UNITED STATES","OPERSTATUS":"OPERATIONAL","PRIVATEUSE":1,"IAPEXISTS":0,"DODHIFLIP":0,"FAR91":0,"FAR93":0,"MIL_CODE":"CIVIL","AIRANAL":"CONDITIONAL","US_HIGH":0,"US_LOW":0,"AK_HIGH":0,"AK_LOW":0,"US_AREA":0,"PACIFIC":0}},{"type":"Feature","id":509,"geometry":{"type":"Point","coordinates":[-81.628614293102373,28.572783122166584]},"properties":{"FID":509,"OBJECTID":3283,"GLOBAL_ID":"B21898BA-3F34-4041-9809-A9E973A376B9","IDENT":"0FA5","NAME":"Briley Farm","LATITUDE":"28-34-22.0000N","LONGITUDE":"081-37-43.0000W","ELEVATION":66,"ICAO_ID":" ","TYPE_CODE":"SP","SERVCITY":"OAKLAND","STATE":"FL","COUNTRY":"UNITED STATES","OPERSTATUS":"OPERATIONAL","PRIVATEUSE":1,"IAPEXISTS":0,"DODHIFLIP":0,"FAR91":0,"FAR93":0,"MIL_CODE":"CIVIL","AIRANAL":"CONDITIONAL","US_HIGH":0,"US_LOW":0,"AK_HIGH":0,"AK_LOW":0,"US_AREA":0,"PACIFIC":0}},{"type":"Feature","id":510,"geometry":{"type":"Point","coordinates":[-83.054579761232674,30.090508440801386]},"properties":{"FID":510,"OBJECTID":3284,"GLOBAL_ID":"A72BC674-5CE3-4E33-BF4E-B32C54FF5E4C","IDENT":"FL18","NAME":"Suwannee Farms","LATITUDE":"30-05-25.8100N","LONGITUDE":"083-03-16.4740W","ELEVATION":50,"ICAO_ID":" ","TYPE_CODE":"AD","SERVCITY":"O'BRIEN","STATE":"FL","COUNTRY":"UNITED STATES","OPERSTATUS":"OPERATIONAL","PRIVATEUSE":1,"IAPEXISTS":0,"DODHIFLIP":0,"FAR91":0,"FAR93":0,"MIL_CODE":"CIVIL","AIRANAL":"CONDITIONAL","US_HIGH":0,"US_LOW":0,"AK_HIGH":0,"AK_LOW":0,"US_AREA":0,"PACIFIC":0}},{"type":"Feature","id":511,"geometry":{"type":"Point","coordinates":[-82.121388071768251,29.278134666178403]},"properties":{"FID":511,"OBJECTID":3285,"GLOBAL_ID":"CC3993FC-3440-4078-AC71-210B39C7BE35","IDENT":"17FL","NAME":"Jumbolair","LATITUDE":"29-16-41.2650N","LONGITUDE":"082-07-16.9850W","ELEVATION":100,"ICAO_ID":" ","TYPE_CODE":"AD","SERVCITY":"OCALA","STATE":"FL","COUNTRY":"UNITED STATES","OPERSTATUS":"OPERATIONAL","PRIVATEUSE":1,"IAPEXISTS":0,"DODHIFLIP":0,"FAR91":0,"FAR93":0,"MIL_CODE":"CIVIL","AIRANAL":"CONDITIONAL","US_HIGH":1,"US_LOW":1,"AK_HIGH":0,"AK_LOW":0,"US_AREA":0,"PACIFIC":0}},{"type":"Feature","id":512,"geometry":{"type":"Point","coordinates":[-82.032003317207511,29.092588790620425]},"properties":{"FID":512,"OBJECTID":3286,"GLOBAL_ID":"1F8AC1BF-7773-44F3-8F67-CD1D9A078CE8","IDENT":"FD04","NAME":"Leeward Air Ranch","LATITUDE":"29-05-33.3000N","LONGITUDE":"082-01-55.2000W","ELEVATION":86,"ICAO_ID":" ","TYPE_CODE":"AD","SERVCITY":"OCALA/BELLEVIEW","STATE":"FL","COUNTRY":"UNITED STATES","OPERSTATUS":"OPERATIONAL","PRIVATEUSE":1,"IAPEXISTS":0,"DODHIFLIP":0,"FAR91":0,"FAR93":0,"MIL_CODE":"CIVIL","AIRANAL":"CONDITIONAL","US_HIGH":0,"US_LOW":0,"AK_HIGH":0,"AK_LOW":0,"US_AREA":0,"PACIFIC":0}},{"type":"Feature","id":513,"geometry":{"type":"Point","coordinates":[-82.149539465034252,29.169702694702778]},"properties":{"FID":513,"OBJECTID":3287,"GLOBAL_ID":"5431590E-83A3-40A1-92F0-E936D4E0D224","IDENT":"FL49","NAME":"Bernie Little","LATITUDE":"29-10-10.9100N","LONGITUDE":"082-08-58.3300W","ELEVATION":90,"ICAO_ID":" ","TYPE_CODE":"HP","SERVCITY":"OCALA","STATE":"FL","COUNTRY":"UNITED STATES","OPERSTATUS":"OPERATIONAL","PRIVATEUSE":1,"IAPEXISTS":0,"DODHIFLIP":0,"FAR91":0,"FAR93":0,"MIL_CODE":"CIVIL","AIRANAL":"CONDITIONAL","US_HIGH":0,"US_LOW":0,"AK_HIGH":0,"AK_LOW":0,"US_AREA":0,"PACIFIC":0}},{"type":"Feature","id":514,"geometry":{"type":"Point","coordinates":[-81.056739604808513,25.980931942112363]},"properties":{"FID":514,"OBJECTID":3288,"GLOBAL_ID":"F48CCD14-0242-4B0E-B7AD-B430D5DFA4B9","IDENT":"FA74","NAME":"Romor Ranch","LATITUDE":"25-58-51.3380N","LONGITUDE":"081-03-24.2520W","ELEVATION":12,"ICAO_ID":" ","TYPE_CODE":"AD","SERVCITY":"OCHOPEE","STATE":"FL","COUNTRY":"UNITED STATES","OPERSTATUS":"OPERATIONAL","PRIVATEUSE":1,"IAPEXISTS":0,"DODHIFLIP":0,"FAR91":0,"FAR93":0,"MIL_CODE":"CIVIL","AIRANAL":"CONDITIONAL","US_HIGH":0,"US_LOW":0,"AK_HIGH":0,"AK_LOW":0,"US_AREA":0,"PACIFIC":0}},{"type":"Feature","id":515,"geometry":{"type":"Point","coordinates":[-81.52805870812432,28.550560897462503]},"properties":{"FID":515,"OBJECTID":3289,"GLOBAL_ID":"372B429A-9877-4893-B571-7F29B427FAC1","IDENT":"76FL","NAME":"Health Central","LATITUDE":"28-33-02.0000N","LONGITUDE":"081-31-41.0000W","ELEVATION":128,"ICAO_ID":" ","TYPE_CODE":"HP","SERVCITY":"OCOEE","STATE":"FL","COUNTRY":"UNITED STATES","OPERSTATUS":"OPERATIONAL","PRIVATEUSE":1,"IAPEXISTS":0,"DODHIFLIP":0,"FAR91":0,"FAR93":0,"MIL_CODE":"CIVIL","AIRANAL":"CONDITIONAL","US_HIGH":0,"US_LOW":0,"AK_HIGH":0,"AK_LOW":0,"US_AREA":0,"PACIFIC":0}},{"type":"Feature","id":516,"geometry":{"type":"Point","coordinates":[-80.85039402505862,27.266578656319382]},"properties":{"FID":516,"OBJECTID":3290,"GLOBAL_ID":"9C1B2C14-2AE0-414C-BB86-59AFE207FBA8","IDENT":"OBE","NAME":"Okeechobee County","LATITUDE":"27-15-59.6650N","LONGITUDE":"080-51-01.4080W","ELEVATION":33.5,"ICAO_ID":"KOBE","TYPE_CODE":"AD","SERVCITY":"OKEECHOBEE","STATE":"FL","COUNTRY":"UNITED STATES","OPERSTATUS":"OPERATIONAL","PRIVATEUSE":0,"IAPEXISTS":1,"DODHIFLIP":0,"FAR91":0,"FAR93":0,"MIL_CODE":"CIVIL","AIRANAL":"CONDITIONAL","US_HIGH":1,"US_LOW":1,"AK_HIGH":0,"AK_LOW":0,"US_AREA":0,"PACIFIC":0}},{"type":"Feature","id":517,"geometry":{"type":"Point","coordinates":[-80.829105685628519,27.25910782198207]},"properties":{"FID":517,"OBJECTID":3291,"GLOBAL_ID":"C3A8158B-1C50-4426-9976-BDCACB632E4A","IDENT":"26FL","NAME":"Hca Florida Raulerson Hospital","LATITUDE":"27-15-32.7700N","LONGITUDE":"080-49-44.7700W","ELEVATION":34,"ICAO_ID":" ","TYPE_CODE":"HP","SERVCITY":"OKEECHOBEE","STATE":"FL","COUNTRY":"UNITED STATES","OPERSTATUS":"OPERATIONAL","PRIVATEUSE":1,"IAPEXISTS":0,"DODHIFLIP":0,"FAR91":0,"FAR93":0,"MIL_CODE":"CIVIL","AIRANAL":"CONDITIONAL","US_HIGH":0,"US_LOW":0,"AK_HIGH":0,"AK_LOW":0,"US_AREA":0,"PACIFIC":0}},{"type":"Feature","id":518,"geometry":{"type":"Point","coordinates":[-80.969233503625276,27.230884755669649]},"properties":{"FID":518,"OBJECTID":3292,"GLOBAL_ID":"75F99659-CABA-452B-B6CF-CD6A7DA8EF65","IDENT":"00FL","NAME":"River Oak","LATITUDE":"27-13-51.1670N","LONGITUDE":"080-58-09.2300W","ELEVATION":35,"ICAO_ID":" ","TYPE_CODE":"AD","SERVCITY":"OKEECHOBEE","STATE":"FL","COUNTRY":"UNITED STATES","OPERSTATUS":"OPERATIONAL","PRIVATEUSE":1,"IAPEXISTS":0,"DODHIFLIP":0,"FAR91":0,"FAR93":0,"MIL_CODE":"CIVIL","AIRANAL":"CONDITIONAL","US_HIGH":0,"US_LOW":0,"AK_HIGH":0,"AK_LOW":0,"US_AREA":0,"PACIFIC":0}},{"type":"Feature","id":519,"geometry":{"type":"Point","coordinates":[-81.087014091671563,27.188941687507906]},"properties":{"FID":519,"OBJECTID":3293,"GLOBAL_ID":"E784D703-D6D3-4218-9436-1179D52A1FA4","IDENT":"8FD5","NAME":"Lykes Brighton","LATITUDE":"27-11-20.1720N","LONGITUDE":"081-05-13.2400W","ELEVATION":30,"ICAO_ID":" ","TYPE_CODE":"AD","SERVCITY":"OKEECHOBEE","STATE":"FL","COUNTRY":"UNITED STATES","OPERSTATUS":"OPERATIONAL","PRIVATEUSE":1,"IAPEXISTS":0,"DODHIFLIP":0,"FAR91":0,"FAR93":0,"MIL_CODE":"CIVIL","AIRANAL":"CONDITIONAL","US_HIGH":0,"US_LOW":0,"AK_HIGH":0,"AK_LOW":0,"US_AREA":0,"PACIFIC":0}},{"type":"Feature","id":520,"geometry":{"type":"Point","coordinates":[-81.028679078770892,27.325325888542807]},"properties":{"FID":520,"OBJECTID":3294,"GLOBAL_ID":"FE961DC4-F49F-4887-BA7E-BFB92A089067","IDENT":"FD70","NAME":"River Acres","LATITUDE":"27-19-31.1550N","LONGITUDE":"081-01-43.2340W","ELEVATION":30,"ICAO_ID":" ","TYPE_CODE":"AD","SERVCITY":"OKEECHOBEE","STATE":"FL","COUNTRY":"UNITED STATES","OPERSTATUS":"OPERATIONAL","PRIVATEUSE":1,"IAPEXISTS":0,"DODHIFLIP":0,"FAR91":0,"FAR93":0,"MIL_CODE":"CIVIL","AIRANAL":"CONDITIONAL","US_HIGH":0,"US_LOW":0,"AK_HIGH":0,"AK_LOW":0,"US_AREA":0,"PACIFIC":0}},{"type":"Feature","id":521,"geometry":{"type":"Point","coordinates":[-80.772602894269198,27.363103404008143]},"properties":{"FID":521,"OBJECTID":3295,"GLOBAL_ID":"E3ED7C59-3E2B-4BE8-91EC-1CFB301897FA","IDENT":"08FD","NAME":"Sunniland Ranch","LATITUDE":"27-21-47.1540N","LONGITUDE":"080-46-21.3600W","ELEVATION":65,"ICAO_ID":" ","TYPE_CODE":"AD","SERVCITY":"OKEECHOBEE","STATE":"FL","COUNTRY":"UNITED STATES","OPERSTATUS":"OPERATIONAL","PRIVATEUSE":1,"IAPEXISTS":0,"DODHIFLIP":0,"FAR91":0,"FAR93":0,"MIL_CODE":"CIVIL","AIRANAL":"NO OBJECTION","US_HIGH":0,"US_LOW":0,"AK_HIGH":0,"AK_LOW":0,"US_AREA":0,"PACIFIC":0}},{"type":"Feature","id":522,"geometry":{"type":"Point","coordinates":[-80.735913383165098,27.34981506860953]},"properties":{"FID":522,"OBJECTID":3296,"GLOBAL_ID":"26C5E03B-FC00-4E2C-81E6-8748ACE054ED","IDENT":"90FD","NAME":"Citrus Hedging Ranch","LATITUDE":"27-20-59.3160N","LONGITUDE":"080-44-09.2778W","ELEVATION":63,"ICAO_ID":" ","TYPE_CODE":"AD","SERVCITY":"OKEECHOBEE","STATE":"FL","COUNTRY":"UNITED STATES","OPERSTATUS":"OPERATIONAL","PRIVATEUSE":1,"IAPEXISTS":0,"DODHIFLIP":0,"FAR91":0,"FAR93":0,"MIL_CODE":"CIVIL","AIRANAL":"NO OBJECTION","US_HIGH":0,"US_LOW":0,"AK_HIGH":0,"AK_LOW":0,"US_AREA":0,"PACIFIC":0}},{"type":"Feature","id":523,"geometry":{"type":"Point","coordinates":[-80.691669531462878,27.155560577634617]},"properties":{"FID":523,"OBJECTID":3297,"GLOBAL_ID":"E13C244C-4F95-4630-AFE1-E004D99F9DD4","IDENT":"FD39","NAME":"Flying Cow Air Ranch","LATITUDE":"27-09-20.0000N","LONGITUDE":"080-41-30.0000W","ELEVATION":19,"ICAO_ID":" ","TYPE_CODE":"AD","SERVCITY":"OKEECHOBEE","STATE":"FL","COUNTRY":"UNITED STATES","OPERSTATUS":"OPERATIONAL","PRIVATEUSE":1,"IAPEXISTS":0,"DODHIFLIP":0,"FAR91":0,"FAR93":0,"MIL_CODE":"CIVIL","AIRANAL":"CONDITIONAL","US_HIGH":0,"US_LOW":0,"AK_HIGH":0,"AK_LOW":0,"US_AREA":0,"PACIFIC":0}},{"type":"Feature","id":524,"geometry":{"type":"Point","coordinates":[-80.81528069132537,27.580282901456826]},"properties":{"FID":524,"OBJECTID":3298,"GLOBAL_ID":"9A50169C-01F3-4EB0-BF7B-356E6B245F1E","IDENT":"83FD","NAME":"Lake Montaza","LATITUDE":"27-34-49.0000N","LONGITUDE":"080-48-55.0000W","ELEVATION":52,"ICAO_ID":" ","TYPE_CODE":"AD","SERVCITY":"OKEECHOBEE","STATE":"FL","COUNTRY":"UNITED STATES","OPERSTATUS":"OPERATIONAL","PRIVATEUSE":1,"IAPEXISTS":0,"DODHIFLIP":0,"FAR91":0,"FAR93":0,"MIL_CODE":"CIVIL","AIRANAL":"CONDITIONAL","US_HIGH":0,"US_LOW":0,"AK_HIGH":0,"AK_LOW":0,"US_AREA":0,"PACIFIC":0}},{"type":"Feature","id":525,"geometry":{"type":"Point","coordinates":[-80.684848836258936,27.21584309271924]},"properties":{"FID":525,"OBJECTID":3299,"GLOBAL_ID":"DC46FD24-E38F-42EE-99FE-9F29CFAC2A9D","IDENT":"15FA","NAME":"Amistad Ranch","LATITUDE":"27-12-57.0170N","LONGITUDE":"080-41-05.4455W","ELEVATION":41,"ICAO_ID":" ","TYPE_CODE":"HP","SERVCITY":"OKEECHOBEE","STATE":"FL","COUNTRY":"UNITED STATES","OPERSTATUS":"OPERATIONAL","PRIVATEUSE":1,"IAPEXISTS":0,"DODHIFLIP":0,"FAR91":0,"FAR93":0,"MIL_CODE":"CIVIL","AIRANAL":"CONDITIONAL","US_HIGH":0,"US_LOW":0,"AK_HIGH":0,"AK_LOW":0,"US_AREA":0,"PACIFIC":0}},{"type":"Feature","id":526,"geometry":{"type":"Point","coordinates":[-80.76089511279514,27.361158959809643]},"properties":{"FID":526,"OBJECTID":3300,"GLOBAL_ID":"29D7306F-ECFE-426C-824C-8F4939511889","IDENT":"90FL","NAME":"Paxton","LATITUDE":"27-21-40.1540N","LONGITUDE":"080-45-39.2120W","ELEVATION":66,"ICAO_ID":" ","TYPE_CODE":"AD","SERVCITY":"OKEECHOBEE","STATE":"FL","COUNTRY":"UNITED STATES","OPERSTATUS":"OPERATIONAL","PRIVATEUSE":1,"IAPEXISTS":0,"DODHIFLIP":0,"FAR91":0,"FAR93":0,"MIL_CODE":"CIVIL","AIRANAL":"CONDITIONAL","US_HIGH":0,"US_LOW":0,"AK_HIGH":0,"AK_LOW":0,"US_AREA":0,"PACIFIC":0}},{"type":"Feature","id":527,"geometry":{"type":"Point","coordinates":[-81.144233319683281,28.589448971893376]},"properties":{"FID":527,"OBJECTID":3301,"GLOBAL_ID":"3AE74E46-FE38-404E-BF06-674A060ECA50","IDENT":"01FA","NAME":"Rybolt Ranch","LATITUDE":"28-35-21.9970N","LONGITUDE":"081-08-39.2290W","ELEVATION":55,"ICAO_ID":" ","TYPE_CODE":"AD","SERVCITY":"ORLANDO","STATE":"FL","COUNTRY":"UNITED STATES","OPERSTATUS":"OPERATIONAL","PRIVATEUSE":1,"IAPEXISTS":0,"DODHIFLIP":0,"FAR91":0,"FAR93":0,"MIL_CODE":"CIVIL","AIRANAL":"CONDITIONAL","US_HIGH":0,"US_LOW":0,"AK_HIGH":0,"AK_LOW":0,"US_AREA":0,"PACIFIC":0}},{"type":"Feature","id":528,"geometry":{"type":"Point","coordinates":[-81.474692021746478,28.435321982082826]},"properties":{"FID":528,"OBJECTID":3302,"GLOBAL_ID":"989D6A5A-790F-4921-91A2-0C11FF4F226B","IDENT":"2FD7","NAME":"Orlando Heli Tours","LATITUDE":"28-26-07.1400N","LONGITUDE":"081-28-28.8800W","ELEVATION":120,"ICAO_ID":" ","TYPE_CODE":"HP","SERVCITY":"ORLANDO","STATE":"FL","COUNTRY":"UNITED STATES","OPERSTATUS":"OPERATIONAL","PRIVATEUSE":1,"IAPEXISTS":0,"DODHIFLIP":0,"FAR91":0,"FAR93":0,"MIL_CODE":"CIVIL","AIRANAL":"CONDITIONAL","US_HIGH":0,"US_LOW":0,"AK_HIGH":0,"AK_LOW":0,"US_AREA":0,"PACIFIC":0}},{"type":"Feature","id":529,"geometry":{"type":"Point","coordinates":[-81.377017274336481,28.525285617329985]},"properties":{"FID":529,"OBJECTID":3303,"GLOBAL_ID":"64119D4D-5725-47C3-B3F7-8DC74659A8A5","IDENT":"FD28","NAME":"Orlando Rgnl Medical Center","LATITUDE":"28-31-31.0090N","LONGITUDE":"081-22-37.2510W","ELEVATION":157,"ICAO_ID":" ","TYPE_CODE":"HP","SERVCITY":"ORLANDO","STATE":"FL","COUNTRY":"UNITED STATES","OPERSTATUS":"OPERATIONAL","PRIVATEUSE":1,"IAPEXISTS":0,"DODHIFLIP":0,"FAR91":0,"FAR93":0,"MIL_CODE":"CIVIL","AIRANAL":"CONDITIONAL","US_HIGH":0,"US_LOW":0,"AK_HIGH":0,"AK_LOW":0,"US_AREA":0,"PACIFIC":0}},{"type":"Feature","id":530,"geometry":{"type":"Point","coordinates":[-81.280836412852807,28.540755345575064]},"properties":{"FID":530,"OBJECTID":3304,"GLOBAL_ID":"7ADDF722-EBC3-4172-B774-52F6B96B2122","IDENT":"FD36","NAME":"Advent Health East Orlando","LATITUDE":"28-32-26.7000N","LONGITUDE":"081-16-51.0000W","ELEVATION":113,"ICAO_ID":" ","TYPE_CODE":"HP","SERVCITY":"ORLANDO","STATE":"FL","COUNTRY":"UNITED STATES","OPERSTATUS":"OPERATIONAL","PRIVATEUSE":1,"IAPEXISTS":0,"DODHIFLIP":0,"FAR91":0,"FAR93":0,"MIL_CODE":"CIVIL","AIRANAL":"CONDITIONAL","US_HIGH":0,"US_LOW":0,"AK_HIGH":0,"AK_LOW":0,"US_AREA":0,"PACIFIC":0}},{"type":"Feature","id":531,"geometry":{"type":"Point","coordinates":[-81.477297300280895,28.42862253539829]},"properties":{"FID":531,"OBJECTID":3305,"GLOBAL_ID":"F3A1FE18-EF36-496C-A2F8-CC637D8261E8","IDENT":"FD99","NAME":"Dr P Phillips Hospital","LATITUDE":"28-25-43.0220N","LONGITUDE":"081-28-38.2590W","ELEVATION":98,"ICAO_ID":" ","TYPE_CODE":"HP","SERVCITY":"ORLANDO","STATE":"FL","COUNTRY":"UNITED STATES","OPERSTATUS":"OPERATIONAL","PRIVATEUSE":1,"IAPEXISTS":0,"DODHIFLIP":0,"FAR91":0,"FAR93":0,"MIL_CODE":"CIVIL","AIRANAL":"CONDITIONAL","US_HIGH":0,"US_LOW":0,"AK_HIGH":0,"AK_LOW":0,"US_AREA":0,"PACIFIC":0}},{"type":"Feature","id":532,"geometry":{"type":"Point","coordinates":[-81.48861424626017,28.389171970581458]},"properties":{"FID":532,"OBJECTID":3306,"GLOBAL_ID":"37D309A4-FC55-4F10-897F-D5D46C5FB8CE","IDENT":"7FA5","NAME":"Premium","LATITUDE":"28-23-21.0000N","LONGITUDE":"081-29-19.0000W","ELEVATION":128,"ICAO_ID":" ","TYPE_CODE":"HP","SERVCITY":"ORLANDO","STATE":"FL","COUNTRY":"UNITED STATES","OPERSTATUS":"OPERATIONAL","PRIVATEUSE":1,"IAPEXISTS":0,"DODHIFLIP":0,"FAR91":0,"FAR93":0,"MIL_CODE":"CIVIL","AIRANAL":"CONDITIONAL","US_HIGH":0,"US_LOW":0,"AK_HIGH":0,"AK_LOW":0,"US_AREA":0,"PACIFIC":0}},{"type":"Feature","id":533,"geometry":{"type":"Point","coordinates":[-81.380194775188954,28.52312756072655]},"properties":{"FID":533,"OBJECTID":3307,"GLOBAL_ID":"20DB6BF8-20DA-48F0-9768-6EDE6DCE51DD","IDENT":"3FD5","NAME":"Arnold Palmer Hospital","LATITUDE":"28-31-23.2400N","LONGITUDE":"081-22-48.6900W","ELEVATION":150,"ICAO_ID":" ","TYPE_CODE":"HP","SERVCITY":"ORLANDO","STATE":"FL","COUNTRY":"UNITED STATES","OPERSTATUS":"OPERATIONAL","PRIVATEUSE":1,"IAPEXISTS":0,"DODHIFLIP":0,"FAR91":0,"FAR93":0,"MIL_CODE":"CIVIL","AIRANAL":"CONDITIONAL","US_HIGH":0,"US_LOW":0,"AK_HIGH":0,"AK_LOW":0,"US_AREA":0,"PACIFIC":0}},{"type":"Feature","id":534,"geometry":{"type":"Point","coordinates":[-81.480908693693777,28.52917478154842]},"properties":{"FID":534,"OBJECTID":3308,"GLOBAL_ID":"F7FF8EEF-B638-4397-97ED-8A7C2BCEF175","IDENT":"89FL","NAME":"Lake Hiawassee","LATITUDE":"28-31-45.0100N","LONGITUDE":"081-28-51.2600W","ELEVATION":70,"ICAO_ID":" ","TYPE_CODE":"SP","SERVCITY":"ORLANDO","STATE":"FL","COUNTRY":"UNITED STATES","OPERSTATUS":"OPERATIONAL","PRIVATEUSE":1,"IAPEXISTS":0,"DODHIFLIP":0,"FAR91":0,"FAR93":0,"MIL_CODE":"CIVIL","AIRANAL":"CONDITIONAL","US_HIGH":0,"US_LOW":0,"AK_HIGH":0,"AK_LOW":0,"US_AREA":0,"PACIFIC":0}},{"type":"Feature","id":535,"geometry":{"type":"Point","coordinates":[-81.419892011127672,28.594088687782516]},"properties":{"FID":535,"OBJECTID":3309,"GLOBAL_ID":"F0B6B401-7045-4380-A138-7C16AD7C19C2","IDENT":"0FL7","NAME":"Wkmg-Tv","LATITUDE":"28-35-38.7000N","LONGITUDE":"081-25-11.6000W","ELEVATION":98.799999999999997,"ICAO_ID":" ","TYPE_CODE":"HP","SERVCITY":"ORLANDO","STATE":"FL","COUNTRY":"UNITED STATES","OPERSTATUS":"OPERATIONAL","PRIVATEUSE":1,"IAPEXISTS":0,"DODHIFLIP":0,"FAR91":0,"FAR93":0,"MIL_CODE":"CIVIL","AIRANAL":"CONDITIONAL","US_HIGH":0,"US_LOW":0,"AK_HIGH":0,"AK_LOW":0,"US_AREA":0,"PACIFIC":0}},{"type":"Feature","id":536,"geometry":{"type":"Point","coordinates":[-81.403892006427498,28.592783132888655]},"properties":{"FID":536,"OBJECTID":3310,"GLOBAL_ID":"9E1201A0-8C23-4D7E-BCAA-50949069B1FE","IDENT":"12FL","NAME":"Timberlachen","LATITUDE":"28-35-34.0000N","LONGITUDE":"081-24-14.0000W","ELEVATION":89,"ICAO_ID":" ","TYPE_CODE":"SP","SERVCITY":"ORLANDO","STATE":"FL","COUNTRY":"UNITED STATES","OPERSTATUS":"OPERATIONAL","PRIVATEUSE":1,"IAPEXISTS":0,"DODHIFLIP":0,"FAR91":0,"FAR93":0,"MIL_CODE":"CIVIL","AIRANAL":"CONDITIONAL","US_HIGH":0,"US_LOW":0,"AK_HIGH":0,"AK_LOW":0,"US_AREA":0,"PACIFIC":0}},{"type":"Feature","id":537,"geometry":{"type":"Point","coordinates":[-80.693363965182982,26.785032707561811]},"properties":{"FID":537,"OBJECTID":3311,"GLOBAL_ID":"87935733-37B5-4B87-8F86-16495C98F29D","IDENT":"PHK","NAME":"Palm Beach County Glades","LATITUDE":"26-47-06.1000N","LONGITUDE":"080-41-36.1000W","ELEVATION":15.9,"ICAO_ID":"KPHK","TYPE_CODE":"AD","SERVCITY":"PAHOKEE","STATE":"FL","COUNTRY":"UNITED STATES","OPERSTATUS":"OPERATIONAL","PRIVATEUSE":0,"IAPEXISTS":1,"DODHIFLIP":0,"FAR91":0,"FAR93":0,"MIL_CODE":"CIVIL","AIRANAL":"NO OBJECTION","US_HIGH":0,"US_LOW":1,"AK_HIGH":0,"AK_LOW":0,"US_AREA":0,"PACIFIC":0}},{"type":"Feature","id":538,"geometry":{"type":"Point","coordinates":[-81.69012073835512,29.658005601039065]},"properties":{"FID":538,"OBJECTID":3312,"GLOBAL_ID":"01FE166C-1DA8-4432-A291-F436F77C0236","IDENT":"28J","NAME":"Palatka Muni/Lt Kay Larkin Fld","LATITUDE":"29-39-28.8000N","LONGITUDE":"081-41-24.4230W","ELEVATION":47.799999999999997,"ICAO_ID":" ","TYPE_CODE":"AD","SERVCITY":"PALATKA","STATE":"FL","COUNTRY":"UNITED STATES","OPERSTATUS":"OPERATIONAL","PRIVATEUSE":0,"IAPEXISTS":1,"DODHIFLIP":0,"FAR91":0,"FAR93":0,"MIL_CODE":"CIVIL","AIRANAL":"NO OBJECTION","US_HIGH":1,"US_LOW":1,"AK_HIGH":0,"AK_LOW":0,"US_AREA":0,"PACIFIC":0}},{"type":"Feature","id":539,"geometry":{"type":"Point","coordinates":[-81.692908794632274,29.643544486547398]},"properties":{"FID":539,"OBJECTID":3313,"GLOBAL_ID":"9FBBE12B-8F2A-4184-ABBD-17FBE01CB7FE","IDENT":"30FL","NAME":"Hca Florida Putnam Hospital","LATITUDE":"29-38-36.7400N","LONGITUDE":"081-41-34.4600W","ELEVATION":59,"ICAO_ID":" ","TYPE_CODE":"HP","SERVCITY":"PALATKA","STATE":"FL","COUNTRY":"UNITED STATES","OPERSTATUS":"OPERATIONAL","PRIVATEUSE":1,"IAPEXISTS":0,"DODHIFLIP":0,"FAR91":0,"FAR93":0,"MIL_CODE":"CIVIL","AIRANAL":"OBJECTIONABLE","US_HIGH":0,"US_LOW":0,"AK_HIGH":0,"AK_LOW":0,"US_AREA":0,"PACIFIC":0}},{"type":"Feature","id":540,"geometry":{"type":"Point","coordinates":[-80.61194730865418,27.92389410174718]},"properties":{"FID":540,"OBJECTID":3314,"GLOBAL_ID":"590EA006-E409-441B-806D-843024A132F8","IDENT":"2FL7","NAME":"Porta Target","LATITUDE":"27-55-26.0000N","LONGITUDE":"080-36-43.0000W","ELEVATION":28,"ICAO_ID":" ","TYPE_CODE":"HP","SERVCITY":"PALM BAY","STATE":"FL","COUNTRY":"UNITED STATES","OPERSTATUS":"OPERATIONAL","PRIVATEUSE":1,"IAPEXISTS":0,"DODHIFLIP":0,"FAR91":0,"FAR93":0,"MIL_CODE":"CIVIL","AIRANAL":"CONDITIONAL","US_HIGH":0,"US_LOW":0,"AK_HIGH":0,"AK_LOW":0,"US_AREA":0,"PACIFIC":0}},{"type":"Feature","id":541,"geometry":{"type":"Point","coordinates":[-80.143413805781051,26.830279953506135]},"properties":{"FID":541,"OBJECTID":3315,"GLOBAL_ID":"78E9785A-0412-4F7C-B921-37DE3E78CC66","IDENT":"1FD7","NAME":"Pga Ntl","LATITUDE":"26-49-48.9900N","LONGITUDE":"080-08-36.2800W","ELEVATION":19,"ICAO_ID":" ","TYPE_CODE":"HP","SERVCITY":"PALM BEACH GARDENS","STATE":"FL","COUNTRY":"UNITED STATES","OPERSTATUS":"OPERATIONAL","PRIVATEUSE":1,"IAPEXISTS":0,"DODHIFLIP":0,"FAR91":0,"FAR93":0,"MIL_CODE":"CIVIL","AIRANAL":"CONDITIONAL","US_HIGH":0,"US_LOW":0,"AK_HIGH":0,"AK_LOW":0,"US_AREA":0,"PACIFIC":0}},{"type":"Feature","id":542,"geometry":{"type":"Point","coordinates":[-80.085372121743831,26.828696621444237]},"properties":{"FID":542,"OBJECTID":3316,"GLOBAL_ID":"F77FEABF-0DF8-4E8A-8690-BFD7DDFB3B56","IDENT":"87FD","NAME":"Palm Beach Gardens Medical Center","LATITUDE":"26-49-43.2900N","LONGITUDE":"080-05-07.3300W","ELEVATION":14,"ICAO_ID":" ","TYPE_CODE":"HP","SERVCITY":"PALM BEACH GARDENS","STATE":"FL","COUNTRY":"UNITED STATES","OPERSTATUS":"OPERATIONAL","PRIVATEUSE":1,"IAPEXISTS":0,"DODHIFLIP":0,"FAR91":0,"FAR93":0,"MIL_CODE":"CIVIL","AIRANAL":"CONDITIONAL","US_HIGH":0,"US_LOW":0,"AK_HIGH":0,"AK_LOW":0,"US_AREA":0,"PACIFIC":0}},{"type":"Feature","id":543,"geometry":{"type":"Point","coordinates":[-81.191669753522831,29.478894461549999]},"properties":{"FID":543,"OBJECTID":3317,"GLOBAL_ID":"55685CDB-30CC-4AD7-BE23-3210BE144AB7","IDENT":"61FD","NAME":"Advent Health Palm Coast","LATITUDE":"29-28-44.0000N","LONGITUDE":"081-11-30.0000W","ELEVATION":25,"ICAO_ID":" ","TYPE_CODE":"HP","SERVCITY":"PALM COAST","STATE":"FL","COUNTRY":"UNITED STATES","OPERSTATUS":"OPERATIONAL","PRIVATEUSE":1,"IAPEXISTS":0,"DODHIFLIP":0,"FAR91":0,"FAR93":0,"MIL_CODE":"CIVIL","AIRANAL":"CONDITIONAL","US_HIGH":0,"US_LOW":0,"AK_HIGH":0,"AK_LOW":0,"US_AREA":0,"PACIFIC":0}},{"type":"Feature","id":544,"geometry":{"type":"Point","coordinates":[-81.207651423691402,29.465156679844199]},"properties":{"FID":544,"OBJECTID":3318,"GLOBAL_ID":"072A2452-D42A-46E1-B23B-5A536D7F4E96","IDENT":"FIN","NAME":"Flagler Exec","LATITUDE":"29-27-54.5440N","LONGITUDE":"081-12-27.5340W","ELEVATION":33.100000000000001,"ICAO_ID":"KFIN","TYPE_CODE":"AD","SERVCITY":"PALM COAST","STATE":"FL","COUNTRY":"UNITED STATES","OPERSTATUS":"OPERATIONAL","PRIVATEUSE":0,"IAPEXISTS":1,"DODHIFLIP":0,"FAR91":0,"FAR93":0,"MIL_CODE":"CIVIL","AIRANAL":"NOT ANALYZED","US_HIGH":1,"US_LOW":1,"AK_HIGH":0,"AK_LOW":0,"US_AREA":0,"PACIFIC":0}},{"type":"Feature","id":545,"geometry":{"type":"Point","coordinates":[-82.519920076765857,27.64260231859987]},"properties":{"FID":545,"OBJECTID":3319,"GLOBAL_ID":"34ED0A2B-B9EB-4CEA-B672-47D856F03508","IDENT":"48X","NAME":"Manatee","LATITUDE":"27-38-33.3500N","LONGITUDE":"082-31-11.7000W","ELEVATION":27,"ICAO_ID":" ","TYPE_CODE":"AD","SERVCITY":"PALMETTO","STATE":"FL","COUNTRY":"UNITED STATES","OPERSTATUS":"OPERATIONAL","PRIVATEUSE":0,"IAPEXISTS":0,"DODHIFLIP":0,"FAR91":0,"FAR93":0,"MIL_CODE":"CIVIL","AIRANAL":"CONDITIONAL","US_HIGH":0,"US_LOW":0,"AK_HIGH":0,"AK_LOW":0,"US_AREA":0,"PACIFIC":0}},{"type":"Feature","id":546,"geometry":{"type":"Point","coordinates":[-84.395395698175093,29.98946115549353]},"properties":{"FID":546,"OBJECTID":3320,"GLOBAL_ID":"AC3368A9-2EBD-42FB-A6D5-DE0CDCB93598","IDENT":"2J0","NAME":"Wakulla County","LATITUDE":"29-59-22.0400N","LONGITUDE":"084-23-43.4100W","ELEVATION":11,"ICAO_ID":" ","TYPE_CODE":"AD","SERVCITY":"PANACEA","STATE":"FL","COUNTRY":"UNITED STATES","OPERSTATUS":"OPERATIONAL","PRIVATEUSE":0,"IAPEXISTS":0,"DODHIFLIP":0,"FAR91":0,"FAR93":0,"MIL_CODE":"CIVIL","AIRANAL":"CONDITIONAL","US_HIGH":0,"US_LOW":0,"AK_HIGH":0,"AK_LOW":0,"US_AREA":0,"PACIFIC":0}},{"type":"Feature","id":547,"geometry":{"type":"Point","coordinates":[-85.574991952723735,30.069055887826096]},"properties":{"FID":547,"OBJECTID":3321,"GLOBAL_ID":"9907F7DB-7C4F-4CB6-98FA-F0462EE27DE9","IDENT":"PAM","NAME":"Tyndall AFB","LATITUDE":"30-04-08.5811N","LONGITUDE":"085-34-29.9553W","ELEVATION":17.100000000000001,"ICAO_ID":"KPAM","TYPE_CODE":"AD","SERVCITY":"PANAMA CITY","STATE":"FL","COUNTRY":"UNITED STATES","OPERSTATUS":"OPERATIONAL","PRIVATEUSE":1,"IAPEXISTS":0,"DODHIFLIP":1,"FAR91":0,"FAR93":0,"MIL_CODE":"MIL","AIRANAL":"NOT ANALYZED","US_HIGH":1,"US_LOW":1,"AK_HIGH":0,"AK_LOW":0,"US_AREA":0,"PACIFIC":0}},{"type":"Feature","id":548,"geometry":{"type":"Point","coordinates":[-85.752504424262497,30.1751722674029]},"properties":{"FID":548,"OBJECTID":3322,"GLOBAL_ID":"74B0F4F8-6158-43BC-847D-D7AE9771EE7E","IDENT":"NBV","NAME":"Naval Surface Warfare Center Panama City","LATITUDE":"30-10-30.6000N","LONGITUDE":"085-45-09.0000W","ELEVATION":10,"ICAO_ID":"KNBV","TYPE_CODE":"HP","SERVCITY":"PANAMA CITY","STATE":"FL","COUNTRY":"UNITED STATES","OPERSTATUS":"OPERATIONAL","PRIVATEUSE":1,"IAPEXISTS":0,"DODHIFLIP":0,"FAR91":0,"FAR93":0,"MIL_CODE":"MIL","AIRANAL":"NOT ANALYZED","US_HIGH":0,"US_LOW":0,"AK_HIGH":0,"AK_LOW":0,"US_AREA":0,"PACIFIC":0}},{"type":"Feature","id":549,"geometry":{"type":"Point","coordinates":[-80.311163832313127,26.013107522425742]},"properties":{"FID":549,"OBJECTID":3323,"GLOBAL_ID":"76B14283-0BCC-477A-8BAC-3B4C9E94B023","IDENT":"FA21","NAME":"Meml Hospital West Helistop","LATITUDE":"26-00-47.1700N","LONGITUDE":"080-18-40.1800W","ELEVATION":12,"ICAO_ID":" ","TYPE_CODE":"HP","SERVCITY":"PEMBROKE PINES","STATE":"FL","COUNTRY":"UNITED STATES","OPERSTATUS":"OPERATIONAL","PRIVATEUSE":1,"IAPEXISTS":0,"DODHIFLIP":0,"FAR91":0,"FAR93":0,"MIL_CODE":"CIVIL","AIRANAL":"CONDITIONAL","US_HIGH":0,"US_LOW":0,"AK_HIGH":0,"AK_LOW":0,"US_AREA":0,"PACIFIC":0}},{"type":"Feature","id":550,"geometry":{"type":"Point","coordinates":[-87.212171514021065,30.474488954261233]},"properties":{"FID":550,"OBJECTID":3324,"GLOBAL_ID":"B2EC6685-518D-4E2C-9628-B602CA739CB2","IDENT":"9FD1","NAME":"Sacred Heart Hospital","LATITUDE":"30-28-28.1400N","LONGITUDE":"087-12-43.8000W","ELEVATION":94,"ICAO_ID":" ","TYPE_CODE":"HP","SERVCITY":"PENSACOLA","STATE":"FL","COUNTRY":"UNITED STATES","OPERSTATUS":"OPERATIONAL","PRIVATEUSE":1,"IAPEXISTS":0,"DODHIFLIP":0,"FAR91":0,"FAR93":0,"MIL_CODE":"CIVIL","AIRANAL":"CONDITIONAL","US_HIGH":0,"US_LOW":0,"AK_HIGH":0,"AK_LOW":0,"US_AREA":0,"PACIFIC":0}},{"type":"Feature","id":551,"geometry":{"type":"Point","coordinates":[-87.349009048937944,30.398281988914505]},"properties":{"FID":551,"OBJECTID":3325,"GLOBAL_ID":"B8F7BBB1-3EAC-4D2C-8C0D-C1504DA48C00","IDENT":"82J","NAME":"Roscoe Fld","LATITUDE":"30-23-53.7950N","LONGITUDE":"087-20-56.4150W","ELEVATION":32,"ICAO_ID":" ","TYPE_CODE":"AD","SERVCITY":"PENSACOLA","STATE":"FL","COUNTRY":"UNITED STATES","OPERSTATUS":"OPERATIONAL","PRIVATEUSE":0,"IAPEXISTS":0,"DODHIFLIP":0,"FAR91":0,"FAR93":0,"MIL_CODE":"CIVIL","AIRANAL":"NOT ANALYZED","US_HIGH":0,"US_LOW":1,"AK_HIGH":0,"AK_LOW":0,"US_AREA":0,"PACIFIC":0}},{"type":"Feature","id":552,"geometry":{"type":"Point","coordinates":[-87.231086794361772,30.429369777625823]},"properties":{"FID":552,"OBJECTID":3326,"GLOBAL_ID":"5ACDE6B6-F343-41BA-A7A5-A93A0C61D2E5","IDENT":"FL85","NAME":"Baptist Hospital","LATITUDE":"30-25-45.7110N","LONGITUDE":"087-13-51.8950W","ELEVATION":115,"ICAO_ID":" ","TYPE_CODE":"HP","SERVCITY":"PENSACOLA","STATE":"FL","COUNTRY":"UNITED STATES","OPERSTATUS":"OPERATIONAL","PRIVATEUSE":1,"IAPEXISTS":0,"DODHIFLIP":0,"FAR91":0,"FAR93":0,"MIL_CODE":"CIVIL","AIRANAL":"CONDITIONAL","US_HIGH":0,"US_LOW":0,"AK_HIGH":0,"AK_LOW":0,"US_AREA":0,"PACIFIC":0}},{"type":"Feature","id":553,"geometry":{"type":"Point","coordinates":[-87.219682628935971,30.516544519354738]},"properties":{"FID":553,"OBJECTID":3327,"GLOBAL_ID":"2FB2D011-27B2-4B20-ABB9-4988DDAFC8BD","IDENT":"FL24","NAME":"Hca Florida West Hospital","LATITUDE":"30-30-59.5400N","LONGITUDE":"087-13-10.8400W","ELEVATION":100,"ICAO_ID":" ","TYPE_CODE":"HP","SERVCITY":"PENSACOLA","STATE":"FL","COUNTRY":"UNITED STATES","OPERSTATUS":"OPERATIONAL","PRIVATEUSE":1,"IAPEXISTS":0,"DODHIFLIP":0,"FAR91":0,"FAR93":0,"MIL_CODE":"CIVIL","AIRANAL":"CONDITIONAL","US_HIGH":0,"US_LOW":0,"AK_HIGH":0,"AK_LOW":0,"US_AREA":0,"PACIFIC":0}},{"type":"Feature","id":554,"geometry":{"type":"Point","coordinates":[-87.186615950835971,30.473422288850998]},"properties":{"FID":554,"OBJECTID":3328,"GLOBAL_ID":"FA711E9A-0B3C-4A00-8532-8B16EECA8B27","IDENT":"PNS","NAME":"Pensacola Intl","LATITUDE":"30-28-24.3000N","LONGITUDE":"087-11-11.8000W","ELEVATION":120.90000000000001,"ICAO_ID":"KPNS","TYPE_CODE":"AD","SERVCITY":"PENSACOLA","STATE":"FL","COUNTRY":"UNITED STATES","OPERSTATUS":"OPERATIONAL","PRIVATEUSE":0,"IAPEXISTS":1,"DODHIFLIP":0,"FAR91":0,"FAR93":0,"MIL_CODE":"CIVIL","AIRANAL":"NO OBJECTION","US_HIGH":1,"US_LOW":1,"AK_HIGH":0,"AK_LOW":0,"US_AREA":0,"PACIFIC":0}},{"type":"Feature","id":555,"geometry":{"type":"Point","coordinates":[-87.317976010353448,30.353278340912027]},"properties":{"FID":555,"OBJECTID":3329,"GLOBAL_ID":"0BA8C641-B92A-40B8-9855-18D796C0DE68","IDENT":"NPA","NAME":"Pensacola NAS (Forrest Sherman Fld)","LATITUDE":"30-21-11.7819N","LONGITUDE":"087-19-04.6961W","ELEVATION":28.199999999999999,"ICAO_ID":"KNPA","TYPE_CODE":"AD","SERVCITY":"PENSACOLA","STATE":"FL","COUNTRY":"UNITED STATES","OPERSTATUS":"OPERATIONAL","PRIVATEUSE":1,"IAPEXISTS":0,"DODHIFLIP":1,"FAR91":0,"FAR93":0,"MIL_CODE":"MIL","AIRANAL":"NOT ANALYZED","US_HIGH":1,"US_LOW":1,"AK_HIGH":0,"AK_LOW":0,"US_AREA":0,"PACIFIC":0}},{"type":"Feature","id":556,"geometry":{"type":"Point","coordinates":[-83.581547690216098,30.0708181425926]},"properties":{"FID":556,"OBJECTID":3330,"GLOBAL_ID":"2A79B1DC-8245-4ACC-9A23-456921D1CF10","IDENT":"FPY","NAME":"Perry-Foley","LATITUDE":"30-04-14.9250N","LONGITUDE":"083-34-53.5580W","ELEVATION":44.299999999999997,"ICAO_ID":"KFPY","TYPE_CODE":"AD","SERVCITY":"PERRY","STATE":"FL","COUNTRY":"UNITED STATES","OPERSTATUS":"OPERATIONAL","PRIVATEUSE":0,"IAPEXISTS":1,"DODHIFLIP":0,"FAR91":0,"FAR93":0,"MIL_CODE":"CIVIL","AIRANAL":"NOT ANALYZED","US_HIGH":1,"US_LOW":1,"AK_HIGH":0,"AK_LOW":0,"US_AREA":0,"PACIFIC":0}},{"type":"Feature","id":557,"geometry":{"type":"Point","coordinates":[-83.551312127908375,30.13118065743123]},"properties":{"FID":557,"OBJECTID":3331,"GLOBAL_ID":"7E00376D-F133-4748-BE3F-952CAFA1730A","IDENT":"FA29","NAME":"Lumar Fld","LATITUDE":"30-07-52.2300N","LONGITUDE":"083-33-04.7100W","ELEVATION":65,"ICAO_ID":" ","TYPE_CODE":"AD","SERVCITY":"PERRY","STATE":"FL","COUNTRY":"UNITED STATES","OPERSTATUS":"OPERATIONAL","PRIVATEUSE":1,"IAPEXISTS":0,"DODHIFLIP":0,"FAR91":0,"FAR93":0,"MIL_CODE":"CIVIL","AIRANAL":"CONDITIONAL","US_HIGH":0,"US_LOW":0,"AK_HIGH":0,"AK_LOW":0,"US_AREA":0,"PACIFIC":0}},{"type":"Feature","id":558,"geometry":{"type":"Point","coordinates":[-83.450281542750417,30.103338987018503]},"properties":{"FID":558,"OBJECTID":3332,"GLOBAL_ID":"AB6CCA21-37A2-4068-B9CC-78737C5B8083","IDENT":"FA32","NAME":"Circle P","LATITUDE":"30-06-12.0000N","LONGITUDE":"083-27-01.0000W","ELEVATION":83,"ICAO_ID":" ","TYPE_CODE":"AD","SERVCITY":"PERRY","STATE":"FL","COUNTRY":"UNITED STATES","OPERSTATUS":"INDEFINITE","PRIVATEUSE":1,"IAPEXISTS":0,"DODHIFLIP":0,"FAR91":0,"FAR93":0,"MIL_CODE":"CIVIL","AIRANAL":"CONDITIONAL","US_HIGH":0,"US_LOW":0,"AK_HIGH":0,"AK_LOW":0,"US_AREA":0,"PACIFIC":0}},{"type":"Feature","id":559,"geometry":{"type":"Point","coordinates":[-83.592735612364265,30.119758736556662]},"properties":{"FID":559,"OBJECTID":3333,"GLOBAL_ID":"3D03A986-0EB3-4175-BDD1-5DE31BCE706F","IDENT":"0FA2","NAME":"Doctors Meml Hospital #2","LATITUDE":"30-07-11.1111N","LONGITUDE":"083-35-33.8345W","ELEVATION":57,"ICAO_ID":" ","TYPE_CODE":"HP","SERVCITY":"PERRY","STATE":"FL","COUNTRY":"UNITED STATES","OPERSTATUS":"OPERATIONAL","PRIVATEUSE":1,"IAPEXISTS":0,"DODHIFLIP":0,"FAR91":0,"FAR93":0,"MIL_CODE":"CIVIL","AIRANAL":"CONDITIONAL","US_HIGH":0,"US_LOW":0,"AK_HIGH":0,"AK_LOW":0,"US_AREA":0,"PACIFIC":0}},{"type":"Feature","id":560,"geometry":{"type":"Point","coordinates":[-81.459336489357668,29.250033288756754]},"properties":{"FID":560,"OBJECTID":3334,"GLOBAL_ID":"9F767D35-E68C-42A4-AC69-8E4CEA10E267","IDENT":"2J8","NAME":"Pierson Muni","LATITUDE":"29-15-00.1000N","LONGITUDE":"081-27-33.6000W","ELEVATION":63,"ICAO_ID":" ","TYPE_CODE":"AD","SERVCITY":"PIERSON","STATE":"FL","COUNTRY":"UNITED STATES","OPERSTATUS":"OPERATIONAL","PRIVATEUSE":0,"IAPEXISTS":0,"DODHIFLIP":0,"FAR91":0,"FAR93":0,"MIL_CODE":"CIVIL","AIRANAL":"NOT ANALYZED","US_HIGH":0,"US_LOW":0,"AK_HIGH":0,"AK_LOW":0,"US_AREA":0,"PACIFIC":0}},{"type":"Feature","id":561,"geometry":{"type":"Point","coordinates":[-82.689359022048109,27.875896815783165]},"properties":{"FID":561,"OBJECTID":3335,"GLOBAL_ID":"EA864B76-45AB-4312-979D-9D7C064940FB","IDENT":"95FL","NAME":"Pinellas County Mosquito Control","LATITUDE":"27-52-33.2100N","LONGITUDE":"082-41-21.6800W","ELEVATION":10,"ICAO_ID":" ","TYPE_CODE":"HP","SERVCITY":"PINELLAS PARK","STATE":"FL","COUNTRY":"UNITED STATES","OPERSTATUS":"OPERATIONAL","PRIVATEUSE":1,"IAPEXISTS":0,"DODHIFLIP":0,"FAR91":0,"FAR93":0,"MIL_CODE":"CIVIL","AIRANAL":"CONDITIONAL","US_HIGH":0,"US_LOW":0,"AK_HIGH":0,"AK_LOW":0,"US_AREA":0,"PACIFIC":0}},{"type":"Feature","id":562,"geometry":{"type":"Point","coordinates":[-82.252606086690662,26.853746577296761]},"properties":{"FID":562,"OBJECTID":3336,"GLOBAL_ID":"BD7C3202-ED8E-4504-87AC-8F8AB3A2FDBE","IDENT":"FA54","NAME":"Coral Creek","LATITUDE":"26-51-13.4700N","LONGITUDE":"082-15-09.3700W","ELEVATION":7,"ICAO_ID":" ","TYPE_CODE":"AD","SERVCITY":"PLACIDA","STATE":"FL","COUNTRY":"UNITED STATES","OPERSTATUS":"OPERATIONAL","PRIVATEUSE":1,"IAPEXISTS":0,"DODHIFLIP":0,"FAR91":0,"FAR93":0,"MIL_CODE":"CIVIL","AIRANAL":"CONDITIONAL","US_HIGH":1,"US_LOW":1,"AK_HIGH":0,"AK_LOW":0,"US_AREA":0,"PACIFIC":0}},{"type":"Feature","id":563,"geometry":{"type":"Point","coordinates":[-82.163308874180757,28.000171859214333]},"properties":{"FID":563,"OBJECTID":3337,"GLOBAL_ID":"60966057-383B-4DDF-B6C3-CBDC82A39123","IDENT":"PCM","NAME":"Plant City","LATITUDE":"28-00-00.6000N","LONGITUDE":"082-09-47.9000W","ELEVATION":152.69999999999999,"ICAO_ID":"KPCM","TYPE_CODE":"AD","SERVCITY":"PLANT CITY","STATE":"FL","COUNTRY":"UNITED STATES","OPERSTATUS":"OPERATIONAL","PRIVATEUSE":0,"IAPEXISTS":1,"DODHIFLIP":0,"FAR91":0,"FAR93":0,"MIL_CODE":"CIVIL","AIRANAL":"NO OBJECTION","US_HIGH":0,"US_LOW":1,"AK_HIGH":0,"AK_LOW":0,"US_AREA":0,"PACIFIC":0}},{"type":"Feature","id":564,"geometry":{"type":"Point","coordinates":[-82.14647720676669,28.136964114691352]},"properties":{"FID":564,"OBJECTID":3338,"GLOBAL_ID":"E74421EB-ABFD-41BE-A9D0-D12C04D23FC0","IDENT":"9FD2","NAME":"Blackwater Creek","LATITUDE":"28-08-13.0520N","LONGITUDE":"082-08-47.3060W","ELEVATION":80,"ICAO_ID":" ","TYPE_CODE":"UL","SERVCITY":"PLANT CITY","STATE":"FL","COUNTRY":"UNITED STATES","OPERSTATUS":"OPERATIONAL","PRIVATEUSE":1,"IAPEXISTS":0,"DODHIFLIP":0,"FAR91":0,"FAR93":0,"MIL_CODE":"CIVIL","AIRANAL":"CONDITIONAL","US_HIGH":0,"US_LOW":0,"AK_HIGH":0,"AK_LOW":0,"US_AREA":0,"PACIFIC":0}},{"type":"Feature","id":565,"geometry":{"type":"Point","coordinates":[-82.09258941007289,28.041963537125866]},"properties":{"FID":565,"OBJECTID":3339,"GLOBAL_ID":"7CE2E14B-0126-4724-BF6B-2490994A42A7","IDENT":"79FD","NAME":"Midway Lake","LATITUDE":"28-02-31.0500N","LONGITUDE":"082-05-33.3100W","ELEVATION":150,"ICAO_ID":" ","TYPE_CODE":"AD","SERVCITY":"PLANT CITY","STATE":"FL","COUNTRY":"UNITED STATES","OPERSTATUS":"OPERATIONAL","PRIVATEUSE":1,"IAPEXISTS":0,"DODHIFLIP":0,"FAR91":0,"FAR93":0,"MIL_CODE":"CIVIL","AIRANAL":"CONDITIONAL","US_HIGH":0,"US_LOW":0,"AK_HIGH":0,"AK_LOW":0,"US_AREA":0,"PACIFIC":0}},{"type":"Feature","id":566,"geometry":{"type":"Point","coordinates":[-81.827859338742257,28.206407750665278]},"properties":{"FID":566,"OBJECTID":3340,"GLOBAL_ID":"D2818D71-4A07-45CC-A9C6-A8B8718EC5A3","IDENT":"4FD7","NAME":"Flanders Fld","LATITUDE":"28-12-23.0490N","LONGITUDE":"081-49-40.2820W","ELEVATION":131,"ICAO_ID":" ","TYPE_CODE":"AD","SERVCITY":"POLK CITY","STATE":"FL","COUNTRY":"UNITED STATES","OPERSTATUS":"OPERATIONAL","PRIVATEUSE":1,"IAPEXISTS":0,"DODHIFLIP":0,"FAR91":0,"FAR93":0,"MIL_CODE":"CIVIL","AIRANAL":"CONDITIONAL","US_HIGH":0,"US_LOW":0,"AK_HIGH":0,"AK_LOW":0,"US_AREA":0,"PACIFIC":0}},{"type":"Feature","id":567,"geometry":{"type":"Point","coordinates":[-81.808137387729801,28.16696496363943]},"properties":{"FID":567,"OBJECTID":3341,"GLOBAL_ID":"EE3D8F78-A29A-45FA-97B0-51F6D94B3EB6","IDENT":"FA08","NAME":"Orlampa Inc","LATITUDE":"28-10-01.0550N","LONGITUDE":"081-48-29.2830W","ELEVATION":139,"ICAO_ID":" ","TYPE_CODE":"AD","SERVCITY":"POLK CITY","STATE":"FL","COUNTRY":"UNITED STATES","OPERSTATUS":"OPERATIONAL","PRIVATEUSE":1,"IAPEXISTS":0,"DODHIFLIP":0,"FAR91":0,"FAR93":0,"MIL_CODE":"CIVIL","AIRANAL":"CONDITIONAL","US_HIGH":0,"US_LOW":0,"AK_HIGH":0,"AK_LOW":0,"US_AREA":0,"PACIFIC":0}},{"type":"Feature","id":568,"geometry":{"type":"Point","coordinates":[-81.578411533118867,29.502197234336734]},"properties":{"FID":568,"OBJECTID":3342,"GLOBAL_ID":"85A32C85-65AA-4A20-A5A7-F9892A7E7368","IDENT":"78FL","NAME":"Pomona Landing","LATITUDE":"29-30-07.8900N","LONGITUDE":"081-34-42.2700W","ELEVATION":50,"ICAO_ID":" ","TYPE_CODE":"AD","SERVCITY":"POMONA PARK","STATE":"FL","COUNTRY":"UNITED STATES","OPERSTATUS":"OPERATIONAL","PRIVATEUSE":1,"IAPEXISTS":0,"DODHIFLIP":0,"FAR91":0,"FAR93":0,"MIL_CODE":"CIVIL","AIRANAL":"CONDITIONAL","US_HIGH":0,"US_LOW":0,"AK_HIGH":0,"AK_LOW":0,"US_AREA":0,"PACIFIC":0}},{"type":"Feature","id":569,"geometry":{"type":"Point","coordinates":[-80.11113016910889,26.247364807932399]},"properties":{"FID":569,"OBJECTID":3343,"GLOBAL_ID":"9FE21486-75F7-4DD9-8ABE-C9DB9AF2EE22","IDENT":"PMP","NAME":"Pompano Beach Airpark","LATITUDE":"26-14-50.4960N","LONGITUDE":"080-06-40.0590W","ELEVATION":19.300000000000001,"ICAO_ID":"KPMP","TYPE_CODE":"AD","SERVCITY":"POMPANO BEACH","STATE":"FL","COUNTRY":"UNITED STATES","OPERSTATUS":"OPERATIONAL","PRIVATEUSE":0,"IAPEXISTS":1,"DODHIFLIP":0,"FAR91":0,"FAR93":0,"MIL_CODE":"CIVIL","AIRANAL":"NO OBJECTION","US_HIGH":0,"US_LOW":1,"AK_HIGH":0,"AK_LOW":0,"US_AREA":1,"PACIFIC":0}},{"type":"Feature","id":570,"geometry":{"type":"Point","coordinates":[-80.121991284130047,26.278418426520261]},"properties":{"FID":570,"OBJECTID":3344,"GLOBAL_ID":"A71432CE-1746-4413-87E7-35CA410E2831","IDENT":"28FA","NAME":"N Broward Medical Center","LATITUDE":"26-16-42.2890N","LONGITUDE":"080-07-19.1590W","ELEVATION":21,"ICAO_ID":" ","TYPE_CODE":"HP","SERVCITY":"POMPANO BEACH","STATE":"FL","COUNTRY":"UNITED STATES","OPERSTATUS":"OPERATIONAL","PRIVATEUSE":1,"IAPEXISTS":0,"DODHIFLIP":0,"FAR91":0,"FAR93":0,"MIL_CODE":"CIVIL","AIRANAL":"CONDITIONAL","US_HIGH":0,"US_LOW":0,"AK_HIGH":0,"AK_LOW":0,"US_AREA":0,"PACIFIC":0}},{"type":"Feature","id":571,"geometry":{"type":"Point","coordinates":[-84.641670793872095,30.611950178025268]},"properties":{"FID":571,"OBJECTID":3345,"GLOBAL_ID":"7BCDD74F-6B83-4D97-824B-3C4B515EF91A","IDENT":"49FD","NAME":"Watson Farm","LATITUDE":"30-36-43.0000N","LONGITUDE":"084-38-30.0000W","ELEVATION":275,"ICAO_ID":" ","TYPE_CODE":"AD","SERVCITY":"QUINCY","STATE":"FL","COUNTRY":"UNITED STATES","OPERSTATUS":"OPERATIONAL","PRIVATEUSE":1,"IAPEXISTS":0,"DODHIFLIP":0,"FAR91":0,"FAR93":0,"MIL_CODE":"CIVIL","AIRANAL":"CONDITIONAL","US_HIGH":0,"US_LOW":0,"AK_HIGH":0,"AK_LOW":0,"US_AREA":0,"PACIFIC":0}},{"type":"Feature","id":572,"geometry":{"type":"Point","coordinates":[-82.172334504526248,30.055800124616326]},"properties":{"FID":572,"OBJECTID":3346,"GLOBAL_ID":"342A45A8-6655-4C5C-B32D-7043BD1C83EF","IDENT":"FL28","NAME":"State Prison Fld","LATITUDE":"30-03-20.8600N","LONGITUDE":"082-10-20.3920W","ELEVATION":123,"ICAO_ID":" ","TYPE_CODE":"AD","SERVCITY":"RAIFORD","STATE":"FL","COUNTRY":"UNITED STATES","OPERSTATUS":"OPERATIONAL","PRIVATEUSE":1,"IAPEXISTS":0,"DODHIFLIP":0,"FAR91":0,"FAR93":0,"MIL_CODE":"CIVIL","AIRANAL":"NOT ANALYZED","US_HIGH":0,"US_LOW":0,"AK_HIGH":0,"AK_LOW":0,"US_AREA":0,"PACIFIC":0}},{"type":"Feature","id":573,"geometry":{"type":"Point","coordinates":[-82.149819750026097,29.361367185080894]},"properties":{"FID":573,"OBJECTID":3347,"GLOBAL_ID":"A564CC94-A81B-4BF3-9A71-3D171C929522","IDENT":"FA50","NAME":"Wings-N-Wheels","LATITUDE":"29-21-40.9020N","LONGITUDE":"082-08-59.3390W","ELEVATION":82,"ICAO_ID":" ","TYPE_CODE":"AD","SERVCITY":"REDDICK","STATE":"FL","COUNTRY":"UNITED STATES","OPERSTATUS":"OPERATIONAL","PRIVATEUSE":1,"IAPEXISTS":0,"DODHIFLIP":0,"FAR91":0,"FAR93":0,"MIL_CODE":"CIVIL","AIRANAL":"CONDITIONAL","US_HIGH":0,"US_LOW":0,"AK_HIGH":0,"AK_LOW":0,"US_AREA":0,"PACIFIC":0}},{"type":"Feature","id":574,"geometry":{"type":"Point","coordinates":[-81.203919699750884,27.779338495676825]},"properties":{"FID":574,"OBJECTID":3348,"GLOBAL_ID":"9AD06717-7BF3-4213-8164-0936FCA6CD30","IDENT":"2RR","NAME":"River Ranch Resort","LATITUDE":"27-46-45.6000N","LONGITUDE":"081-12-14.1000W","ELEVATION":55,"ICAO_ID":" ","TYPE_CODE":"AD","SERVCITY":"RIVER RANCH","STATE":"FL","COUNTRY":"UNITED STATES","OPERSTATUS":"OPERATIONAL","PRIVATEUSE":0,"IAPEXISTS":0,"DODHIFLIP":0,"FAR91":0,"FAR93":0,"MIL_CODE":"CIVIL","AIRANAL":"CONDITIONAL","US_HIGH":0,"US_LOW":1,"AK_HIGH":0,"AK_LOW":0,"US_AREA":0,"PACIFIC":0}},{"type":"Feature","id":575,"geometry":{"type":"Point","coordinates":[-80.66889178079191,28.25194973538197]},"properties":{"FID":575,"OBJECTID":3349,"GLOBAL_ID":"BE17E9C8-81BE-436F-91FE-3E0AE5B824FE","IDENT":"34FA","NAME":"Gezik","LATITUDE":"28-15-07.0000N","LONGITUDE":"080-40-08.0000W","ELEVATION":0,"ICAO_ID":" ","TYPE_CODE":"SP","SERVCITY":"ROCKLEDGE","STATE":"FL","COUNTRY":"UNITED STATES","OPERSTATUS":"OPERATIONAL","PRIVATEUSE":1,"IAPEXISTS":0,"DODHIFLIP":0,"FAR91":0,"FAR93":0,"MIL_CODE":"CIVIL","AIRANAL":"CONDITIONAL","US_HIGH":0,"US_LOW":0,"AK_HIGH":0,"AK_LOW":0,"US_AREA":0,"PACIFIC":0}},{"type":"Feature","id":576,"geometry":{"type":"Point","coordinates":[-82.70738125466255,28.042805188553018]},"properties":{"FID":576,"OBJECTID":3350,"GLOBAL_ID":"0B892DAF-3868-4C02-98EA-04BF2E324C0A","IDENT":"36FL","NAME":"Mease Countryside Hospital","LATITUDE":"28-02-34.0800N","LONGITUDE":"082-42-26.5600W","ELEVATION":32,"ICAO_ID":" ","TYPE_CODE":"HP","SERVCITY":"SAFETY HARBOR","STATE":"FL","COUNTRY":"UNITED STATES","OPERSTATUS":"OPERATIONAL","PRIVATEUSE":1,"IAPEXISTS":0,"DODHIFLIP":0,"FAR91":0,"FAR93":0,"MIL_CODE":"CIVIL","AIRANAL":"CONDITIONAL","US_HIGH":0,"US_LOW":0,"AK_HIGH":0,"AK_LOW":0,"US_AREA":0,"PACIFIC":0}},{"type":"Feature","id":577,"geometry":{"type":"Point","coordinates":[-81.339732314458274,29.959255959973291]},"properties":{"FID":577,"OBJECTID":3351,"GLOBAL_ID":"556BB8E8-4A7D-4846-A3A2-632E4F29C832","IDENT":"SGJ","NAME":"St Augustine","LATITUDE":"29-57-33.3010N","LONGITUDE":"081-20-23.0250W","ELEVATION":9.8000000000000007,"ICAO_ID":"KSGJ","TYPE_CODE":"AD","SERVCITY":"ST AUGUSTINE","STATE":"FL","COUNTRY":"UNITED STATES","OPERSTATUS":"OPERATIONAL","PRIVATEUSE":0,"IAPEXISTS":1,"DODHIFLIP":0,"FAR91":0,"FAR93":0,"MIL_CODE":"CIVIL","AIRANAL":"NO OBJECTION","US_HIGH":1,"US_LOW":1,"AK_HIGH":0,"AK_LOW":0,"US_AREA":0,"PACIFIC":0}},{"type":"Feature","id":578,"geometry":{"type":"Point","coordinates":[-81.316762137106366,29.861948659704296]},"properties":{"FID":578,"OBJECTID":3352,"GLOBAL_ID":"414914D9-0A2A-4ED6-815B-005513EAA2BB","IDENT":"38FL","NAME":"Flagler Hospital","LATITUDE":"29-51-42.9948N","LONGITUDE":"081-19-00.3324W","ELEVATION":21,"ICAO_ID":" ","TYPE_CODE":"HP","SERVCITY":"ST AUGUSTINE","STATE":"FL","COUNTRY":"UNITED STATES","OPERSTATUS":"OPERATIONAL","PRIVATEUSE":1,"IAPEXISTS":0,"DODHIFLIP":0,"FAR91":0,"FAR93":0,"MIL_CODE":"CIVIL","AIRANAL":"CONDITIONAL","US_HIGH":0,"US_LOW":0,"AK_HIGH":0,"AK_LOW":0,"US_AREA":0,"PACIFIC":0}},{"type":"Feature","id":579,"geometry":{"type":"Point","coordinates":[-81.263336417318612,28.822783191906126]},"properties":{"FID":579,"OBJECTID":3353,"GLOBAL_ID":"20E8305A-A82D-46EB-9604-9E50E792C4C0","IDENT":"FL55","NAME":"Sanford","LATITUDE":"28-49-22.0000N","LONGITUDE":"081-15-48.0000W","ELEVATION":6,"ICAO_ID":" ","TYPE_CODE":"SP","SERVCITY":"SANFORD","STATE":"FL","COUNTRY":"UNITED STATES","OPERSTATUS":"OPERATIONAL","PRIVATEUSE":1,"IAPEXISTS":0,"DODHIFLIP":0,"FAR91":0,"FAR93":0,"MIL_CODE":"CIVIL","AIRANAL":"CONDITIONAL","US_HIGH":0,"US_LOW":0,"AK_HIGH":0,"AK_LOW":0,"US_AREA":0,"PACIFIC":0}},{"type":"Feature","id":580,"geometry":{"type":"Point","coordinates":[-81.283733645950178,28.813685967179367]},"properties":{"FID":580,"OBJECTID":3354,"GLOBAL_ID":"11808FCD-D077-4A8B-AAAD-71BC2066EAFB","IDENT":"2FA8","NAME":"Hca Florida Lake Monroe Hospital","LATITUDE":"28-48-49.2500N","LONGITUDE":"081-17-01.4300W","ELEVATION":17,"ICAO_ID":" ","TYPE_CODE":"HP","SERVCITY":"SANFORD","STATE":"FL","COUNTRY":"UNITED STATES","OPERSTATUS":"OPERATIONAL","PRIVATEUSE":1,"IAPEXISTS":0,"DODHIFLIP":0,"FAR91":0,"FAR93":0,"MIL_CODE":"CIVIL","AIRANAL":"CONDITIONAL","US_HIGH":0,"US_LOW":0,"AK_HIGH":0,"AK_LOW":0,"US_AREA":0,"PACIFIC":0}},{"type":"Feature","id":581,"geometry":{"type":"Point","coordinates":[-82.155047713310523,26.462677037962351]},"properties":{"FID":581,"OBJECTID":3355,"GLOBAL_ID":"D1A2F20E-9A6A-42F2-BCA7-1F56BCBA7DC2","IDENT":"4FD9","NAME":"Bowman's Beach Helistop","LATITUDE":"26-27-45.6200N","LONGITUDE":"082-09-18.1600W","ELEVATION":5,"ICAO_ID":" ","TYPE_CODE":"HP","SERVCITY":"SANIBEL","STATE":"FL","COUNTRY":"UNITED STATES","OPERSTATUS":"OPERATIONAL","PRIVATEUSE":1,"IAPEXISTS":0,"DODHIFLIP":0,"FAR91":0,"FAR93":0,"MIL_CODE":"CIVIL","AIRANAL":"CONDITIONAL","US_HIGH":0,"US_LOW":0,"AK_HIGH":0,"AK_LOW":0,"US_AREA":0,"PACIFIC":0}},{"type":"Feature","id":582,"geometry":{"type":"Point","coordinates":[-82.530397846706933,27.317852239352419]},"properties":{"FID":582,"OBJECTID":3356,"GLOBAL_ID":"3296B5A9-5B08-44F7-BCEC-0952F711CAC4","IDENT":"FA23","NAME":"Sarasota Meml Hospital","LATITUDE":"27-19-04.2500N","LONGITUDE":"082-31-49.4200W","ELEVATION":100,"ICAO_ID":" ","TYPE_CODE":"HP","SERVCITY":"SARASOTA","STATE":"FL","COUNTRY":"UNITED STATES","OPERSTATUS":"OPERATIONAL","PRIVATEUSE":1,"IAPEXISTS":0,"DODHIFLIP":0,"FAR91":0,"FAR93":0,"MIL_CODE":"CIVIL","AIRANAL":"CONDITIONAL","US_HIGH":0,"US_LOW":0,"AK_HIGH":0,"AK_LOW":0,"US_AREA":0,"PACIFIC":0}},{"type":"Feature","id":583,"geometry":{"type":"Point","coordinates":[-82.428339484745777,27.333291134608373]},"properties":{"FID":583,"OBJECTID":3357,"GLOBAL_ID":"4B57B908-8BD4-46CE-A001-38022DF50DE7","IDENT":"FA22","NAME":"Dove","LATITUDE":"27-19-59.8300N","LONGITUDE":"082-25-42.0100W","ELEVATION":12,"ICAO_ID":" ","TYPE_CODE":"HP","SERVCITY":"SARASOTA","STATE":"FL","COUNTRY":"UNITED STATES","OPERSTATUS":"OPERATIONAL","PRIVATEUSE":1,"IAPEXISTS":0,"DODHIFLIP":0,"FAR91":0,"FAR93":0,"MIL_CODE":"CIVIL","AIRANAL":"CONDITIONAL","US_HIGH":0,"US_LOW":0,"AK_HIGH":0,"AK_LOW":0,"US_AREA":0,"PACIFIC":0}},{"type":"Feature","id":584,"geometry":{"type":"Point","coordinates":[-82.496972837707688,27.338702245252534]},"properties":{"FID":584,"OBJECTID":3358,"GLOBAL_ID":"58B251C3-02ED-4278-BE12-9ECDE2D60B9F","IDENT":"6FL6","NAME":"Sarasota Dept of Fire-Rescue East Side","LATITUDE":"27-20-19.3100N","LONGITUDE":"082-29-49.0900W","ELEVATION":25,"ICAO_ID":" ","TYPE_CODE":"HP","SERVCITY":"SARASOTA","STATE":"FL","COUNTRY":"UNITED STATES","OPERSTATUS":"OPERATIONAL","PRIVATEUSE":1,"IAPEXISTS":0,"DODHIFLIP":0,"FAR91":0,"FAR93":0,"MIL_CODE":"CIVIL","AIRANAL":"CONDITIONAL","US_HIGH":0,"US_LOW":0,"AK_HIGH":0,"AK_LOW":0,"US_AREA":0,"PACIFIC":0}},{"type":"Feature","id":585,"geometry":{"type":"Point","coordinates":[-82.317317786020226,27.343661417847784]},"properties":{"FID":585,"OBJECTID":3359,"GLOBAL_ID":"74E16A2B-8BA1-4D4D-A043-17B96ED61D1F","IDENT":"4FL8","NAME":"Schwartz Farms Inc","LATITUDE":"27-20-37.1630N","LONGITUDE":"082-19-02.3320W","ELEVATION":53,"ICAO_ID":" ","TYPE_CODE":"AD","SERVCITY":"SARASOTA","STATE":"FL","COUNTRY":"UNITED STATES","OPERSTATUS":"OPERATIONAL","PRIVATEUSE":1,"IAPEXISTS":0,"DODHIFLIP":0,"FAR91":0,"FAR93":0,"MIL_CODE":"CIVIL","AIRANAL":"CONDITIONAL","US_HIGH":0,"US_LOW":0,"AK_HIGH":0,"AK_LOW":0,"US_AREA":0,"PACIFIC":0}},{"type":"Feature","id":586,"geometry":{"type":"Point","coordinates":[-82.272594438867827,27.303107520031006]},"properties":{"FID":586,"OBJECTID":3360,"GLOBAL_ID":"DFD99720-8CB7-40A9-8E65-2AB30249CDDC","IDENT":"22FA","NAME":"Hidden River","LATITUDE":"27-18-11.1690N","LONGITUDE":"082-16-21.3280W","ELEVATION":47,"ICAO_ID":" ","TYPE_CODE":"AD","SERVCITY":"SARASOTA","STATE":"FL","COUNTRY":"UNITED STATES","OPERSTATUS":"OPERATIONAL","PRIVATEUSE":1,"IAPEXISTS":0,"DODHIFLIP":0,"FAR91":0,"FAR93":0,"MIL_CODE":"CIVIL","AIRANAL":"CONDITIONAL","US_HIGH":0,"US_LOW":0,"AK_HIGH":0,"AK_LOW":0,"US_AREA":0,"PACIFIC":0}},{"type":"Feature","id":587,"geometry":{"type":"Point","coordinates":[-82.554392301006033,27.395449479674085]},"properties":{"FID":587,"OBJECTID":3361,"GLOBAL_ID":"84E11735-61D9-4966-8E47-6B2E692C061A","IDENT":"SRQ","NAME":"Sarasota/Bradenton Intl","LATITUDE":"27-23-43.6000N","LONGITUDE":"082-33-15.8000W","ELEVATION":29.899999999999999,"ICAO_ID":"KSRQ","TYPE_CODE":"AD","SERVCITY":"SARASOTA/BRADENTON","STATE":"FL","COUNTRY":"UNITED STATES","OPERSTATUS":"OPERATIONAL","PRIVATEUSE":0,"IAPEXISTS":1,"DODHIFLIP":0,"FAR91":0,"FAR93":0,"MIL_CODE":"CIVIL","AIRANAL":"NO OBJECTION","US_HIGH":1,"US_LOW":1,"AK_HIGH":0,"AK_LOW":0,"US_AREA":0,"PACIFIC":0}},{"type":"Feature","id":588,"geometry":{"type":"Point","coordinates":[-80.853945462864431,28.764163743643564]},"properties":{"FID":588,"OBJECTID":3362,"GLOBAL_ID":"18F6FDBA-751B-490F-9CDE-ABA6CBB0CFAA","IDENT":"3FD6","NAME":"Tradewinds Aerodrome","LATITUDE":"28-45-50.9700N","LONGITUDE":"080-51-14.1930W","ELEVATION":5,"ICAO_ID":" ","TYPE_CODE":"AD","SERVCITY":"SCOTTSMOOR","STATE":"FL","COUNTRY":"UNITED STATES","OPERSTATUS":"OPERATIONAL","PRIVATEUSE":1,"IAPEXISTS":0,"DODHIFLIP":0,"FAR91":0,"FAR93":0,"MIL_CODE":"CIVIL","AIRANAL":"CONDITIONAL","US_HIGH":0,"US_LOW":0,"AK_HIGH":0,"AK_LOW":0,"US_AREA":0,"PACIFIC":0}},{"type":"Feature","id":589,"geometry":{"type":"Point","coordinates":[-80.486443938448929,27.90752743385832]},"properties":{"FID":589,"OBJECTID":3363,"GLOBAL_ID":"24811887-6C74-45D6-B602-CEC57CC82143","IDENT":"0FD6","NAME":"Fulton","LATITUDE":"27-54-27.0800N","LONGITUDE":"080-29-11.1880W","ELEVATION":0,"ICAO_ID":" ","TYPE_CODE":"SP","SERVCITY":"SEBASTIAN","STATE":"FL","COUNTRY":"UNITED STATES","OPERSTATUS":"OPERATIONAL","PRIVATEUSE":1,"IAPEXISTS":0,"DODHIFLIP":0,"FAR91":0,"FAR93":0,"MIL_CODE":"CIVIL","AIRANAL":"CONDITIONAL","US_HIGH":0,"US_LOW":0,"AK_HIGH":0,"AK_LOW":0,"US_AREA":0,"PACIFIC":0}},{"type":"Feature","id":590,"geometry":{"type":"Point","coordinates":[-80.243502734830088,27.200613376395097]},"properties":{"FID":590,"OBJECTID":3364,"GLOBAL_ID":"448C91F3-99DA-499E-9B42-FEE3577C1365","IDENT":"44FL","NAME":"Martin Meml Medical Center","LATITUDE":"27-12-02.1900N","LONGITUDE":"080-14-36.6000W","ELEVATION":5,"ICAO_ID":" ","TYPE_CODE":"HP","SERVCITY":"STUART","STATE":"FL","COUNTRY":"UNITED STATES","OPERSTATUS":"OPERATIONAL","PRIVATEUSE":1,"IAPEXISTS":0,"DODHIFLIP":0,"FAR91":0,"FAR93":0,"MIL_CODE":"CIVIL","AIRANAL":"CONDITIONAL","US_HIGH":0,"US_LOW":0,"AK_HIGH":0,"AK_LOW":0,"US_AREA":0,"PACIFIC":0}},{"type":"Feature","id":591,"geometry":{"type":"Point","coordinates":[-80.337829982722099,27.142832526827192]},"properties":{"FID":591,"OBJECTID":3365,"GLOBAL_ID":"DC32A559-80F3-4D6D-9DB9-5C7F45CC0CA6","IDENT":"64FA","NAME":"Naked Lady Ranch","LATITUDE":"27-08-34.1790N","LONGITUDE":"080-20-16.1780W","ELEVATION":22,"ICAO_ID":" ","TYPE_CODE":"AD","SERVCITY":"STUART","STATE":"FL","COUNTRY":"UNITED STATES","OPERSTATUS":"OPERATIONAL","PRIVATEUSE":1,"IAPEXISTS":0,"DODHIFLIP":0,"FAR91":0,"FAR93":0,"MIL_CODE":"CIVIL","AIRANAL":"CONDITIONAL","US_HIGH":0,"US_LOW":1,"AK_HIGH":0,"AK_LOW":0,"US_AREA":0,"PACIFIC":0}},{"type":"Feature","id":592,"geometry":{"type":"Point","coordinates":[-81.441474405477038,24.658758820658818]},"properties":{"FID":592,"OBJECTID":3366,"GLOBAL_ID":"09ECA2A1-3C84-40A2-B91B-29397184E134","IDENT":"FD51","NAME":"Summerland Key Cove","LATITUDE":"24-39-31.5160N","LONGITUDE":"081-26-29.2970W","ELEVATION":4,"ICAO_ID":" ","TYPE_CODE":"AD","SERVCITY":"SUMMERLAND KEY","STATE":"FL","COUNTRY":"UNITED STATES","OPERSTATUS":"OPERATIONAL","PRIVATEUSE":1,"IAPEXISTS":0,"DODHIFLIP":0,"FAR91":0,"FAR93":0,"MIL_CODE":"CIVIL","AIRANAL":"NOT ANALYZED","US_HIGH":0,"US_LOW":0,"AK_HIGH":0,"AK_LOW":0,"US_AREA":0,"PACIFIC":0}},{"type":"Feature","id":593,"geometry":{"type":"Point","coordinates":[-80.32592772954996,26.159715892109773]},"properties":{"FID":593,"OBJECTID":3367,"GLOBAL_ID":"45E21692-BBFB-4F48-A5BF-C15982E58644","IDENT":"2FL1","NAME":"Broward County Civic Arena","LATITUDE":"26-09-34.9600N","LONGITUDE":"080-19-33.3300W","ELEVATION":10,"ICAO_ID":" ","TYPE_CODE":"HP","SERVCITY":"SUNRISE","STATE":"FL","COUNTRY":"UNITED STATES","OPERSTATUS":"OPERATIONAL","PRIVATEUSE":1,"IAPEXISTS":0,"DODHIFLIP":0,"FAR91":0,"FAR93":0,"MIL_CODE":"CIVIL","AIRANAL":"CONDITIONAL","US_HIGH":0,"US_LOW":0,"AK_HIGH":0,"AK_LOW":0,"US_AREA":0,"PACIFIC":0}},{"type":"Feature","id":594,"geometry":{"type":"Point","coordinates":[-84.350872923871407,30.39675986111132]},"properties":{"FID":594,"OBJECTID":3368,"GLOBAL_ID":"265A7B00-46FF-4744-8673-499589FFA2BF","IDENT":"TLH","NAME":"Tallahassee Intl","LATITUDE":"30-23-48.3150N","LONGITUDE":"084-21-03.1280W","ELEVATION":83.099999999999994,"ICAO_ID":"KTLH","TYPE_CODE":"AD","SERVCITY":"TALLAHASSEE","STATE":"FL","COUNTRY":"UNITED STATES","OPERSTATUS":"OPERATIONAL","PRIVATEUSE":0,"IAPEXISTS":0,"DODHIFLIP":1,"FAR91":0,"FAR93":0,"MIL_CODE":"CIVIL","AIRANAL":"NO OBJECTION","US_HIGH":1,"US_LOW":1,"AK_HIGH":0,"AK_LOW":0,"US_AREA":0,"PACIFIC":0}},{"type":"Feature","id":595,"geometry":{"type":"Point","coordinates":[-84.261076233667211,30.457266821684982]},"properties":{"FID":595,"OBJECTID":3369,"GLOBAL_ID":"F33179EC-D96F-4417-9AFB-F1DEB61D2106","IDENT":"FD18","NAME":"Tallahassee Meml Hospital","LATITUDE":"30-27-26.1400N","LONGITUDE":"084-15-39.8600W","ELEVATION":279,"ICAO_ID":" ","TYPE_CODE":"HP","SERVCITY":"TALLAHASSEE","STATE":"FL","COUNTRY":"UNITED STATES","OPERSTATUS":"OPERATIONAL","PRIVATEUSE":1,"IAPEXISTS":0,"DODHIFLIP":0,"FAR91":0,"FAR93":0,"MIL_CODE":"CIVIL","AIRANAL":"CONDITIONAL","US_HIGH":0,"US_LOW":0,"AK_HIGH":0,"AK_LOW":0,"US_AREA":0,"PACIFIC":0}},{"type":"Feature","id":596,"geometry":{"type":"Point","coordinates":[-84.086837295743976,30.48103627748452]},"properties":{"FID":596,"OBJECTID":3370,"GLOBAL_ID":"788CD8BF-D1D2-42DA-AA6A-D437CABD6F43","IDENT":"FL52","NAME":"Angel's Fld","LATITUDE":"30-28-51.7100N","LONGITUDE":"084-05-12.6000W","ELEVATION":160,"ICAO_ID":" ","TYPE_CODE":"AD","SERVCITY":"TALLAHASSEE","STATE":"FL","COUNTRY":"UNITED STATES","OPERSTATUS":"OPERATIONAL","PRIVATEUSE":1,"IAPEXISTS":0,"DODHIFLIP":0,"FAR91":0,"FAR93":0,"MIL_CODE":"CIVIL","AIRANAL":"CONDITIONAL","US_HIGH":0,"US_LOW":0,"AK_HIGH":0,"AK_LOW":0,"US_AREA":0,"PACIFIC":0}},{"type":"Feature","id":597,"geometry":{"type":"Point","coordinates":[-84.078103961060037,30.500955726301697]},"properties":{"FID":597,"OBJECTID":3371,"GLOBAL_ID":"CFF6EA10-4A0D-4C3A-8C34-1E14438282DD","IDENT":"FA25","NAME":"Black Creek Pass","LATITUDE":"30-30-03.4200N","LONGITUDE":"084-04-41.1600W","ELEVATION":95,"ICAO_ID":" ","TYPE_CODE":"AD","SERVCITY":"TALLAHASSE","STATE":"FL","COUNTRY":"UNITED STATES","OPERSTATUS":"OPERATIONAL","PRIVATEUSE":1,"IAPEXISTS":0,"DODHIFLIP":0,"FAR91":0,"FAR93":0,"MIL_CODE":"CIVIL","AIRANAL":"CONDITIONAL","US_HIGH":0,"US_LOW":0,"AK_HIGH":0,"AK_LOW":0,"US_AREA":0,"PACIFIC":0}},{"type":"Feature","id":598,"geometry":{"type":"Point","coordinates":[-82.533250924256095,27.975474620797456]},"properties":{"FID":598,"OBJECTID":3372,"GLOBAL_ID":"94348EF7-5624-41A5-A685-7680EB5F04EB","IDENT":"TPA","NAME":"Tampa Intl","LATITUDE":"27-58-31.6900N","LONGITUDE":"082-31-59.6910W","ELEVATION":26.5,"ICAO_ID":"KTPA","TYPE_CODE":"AD","SERVCITY":"TAMPA","STATE":"FL","COUNTRY":"UNITED STATES","OPERSTATUS":"OPERATIONAL","PRIVATEUSE":0,"IAPEXISTS":1,"DODHIFLIP":0,"FAR91":1,"FAR93":0,"MIL_CODE":"CIVIL","AIRANAL":"NO OBJECTION","US_HIGH":1,"US_LOW":1,"AK_HIGH":0,"AK_LOW":0,"US_AREA":0,"PACIFIC":0}},{"type":"Feature","id":599,"geometry":{"type":"Point","coordinates":[-82.461772291601903,27.943799614977081]},"properties":{"FID":599,"OBJECTID":3373,"GLOBAL_ID":"DBE8DF9D-B5B4-4F14-9284-6FE641C53F4D","IDENT":"FL70","NAME":"Wfla-Tv 8","LATITUDE":"27-56-37.6600N","LONGITUDE":"082-27-42.3680W","ELEVATION":60,"ICAO_ID":" ","TYPE_CODE":"HP","SERVCITY":"TAMPA","STATE":"FL","COUNTRY":"UNITED STATES","OPERSTATUS":"OPERATIONAL","PRIVATEUSE":1,"IAPEXISTS":0,"DODHIFLIP":0,"FAR91":0,"FAR93":0,"MIL_CODE":"CIVIL","AIRANAL":"CONDITIONAL","US_HIGH":0,"US_LOW":0,"AK_HIGH":0,"AK_LOW":0,"US_AREA":0,"PACIFIC":0}},{"type":"Feature","id":600,"geometry":{"type":"Point","coordinates":[-82.390875604252983,27.947535729687331]},"properties":{"FID":600,"OBJECTID":3374,"GLOBAL_ID":"1AE6C526-2148-4138-B387-CF4BC1FB260D","IDENT":"FL72","NAME":"Mezrah","LATITUDE":"27-56-51.1100N","LONGITUDE":"082-23-27.1400W","ELEVATION":6,"ICAO_ID":" ","TYPE_CODE":"SP","SERVCITY":"TAMPA","STATE":"FL","COUNTRY":"UNITED STATES","OPERSTATUS":"OPERATIONAL","PRIVATEUSE":1,"IAPEXISTS":0,"DODHIFLIP":0,"FAR91":0,"FAR93":0,"MIL_CODE":"CIVIL","AIRANAL":"CONDITIONAL","US_HIGH":0,"US_LOW":0,"AK_HIGH":0,"AK_LOW":0,"US_AREA":0,"PACIFIC":0}},{"type":"Feature","id":601,"geometry":{"type":"Point","coordinates":[-80.52233053543938,25.006915594993245]},"properties":{"FID":601,"OBJECTID":3375,"GLOBAL_ID":"1693C4D4-6543-4874-9777-F3C4F0B1958B","IDENT":"FD05","NAME":"Mariners Hospital","LATITUDE":"25-00-24.8800N","LONGITUDE":"080-31-20.3800W","ELEVATION":9,"ICAO_ID":" ","TYPE_CODE":"HP","SERVCITY":"TAVERNIER","STATE":"FL","COUNTRY":"UNITED STATES","OPERSTATUS":"OPERATIONAL","PRIVATEUSE":1,"IAPEXISTS":0,"DODHIFLIP":0,"FAR91":0,"FAR93":0,"MIL_CODE":"CIVIL","AIRANAL":"CONDITIONAL","US_HIGH":0,"US_LOW":0,"AK_HIGH":0,"AK_LOW":0,"US_AREA":0,"PACIFIC":0}},{"type":"Feature","id":602,"geometry":{"type":"Point","coordinates":[-80.835377952661645,28.622509820948039]},"properties":{"FID":602,"OBJECTID":3376,"GLOBAL_ID":"ACAA460A-E74B-4B02-8A84-5EC5435BB325","IDENT":"X21","NAME":"Arthur Dunn Air Park","LATITUDE":"28-37-21.0160N","LONGITUDE":"080-50-07.3500W","ELEVATION":30.300000000000001,"ICAO_ID":" ","TYPE_CODE":"AD","SERVCITY":"TITUSVILLE","STATE":"FL","COUNTRY":"UNITED STATES","OPERSTATUS":"OPERATIONAL","PRIVATEUSE":0,"IAPEXISTS":1,"DODHIFLIP":0,"FAR91":0,"FAR93":0,"MIL_CODE":"CIVIL","AIRANAL":"NOT ANALYZED","US_HIGH":0,"US_LOW":1,"AK_HIGH":0,"AK_LOW":0,"US_AREA":0,"PACIFIC":0}},{"type":"Feature","id":603,"geometry":{"type":"Point","coordinates":[-80.694371800197075,28.61489510078377]},"properties":{"FID":603,"OBJECTID":3377,"GLOBAL_ID":"133796C0-ED9B-4536-A722-0CB360422275","IDENT":"TTS","NAME":"Space Florida Launch and Landing Facility","LATITUDE":"28-36-53.6030N","LONGITUDE":"080-41-39.7280W","ELEVATION":8.5,"ICAO_ID":"KTTS","TYPE_CODE":"AD","SERVCITY":"TITUSVILLE","STATE":"FL","COUNTRY":"UNITED STATES","OPERSTATUS":"OPERATIONAL","PRIVATEUSE":1,"IAPEXISTS":1,"DODHIFLIP":0,"FAR91":0,"FAR93":0,"MIL_CODE":"CIVIL","AIRANAL":"NO OBJECTION","US_HIGH":1,"US_LOW":1,"AK_HIGH":0,"AK_LOW":0,"US_AREA":0,"PACIFIC":0}},{"type":"Feature","id":604,"geometry":{"type":"Point","coordinates":[-80.822001281986502,28.629445656973019]},"properties":{"FID":604,"OBJECTID":3378,"GLOBAL_ID":"ED3A80DC-BF41-4A6B-B23C-B46EC148FA9F","IDENT":"46FL","NAME":"North Brevard Hospital District","LATITUDE":"28-37-45.9850N","LONGITUDE":"080-49-19.1940W","ELEVATION":10,"ICAO_ID":" ","TYPE_CODE":"HP","SERVCITY":"TITUSVILLE","STATE":"FL","COUNTRY":"UNITED STATES","OPERSTATUS":"OPERATIONAL","PRIVATEUSE":1,"IAPEXISTS":0,"DODHIFLIP":0,"FAR91":0,"FAR93":0,"MIL_CODE":"CIVIL","AIRANAL":"CONDITIONAL","US_HIGH":0,"US_LOW":0,"AK_HIGH":0,"AK_LOW":0,"US_AREA":0,"PACIFIC":0}},{"type":"Feature","id":605,"geometry":{"type":"Point","coordinates":[-80.799230160506909,28.514802851838624]},"properties":{"FID":605,"OBJECTID":3379,"GLOBAL_ID":"0085A59D-ECFA-48A7-BC39-D9B26BA68E6C","IDENT":"TIX","NAME":"Space Coast Rgnl","LATITUDE":"28-30-53.2710N","LONGITUDE":"080-47-57.2180W","ELEVATION":34,"ICAO_ID":"KTIX","TYPE_CODE":"AD","SERVCITY":"TITUSVILLE","STATE":"FL","COUNTRY":"UNITED STATES","OPERSTATUS":"OPERATIONAL","PRIVATEUSE":0,"IAPEXISTS":1,"DODHIFLIP":0,"FAR91":0,"FAR93":0,"MIL_CODE":"CIVIL","AIRANAL":"NO OBJECTION","US_HIGH":1,"US_LOW":1,"AK_HIGH":0,"AK_LOW":0,"US_AREA":0,"PACIFIC":0}},{"type":"Feature","id":606,"geometry":{"type":"Point","coordinates":[-82.826235790110275,29.66829834912312]},"properties":{"FID":606,"OBJECTID":3380,"GLOBAL_ID":"669B45AC-44B9-4C2D-AC6D-EFAC197A87A6","IDENT":"FL33","NAME":"Watson Flight Strip","LATITUDE":"29-40-05.8540N","LONGITUDE":"082-49-34.4360W","ELEVATION":55,"ICAO_ID":" ","TYPE_CODE":"AD","SERVCITY":"TRENTON","STATE":"FL","COUNTRY":"UNITED STATES","OPERSTATUS":"OPERATIONAL","PRIVATEUSE":1,"IAPEXISTS":0,"DODHIFLIP":0,"FAR91":0,"FAR93":0,"MIL_CODE":"CIVIL","AIRANAL":"CONDITIONAL","US_HIGH":0,"US_LOW":0,"AK_HIGH":0,"AK_LOW":0,"US_AREA":0,"PACIFIC":0}},{"type":"Feature","id":607,"geometry":{"type":"Point","coordinates":[-82.871253578074231,29.587561106932242]},"properties":{"FID":607,"OBJECTID":3381,"GLOBAL_ID":"EAF2E9DC-8185-4431-B38E-4483DDD06805","IDENT":"6FL8","NAME":"Ames Fld","LATITUDE":"29-35-15.2000N","LONGITUDE":"082-52-16.5000W","ELEVATION":64,"ICAO_ID":" ","TYPE_CODE":"AD","SERVCITY":"TRENTON","STATE":"FL","COUNTRY":"UNITED STATES","OPERSTATUS":"OPERATIONAL","PRIVATEUSE":1,"IAPEXISTS":0,"DODHIFLIP":0,"FAR91":0,"FAR93":0,"MIL_CODE":"CIVIL","AIRANAL":"CONDITIONAL","US_HIGH":0,"US_LOW":0,"AK_HIGH":0,"AK_LOW":0,"US_AREA":0,"PACIFIC":0}},{"type":"Feature","id":608,"geometry":{"type":"Point","coordinates":[-82.72917020797712,29.692338912537195]},"properties":{"FID":608,"OBJECTID":3382,"GLOBAL_ID":"F8664F5A-0C9B-48E6-8A44-3DA06882DF1F","IDENT":"35FD","NAME":"Rush","LATITUDE":"29-41-32.4000N","LONGITUDE":"082-43-45.0000W","ELEVATION":80,"ICAO_ID":" ","TYPE_CODE":"AD","SERVCITY":"TRENTON","STATE":"FL","COUNTRY":"UNITED STATES","OPERSTATUS":"OPERATIONAL","PRIVATEUSE":1,"IAPEXISTS":0,"DODHIFLIP":0,"FAR91":0,"FAR93":0,"MIL_CODE":"CIVIL","AIRANAL":"CONDITIONAL","US_HIGH":0,"US_LOW":0,"AK_HIGH":0,"AK_LOW":0,"US_AREA":0,"PACIFIC":0}},{"type":"Feature","id":609,"geometry":{"type":"Point","coordinates":[-81.651784311902759,28.924740427934069]},"properties":{"FID":609,"OBJECTID":3383,"GLOBAL_ID":"9DD8A2D9-90C8-4D32-8042-E2BFDF2A4685","IDENT":"X23","NAME":"Umatilla Muni","LATITUDE":"28-55-29.0460N","LONGITUDE":"081-39-06.4120W","ELEVATION":106,"ICAO_ID":" ","TYPE_CODE":"AD","SERVCITY":"UMATILLA","STATE":"FL","COUNTRY":"UNITED STATES","OPERSTATUS":"OPERATIONAL","PRIVATEUSE":0,"IAPEXISTS":1,"DODHIFLIP":0,"FAR91":0,"FAR93":0,"MIL_CODE":"CIVIL","AIRANAL":"NOT ANALYZED","US_HIGH":0,"US_LOW":1,"AK_HIGH":0,"AK_LOW":0,"US_AREA":0,"PACIFIC":0}},{"type":"Feature","id":610,"geometry":{"type":"Point","coordinates":[-80.558330628150657,27.960870779132279]},"properties":{"FID":610,"OBJECTID":3384,"GLOBAL_ID":"5AA0C73A-2398-48C9-9A7B-8F0CD579B21E","IDENT":"X59","NAME":"Valkaria","LATITUDE":"27-57-39.1160N","LONGITUDE":"080-33-29.9800W","ELEVATION":25.800000000000001,"ICAO_ID":" ","TYPE_CODE":"AD","SERVCITY":"VALKARIA","STATE":"FL","COUNTRY":"UNITED STATES","OPERSTATUS":"OPERATIONAL","PRIVATEUSE":0,"IAPEXISTS":1,"DODHIFLIP":0,"FAR91":0,"FAR93":0,"MIL_CODE":"CIVIL","AIRANAL":"NOT ANALYZED","US_HIGH":0,"US_LOW":1,"AK_HIGH":0,"AK_LOW":0,"US_AREA":0,"PACIFIC":0}},{"type":"Feature","id":611,"geometry":{"type":"Point","coordinates":[-86.526048988170203,30.483225062298345]},"properties":{"FID":611,"OBJECTID":3385,"GLOBAL_ID":"FBF53100-E642-4C20-A799-898F121A15A3","IDENT":"VPS","NAME":"Eglin AFB/Destin-Ft Walton Beach","LATITUDE":"30-28-59.5899N","LONGITUDE":"086-31-33.7596W","ELEVATION":84,"ICAO_ID":"KVPS","TYPE_CODE":"AD","SERVCITY":"VALPARAISO/DESTIN-FT WALTON BEACH","STATE":"FL","COUNTRY":"UNITED STATES","OPERSTATUS":"OPERATIONAL","PRIVATEUSE":0,"IAPEXISTS":1,"DODHIFLIP":0,"FAR91":0,"FAR93":0,"MIL_CODE":"ALL","AIRANAL":"NOT ANALYZED","US_HIGH":1,"US_LOW":1,"AK_HIGH":0,"AK_LOW":0,"US_AREA":0,"PACIFIC":0}},{"type":"Feature","id":612,"geometry":{"type":"Point","coordinates":[-86.742771389496966,30.633589004838143]},"properties":{"FID":612,"OBJECTID":3386,"GLOBAL_ID":"D221EEF8-8C16-432E-83DF-A2DD1E4318A5","IDENT":"FL34","NAME":"Eglin Aux Fld 6","LATITUDE":"30-38-00.9000N","LONGITUDE":"086-44-33.9600W","ELEVATION":128,"ICAO_ID":" ","TYPE_CODE":"AD","SERVCITY":"VALPARAISO","STATE":"FL","COUNTRY":"UNITED STATES","OPERSTATUS":"OPERATIONAL","PRIVATEUSE":1,"IAPEXISTS":0,"DODHIFLIP":0,"FAR91":0,"FAR93":0,"MIL_CODE":"MIL","AIRANAL":"NOT ANALYZED","US_HIGH":0,"US_LOW":1,"AK_HIGH":0,"AK_LOW":0,"US_AREA":0,"PACIFIC":0}},{"type":"Feature","id":613,"geometry":{"type":"Point","coordinates":[-86.521964022135535,30.64859262633729]},"properties":{"FID":613,"OBJECTID":3387,"GLOBAL_ID":"B431014B-8269-4AEF-9CE4-1BB251528684","IDENT":"EGI","NAME":"Duke Fld,(Eglin AF Aux Nr 3)","LATITUDE":"30-38-54.9130N","LONGITUDE":"086-31-19.0537W","ELEVATION":195.30000000000001,"ICAO_ID":"KEGI","TYPE_CODE":"AD","SERVCITY":"CRESTVIEW","STATE":"FL","COUNTRY":"UNITED STATES","OPERSTATUS":"OPERATIONAL","PRIVATEUSE":1,"IAPEXISTS":0,"DODHIFLIP":1,"FAR91":0,"FAR93":0,"MIL_CODE":"MIL","AIRANAL":"NOT ANALYZED","US_HIGH":1,"US_LOW":1,"AK_HIGH":0,"AK_LOW":0,"US_AREA":0,"PACIFIC":0}},{"type":"Feature","id":614,"geometry":{"type":"Point","coordinates":[-81.891474104826955,28.961934041340157]},"properties":{"FID":614,"OBJECTID":3388,"GLOBAL_ID":"4B41EC33-C181-44E3-9FFD-50C4EAE14B7A","IDENT":"97FL","NAME":"Love Fld","LATITUDE":"28-57-42.9430N","LONGITUDE":"081-53-29.2950W","ELEVATION":80,"ICAO_ID":" ","TYPE_CODE":"AD","SERVCITY":"WEIRSDALE","STATE":"FL","COUNTRY":"UNITED STATES","OPERSTATUS":"OPERATIONAL","PRIVATEUSE":1,"IAPEXISTS":0,"DODHIFLIP":0,"FAR91":0,"FAR93":0,"MIL_CODE":"CIVIL","AIRANAL":"CONDITIONAL","US_HIGH":0,"US_LOW":0,"AK_HIGH":0,"AK_LOW":0,"US_AREA":0,"PACIFIC":0}},{"type":"Feature","id":615,"geometry":{"type":"Point","coordinates":[-81.918697169204904,28.975544321847167]},"properties":{"FID":615,"OBJECTID":3389,"GLOBAL_ID":"474C6560-0F06-46F0-ADAF-477094927415","IDENT":"2FD1","NAME":"Hobby Hill","LATITUDE":"28-58-31.9400N","LONGITUDE":"081-55-07.2980W","ELEVATION":95,"ICAO_ID":" ","TYPE_CODE":"AD","SERVCITY":"WEIRSDALE","STATE":"FL","COUNTRY":"UNITED STATES","OPERSTATUS":"OPERATIONAL","PRIVATEUSE":1,"IAPEXISTS":0,"DODHIFLIP":0,"FAR91":0,"FAR93":0,"MIL_CODE":"CIVIL","AIRANAL":"CONDITIONAL","US_HIGH":0,"US_LOW":0,"AK_HIGH":0,"AK_LOW":0,"US_AREA":0,"PACIFIC":0}},{"type":"Feature","id":616,"geometry":{"type":"Point","coordinates":[-81.656747664516899,29.436086105495178]},"properties":{"FID":616,"OBJECTID":3390,"GLOBAL_ID":"4320C4B4-15A2-432C-8046-7A9D8D035D69","IDENT":"3FL0","NAME":"Mount Royal","LATITUDE":"29-26-09.8900N","LONGITUDE":"081-39-24.2800W","ELEVATION":60,"ICAO_ID":" ","TYPE_CODE":"AD","SERVCITY":"WELAKA","STATE":"FL","COUNTRY":"UNITED STATES","OPERSTATUS":"OPERATIONAL","PRIVATEUSE":1,"IAPEXISTS":0,"DODHIFLIP":0,"FAR91":0,"FAR93":0,"MIL_CODE":"CIVIL","AIRANAL":"NO OBJECTION","US_HIGH":0,"US_LOW":1,"AK_HIGH":0,"AK_LOW":0,"US_AREA":0,"PACIFIC":0}},{"type":"Feature","id":617,"geometry":{"type":"Point","coordinates":[-80.22501938008611,26.633532680427663]},"properties":{"FID":617,"OBJECTID":3391,"GLOBAL_ID":"85ADBDAE-4F42-4283-B6A6-C1B126E0D947","IDENT":"FA59","NAME":"Nitv","LATITUDE":"26-38-00.7000N","LONGITUDE":"080-13-30.0600W","ELEVATION":13,"ICAO_ID":" ","TYPE_CODE":"HP","SERVCITY":"WELLINGTON","STATE":"FL","COUNTRY":"UNITED STATES","OPERSTATUS":"OPERATIONAL","PRIVATEUSE":1,"IAPEXISTS":0,"DODHIFLIP":0,"FAR91":0,"FAR93":0,"MIL_CODE":"CIVIL","AIRANAL":"CONDITIONAL","US_HIGH":0,"US_LOW":0,"AK_HIGH":0,"AK_LOW":0,"US_AREA":0,"PACIFIC":0}},{"type":"Feature","id":618,"geometry":{"type":"Point","coordinates":[-85.86438223912603,30.302147292605923]},"properties":{"FID":618,"OBJECTID":3392,"GLOBAL_ID":"C6F26088-7064-4997-AF3E-42BD77BFF9E7","IDENT":"1FL5","NAME":"West Bay Creek","LATITUDE":"30-18-07.7100N","LONGITUDE":"085-51-51.7600W","ELEVATION":0,"ICAO_ID":" ","TYPE_CODE":"SP","SERVCITY":"WEST BAY","STATE":"FL","COUNTRY":"UNITED STATES","OPERSTATUS":"OPERATIONAL","PRIVATEUSE":1,"IAPEXISTS":0,"DODHIFLIP":0,"FAR91":0,"FAR93":0,"MIL_CODE":"CIVIL","AIRANAL":"CONDITIONAL","US_HIGH":0,"US_LOW":0,"AK_HIGH":0,"AK_LOW":0,"US_AREA":0,"PACIFIC":0}},{"type":"Feature","id":619,"geometry":{"type":"Point","coordinates":[-82.350475600656864,28.194708012339902]},"properties":{"FID":619,"OBJECTID":3393,"GLOBAL_ID":"F6D8F8A1-5724-4FB9-81A2-DDBD7B6FF23B","IDENT":"27FL","NAME":"Adventhealth Wesley Chapel","LATITUDE":"28-11-40.9300N","LONGITUDE":"082-21-01.7000W","ELEVATION":174,"ICAO_ID":" ","TYPE_CODE":"HP","SERVCITY":"WESLEY CHAPEL","STATE":"FL","COUNTRY":"UNITED STATES","OPERSTATUS":"OPERATIONAL","PRIVATEUSE":1,"IAPEXISTS":0,"DODHIFLIP":0,"FAR91":0,"FAR93":0,"MIL_CODE":"CIVIL","AIRANAL":"CONDITIONAL","US_HIGH":0,"US_LOW":0,"AK_HIGH":0,"AK_LOW":0,"US_AREA":0,"PACIFIC":0}},{"type":"Feature","id":620,"geometry":{"type":"Point","coordinates":[-80.295069400942282,26.646713237137021]},"properties":{"FID":620,"OBJECTID":3394,"GLOBAL_ID":"CD208A64-D92F-4EAA-88FC-989679FBACA7","IDENT":"FD38","NAME":"Wellington Aero Club","LATITUDE":"26-38-48.1500N","LONGITUDE":"080-17-42.2400W","ELEVATION":20,"ICAO_ID":" ","TYPE_CODE":"AD","SERVCITY":"WEST PALM BEACH","STATE":"FL","COUNTRY":"UNITED STATES","OPERSTATUS":"OPERATIONAL","PRIVATEUSE":1,"IAPEXISTS":0,"DODHIFLIP":0,"FAR91":0,"FAR93":0,"MIL_CODE":"CIVIL","AIRANAL":"CONDITIONAL","US_HIGH":0,"US_LOW":1,"AK_HIGH":0,"AK_LOW":0,"US_AREA":0,"PACIFIC":0}},{"type":"Feature","id":621,"geometry":{"type":"Point","coordinates":[-80.222336051323964,26.845921622596222]},"properties":{"FID":621,"OBJECTID":3395,"GLOBAL_ID":"52D09F65-6135-469F-82A5-2EAE801A1682","IDENT":"F45","NAME":"North Palm Beach County General Aviation","LATITUDE":"26-50-45.3000N","LONGITUDE":"080-13-20.4000W","ELEVATION":22,"ICAO_ID":" ","TYPE_CODE":"AD","SERVCITY":"WEST PALM BEACH","STATE":"FL","COUNTRY":"UNITED STATES","OPERSTATUS":"OPERATIONAL","PRIVATEUSE":0,"IAPEXISTS":1,"DODHIFLIP":0,"FAR91":0,"FAR93":0,"MIL_CODE":"CIVIL","AIRANAL":"NO OBJECTION","US_HIGH":0,"US_LOW":1,"AK_HIGH":0,"AK_LOW":0,"US_AREA":0,"PACIFIC":0}},{"type":"Feature","id":622,"geometry":{"type":"Point","coordinates":[-80.095594620609347,26.68316658479921]},"properties":{"FID":622,"OBJECTID":3396,"GLOBAL_ID":"B519FB5D-3A80-48DA-BAC8-80F422C244CD","IDENT":"DJT","NAME":"President Donald J Trump Intl","LATITUDE":"26-40-59.3820N","LONGITUDE":"080-05-44.1310W","ELEVATION":19.600000000000001,"ICAO_ID":"KDJT","TYPE_CODE":"AD","SERVCITY":"WEST PALM BEACH","STATE":"FL","COUNTRY":"UNITED STATES","OPERSTATUS":"OPERATIONAL","PRIVATEUSE":0,"IAPEXISTS":1,"DODHIFLIP":0,"FAR91":0,"FAR93":0,"MIL_CODE":"CIVIL","AIRANAL":"NO OBJECTION","US_HIGH":1,"US_LOW":1,"AK_HIGH":0,"AK_LOW":0,"US_AREA":0,"PACIFIC":0}},{"type":"Feature","id":623,"geometry":{"type":"Point","coordinates":[-80.085067114997912,26.593051006449684]},"properties":{"FID":623,"OBJECTID":3397,"GLOBAL_ID":"0B5FF35F-0040-4AB9-ABF3-EF8749B16017","IDENT":"LNA","NAME":"Palm Beach County Park","LATITUDE":"26-35-34.9660N","LONGITUDE":"080-05-06.2320W","ELEVATION":14.4,"ICAO_ID":"KLNA","TYPE_CODE":"AD","SERVCITY":"WEST PALM BEACH","STATE":"FL","COUNTRY":"UNITED STATES","OPERSTATUS":"OPERATIONAL","PRIVATEUSE":0,"IAPEXISTS":1,"DODHIFLIP":0,"FAR91":0,"FAR93":0,"MIL_CODE":"CIVIL","AIRANAL":"NO OBJECTION","US_HIGH":0,"US_LOW":1,"AK_HIGH":0,"AK_LOW":0,"US_AREA":0,"PACIFIC":0}},{"type":"Feature","id":624,"geometry":{"type":"Point","coordinates":[-80.452832811418034,27.708646274870262]},"properties":{"FID":624,"OBJECTID":3398,"GLOBAL_ID":"E11B21FA-8246-4C8F-9D14-ED68D13675A7","IDENT":"FL95","NAME":"Broocke Air Patch","LATITUDE":"27-42-31.1080N","LONGITUDE":"080-27-10.1880W","ELEVATION":22,"ICAO_ID":" ","TYPE_CODE":"AD","SERVCITY":"WINTER BEACH","STATE":"FL","COUNTRY":"UNITED STATES","OPERSTATUS":"OPERATIONAL","PRIVATEUSE":1,"IAPEXISTS":0,"DODHIFLIP":0,"FAR91":0,"FAR93":0,"MIL_CODE":"CIVIL","AIRANAL":"CONDITIONAL","US_HIGH":0,"US_LOW":0,"AK_HIGH":0,"AK_LOW":0,"US_AREA":0,"PACIFIC":0}},{"type":"Feature","id":625,"geometry":{"type":"Point","coordinates":[-81.753317645441314,28.062925495859815]},"properties":{"FID":625,"OBJECTID":3399,"GLOBAL_ID":"8D47C6CA-4336-44B3-BBC6-CDAAAE204CCE","IDENT":"GIF","NAME":"Winter Haven Rgnl","LATITUDE":"28-03-46.5130N","LONGITUDE":"081-45-11.9320W","ELEVATION":145.5,"ICAO_ID":"KGIF","TYPE_CODE":"AD","SERVCITY":"WINTER HAVEN","STATE":"FL","COUNTRY":"UNITED STATES","OPERSTATUS":"OPERATIONAL","PRIVATEUSE":0,"IAPEXISTS":1,"DODHIFLIP":0,"FAR91":0,"FAR93":0,"MIL_CODE":"CIVIL","AIRANAL":"NO OBJECTION","US_HIGH":1,"US_LOW":1,"AK_HIGH":0,"AK_LOW":0,"US_AREA":0,"PACIFIC":0}},{"type":"Feature","id":626,"geometry":{"type":"Point","coordinates":[-81.725064303140925,28.028810766309903]},"properties":{"FID":626,"OBJECTID":3400,"GLOBAL_ID":"A89AE87E-C264-4E50-B700-4B90B195ABB2","IDENT":"60FD","NAME":"Winter Haven Hospital","LATITUDE":"28-01-43.7000N","LONGITUDE":"081-43-30.2200W","ELEVATION":175,"ICAO_ID":" ","TYPE_CODE":"HP","SERVCITY":"WINTER HAVEN","STATE":"FL","COUNTRY":"UNITED STATES","OPERSTATUS":"OPERATIONAL","PRIVATEUSE":1,"IAPEXISTS":0,"DODHIFLIP":0,"FAR91":0,"FAR93":0,"MIL_CODE":"CIVIL","AIRANAL":"CONDITIONAL","US_HIGH":0,"US_LOW":0,"AK_HIGH":0,"AK_LOW":0,"US_AREA":0,"PACIFIC":0}},{"type":"Feature","id":627,"geometry":{"type":"Point","coordinates":[-81.675003177230678,28.016949652704852]},"properties":{"FID":627,"OBJECTID":3401,"GLOBAL_ID":"103824E7-6DD3-4B02-BD97-257DB41A1EA6","IDENT":"7FL1","NAME":"Adams Exec","LATITUDE":"28-01-01.0000N","LONGITUDE":"081-40-30.0000W","ELEVATION":137,"ICAO_ID":" ","TYPE_CODE":"HP","SERVCITY":"WINTER HAVEN","STATE":"FL","COUNTRY":"UNITED STATES","OPERSTATUS":"OPERATIONAL","PRIVATEUSE":1,"IAPEXISTS":0,"DODHIFLIP":0,"FAR91":0,"FAR93":0,"MIL_CODE":"CIVIL","AIRANAL":"CONDITIONAL","US_HIGH":0,"US_LOW":0,"AK_HIGH":0,"AK_LOW":0,"US_AREA":0,"PACIFIC":0}},{"type":"Feature","id":628,"geometry":{"type":"Point","coordinates":[-81.762808760019141,28.057505216304662]},"properties":{"FID":628,"OBJECTID":3402,"GLOBAL_ID":"6818A9F9-E5FE-49EA-AD78-76D68B81E413","IDENT":"F57","NAME":"Jack Browns","LATITUDE":"28-03-27.0000N","LONGITUDE":"081-45-46.1000W","ELEVATION":140,"ICAO_ID":" ","TYPE_CODE":"SP","SERVCITY":"WINTER HAVEN","STATE":"FL","COUNTRY":"UNITED STATES","OPERSTATUS":"OPERATIONAL","PRIVATEUSE":0,"IAPEXISTS":0,"DODHIFLIP":0,"FAR91":0,"FAR93":0,"MIL_CODE":"CIVIL","AIRANAL":"CONDITIONAL","US_HIGH":0,"US_LOW":0,"AK_HIGH":0,"AK_LOW":0,"US_AREA":0,"PACIFIC":0}},{"type":"Feature","id":629,"geometry":{"type":"Point","coordinates":[-81.270068915589832,28.714723443759965]},"properties":{"FID":629,"OBJECTID":3403,"GLOBAL_ID":"4CC47F5C-254D-4A61-885C-546EFFB1AF2C","IDENT":"FD98","NAME":"Ferguson","LATITUDE":"28-42-52.9850N","LONGITUDE":"081-16-12.2370W","ELEVATION":3,"ICAO_ID":" ","TYPE_CODE":"SP","SERVCITY":"WINTER SPRINGS","STATE":"FL","COUNTRY":"UNITED STATES","OPERSTATUS":"OPERATIONAL","PRIVATEUSE":1,"IAPEXISTS":0,"DODHIFLIP":0,"FAR91":0,"FAR93":0,"MIL_CODE":"CIVIL","AIRANAL":"CONDITIONAL","US_HIGH":0,"US_LOW":0,"AK_HIGH":0,"AK_LOW":0,"US_AREA":0,"PACIFIC":0}},{"type":"Feature","id":630,"geometry":{"type":"Point","coordinates":[-82.410670125043794,29.935522312596845]},"properties":{"FID":630,"OBJECTID":3404,"GLOBAL_ID":"768790C4-0D65-4FC9-9D9D-F850FEDD6E97","IDENT":"FL54","NAME":"Flying Tiger Fld","LATITUDE":"29-56-07.8600N","LONGITUDE":"082-24-38.4000W","ELEVATION":115,"ICAO_ID":" ","TYPE_CODE":"AD","SERVCITY":"WORTHINGTON","STATE":"FL","COUNTRY":"UNITED STATES","OPERSTATUS":"OPERATIONAL","PRIVATEUSE":1,"IAPEXISTS":0,"DODHIFLIP":0,"FAR91":0,"FAR93":0,"MIL_CODE":"CIVIL","AIRANAL":"CONDITIONAL","US_HIGH":1,"US_LOW":1,"AK_HIGH":0,"AK_LOW":0,"US_AREA":0,"PACIFIC":0}},{"type":"Feature","id":631,"geometry":{"type":"Point","coordinates":[-82.429725646964641,28.882227618755849]},"properties":{"FID":631,"OBJECTID":3405,"GLOBAL_ID":"792DD768-95E6-429F-9CD5-7B96539865AF","IDENT":"FL48","NAME":"Sierra Airpark","LATITUDE":"28-52-56.0000N","LONGITUDE":"082-25-47.0000W","ELEVATION":115,"ICAO_ID":" ","TYPE_CODE":"UL","SERVCITY":"WORTHINGTON SPRINGS","STATE":"FL","COUNTRY":"UNITED STATES","OPERSTATUS":"OPERATIONAL","PRIVATEUSE":1,"IAPEXISTS":0,"DODHIFLIP":0,"FAR91":0,"FAR93":0,"MIL_CODE":"CIVIL","AIRANAL":"CONDITIONAL","US_HIGH":0,"US_LOW":0,"AK_HIGH":0,"AK_LOW":0,"US_AREA":0,"PACIFIC":0}},{"type":"Feature","id":632,"geometry":{"type":"Point","coordinates":[-81.09979105841137,27.77864405409116]},"properties":{"FID":632,"OBJECTID":3406,"GLOBAL_ID":"10F9F553-7E19-4B36-AFD5-517A07D9CEBC","IDENT":"6FD5","NAME":"Blanket Bay","LATITUDE":"27-46-43.1000N","LONGITUDE":"081-05-59.2370W","ELEVATION":65,"ICAO_ID":" ","TYPE_CODE":"AD","SERVCITY":"YEEHAW JUNCTION","STATE":"FL","COUNTRY":"UNITED STATES","OPERSTATUS":"OPERATIONAL","PRIVATEUSE":1,"IAPEXISTS":0,"DODHIFLIP":0,"FAR91":0,"FAR93":0,"MIL_CODE":"CIVIL","AIRANAL":"CONDITIONAL","US_HIGH":0,"US_LOW":0,"AK_HIGH":0,"AK_LOW":0,"US_AREA":0,"PACIFIC":0}},{"type":"Feature","id":633,"geometry":{"type":"Point","coordinates":[-81.534783786234243,30.626886388388868]},"properties":{"FID":633,"OBJECTID":3407,"GLOBAL_ID":"D3D92288-C2EC-489F-A855-27D0F22A2A6B","IDENT":"83FL","NAME":"Nassau","LATITUDE":"30-37-36.7700N","LONGITUDE":"081-32-05.2100W","ELEVATION":20,"ICAO_ID":" ","TYPE_CODE":"AD","SERVCITY":"YULEE","STATE":"FL","COUNTRY":"UNITED STATES","OPERSTATUS":"OPERATIONAL","PRIVATEUSE":1,"IAPEXISTS":0,"DODHIFLIP":0,"FAR91":0,"FAR93":0,"MIL_CODE":"CIVIL","AIRANAL":"CONDITIONAL","US_HIGH":0,"US_LOW":1,"AK_HIGH":0,"AK_LOW":0,"US_AREA":1,"PACIFIC":0}},{"type":"Feature","id":634,"geometry":{"type":"Point","coordinates":[-82.043702142887071,27.042561628679607]},"properties":{"FID":634,"OBJECTID":3421,"GLOBAL_ID":"4CBA810F-030D-41A1-970C-4E4B026FF6BA","IDENT":"20FL","NAME":"Lake Suzy Estates","LATITUDE":"27-02-33.2040N","LONGITUDE":"082-02-37.3160W","ELEVATION":25,"ICAO_ID":" ","TYPE_CODE":"AD","SERVCITY":"PORT CHARLOTTE","STATE":"FL","COUNTRY":"UNITED STATES","OPERSTATUS":"OPERATIONAL","PRIVATEUSE":1,"IAPEXISTS":0,"DODHIFLIP":0,"FAR91":0,"FAR93":0,"MIL_CODE":"CIVIL","AIRANAL":"CONDITIONAL","US_HIGH":0,"US_LOW":0,"AK_HIGH":0,"AK_LOW":0,"US_AREA":0,"PACIFIC":0}},{"type":"Feature","id":635,"geometry":{"type":"Point","coordinates":[-82.095217156334115,26.99368550444035]},"properties":{"FID":635,"OBJECTID":3422,"GLOBAL_ID":"206F6E6E-E738-4ABE-A046-FA3B71148568","IDENT":"FA01","NAME":"Adventhealth Port Charlotte","LATITUDE":"26-59-37.2500N","LONGITUDE":"082-05-42.7700W","ELEVATION":13,"ICAO_ID":" ","TYPE_CODE":"HP","SERVCITY":"PORT CHARLOTTE","STATE":"FL","COUNTRY":"UNITED STATES","OPERSTATUS":"OPERATIONAL","PRIVATEUSE":1,"IAPEXISTS":0,"DODHIFLIP":0,"FAR91":0,"FAR93":0,"MIL_CODE":"CIVIL","AIRANAL":"CONDITIONAL","US_HIGH":0,"US_LOW":0,"AK_HIGH":0,"AK_LOW":0,"US_AREA":0,"PACIFIC":0}},{"type":"Feature","id":636,"geometry":{"type":"Point","coordinates":[-85.289088998327372,29.758549130699919]},"properties":{"FID":636,"OBJECTID":3423,"GLOBAL_ID":"5D0C90EB-CCAC-47D0-93C9-3ACAE7CB2D54","IDENT":"A51","NAME":"Costin","LATITUDE":"29-45-30.7570N","LONGITUDE":"085-17-20.7050W","ELEVATION":13,"ICAO_ID":" ","TYPE_CODE":"AD","SERVCITY":"PORT ST JOE","STATE":"FL","COUNTRY":"UNITED STATES","OPERSTATUS":"OPERATIONAL","PRIVATEUSE":0,"IAPEXISTS":0,"DODHIFLIP":0,"FAR91":0,"FAR93":0,"MIL_CODE":"CIVIL","AIRANAL":"CONDITIONAL","US_HIGH":0,"US_LOW":0,"AK_HIGH":0,"AK_LOW":0,"US_AREA":0,"PACIFIC":0}},{"type":"Feature","id":637,"geometry":{"type":"Point","coordinates":[-85.288884833051725,29.778383302246311]},"properties":{"FID":637,"OBJECTID":3424,"GLOBAL_ID":"1DEF1ACE-9375-4301-8DC1-8FBAC25520EF","IDENT":"8FA5","NAME":"Sacred Heart Hospital On The Gulf","LATITUDE":"29-46-42.1600N","LONGITUDE":"085-17-19.9700W","ELEVATION":15,"ICAO_ID":" ","TYPE_CODE":"HP","SERVCITY":"PORT ST.  JOE","STATE":"FL","COUNTRY":"UNITED STATES","OPERSTATUS":"OPERATIONAL","PRIVATEUSE":1,"IAPEXISTS":0,"DODHIFLIP":0,"FAR91":0,"FAR93":0,"MIL_CODE":"CIVIL","AIRANAL":"CONDITIONAL","US_HIGH":0,"US_LOW":0,"AK_HIGH":0,"AK_LOW":0,"US_AREA":0,"PACIFIC":0}},{"type":"Feature","id":638,"geometry":{"type":"Point","coordinates":[-80.52061253846216,27.221162819933738]},"properties":{"FID":638,"OBJECTID":3425,"GLOBAL_ID":"FD641E05-2839-43C8-B0DB-A72628418A0A","IDENT":"FD24","NAME":"Southern Fruit Groves","LATITUDE":"27-13-16.1680N","LONGITUDE":"080-31-14.1950W","ELEVATION":26,"ICAO_ID":" ","TYPE_CODE":"AD","SERVCITY":"PORT ST. LUCIE","STATE":"FL","COUNTRY":"UNITED STATES","OPERSTATUS":"OPERATIONAL","PRIVATEUSE":1,"IAPEXISTS":0,"DODHIFLIP":0,"FAR91":0,"FAR93":0,"MIL_CODE":"CIVIL","AIRANAL":"CONDITIONAL","US_HIGH":0,"US_LOW":0,"AK_HIGH":0,"AK_LOW":0,"US_AREA":0,"PACIFIC":0}},{"type":"Feature","id":639,"geometry":{"type":"Point","coordinates":[-80.292855529875396,27.288452286010568]},"properties":{"FID":639,"OBJECTID":3426,"GLOBAL_ID":"1C1B2CD7-BCA4-4D95-8E6A-B9111AE51B45","IDENT":"FL22","NAME":"Hca Florida St Lucie Hospital","LATITUDE":"27-17-18.4100N","LONGITUDE":"080-17-34.2700W","ELEVATION":16,"ICAO_ID":" ","TYPE_CODE":"HP","SERVCITY":"PORT ST LUCIE","STATE":"FL","COUNTRY":"UNITED STATES","OPERSTATUS":"OPERATIONAL","PRIVATEUSE":1,"IAPEXISTS":0,"DODHIFLIP":0,"FAR91":0,"FAR93":0,"MIL_CODE":"CIVIL","AIRANAL":"CONDITIONAL","US_HIGH":0,"US_LOW":0,"AK_HIGH":0,"AK_LOW":0,"US_AREA":0,"PACIFIC":0}},{"type":"Feature","id":640,"geometry":{"type":"Point","coordinates":[-81.990889345957044,26.91859743242469]},"properties":{"FID":640,"OBJECTID":3427,"GLOBAL_ID":"61ACA8B2-C391-4D35-95B8-3BFE9B4F805F","IDENT":"PGD","NAME":"Punta Gorda","LATITUDE":"26-55-06.9330N","LONGITUDE":"081-59-27.1900W","ELEVATION":25.5,"ICAO_ID":"KPGD","TYPE_CODE":"AD","SERVCITY":"PUNTA GORDA","STATE":"FL","COUNTRY":"UNITED STATES","OPERSTATUS":"OPERATIONAL","PRIVATEUSE":0,"IAPEXISTS":1,"DODHIFLIP":0,"FAR91":0,"FAR93":0,"MIL_CODE":"CIVIL","AIRANAL":"NO OBJECTION","US_HIGH":1,"US_LOW":1,"AK_HIGH":0,"AK_LOW":0,"US_AREA":0,"PACIFIC":0}},{"type":"Feature","id":641,"geometry":{"type":"Point","coordinates":[-81.916308770847877,26.968616057505471]},"properties":{"FID":641,"OBJECTID":3428,"GLOBAL_ID":"C39215DA-6C9D-459D-AB8A-8518DC9110C3","IDENT":"F13","NAME":"Shell Creek Airpark","LATITUDE":"26-58-07.0000N","LONGITUDE":"081-54-58.7000W","ELEVATION":20,"ICAO_ID":" ","TYPE_CODE":"AD","SERVCITY":"PUNTA GORDA","STATE":"FL","COUNTRY":"UNITED STATES","OPERSTATUS":"OPERATIONAL","PRIVATEUSE":0,"IAPEXISTS":0,"DODHIFLIP":0,"FAR91":0,"FAR93":0,"MIL_CODE":"CIVIL","AIRANAL":"CONDITIONAL","US_HIGH":0,"US_LOW":0,"AK_HIGH":0,"AK_LOW":0,"US_AREA":0,"PACIFIC":0}},{"type":"Feature","id":642,"geometry":{"type":"Point","coordinates":[-81.567025334725486,26.937286058006691]},"properties":{"FID":642,"OBJECTID":3429,"GLOBAL_ID":"18648990-506E-426C-A0FE-2B0E9261BF3E","IDENT":"6FL3","NAME":"Payson Ranch","LATITUDE":"26-56-14.2120N","LONGITUDE":"081-34-01.2800W","ELEVATION":62,"ICAO_ID":" ","TYPE_CODE":"AD","SERVCITY":"PUNTA GORDA","STATE":"FL","COUNTRY":"UNITED STATES","OPERSTATUS":"OPERATIONAL","PRIVATEUSE":1,"IAPEXISTS":0,"DODHIFLIP":0,"FAR91":0,"FAR93":0,"MIL_CODE":"CIVIL","AIRANAL":"CONDITIONAL","US_HIGH":0,"US_LOW":1,"AK_HIGH":0,"AK_LOW":0,"US_AREA":0,"PACIFIC":0}},{"type":"Feature","id":643,"geometry":{"type":"Point","coordinates":[-81.870944868245886,26.952585499626991]},"properties":{"FID":643,"OBJECTID":3430,"GLOBAL_ID":"3C4C6F32-B173-4265-8689-1A1DE2F0FE5B","IDENT":"40FL","NAME":"Adana Airfield","LATITUDE":"26-57-09.2900N","LONGITUDE":"081-52-15.3900W","ELEVATION":30,"ICAO_ID":" ","TYPE_CODE":"AD","SERVCITY":"PUNTA GORDA","STATE":"FL","COUNTRY":"UNITED STATES","OPERSTATUS":"OPERATIONAL","PRIVATEUSE":1,"IAPEXISTS":0,"DODHIFLIP":0,"FAR91":0,"FAR93":0,"MIL_CODE":"CIVIL","AIRANAL":"CONDITIONAL","US_HIGH":0,"US_LOW":0,"AK_HIGH":0,"AK_LOW":0,"US_AREA":0,"PACIFIC":0}},{"type":"Feature","id":644,"geometry":{"type":"Point","coordinates":[-84.557444380233505,30.597892122473922]},"properties":{"FID":644,"OBJECTID":3431,"GLOBAL_ID":"5CEBF012-E964-41CF-8A56-C5FE5395C847","IDENT":"2J9","NAME":"Quincy Muni","LATITUDE":"30-35-52.3910N","LONGITUDE":"084-33-26.7850W","ELEVATION":221.19999999999999,"ICAO_ID":" ","TYPE_CODE":"AD","SERVCITY":"QUINCY","STATE":"FL","COUNTRY":"UNITED STATES","OPERSTATUS":"OPERATIONAL","PRIVATEUSE":0,"IAPEXISTS":1,"DODHIFLIP":0,"FAR91":0,"FAR93":0,"MIL_CODE":"CIVIL","AIRANAL":"NOT ANALYZED","US_HIGH":0,"US_LOW":1,"AK_HIGH":0,"AK_LOW":0,"US_AREA":0,"PACIFIC":0}},{"type":"Feature","id":645,"geometry":{"type":"Point","coordinates":[-84.549914931938133,30.570478783485271]},"properties":{"FID":645,"OBJECTID":3432,"GLOBAL_ID":"E2177406-D6AB-41C3-8262-AE883464D8C2","IDENT":"29FD","NAME":"Gadsden Meml Hospital","LATITUDE":"30-34-13.7030N","LONGITUDE":"084-32-59.6790W","ELEVATION":230,"ICAO_ID":" ","TYPE_CODE":"HP","SERVCITY":"QUINCY","STATE":"FL","COUNTRY":"UNITED STATES","OPERSTATUS":"OPERATIONAL","PRIVATEUSE":1,"IAPEXISTS":0,"DODHIFLIP":0,"FAR91":0,"FAR93":0,"MIL_CODE":"CIVIL","AIRANAL":"CONDITIONAL","US_HIGH":0,"US_LOW":0,"AK_HIGH":0,"AK_LOW":0,"US_AREA":0,"PACIFIC":0}},{"type":"Feature","id":646,"geometry":{"type":"Point","coordinates":[-81.304508632893999,28.243249717032711]},"properties":{"FID":646,"OBJECTID":3433,"GLOBAL_ID":"2D621CDE-8F6F-4338-8EA7-611A10F73627","IDENT":"FD52","NAME":"Orland Health St Cloud Hospital","LATITUDE":"28-14-35.6800N","LONGITUDE":"081-18-16.2200W","ELEVATION":78,"ICAO_ID":" ","TYPE_CODE":"HP","SERVCITY":"ST CLOUD","STATE":"FL","COUNTRY":"UNITED STATES","OPERSTATUS":"OPERATIONAL","PRIVATEUSE":1,"IAPEXISTS":0,"DODHIFLIP":0,"FAR91":0,"FAR93":0,"MIL_CODE":"CIVIL","AIRANAL":"CONDITIONAL","US_HIGH":0,"US_LOW":0,"AK_HIGH":0,"AK_LOW":0,"US_AREA":0,"PACIFIC":0}},{"type":"Feature","id":647,"geometry":{"type":"Point","coordinates":[-81.250003063971235,28.333005296174349]},"properties":{"FID":647,"OBJECTID":3434,"GLOBAL_ID":"0A562A7A-35B4-4D9F-827A-15D5F0B0F1A1","IDENT":"FA78","NAME":"Robinestte","LATITUDE":"28-19-58.8000N","LONGITUDE":"081-15-00.0000W","ELEVATION":58,"ICAO_ID":" ","TYPE_CODE":"SP","SERVCITY":"ST CLOUD","STATE":"FL","COUNTRY":"UNITED STATES","OPERSTATUS":"OPERATIONAL","PRIVATEUSE":1,"IAPEXISTS":0,"DODHIFLIP":0,"FAR91":0,"FAR93":0,"MIL_CODE":"CIVIL","AIRANAL":"CONDITIONAL","US_HIGH":0,"US_LOW":0,"AK_HIGH":0,"AK_LOW":0,"US_AREA":0,"PACIFIC":0}},{"type":"Feature","id":648,"geometry":{"type":"Point","coordinates":[-81.364936426812903,28.222899710551872]},"properties":{"FID":648,"OBJECTID":3435,"GLOBAL_ID":"4CF58894-81D9-48DE-BC28-963B664B2D7E","IDENT":"3FA3","NAME":"Southfork","LATITUDE":"28-13-22.4200N","LONGITUDE":"081-21-53.7600W","ELEVATION":61,"ICAO_ID":" ","TYPE_CODE":"HP","SERVCITY":"SAINT CLOUD","STATE":"FL","COUNTRY":"UNITED STATES","OPERSTATUS":"OPERATIONAL","PRIVATEUSE":1,"IAPEXISTS":0,"DODHIFLIP":0,"FAR91":0,"FAR93":0,"MIL_CODE":"CIVIL","AIRANAL":"CONDITIONAL","US_HIGH":0,"US_LOW":0,"AK_HIGH":0,"AK_LOW":0,"US_AREA":0,"PACIFIC":0}},{"type":"Feature","id":649,"geometry":{"type":"Point","coordinates":[-81.234799720809178,28.157520810018866]},"properties":{"FID":649,"OBJECTID":3436,"GLOBAL_ID":"E2CCAB1F-5A68-4C50-A0BD-ED9F0E3F371D","IDENT":"72FL","NAME":"Gator Airpark","LATITUDE":"28-09-27.0560N","LONGITUDE":"081-14-05.2680W","ELEVATION":68,"ICAO_ID":" ","TYPE_CODE":"AD","SERVCITY":"ST CLOUD","STATE":"FL","COUNTRY":"UNITED STATES","OPERSTATUS":"OPERATIONAL","PRIVATEUSE":1,"IAPEXISTS":0,"DODHIFLIP":0,"FAR91":0,"FAR93":0,"MIL_CODE":"CIVIL","AIRANAL":"CONDITIONAL","US_HIGH":0,"US_LOW":0,"AK_HIGH":0,"AK_LOW":0,"US_AREA":0,"PACIFIC":0}},{"type":"Feature","id":650,"geometry":{"type":"Point","coordinates":[-81.263405283479472,28.137243304366507]},"properties":{"FID":650,"OBJECTID":3437,"GLOBAL_ID":"3E7A0124-1EBC-47AD-8EBA-743EC6B846D2","IDENT":"FD37","NAME":"Gentry","LATITUDE":"28-08-14.0570N","LONGITUDE":"081-15-48.2480W","ELEVATION":80,"ICAO_ID":" ","TYPE_CODE":"AD","SERVCITY":"ST CLOUD","STATE":"FL","COUNTRY":"UNITED STATES","OPERSTATUS":"OPERATIONAL","PRIVATEUSE":1,"IAPEXISTS":0,"DODHIFLIP":0,"FAR91":0,"FAR93":0,"MIL_CODE":"CIVIL","AIRANAL":"CONDITIONAL","US_HIGH":0,"US_LOW":0,"AK_HIGH":0,"AK_LOW":0,"US_AREA":0,"PACIFIC":0}},{"type":"Feature","id":651,"geometry":{"type":"Point","coordinates":[-81.119234688808149,28.208629713375274]},"properties":{"FID":651,"OBJECTID":3438,"GLOBAL_ID":"0F168ED4-8A4E-4693-AEB0-08EEA7F8FA7D","IDENT":"57FA","NAME":"Lake X","LATITUDE":"28-12-31.0480N","LONGITUDE":"081-07-09.2340W","ELEVATION":72,"ICAO_ID":" ","TYPE_CODE":"AD","SERVCITY":"ST CLOUD","STATE":"FL","COUNTRY":"UNITED STATES","OPERSTATUS":"OPERATIONAL","PRIVATEUSE":1,"IAPEXISTS":0,"DODHIFLIP":0,"FAR91":0,"FAR93":0,"MIL_CODE":"CIVIL","AIRANAL":"NOT ANALYZED","US_HIGH":1,"US_LOW":1,"AK_HIGH":0,"AK_LOW":0,"US_AREA":0,"PACIFIC":0}},{"type":"Feature","id":652,"geometry":{"type":"Point","coordinates":[-82.626943166507715,27.765119290594669]},"properties":{"FID":652,"OBJECTID":3439,"GLOBAL_ID":"7EE173B8-AA4E-4234-9362-A89FFCE3B660","IDENT":"SPG","NAME":"Albert Whitted","LATITUDE":"27-45-54.4110N","LONGITUDE":"082-37-36.9830W","ELEVATION":6.5999999999999996,"ICAO_ID":"KSPG","TYPE_CODE":"AD","SERVCITY":"ST PETERSBURG","STATE":"FL","COUNTRY":"UNITED STATES","OPERSTATUS":"OPERATIONAL","PRIVATEUSE":0,"IAPEXISTS":1,"DODHIFLIP":0,"FAR91":0,"FAR93":0,"MIL_CODE":"CIVIL","AIRANAL":"NO OBJECTION","US_HIGH":0,"US_LOW":1,"AK_HIGH":0,"AK_LOW":0,"US_AREA":0,"PACIFIC":0}},{"type":"Feature","id":653,"geometry":{"type":"Point","coordinates":[-82.782364601733093,27.810396797606757]},"properties":{"FID":653,"OBJECTID":3440,"GLOBAL_ID":"9197DCD6-9EF0-4039-90E9-8D2D8959382F","IDENT":"FD64","NAME":"Bay Pines Veterans Administration","LATITUDE":"27-48-37.4100N","LONGITUDE":"082-46-56.5000W","ELEVATION":9,"ICAO_ID":" ","TYPE_CODE":"HP","SERVCITY":"ST PETERSBURG","STATE":"FL","COUNTRY":"UNITED STATES","OPERSTATUS":"OPERATIONAL","PRIVATEUSE":1,"IAPEXISTS":0,"DODHIFLIP":0,"FAR91":0,"FAR93":0,"MIL_CODE":"CIVIL","AIRANAL":"CONDITIONAL","US_HIGH":0,"US_LOW":0,"AK_HIGH":0,"AK_LOW":0,"US_AREA":0,"PACIFIC":0}},{"type":"Feature","id":654,"geometry":{"type":"Point","coordinates":[-82.642303448868631,27.763032900702342]},"properties":{"FID":654,"OBJECTID":3441,"GLOBAL_ID":"0F936FA9-6C3E-4E38-A5F6-0AE62151E8B8","IDENT":"2FD3","NAME":"Bayfront Health - St Petersburg","LATITUDE":"27-45-46.9000N","LONGITUDE":"082-38-32.2800W","ELEVATION":128,"ICAO_ID":" ","TYPE_CODE":"HP","SERVCITY":"ST PETERSBURG","STATE":"FL","COUNTRY":"UNITED STATES","OPERSTATUS":"OPERATIONAL","PRIVATEUSE":1,"IAPEXISTS":0,"DODHIFLIP":0,"FAR91":0,"FAR93":0,"MIL_CODE":"CIVIL","AIRANAL":"CONDITIONAL","US_HIGH":0,"US_LOW":0,"AK_HIGH":0,"AK_LOW":0,"US_AREA":0,"PACIFIC":0}},{"type":"Feature","id":655,"geometry":{"type":"Point","coordinates":[-82.686513466284907,27.908638767756827]},"properties":{"FID":655,"OBJECTID":3442,"GLOBAL_ID":"6D9B12C2-2E29-47E5-BE8C-B9C12DC8C0E0","IDENT":"PIE","NAME":"St Pete-Clearwater Intl","LATITUDE":"27-54-31.0810N","LONGITUDE":"082-41-11.4360W","ELEVATION":10.699999999999999,"ICAO_ID":"KPIE","TYPE_CODE":"AD","SERVCITY":"ST PETERSBURG-CLEARWATER","STATE":"FL","COUNTRY":"UNITED STATES","OPERSTATUS":"OPERATIONAL","PRIVATEUSE":0,"IAPEXISTS":1,"DODHIFLIP":0,"FAR91":0,"FAR93":0,"MIL_CODE":"CIVIL","AIRANAL":"NO OBJECTION","US_HIGH":1,"US_LOW":1,"AK_HIGH":0,"AK_LOW":0,"US_AREA":0,"PACIFIC":0}},{"type":"Feature","id":656,"geometry":{"type":"Point","coordinates":[-81.132475274642843,29.010449906412191]},"properties":{"FID":656,"OBJECTID":3443,"GLOBAL_ID":"702169BF-5B35-4E46-AF22-B60750685175","IDENT":"8FA4","NAME":"New Smyrna Beach","LATITUDE":"29-00-37.6000N","LONGITUDE":"081-07-56.9000W","ELEVATION":40,"ICAO_ID":" ","TYPE_CODE":"AD","SERVCITY":"SAMSULA","STATE":"FL","COUNTRY":"UNITED STATES","OPERSTATUS":"OPERATIONAL","PRIVATEUSE":1,"IAPEXISTS":0,"DODHIFLIP":0,"FAR91":0,"FAR93":0,"MIL_CODE":"CIVIL","AIRANAL":"CONDITIONAL","US_HIGH":0,"US_LOW":0,"AK_HIGH":0,"AK_LOW":0,"US_AREA":0,"PACIFIC":0}},{"type":"Feature","id":657,"geometry":{"type":"Point","coordinates":[-80.495586160168955,27.813255188515086]},"properties":{"FID":657,"OBJECTID":3444,"GLOBAL_ID":"886B5533-CE06-432E-9EAD-24B1F8BA9AC4","IDENT":"X26","NAME":"Sebastian Muni","LATITUDE":"27-48-47.7000N","LONGITUDE":"080-29-44.1000W","ELEVATION":21.5,"ICAO_ID":" ","TYPE_CODE":"AD","SERVCITY":"SEBASTIAN","STATE":"FL","COUNTRY":"UNITED STATES","OPERSTATUS":"OPERATIONAL","PRIVATEUSE":0,"IAPEXISTS":1,"DODHIFLIP":0,"FAR91":0,"FAR93":0,"MIL_CODE":"CIVIL","AIRANAL":"NOT ANALYZED","US_HIGH":0,"US_LOW":1,"AK_HIGH":0,"AK_LOW":0,"US_AREA":0,"PACIFIC":0}},{"type":"Feature","id":658,"geometry":{"type":"Point","coordinates":[-81.342391952022751,27.456393969191481]},"properties":{"FID":658,"OBJECTID":3445,"GLOBAL_ID":"5EE9B9D6-4CE5-4BA4-8611-FBAEC673C15E","IDENT":"SEF","NAME":"Sebring Rgnl","LATITUDE":"27-27-23.0000N","LONGITUDE":"081-20-32.6000W","ELEVATION":61.600000000000001,"ICAO_ID":"KSEF","TYPE_CODE":"AD","SERVCITY":"SEBRING","STATE":"FL","COUNTRY":"UNITED STATES","OPERSTATUS":"OPERATIONAL","PRIVATEUSE":0,"IAPEXISTS":1,"DODHIFLIP":0,"FAR91":0,"FAR93":0,"MIL_CODE":"CIVIL","AIRANAL":"NOT ANALYZED","US_HIGH":1,"US_LOW":1,"AK_HIGH":0,"AK_LOW":0,"US_AREA":0,"PACIFIC":0}},{"type":"Feature","id":659,"geometry":{"type":"Point","coordinates":[-81.431883645305675,27.465460636236514]},"properties":{"FID":659,"OBJECTID":3446,"GLOBAL_ID":"71217621-CFEA-4E3B-8A8A-95137E54C712","IDENT":"9FD3","NAME":"Highlands Rgnl Medical Center","LATITUDE":"27-27-55.6400N","LONGITUDE":"081-25-54.7700W","ELEVATION":106,"ICAO_ID":" ","TYPE_CODE":"HP","SERVCITY":"SEBRING","STATE":"FL","COUNTRY":"UNITED STATES","OPERSTATUS":"OPERATIONAL","PRIVATEUSE":1,"IAPEXISTS":0,"DODHIFLIP":0,"FAR91":0,"FAR93":0,"MIL_CODE":"CIVIL","AIRANAL":"CONDITIONAL","US_HIGH":0,"US_LOW":0,"AK_HIGH":0,"AK_LOW":0,"US_AREA":0,"PACIFIC":0}},{"type":"Feature","id":660,"geometry":{"type":"Point","coordinates":[-81.426669752699297,27.396949507554496]},"properties":{"FID":660,"OBJECTID":3447,"GLOBAL_ID":"9D8AE140-8819-4F4C-86D5-7912C3CB7A97","IDENT":"9FL3","NAME":"Lake Josephine","LATITUDE":"27-23-49.0000N","LONGITUDE":"081-25-36.0000W","ELEVATION":85,"ICAO_ID":" ","TYPE_CODE":"SP","SERVCITY":"SEBRING","STATE":"FL","COUNTRY":"UNITED STATES","OPERSTATUS":"OPERATIONAL","PRIVATEUSE":1,"IAPEXISTS":0,"DODHIFLIP":0,"FAR91":0,"FAR93":0,"MIL_CODE":"CIVIL","AIRANAL":"CONDITIONAL","US_HIGH":0,"US_LOW":0,"AK_HIGH":0,"AK_LOW":0,"US_AREA":0,"PACIFIC":0}},{"type":"Feature","id":661,"geometry":{"type":"Point","coordinates":[-81.509277114015106,27.538045096128144]},"properties":{"FID":661,"OBJECTID":3448,"GLOBAL_ID":"3854CD0F-8B73-4748-BC51-D9B310612ABC","IDENT":"FA52","NAME":"Advent Hospital-Sebring","LATITUDE":"27-32-16.9440N","LONGITUDE":"081-30-33.3864W","ELEVATION":154,"ICAO_ID":" ","TYPE_CODE":"HP","SERVCITY":"SEBRING","STATE":"FL","COUNTRY":"UNITED STATES","OPERSTATUS":"OPERATIONAL","PRIVATEUSE":1,"IAPEXISTS":0,"DODHIFLIP":0,"FAR91":0,"FAR93":0,"MIL_CODE":"CIVIL","AIRANAL":"CONDITIONAL","US_HIGH":0,"US_LOW":0,"AK_HIGH":0,"AK_LOW":0,"US_AREA":0,"PACIFIC":0}},{"type":"Feature","id":662,"geometry":{"type":"Point","coordinates":[-80.156713819516995,27.169776426782619]},"properties":{"FID":662,"OBJECTID":3449,"GLOBAL_ID":"D476B2F3-8B47-455D-BA25-CEA69F897CB6","IDENT":"88FL","NAME":"Sailfish Point","LATITUDE":"27-10-11.1770N","LONGITUDE":"080-09-24.1600W","ELEVATION":5,"ICAO_ID":" ","TYPE_CODE":"HP","SERVCITY":"SEWALL'S POINT","STATE":"FL","COUNTRY":"UNITED STATES","OPERSTATUS":"OPERATIONAL","PRIVATEUSE":1,"IAPEXISTS":0,"DODHIFLIP":0,"FAR91":0,"FAR93":0,"MIL_CODE":"CIVIL","AIRANAL":"CONDITIONAL","US_HIGH":0,"US_LOW":0,"AK_HIGH":0,"AK_LOW":0,"US_AREA":0,"PACIFIC":0}},{"type":"Feature","id":663,"geometry":{"type":"Point","coordinates":[-80.755896199638698,26.581186266282316]},"properties":{"FID":663,"OBJECTID":3450,"GLOBAL_ID":"6C57E578-4F38-4392-A683-4CA62892B5F6","IDENT":"FL41","NAME":"Okeelanta","LATITUDE":"26-34-52.2530N","LONGITUDE":"080-45-21.2160W","ELEVATION":14,"ICAO_ID":" ","TYPE_CODE":"AD","SERVCITY":"SOUTH BAY","STATE":"FL","COUNTRY":"UNITED STATES","OPERSTATUS":"OPERATIONAL","PRIVATEUSE":1,"IAPEXISTS":0,"DODHIFLIP":0,"FAR91":0,"FAR93":0,"MIL_CODE":"CIVIL","AIRANAL":"CONDITIONAL","US_HIGH":0,"US_LOW":1,"AK_HIGH":0,"AK_LOW":0,"US_AREA":0,"PACIFIC":0}},{"type":"Feature","id":664,"geometry":{"type":"Point","coordinates":[-81.027280805358032,29.165543280367842]},"properties":{"FID":664,"OBJECTID":3451,"GLOBAL_ID":"3D5DE79B-C316-4E12-854B-A5F0B4570036","IDENT":"FA79","NAME":"Doan","LATITUDE":"29-09-55.9360N","LONGITUDE":"081-01-38.2000W","ELEVATION":13,"ICAO_ID":" ","TYPE_CODE":"HP","SERVCITY":"SOUTH DAYTONA","STATE":"FL","COUNTRY":"UNITED STATES","OPERSTATUS":"OPERATIONAL","PRIVATEUSE":1,"IAPEXISTS":0,"DODHIFLIP":0,"FAR91":0,"FAR93":0,"MIL_CODE":"CIVIL","AIRANAL":"CONDITIONAL","US_HIGH":0,"US_LOW":0,"AK_HIGH":0,"AK_LOW":0,"US_AREA":0,"PACIFIC":0}},{"type":"Feature","id":665,"geometry":{"type":"Point","coordinates":[-83.353474555390733,29.72939723714336]},"properties":{"FID":665,"OBJECTID":3452,"GLOBAL_ID":"DAD8577C-0E8E-4454-B231-4B4337C1021C","IDENT":"39FD","NAME":"Ancient Oaks","LATITUDE":"29-43-45.8100N","LONGITUDE":"083-21-12.4950W","ELEVATION":16,"ICAO_ID":" ","TYPE_CODE":"AD","SERVCITY":"STEINHATCHEE","STATE":"FL","COUNTRY":"UNITED STATES","OPERSTATUS":"OPERATIONAL","PRIVATEUSE":1,"IAPEXISTS":0,"DODHIFLIP":0,"FAR91":0,"FAR93":0,"MIL_CODE":"CIVIL","AIRANAL":"CONDITIONAL","US_HIGH":0,"US_LOW":0,"AK_HIGH":0,"AK_LOW":0,"US_AREA":0,"PACIFIC":0}},{"type":"Feature","id":666,"geometry":{"type":"Point","coordinates":[-80.221296060773341,27.181704206224254]},"properties":{"FID":666,"OBJECTID":3453,"GLOBAL_ID":"298565D0-5DFC-448E-A268-C9F996724E89","IDENT":"SUA","NAME":"Witham Fld","LATITUDE":"27-10-54.1170N","LONGITUDE":"080-13-16.6560W","ELEVATION":16.100000000000001,"ICAO_ID":"KSUA","TYPE_CODE":"AD","SERVCITY":"STUART","STATE":"FL","COUNTRY":"UNITED STATES","OPERSTATUS":"OPERATIONAL","PRIVATEUSE":0,"IAPEXISTS":1,"DODHIFLIP":0,"FAR91":0,"FAR93":0,"MIL_CODE":"CIVIL","AIRANAL":"NOT ANALYZED","US_HIGH":1,"US_LOW":1,"AK_HIGH":0,"AK_LOW":0,"US_AREA":0,"PACIFIC":0}},{"type":"Feature","id":667,"geometry":{"type":"Point","coordinates":[-80.286636080653807,27.207483127081275]},"properties":{"FID":667,"OBJECTID":3454,"GLOBAL_ID":"D9644105-DCF5-4C8E-92AB-8995911EEE63","IDENT":"65FL","NAME":"Floridian Ntl Golf Club, LLC","LATITUDE":"27-12-26.9211N","LONGITUDE":"080-17-11.8800W","ELEVATION":15,"ICAO_ID":" ","TYPE_CODE":"HP","SERVCITY":"STUART","STATE":"FL","COUNTRY":"UNITED STATES","OPERSTATUS":"OPERATIONAL","PRIVATEUSE":1,"IAPEXISTS":0,"DODHIFLIP":0,"FAR91":0,"FAR93":0,"MIL_CODE":"CIVIL","AIRANAL":"CONDITIONAL","US_HIGH":0,"US_LOW":0,"AK_HIGH":0,"AK_LOW":0,"US_AREA":0,"PACIFIC":0}},{"type":"Feature","id":668,"geometry":{"type":"Point","coordinates":[-82.345262538231111,28.013992412904599]},"properties":{"FID":668,"OBJECTID":3455,"GLOBAL_ID":"20EACCFE-4B07-4BFA-9422-1CDB2A8EFE20","IDENT":"VDF","NAME":"Tampa Exec","LATITUDE":"28-00-50.3540N","LONGITUDE":"082-20-42.9330W","ELEVATION":21.100000000000001,"ICAO_ID":"KVDF","TYPE_CODE":"AD","SERVCITY":"TAMPA","STATE":"FL","COUNTRY":"UNITED STATES","OPERSTATUS":"OPERATIONAL","PRIVATEUSE":0,"IAPEXISTS":1,"DODHIFLIP":0,"FAR91":0,"FAR93":0,"MIL_CODE":"CIVIL","AIRANAL":"CONDITIONAL","US_HIGH":1,"US_LOW":1,"AK_HIGH":0,"AK_LOW":0,"US_AREA":0,"PACIFIC":0}},{"type":"Feature","id":669,"geometry":{"type":"Point","coordinates":[-82.535925645957889,27.942463501762347]},"properties":{"FID":669,"OBJECTID":3456,"GLOBAL_ID":"A2009CF2-1A01-4BE1-9A26-8D2C821896F7","IDENT":"FL92","NAME":"L M Hughey","LATITUDE":"27-56-32.8500N","LONGITUDE":"082-32-09.3200W","ELEVATION":27,"ICAO_ID":" ","TYPE_CODE":"HP","SERVCITY":"TAMPA","STATE":"FL","COUNTRY":"UNITED STATES","OPERSTATUS":"OPERATIONAL","PRIVATEUSE":1,"IAPEXISTS":0,"DODHIFLIP":0,"FAR91":0,"FAR93":0,"MIL_CODE":"CIVIL","AIRANAL":"CONDITIONAL","US_HIGH":0,"US_LOW":0,"AK_HIGH":0,"AK_LOW":0,"US_AREA":0,"PACIFIC":0}},{"type":"Feature","id":670,"geometry":{"type":"Point","coordinates":[-82.420930334913692,27.946971561784721]},"properties":{"FID":670,"OBJECTID":3457,"GLOBAL_ID":"8C56EEF6-4405-44A5-A631-ED2EEB50C40C","IDENT":"9FD6","NAME":"Academy","LATITUDE":"27-56-49.0790N","LONGITUDE":"082-25-15.3370W","ELEVATION":0,"ICAO_ID":" ","TYPE_CODE":"HP","SERVCITY":"TAMPA","STATE":"FL","COUNTRY":"UNITED STATES","OPERSTATUS":"OPERATIONAL","PRIVATEUSE":1,"IAPEXISTS":0,"DODHIFLIP":0,"FAR91":0,"FAR93":0,"MIL_CODE":"CIVIL","AIRANAL":"CONDITIONAL","US_HIGH":0,"US_LOW":0,"AK_HIGH":0,"AK_LOW":0,"US_AREA":0,"PACIFIC":0}},{"type":"Feature","id":671,"geometry":{"type":"Point","coordinates":[-82.459400624130865,27.950402394632249]},"properties":{"FID":671,"OBJECTID":3458,"GLOBAL_ID":"994B71F9-B88A-4F6F-A860-1699A218071A","IDENT":"54FL","NAME":"Teco Plaza","LATITUDE":"27-57-01.4300N","LONGITUDE":"082-27-33.8300W","ELEVATION":150,"ICAO_ID":" ","TYPE_CODE":"HP","SERVCITY":"TAMPA","STATE":"FL","COUNTRY":"UNITED STATES","OPERSTATUS":"OPERATIONAL","PRIVATEUSE":1,"IAPEXISTS":0,"DODHIFLIP":0,"FAR91":0,"FAR93":0,"MIL_CODE":"CIVIL","AIRANAL":"CONDITIONAL","US_HIGH":0,"US_LOW":0,"AK_HIGH":0,"AK_LOW":0,"US_AREA":0,"PACIFIC":0}},{"type":"Feature","id":672,"geometry":{"type":"Point","coordinates":[-82.459470068791006,27.939271836942112]},"properties":{"FID":672,"OBJECTID":3459,"GLOBAL_ID":"4854CB41-4934-40C9-84FA-359A60649C97","IDENT":"61FL","NAME":"Tampa General Hospital","LATITUDE":"27-56-21.3600N","LONGITUDE":"082-27-34.0800W","ELEVATION":7,"ICAO_ID":" ","TYPE_CODE":"HP","SERVCITY":"TAMPA","STATE":"FL","COUNTRY":"UNITED STATES","OPERSTATUS":"OPERATIONAL","PRIVATEUSE":1,"IAPEXISTS":0,"DODHIFLIP":0,"FAR91":0,"FAR93":0,"MIL_CODE":"CIVIL","AIRANAL":"CONDITIONAL","US_HIGH":0,"US_LOW":0,"AK_HIGH":0,"AK_LOW":0,"US_AREA":0,"PACIFIC":0}},{"type":"Feature","id":673,"geometry":{"type":"Point","coordinates":[-82.491778412533051,27.983005179675672]},"properties":{"FID":673,"OBJECTID":3460,"GLOBAL_ID":"11F9DC29-80C6-4806-B975-4DBD56A75635","IDENT":"FL38","NAME":"Care Flight","LATITUDE":"27-58-58.8000N","LONGITUDE":"082-29-30.3900W","ELEVATION":29,"ICAO_ID":" ","TYPE_CODE":"HP","SERVCITY":"TAMPA","STATE":"FL","COUNTRY":"UNITED STATES","OPERSTATUS":"OPERATIONAL","PRIVATEUSE":1,"IAPEXISTS":0,"DODHIFLIP":0,"FAR91":0,"FAR93":0,"MIL_CODE":"CIVIL","AIRANAL":"CONDITIONAL","US_HIGH":0,"US_LOW":0,"AK_HIGH":0,"AK_LOW":0,"US_AREA":0,"PACIFIC":0}},{"type":"Feature","id":674,"geometry":{"type":"Point","coordinates":[-82.52122286071517,27.849349590640713]},"properties":{"FID":674,"OBJECTID":3461,"GLOBAL_ID":"342FBEC9-467E-4AE2-ACE0-09047D5BA759","IDENT":"MCF","NAME":"Macdill AFB","LATITUDE":"27-50-57.6400N","LONGITUDE":"082-31-16.3900W","ELEVATION":14,"ICAO_ID":"KMCF","TYPE_CODE":"AD","SERVCITY":"TAMPA","STATE":"FL","COUNTRY":"UNITED STATES","OPERSTATUS":"OPERATIONAL","PRIVATEUSE":1,"IAPEXISTS":1,"DODHIFLIP":0,"FAR91":0,"FAR93":0,"MIL_CODE":"MIL","AIRANAL":"NOT ANALYZED","US_HIGH":1,"US_LOW":1,"AK_HIGH":0,"AK_LOW":0,"US_AREA":0,"PACIFIC":0}},{"type":"Feature","id":675,"geometry":{"type":"Point","coordinates":[-82.374558942494616,28.221283018110455]},"properties":{"FID":675,"OBJECTID":3462,"GLOBAL_ID":"17453F6D-285A-415A-8A9C-563BBB49D5DF","IDENT":"X39","NAME":"Tampa North Aero Park","LATITUDE":"28-13-16.6000N","LONGITUDE":"082-22-28.4000W","ELEVATION":68,"ICAO_ID":" ","TYPE_CODE":"AD","SERVCITY":"TAMPA","STATE":"FL","COUNTRY":"UNITED STATES","OPERSTATUS":"OPERATIONAL","PRIVATEUSE":0,"IAPEXISTS":0,"DODHIFLIP":0,"FAR91":0,"FAR93":0,"MIL_CODE":"CIVIL","AIRANAL":"CONDITIONAL","US_HIGH":0,"US_LOW":1,"AK_HIGH":0,"AK_LOW":0,"US_AREA":0,"PACIFIC":0}},{"type":"Feature","id":676,"geometry":{"type":"Point","coordinates":[-82.449392287112801,27.915449608443282]},"properties":{"FID":676,"OBJECTID":3463,"GLOBAL_ID":"FE3C1BCE-FC3A-4095-81CF-F584AEBC6097","IDENT":"TPF","NAME":"Peter O Knight","LATITUDE":"27-54-55.6000N","LONGITUDE":"082-26-57.8000W","ELEVATION":7.4000000000000004,"ICAO_ID":"KTPF","TYPE_CODE":"AD","SERVCITY":"TAMPA","STATE":"FL","COUNTRY":"UNITED STATES","OPERSTATUS":"OPERATIONAL","PRIVATEUSE":0,"IAPEXISTS":1,"DODHIFLIP":0,"FAR91":0,"FAR93":0,"MIL_CODE":"CIVIL","AIRANAL":"NO OBJECTION","US_HIGH":0,"US_LOW":1,"AK_HIGH":0,"AK_LOW":0,"US_AREA":0,"PACIFIC":0}},{"type":"Feature","id":677,"geometry":{"type":"Point","coordinates":[-82.758336827298194,28.132638541838048]},"properties":{"FID":677,"OBJECTID":3464,"GLOBAL_ID":"70D8540C-BA58-4D3D-B21D-A03E7CCC1AA7","IDENT":"FA58","NAME":"Advent Health North Pinellas","LATITUDE":"28-07-57.4800N","LONGITUDE":"082-45-30.0000W","ELEVATION":39,"ICAO_ID":" ","TYPE_CODE":"HP","SERVCITY":"TARPON SPRINGS","STATE":"FL","COUNTRY":"UNITED STATES","OPERSTATUS":"OPERATIONAL","PRIVATEUSE":1,"IAPEXISTS":0,"DODHIFLIP":0,"FAR91":0,"FAR93":0,"MIL_CODE":"CIVIL","AIRANAL":"CONDITIONAL","US_HIGH":0,"US_LOW":0,"AK_HIGH":0,"AK_LOW":0,"US_AREA":0,"PACIFIC":0}},{"type":"Feature","id":678,"geometry":{"type":"Point","coordinates":[-81.727780996686704,28.800560952188789]},"properties":{"FID":678,"OBJECTID":3465,"GLOBAL_ID":"5AC94A55-BD43-4CC5-A46A-69BD541B3673","IDENT":"FA1","NAME":"Tavares","LATITUDE":"28-48-02.0000N","LONGITUDE":"081-43-40.0000W","ELEVATION":63,"ICAO_ID":" ","TYPE_CODE":"SP","SERVCITY":"TAVARES","STATE":"FL","COUNTRY":"UNITED STATES","OPERSTATUS":"OPERATIONAL","PRIVATEUSE":0,"IAPEXISTS":0,"DODHIFLIP":0,"FAR91":0,"FAR93":0,"MIL_CODE":"CIVIL","AIRANAL":"CONDITIONAL","US_HIGH":0,"US_LOW":0,"AK_HIGH":0,"AK_LOW":0,"US_AREA":0,"PACIFIC":0}},{"type":"Feature","id":679,"geometry":{"type":"Point","coordinates":[-81.746114333826142,28.766116498451026]},"properties":{"FID":679,"OBJECTID":3466,"GLOBAL_ID":"0A961A7A-77C9-4E8D-B971-95BDE2E8ABBC","IDENT":"3FA8","NAME":"Searey Central","LATITUDE":"28-45-58.0000N","LONGITUDE":"081-44-46.0000W","ELEVATION":67,"ICAO_ID":" ","TYPE_CODE":"SP","SERVCITY":"TAVARES","STATE":"FL","COUNTRY":"UNITED STATES","OPERSTATUS":"OPERATIONAL","PRIVATEUSE":1,"IAPEXISTS":0,"DODHIFLIP":0,"FAR91":0,"FAR93":0,"MIL_CODE":"CIVIL","AIRANAL":"CONDITIONAL","US_HIGH":0,"US_LOW":0,"AK_HIGH":0,"AK_LOW":0,"US_AREA":0,"PACIFIC":0}},{"type":"Feature","id":680,"geometry":{"type":"Point","coordinates":[-80.533164760551188,25.004918316264195]},"properties":{"FID":680,"OBJECTID":3467,"GLOBAL_ID":"B8781F89-8F7B-4655-8AF3-0EEB8A69AFE9","IDENT":"FA81","NAME":"Tavernaero Park","LATITUDE":"25-00-17.6898N","LONGITUDE":"080-31-59.3832W","ELEVATION":10,"ICAO_ID":" ","TYPE_CODE":"AD","SERVCITY":"TAVERNIER","STATE":"FL","COUNTRY":"UNITED STATES","OPERSTATUS":"OPERATIONAL","PRIVATEUSE":1,"IAPEXISTS":0,"DODHIFLIP":0,"FAR91":0,"FAR93":0,"MIL_CODE":"CIVIL","AIRANAL":"CONDITIONAL","US_HIGH":0,"US_LOW":0,"AK_HIGH":0,"AK_LOW":0,"US_AREA":0,"PACIFIC":0}},{"type":"Feature","id":681,"geometry":{"type":"Point","coordinates":[-82.44003475819909,27.071273570268659]},"properties":{"FID":681,"OBJECTID":3468,"GLOBAL_ID":"C38E0D03-DA4C-42B6-854F-659581C94519","IDENT":"VNC","NAME":"Venice Muni","LATITUDE":"27-04-16.5670N","LONGITUDE":"082-26-24.1130W","ELEVATION":18.100000000000001,"ICAO_ID":"KVNC","TYPE_CODE":"AD","SERVCITY":"VENICE","STATE":"FL","COUNTRY":"UNITED STATES","OPERSTATUS":"OPERATIONAL","PRIVATEUSE":0,"IAPEXISTS":1,"DODHIFLIP":0,"FAR91":0,"FAR93":0,"MIL_CODE":"CIVIL","AIRANAL":"NO OBJECTION","US_HIGH":1,"US_LOW":1,"AK_HIGH":0,"AK_LOW":0,"US_AREA":0,"PACIFIC":0}},{"type":"Feature","id":682,"geometry":{"type":"Point","coordinates":[-80.502367183522381,27.598902135658363]},"properties":{"FID":682,"OBJECTID":3469,"GLOBAL_ID":"8F6CBB39-C9D2-4610-BB58-3FEEFAB86A51","IDENT":"FL74","NAME":"Indian River Aerodrome","LATITUDE":"27-35-56.0292N","LONGITUDE":"080-30-08.5117W","ELEVATION":23,"ICAO_ID":" ","TYPE_CODE":"AD","SERVCITY":"VERO BEACH","STATE":"FL","COUNTRY":"UNITED STATES","OPERSTATUS":"OPERATIONAL","PRIVATEUSE":1,"IAPEXISTS":0,"DODHIFLIP":0,"FAR91":0,"FAR93":0,"MIL_CODE":"CIVIL","AIRANAL":"CONDITIONAL","US_HIGH":0,"US_LOW":0,"AK_HIGH":0,"AK_LOW":0,"US_AREA":0,"PACIFIC":0}},{"type":"Feature","id":683,"geometry":{"type":"Point","coordinates":[-80.5275572749091,27.632260143255621]},"properties":{"FID":683,"OBJECTID":3470,"GLOBAL_ID":"097EFD1E-B2C3-4CFC-A65B-4713121792BB","IDENT":"X52","NAME":"New Hibiscus Airpark","LATITUDE":"27-37-56.1180N","LONGITUDE":"080-31-39.1960W","ELEVATION":25,"ICAO_ID":" ","TYPE_CODE":"AD","SERVCITY":"VERO BEACH","STATE":"FL","COUNTRY":"UNITED STATES","OPERSTATUS":"OPERATIONAL","PRIVATEUSE":0,"IAPEXISTS":0,"DODHIFLIP":0,"FAR91":0,"FAR93":0,"MIL_CODE":"CIVIL","AIRANAL":"CONDITIONAL","US_HIGH":0,"US_LOW":0,"AK_HIGH":0,"AK_LOW":0,"US_AREA":0,"PACIFIC":0}},{"type":"Feature","id":684,"geometry":{"type":"Point","coordinates":[-80.498847264378924,27.562474570771542]},"properties":{"FID":684,"OBJECTID":3471,"GLOBAL_ID":"0D0C8D63-8E09-44E4-A505-D194E43C20AF","IDENT":"FD25","NAME":"Fly In Ranches","LATITUDE":"27-33-44.8900N","LONGITUDE":"080-29-55.8400W","ELEVATION":25,"ICAO_ID":" ","TYPE_CODE":"AD","SERVCITY":"VERO BEACH","STATE":"FL","COUNTRY":"UNITED STATES","OPERSTATUS":"OPERATIONAL","PRIVATEUSE":1,"IAPEXISTS":0,"DODHIFLIP":0,"FAR91":0,"FAR93":0,"MIL_CODE":"CIVIL","AIRANAL":"CONDITIONAL","US_HIGH":0,"US_LOW":0,"AK_HIGH":0,"AK_LOW":0,"US_AREA":0,"PACIFIC":0}},{"type":"Feature","id":685,"geometry":{"type":"Point","coordinates":[-80.396141682287976,27.658413485897256]},"properties":{"FID":685,"OBJECTID":3472,"GLOBAL_ID":"7DF8FD46-81DE-4BED-BA0F-1679719911A1","IDENT":"3FD7","NAME":"Indian River Meml Hospital","LATITUDE":"27-39-30.2700N","LONGITUDE":"080-23-46.1000W","ELEVATION":11,"ICAO_ID":" ","TYPE_CODE":"HP","SERVCITY":"VERO BEACH","STATE":"FL","COUNTRY":"UNITED STATES","OPERSTATUS":"OPERATIONAL","PRIVATEUSE":1,"IAPEXISTS":0,"DODHIFLIP":0,"FAR91":0,"FAR93":0,"MIL_CODE":"CIVIL","AIRANAL":"CONDITIONAL","US_HIGH":0,"US_LOW":0,"AK_HIGH":0,"AK_LOW":0,"US_AREA":0,"PACIFIC":0}},{"type":"Feature","id":686,"geometry":{"type":"Point","coordinates":[-80.41795696658113,27.655560151662939]},"properties":{"FID":686,"OBJECTID":3473,"GLOBAL_ID":"F83408DF-2239-4254-9294-49C814E218A7","IDENT":"VRB","NAME":"Vero Beach Rgnl","LATITUDE":"27-39-19.9980N","LONGITUDE":"080-25-04.6350W","ELEVATION":23.699999999999999,"ICAO_ID":"KVRB","TYPE_CODE":"AD","SERVCITY":"VERO BEACH","STATE":"FL","COUNTRY":"UNITED STATES","OPERSTATUS":"OPERATIONAL","PRIVATEUSE":0,"IAPEXISTS":1,"DODHIFLIP":0,"FAR91":0,"FAR93":0,"MIL_CODE":"CIVIL","AIRANAL":"NO OBJECTION","US_HIGH":1,"US_LOW":1,"AK_HIGH":0,"AK_LOW":0,"US_AREA":0,"PACIFIC":0}},{"type":"Feature","id":687,"geometry":{"type":"Point","coordinates":[-87.192007629318937,30.702591783481296]},"properties":{"FID":687,"OBJECTID":3474,"GLOBAL_ID":"90713597-FD81-4655-9A1B-C5A1E0B806A3","IDENT":"NVI","NAME":"Pace NOLF","LATITUDE":"30-42-09.3100N","LONGITUDE":"087-11-31.2100W","ELEVATION":180,"ICAO_ID":"KNVI","TYPE_CODE":"HP","SERVCITY":"WALLACE","STATE":"FL","COUNTRY":"UNITED STATES","OPERSTATUS":"OPERATIONAL","PRIVATEUSE":1,"IAPEXISTS":0,"DODHIFLIP":0,"FAR91":0,"FAR93":0,"MIL_CODE":"MIL","AIRANAL":"NOT ANALYZED","US_HIGH":0,"US_LOW":0,"AK_HIGH":0,"AK_LOW":0,"US_AREA":0,"PACIFIC":0}},{"type":"Feature","id":688,"geometry":{"type":"Point","coordinates":[-87.473293823101756,30.798572351384905]},"properties":{"FID":688,"OBJECTID":3475,"GLOBAL_ID":"DA1B0065-0BB4-48C4-A8AF-F3B2084F1878","IDENT":"48FL","NAME":"Mc Kinnon Airpark","LATITUDE":"30-47-54.8400N","LONGITUDE":"087-28-23.8400W","ELEVATION":227,"ICAO_ID":" ","TYPE_CODE":"AD","SERVCITY":"WALNUT HILL","STATE":"FL","COUNTRY":"UNITED STATES","OPERSTATUS":"OPERATIONAL","PRIVATEUSE":1,"IAPEXISTS":0,"DODHIFLIP":0,"FAR91":0,"FAR93":0,"MIL_CODE":"CIVIL","AIRANAL":"CONDITIONAL","US_HIGH":0,"US_LOW":0,"AK_HIGH":0,"AK_LOW":0,"US_AREA":0,"PACIFIC":0}},{"type":"Feature","id":689,"geometry":{"type":"Point","coordinates":[-81.880475442955571,27.514921748363236]},"properties":{"FID":689,"OBJECTID":3476,"GLOBAL_ID":"F4F19335-2C8E-4B50-ADA6-A839C6AFA1F9","IDENT":"CHN","NAME":"Wauchula Muni","LATITUDE":"27-30-53.7000N","LONGITUDE":"081-52-49.7000W","ELEVATION":107.8,"ICAO_ID":"KCHN","TYPE_CODE":"AD","SERVCITY":"WAUCHULA","STATE":"FL","COUNTRY":"UNITED STATES","OPERSTATUS":"OPERATIONAL","PRIVATEUSE":0,"IAPEXISTS":1,"DODHIFLIP":0,"FAR91":0,"FAR93":0,"MIL_CODE":"CIVIL","AIRANAL":"NO OBJECTION","US_HIGH":0,"US_LOW":1,"AK_HIGH":0,"AK_LOW":0,"US_AREA":0,"PACIFIC":0}},{"type":"Feature","id":690,"geometry":{"type":"Point","coordinates":[-85.686043306184672,30.456866777101936]},"properties":{"FID":690,"OBJECTID":3477,"GLOBAL_ID":"8067B113-870F-4C75-8278-D8416C783420","IDENT":"2FL0","NAME":"Crystal Village","LATITUDE":"30-27-24.7000N","LONGITUDE":"085-41-09.7400W","ELEVATION":113,"ICAO_ID":" ","TYPE_CODE":"AD","SERVCITY":"WAUSAU","STATE":"FL","COUNTRY":"UNITED STATES","OPERSTATUS":"OPERATIONAL","PRIVATEUSE":1,"IAPEXISTS":0,"DODHIFLIP":0,"FAR91":0,"FAR93":0,"MIL_CODE":"CIVIL","AIRANAL":"CONDITIONAL","US_HIGH":0,"US_LOW":0,"AK_HIGH":0,"AK_LOW":0,"US_AREA":0,"PACIFIC":0}},{"type":"Feature","id":691,"geometry":{"type":"Point","coordinates":[-80.061269335630527,26.756443825927306]},"properties":{"FID":691,"OBJECTID":3478,"GLOBAL_ID":"ED531A8F-1D6C-439B-8A46-1E868741C840","IDENT":"64FD","NAME":"St Marys Hospital","LATITUDE":"26-45-23.1800N","LONGITUDE":"080-03-40.5600W","ELEVATION":13,"ICAO_ID":" ","TYPE_CODE":"HP","SERVCITY":"WEST PALM BEACH","STATE":"FL","COUNTRY":"UNITED STATES","OPERSTATUS":"OPERATIONAL","PRIVATEUSE":1,"IAPEXISTS":0,"DODHIFLIP":0,"FAR91":0,"FAR93":0,"MIL_CODE":"CIVIL","AIRANAL":"CONDITIONAL","US_HIGH":0,"US_LOW":0,"AK_HIGH":0,"AK_LOW":0,"US_AREA":0,"PACIFIC":0}},{"type":"Feature","id":692,"geometry":{"type":"Point","coordinates":[-80.205422151953996,26.654893797222144]},"properties":{"FID":692,"OBJECTID":3479,"GLOBAL_ID":"635FDCA7-53FF-427D-A45F-4D84EF862D1B","IDENT":"FL39","NAME":"Wellington Medical Center","LATITUDE":"26-39-17.6000N","LONGITUDE":"080-12-19.5100W","ELEVATION":60,"ICAO_ID":" ","TYPE_CODE":"HP","SERVCITY":"WEST PALM BEACH","STATE":"FL","COUNTRY":"UNITED STATES","OPERSTATUS":"OPERATIONAL","PRIVATEUSE":1,"IAPEXISTS":0,"DODHIFLIP":0,"FAR91":0,"FAR93":0,"MIL_CODE":"CIVIL","AIRANAL":"CONDITIONAL","US_HIGH":0,"US_LOW":0,"AK_HIGH":0,"AK_LOW":0,"US_AREA":0,"PACIFIC":0}},{"type":"Feature","id":693,"geometry":{"type":"Point","coordinates":[-80.051435998585362,26.750602157690025]},"properties":{"FID":693,"OBJECTID":3480,"GLOBAL_ID":"BBBB225F-8E53-4147-8CD9-0DBC3A2A7353","IDENT":"5FD2","NAME":"Rybovich","LATITUDE":"26-45-02.1500N","LONGITUDE":"080-03-05.1600W","ELEVATION":10,"ICAO_ID":" ","TYPE_CODE":"HP","SERVCITY":"WEST PALM BEACH","STATE":"FL","COUNTRY":"UNITED STATES","OPERSTATUS":"OPERATIONAL","PRIVATEUSE":1,"IAPEXISTS":0,"DODHIFLIP":0,"FAR91":0,"FAR93":0,"MIL_CODE":"CIVIL","AIRANAL":"CONDITIONAL","US_HIGH":0,"US_LOW":0,"AK_HIGH":0,"AK_LOW":0,"US_AREA":0,"PACIFIC":0}},{"type":"Feature","id":694,"geometry":{"type":"Point","coordinates":[-80.19977020805328,26.717014090898999]},"properties":{"FID":694,"OBJECTID":3481,"GLOBAL_ID":"7D4DEC6B-AE45-4E9A-B90D-0CD44EE33702","IDENT":"39FL","NAME":"Palm Beach Sheriff's Range","LATITUDE":"26-43-01.2330N","LONGITUDE":"080-11-59.1630W","ELEVATION":20,"ICAO_ID":" ","TYPE_CODE":"HP","SERVCITY":"WEST PALM BEACH","STATE":"FL","COUNTRY":"UNITED STATES","OPERSTATUS":"OPERATIONAL","PRIVATEUSE":1,"IAPEXISTS":0,"DODHIFLIP":0,"FAR91":0,"FAR93":0,"MIL_CODE":"CIVIL","AIRANAL":"CONDITIONAL","US_HIGH":0,"US_LOW":0,"AK_HIGH":0,"AK_LOW":0,"US_AREA":0,"PACIFIC":0}},{"type":"Feature","id":695,"geometry":{"type":"Point","coordinates":[-80.054402665458497,26.715413259812863]},"properties":{"FID":695,"OBJECTID":3482,"GLOBAL_ID":"89A3C70C-D48E-4CE1-90DB-C44E037709D7","IDENT":"5FL5","NAME":"Palm Beach County Judicial Center","LATITUDE":"26-42-55.4700N","LONGITUDE":"080-03-15.8400W","ELEVATION":297,"ICAO_ID":" ","TYPE_CODE":"HP","SERVCITY":"WEST PALM BEACH","STATE":"FL","COUNTRY":"UNITED STATES","OPERSTATUS":"OPERATIONAL","PRIVATEUSE":1,"IAPEXISTS":0,"DODHIFLIP":0,"FAR91":0,"FAR93":0,"MIL_CODE":"CIVIL","AIRANAL":"CONDITIONAL","US_HIGH":0,"US_LOW":0,"AK_HIGH":0,"AK_LOW":0,"US_AREA":0,"PACIFIC":0}},{"type":"Feature","id":696,"geometry":{"type":"Point","coordinates":[-80.058308222570361,26.714288259442128]},"properties":{"FID":696,"OBJECTID":3483,"GLOBAL_ID":"914B4860-4431-425C-AE59-1FBD5A635893","IDENT":"7FL5","NAME":"West Palm Beach Police Station","LATITUDE":"26-42-51.4200N","LONGITUDE":"080-03-29.9000W","ELEVATION":25,"ICAO_ID":" ","TYPE_CODE":"HP","SERVCITY":"WEST PALM BEACH","STATE":"FL","COUNTRY":"UNITED STATES","OPERSTATUS":"OPERATIONAL","PRIVATEUSE":1,"IAPEXISTS":0,"DODHIFLIP":0,"FAR91":0,"FAR93":0,"MIL_CODE":"CIVIL","AIRANAL":"CONDITIONAL","US_HIGH":0,"US_LOW":0,"AK_HIGH":0,"AK_LOW":0,"US_AREA":0,"PACIFIC":0}},{"type":"Feature","id":697,"geometry":{"type":"Point","coordinates":[-80.063922112208502,26.714085482263442]},"properties":{"FID":697,"OBJECTID":3484,"GLOBAL_ID":"F4D4157D-D90E-4307-9088-BD298E7CBA32","IDENT":"FL51","NAME":"Wptv","LATITUDE":"26-42-50.6900N","LONGITUDE":"080-03-50.1100W","ELEVATION":33,"ICAO_ID":" ","TYPE_CODE":"HP","SERVCITY":"WEST PALM BEACH","STATE":"FL","COUNTRY":"UNITED STATES","OPERSTATUS":"OPERATIONAL","PRIVATEUSE":1,"IAPEXISTS":0,"DODHIFLIP":0,"FAR91":0,"FAR93":0,"MIL_CODE":"CIVIL","AIRANAL":"CONDITIONAL","US_HIGH":0,"US_LOW":0,"AK_HIGH":0,"AK_LOW":0,"US_AREA":0,"PACIFIC":0}},{"type":"Feature","id":698,"geometry":{"type":"Point","coordinates":[-82.470567064678903,29.354610507520022]},"properties":{"FID":698,"OBJECTID":3485,"GLOBAL_ID":"8128A3DD-B900-4496-A542-94376F50C8C4","IDENT":"X60","NAME":"Williston Rgnl","LATITUDE":"29-21-16.5780N","LONGITUDE":"082-28-14.0290W","ELEVATION":75.599999999999994,"ICAO_ID":" ","TYPE_CODE":"AD","SERVCITY":"WILLISTON","STATE":"FL","COUNTRY":"UNITED STATES","OPERSTATUS":"OPERATIONAL","PRIVATEUSE":0,"IAPEXISTS":1,"DODHIFLIP":0,"FAR91":0,"FAR93":0,"MIL_CODE":"CIVIL","AIRANAL":"NOT ANALYZED","US_HIGH":1,"US_LOW":1,"AK_HIGH":0,"AK_LOW":0,"US_AREA":0,"PACIFIC":0}},{"type":"Feature","id":699,"geometry":{"type":"Point","coordinates":[-82.545386527240225,29.242475478962206]},"properties":{"FID":699,"OBJECTID":3486,"GLOBAL_ID":"D32FE6F1-574F-4193-8723-38F254DD8732","IDENT":"96FL","NAME":"Wings Fld","LATITUDE":"29-14-32.8920N","LONGITUDE":"082-32-43.3790W","ELEVATION":100,"ICAO_ID":" ","TYPE_CODE":"AD","SERVCITY":"WILLISTON","STATE":"FL","COUNTRY":"UNITED STATES","OPERSTATUS":"OPERATIONAL","PRIVATEUSE":1,"IAPEXISTS":0,"DODHIFLIP":0,"FAR91":0,"FAR93":0,"MIL_CODE":"CIVIL","AIRANAL":"CONDITIONAL","US_HIGH":0,"US_LOW":0,"AK_HIGH":0,"AK_LOW":0,"US_AREA":0,"PACIFIC":0}},{"type":"Feature","id":700,"geometry":{"type":"Point","coordinates":[-82.282871954525262,27.711980397364982]},"properties":{"FID":700,"OBJECTID":3487,"GLOBAL_ID":"3FE5E7C0-1F94-4E66-A81D-CD4FBF9F0F70","IDENT":"FD77","NAME":"Wimauma Air Park","LATITUDE":"27-42-43.1110N","LONGITUDE":"082-16-58.3270W","ELEVATION":100,"ICAO_ID":" ","TYPE_CODE":"AD","SERVCITY":"WIMAUMA","STATE":"FL","COUNTRY":"UNITED STATES","OPERSTATUS":"OPERATIONAL","PRIVATEUSE":1,"IAPEXISTS":0,"DODHIFLIP":0,"FAR91":0,"FAR93":0,"MIL_CODE":"CIVIL","AIRANAL":"CONDITIONAL","US_HIGH":0,"US_LOW":0,"AK_HIGH":0,"AK_LOW":0,"US_AREA":0,"PACIFIC":0}},{"type":"Feature","id":701,"geometry":{"type":"Point","coordinates":[-81.62911985477524,28.735277605177316]},"properties":{"FID":701,"OBJECTID":3488,"GLOBAL_ID":"A08CBD06-25A0-4F31-98C5-E580D8C76F40","IDENT":"X61","NAME":"Bob White Fld","LATITUDE":"28-44-06.9800N","LONGITUDE":"081-37-44.8200W","ELEVATION":78,"ICAO_ID":" ","TYPE_CODE":"AD","SERVCITY":"ZELLWOOD","STATE":"FL","COUNTRY":"UNITED STATES","OPERSTATUS":"OPERATIONAL","PRIVATEUSE":0,"IAPEXISTS":0,"DODHIFLIP":0,"FAR91":0,"FAR93":0,"MIL_CODE":"CIVIL","AIRANAL":"CONDITIONAL","US_HIGH":0,"US_LOW":0,"AK_HIGH":0,"AK_LOW":0,"US_AREA":0,"PACIFIC":0}},{"type":"Feature","id":702,"geometry":{"type":"Point","coordinates":[-81.655361527932371,28.721560935189927]},"properties":{"FID":702,"OBJECTID":3489,"GLOBAL_ID":"8F7BAA4A-8156-4634-9EDC-3846F9540798","IDENT":"FA83","NAME":"Orlando North Airpark","LATITUDE":"28-43-17.6000N","LONGITUDE":"081-39-19.2900W","ELEVATION":80,"ICAO_ID":" ","TYPE_CODE":"AD","SERVCITY":"ZELLWOOD","STATE":"FL","COUNTRY":"UNITED STATES","OPERSTATUS":"OPERATIONAL","PRIVATEUSE":1,"IAPEXISTS":0,"DODHIFLIP":0,"FAR91":0,"FAR93":0,"MIL_CODE":"CIVIL","AIRANAL":"CONDITIONAL","US_HIGH":0,"US_LOW":1,"AK_HIGH":0,"AK_LOW":0,"US_AREA":0,"PACIFIC":0}},{"type":"Feature","id":703,"geometry":{"type":"Point","coordinates":[-81.605910125885146,28.760276778789944]},"properties":{"FID":703,"OBJECTID":3490,"GLOBAL_ID":"0FA171AB-47BB-401F-B07A-16818E361BFD","IDENT":"FL97","NAME":"Tangerine","LATITUDE":"28-45-36.9770N","LONGITUDE":"081-36-21.2650W","ELEVATION":125,"ICAO_ID":" ","TYPE_CODE":"AD","SERVCITY":"ZELLWOOD","STATE":"FL","COUNTRY":"UNITED STATES","OPERSTATUS":"OPERATIONAL","PRIVATEUSE":1,"IAPEXISTS":0,"DODHIFLIP":0,"FAR91":0,"FAR93":0,"MIL_CODE":"CIVIL","AIRANAL":"CONDITIONAL","US_HIGH":0,"US_LOW":0,"AK_HIGH":0,"AK_LOW":0,"US_AREA":0,"PACIFIC":0}},{"type":"Feature","id":704,"geometry":{"type":"Point","coordinates":[-82.155648601371865,28.226674691086998]},"properties":{"FID":704,"OBJECTID":3491,"GLOBAL_ID":"0CA305F4-45EC-42AA-8D6A-00D579055EC5","IDENT":"ZPH","NAME":"Zephyrhills Muni","LATITUDE":"28-13-36.0100N","LONGITUDE":"082-09-20.3230W","ELEVATION":89.900000000000006,"ICAO_ID":"KZPH","TYPE_CODE":"AD","SERVCITY":"ZEPHYRHILLS","STATE":"FL","COUNTRY":"UNITED STATES","OPERSTATUS":"OPERATIONAL","PRIVATEUSE":0,"IAPEXISTS":1,"DODHIFLIP":0,"FAR91":0,"FAR93":0,"MIL_CODE":"CIVIL","AIRANAL":"NOT ANALYZED","US_HIGH":1,"US_LOW":1,"AK_HIGH":0,"AK_LOW":0,"US_AREA":0,"PACIFIC":0}},{"type":"Feature","id":705,"geometry":{"type":"Point","coordinates":[-82.105003284105976,27.455560617356639]},"properties":{"FID":705,"OBJECTID":3492,"GLOBAL_ID":"169892E0-C38F-4E44-B191-BA9B3EBD6D60","IDENT":"67FL","NAME":"Bald Eagle Airfield- Myakka Head","LATITUDE":"27-27-20.0000N","LONGITUDE":"082-06-18.0000W","ELEVATION":80,"ICAO_ID":" ","TYPE_CODE":"AD","SERVCITY":"ZOLFO SPRINGS","STATE":"FL","COUNTRY":"UNITED STATES","OPERSTATUS":"OPERATIONAL","PRIVATEUSE":1,"IAPEXISTS":0,"DODHIFLIP":0,"FAR91":0,"FAR93":0,"MIL_CODE":"CIVIL","AIRANAL":"CONDITIONAL","US_HIGH":0,"US_LOW":0,"AK_HIGH":0,"AK_LOW":0,"US_AREA":0,"PACIFIC":0}},{"type":"Feature","id":706,"geometry":{"type":"Point","coordinates":[-82.304450932917689,28.539915124426045]},"properties":{"FID":706,"OBJECTID":15813,"GLOBAL_ID":"4F9CDF61-9E4E-4BE6-8E83-711C7A095C15","IDENT":"47FL","NAME":"Ranchaero Grand Vista","LATITUDE":"28-32-23.6753N","LONGITUDE":"082-18-16.0112W","ELEVATION":100,"ICAO_ID":" ","TYPE_CODE":"AD","SERVCITY":"BROOKSVILLE","STATE":"FL","COUNTRY":"UNITED STATES","OPERSTATUS":"OPERATIONAL","PRIVATEUSE":1,"IAPEXISTS":0,"DODHIFLIP":0,"FAR91":0,"FAR93":0,"MIL_CODE":"CIVIL","AIRANAL":"NO OBJECTION","US_HIGH":0,"US_LOW":0,"AK_HIGH":0,"AK_LOW":0,"US_AREA":0,"PACIFIC":0}},{"type":"Feature","id":707,"geometry":{"type":"Point","coordinates":[-82.593978447023574,28.13594965789315]},"properties":{"FID":707,"OBJECTID":15814,"GLOBAL_ID":"4F26A6FF-1431-4076-8645-7574FB5D75EB","IDENT":"57FL","NAME":"Lake Keystone","LATITUDE":"28-08-09.4000N","LONGITUDE":"082-35-38.3100W","ELEVATION":42,"ICAO_ID":" ","TYPE_CODE":"SP","SERVCITY":"ODESSA","STATE":"FL","COUNTRY":"UNITED STATES","OPERSTATUS":"OPERATIONAL","PRIVATEUSE":1,"IAPEXISTS":0,"DODHIFLIP":0,"FAR91":0,"FAR93":0,"MIL_CODE":"CIVIL","AIRANAL":"NO OBJECTION","US_HIGH":0,"US_LOW":0,"AK_HIGH":0,"AK_LOW":0,"US_AREA":0,"PACIFIC":0}},{"type":"Feature","id":708,"geometry":{"type":"Point","coordinates":[-81.591690428860488,29.580862529581509]},"properties":{"FID":708,"OBJECTID":15839,"GLOBAL_ID":"4FA756A9-0D48-4D38-A802-0AE74DC56433","IDENT":"34FL","NAME":"Bncfl","LATITUDE":"29-34-51.0850N","LONGITUDE":"081-35-30.0740W","ELEVATION":12,"ICAO_ID":" ","TYPE_CODE":"AD","SERVCITY":"SAN MATEO","STATE":"FL","COUNTRY":"UNITED STATES","OPERSTATUS":"OPERATIONAL","PRIVATEUSE":1,"IAPEXISTS":0,"DODHIFLIP":0,"FAR91":0,"FAR93":0,"MIL_CODE":"CIVIL","AIRANAL":"NO OBJECTION","US_HIGH":0,"US_LOW":0,"AK_HIGH":0,"AK_LOW":0,"US_AREA":0,"PACIFIC":0}},{"type":"Feature","id":709,"geometry":{"type":"Point","coordinates":[-81.541336492350979,28.650116476059281]},"properties":{"FID":709,"OBJECTID":15872,"GLOBAL_ID":"DD11F3C0-7F59-4C12-BE0C-81800215375E","IDENT":"1FA2","NAME":"Advent Health Apopka","LATITUDE":"28-39-00.4000N","LONGITUDE":"081-32-28.8000W","ELEVATION":123,"ICAO_ID":" ","TYPE_CODE":"HP","SERVCITY":"APOPKA","STATE":"FL","COUNTRY":"UNITED STATES","OPERSTATUS":"OPERATIONAL","PRIVATEUSE":1,"IAPEXISTS":0,"DODHIFLIP":0,"FAR91":0,"FAR93":0,"MIL_CODE":"CIVIL","AIRANAL":"NO OBJECTION","US_HIGH":0,"US_LOW":0,"AK_HIGH":0,"AK_LOW":0,"US_AREA":0,"PACIFIC":0}},{"type":"Feature","id":710,"geometry":{"type":"Point","coordinates":[-80.215836027311013,26.04550475468352]},"properties":{"FID":710,"OBJECTID":15978,"GLOBAL_ID":"2CF2D9E4-5324-41BF-B9A3-5451429802C1","IDENT":"FL56","NAME":"Hollywood Helipad","LATITUDE":"26-02-43.8000N","LONGITUDE":"080-12-57.0000W","ELEVATION":64.5,"ICAO_ID":" ","TYPE_CODE":"HP","SERVCITY":"HOLLYWOOD","STATE":"FL","COUNTRY":"UNITED STATES","OPERSTATUS":"OPERATIONAL","PRIVATEUSE":1,"IAPEXISTS":0,"DODHIFLIP":0,"FAR91":0,"FAR93":0,"MIL_CODE":"CIVIL","AIRANAL":"CONDITIONAL","US_HIGH":0,"US_LOW":0,"AK_HIGH":0,"AK_LOW":0,"US_AREA":0,"PACIFIC":0}},{"type":"Feature","id":711,"geometry":{"type":"Point","coordinates":[-80.344208276963116,25.629954646623162]},"properties":{"FID":711,"OBJECTID":15979,"GLOBAL_ID":"0A059592-B08B-4D6B-94B7-174E230E9974","IDENT":"FL91","NAME":"Jackson South Medical Center","LATITUDE":"25-37-47.8200N","LONGITUDE":"080-20-39.1400W","ELEVATION":42,"ICAO_ID":" ","TYPE_CODE":"HP","SERVCITY":"MIAMI","STATE":"FL","COUNTRY":"UNITED STATES","OPERSTATUS":"OPERATIONAL","PRIVATEUSE":1,"IAPEXISTS":0,"DODHIFLIP":0,"FAR91":0,"FAR93":0,"MIL_CODE":"CIVIL","AIRANAL":"NO OBJECTION","US_HIGH":0,"US_LOW":0,"AK_HIGH":0,"AK_LOW":0,"US_AREA":0,"PACIFIC":0}},{"type":"Feature","id":712,"geometry":{"type":"Point","coordinates":[-82.640467337409291,27.765221790278247]},"properties":{"FID":712,"OBJECTID":15980,"GLOBAL_ID":"75670486-8FFB-4B30-A554-7EB561B0498E","IDENT":"FL14","NAME":"John Hopkins All Childrens Hospital","LATITUDE":"27-45-54.7800N","LONGITUDE":"082-38-25.6700W","ELEVATION":177,"ICAO_ID":" ","TYPE_CODE":"HP","SERVCITY":"ST. PETERSBURG","STATE":"FL","COUNTRY":"UNITED STATES","OPERSTATUS":"OPERATIONAL","PRIVATEUSE":1,"IAPEXISTS":0,"DODHIFLIP":0,"FAR91":0,"FAR93":0,"MIL_CODE":"CIVIL","AIRANAL":"CONDITIONAL","US_HIGH":0,"US_LOW":0,"AK_HIGH":0,"AK_LOW":0,"US_AREA":0,"PACIFIC":0}},{"type":"Feature","id":713,"geometry":{"type":"Point","coordinates":[-81.802694853464743,27.120977208701106]},"properties":{"FID":713,"OBJECTID":16016,"GLOBAL_ID":"68C96A0D-2252-42A9-B66A-629845634324","IDENT":"FL40","NAME":"Hummingbirds Landing","LATITUDE":"27-07-15.5000N","LONGITUDE":"081-48-09.6900W","ELEVATION":50,"ICAO_ID":" ","TYPE_CODE":"AD","SERVCITY":"ARCADIA","STATE":"FL","COUNTRY":"UNITED STATES","OPERSTATUS":"OPERATIONAL","PRIVATEUSE":1,"IAPEXISTS":0,"DODHIFLIP":0,"FAR91":0,"FAR93":0,"MIL_CODE":"CIVIL","AIRANAL":"NO OBJECTION","US_HIGH":0,"US_LOW":0,"AK_HIGH":0,"AK_LOW":0,"US_AREA":0,"PACIFIC":0}},{"type":"Feature","id":714,"geometry":{"type":"Point","coordinates":[-81.22730299629643,26.309896465860561]},"properties":{"FID":714,"OBJECTID":16017,"GLOBAL_ID":"28EB89F5-5E02-44F2-B42E-44201D86803D","IDENT":"FA02","NAME":"Big Cypress Ranch Airfield","LATITUDE":"26-18-35.6100N","LONGITUDE":"081-13-38.2800W","ELEVATION":19,"ICAO_ID":" ","TYPE_CODE":"AD","SERVCITY":"SUNNILAND","STATE":"FL","COUNTRY":"UNITED STATES","OPERSTATUS":"OPERATIONAL","PRIVATEUSE":1,"IAPEXISTS":0,"DODHIFLIP":0,"FAR91":0,"FAR93":0,"MIL_CODE":"CIVIL","AIRANAL":"NO OBJECTION","US_HIGH":0,"US_LOW":0,"AK_HIGH":0,"AK_LOW":0,"US_AREA":0,"PACIFIC":0}},{"type":"Feature","id":715,"geometry":{"type":"Point","coordinates":[-81.653169830642412,27.789705154014996]},"properties":{"FID":715,"OBJECTID":16045,"GLOBAL_ID":"A8BBBF7B-B579-4ED5-AB2B-5940F2C8E85E","IDENT":"FD10","NAME":"Jubilee Acres","LATITUDE":"27-47-22.9200N","LONGITUDE":"081-39-11.4000W","ELEVATION":139,"ICAO_ID":" ","TYPE_CODE":"AD","SERVCITY":"FORT MEADE","STATE":"FL","COUNTRY":"UNITED STATES","OPERSTATUS":"OPERATIONAL","PRIVATEUSE":1,"IAPEXISTS":0,"DODHIFLIP":0,"FAR91":0,"FAR93":0,"MIL_CODE":"CIVIL","AIRANAL":"CONDITIONAL","US_HIGH":0,"US_LOW":0,"AK_HIGH":0,"AK_LOW":0,"US_AREA":0,"PACIFIC":0}},{"type":"Feature","id":716,"geometry":{"type":"Point","coordinates":[-82.335364506987958,28.834033165841504]},"properties":{"FID":716,"OBJECTID":16046,"GLOBAL_ID":"8333DEF3-52F5-4222-AB52-4842EC56EA64","IDENT":"FD96","NAME":"Hca Florida Citrus Hospital","LATITUDE":"28-50-02.5000N","LONGITUDE":"082-20-07.3000W","ELEVATION":108,"ICAO_ID":" ","TYPE_CODE":"HP","SERVCITY":"INVERNESS","STATE":"FL","COUNTRY":"UNITED STATES","OPERSTATUS":"OPERATIONAL","PRIVATEUSE":1,"IAPEXISTS":0,"DODHIFLIP":0,"FAR91":0,"FAR93":0,"MIL_CODE":"CIVIL","AIRANAL":"NO OBJECTION","US_HIGH":0,"US_LOW":0,"AK_HIGH":0,"AK_LOW":0,"US_AREA":0,"PACIFIC":0}},{"type":"Feature","id":717,"geometry":{"type":"Point","coordinates":[-80.145397115720698,25.970479737233006]},"properties":{"FID":717,"OBJECTID":16058,"GLOBAL_ID":"E28D65CE-A4BB-4EBF-A82D-769A8C203C7C","IDENT":"1FD5","NAME":"Hca Florida  Aventura Hospital","LATITUDE":"25-58-13.7100N","LONGITUDE":"080-08-43.4200W","ELEVATION":164,"ICAO_ID":" ","TYPE_CODE":"HP","SERVCITY":"AVENTURA","STATE":"FL","COUNTRY":"UNITED STATES","OPERSTATUS":"OPERATIONAL","PRIVATEUSE":1,"IAPEXISTS":0,"DODHIFLIP":0,"FAR91":0,"FAR93":0,"MIL_CODE":"CIVIL","AIRANAL":"CONDITIONAL","US_HIGH":0,"US_LOW":0,"AK_HIGH":0,"AK_LOW":0,"US_AREA":0,"PACIFIC":0}},{"type":"Feature","id":718,"geometry":{"type":"Point","coordinates":[-83.858262232007405,30.525605738709146]},"properties":{"FID":718,"OBJECTID":16059,"GLOBAL_ID":"DFB16D3B-303F-4C70-AE75-1944A657C1EF","IDENT":"7FA8","NAME":"Lakeview Airstrip","LATITUDE":"30-31-32.1600N","LONGITUDE":"083-51-29.7300W","ELEVATION":156,"ICAO_ID":" ","TYPE_CODE":"AD","SERVCITY":"MONTICELLO","STATE":"FL","COUNTRY":"UNITED STATES","OPERSTATUS":"OPERATIONAL","PRIVATEUSE":1,"IAPEXISTS":0,"DODHIFLIP":0,"FAR91":0,"FAR93":0,"MIL_CODE":"CIVIL","AIRANAL":"NO OBJECTION","US_HIGH":0,"US_LOW":0,"AK_HIGH":0,"AK_LOW":0,"US_AREA":0,"PACIFIC":0}},{"type":"Feature","id":719,"geometry":{"type":"Point","coordinates":[-80.681788976034795,27.271874494650433]},"properties":{"FID":719,"OBJECTID":16060,"GLOBAL_ID":"9382CB5B-24CA-49B1-804C-B1A0AE3A2334","IDENT":"FD40","NAME":"Amistad North","LATITUDE":"27-16-18.7300N","LONGITUDE":"080-40-54.4300W","ELEVATION":58,"ICAO_ID":" ","TYPE_CODE":"HP","SERVCITY":"OKEECHOBEE","STATE":"FL","COUNTRY":"UNITED STATES","OPERSTATUS":"OPERATIONAL","PRIVATEUSE":1,"IAPEXISTS":0,"DODHIFLIP":0,"FAR91":0,"FAR93":0,"MIL_CODE":"CIVIL","AIRANAL":"CONDITIONAL","US_HIGH":0,"US_LOW":0,"AK_HIGH":0,"AK_LOW":0,"US_AREA":0,"PACIFIC":0}},{"type":"Feature","id":720,"geometry":{"type":"Point","coordinates":[-82.491086775515555,28.876894282820274]},"properties":{"FID":720,"OBJECTID":16072,"GLOBAL_ID":"732DBB7C-0999-4345-A322-7EB375E352EE","IDENT":"07FL","NAME":"Citrus County Mosquito Control Home Base","LATITUDE":"28-52-36.8000N","LONGITUDE":"082-29-27.9000W","ELEVATION":86,"ICAO_ID":" ","TYPE_CODE":"HP","SERVCITY":"LECANTO","STATE":"FL","COUNTRY":"UNITED STATES","OPERSTATUS":"OPERATIONAL","PRIVATEUSE":1,"IAPEXISTS":0,"DODHIFLIP":0,"FAR91":0,"FAR93":0,"MIL_CODE":"CIVIL","AIRANAL":"CONDITIONAL","US_HIGH":0,"US_LOW":0,"AK_HIGH":0,"AK_LOW":0,"US_AREA":0,"PACIFIC":0}},{"type":"Feature","id":721,"geometry":{"type":"Point","coordinates":[-80.941141814444904,26.751671582547658]},"properties":{"FID":721,"OBJECTID":16120,"GLOBAL_ID":"3F8437B7-038B-496F-84C9-83F443D6DA7E","IDENT":"45FA","NAME":"Hendry Medical","LATITUDE":"26-45-06.0000N","LONGITUDE":"080-56-28.1000W","ELEVATION":16,"ICAO_ID":" ","TYPE_CODE":"HP","SERVCITY":"CLEWISTON","STATE":"FL","COUNTRY":"UNITED STATES","OPERSTATUS":"OPERATIONAL","PRIVATEUSE":1,"IAPEXISTS":0,"DODHIFLIP":0,"FAR91":0,"FAR93":0,"MIL_CODE":"CIVIL","AIRANAL":"CONDITIONAL","US_HIGH":0,"US_LOW":0,"AK_HIGH":0,"AK_LOW":0,"US_AREA":0,"PACIFIC":0}},{"type":"Feature","id":722,"geometry":{"type":"Point","coordinates":[-81.414669720153256,26.398338149740994]},"properties":{"FID":722,"OBJECTID":16121,"GLOBAL_ID":"6AA9D930-2914-4E29-89A9-99A3E347767F","IDENT":"0FA6","NAME":"Immokalee Helipad","LATITUDE":"26-23-54.0000N","LONGITUDE":"081-24-52.8000W","ELEVATION":72,"ICAO_ID":" ","TYPE_CODE":"HP","SERVCITY":"IMMOKALEE","STATE":"FL","COUNTRY":"UNITED STATES","OPERSTATUS":"OPERATIONAL","PRIVATEUSE":1,"IAPEXISTS":0,"DODHIFLIP":0,"FAR91":0,"FAR93":0,"MIL_CODE":"CIVIL","AIRANAL":"NO OBJECTION","US_HIGH":0,"US_LOW":0,"AK_HIGH":0,"AK_LOW":0,"US_AREA":0,"PACIFIC":0}},{"type":"Feature","id":723,"geometry":{"type":"Point","coordinates":[-87.469560466996882,30.291983350416899]},"properties":{"FID":723,"OBJECTID":16122,"GLOBAL_ID":"21DEABB3-D626-4AB8-97AA-4C7A8C2387EE","IDENT":"46FA","NAME":"Perdido Key Fire Station","LATITUDE":"30-17-31.1200N","LONGITUDE":"087-28-10.4000W","ELEVATION":35,"ICAO_ID":" ","TYPE_CODE":"HP","SERVCITY":"PERDIDO KEY","STATE":"FL","COUNTRY":"UNITED STATES","OPERSTATUS":"OPERATIONAL","PRIVATEUSE":1,"IAPEXISTS":0,"DODHIFLIP":0,"FAR91":0,"FAR93":0,"MIL_CODE":"CIVIL","AIRANAL":"CONDITIONAL","US_HIGH":0,"US_LOW":0,"AK_HIGH":0,"AK_LOW":0,"US_AREA":0,"PACIFIC":0}},{"type":"Feature","id":724,"geometry":{"type":"Point","coordinates":[-81.475558679435039,28.144727466773475]},"properties":{"FID":724,"OBJECTID":16123,"GLOBAL_ID":"14202066-6775-4397-AA2E-3E7AF073BE3A","IDENT":"24FD","NAME":"Hca Florida Poinciana Hospital","LATITUDE":"28-08-41.0000N","LONGITUDE":"081-28-32.0000W","ELEVATION":75,"ICAO_ID":" ","TYPE_CODE":"HP","SERVCITY":"POINCIANA","STATE":"FL","COUNTRY":"UNITED STATES","OPERSTATUS":"OPERATIONAL","PRIVATEUSE":1,"IAPEXISTS":0,"DODHIFLIP":0,"FAR91":0,"FAR93":0,"MIL_CODE":"CIVIL","AIRANAL":"CONDITIONAL","US_HIGH":0,"US_LOW":0,"AK_HIGH":0,"AK_LOW":0,"US_AREA":0,"PACIFIC":0}},{"type":"Feature","id":725,"geometry":{"type":"Point","coordinates":[-81.594947616341813,28.573477567219527]},"properties":{"FID":725,"OBJECTID":16124,"GLOBAL_ID":"54683CB1-50BF-4FDD-B2DE-878F70DA319F","IDENT":"FD69","NAME":"Lake Apopka South","LATITUDE":"28-34-24.5000N","LONGITUDE":"081-35-41.8000W","ELEVATION":64.700000000000003,"ICAO_ID":" ","TYPE_CODE":"SP","SERVCITY":"WINTER GARDEN","STATE":"FL","COUNTRY":"UNITED STATES","OPERSTATUS":"OPERATIONAL","PRIVATEUSE":1,"IAPEXISTS":0,"DODHIFLIP":0,"FAR91":0,"FAR93":0,"MIL_CODE":"CIVIL","AIRANAL":"CONDITIONAL","US_HIGH":0,"US_LOW":0,"AK_HIGH":0,"AK_LOW":0,"US_AREA":0,"PACIFIC":0}},{"type":"Feature","id":726,"geometry":{"type":"Point","coordinates":[-82.105744990467258,28.659055352227085]},"properties":{"FID":726,"OBJECTID":16214,"GLOBAL_ID":"194CCC62-19B2-4DCC-834B-B09EF21BAFA2","IDENT":"3FA6","NAME":"Sumter County Sheriff's","LATITUDE":"28-39-32.5800N","LONGITUDE":"082-06-20.6700W","ELEVATION":77,"ICAO_ID":" ","TYPE_CODE":"HP","SERVCITY":"BUSHNELL","STATE":"FL","COUNTRY":"UNITED STATES","OPERSTATUS":"OPERATIONAL","PRIVATEUSE":1,"IAPEXISTS":0,"DODHIFLIP":0,"FAR91":0,"FAR93":0,"MIL_CODE":"CIVIL","AIRANAL":"CONDITIONAL","US_HIGH":0,"US_LOW":0,"AK_HIGH":0,"AK_LOW":0,"US_AREA":0,"PACIFIC":0}},{"type":"Feature","id":727,"geometry":{"type":"Point","coordinates":[-80.210891582005104,26.050751978117034]},"properties":{"FID":727,"OBJECTID":16215,"GLOBAL_ID":"116177A7-B321-4A16-A5A2-95705274E97E","IDENT":"44FD","NAME":"Hard Rock","LATITUDE":"26-03-02.6900N","LONGITUDE":"080-12-39.2000W","ELEVATION":125,"ICAO_ID":" ","TYPE_CODE":"HP","SERVCITY":"HOLLYWOOD","STATE":"FL","COUNTRY":"UNITED STATES","OPERSTATUS":"OPERATIONAL","PRIVATEUSE":1,"IAPEXISTS":0,"DODHIFLIP":0,"FAR91":0,"FAR93":0,"MIL_CODE":"CIVIL","AIRANAL":"CONDITIONAL","US_HIGH":0,"US_LOW":0,"AK_HIGH":0,"AK_LOW":0,"US_AREA":0,"PACIFIC":0}},{"type":"Feature","id":728,"geometry":{"type":"Point","coordinates":[-81.07126408373432,27.075738325907821]},"properties":{"FID":728,"OBJECTID":16216,"GLOBAL_ID":"AB8B00FE-2BCE-4298-913B-3898730043CF","IDENT":"60FA","NAME":"Brighton","LATITUDE":"27-04-32.6400N","LONGITUDE":"081-04-16.5400W","ELEVATION":24,"ICAO_ID":" ","TYPE_CODE":"HP","SERVCITY":"OKEECHOBEE","STATE":"FL","COUNTRY":"UNITED STATES","OPERSTATUS":"OPERATIONAL","PRIVATEUSE":1,"IAPEXISTS":0,"DODHIFLIP":0,"FAR91":0,"FAR93":0,"MIL_CODE":"CIVIL","AIRANAL":"CONDITIONAL","US_HIGH":0,"US_LOW":0,"AK_HIGH":0,"AK_LOW":0,"US_AREA":0,"PACIFIC":0}},{"type":"Feature","id":729,"geometry":{"type":"Point","coordinates":[-81.45102812624674,28.446808096470249]},"properties":{"FID":729,"OBJECTID":16217,"GLOBAL_ID":"63F745E7-DB91-49C3-A9AC-6A3CA9ACA56A","IDENT":"82FD","NAME":"Lockheed Martin","LATITUDE":"28-26-48.4900N","LONGITUDE":"081-27-03.6900W","ELEVATION":98,"ICAO_ID":" ","TYPE_CODE":"HP","SERVCITY":"ORLANDO","STATE":"FL","COUNTRY":"UNITED STATES","OPERSTATUS":"OPERATIONAL","PRIVATEUSE":1,"IAPEXISTS":0,"DODHIFLIP":0,"FAR91":0,"FAR93":0,"MIL_CODE":"CIVIL","AIRANAL":"CONDITIONAL","US_HIGH":0,"US_LOW":0,"AK_HIGH":0,"AK_LOW":0,"US_AREA":0,"PACIFIC":0}},{"type":"Feature","id":730,"geometry":{"type":"Point","coordinates":[-81.076114125440824,28.367505309011108]},"properties":{"FID":730,"OBJECTID":16218,"GLOBAL_ID":"84402E72-1B34-4CC9-85DE-FD2B15B98053","IDENT":"54FD","NAME":"Lm-Ets","LATITUDE":"28-22-03.0000N","LONGITUDE":"081-04-34.0000W","ELEVATION":11,"ICAO_ID":" ","TYPE_CODE":"AD","SERVCITY":"ORLANDO","STATE":"FL","COUNTRY":"UNITED STATES","OPERSTATUS":"OPERATIONAL","PRIVATEUSE":1,"IAPEXISTS":0,"DODHIFLIP":0,"FAR91":0,"FAR93":0,"MIL_CODE":"CIVIL","AIRANAL":"CONDITIONAL","US_HIGH":0,"US_LOW":0,"AK_HIGH":0,"AK_LOW":0,"US_AREA":0,"PACIFIC":0}},{"type":"Feature","id":731,"geometry":{"type":"Point","coordinates":[-82.72694792900154,28.125005207817537]},"properties":{"FID":731,"OBJECTID":16219,"GLOBAL_ID":"A8B378A3-7FDC-4575-84AA-0A81E45792E5","IDENT":"FA84","NAME":"Lake Tarpon","LATITUDE":"28-07-30.0000N","LONGITUDE":"082-43-37.0000W","ELEVATION":3,"ICAO_ID":" ","TYPE_CODE":"SP","SERVCITY":"PALM HARBOR","STATE":"FL","COUNTRY":"UNITED STATES","OPERSTATUS":"OPERATIONAL","PRIVATEUSE":1,"IAPEXISTS":0,"DODHIFLIP":0,"FAR91":0,"FAR93":0,"MIL_CODE":"CIVIL","AIRANAL":"CONDITIONAL","US_HIGH":0,"US_LOW":0,"AK_HIGH":0,"AK_LOW":0,"US_AREA":0,"PACIFIC":0}},{"type":"Feature","id":732,"geometry":{"type":"Point","coordinates":[-82.34572558606169,27.786977357977264]},"properties":{"FID":732,"OBJECTID":16220,"GLOBAL_ID":"68BED737-0032-4FCE-A912-A0EB593491F5","IDENT":"58FA","NAME":"St Joseph's Hospital","LATITUDE":"27-47-13.1000N","LONGITUDE":"082-20-44.6000W","ELEVATION":53,"ICAO_ID":" ","TYPE_CODE":"HP","SERVCITY":"RIVERVIEW","STATE":"FL","COUNTRY":"UNITED STATES","OPERSTATUS":"OPERATIONAL","PRIVATEUSE":1,"IAPEXISTS":0,"DODHIFLIP":0,"FAR91":0,"FAR93":0,"MIL_CODE":"CIVIL","AIRANAL":"CONDITIONAL","US_HIGH":0,"US_LOW":0,"AK_HIGH":0,"AK_LOW":0,"US_AREA":0,"PACIFIC":0}},{"type":"Feature","id":733,"geometry":{"type":"Point","coordinates":[-80.255694377434452,26.212027017839716]},"properties":{"FID":733,"OBJECTID":16221,"GLOBAL_ID":"F76E68E4-0FB3-4F2D-AA04-B2E234CD35C1","IDENT":"56FA","NAME":"Hca Florida Woodmont Hospital","LATITUDE":"26-12-43.2800N","LONGITUDE":"080-15-20.4900W","ELEVATION":12,"ICAO_ID":" ","TYPE_CODE":"HP","SERVCITY":"TAMARAC","STATE":"FL","COUNTRY":"UNITED STATES","OPERSTATUS":"OPERATIONAL","PRIVATEUSE":1,"IAPEXISTS":0,"DODHIFLIP":0,"FAR91":0,"FAR93":0,"MIL_CODE":"CIVIL","AIRANAL":"CONDITIONAL","US_HIGH":0,"US_LOW":0,"AK_HIGH":0,"AK_LOW":0,"US_AREA":0,"PACIFIC":0}},{"type":"Feature","id":734,"geometry":{"type":"Point","coordinates":[-82.628792367213464,28.760202584330671]},"properties":{"FID":734,"OBJECTID":16314,"GLOBAL_ID":"E55836E3-863B-4CBB-9AD3-7CD90C3E6FA6","IDENT":"FA27","NAME":"Perrydise","LATITUDE":"28-45-36.7100N","LONGITUDE":"082-37-43.6400W","ELEVATION":4,"ICAO_ID":" ","TYPE_CODE":"HP","SERVCITY":"HOMOSASSA","STATE":"FL","COUNTRY":"UNITED STATES","OPERSTATUS":"OPERATIONAL","PRIVATEUSE":1,"IAPEXISTS":0,"DODHIFLIP":0,"FAR91":0,"FAR93":0,"MIL_CODE":"CIVIL","AIRANAL":"CONDITIONAL","US_HIGH":0,"US_LOW":0,"AK_HIGH":0,"AK_LOW":0,"US_AREA":0,"PACIFIC":0}},{"type":"Feature","id":735,"geometry":{"type":"Point","coordinates":[-81.476305909853806,28.394371972156534]},"properties":{"FID":735,"OBJECTID":16372,"GLOBAL_ID":"D7F0B996-3F3F-4F42-A576-1DCB1F4E8C6D","IDENT":"92FL","NAME":"Lake Willis","LATITUDE":"28-23-39.7200N","LONGITUDE":"081-28-34.6900W","ELEVATION":108,"ICAO_ID":" ","TYPE_CODE":"HP","SERVCITY":"ORLANDO","STATE":"FL","COUNTRY":"UNITED STATES","OPERSTATUS":"OPERATIONAL","PRIVATEUSE":1,"IAPEXISTS":0,"DODHIFLIP":0,"FAR91":0,"FAR93":0,"MIL_CODE":"CIVIL","AIRANAL":"CONDITIONAL","US_HIGH":0,"US_LOW":0,"AK_HIGH":0,"AK_LOW":0,"US_AREA":0,"PACIFIC":0}},{"type":"Feature","id":736,"geometry":{"type":"Point","coordinates":[-81.73165869597932,26.21439365275404]},"properties":{"FID":736,"OBJECTID":16386,"GLOBAL_ID":"D3AC416D-BA96-427D-8D36-5856364CD71E","IDENT":"65FA","NAME":"Physicians Rgnl Medical Center","LATITUDE":"26-12-51.8000N","LONGITUDE":"081-43-53.9600W","ELEVATION":5,"ICAO_ID":" ","TYPE_CODE":"HP","SERVCITY":"NAPLES","STATE":"FL","COUNTRY":"UNITED STATES","OPERSTATUS":"OPERATIONAL","PRIVATEUSE":1,"IAPEXISTS":0,"DODHIFLIP":0,"FAR91":0,"FAR93":0,"MIL_CODE":"CIVIL","AIRANAL":"CONDITIONAL","US_HIGH":0,"US_LOW":0,"AK_HIGH":0,"AK_LOW":0,"US_AREA":0,"PACIFIC":0}},{"type":"Feature","id":737,"geometry":{"type":"Point","coordinates":[-82.370150599821159,27.99552185280794]},"properties":{"FID":737,"OBJECTID":16387,"GLOBAL_ID":"349171FA-F201-4405-ACEE-6FE595640508","IDENT":"88FA","NAME":"Tampa Hard Rock Helipad","LATITUDE":"27-59-43.8600N","LONGITUDE":"082-22-12.5300W","ELEVATION":87,"ICAO_ID":" ","TYPE_CODE":"HP","SERVCITY":"TAMPA","STATE":"FL","COUNTRY":"UNITED STATES","OPERSTATUS":"OPERATIONAL","PRIVATEUSE":1,"IAPEXISTS":0,"DODHIFLIP":0,"FAR91":0,"FAR93":0,"MIL_CODE":"CIVIL","AIRANAL":"CONDITIONAL","US_HIGH":0,"US_LOW":0,"AK_HIGH":0,"AK_LOW":0,"US_AREA":0,"PACIFIC":0}},{"type":"Feature","id":738,"geometry":{"type":"Point","coordinates":[-80.599372293743727,27.562180124258305]},"properties":{"FID":738,"OBJECTID":16388,"GLOBAL_ID":"F487E1CE-CE39-42D0-AFF4-D5FC1379DA01","IDENT":"70FA","NAME":"Wee Bee Sky Ranch","LATITUDE":"27-33-43.8300N","LONGITUDE":"080-35-57.7300W","ELEVATION":27,"ICAO_ID":" ","TYPE_CODE":"AD","SERVCITY":"VERO BEACH","STATE":"FL","COUNTRY":"UNITED STATES","OPERSTATUS":"OPERATIONAL","PRIVATEUSE":1,"IAPEXISTS":0,"DODHIFLIP":0,"FAR91":0,"FAR93":0,"MIL_CODE":"CIVIL","AIRANAL":"CONDITIONAL","US_HIGH":0,"US_LOW":0,"AK_HIGH":0,"AK_LOW":0,"US_AREA":0,"PACIFIC":0}},{"type":"Feature","id":739,"geometry":{"type":"Point","coordinates":[-81.589030946925561,28.523116444255947]},"properties":{"FID":739,"OBJECTID":16443,"GLOBAL_ID":"E37B31BA-6B25-4F4F-B228-9A718E361CD6","IDENT":"FA00","NAME":"Advent Health Winter Garden Er","LATITUDE":"28-31-23.2000N","LONGITUDE":"081-35-20.5000W","ELEVATION":127,"ICAO_ID":" ","TYPE_CODE":"HP","SERVCITY":"WINTER GARDEN","STATE":"FL","COUNTRY":"UNITED STATES","OPERSTATUS":"OPERATIONAL","PRIVATEUSE":1,"IAPEXISTS":0,"DODHIFLIP":0,"FAR91":0,"FAR93":0,"MIL_CODE":"CIVIL","AIRANAL":"CONDITIONAL","US_HIGH":0,"US_LOW":0,"AK_HIGH":0,"AK_LOW":0,"US_AREA":0,"PACIFIC":0}},{"type":"Feature","id":740,"geometry":{"type":"Point","coordinates":[-81.348730885857663,28.783744291262224]},"properties":{"FID":740,"OBJECTID":16506,"GLOBAL_ID":"864ACDA7-ADBE-432A-A3EB-0AEED73DA50A","IDENT":"FA95","NAME":"Advent Health Lake Mary Er","LATITUDE":"28-47-01.4600N","LONGITUDE":"081-20-55.4200W","ELEVATION":68,"ICAO_ID":" ","TYPE_CODE":"HP","SERVCITY":"LAKE MARY","STATE":"FL","COUNTRY":"UNITED STATES","OPERSTATUS":"OPERATIONAL","PRIVATEUSE":1,"IAPEXISTS":0,"DODHIFLIP":0,"FAR91":0,"FAR93":0,"MIL_CODE":"CIVIL","AIRANAL":"CONDITIONAL","US_HIGH":0,"US_LOW":0,"AK_HIGH":0,"AK_LOW":0,"US_AREA":0,"PACIFIC":0}},{"type":"Feature","id":741,"geometry":{"type":"Point","coordinates":[-81.275194739328981,28.364005303026204]},"properties":{"FID":741,"OBJECTID":16507,"GLOBAL_ID":"982BD0E9-4E01-417B-9F32-1719E108CADB","IDENT":"FA75","NAME":"Orlando Va Medical Center","LATITUDE":"28-21-50.4000N","LONGITUDE":"081-16-30.6900W","ELEVATION":96,"ICAO_ID":" ","TYPE_CODE":"HP","SERVCITY":"ORLANDO","STATE":"FL","COUNTRY":"UNITED STATES","OPERSTATUS":"OPERATIONAL","PRIVATEUSE":1,"IAPEXISTS":0,"DODHIFLIP":0,"FAR91":0,"FAR93":0,"MIL_CODE":"CIVIL","AIRANAL":"CONDITIONAL","US_HIGH":0,"US_LOW":0,"AK_HIGH":0,"AK_LOW":0,"US_AREA":0,"PACIFIC":0}},{"type":"Feature","id":742,"geometry":{"type":"Point","coordinates":[-81.639169853805583,28.621116466506408]},"properties":{"FID":742,"OBJECTID":16508,"GLOBAL_ID":"9DFF400E-D63A-47F9-91A7-8577CE87E457","IDENT":"FL15","NAME":"Orlando","LATITUDE":"28-37-16.0000N","LONGITUDE":"081-38-21.0000W","ELEVATION":66,"ICAO_ID":" ","TYPE_CODE":"SP","SERVCITY":"ORLANDO","STATE":"FL","COUNTRY":"UNITED STATES","OPERSTATUS":"OPERATIONAL","PRIVATEUSE":1,"IAPEXISTS":0,"DODHIFLIP":0,"FAR91":0,"FAR93":0,"MIL_CODE":"CIVIL","AIRANAL":"CONDITIONAL","US_HIGH":0,"US_LOW":0,"AK_HIGH":0,"AK_LOW":0,"US_AREA":0,"PACIFIC":0}},{"type":"Feature","id":743,"geometry":{"type":"Point","coordinates":[-80.618672326115018,28.405260885935547]},"properties":{"FID":743,"OBJECTID":16509,"GLOBAL_ID":"A9B00EC1-200B-4422-A898-C3494609D5D1","IDENT":"FA90","NAME":"Port Canaveral","LATITUDE":"28-24-18.9200N","LONGITUDE":"080-37-07.2100W","ELEVATION":10,"ICAO_ID":" ","TYPE_CODE":"HP","SERVCITY":"PORT CANAVERAL","STATE":"FL","COUNTRY":"UNITED STATES","OPERSTATUS":"OPERATIONAL","PRIVATEUSE":1,"IAPEXISTS":0,"DODHIFLIP":0,"FAR91":0,"FAR93":0,"MIL_CODE":"CIVIL","AIRANAL":"CONDITIONAL","US_HIGH":0,"US_LOW":0,"AK_HIGH":0,"AK_LOW":0,"US_AREA":0,"PACIFIC":0}},{"type":"Feature","id":744,"geometry":{"type":"Point","coordinates":[-82.1856533332205,28.261933032800584]},"properties":{"FID":744,"OBJECTID":16510,"GLOBAL_ID":"91F9D708-9DA0-4356-A3C8-5E00CB152A5E","IDENT":"FD75","NAME":"Advent Health Zephyrhills","LATITUDE":"28-15-42.9400N","LONGITUDE":"082-11-08.3400W","ELEVATION":160,"ICAO_ID":" ","TYPE_CODE":"HP","SERVCITY":"ZEPHYRHILLS","STATE":"FL","COUNTRY":"UNITED STATES","OPERSTATUS":"OPERATIONAL","PRIVATEUSE":1,"IAPEXISTS":0,"DODHIFLIP":0,"FAR91":0,"FAR93":0,"MIL_CODE":"CIVIL","AIRANAL":"CONDITIONAL","US_HIGH":0,"US_LOW":0,"AK_HIGH":0,"AK_LOW":0,"US_AREA":0,"PACIFIC":0}},{"type":"Feature","id":745,"geometry":{"type":"Point","coordinates":[-81.032333031523308,29.241833298459824]},"properties":{"FID":745,"OBJECTID":16545,"GLOBAL_ID":"E7D5AFA5-B864-48A8-B104-590FBAFB8956","IDENT":"F15","NAME":"Halifax River","LATITUDE":"29-14-30.5800N","LONGITUDE":"081-01-56.3880W","ELEVATION":5,"ICAO_ID":" ","TYPE_CODE":"SP","SERVCITY":"HOLLY HILL","STATE":"FL","COUNTRY":"UNITED STATES","OPERSTATUS":"OPERATIONAL","PRIVATEUSE":0,"IAPEXISTS":0,"DODHIFLIP":0,"FAR91":0,"FAR93":0,"MIL_CODE":"CIVIL","AIRANAL":"CONDITIONAL","US_HIGH":0,"US_LOW":0,"AK_HIGH":0,"AK_LOW":0,"US_AREA":0,"PACIFIC":0}},{"type":"Feature","id":746,"geometry":{"type":"Point","coordinates":[-81.787875379888192,26.273846444324761]},"properties":{"FID":746,"OBJECTID":16546,"GLOBAL_ID":"E14F0B1E-11A3-4996-9F40-1CE9161870BA","IDENT":"FA98","NAME":"North Collier Hospital","LATITUDE":"26-16-25.8300N","LONGITUDE":"081-47-16.3400W","ELEVATION":11.5,"ICAO_ID":" ","TYPE_CODE":"HP","SERVCITY":"NAPLES","STATE":"FL","COUNTRY":"UNITED STATES","OPERSTATUS":"OPERATIONAL","PRIVATEUSE":1,"IAPEXISTS":0,"DODHIFLIP":0,"FAR91":0,"FAR93":0,"MIL_CODE":"CIVIL","AIRANAL":"CONDITIONAL","US_HIGH":0,"US_LOW":0,"AK_HIGH":0,"AK_LOW":0,"US_AREA":0,"PACIFIC":0}},{"type":"Feature","id":747,"geometry":{"type":"Point","coordinates":[-82.13911446211165,29.17247769564824]},"properties":{"FID":747,"OBJECTID":16547,"GLOBAL_ID":"7257A3D6-9E54-45B2-81AE-CE6CF7DC792A","IDENT":"57FD","NAME":"Advent Health Ocala","LATITUDE":"29-10-20.9000N","LONGITUDE":"082-08-20.8000W","ELEVATION":85,"ICAO_ID":" ","TYPE_CODE":"HP","SERVCITY":"OCALA","STATE":"FL","COUNTRY":"UNITED STATES","OPERSTATUS":"OPERATIONAL","PRIVATEUSE":1,"IAPEXISTS":0,"DODHIFLIP":0,"FAR91":0,"FAR93":0,"MIL_CODE":"CIVIL","AIRANAL":"CONDITIONAL","US_HIGH":0,"US_LOW":0,"AK_HIGH":0,"AK_LOW":0,"US_AREA":0,"PACIFIC":0}},{"type":"Feature","id":748,"geometry":{"type":"Point","coordinates":[-81.228447512540072,28.658033153213978]},"properties":{"FID":748,"OBJECTID":16582,"GLOBAL_ID":"4E78DE6F-D7F2-407D-8D85-FD2B6F191D79","IDENT":"FA96","NAME":"Oviedo Medical Center","LATITUDE":"28-39-28.9000N","LONGITUDE":"081-13-42.4000W","ELEVATION":32,"ICAO_ID":" ","TYPE_CODE":"HP","SERVCITY":"OVIEDO","STATE":"FL","COUNTRY":"UNITED STATES","OPERSTATUS":"OPERATIONAL","PRIVATEUSE":1,"IAPEXISTS":0,"DODHIFLIP":0,"FAR91":0,"FAR93":0,"MIL_CODE":"CIVIL","AIRANAL":"CONDITIONAL","US_HIGH":0,"US_LOW":0,"AK_HIGH":0,"AK_LOW":0,"US_AREA":0,"PACIFIC":0}},{"type":"Feature","id":749,"geometry":{"type":"Point","coordinates":[-82.345586702897606,27.969985736266949]},"properties":{"FID":749,"OBJECTID":16583,"GLOBAL_ID":"A7E72253-F891-4B43-92CB-B6C4BA000FD5","IDENT":"FD01","NAME":"Hillsborough County Fire Rescue","LATITUDE":"27-58-11.9300N","LONGITUDE":"082-20-44.1000W","ELEVATION":39,"ICAO_ID":" ","TYPE_CODE":"HP","SERVCITY":"TAMPA","STATE":"FL","COUNTRY":"UNITED STATES","OPERSTATUS":"OPERATIONAL","PRIVATEUSE":1,"IAPEXISTS":0,"DODHIFLIP":0,"FAR91":0,"FAR93":0,"MIL_CODE":"CIVIL","AIRANAL":"CONDITIONAL","US_HIGH":0,"US_LOW":0,"AK_HIGH":0,"AK_LOW":0,"US_AREA":0,"PACIFIC":0}},{"type":"Feature","id":750,"geometry":{"type":"Point","coordinates":[-80.30034996489735,26.907004969032471]},"properties":{"FID":750,"OBJECTID":16628,"GLOBAL_ID":"5EA261D2-914F-42CF-B93E-8347FA7148AD","IDENT":"71FA","NAME":"Fpl Jupiter West Office Complex","LATITUDE":"26-54-25.2000N","LONGITUDE":"080-18-01.2500W","ELEVATION":25,"ICAO_ID":" ","TYPE_CODE":"HP","SERVCITY":"JUPITER","STATE":"FL","COUNTRY":"UNITED STATES","OPERSTATUS":"OPERATIONAL","PRIVATEUSE":1,"IAPEXISTS":0,"DODHIFLIP":0,"FAR91":0,"FAR93":0,"MIL_CODE":"CIVIL","AIRANAL":"CONDITIONAL","US_HIGH":0,"US_LOW":0,"AK_HIGH":0,"AK_LOW":0,"US_AREA":0,"PACIFIC":0}},{"type":"Feature","id":751,"geometry":{"type":"Point","coordinates":[-82.336986699101033,27.929377392670233]},"properties":{"FID":751,"OBJECTID":16663,"GLOBAL_ID":"F75FD6F4-D0CB-4B5E-8D58-4ACD96720A16","IDENT":"04FD","NAME":"Tampa General Hospital Brandon Healthplex","LATITUDE":"27-55-45.7400N","LONGITUDE":"082-20-13.1400W","ELEVATION":37.399999999999999,"ICAO_ID":" ","TYPE_CODE":"HP","SERVCITY":"BRANDON","STATE":"FL","COUNTRY":"UNITED STATES","OPERSTATUS":"OPERATIONAL","PRIVATEUSE":1,"IAPEXISTS":0,"DODHIFLIP":0,"FAR91":0,"FAR93":0,"MIL_CODE":"CIVIL","AIRANAL":"CONDITIONAL","US_HIGH":0,"US_LOW":0,"AK_HIGH":0,"AK_LOW":0,"US_AREA":0,"PACIFIC":0}},{"type":"Feature","id":752,"geometry":{"type":"Point","coordinates":[-81.178141933481243,28.376727530611902]},"properties":{"FID":752,"OBJECTID":16673,"GLOBAL_ID":"838F02B9-AC92-42BC-8BCD-09AA49A3C4A9","IDENT":"FD21","NAME":"Moon Landing","LATITUDE":"28-22-36.2000N","LONGITUDE":"081-10-41.3000W","ELEVATION":61,"ICAO_ID":" ","TYPE_CODE":"SP","SERVCITY":"ORLANDO","STATE":"FL","COUNTRY":"UNITED STATES","OPERSTATUS":"OPERATIONAL","PRIVATEUSE":1,"IAPEXISTS":0,"DODHIFLIP":0,"FAR91":0,"FAR93":0,"MIL_CODE":"CIVIL","AIRANAL":"NO OBJECTION","US_HIGH":0,"US_LOW":0,"AK_HIGH":0,"AK_LOW":0,"US_AREA":0,"PACIFIC":0}},{"type":"Feature","id":753,"geometry":{"type":"Point","coordinates":[-81.255591975739151,28.958391557635878]},"properties":{"FID":753,"OBJECTID":16698,"GLOBAL_ID":"956E710E-0A88-4A61-A114-2D97D432A1DA","IDENT":"99FA","NAME":"Halifax Hospital Emergency Helostop","LATITUDE":"28-57-30.1900N","LONGITUDE":"081-15-20.1200W","ELEVATION":65,"ICAO_ID":" ","TYPE_CODE":"HP","SERVCITY":"DELTONA","STATE":"FL","COUNTRY":"UNITED STATES","OPERSTATUS":"OPERATIONAL","PRIVATEUSE":1,"IAPEXISTS":0,"DODHIFLIP":0,"FAR91":0,"FAR93":0,"MIL_CODE":"CIVIL","AIRANAL":"CONDITIONAL","US_HIGH":0,"US_LOW":0,"AK_HIGH":0,"AK_LOW":0,"US_AREA":0,"PACIFIC":0}},{"type":"Feature","id":754,"geometry":{"type":"Point","coordinates":[-81.720980986262362,28.552908114956438]},"properties":{"FID":754,"OBJECTID":16718,"GLOBAL_ID":"1B4AA3D5-5535-4B02-BC7E-00696968C2C6","IDENT":"FA82","NAME":"South Lake Hospital Main Campus","LATITUDE":"28-33-10.4500N","LONGITUDE":"081-43-15.5200W","ELEVATION":291,"ICAO_ID":" ","TYPE_CODE":"HP","SERVCITY":"CLERMONT","STATE":"FL","COUNTRY":"UNITED STATES","OPERSTATUS":"OPERATIONAL","PRIVATEUSE":1,"IAPEXISTS":0,"DODHIFLIP":0,"FAR91":0,"FAR93":0,"MIL_CODE":"CIVIL","AIRANAL":"CONDITIONAL","US_HIGH":0,"US_LOW":0,"AK_HIGH":0,"AK_LOW":0,"US_AREA":0,"PACIFIC":0}},{"type":"Feature","id":755,"geometry":{"type":"Point","coordinates":[-83.144237023638141,30.456141855583212]},"properties":{"FID":755,"OBJECTID":16719,"GLOBAL_ID":"E5CD4223-1EA2-47EB-A991-8CE37EBFBD73","IDENT":"FA93","NAME":"Dj Farm","LATITUDE":"30-27-22.0900N","LONGITUDE":"083-08-39.2400W","ELEVATION":85,"ICAO_ID":" ","TYPE_CODE":"AD","SERVCITY":"JASPER","STATE":"FL","COUNTRY":"UNITED STATES","OPERSTATUS":"OPERATIONAL","PRIVATEUSE":1,"IAPEXISTS":0,"DODHIFLIP":0,"FAR91":0,"FAR93":0,"MIL_CODE":"CIVIL","AIRANAL":"CONDITIONAL","US_HIGH":0,"US_LOW":0,"AK_HIGH":0,"AK_LOW":0,"US_AREA":0,"PACIFIC":0}},{"type":"Feature","id":756,"geometry":{"type":"Point","coordinates":[-80.489666715351632,27.842494084834868]},"properties":{"FID":756,"OBJECTID":16720,"GLOBAL_ID":"42B8BEAF-DA67-4EAB-BBAE-3536F8533E90","IDENT":"FA03","NAME":"Sebastian River Medical Center","LATITUDE":"27-50-32.9600N","LONGITUDE":"080-29-22.7900W","ELEVATION":18.5,"ICAO_ID":" ","TYPE_CODE":"HP","SERVCITY":"SEBASTIAN","STATE":"FL","COUNTRY":"UNITED STATES","OPERSTATUS":"OPERATIONAL","PRIVATEUSE":1,"IAPEXISTS":0,"DODHIFLIP":0,"FAR91":0,"FAR93":0,"MIL_CODE":"CIVIL","AIRANAL":"CONDITIONAL","US_HIGH":0,"US_LOW":0,"AK_HIGH":0,"AK_LOW":0,"US_AREA":0,"PACIFIC":0}},{"type":"Feature","id":757,"geometry":{"type":"Point","coordinates":[-82.925031386343505,29.974950083785416]},"properties":{"FID":757,"OBJECTID":16740,"GLOBAL_ID":"63032306-3322-4480-A450-53EE7056CD86","IDENT":"FD95","NAME":"White Fld","LATITUDE":"29-58-29.8000N","LONGITUDE":"082-55-30.1000W","ELEVATION":43,"ICAO_ID":" ","TYPE_CODE":"AD","SERVCITY":"BRANFORD","STATE":"FL","COUNTRY":"UNITED STATES","OPERSTATUS":"OPERATIONAL","PRIVATEUSE":1,"IAPEXISTS":0,"DODHIFLIP":0,"FAR91":0,"FAR93":0,"MIL_CODE":"CIVIL","AIRANAL":"CONDITIONAL","US_HIGH":0,"US_LOW":0,"AK_HIGH":0,"AK_LOW":0,"US_AREA":0,"PACIFIC":0}},{"type":"Feature","id":758,"geometry":{"type":"Point","coordinates":[-86.860532523490065,30.40061672713432]},"properties":{"FID":758,"OBJECTID":16741,"GLOBAL_ID":"F68B74DA-745A-4E07-B454-9CC8FE240D2E","IDENT":"FD32","NAME":"Gac Waterfront","LATITUDE":"30-24-02.2000N","LONGITUDE":"086-51-37.9000W","ELEVATION":6,"ICAO_ID":" ","TYPE_CODE":"HP","SERVCITY":"NAVARRE","STATE":"FL","COUNTRY":"UNITED STATES","OPERSTATUS":"OPERATIONAL","PRIVATEUSE":1,"IAPEXISTS":0,"DODHIFLIP":0,"FAR91":0,"FAR93":0,"MIL_CODE":"CIVIL","AIRANAL":"CONDITIONAL","US_HIGH":0,"US_LOW":0,"AK_HIGH":0,"AK_LOW":0,"US_AREA":0,"PACIFIC":0}},{"type":"Feature","id":759,"geometry":{"type":"Point","coordinates":[-80.425002801966741,27.666116265088988]},"properties":{"FID":759,"OBJECTID":16742,"GLOBAL_ID":"1076297B-5E8B-4674-B3D0-32C68A4EB2FB","IDENT":"FA97","NAME":"Indian River County Sheriff's Office","LATITUDE":"27-39-58.0000N","LONGITUDE":"080-25-30.0000W","ELEVATION":24,"ICAO_ID":" ","TYPE_CODE":"HP","SERVCITY":"VERO BEACH","STATE":"FL","COUNTRY":"UNITED STATES","OPERSTATUS":"OPERATIONAL","PRIVATEUSE":1,"IAPEXISTS":0,"DODHIFLIP":0,"FAR91":0,"FAR93":0,"MIL_CODE":"CIVIL","AIRANAL":"CONDITIONAL","US_HIGH":0,"US_LOW":0,"AK_HIGH":0,"AK_LOW":0,"US_AREA":0,"PACIFIC":0}},{"type":"Feature","id":760,"geometry":{"type":"Point","coordinates":[-81.480836470616623,28.527505337148057]},"properties":{"FID":760,"OBJECTID":16764,"GLOBAL_ID":"A95B1884-E1FE-468A-BEB1-08767D6FC14E","IDENT":"FD43","NAME":"Summer Lakes","LATITUDE":"28-31-39.0000N","LONGITUDE":"081-28-51.0000W","ELEVATION":70,"ICAO_ID":" ","TYPE_CODE":"SP","SERVCITY":"ORLANDO","STATE":"FL","COUNTRY":"UNITED STATES","OPERSTATUS":"OPERATIONAL","PRIVATEUSE":1,"IAPEXISTS":0,"DODHIFLIP":0,"FAR91":0,"FAR93":0,"MIL_CODE":"CIVIL","AIRANAL":"CONDITIONAL","US_HIGH":0,"US_LOW":0,"AK_HIGH":0,"AK_LOW":0,"US_AREA":0,"PACIFIC":0}},{"type":"Feature","id":761,"geometry":{"type":"Point","coordinates":[-81.652944863719654,28.794113729645062]},"properties":{"FID":761,"OBJECTID":16773,"GLOBAL_ID":"9D04238A-EC23-45AE-864F-0FC4BB8CE643","IDENT":"FD68","NAME":"Jones Brothers East","LATITUDE":"28-47-38.7900N","LONGITUDE":"081-39-10.5900W","ELEVATION":65,"ICAO_ID":" ","TYPE_CODE":"SP","SERVCITY":"MOUNT DORA","STATE":"FL","COUNTRY":"UNITED STATES","OPERSTATUS":"OPERATIONAL","PRIVATEUSE":1,"IAPEXISTS":0,"DODHIFLIP":0,"FAR91":0,"FAR93":0,"MIL_CODE":"CIVIL","AIRANAL":"NO OBJECTION","US_HIGH":0,"US_LOW":0,"AK_HIGH":0,"AK_LOW":0,"US_AREA":0,"PACIFIC":0}},{"type":"Feature","id":762,"geometry":{"type":"Point","coordinates":[-82.159447731764544,27.056671629389484]},"properties":{"FID":762,"OBJECTID":16800,"GLOBAL_ID":"207E5764-A394-4C4D-BBD9-1325D384DBA1","IDENT":"FA87","NAME":"Sarasota Meml Hospital North Port Er","LATITUDE":"27-03-24.0000N","LONGITUDE":"082-09-34.0000W","ELEVATION":25,"ICAO_ID":" ","TYPE_CODE":"HP","SERVCITY":"NORTH PORT","STATE":"FL","COUNTRY":"UNITED STATES","OPERSTATUS":"OPERATIONAL","PRIVATEUSE":1,"IAPEXISTS":0,"DODHIFLIP":0,"FAR91":0,"FAR93":0,"MIL_CODE":"CIVIL","AIRANAL":"CONDITIONAL","US_HIGH":0,"US_LOW":0,"AK_HIGH":0,"AK_LOW":0,"US_AREA":0,"PACIFIC":0}},{"type":"Feature","id":763,"geometry":{"type":"Point","coordinates":[-80.673786227120161,28.279585853981416]},"properties":{"FID":763,"OBJECTID":16812,"GLOBAL_ID":"EEA8371F-C7EF-47C6-95AD-841953786E6C","IDENT":"12FA","NAME":"Niazi","LATITUDE":"28-16-46.4900N","LONGITUDE":"080-40-25.6200W","ELEVATION":14,"ICAO_ID":" ","TYPE_CODE":"HP","SERVCITY":"MERRITT ISLAND","STATE":"FL","COUNTRY":"UNITED STATES","OPERSTATUS":"OPERATIONAL","PRIVATEUSE":1,"IAPEXISTS":0,"DODHIFLIP":0,"FAR91":0,"FAR93":0,"MIL_CODE":"CIVIL","AIRANAL":"CONDITIONAL","US_HIGH":0,"US_LOW":0,"AK_HIGH":0,"AK_LOW":0,"US_AREA":0,"PACIFIC":0}},{"type":"Feature","id":764,"geometry":{"type":"Point","coordinates":[-80.692166756033885,27.237338374862986]},"properties":{"FID":764,"OBJECTID":16829,"GLOBAL_ID":"C7D23E42-D1AB-4253-BE93-71BE368A228E","IDENT":"18FA","NAME":"Amistad Central","LATITUDE":"27-14-14.4000N","LONGITUDE":"080-41-31.7900W","ELEVATION":40,"ICAO_ID":" ","TYPE_CODE":"HP","SERVCITY":"OKEECHOBEE","STATE":"FL","COUNTRY":"UNITED STATES","OPERSTATUS":"OPERATIONAL","PRIVATEUSE":1,"IAPEXISTS":0,"DODHIFLIP":0,"FAR91":0,"FAR93":0,"MIL_CODE":"CIVIL","AIRANAL":"CONDITIONAL","US_HIGH":0,"US_LOW":0,"AK_HIGH":0,"AK_LOW":0,"US_AREA":0,"PACIFIC":0}},{"type":"Feature","id":765,"geometry":{"type":"Point","coordinates":[-81.456300349248636,28.430849758482111]},"properties":{"FID":765,"OBJECTID":16834,"GLOBAL_ID":"D75B4690-3365-4B7C-BA6A-23F47A6B04A3","IDENT":"FA91","NAME":"Orange County Convention Center","LATITUDE":"28-25-51.0400N","LONGITUDE":"081-27-22.6700W","ELEVATION":92,"ICAO_ID":" ","TYPE_CODE":"HP","SERVCITY":"ORLANDO","STATE":"FL","COUNTRY":"UNITED STATES","OPERSTATUS":"OPERATIONAL","PRIVATEUSE":1,"IAPEXISTS":0,"DODHIFLIP":0,"FAR91":0,"FAR93":0,"MIL_CODE":"CIVIL","AIRANAL":"CONDITIONAL","US_HIGH":0,"US_LOW":0,"AK_HIGH":0,"AK_LOW":0,"US_AREA":0,"PACIFIC":0}},{"type":"Feature","id":766,"geometry":{"type":"Point","coordinates":[-82.240920023180536,28.470283081419439]},"properties":{"FID":766,"OBJECTID":16845,"GLOBAL_ID":"1670C500-0261-4BB2-844C-6AFA8C9B6FA4","IDENT":"FD59","NAME":"Field of Dreams","LATITUDE":"28-28-13.0000N","LONGITUDE":"082-14-27.3000W","ELEVATION":90,"ICAO_ID":" ","TYPE_CODE":"AD","SERVCITY":"DADE CITY","STATE":"FL","COUNTRY":"UNITED STATES","OPERSTATUS":"OPERATIONAL","PRIVATEUSE":1,"IAPEXISTS":0,"DODHIFLIP":0,"FAR91":0,"FAR93":0,"MIL_CODE":"CIVIL","AIRANAL":"CONDITIONAL","US_HIGH":0,"US_LOW":0,"AK_HIGH":0,"AK_LOW":0,"US_AREA":0,"PACIFIC":0}},{"type":"Feature","id":767,"geometry":{"type":"Point","coordinates":[-81.435817009244829,28.399385863418217]},"properties":{"FID":767,"OBJECTID":16861,"GLOBAL_ID":"064DCE46-2091-43BC-819B-B8C5C65AFEA6","IDENT":"25FD","NAME":"Ritz Carlton Grande Lakes","LATITUDE":"28-23-57.7700N","LONGITUDE":"081-26-08.9300W","ELEVATION":80,"ICAO_ID":" ","TYPE_CODE":"SP","SERVCITY":"ORLANDO","STATE":"FL","COUNTRY":"UNITED STATES","OPERSTATUS":"OPERATIONAL","PRIVATEUSE":1,"IAPEXISTS":0,"DODHIFLIP":0,"FAR91":0,"FAR93":0,"MIL_CODE":"CIVIL","AIRANAL":"CONDITIONAL","US_HIGH":0,"US_LOW":0,"AK_HIGH":0,"AK_LOW":0,"US_AREA":0,"PACIFIC":0}},{"type":"Feature","id":768,"geometry":{"type":"Point","coordinates":[-80.215558243446196,25.7877824674257]},"properties":{"FID":768,"OBJECTID":16890,"GLOBAL_ID":"BDBC720C-37FC-4D1B-9227-D9D76BD7ECE6","IDENT":"07FD","NAME":"University of Miami Hospital","LATITUDE":"25-47-16.0000N","LONGITUDE":"080-12-56.0000W","ELEVATION":90,"ICAO_ID":" ","TYPE_CODE":"HP","SERVCITY":"MIAMI","STATE":"FL","COUNTRY":"UNITED STATES","OPERSTATUS":"OPERATIONAL","PRIVATEUSE":1,"IAPEXISTS":0,"DODHIFLIP":0,"FAR91":0,"FAR93":0,"MIL_CODE":"CIVIL","AIRANAL":"CONDITIONAL","US_HIGH":0,"US_LOW":0,"AK_HIGH":0,"AK_LOW":0,"US_AREA":0,"PACIFIC":0}},{"type":"Feature","id":769,"geometry":{"type":"Point","coordinates":[-81.234447500101282,28.231116382886569]},"properties":{"FID":769,"OBJECTID":16955,"GLOBAL_ID":"83397780-8C12-4222-8902-73EE3DAB8BA0","IDENT":"FA94","NAME":"Oneals","LATITUDE":"28-13-52.0000N","LONGITUDE":"081-14-04.0000W","ELEVATION":63,"ICAO_ID":" ","TYPE_CODE":"SP","SERVCITY":"ST CLOUD","STATE":"FL","COUNTRY":"UNITED STATES","OPERSTATUS":"OPERATIONAL","PRIVATEUSE":1,"IAPEXISTS":0,"DODHIFLIP":0,"FAR91":0,"FAR93":0,"MIL_CODE":"CIVIL","AIRANAL":"CONDITIONAL","US_HIGH":0,"US_LOW":0,"AK_HIGH":0,"AK_LOW":0,"US_AREA":0,"PACIFIC":0}},{"type":"Feature","id":770,"geometry":{"type":"Point","coordinates":[-81.850836583001239,28.671949806098837]},"properties":{"FID":770,"OBJECTID":17000,"GLOBAL_ID":"A00247D0-5CD9-450C-B895-09AEB46B12E7","IDENT":"90FA","NAME":"North Campus South Lake Hospital","LATITUDE":"28-40-19.0000N","LONGITUDE":"081-51-03.0000W","ELEVATION":113,"ICAO_ID":" ","TYPE_CODE":"HP","SERVCITY":"LEESBURG","STATE":"FL","COUNTRY":"UNITED STATES","OPERSTATUS":"OPERATIONAL","PRIVATEUSE":1,"IAPEXISTS":0,"DODHIFLIP":0,"FAR91":0,"FAR93":0,"MIL_CODE":"CIVIL","AIRANAL":"CONDITIONAL","US_HIGH":0,"US_LOW":0,"AK_HIGH":0,"AK_LOW":0,"US_AREA":0,"PACIFIC":0}},{"type":"Feature","id":771,"geometry":{"type":"Point","coordinates":[-81.673350687680511,28.35119206761857]},"properties":{"FID":771,"OBJECTID":17019,"GLOBAL_ID":"C5E3A2BF-8AD6-4F11-A88E-1F67587B404D","IDENT":"40FA","NAME":"South Campus South Lake Hospital","LATITUDE":"28-21-04.2724N","LONGITUDE":"081-40-24.0510W","ELEVATION":141,"ICAO_ID":" ","TYPE_CODE":"HP","SERVCITY":"CLERMONT","STATE":"FL","COUNTRY":"UNITED STATES","OPERSTATUS":"OPERATIONAL","PRIVATEUSE":1,"IAPEXISTS":0,"DODHIFLIP":0,"FAR91":0,"FAR93":0,"MIL_CODE":"CIVIL","AIRANAL":"CONDITIONAL","US_HIGH":0,"US_LOW":0,"AK_HIGH":0,"AK_LOW":0,"US_AREA":0,"PACIFIC":0}},{"type":"Feature","id":772,"geometry":{"type":"Point","coordinates":[-82.682236794992093,27.813555133907869]},"properties":{"FID":772,"OBJECTID":17038,"GLOBAL_ID":"CFE3A656-4F43-4008-A488-DEE54F1CE4F8","IDENT":"1FL4","NAME":"Vrs","LATITUDE":"27-48-48.7800N","LONGITUDE":"082-40-56.0400W","ELEVATION":43,"ICAO_ID":" ","TYPE_CODE":"HP","SERVCITY":"ST. PETERSBURG","STATE":"FL","COUNTRY":"UNITED STATES","OPERSTATUS":"OPERATIONAL","PRIVATEUSE":1,"IAPEXISTS":0,"DODHIFLIP":0,"FAR91":0,"FAR93":0,"MIL_CODE":"CIVIL","AIRANAL":"NO OBJECTION","US_HIGH":0,"US_LOW":0,"AK_HIGH":0,"AK_LOW":0,"US_AREA":0,"PACIFIC":0}},{"type":"Feature","id":773,"geometry":{"type":"Point","coordinates":[-81.710530992498377,28.824413735359997]},"properties":{"FID":773,"OBJECTID":17039,"GLOBAL_ID":"A92B5CB1-F230-4F9B-9FAD-A53676E10004","IDENT":"32FL","NAME":"Florida Hospital Waterman","LATITUDE":"28-49-27.8700N","LONGITUDE":"081-42-37.9000W","ELEVATION":95,"ICAO_ID":" ","TYPE_CODE":"HP","SERVCITY":"TAVARES","STATE":"FL","COUNTRY":"UNITED STATES","OPERSTATUS":"OPERATIONAL","PRIVATEUSE":1,"IAPEXISTS":0,"DODHIFLIP":0,"FAR91":0,"FAR93":0,"MIL_CODE":"CIVIL","AIRANAL":"NO OBJECTION","US_HIGH":0,"US_LOW":0,"AK_HIGH":0,"AK_LOW":0,"US_AREA":0,"PACIFIC":0}},{"type":"Feature","id":774,"geometry":{"type":"Point","coordinates":[-81.632994846518557,28.458052538435027]},"properties":{"FID":774,"OBJECTID":17058,"GLOBAL_ID":"95C00868-7041-4940-96C7-E3DDB109AF12","IDENT":"FL73","NAME":"Orlando Health Central Horizons West","LATITUDE":"28-27-28.9700N","LONGITUDE":"081-37-58.7700W","ELEVATION":125.7,"ICAO_ID":" ","TYPE_CODE":"HP","SERVCITY":"WINDERMERE","STATE":"FL","COUNTRY":"UNITED STATES","OPERSTATUS":"OPERATIONAL","PRIVATEUSE":1,"IAPEXISTS":0,"DODHIFLIP":0,"FAR91":0,"FAR93":0,"MIL_CODE":"CIVIL","AIRANAL":"NO OBJECTION","US_HIGH":0,"US_LOW":0,"AK_HIGH":0,"AK_LOW":0,"US_AREA":0,"PACIFIC":0}},{"type":"Feature","id":775,"geometry":{"type":"Point","coordinates":[-84.231009559829715,30.475941826873282]},"properties":{"FID":775,"OBJECTID":17070,"GLOBAL_ID":"7904B7B8-01CC-484B-8F6D-39404E92B680","IDENT":"68FL","NAME":"Hca Florida Capital Hospital","LATITUDE":"30-28-33.3700N","LONGITUDE":"084-13-51.6200W","ELEVATION":149.5,"ICAO_ID":" ","TYPE_CODE":"HP","SERVCITY":"TALLAHASSEE","STATE":"FL","COUNTRY":"UNITED STATES","OPERSTATUS":"OPERATIONAL","PRIVATEUSE":1,"IAPEXISTS":0,"DODHIFLIP":0,"FAR91":0,"FAR93":0,"MIL_CODE":"CIVIL","AIRANAL":"NO OBJECTION","US_HIGH":0,"US_LOW":0,"AK_HIGH":0,"AK_LOW":0,"US_AREA":0,"PACIFIC":0}},{"type":"Feature","id":776,"geometry":{"type":"Point","coordinates":[-84.22129567162159,30.562427957886712]},"properties":{"FID":776,"OBJECTID":17071,"GLOBAL_ID":"15ACDB35-799E-4BD9-A64C-A09AA13F3040","IDENT":"82FL","NAME":"Bannerman","LATITUDE":"30-33-44.7200N","LONGITUDE":"084-13-16.6500W","ELEVATION":219,"ICAO_ID":" ","TYPE_CODE":"HP","SERVCITY":"TALLAHASSEE","STATE":"FL","COUNTRY":"UNITED STATES","OPERSTATUS":"OPERATIONAL","PRIVATEUSE":1,"IAPEXISTS":0,"DODHIFLIP":0,"FAR91":0,"FAR93":0,"MIL_CODE":"CIVIL","AIRANAL":"NO OBJECTION","US_HIGH":0,"US_LOW":0,"AK_HIGH":0,"AK_LOW":0,"US_AREA":0,"PACIFIC":0}},{"type":"Feature","id":777,"geometry":{"type":"Point","coordinates":[-81.593339274786501,28.331460842929971]},"properties":{"FID":777,"OBJECTID":17091,"GLOBAL_ID":"F97F65B9-B892-4510-9BFC-42F387D4F6DB","IDENT":"FL63","NAME":"Westgate Villas Helipad","LATITUDE":"28-19-53.2400N","LONGITUDE":"081-35-36.0100W","ELEVATION":112,"ICAO_ID":" ","TYPE_CODE":"HP","SERVCITY":"KISSIMMEE","STATE":"FL","COUNTRY":"UNITED STATES","OPERSTATUS":"OPERATIONAL","PRIVATEUSE":1,"IAPEXISTS":0,"DODHIFLIP":0,"FAR91":0,"FAR93":0,"MIL_CODE":"CIVIL","AIRANAL":"NO OBJECTION","US_HIGH":0,"US_LOW":0,"AK_HIGH":0,"AK_LOW":0,"US_AREA":0,"PACIFIC":0}},{"type":"Feature","id":778,"geometry":{"type":"Point","coordinates":[-82.703206246402374,27.825035692149925]},"properties":{"FID":778,"OBJECTID":17111,"GLOBAL_ID":"C5601766-E934-4198-AAA6-8B59C5CEA3EA","IDENT":"72FA","NAME":"Hca Florida Northside Hospital","LATITUDE":"27-49-30.1100N","LONGITUDE":"082-42-11.5300W","ELEVATION":26,"ICAO_ID":" ","TYPE_CODE":"HP","SERVCITY":"PINELLAS PARK","STATE":"FL","COUNTRY":"UNITED STATES","OPERSTATUS":"OPERATIONAL","PRIVATEUSE":1,"IAPEXISTS":0,"DODHIFLIP":0,"FAR91":0,"FAR93":0,"MIL_CODE":"CIVIL","AIRANAL":"NO OBJECTION","US_HIGH":0,"US_LOW":0,"AK_HIGH":0,"AK_LOW":0,"US_AREA":0,"PACIFIC":0}},{"type":"Feature","id":779,"geometry":{"type":"Point","coordinates":[-81.395156773445422,28.339836183080763]},"properties":{"FID":779,"OBJECTID":17126,"GLOBAL_ID":"254F3672-91A2-4460-A8F6-55F9C40B7A52","IDENT":"FL06","NAME":"Orlando Health Emergency Room & Med Pav","LATITUDE":"28-20-23.3912N","LONGITUDE":"081-23-42.5532W","ELEVATION":91,"ICAO_ID":" ","TYPE_CODE":"HP","SERVCITY":"KISSIMMEE","STATE":"FL","COUNTRY":"UNITED STATES","OPERSTATUS":"OPERATIONAL","PRIVATEUSE":1,"IAPEXISTS":0,"DODHIFLIP":0,"FAR91":0,"FAR93":0,"MIL_CODE":"CIVIL","AIRANAL":"NO OBJECTION","US_HIGH":0,"US_LOW":0,"AK_HIGH":0,"AK_LOW":0,"US_AREA":0,"PACIFIC":0}},{"type":"Feature","id":780,"geometry":{"type":"Point","coordinates":[-80.811472350872236,27.405013413408483]},"properties":{"FID":780,"OBJECTID":17137,"GLOBAL_ID":"61ED58C5-777E-44B9-AAB4-31BC4D5D6DE7","IDENT":"5FL6","NAME":"Gary Stark","LATITUDE":"27-24-18.0300N","LONGITUDE":"080-48-41.2900W","ELEVATION":62.299999999999997,"ICAO_ID":" ","TYPE_CODE":"AD","SERVCITY":"OKEECHOBEE","STATE":"FL","COUNTRY":"UNITED STATES","OPERSTATUS":"OPERATIONAL","PRIVATEUSE":1,"IAPEXISTS":0,"DODHIFLIP":0,"FAR91":0,"FAR93":0,"MIL_CODE":"CIVIL","AIRANAL":"NO OBJECTION","US_HIGH":0,"US_LOW":0,"AK_HIGH":0,"AK_LOW":0,"US_AREA":0,"PACIFIC":0}},{"type":"Feature","id":781,"geometry":{"type":"Point","coordinates":[-81.455250350005088,28.462699766194248]},"properties":{"FID":781,"OBJECTID":17138,"GLOBAL_ID":"84E918FF-E5EB-4DAE-9F1C-F11AD0C3A72D","IDENT":"2FL5","NAME":"Orlando Crossings","LATITUDE":"28-27-45.7000N","LONGITUDE":"081-27-18.8900W","ELEVATION":142,"ICAO_ID":" ","TYPE_CODE":"HP","SERVCITY":"ORLANDO","STATE":"FL","COUNTRY":"UNITED STATES","OPERSTATUS":"OPERATIONAL","PRIVATEUSE":1,"IAPEXISTS":0,"DODHIFLIP":0,"FAR91":0,"FAR93":0,"MIL_CODE":"CIVIL","AIRANAL":"NO OBJECTION","US_HIGH":0,"US_LOW":0,"AK_HIGH":0,"AK_LOW":0,"US_AREA":0,"PACIFIC":0}},{"type":"Feature","id":782,"geometry":{"type":"Point","coordinates":[-81.384486442918785,28.53746645307092]},"properties":{"FID":782,"OBJECTID":17152,"GLOBAL_ID":"0BFE4658-C591-4DE2-8578-0FEFDF9C00C3","IDENT":"FL05","NAME":"Geico Helistop","LATITUDE":"28-32-14.8600N","LONGITUDE":"081-23-04.1400W","ELEVATION":197,"ICAO_ID":" ","TYPE_CODE":"HP","SERVCITY":"ORLANDO","STATE":"FL","COUNTRY":"UNITED STATES","OPERSTATUS":"OPERATIONAL","PRIVATEUSE":1,"IAPEXISTS":0,"DODHIFLIP":0,"FAR91":0,"FAR93":0,"MIL_CODE":"CIVIL","AIRANAL":"NO OBJECTION","US_HIGH":0,"US_LOW":0,"AK_HIGH":0,"AK_LOW":0,"US_AREA":0,"PACIFIC":0}},{"type":"Feature","id":783,"geometry":{"type":"Point","coordinates":[-85.901576691506818,30.251072279915434]},"properties":{"FID":783,"OBJECTID":17153,"GLOBAL_ID":"5D445EC9-BA21-42E3-9EBD-335205042DBF","IDENT":"0FL6","NAME":"Beach Mosquito Control District West","LATITUDE":"30-15-03.8400N","LONGITUDE":"085-54-05.6600W","ELEVATION":37,"ICAO_ID":" ","TYPE_CODE":"HP","SERVCITY":"PANAMA CITY BEACH","STATE":"FL","COUNTRY":"UNITED STATES","OPERSTATUS":"OPERATIONAL","PRIVATEUSE":1,"IAPEXISTS":0,"DODHIFLIP":0,"FAR91":0,"FAR93":0,"MIL_CODE":"CIVIL","AIRANAL":"NO OBJECTION","US_HIGH":0,"US_LOW":0,"AK_HIGH":0,"AK_LOW":0,"US_AREA":0,"PACIFIC":0}},{"type":"Feature","id":784,"geometry":{"type":"Point","coordinates":[-84.992206968722655,29.723994409651311]},"properties":{"FID":784,"OBJECTID":17157,"GLOBAL_ID":"24FDD0AB-57B3-4752-B6B9-B496FC0937E1","IDENT":"FL65","NAME":"George E Weems Meml Hospital","LATITUDE":"29-43-26.3600N","LONGITUDE":"084-59-31.9300W","ELEVATION":16,"ICAO_ID":" ","TYPE_CODE":"HP","SERVCITY":"APALACHICOLA","STATE":"FL","COUNTRY":"UNITED STATES","OPERSTATUS":"OPERATIONAL","PRIVATEUSE":1,"IAPEXISTS":0,"DODHIFLIP":0,"FAR91":0,"FAR93":0,"MIL_CODE":"CIVIL","AIRANAL":"NO OBJECTION","US_HIGH":0,"US_LOW":0,"AK_HIGH":0,"AK_LOW":0,"US_AREA":0,"PACIFIC":0}},{"type":"Feature","id":785,"geometry":{"type":"Point","coordinates":[-81.413557888829246,29.901401499250028]},"properties":{"FID":785,"OBJECTID":17211,"GLOBAL_ID":"E01A60CF-37FA-421C-BBA8-4BA5E57F3DA1","IDENT":"92FA","NAME":"AMcDlz","LATITUDE":"29-54-05.0250N","LONGITUDE":"081-24-48.7970W","ELEVATION":46,"ICAO_ID":" ","TYPE_CODE":"HP","SERVCITY":"ST. AUGUSTINE","STATE":"FL","COUNTRY":"UNITED STATES","OPERSTATUS":"OPERATIONAL","PRIVATEUSE":1,"IAPEXISTS":0,"DODHIFLIP":0,"FAR91":0,"FAR93":0,"MIL_CODE":"CIVIL","AIRANAL":"NO OBJECTION","US_HIGH":0,"US_LOW":0,"AK_HIGH":0,"AK_LOW":0,"US_AREA":0,"PACIFIC":0}},{"type":"Feature","id":786,"geometry":{"type":"Point","coordinates":[-87.168140960604262,30.814850142079479]},"properties":{"FID":786,"OBJECTID":17220,"GLOBAL_ID":"9BB42769-4DCD-4567-8982-751DC9705600","IDENT":"NSX","NAME":"Navy Outlying Fld Site X","LATITUDE":"30-48-53.4400N","LONGITUDE":"087-10-05.2900W","ELEVATION":210,"ICAO_ID":"KNSX","TYPE_CODE":"HP","SERVCITY":"JAY","STATE":"FL","COUNTRY":"UNITED STATES","OPERSTATUS":"OPERATIONAL","PRIVATEUSE":1,"IAPEXISTS":0,"DODHIFLIP":0,"FAR91":0,"FAR93":0,"MIL_CODE":"CIVIL","AIRANAL":"NO OBJECTION","US_HIGH":0,"US_LOW":0,"AK_HIGH":0,"AK_LOW":0,"US_AREA":0,"PACIFIC":0}},{"type":"Feature","id":787,"geometry":{"type":"Point","coordinates":[-81.913217089687635,26.508104832740173]},"properties":{"FID":787,"OBJECTID":17234,"GLOBAL_ID":"2207CB4E-8DF4-4F25-8580-455983577319","IDENT":"3FL9","NAME":"Healthpark of Florida Emergency Helistop","LATITUDE":"26-30-29.1600N","LONGITUDE":"081-54-47.5700W","ELEVATION":9.4000000000000004,"ICAO_ID":" ","TYPE_CODE":"HP","SERVCITY":"FORT MYERS","STATE":"FL","COUNTRY":"UNITED STATES","OPERSTATUS":"OPERATIONAL","PRIVATEUSE":1,"IAPEXISTS":0,"DODHIFLIP":0,"FAR91":0,"FAR93":0,"MIL_CODE":"CIVIL","AIRANAL":"NO OBJECTION","US_HIGH":0,"US_LOW":0,"AK_HIGH":0,"AK_LOW":0,"US_AREA":0,"PACIFIC":0}},{"type":"Feature","id":788,"geometry":{"type":"Point","coordinates":[-80.20962494721897,27.210905046749588]},"properties":{"FID":788,"OBJECTID":17251,"GLOBAL_ID":"500CEA63-5370-4967-A179-586F1E258C23","IDENT":"FD73","NAME":"Neshama","LATITUDE":"27-12-39.2400N","LONGITUDE":"080-12-34.6400W","ELEVATION":22,"ICAO_ID":" ","TYPE_CODE":"HP","SERVCITY":"STUART","STATE":"FL","COUNTRY":"UNITED STATES","OPERSTATUS":"OPERATIONAL","PRIVATEUSE":1,"IAPEXISTS":0,"DODHIFLIP":0,"FAR91":0,"FAR93":0,"MIL_CODE":"CIVIL","AIRANAL":"NO OBJECTION","US_HIGH":0,"US_LOW":0,"AK_HIGH":0,"AK_LOW":0,"US_AREA":0,"PACIFIC":0}},{"type":"Feature","id":789,"geometry":{"type":"Point","coordinates":[-80.190019346887311,25.784232467069273]},"properties":{"FID":789,"OBJECTID":17353,"GLOBAL_ID":"64482921-85D9-4974-98D1-9DC646BD1F3A","IDENT":"FA10","NAME":"1000 Museum","LATITUDE":"25-47-03.2200N","LONGITUDE":"080-11-24.0600W","ELEVATION":709,"ICAO_ID":" ","TYPE_CODE":"HP","SERVCITY":"MIAMI","STATE":"FL","COUNTRY":"UNITED STATES","OPERSTATUS":"OPERATIONAL","PRIVATEUSE":1,"IAPEXISTS":0,"DODHIFLIP":0,"FAR91":0,"FAR93":0,"MIL_CODE":"CIVIL","AIRANAL":"NO OBJECTION","US_HIGH":0,"US_LOW":0,"AK_HIGH":0,"AK_LOW":0,"US_AREA":0,"PACIFIC":0}},{"type":"Feature","id":790,"geometry":{"type":"Point","coordinates":[-82.115753331179292,28.798727607344517]},"properties":{"FID":790,"OBJECTID":17384,"GLOBAL_ID":"BAFA7F2D-7A70-44DA-8F8E-96B9C3E0E03A","IDENT":"4FA7","NAME":"Lake Panasoffkee","LATITUDE":"28-47-55.4000N","LONGITUDE":"082-06-56.7000W","ELEVATION":39,"ICAO_ID":" ","TYPE_CODE":"SP","SERVCITY":"LAKE PANASOFFKEE","STATE":"FL","COUNTRY":"UNITED STATES","OPERSTATUS":"OPERATIONAL","PRIVATEUSE":1,"IAPEXISTS":0,"DODHIFLIP":0,"FAR91":0,"FAR93":0,"MIL_CODE":"CIVIL","AIRANAL":"NO OBJECTION","US_HIGH":0,"US_LOW":0,"AK_HIGH":0,"AK_LOW":0,"US_AREA":0,"PACIFIC":0}},{"type":"Feature","id":791,"geometry":{"type":"Point","coordinates":[-81.83472552284195,30.197505723548147]},"properties":{"FID":791,"OBJECTID":17386,"GLOBAL_ID":"DAA1CAB5-66DF-4620-A32E-CF0A6B70FC63","IDENT":"42FA","NAME":"Baptist Oakleaf Emergency","LATITUDE":"30-11-51.0000N","LONGITUDE":"081-50-05.0000W","ELEVATION":81,"ICAO_ID":" ","TYPE_CODE":"HP","SERVCITY":"JACKSONVILLE","STATE":"FL","COUNTRY":"UNITED STATES","OPERSTATUS":"OPERATIONAL","PRIVATEUSE":1,"IAPEXISTS":0,"DODHIFLIP":0,"FAR91":0,"FAR93":0,"MIL_CODE":"CIVIL","AIRANAL":"NO OBJECTION","US_HIGH":0,"US_LOW":0,"AK_HIGH":0,"AK_LOW":0,"US_AREA":0,"PACIFIC":0}},{"type":"Feature","id":792,"geometry":{"type":"Point","coordinates":[-81.533892100632443,30.157227944872261]},"properties":{"FID":792,"OBJECTID":17387,"GLOBAL_ID":"2E1023FF-B838-49BA-8DA5-7B4075261423","IDENT":"6FA7","NAME":"McCall Storage","LATITUDE":"30-09-26.0000N","LONGITUDE":"081-32-02.0000W","ELEVATION":22,"ICAO_ID":" ","TYPE_CODE":"HP","SERVCITY":"JACKSONVILLE","STATE":"FL","COUNTRY":"UNITED STATES","OPERSTATUS":"OPERATIONAL","PRIVATEUSE":1,"IAPEXISTS":0,"DODHIFLIP":0,"FAR91":0,"FAR93":0,"MIL_CODE":"CIVIL","AIRANAL":"NO OBJECTION","US_HIGH":0,"US_LOW":0,"AK_HIGH":0,"AK_LOW":0,"US_AREA":0,"PACIFIC":0}},{"type":"Feature","id":793,"geometry":{"type":"Point","coordinates":[-81.60973094427635,28.262580269862781]},"properties":{"FID":793,"OBJECTID":17388,"GLOBAL_ID":"C99BF2AB-C2A3-40DB-A9A0-96633A734712","IDENT":"5FA2","NAME":"Orlando Health Reunion","LATITUDE":"28-15-45.2700N","LONGITUDE":"081-36-35.0200W","ELEVATION":124.40000000000001,"ICAO_ID":" ","TYPE_CODE":"HP","SERVCITY":"DAVENPORT","STATE":"FL","COUNTRY":"UNITED STATES","OPERSTATUS":"OPERATIONAL","PRIVATEUSE":1,"IAPEXISTS":0,"DODHIFLIP":0,"FAR91":0,"FAR93":0,"MIL_CODE":"CIVIL","AIRANAL":"NO OBJECTION","US_HIGH":0,"US_LOW":0,"AK_HIGH":0,"AK_LOW":0,"US_AREA":0,"PACIFIC":0}},{"type":"Feature","id":794,"geometry":{"type":"Point","coordinates":[-86.191672339307559,30.488615657193122]},"properties":{"FID":794,"OBJECTID":17389,"GLOBAL_ID":"41011398-A95D-4552-B6C1-B0C823CF57FA","IDENT":"82FA","NAME":"Airrep","LATITUDE":"30-29-18.9960N","LONGITUDE":"086-11-30.0040W","ELEVATION":14,"ICAO_ID":" ","TYPE_CODE":"HP","SERVCITY":"FREEPORT","STATE":"FL","COUNTRY":"UNITED STATES","OPERSTATUS":"OPERATIONAL","PRIVATEUSE":1,"IAPEXISTS":0,"DODHIFLIP":0,"FAR91":0,"FAR93":0,"MIL_CODE":"CIVIL","AIRANAL":"NO OBJECTION","US_HIGH":0,"US_LOW":0,"AK_HIGH":0,"AK_LOW":0,"US_AREA":0,"PACIFIC":0}},{"type":"Feature","id":795,"geometry":{"type":"Point","coordinates":[-82.422314506329087,28.070494091560192]},"properties":{"FID":795,"OBJECTID":17390,"GLOBAL_ID":"7209FB54-331E-4462-A316-DA211521E7FC","IDENT":"3FA1","NAME":"Adventhealth Tampa","LATITUDE":"28-04-13.7600N","LONGITUDE":"082-25-20.3200W","ELEVATION":43,"ICAO_ID":" ","TYPE_CODE":"HP","SERVCITY":"TAMPA","STATE":"FL","COUNTRY":"UNITED STATES","OPERSTATUS":"OPERATIONAL","PRIVATEUSE":1,"IAPEXISTS":0,"DODHIFLIP":0,"FAR91":0,"FAR93":0,"MIL_CODE":"CIVIL","AIRANAL":"NO OBJECTION","US_HIGH":0,"US_LOW":0,"AK_HIGH":0,"AK_LOW":0,"US_AREA":0,"PACIFIC":0}},{"type":"Feature","id":796,"geometry":{"type":"Point","coordinates":[-82.828309064559164,27.952755163765005]},"properties":{"FID":796,"OBJECTID":17406,"GLOBAL_ID":"296769A0-B31E-4179-BB3B-63EFE03359FD","IDENT":"1FD2","NAME":"Clearwater Marriott","LATITUDE":"27-57-09.9000N","LONGITUDE":"082-49-41.9000W","ELEVATION":1,"ICAO_ID":" ","TYPE_CODE":"SP","SERVCITY":"CLEARWATER","STATE":"FL","COUNTRY":"UNITED STATES","OPERSTATUS":"OPERATIONAL","PRIVATEUSE":1,"IAPEXISTS":0,"DODHIFLIP":0,"FAR91":0,"FAR93":0,"MIL_CODE":"CIVIL","AIRANAL":"NO OBJECTION","US_HIGH":0,"US_LOW":0,"AK_HIGH":0,"AK_LOW":0,"US_AREA":0,"PACIFIC":0}},{"type":"Feature","id":797,"geometry":{"type":"Point","coordinates":[-82.482600635866675,28.105030209329755]},"properties":{"FID":797,"OBJECTID":17407,"GLOBAL_ID":"C6FADF87-AFC6-4645-AA82-9BA9F2EC303F","IDENT":"1FA6","NAME":"Arrowhead","LATITUDE":"28-06-18.0900N","LONGITUDE":"082-28-57.3500W","ELEVATION":55,"ICAO_ID":" ","TYPE_CODE":"HP","SERVCITY":"TAMPA","STATE":"FL","COUNTRY":"UNITED STATES","OPERSTATUS":"OPERATIONAL","PRIVATEUSE":1,"IAPEXISTS":0,"DODHIFLIP":0,"FAR91":0,"FAR93":0,"MIL_CODE":"CIVIL","AIRANAL":"NO OBJECTION","US_HIGH":0,"US_LOW":0,"AK_HIGH":0,"AK_LOW":0,"US_AREA":0,"PACIFIC":0}},{"type":"Feature","id":798,"geometry":{"type":"Point","coordinates":[-82.441756194572349,28.538783092511949]},"properties":{"FID":798,"OBJECTID":17441,"GLOBAL_ID":"ACC97B0F-73EA-41CE-BC64-665E41B2A2B1","IDENT":"1FA7","NAME":"Bayfront Health Brooksville","LATITUDE":"28-32-19.6000N","LONGITUDE":"082-26-30.3100W","ELEVATION":93,"ICAO_ID":" ","TYPE_CODE":"HP","SERVCITY":"BROOKSVILLE","STATE":"FL","COUNTRY":"UNITED STATES","OPERSTATUS":"OPERATIONAL","PRIVATEUSE":1,"IAPEXISTS":0,"DODHIFLIP":0,"FAR91":0,"FAR93":0,"MIL_CODE":"CIVIL","AIRANAL":"NO OBJECTION","US_HIGH":0,"US_LOW":0,"AK_HIGH":0,"AK_LOW":0,"US_AREA":0,"PACIFIC":0}},{"type":"Feature","id":799,"geometry":{"type":"Point","coordinates":[-81.284997516233148,28.274355281070427]},"properties":{"FID":799,"OBJECTID":17442,"GLOBAL_ID":"76A2DA81-A457-4608-87A6-73CCFF3E2529","IDENT":"3FL","NAME":"St Cloud","LATITUDE":"28-16-27.6600N","LONGITUDE":"081-17-05.9800W","ELEVATION":54,"ICAO_ID":" ","TYPE_CODE":"SP","SERVCITY":"ST CLOUD","STATE":"FL","COUNTRY":"UNITED STATES","OPERSTATUS":"OPERATIONAL","PRIVATEUSE":0,"IAPEXISTS":0,"DODHIFLIP":0,"FAR91":0,"FAR93":0,"MIL_CODE":"CIVIL","AIRANAL":"NO OBJECTION","US_HIGH":0,"US_LOW":0,"AK_HIGH":0,"AK_LOW":0,"US_AREA":0,"PACIFIC":0}},{"type":"Feature","id":800,"geometry":{"type":"Point","coordinates":[-81.200537802959502,29.251269407128348]},"properties":{"FID":800,"OBJECTID":17451,"GLOBAL_ID":"E5B925F7-F5FA-47C8-91DB-7AF3C122BD57","IDENT":"2FA1","NAME":"Sawgrass","LATITUDE":"29-15-04.5500N","LONGITUDE":"081-12-01.9250W","ELEVATION":40,"ICAO_ID":" ","TYPE_CODE":"AD","SERVCITY":"ORMOND BEACH","STATE":"FL","COUNTRY":"UNITED STATES","OPERSTATUS":"OPERATIONAL","PRIVATEUSE":1,"IAPEXISTS":0,"DODHIFLIP":0,"FAR91":0,"FAR93":0,"MIL_CODE":"CIVIL","AIRANAL":"NO OBJECTION","US_HIGH":0,"US_LOW":0,"AK_HIGH":0,"AK_LOW":0,"US_AREA":0,"PACIFIC":0}},{"type":"Feature","id":801,"geometry":{"type":"Point","coordinates":[-82.14136830560733,27.806204645784646]},"properties":{"FID":801,"OBJECTID":17464,"GLOBAL_ID":"4E00F720-F7F1-47E8-9378-38DBDD02567E","IDENT":"27FA","NAME":"Stanchester","LATITUDE":"27-48-22.3182N","LONGITUDE":"082-08-28.9140W","ELEVATION":96,"ICAO_ID":" ","TYPE_CODE":"AD","SERVCITY":"LITHIA","STATE":"FL","COUNTRY":"UNITED STATES","OPERSTATUS":"OPERATIONAL","PRIVATEUSE":1,"IAPEXISTS":0,"DODHIFLIP":0,"FAR91":0,"FAR93":0,"MIL_CODE":"CIVIL","AIRANAL":"NO OBJECTION","US_HIGH":0,"US_LOW":0,"AK_HIGH":0,"AK_LOW":0,"US_AREA":0,"PACIFIC":0}},{"type":"Feature","id":802,"geometry":{"type":"Point","coordinates":[-86.433315736068096,30.388255627004014]},"properties":{"FID":802,"OBJECTID":17500,"GLOBAL_ID":"A71622D6-9C95-45D4-972E-308FE1C6D77C","IDENT":"8FL5","NAME":"Timberview Helicopters","LATITUDE":"30-23-17.7000N","LONGITUDE":"086-25-59.9200W","ELEVATION":16,"ICAO_ID":" ","TYPE_CODE":"HP","SERVCITY":"DESTIN","STATE":"FL","COUNTRY":"UNITED STATES","OPERSTATUS":"OPERATIONAL","PRIVATEUSE":1,"IAPEXISTS":0,"DODHIFLIP":0,"FAR91":0,"FAR93":0,"MIL_CODE":"CIVIL","AIRANAL":"CONDITIONAL","US_HIGH":0,"US_LOW":0,"AK_HIGH":0,"AK_LOW":0,"US_AREA":0,"PACIFIC":0}},{"type":"Feature","id":803,"geometry":{"type":"Point","coordinates":[-81.824478172473675,26.417738145315411]},"properties":{"FID":803,"OBJECTID":17550,"GLOBAL_ID":"820A2187-6D4A-47B3-A987-B692BDA7F742","IDENT":"91FA","NAME":"Williams Road Helistop","LATITUDE":"26-25-03.8400N","LONGITUDE":"081-49-28.1100W","ELEVATION":10,"ICAO_ID":" ","TYPE_CODE":"HP","SERVCITY":"ESTERO","STATE":"FL","COUNTRY":"UNITED STATES","OPERSTATUS":"OPERATIONAL","PRIVATEUSE":1,"IAPEXISTS":0,"DODHIFLIP":0,"FAR91":0,"FAR93":0,"MIL_CODE":"CIVIL","AIRANAL":"NO OBJECTION","US_HIGH":0,"US_LOW":0,"AK_HIGH":0,"AK_LOW":0,"US_AREA":0,"PACIFIC":0}},{"type":"Feature","id":804,"geometry":{"type":"Point","coordinates":[-81.208283673604114,29.457625456037249]},"properties":{"FID":804,"OBJECTID":17555,"GLOBAL_ID":"0FFFA9FA-5EAF-427B-A950-85FEE2A95342","IDENT":"6FA4","NAME":"Mosquito Control","LATITUDE":"29-27-27.4316N","LONGITUDE":"081-12-29.8101W","ELEVATION":33,"ICAO_ID":" ","TYPE_CODE":"HP","SERVCITY":"PALM COAST","STATE":"FL","COUNTRY":"UNITED STATES","OPERSTATUS":"OPERATIONAL","PRIVATEUSE":1,"IAPEXISTS":0,"DODHIFLIP":0,"FAR91":0,"FAR93":0,"MIL_CODE":"CIVIL","AIRANAL":"NO OBJECTION","US_HIGH":0,"US_LOW":0,"AK_HIGH":0,"AK_LOW":0,"US_AREA":0,"PACIFIC":0}},{"type":"Feature","id":805,"geometry":{"type":"Point","coordinates":[-81.896378195052705,26.480988159394826]},"properties":{"FID":805,"OBJECTID":17576,"GLOBAL_ID":"3DE7240E-C692-42A2-8335-C7AF9794D9D9","IDENT":"15FD","NAME":"Winkler Helistop","LATITUDE":"26-28-51.5400N","LONGITUDE":"081-53-46.9500W","ELEVATION":10,"ICAO_ID":" ","TYPE_CODE":"HP","SERVCITY":"FT MYERS","STATE":"FL","COUNTRY":"UNITED STATES","OPERSTATUS":"OPERATIONAL","PRIVATEUSE":1,"IAPEXISTS":0,"DODHIFLIP":0,"FAR91":0,"FAR93":0,"MIL_CODE":"CIVIL","AIRANAL":"NO OBJECTION","US_HIGH":0,"US_LOW":0,"AK_HIGH":0,"AK_LOW":0,"US_AREA":0,"PACIFIC":0}},{"type":"Feature","id":806,"geometry":{"type":"Point","coordinates":[-85.025295903024698,30.607491831950711]},"properties":{"FID":806,"OBJECTID":17583,"GLOBAL_ID":"ED55553A-1F1B-4FE0-9E76-AD6FDF197D5D","IDENT":"0FD4","NAME":"Yoder Fld","LATITUDE":"30-36-26.9500N","LONGITUDE":"085-01-31.0500W","ELEVATION":138,"ICAO_ID":" ","TYPE_CODE":"AD","SERVCITY":"BLOUNTSTOWN","STATE":"FL","COUNTRY":"UNITED STATES","OPERSTATUS":"OPERATIONAL","PRIVATEUSE":1,"IAPEXISTS":0,"DODHIFLIP":0,"FAR91":0,"FAR93":0,"MIL_CODE":"CIVIL","AIRANAL":"NO OBJECTION","US_HIGH":0,"US_LOW":0,"AK_HIGH":0,"AK_LOW":0,"US_AREA":0,"PACIFIC":0}},{"type":"Feature","id":807,"geometry":{"type":"Point","coordinates":[-82.534858999416315,28.537338644692284]},"properties":{"FID":807,"OBJECTID":17584,"GLOBAL_ID":"6B990567-D36B-4AFD-9E10-055AE07A0C6B","IDENT":"23FD","NAME":"Hca Florida Oak Hill Hospital","LATITUDE":"28-32-14.4000N","LONGITUDE":"082-32-05.4800W","ELEVATION":36.5,"ICAO_ID":" ","TYPE_CODE":"HP","SERVCITY":"BROOKSVILLE","STATE":"FL","COUNTRY":"UNITED STATES","OPERSTATUS":"OPERATIONAL","PRIVATEUSE":1,"IAPEXISTS":0,"DODHIFLIP":0,"FAR91":0,"FAR93":0,"MIL_CODE":"CIVIL","AIRANAL":"NO OBJECTION","US_HIGH":0,"US_LOW":0,"AK_HIGH":0,"AK_LOW":0,"US_AREA":0,"PACIFIC":0}},{"type":"Feature","id":808,"geometry":{"type":"Point","coordinates":[-81.562586443844566,26.916978553093315]},"properties":{"FID":808,"OBJECTID":17585,"GLOBAL_ID":"142B5683-13B9-46B4-9E9A-4CDE9997D6EC","IDENT":"FL36","NAME":"Lykes Silver Lake","LATITUDE":"26-55-01.1050N","LONGITUDE":"081-33-45.3000W","ELEVATION":30,"ICAO_ID":" ","TYPE_CODE":"AD","SERVCITY":"LABELLE","STATE":"FL","COUNTRY":"UNITED STATES","OPERSTATUS":"OPERATIONAL","PRIVATEUSE":1,"IAPEXISTS":0,"DODHIFLIP":0,"FAR91":0,"FAR93":0,"MIL_CODE":"CIVIL","AIRANAL":"NO OBJECTION","US_HIGH":0,"US_LOW":0,"AK_HIGH":0,"AK_LOW":0,"US_AREA":0,"PACIFIC":0}},{"type":"Feature","id":809,"geometry":{"type":"Point","coordinates":[-82.486870088820524,28.308044147032604]},"properties":{"FID":809,"OBJECTID":17586,"GLOBAL_ID":"E861A2A5-23E6-4FED-A7A7-BAD5CDF38311","IDENT":"53FA","NAME":"Pasco Sheriffs Office","LATITUDE":"28-18-28.9400N","LONGITUDE":"082-29-12.7200W","ELEVATION":79,"ICAO_ID":" ","TYPE_CODE":"HP","SERVCITY":"LAND O ' LAKES","STATE":"FL","COUNTRY":"UNITED STATES","OPERSTATUS":"OPERATIONAL","PRIVATEUSE":1,"IAPEXISTS":0,"DODHIFLIP":0,"FAR91":0,"FAR93":0,"MIL_CODE":"CIVIL","AIRANAL":"NO OBJECTION","US_HIGH":0,"US_LOW":0,"AK_HIGH":0,"AK_LOW":0,"US_AREA":0,"PACIFIC":0}},{"type":"Feature","id":810,"geometry":{"type":"Point","coordinates":[-81.140044653982841,26.878434109428611]},"properties":{"FID":810,"OBJECTID":17587,"GLOBAL_ID":"56A74D4F-FB54-4ADC-8FC0-F15AB41F811C","IDENT":"7FA2","NAME":"Lykes Moore Haven","LATITUDE":"26-52-42.3450N","LONGITUDE":"081-08-24.1500W","ELEVATION":17,"ICAO_ID":" ","TYPE_CODE":"AD","SERVCITY":"MOORE HAVEN","STATE":"FL","COUNTRY":"UNITED STATES","OPERSTATUS":"OPERATIONAL","PRIVATEUSE":1,"IAPEXISTS":0,"DODHIFLIP":0,"FAR91":0,"FAR93":0,"MIL_CODE":"CIVIL","AIRANAL":"NO OBJECTION","US_HIGH":0,"US_LOW":0,"AK_HIGH":0,"AK_LOW":0,"US_AREA":0,"PACIFIC":0}},{"type":"Feature","id":811,"geometry":{"type":"Point","coordinates":[-81.525419763610671,26.798060469542634]},"properties":{"FID":811,"OBJECTID":17588,"GLOBAL_ID":"BE76D084-B203-4DF0-BB54-F7A31D139E1D","IDENT":"7FA3","NAME":"Flying L","LATITUDE":"26-47-53.0000N","LONGITUDE":"081-31-31.5000W","ELEVATION":40,"ICAO_ID":" ","TYPE_CODE":"AD","SERVCITY":"FORT DENAUD","STATE":"FL","COUNTRY":"UNITED STATES","OPERSTATUS":"OPERATIONAL","PRIVATEUSE":1,"IAPEXISTS":0,"DODHIFLIP":0,"FAR91":0,"FAR93":0,"MIL_CODE":"CIVIL","AIRANAL":"NO OBJECTION","US_HIGH":0,"US_LOW":0,"AK_HIGH":0,"AK_LOW":0,"US_AREA":0,"PACIFIC":0}},{"type":"Feature","id":812,"geometry":{"type":"Point","coordinates":[-85.745264154121116,30.413645932493239]},"properties":{"FID":812,"OBJECTID":17592,"GLOBAL_ID":"5D317B21-4967-4707-828A-ECAB2AF30AC1","IDENT":"94FA","NAME":"Stock Island","LATITUDE":"30-24-49.1050N","LONGITUDE":"085-44-42.9350W","ELEVATION":102,"ICAO_ID":" ","TYPE_CODE":"AD","SERVCITY":"PANAMA CITY","STATE":"FL","COUNTRY":"UNITED STATES","OPERSTATUS":"OPERATIONAL","PRIVATEUSE":1,"IAPEXISTS":0,"DODHIFLIP":0,"FAR91":0,"FAR93":0,"MIL_CODE":"CIVIL","AIRANAL":"NO OBJECTION","US_HIGH":0,"US_LOW":0,"AK_HIGH":0,"AK_LOW":0,"US_AREA":0,"PACIFIC":0}},{"type":"Feature","id":813,"geometry":{"type":"Point","coordinates":[-86.635421373366341,30.952352968095454]},"properties":{"FID":813,"OBJECTID":17612,"GLOBAL_ID":"5D4C1117-6B0A-475E-8565-5847EFEF4357","IDENT":"02FD","NAME":"Triple R Ranch","LATITUDE":"30-57-08.4500N","LONGITUDE":"086-38-07.5000W","ELEVATION":209,"ICAO_ID":" ","TYPE_CODE":"AD","SERVCITY":"BAKER","STATE":"FL","COUNTRY":"UNITED STATES","OPERSTATUS":"OPERATIONAL","PRIVATEUSE":1,"IAPEXISTS":0,"DODHIFLIP":0,"FAR91":0,"FAR93":0,"MIL_CODE":"CIVIL","AIRANAL":"NO OBJECTION","US_HIGH":0,"US_LOW":0,"AK_HIGH":0,"AK_LOW":0,"US_AREA":0,"PACIFIC":0}},{"type":"Feature","id":814,"geometry":{"type":"Point","coordinates":[-82.371658975982541,29.214645755210427]},"properties":{"FID":814,"OBJECTID":17626,"GLOBAL_ID":"EA935DE1-61D5-4401-89A6-6B79437049A3","IDENT":"FA86","NAME":"Early Bird","LATITUDE":"29-12-52.7050N","LONGITUDE":"082-22-17.9600W","ELEVATION":71,"ICAO_ID":" ","TYPE_CODE":"AD","SERVCITY":"OCALA","STATE":"FL","COUNTRY":"UNITED STATES","OPERSTATUS":"OPERATIONAL","PRIVATEUSE":1,"IAPEXISTS":0,"DODHIFLIP":0,"FAR91":0,"FAR93":0,"MIL_CODE":"CIVIL","AIRANAL":"NO OBJECTION","US_HIGH":0,"US_LOW":0,"AK_HIGH":0,"AK_LOW":0,"US_AREA":0,"PACIFIC":0}},{"type":"Feature","id":815,"geometry":{"type":"Point","coordinates":[-80.339052714383854,25.430226817900575]},"properties":{"FID":815,"OBJECTID":17660,"GLOBAL_ID":"E5E453BC-E149-45F7-BA57-A44934D9B4E9","IDENT":"14FD","NAME":"F P & L Turkey Point Helistop","LATITUDE":"25-25-48.8000N","LONGITUDE":"080-20-20.5800W","ELEVATION":4,"ICAO_ID":" ","TYPE_CODE":"HP","SERVCITY":"FLORIDA CITY","STATE":"FL","COUNTRY":"UNITED STATES","OPERSTATUS":"OPERATIONAL","PRIVATEUSE":1,"IAPEXISTS":0,"DODHIFLIP":0,"FAR91":0,"FAR93":0,"MIL_CODE":"CIVIL","AIRANAL":"CONDITIONAL","US_HIGH":0,"US_LOW":0,"AK_HIGH":0,"AK_LOW":0,"US_AREA":0,"PACIFIC":0}},{"type":"Feature","id":816,"geometry":{"type":"Point","coordinates":[-81.274864183655836,28.376810862132288]},"properties":{"FID":816,"OBJECTID":17661,"GLOBAL_ID":"22010C04-9AEE-4BFB-A254-CE156A9BD5A9","IDENT":"6FA5","NAME":"Nemours Childrens Hospital","LATITUDE":"28-22-36.5000N","LONGITUDE":"081-16-29.5000W","ELEVATION":89,"ICAO_ID":" ","TYPE_CODE":"HP","SERVCITY":"ORLANDO","STATE":"FL","COUNTRY":"UNITED STATES","OPERSTATUS":"OPERATIONAL","PRIVATEUSE":1,"IAPEXISTS":0,"DODHIFLIP":0,"FAR91":0,"FAR93":0,"MIL_CODE":"CIVIL","AIRANAL":"CONDITIONAL","US_HIGH":0,"US_LOW":0,"AK_HIGH":0,"AK_LOW":0,"US_AREA":0,"PACIFIC":0}},{"type":"Feature","id":817,"geometry":{"type":"Point","coordinates":[-81.286703075768798,28.366705303381934]},"properties":{"FID":817,"OBJECTID":17683,"GLOBAL_ID":"C8BC7899-D80A-409C-9FB9-C397335361E9","IDENT":"68FA","NAME":"Ucf Lake Nona Hospital","LATITUDE":"28-22-00.1200N","LONGITUDE":"081-17-12.1200W","ELEVATION":87.200000000000003,"ICAO_ID":" ","TYPE_CODE":"HP","SERVCITY":"ORLANDO","STATE":"FL","COUNTRY":"UNITED STATES","OPERSTATUS":"OPERATIONAL","PRIVATEUSE":1,"IAPEXISTS":0,"DODHIFLIP":0,"FAR91":0,"FAR93":0,"MIL_CODE":"CIVIL","AIRANAL":"NO OBJECTION","US_HIGH":0,"US_LOW":0,"AK_HIGH":0,"AK_LOW":0,"US_AREA":0,"PACIFIC":0}},{"type":"Feature","id":818,"geometry":{"type":"Point","coordinates":[-82.099458824414342,26.988749391125793]},"properties":{"FID":818,"OBJECTID":17729,"GLOBAL_ID":"3F965430-3453-494A-AE63-DB064D94FD38","IDENT":"2FD8","NAME":"Hca Florida Fawcett Hospital","LATITUDE":"26-59-19.4800N","LONGITUDE":"082-05-58.0400W","ELEVATION":16,"ICAO_ID":" ","TYPE_CODE":"HP","SERVCITY":"PORT CHARLOTTE","STATE":"FL","COUNTRY":"UNITED STATES","OPERSTATUS":"OPERATIONAL","PRIVATEUSE":1,"IAPEXISTS":0,"DODHIFLIP":0,"FAR91":0,"FAR93":0,"MIL_CODE":"CIVIL","AIRANAL":"NO OBJECTION","US_HIGH":0,"US_LOW":0,"AK_HIGH":0,"AK_LOW":0,"US_AREA":0,"PACIFIC":0}},{"type":"Feature","id":819,"geometry":{"type":"Point","coordinates":[-82.956491134209159,30.401122404572732]},"properties":{"FID":819,"OBJECTID":17740,"GLOBAL_ID":"FD4F8582-F2FC-44DA-BCE6-1DC43A2C4CD3","IDENT":"95FA","NAME":"Spirit of Suwannee","LATITUDE":"30-24-04.0200N","LONGITUDE":"082-57-23.3550W","ELEVATION":93,"ICAO_ID":" ","TYPE_CODE":"AD","SERVCITY":"LIVE OAK","STATE":"FL","COUNTRY":"UNITED STATES","OPERSTATUS":"OPERATIONAL","PRIVATEUSE":1,"IAPEXISTS":0,"DODHIFLIP":0,"FAR91":0,"FAR93":0,"MIL_CODE":"CIVIL","AIRANAL":"NO OBJECTION","US_HIGH":0,"US_LOW":0,"AK_HIGH":0,"AK_LOW":0,"US_AREA":0,"PACIFIC":0}},{"type":"Feature","id":820,"geometry":{"type":"Point","coordinates":[-81.482236544178704,30.533183590160547]},"properties":{"FID":820,"OBJECTID":17744,"GLOBAL_ID":"E25600B4-E82B-438B-8A8A-106144D082FC","IDENT":"7FL3","NAME":"Hammock Seaplane Landing Area","LATITUDE":"30-31-59.4400N","LONGITUDE":"081-28-56.0400W","ELEVATION":0,"ICAO_ID":" ","TYPE_CODE":"SP","SERVCITY":"JACKSONVILLE","STATE":"FL","COUNTRY":"UNITED STATES","OPERSTATUS":"OPERATIONAL","PRIVATEUSE":1,"IAPEXISTS":0,"DODHIFLIP":0,"FAR91":0,"FAR93":0,"MIL_CODE":"CIVIL","AIRANAL":"NO OBJECTION","US_HIGH":0,"US_LOW":0,"AK_HIGH":0,"AK_LOW":0,"US_AREA":0,"PACIFIC":0}},{"type":"Feature","id":821,"geometry":{"type":"Point","coordinates":[-81.056953031723424,29.042667972159904]},"properties":{"FID":821,"OBJECTID":17745,"GLOBAL_ID":"89C37093-91E1-48CC-A7D1-E6BF5F4B526D","IDENT":"3FA7","NAME":"Flying 4 Ranch","LATITUDE":"29-02-33.5850N","LONGITUDE":"081-03-25.0200W","ELEVATION":27,"ICAO_ID":" ","TYPE_CODE":"AD","SERVCITY":"NEW SMYRNA BEACH","STATE":"FL","COUNTRY":"UNITED STATES","OPERSTATUS":"OPERATIONAL","PRIVATEUSE":1,"IAPEXISTS":0,"DODHIFLIP":0,"FAR91":0,"FAR93":0,"MIL_CODE":"CIVIL","AIRANAL":"NO OBJECTION","US_HIGH":0,"US_LOW":0,"AK_HIGH":0,"AK_LOW":0,"US_AREA":0,"PACIFIC":0}},{"type":"Feature","id":822,"geometry":{"type":"Point","coordinates":[-82.24177424657222,30.052947177928388]},"properties":{"FID":822,"OBJECTID":17747,"GLOBAL_ID":"100C6461-9D07-4E8D-95F5-06031C92374E","IDENT":"8FA1","NAME":"Clark Fld","LATITUDE":"30-03-10.5894N","LONGITUDE":"082-14-30.3750W","ELEVATION":123,"ICAO_ID":" ","TYPE_CODE":"AD","SERVCITY":"RAIFORD","STATE":"FL","COUNTRY":"UNITED STATES","OPERSTATUS":"OPERATIONAL","PRIVATEUSE":1,"IAPEXISTS":0,"DODHIFLIP":0,"FAR91":0,"FAR93":0,"MIL_CODE":"CIVIL","AIRANAL":"NO OBJECTION","US_HIGH":0,"US_LOW":0,"AK_HIGH":0,"AK_LOW":0,"US_AREA":0,"PACIFIC":0}},{"type":"Feature","id":823,"geometry":{"type":"Point","coordinates":[-82.10264219110843,28.045841315806456]},"properties":{"FID":823,"OBJECTID":17762,"GLOBAL_ID":"7E052CE0-31C4-4B61-A3C2-7F17C1EA6455","IDENT":"02FL","NAME":"Baycare South Florida Baptist Hospital","LATITUDE":"28-02-45.0100N","LONGITUDE":"082-06-09.5000W","ELEVATION":119.09999999999999,"ICAO_ID":" ","TYPE_CODE":"HP","SERVCITY":"PLANT CITY","STATE":"FL","COUNTRY":"UNITED STATES","OPERSTATUS":"OPERATIONAL","PRIVATEUSE":1,"IAPEXISTS":0,"DODHIFLIP":0,"FAR91":0,"FAR93":0,"MIL_CODE":"CIVIL","AIRANAL":"NO OBJECTION","US_HIGH":0,"US_LOW":0,"AK_HIGH":0,"AK_LOW":0,"US_AREA":0,"PACIFIC":0}},{"type":"Feature","id":824,"geometry":{"type":"Point","coordinates":[-81.543792027400059,27.994224650513161]},"properties":{"FID":824,"OBJECTID":17763,"GLOBAL_ID":"59C4BAAD-82F3-47B3-B7C2-B881693147C8","IDENT":"13FD","NAME":"Cherry Pockets Fish Camp","LATITUDE":"27-59-39.1900N","LONGITUDE":"081-32-37.6400W","ELEVATION":78.099999999999994,"ICAO_ID":" ","TYPE_CODE":"SP","SERVCITY":"LAKE WALES","STATE":"FL","COUNTRY":"UNITED STATES","OPERSTATUS":"OPERATIONAL","PRIVATEUSE":1,"IAPEXISTS":0,"DODHIFLIP":0,"FAR91":0,"FAR93":0,"MIL_CODE":"CIVIL","AIRANAL":"NO OBJECTION","US_HIGH":0,"US_LOW":0,"AK_HIGH":0,"AK_LOW":0,"US_AREA":0,"PACIFIC":0}},{"type":"Feature","id":825,"geometry":{"type":"Point","coordinates":[-81.349906107691027,28.76886839865881]},"properties":{"FID":825,"OBJECTID":17777,"GLOBAL_ID":"684A2214-2A9C-45B2-B90F-19A45403A4F6","IDENT":"4FA0","NAME":"Orlando Health Lake Mary","LATITUDE":"28-46-07.9068N","LONGITUDE":"081-20-59.6508W","ELEVATION":75,"ICAO_ID":" ","TYPE_CODE":"HP","SERVCITY":"LAKE MARY","STATE":"FL","COUNTRY":"UNITED STATES","OPERSTATUS":"OPERATIONAL","PRIVATEUSE":1,"IAPEXISTS":0,"DODHIFLIP":0,"FAR91":0,"FAR93":0,"MIL_CODE":"CIVIL","AIRANAL":"NO OBJECTION","US_HIGH":0,"US_LOW":0,"AK_HIGH":0,"AK_LOW":0,"US_AREA":0,"PACIFIC":0}},{"type":"Feature","id":826,"geometry":{"type":"Point","coordinates":[-82.803011833022879,27.914160711113993]},"properties":{"FID":826,"OBJECTID":17790,"GLOBAL_ID":"5C2C9FEE-A98D-4814-A4BB-4C314BEB68C6","IDENT":"14FL","NAME":"Hca Florida Largo Hospital","LATITUDE":"27-54-50.9600N","LONGITUDE":"082-48-10.8300W","ELEVATION":36,"ICAO_ID":" ","TYPE_CODE":"HP","SERVCITY":"LARGO","STATE":"FL","COUNTRY":"UNITED STATES","OPERSTATUS":"OPERATIONAL","PRIVATEUSE":1,"IAPEXISTS":0,"DODHIFLIP":0,"FAR91":0,"FAR93":0,"MIL_CODE":"CIVIL","AIRANAL":"NO OBJECTION","US_HIGH":0,"US_LOW":0,"AK_HIGH":0,"AK_LOW":0,"US_AREA":0,"PACIFIC":0}},{"type":"Feature","id":827,"geometry":{"type":"Point","coordinates":[-80.250836038389764,26.077226983936328]},"properties":{"FID":827,"OBJECTID":17791,"GLOBAL_ID":"D268FAFF-6472-4000-BE68-AB6486C090C6","IDENT":"76FA","NAME":"Hca Florida University Hospital","LATITUDE":"26-04-38.0000N","LONGITUDE":"080-15-03.0000W","ELEVATION":67,"ICAO_ID":" ","TYPE_CODE":"HP","SERVCITY":"DAVIE","STATE":"FL","COUNTRY":"UNITED STATES","OPERSTATUS":"OPERATIONAL","PRIVATEUSE":1,"IAPEXISTS":0,"DODHIFLIP":0,"FAR91":0,"FAR93":0,"MIL_CODE":"CIVIL","AIRANAL":"NO OBJECTION","US_HIGH":0,"US_LOW":0,"AK_HIGH":0,"AK_LOW":0,"US_AREA":0,"PACIFIC":0}},{"type":"Feature","id":828,"geometry":{"type":"Point","coordinates":[-86.916757539357604,30.403447281964134]},"properties":{"FID":828,"OBJECTID":17913,"GLOBAL_ID":"3B18002E-9896-48B0-9864-C538FB73EFC0","IDENT":"FL23","NAME":"Ascension Sacred Heart Navarre","LATITUDE":"30-24-12.3900N","LONGITUDE":"086-55-00.3100W","ELEVATION":36,"ICAO_ID":" ","TYPE_CODE":"HP","SERVCITY":"NAVARRE","STATE":"FL","COUNTRY":"UNITED STATES","OPERSTATUS":"OPERATIONAL","PRIVATEUSE":1,"IAPEXISTS":0,"DODHIFLIP":0,"FAR91":0,"FAR93":0,"MIL_CODE":"CIVIL","AIRANAL":"NO OBJECTION","US_HIGH":0,"US_LOW":0,"AK_HIGH":0,"AK_LOW":0,"US_AREA":0,"PACIFIC":0}},{"type":"Feature","id":829,"geometry":{"type":"Point","coordinates":[-82.600836796836631,28.577505319530928]},"properties":{"FID":829,"OBJECTID":17914,"GLOBAL_ID":"50133C6B-8F85-4321-A0FB-82CFDAF2B250","IDENT":"37FD","NAME":"Njoy Spirits Distillery","LATITUDE":"28-34-39.0000N","LONGITUDE":"082-36-03.0000W","ELEVATION":10,"ICAO_ID":" ","TYPE_CODE":"HP","SERVCITY":"SPRING HILL","STATE":"FL","COUNTRY":"UNITED STATES","OPERSTATUS":"OPERATIONAL","PRIVATEUSE":1,"IAPEXISTS":0,"DODHIFLIP":0,"FAR91":0,"FAR93":0,"MIL_CODE":"CIVIL","AIRANAL":"NO OBJECTION","US_HIGH":0,"US_LOW":0,"AK_HIGH":0,"AK_LOW":0,"US_AREA":0,"PACIFIC":0}},{"type":"Feature","id":830,"geometry":{"type":"Point","coordinates":[-82.289836685555656,27.931810728458004]},"properties":{"FID":830,"OBJECTID":17928,"GLOBAL_ID":"D6233388-199A-42DC-88B5-DFDF1F074177","IDENT":"43FA","NAME":"Air Eye Med Helistop","LATITUDE":"27-55-54.5000N","LONGITUDE":"082-17-23.4000W","ELEVATION":30,"ICAO_ID":" ","TYPE_CODE":"HP","SERVCITY":"BRANDON","STATE":"FL","COUNTRY":"UNITED STATES","OPERSTATUS":"OPERATIONAL","PRIVATEUSE":1,"IAPEXISTS":0,"DODHIFLIP":0,"FAR91":0,"FAR93":0,"MIL_CODE":"CIVIL","AIRANAL":"NO OBJECTION","US_HIGH":0,"US_LOW":0,"AK_HIGH":0,"AK_LOW":0,"US_AREA":0,"PACIFIC":0}},{"type":"Feature","id":831,"geometry":{"type":"Point","coordinates":[-81.520030958540019,29.431194441131652]},"properties":{"FID":831,"OBJECTID":17975,"GLOBAL_ID":"78D9A282-4560-4532-B20D-38F784B653C0","IDENT":"17FD","NAME":"Morningwood","LATITUDE":"29-25-52.2800N","LONGITUDE":"081-31-12.1000W","ELEVATION":40,"ICAO_ID":" ","TYPE_CODE":"SP","SERVCITY":"CRESCENT CITY","STATE":"FL","COUNTRY":"UNITED STATES","OPERSTATUS":"OPERATIONAL","PRIVATEUSE":1,"IAPEXISTS":0,"DODHIFLIP":0,"FAR91":0,"FAR93":0,"MIL_CODE":"CIVIL","AIRANAL":"NO OBJECTION","US_HIGH":0,"US_LOW":0,"AK_HIGH":0,"AK_LOW":0,"US_AREA":0,"PACIFIC":0}},{"type":"Feature","id":832,"geometry":{"type":"Point","coordinates":[-80.260477709442625,26.123318662362294]},"properties":{"FID":832,"OBJECTID":17976,"GLOBAL_ID":"664621B5-E21B-49BE-922B-5D24DE44DEB4","IDENT":"FD82","NAME":"Hca Florida Westside Hospital","LATITUDE":"26-07-23.9300N","LONGITUDE":"080-15-37.7100W","ELEVATION":16,"ICAO_ID":" ","TYPE_CODE":"HP","SERVCITY":"PLANTATION","STATE":"FL","COUNTRY":"UNITED STATES","OPERSTATUS":"OPERATIONAL","PRIVATEUSE":1,"IAPEXISTS":0,"DODHIFLIP":0,"FAR91":0,"FAR93":0,"MIL_CODE":"CIVIL","AIRANAL":"NO OBJECTION","US_HIGH":0,"US_LOW":0,"AK_HIGH":0,"AK_LOW":0,"US_AREA":0,"PACIFIC":0}},{"type":"Feature","id":833,"geometry":{"type":"Point","coordinates":[-80.281608266141575,25.917296387832494]},"properties":{"FID":833,"OBJECTID":18021,"GLOBAL_ID":"C2CC24EF-09C0-40DE-8678-A73F3A9DF075","IDENT":"FL79","NAME":"Fpl Rmo","LATITUDE":"25-55-02.2500N","LONGITUDE":"080-16-53.7800W","ELEVATION":48.700000000000003,"ICAO_ID":" ","TYPE_CODE":"HP","SERVCITY":"MIAMI GARDENS","STATE":"FL","COUNTRY":"UNITED STATES","OPERSTATUS":"OPERATIONAL","PRIVATEUSE":1,"IAPEXISTS":0,"DODHIFLIP":0,"FAR91":0,"FAR93":0,"MIL_CODE":"CIVIL","AIRANAL":"CONDITIONAL","US_HIGH":0,"US_LOW":0,"AK_HIGH":0,"AK_LOW":0,"US_AREA":0,"PACIFIC":0}},{"type":"Feature","id":834,"geometry":{"type":"Point","coordinates":[-81.829522619914428,26.488421496762157]},"properties":{"FID":834,"OBJECTID":18039,"GLOBAL_ID":"7B16BE7B-2C5B-4A7C-8525-9780F206B9A3","IDENT":"FL26","NAME":"Mp25","LATITUDE":"26-29-18.3000N","LONGITUDE":"081-49-46.2700W","ELEVATION":30,"ICAO_ID":" ","TYPE_CODE":"HP","SERVCITY":"FORT MYERS","STATE":"FL","COUNTRY":"UNITED STATES","OPERSTATUS":"OPERATIONAL","PRIVATEUSE":1,"IAPEXISTS":0,"DODHIFLIP":0,"FAR91":0,"FAR93":0,"MIL_CODE":"CIVIL","AIRANAL":"NO OBJECTION","US_HIGH":0,"US_LOW":0,"AK_HIGH":0,"AK_LOW":0,"US_AREA":0,"PACIFIC":0}},{"type":"Feature","id":835,"geometry":{"type":"Point","coordinates":[-81.554330942429544,28.68833870689781]},"properties":{"FID":835,"OBJECTID":18051,"GLOBAL_ID":"59ED7A3B-54BF-4433-8C30-3B5270BA768B","IDENT":"5FD5","NAME":"Apopka Emergency Facility Structure","LATITUDE":"28-41-18.0000N","LONGITUDE":"081-33-15.5800W","ELEVATION":115,"ICAO_ID":" ","TYPE_CODE":"HP","SERVCITY":"APOPKA","STATE":"FL","COUNTRY":"UNITED STATES","OPERSTATUS":"OPERATIONAL","PRIVATEUSE":1,"IAPEXISTS":0,"DODHIFLIP":0,"FAR91":0,"FAR93":0,"MIL_CODE":"CIVIL","AIRANAL":"NO OBJECTION","US_HIGH":0,"US_LOW":0,"AK_HIGH":0,"AK_LOW":0,"US_AREA":0,"PACIFIC":0}},{"type":"Feature","id":836,"geometry":{"type":"Point","coordinates":[-81.534780989124954,30.137214051158253]},"properties":{"FID":836,"OBJECTID":18052,"GLOBAL_ID":"7AA528DA-AA19-4854-8BC2-35E1A5E7BBFD","IDENT":"1FA4","NAME":"Medical Center South Hospital","LATITUDE":"30-08-13.9500N","LONGITUDE":"081-32-05.2000W","ELEVATION":27,"ICAO_ID":" ","TYPE_CODE":"HP","SERVCITY":"JACKSONVILLE","STATE":"FL","COUNTRY":"UNITED STATES","OPERSTATUS":"OPERATIONAL","PRIVATEUSE":1,"IAPEXISTS":0,"DODHIFLIP":0,"FAR91":0,"FAR93":0,"MIL_CODE":"CIVIL","AIRANAL":"NO OBJECTION","US_HIGH":0,"US_LOW":0,"AK_HIGH":0,"AK_LOW":0,"US_AREA":0,"PACIFIC":0}},{"type":"Feature","id":837,"geometry":{"type":"Point","coordinates":[-81.710394927064158,30.078519588329925]},"properties":{"FID":837,"OBJECTID":18053,"GLOBAL_ID":"B48BFB13-E08B-474E-95D2-19DBCDEED18E","IDENT":"7FD0","NAME":"Baptist Emergency Center Clay","LATITUDE":"30-04-42.6500N","LONGITUDE":"081-42-37.4100W","ELEVATION":12,"ICAO_ID":" ","TYPE_CODE":"HP","SERVCITY":"ORANGE PARK","STATE":"FL","COUNTRY":"UNITED STATES","OPERSTATUS":"OPERATIONAL","PRIVATEUSE":1,"IAPEXISTS":0,"DODHIFLIP":0,"FAR91":0,"FAR93":0,"MIL_CODE":"CIVIL","AIRANAL":"NO OBJECTION","US_HIGH":0,"US_LOW":0,"AK_HIGH":0,"AK_LOW":0,"US_AREA":0,"PACIFIC":0}},{"type":"Feature","id":838,"geometry":{"type":"Point","coordinates":[-85.659090514019567,30.300380631632493]},"properties":{"FID":838,"OBJECTID":18062,"GLOBAL_ID":"EE862FB1-5524-4E5B-BA0B-32F34A9F01BA","IDENT":"6FA3","NAME":"Med Trans Base","LATITUDE":"30-18-01.3500N","LONGITUDE":"085-39-32.7100W","ELEVATION":25,"ICAO_ID":" ","TYPE_CODE":"HP","SERVCITY":"PANAMA CITY","STATE":"FL","COUNTRY":"UNITED STATES","OPERSTATUS":"OPERATIONAL","PRIVATEUSE":1,"IAPEXISTS":0,"DODHIFLIP":0,"FAR91":0,"FAR93":0,"MIL_CODE":"CIVIL","AIRANAL":"NO OBJECTION","US_HIGH":0,"US_LOW":0,"AK_HIGH":0,"AK_LOW":0,"US_AREA":0,"PACIFIC":0}},{"type":"Feature","id":839,"geometry":{"type":"Point","coordinates":[-82.660153468306817,28.202427450152413]},"properties":{"FID":839,"OBJECTID":18063,"GLOBAL_ID":"0C4F3869-C8A9-4DC8-9F47-2709D2DDDE96","IDENT":"9FA3","NAME":"Hca Florida Trinity Hospital","LATITUDE":"28-12-08.7200N","LONGITUDE":"082-39-36.5400W","ELEVATION":37,"ICAO_ID":" ","TYPE_CODE":"HP","SERVCITY":"TRINITY","STATE":"FL","COUNTRY":"UNITED STATES","OPERSTATUS":"OPERATIONAL","PRIVATEUSE":1,"IAPEXISTS":0,"DODHIFLIP":0,"FAR91":0,"FAR93":0,"MIL_CODE":"CIVIL","AIRANAL":"NO OBJECTION","US_HIGH":0,"US_LOW":0,"AK_HIGH":0,"AK_LOW":0,"US_AREA":0,"PACIFIC":0}},{"type":"Feature","id":840,"geometry":{"type":"Point","coordinates":[-81.497503197676167,30.069727925411144]},"properties":{"FID":840,"OBJECTID":18071,"GLOBAL_ID":"8008C4AF-2FEB-4810-BBBE-CA83E99DFFEB","IDENT":"6FL2","NAME":"Ste Vincent's/Ste Johns County Hospital","LATITUDE":"30-04-11.0000N","LONGITUDE":"081-29-51.0000W","ELEVATION":27.300000000000001,"ICAO_ID":" ","TYPE_CODE":"HP","SERVCITY":"ST JOHNS","STATE":"FL","COUNTRY":"UNITED STATES","OPERSTATUS":"OPERATIONAL","PRIVATEUSE":1,"IAPEXISTS":0,"DODHIFLIP":0,"FAR91":0,"FAR93":0,"MIL_CODE":"CIVIL","AIRANAL":"NO OBJECTION","US_HIGH":0,"US_LOW":0,"AK_HIGH":0,"AK_LOW":0,"US_AREA":0,"PACIFIC":0}},{"type":"Feature","id":841,"geometry":{"type":"Point","coordinates":[-84.293698448829218,30.057722285234206]},"properties":{"FID":841,"OBJECTID":18084,"GLOBAL_ID":"A0ADAC7B-2F04-40FC-9718-BD00D5A6D2F6","IDENT":"8FA9","NAME":"Seashell","LATITUDE":"30-03-27.7800N","LONGITUDE":"084-17-37.3000W","ELEVATION":0,"ICAO_ID":" ","TYPE_CODE":"SP","SERVCITY":"CRAWFORDVILLE","STATE":"FL","COUNTRY":"UNITED STATES","OPERSTATUS":"OPERATIONAL","PRIVATEUSE":1,"IAPEXISTS":0,"DODHIFLIP":0,"FAR91":0,"FAR93":0,"MIL_CODE":"CIVIL","AIRANAL":"NO OBJECTION","US_HIGH":0,"US_LOW":0,"AK_HIGH":0,"AK_LOW":0,"US_AREA":0,"PACIFIC":0}},{"type":"Feature","id":842,"geometry":{"type":"Point","coordinates":[-87.129677061084521,30.820230700539014]},"properties":{"FID":842,"OBJECTID":18085,"GLOBAL_ID":"DCC49550-45C9-47CC-9183-35800798EB01","IDENT":"8FL9","NAME":"Griswold","LATITUDE":"30-49-12.8100N","LONGITUDE":"087-07-46.8200W","ELEVATION":210,"ICAO_ID":" ","TYPE_CODE":"AD","SERVCITY":"JAY","STATE":"FL","COUNTRY":"UNITED STATES","OPERSTATUS":"OPERATIONAL","PRIVATEUSE":1,"IAPEXISTS":0,"DODHIFLIP":0,"FAR91":0,"FAR93":0,"MIL_CODE":"CIVIL","AIRANAL":"NO OBJECTION","US_HIGH":0,"US_LOW":0,"AK_HIGH":0,"AK_LOW":0,"US_AREA":0,"PACIFIC":0}},{"type":"Feature","id":843,"geometry":{"type":"Point","coordinates":[-82.3375311169562,27.048782734205588]},"properties":{"FID":843,"OBJECTID":18086,"GLOBAL_ID":"4B94589E-D034-417D-A942-D96525CB6031","IDENT":"4FA9","NAME":"North Port Fire Rescue Station 86","LATITUDE":"27-02-55.6000N","LONGITUDE":"082-20-15.1000W","ELEVATION":11,"ICAO_ID":" ","TYPE_CODE":"HP","SERVCITY":"NORTH PORT","STATE":"FL","COUNTRY":"UNITED STATES","OPERSTATUS":"OPERATIONAL","PRIVATEUSE":1,"IAPEXISTS":0,"DODHIFLIP":0,"FAR91":0,"FAR93":0,"MIL_CODE":"CIVIL","AIRANAL":"NO OBJECTION","US_HIGH":0,"US_LOW":0,"AK_HIGH":0,"AK_LOW":0,"US_AREA":0,"PACIFIC":0}},{"type":"Feature","id":844,"geometry":{"type":"Point","coordinates":[-82.366075589635159,27.714421784873139]},"properties":{"FID":844,"OBJECTID":18105,"GLOBAL_ID":"CA9B402F-4F6E-412F-9F67-4B6D8768C8F9","IDENT":"73FA","NAME":"South Shore Hospital","LATITUDE":"27-42-51.9000N","LONGITUDE":"082-21-57.8600W","ELEVATION":49,"ICAO_ID":" ","TYPE_CODE":"HP","SERVCITY":"SUN CITY CENTER","STATE":"FL","COUNTRY":"UNITED STATES","OPERSTATUS":"OPERATIONAL","PRIVATEUSE":1,"IAPEXISTS":0,"DODHIFLIP":0,"FAR91":0,"FAR93":0,"MIL_CODE":"CIVIL","AIRANAL":"NO OBJECTION","US_HIGH":0,"US_LOW":0,"AK_HIGH":0,"AK_LOW":0,"US_AREA":0,"PACIFIC":0}},{"type":"Feature","id":845,"geometry":{"type":"Point","coordinates":[-80.202272131605866,25.942171395839125]},"properties":{"FID":845,"OBJECTID":18109,"GLOBAL_ID":"F0893333-768E-4161-A543-079C514A22A7","IDENT":"7FD3","NAME":"Tootsies Cabaret","LATITUDE":"25-56-31.8000N","LONGITUDE":"080-12-08.1700W","ELEVATION":10,"ICAO_ID":" ","TYPE_CODE":"HP","SERVCITY":"MIAMI","STATE":"FL","COUNTRY":"UNITED STATES","OPERSTATUS":"OPERATIONAL","PRIVATEUSE":1,"IAPEXISTS":0,"DODHIFLIP":0,"FAR91":0,"FAR93":0,"MIL_CODE":"CIVIL","AIRANAL":"NO OBJECTION","US_HIGH":0,"US_LOW":0,"AK_HIGH":0,"AK_LOW":0,"US_AREA":0,"PACIFIC":0}},{"type":"Feature","id":846,"geometry":{"type":"Point","coordinates":[-82.538981219228049,28.437833065777738]},"properties":{"FID":846,"OBJECTID":18114,"GLOBAL_ID":"5781700D-8957-462A-A8F5-71B96EB0FE37","IDENT":"3FL6","NAME":"Bravera Health Spring Hill","LATITUDE":"28-26-16.1800N","LONGITUDE":"082-32-20.3200W","ELEVATION":48,"ICAO_ID":" ","TYPE_CODE":"HP","SERVCITY":"SPRING HILL","STATE":"FL","COUNTRY":"UNITED STATES","OPERSTATUS":"OPERATIONAL","PRIVATEUSE":1,"IAPEXISTS":0,"DODHIFLIP":0,"FAR91":0,"FAR93":0,"MIL_CODE":"CIVIL","AIRANAL":"CONDITIONAL","US_HIGH":0,"US_LOW":0,"AK_HIGH":0,"AK_LOW":0,"US_AREA":0,"PACIFIC":0}},{"type":"Feature","id":847,"geometry":{"type":"Point","coordinates":[-82.412866835324166,27.136759808956072]},"properties":{"FID":847,"OBJECTID":18115,"GLOBAL_ID":"B308029E-DE50-4EBE-9A24-9BCE3A64A95C","IDENT":"8FD8","NAME":"Sarasota Memorial Hospital","LATITUDE":"27-08-12.3174N","LONGITUDE":"082-24-46.3085W","ELEVATION":16.5,"ICAO_ID":" ","TYPE_CODE":"HP","SERVCITY":"VENICE","STATE":"FL","COUNTRY":"UNITED STATES","OPERSTATUS":"OPERATIONAL","PRIVATEUSE":1,"IAPEXISTS":0,"DODHIFLIP":0,"FAR91":0,"FAR93":0,"MIL_CODE":"CIVIL","AIRANAL":"CONDITIONAL","US_HIGH":0,"US_LOW":0,"AK_HIGH":0,"AK_LOW":0,"US_AREA":0,"PACIFIC":0}},{"type":"Feature","id":848,"geometry":{"type":"Point","coordinates":[-81.779181002797202,28.542177554845239]},"properties":{"FID":848,"OBJECTID":18124,"GLOBAL_ID":"E63156AE-F508-4EF8-9AE7-4CB695B2E59B","IDENT":"43FL","NAME":"Tarvair","LATITUDE":"28-32-31.8200N","LONGITUDE":"081-46-45.0400W","ELEVATION":97,"ICAO_ID":" ","TYPE_CODE":"SP","SERVCITY":"CLERMONT","STATE":"FL","COUNTRY":"UNITED STATES","OPERSTATUS":"OPERATIONAL","PRIVATEUSE":1,"IAPEXISTS":0,"DODHIFLIP":0,"FAR91":0,"FAR93":0,"MIL_CODE":"CIVIL","AIRANAL":"NO OBJECTION","US_HIGH":0,"US_LOW":0,"AK_HIGH":0,"AK_LOW":0,"US_AREA":0,"PACIFIC":0}},{"type":"Feature","id":849,"geometry":{"type":"Point","coordinates":[-81.231369728739764,28.429660876037758]},"properties":{"FID":849,"OBJECTID":18125,"GLOBAL_ID":"60E2516D-7E7E-4B01-AA0D-044EC5F8DA2A","IDENT":"FL46","NAME":"Orlando Health Randal Park","LATITUDE":"28-25-46.7600N","LONGITUDE":"081-13-52.9200W","ELEVATION":92,"ICAO_ID":" ","TYPE_CODE":"HP","SERVCITY":"ORLANDO","STATE":"FL","COUNTRY":"UNITED STATES","OPERSTATUS":"OPERATIONAL","PRIVATEUSE":1,"IAPEXISTS":0,"DODHIFLIP":0,"FAR91":0,"FAR93":0,"MIL_CODE":"CIVIL","AIRANAL":"NO OBJECTION","US_HIGH":0,"US_LOW":0,"AK_HIGH":0,"AK_LOW":0,"US_AREA":0,"PACIFIC":0}},{"type":"Feature","id":850,"geometry":{"type":"Point","coordinates":[-82.356847825401019,28.222013573746324]},"properties":{"FID":850,"OBJECTID":18126,"GLOBAL_ID":"C25B659A-4488-40D6-9BF2-3BD614EA5E39","IDENT":"7FL2","NAME":"Baycare Wesley Chapel Hospital","LATITUDE":"28-13-19.2300N","LONGITUDE":"082-21-24.6400W","ELEVATION":75,"ICAO_ID":" ","TYPE_CODE":"HP","SERVCITY":"WESLEY CHAPEL","STATE":"FL","COUNTRY":"UNITED STATES","OPERSTATUS":"OPERATIONAL","PRIVATEUSE":1,"IAPEXISTS":0,"DODHIFLIP":0,"FAR91":0,"FAR93":0,"MIL_CODE":"CIVIL","AIRANAL":"NO OBJECTION","US_HIGH":0,"US_LOW":0,"AK_HIGH":0,"AK_LOW":0,"US_AREA":0,"PACIFIC":0}},{"type":"Feature","id":851,"geometry":{"type":"Point","coordinates":[-81.031753015350773,28.780852631969594]},"properties":{"FID":851,"OBJECTID":18151,"GLOBAL_ID":"B512A411-9915-47F1-A82A-70E33085C501","IDENT":"5FL9","NAME":"Florida Prime Ranch","LATITUDE":"28-46-51.0500N","LONGITUDE":"081-01-54.3000W","ELEVATION":42,"ICAO_ID":" ","TYPE_CODE":"SP","SERVCITY":"OSTEEN","STATE":"FL","COUNTRY":"UNITED STATES","OPERSTATUS":"OPERATIONAL","PRIVATEUSE":1,"IAPEXISTS":0,"DODHIFLIP":0,"FAR91":0,"FAR93":0,"MIL_CODE":"CIVIL","AIRANAL":"NO OBJECTION","US_HIGH":0,"US_LOW":0,"AK_HIGH":0,"AK_LOW":0,"US_AREA":0,"PACIFIC":0}},{"type":"Feature","id":852,"geometry":{"type":"Point","coordinates":[-82.028783859167334,28.717369257233202]},"properties":{"FID":852,"OBJECTID":18152,"GLOBAL_ID":"603249EC-36B1-40A3-A57F-234AED754732","IDENT":"FL03","NAME":"Nr3 Farms","LATITUDE":"28-43-02.5100N","LONGITUDE":"082-01-43.6100W","ELEVATION":90,"ICAO_ID":" ","TYPE_CODE":"AD","SERVCITY":"SUMTERVILLE","STATE":"FL","COUNTRY":"UNITED STATES","OPERSTATUS":"OPERATIONAL","PRIVATEUSE":1,"IAPEXISTS":0,"DODHIFLIP":0,"FAR91":0,"FAR93":0,"MIL_CODE":"CIVIL","AIRANAL":"CONDITIONAL","US_HIGH":0,"US_LOW":0,"AK_HIGH":0,"AK_LOW":0,"US_AREA":0,"PACIFIC":0}},{"type":"Feature","id":853,"geometry":{"type":"Point","coordinates":[-86.637365811733446,30.812744604085026]},"properties":{"FID":853,"OBJECTID":18192,"GLOBAL_ID":"C2C3FD21-C22A-47DE-8E88-BA4EAFE511BC","IDENT":"2FA3","NAME":"Long Branch Farms","LATITUDE":"30-48-45.8600N","LONGITUDE":"086-38-14.5000W","ELEVATION":185,"ICAO_ID":" ","TYPE_CODE":"AD","SERVCITY":"BAKER","STATE":"FL","COUNTRY":"UNITED STATES","OPERSTATUS":"OPERATIONAL","PRIVATEUSE":1,"IAPEXISTS":0,"DODHIFLIP":0,"FAR91":0,"FAR93":0,"MIL_CODE":"CIVIL","AIRANAL":"NO OBJECTION","US_HIGH":0,"US_LOW":0,"AK_HIGH":0,"AK_LOW":0,"US_AREA":0,"PACIFIC":0}},{"type":"Feature","id":854,"geometry":{"type":"Point","coordinates":[-82.533981188191376,27.526780068126357]},"properties":{"FID":854,"OBJECTID":18210,"GLOBAL_ID":"17BC40A6-2FAB-4C32-AF3C-60AAE9FECB51","IDENT":"1FD1","NAME":"Mc1","LATITUDE":"27-31-36.3900N","LONGITUDE":"082-32-02.3200W","ELEVATION":13,"ICAO_ID":" ","TYPE_CODE":"HP","SERVCITY":"ELLENTON","STATE":"FL","COUNTRY":"UNITED STATES","OPERSTATUS":"OPERATIONAL","PRIVATEUSE":1,"IAPEXISTS":0,"DODHIFLIP":0,"FAR91":0,"FAR93":0,"MIL_CODE":"CIVIL","AIRANAL":"NO OBJECTION","US_HIGH":0,"US_LOW":0,"AK_HIGH":0,"AK_LOW":0,"US_AREA":0,"PACIFIC":0}},{"type":"Feature","id":855,"geometry":{"type":"Point","coordinates":[-80.367402739638692,26.084154761143168]},"properties":{"FID":855,"OBJECTID":18211,"GLOBAL_ID":"426B07C4-4D03-4590-ABE7-7E4E73576EF7","IDENT":"54FA","NAME":"Cleveland Clinic","LATITUDE":"26-05-02.9400N","LONGITUDE":"080-22-02.6400W","ELEVATION":10,"ICAO_ID":" ","TYPE_CODE":"HP","SERVCITY":"WESTON","STATE":"FL","COUNTRY":"UNITED STATES","OPERSTATUS":"OPERATIONAL","PRIVATEUSE":1,"IAPEXISTS":0,"DODHIFLIP":0,"FAR91":0,"FAR93":0,"MIL_CODE":"CIVIL","AIRANAL":"NO OBJECTION","US_HIGH":0,"US_LOW":0,"AK_HIGH":0,"AK_LOW":0,"US_AREA":0,"PACIFIC":0}},{"type":"Feature","id":856,"geometry":{"type":"Point","coordinates":[-80.486947254744166,27.359171743884986]},"properties":{"FID":856,"OBJECTID":18212,"GLOBAL_ID":"B679431F-1E36-46BE-B872-06FB96E50A05","IDENT":"FA28","NAME":"Aas","LATITUDE":"27-21-33.0000N","LONGITUDE":"080-29-13.0000W","ELEVATION":26,"ICAO_ID":" ","TYPE_CODE":"HP","SERVCITY":"FORT PIERCE","STATE":"FL","COUNTRY":"UNITED STATES","OPERSTATUS":"OPERATIONAL","PRIVATEUSE":1,"IAPEXISTS":0,"DODHIFLIP":0,"FAR91":0,"FAR93":0,"MIL_CODE":"CIVIL","AIRANAL":"NO OBJECTION","US_HIGH":0,"US_LOW":0,"AK_HIGH":0,"AK_LOW":0,"US_AREA":0,"PACIFIC":0}},{"type":"Feature","id":857,"geometry":{"type":"Point","coordinates":[-80.100141571495726,26.843663290844745]},"properties":{"FID":857,"OBJECTID":18213,"GLOBAL_ID":"20655566-D9DA-421C-9378-B32C829B559B","IDENT":"5FA6","NAME":"Fpl Pga Office Helistop","LATITUDE":"26-50-37.1700N","LONGITUDE":"080-06-00.5000W","ELEVATION":30,"ICAO_ID":" ","TYPE_CODE":"HP","SERVCITY":"PALM BEACH GARDENS","STATE":"FL","COUNTRY":"UNITED STATES","OPERSTATUS":"OPERATIONAL","PRIVATEUSE":1,"IAPEXISTS":0,"DODHIFLIP":0,"FAR91":0,"FAR93":0,"MIL_CODE":"CIVIL","AIRANAL":"NO OBJECTION","US_HIGH":0,"US_LOW":0,"AK_HIGH":0,"AK_LOW":0,"US_AREA":0,"PACIFIC":0}},{"type":"Feature","id":858,"geometry":{"type":"Point","coordinates":[-84.103059528260303,30.598894636865111]},"properties":{"FID":858,"OBJECTID":18214,"GLOBAL_ID":"6FC13A64-A8DB-44CD-B4E0-C2C22E27F25F","IDENT":"14FA","NAME":"Kb Helo","LATITUDE":"30-35-56.0000N","LONGITUDE":"084-06-11.0000W","ELEVATION":173,"ICAO_ID":" ","TYPE_CODE":"HP","SERVCITY":"TALLAHASSEE","STATE":"FL","COUNTRY":"UNITED STATES","OPERSTATUS":"OPERATIONAL","PRIVATEUSE":1,"IAPEXISTS":0,"DODHIFLIP":0,"FAR91":0,"FAR93":0,"MIL_CODE":"CIVIL","AIRANAL":"NO OBJECTION","US_HIGH":0,"US_LOW":0,"AK_HIGH":0,"AK_LOW":0,"US_AREA":0,"PACIFIC":0}},{"type":"Feature","id":859,"geometry":{"type":"Point","coordinates":[-80.785558490897927,28.526394243999221]},"properties":{"FID":859,"OBJECTID":18265,"GLOBAL_ID":"0739AF6C-0F3D-4A5E-BC4B-DB6708D53066","IDENT":"FA77","NAME":"Shepherds Point","LATITUDE":"28-31-35.0000N","LONGITUDE":"080-47-08.0000W","ELEVATION":15,"ICAO_ID":" ","TYPE_CODE":"HP","SERVCITY":"TITUSVILLE","STATE":"FL","COUNTRY":"UNITED STATES","OPERSTATUS":"OPERATIONAL","PRIVATEUSE":1,"IAPEXISTS":0,"DODHIFLIP":0,"FAR91":0,"FAR93":0,"MIL_CODE":"CIVIL","AIRANAL":"NO OBJECTION","US_HIGH":0,"US_LOW":0,"AK_HIGH":0,"AK_LOW":0,"US_AREA":0,"PACIFIC":0}},{"type":"Feature","id":860,"geometry":{"type":"Point","coordinates":[-81.917781024911164,27.994449641082099]},"properties":{"FID":860,"OBJECTID":18284,"GLOBAL_ID":"571BDA8C-269A-4D90-B10B-724707219203","IDENT":"44FA","NAME":"Orlando Health Lakeland","LATITUDE":"27-59-40.0000N","LONGITUDE":"081-55-04.0000W","ELEVATION":135,"ICAO_ID":" ","TYPE_CODE":"HP","SERVCITY":"LAKELAND","STATE":"FL","COUNTRY":"UNITED STATES","OPERSTATUS":"OPERATIONAL","PRIVATEUSE":1,"IAPEXISTS":0,"DODHIFLIP":0,"FAR91":0,"FAR93":0,"MIL_CODE":"CIVIL","AIRANAL":"NO OBJECTION","US_HIGH":0,"US_LOW":0,"AK_HIGH":0,"AK_LOW":0,"US_AREA":0,"PACIFIC":0}},{"type":"Feature","id":861,"geometry":{"type":"Point","coordinates":[-81.244569771626857,29.552361144520887]},"properties":{"FID":861,"OBJECTID":18478,"GLOBAL_ID":"92989E37-7563-4BCB-B0FF-044A2D3015AC","IDENT":"1FD0","NAME":"Advent Health Palm Coast","LATITUDE":"29-33-08.4800N","LONGITUDE":"081-14-40.4400W","ELEVATION":78,"ICAO_ID":" ","TYPE_CODE":"HP","SERVCITY":"PALM COAST","STATE":"FL","COUNTRY":"UNITED STATES","OPERSTATUS":"OPERATIONAL","PRIVATEUSE":1,"IAPEXISTS":0,"DODHIFLIP":0,"FAR91":0,"FAR93":0,"MIL_CODE":"CIVIL","AIRANAL":"NOT ANALYZED","US_HIGH":0,"US_LOW":0,"AK_HIGH":0,"AK_LOW":0,"US_AREA":0,"PACIFIC":0}},{"type":"Feature","id":862,"geometry":{"type":"Point","coordinates":[-82.719633481612789,30.373590655322062]},"properties":{"FID":862,"OBJECTID":18479,"GLOBAL_ID":"22D3312A-97E7-40BB-A9C1-F4F63F2E4846","IDENT":"FA89","NAME":"Suwanee Valley","LATITUDE":"30-22-24.9057N","LONGITUDE":"082-43-10.6677W","ELEVATION":133,"ICAO_ID":" ","TYPE_CODE":"AD","SERVCITY":"WHITE SPRINGS","STATE":"FL","COUNTRY":"UNITED STATES","OPERSTATUS":"OPERATIONAL","PRIVATEUSE":1,"IAPEXISTS":0,"DODHIFLIP":0,"FAR91":0,"FAR93":0,"MIL_CODE":"CIVIL","AIRANAL":"CONDITIONAL","US_HIGH":0,"US_LOW":0,"AK_HIGH":0,"AK_LOW":0,"US_AREA":0,"PACIFIC":0}},{"type":"Feature","id":863,"geometry":{"type":"Point","coordinates":[-81.664800395086843,27.980202422045068]},"properties":{"FID":863,"OBJECTID":18480,"GLOBAL_ID":"80D5DCF2-2AF2-499C-90EB-F1B20E02E329","IDENT":"1FD9","NAME":"Ah Winter Haven Osed","LATITUDE":"27-58-48.7100N","LONGITUDE":"081-39-53.2700W","ELEVATION":153.59999999999999,"ICAO_ID":" ","TYPE_CODE":"HP","SERVCITY":"WINTER HAVEN","STATE":"FL","COUNTRY":"UNITED STATES","OPERSTATUS":"OPERATIONAL","PRIVATEUSE":1,"IAPEXISTS":0,"DODHIFLIP":0,"FAR91":0,"FAR93":0,"MIL_CODE":"CIVIL","AIRANAL":"CONDITIONAL","US_HIGH":0,"US_LOW":0,"AK_HIGH":0,"AK_LOW":0,"US_AREA":0,"PACIFIC":0}},{"type":"Feature","id":864,"geometry":{"type":"Point","coordinates":[-81.807514354274645,28.841974847960159]},"properties":{"FID":864,"OBJECTID":18492,"GLOBAL_ID":"6C6AB927-954F-4498-B4C3-A1B4010C9A3F","IDENT":"48FA","NAME":"Silver Lake","LATITUDE":"28-50-31.0900N","LONGITUDE":"081-48-27.0400W","ELEVATION":63,"ICAO_ID":" ","TYPE_CODE":"SP","SERVCITY":"LEESBURG","STATE":"FL","COUNTRY":"UNITED STATES","OPERSTATUS":"OPERATIONAL","PRIVATEUSE":1,"IAPEXISTS":0,"DODHIFLIP":0,"FAR91":0,"FAR93":0,"MIL_CODE":"CIVIL","AIRANAL":"NO OBJECTION","US_HIGH":0,"US_LOW":0,"AK_HIGH":0,"AK_LOW":0,"US_AREA":0,"PACIFIC":0}},{"type":"Feature","id":865,"geometry":{"type":"Point","coordinates":[-81.71972543160399,28.603338682108415]},"properties":{"FID":865,"OBJECTID":18493,"GLOBAL_ID":"7A96C182-6DCE-4829-9EDD-A1E56492CEAF","IDENT":"24FA","NAME":"Adventhealth Minneola","LATITUDE":"28-36-12.0000N","LONGITUDE":"081-43-11.0000W","ELEVATION":211,"ICAO_ID":" ","TYPE_CODE":"HP","SERVCITY":"MINNEOLA","STATE":"FL","COUNTRY":"UNITED STATES","OPERSTATUS":"OPERATIONAL","PRIVATEUSE":1,"IAPEXISTS":0,"DODHIFLIP":0,"FAR91":0,"FAR93":0,"MIL_CODE":"CIVIL","AIRANAL":"NO OBJECTION","US_HIGH":0,"US_LOW":0,"AK_HIGH":0,"AK_LOW":0,"US_AREA":0,"PACIFIC":0}},{"type":"Feature","id":866,"geometry":{"type":"Point","coordinates":[-82.325311693522735,27.860780154369536]},"properties":{"FID":866,"OBJECTID":18494,"GLOBAL_ID":"EAC15478-B6BA-4C45-89F5-F97CBF8E4AF4","IDENT":"26FA","NAME":"Adventhealth Riverview","LATITUDE":"27-51-38.7900N","LONGITUDE":"082-19-31.1100W","ELEVATION":164,"ICAO_ID":" ","TYPE_CODE":"HP","SERVCITY":"RIVERVIEW","STATE":"FL","COUNTRY":"UNITED STATES","OPERSTATUS":"OPERATIONAL","PRIVATEUSE":1,"IAPEXISTS":0,"DODHIFLIP":0,"FAR91":0,"FAR93":0,"MIL_CODE":"CIVIL","AIRANAL":"CONDITIONAL","US_HIGH":0,"US_LOW":0,"AK_HIGH":0,"AK_LOW":0,"US_AREA":0,"PACIFIC":0}},{"type":"Feature","id":867,"geometry":{"type":"Point","coordinates":[-81.721055986022918,28.545169224093911]},"properties":{"FID":867,"OBJECTID":18506,"GLOBAL_ID":"9A0706D5-B160-4DA2-ADA5-DFACE6F5A42C","IDENT":"62FA","NAME":"Adventhealth Clermont Er","LATITUDE":"28-32-42.5900N","LONGITUDE":"081-43-15.7900W","ELEVATION":273,"ICAO_ID":" ","TYPE_CODE":"HP","SERVCITY":"CLERMONT","STATE":"FL","COUNTRY":"UNITED STATES","OPERSTATUS":"OPERATIONAL","PRIVATEUSE":1,"IAPEXISTS":0,"DODHIFLIP":0,"FAR91":0,"FAR93":0,"MIL_CODE":"CIVIL","AIRANAL":"CONDITIONAL","US_HIGH":0,"US_LOW":0,"AK_HIGH":0,"AK_LOW":0,"US_AREA":0,"PACIFIC":0}},{"type":"Feature","id":868,"geometry":{"type":"Point","coordinates":[-81.24578084307052,28.403521980344635]},"properties":{"FID":868,"OBJECTID":18523,"GLOBAL_ID":"86F8AADA-19FF-4E5F-9C81-C4342844338A","IDENT":"3FA9","NAME":"Adventhealth Er At Lake Nona","LATITUDE":"28-24-12.6600N","LONGITUDE":"081-14-44.8000W","ELEVATION":87,"ICAO_ID":" ","TYPE_CODE":"HP","SERVCITY":"ORLANDO","STATE":"FL","COUNTRY":"UNITED STATES","OPERSTATUS":"OPERATIONAL","PRIVATEUSE":1,"IAPEXISTS":0,"DODHIFLIP":0,"FAR91":0,"FAR93":0,"MIL_CODE":"CIVIL","AIRANAL":"CONDITIONAL","US_HIGH":0,"US_LOW":0,"AK_HIGH":0,"AK_LOW":0,"US_AREA":0,"PACIFIC":0}},{"type":"Feature","id":869,"geometry":{"type":"Point","coordinates":[-81.238891960575756,28.657805652884292]},"properties":{"FID":869,"OBJECTID":18524,"GLOBAL_ID":"156F9EFD-F8FF-4542-AAC2-8F9ADCAF61E5","IDENT":"9FD4","NAME":"Adventhealth Oviedo Er","LATITUDE":"28-39-28.0810N","LONGITUDE":"081-14-20.0000W","ELEVATION":43,"ICAO_ID":" ","TYPE_CODE":"HP","SERVCITY":"OVIEDO","STATE":"FL","COUNTRY":"UNITED STATES","OPERSTATUS":"OPERATIONAL","PRIVATEUSE":1,"IAPEXISTS":0,"DODHIFLIP":0,"FAR91":0,"FAR93":0,"MIL_CODE":"CIVIL","AIRANAL":"CONDITIONAL","US_HIGH":0,"US_LOW":0,"AK_HIGH":0,"AK_LOW":0,"US_AREA":0,"PACIFIC":0}},{"type":"Feature","id":870,"geometry":{"type":"Point","coordinates":[-87.230193740806556,30.468736175400636]},"properties":{"FID":870,"OBJECTID":18525,"GLOBAL_ID":"2B86BF53-B1D9-429C-A719-C96D18831C0D","IDENT":"99FL","NAME":"Baptist Health Pensacola","LATITUDE":"30-28-07.4300N","LONGITUDE":"087-13-48.6800W","ELEVATION":250,"ICAO_ID":" ","TYPE_CODE":"HP","SERVCITY":"PENSACOLA","STATE":"FL","COUNTRY":"UNITED STATES","OPERSTATUS":"OPERATIONAL","PRIVATEUSE":1,"IAPEXISTS":0,"DODHIFLIP":0,"FAR91":0,"FAR93":0,"MIL_CODE":"CIVIL","AIRANAL":"CONDITIONAL","US_HIGH":0,"US_LOW":0,"AK_HIGH":0,"AK_LOW":0,"US_AREA":0,"PACIFIC":0}},{"type":"Feature","id":871,"geometry":{"type":"Point","coordinates":[-85.898893357601253,30.247505612194118]},"properties":{"FID":871,"OBJECTID":18529,"GLOBAL_ID":"3EA145FC-3832-4A1C-9C0F-A76676481E9A","IDENT":"FD13","NAME":"Panhandle Helicopter","LATITUDE":"30-14-51.0000N","LONGITUDE":"085-53-56.0000W","ELEVATION":33,"ICAO_ID":" ","TYPE_CODE":"HP","SERVCITY":"PANAMA CITY BEACH","STATE":"FL","COUNTRY":"UNITED STATES","OPERSTATUS":"OPERATIONAL","PRIVATEUSE":1,"IAPEXISTS":0,"DODHIFLIP":0,"FAR91":0,"FAR93":0,"MIL_CODE":"CIVIL","AIRANAL":"CONDITIONAL","US_HIGH":0,"US_LOW":0,"AK_HIGH":0,"AK_LOW":0,"US_AREA":0,"PACIFIC":0}},{"type":"Feature","id":872,"geometry":{"type":"Point","coordinates":[-80.496402444267062,25.023100849659727]},"properties":{"FID":872,"OBJECTID":18541,"GLOBAL_ID":"005E1319-FE4D-446C-8379-0C50433A8C75","IDENT":"47FA","NAME":"Canal","LATITUDE":"25-01-23.1469N","LONGITUDE":"080-29-47.0389W","ELEVATION":5,"ICAO_ID":" ","TYPE_CODE":"HP","SERVCITY":"TAVERNIER","STATE":"FL","COUNTRY":"UNITED STATES","OPERSTATUS":"OPERATIONAL","PRIVATEUSE":1,"IAPEXISTS":0,"DODHIFLIP":0,"FAR91":0,"FAR93":0,"MIL_CODE":"CIVIL","AIRANAL":"CONDITIONAL","US_HIGH":0,"US_LOW":0,"AK_HIGH":0,"AK_LOW":0,"US_AREA":0,"PACIFIC":0}},{"type":"Feature","id":873,"geometry":{"type":"Point","coordinates":[-81.432233678423813,28.496033108833956]},"properties":{"FID":873,"OBJECTID":18586,"GLOBAL_ID":"1F947E9F-966B-4824-8729-C3B6A40057D5","IDENT":"1FA8","NAME":"Adventhealth Millenia Er","LATITUDE":"28-29-45.7000N","LONGITUDE":"081-25-56.0300W","ELEVATION":101,"ICAO_ID":" ","TYPE_CODE":"HP","SERVCITY":"ORLANDO","STATE":"FL","COUNTRY":"UNITED STATES","OPERSTATUS":"OPERATIONAL","PRIVATEUSE":1,"IAPEXISTS":0,"DODHIFLIP":0,"FAR91":0,"FAR93":0,"MIL_CODE":"CIVIL","AIRANAL":"CONDITIONAL","US_HIGH":0,"US_LOW":0,"AK_HIGH":0,"AK_LOW":0,"US_AREA":0,"PACIFIC":0}},{"type":"Feature","id":874,"geometry":{"type":"Point","coordinates":[-82.330836706211187,28.201671903525209]},"properties":{"FID":874,"OBJECTID":18587,"GLOBAL_ID":"E337668A-0F9D-4F7A-A5F0-95856ED1519F","IDENT":"3FA2","NAME":"Orlando Health Wiregrass Ranch","LATITUDE":"28-12-06.0000N","LONGITUDE":"082-19-51.0000W","ELEVATION":77,"ICAO_ID":" ","TYPE_CODE":"HP","SERVCITY":"WESLEY CHAPEL","STATE":"FL","COUNTRY":"UNITED STATES","OPERSTATUS":"OPERATIONAL","PRIVATEUSE":1,"IAPEXISTS":0,"DODHIFLIP":0,"FAR91":0,"FAR93":0,"MIL_CODE":"CIVIL","AIRANAL":"CONDITIONAL","US_HIGH":0,"US_LOW":0,"AK_HIGH":0,"AK_LOW":0,"US_AREA":0,"PACIFIC":0}},{"type":"Feature","id":875,"geometry":{"type":"Point","coordinates":[-82.198150524449829,28.867813066600945]},"properties":{"FID":875,"OBJECTID":18689,"GLOBAL_ID":"D34AEB66-80A5-4B60-BA0A-3F25E3C8F976","IDENT":"FD23","NAME":"Rutland Runway","LATITUDE":"28-52-04.1076N","LONGITUDE":"082-11-53.3298W","ELEVATION":49,"ICAO_ID":" ","TYPE_CODE":"AD","SERVCITY":"RUTLAND","STATE":"FL","COUNTRY":"UNITED STATES","OPERSTATUS":"OPERATIONAL","PRIVATEUSE":1,"IAPEXISTS":0,"DODHIFLIP":0,"FAR91":0,"FAR93":0,"MIL_CODE":"CIVIL","AIRANAL":"NO OBJECTION","US_HIGH":0,"US_LOW":0,"AK_HIGH":0,"AK_LOW":0,"US_AREA":0,"PACIFIC":0}},{"type":"Feature","id":876,"geometry":{"type":"Point","coordinates":[-81.631900474920258,30.483966907283616]},"properties":{"FID":876,"OBJECTID":18753,"GLOBAL_ID":"0139A860-B614-44B4-8258-B04119C818E0","IDENT":"51FA","NAME":"Uf Health North","LATITUDE":"30-29-02.2600N","LONGITUDE":"081-37-54.8300W","ELEVATION":34,"ICAO_ID":" ","TYPE_CODE":"HP","SERVCITY":"JACKSONVILLE","STATE":"FL","COUNTRY":"UNITED STATES","OPERSTATUS":"OPERATIONAL","PRIVATEUSE":1,"IAPEXISTS":0,"DODHIFLIP":0,"FAR91":0,"FAR93":0,"MIL_CODE":"CIVIL","AIRANAL":"CONDITIONAL","US_HIGH":0,"US_LOW":0,"AK_HIGH":0,"AK_LOW":0,"US_AREA":0,"PACIFIC":0}},{"type":"Feature","id":877,"geometry":{"type":"Point","coordinates":[-81.608058724538807,28.34583862302037]},"properties":{"FID":877,"OBJECTID":18754,"GLOBAL_ID":"6751626D-7AC1-4983-9829-C8EBDD869ED4","IDENT":"FA14","NAME":"Orlando Heli-Tours Margaritaville","LATITUDE":"28-20-45.0000N","LONGITUDE":"081-36-29.0000W","ELEVATION":130,"ICAO_ID":" ","TYPE_CODE":"HP","SERVCITY":"KISSIMMEE","STATE":"FL","COUNTRY":"UNITED STATES","OPERSTATUS":"INDEFINITE","PRIVATEUSE":1,"IAPEXISTS":0,"DODHIFLIP":0,"FAR91":0,"FAR93":0,"MIL_CODE":"CIVIL","AIRANAL":"CONDITIONAL","US_HIGH":0,"US_LOW":0,"AK_HIGH":0,"AK_LOW":0,"US_AREA":0,"PACIFIC":0}},{"type":"Feature","id":878,"geometry":{"type":"Point","coordinates":[-81.24269750828222,28.406835870225905]},"properties":{"FID":878,"OBJECTID":18773,"GLOBAL_ID":"A4215D27-F038-4EE9-AC7B-987B3E7D1E03","IDENT":"3FA4","NAME":"Adventhealth Lake Nona Helistop","LATITUDE":"28-24-24.5900N","LONGITUDE":"081-14-33.7000W","ELEVATION":75,"ICAO_ID":" ","TYPE_CODE":"HP","SERVCITY":"ORLANDO","STATE":"FL","COUNTRY":"UNITED STATES","OPERSTATUS":"OPERATIONAL","PRIVATEUSE":1,"IAPEXISTS":0,"DODHIFLIP":0,"FAR91":0,"FAR93":0,"MIL_CODE":"CIVIL","AIRANAL":"CONDITIONAL","US_HIGH":0,"US_LOW":0,"AK_HIGH":0,"AK_LOW":0,"US_AREA":0,"PACIFIC":0}},{"type":"Feature","id":879,"geometry":{"type":"Point","coordinates":[-81.82647775373033,28.984011937366517]},"properties":{"FID":879,"OBJECTID":18889,"GLOBAL_ID":"F663082F-BAE2-495C-A924-8B81C4550737","IDENT":"4FA1","NAME":"Rockin G Ranch","LATITUDE":"28-59-02.4234N","LONGITUDE":"081-49-35.3082W","ELEVATION":67,"ICAO_ID":" ","TYPE_CODE":"AD","SERVCITY":"UMATILLA","STATE":"FL","COUNTRY":"UNITED STATES","OPERSTATUS":"OPERATIONAL","PRIVATEUSE":1,"IAPEXISTS":0,"DODHIFLIP":0,"FAR91":0,"FAR93":0,"MIL_CODE":"CIVIL","AIRANAL":"CONDITIONAL","US_HIGH":0,"US_LOW":0,"AK_HIGH":0,"AK_LOW":0,"US_AREA":0,"PACIFIC":0}},{"type":"Feature","id":880,"geometry":{"type":"Point","coordinates":[-81.517503204218542,30.088339040200538]},"properties":{"FID":880,"OBJECTID":18892,"GLOBAL_ID":"AAFFD260-6A78-470D-BD36-36E84EC9B104","IDENT":"3FD4","NAME":"Uf Durbin Helipad","LATITUDE":"30-05-18.0000N","LONGITUDE":"081-31-03.0000W","ELEVATION":20,"ICAO_ID":" ","TYPE_CODE":"HP","SERVCITY":"ST JOHN'S","STATE":"FL","COUNTRY":"UNITED STATES","OPERSTATUS":"OPERATIONAL","PRIVATEUSE":1,"IAPEXISTS":0,"DODHIFLIP":0,"FAR91":0,"FAR93":0,"MIL_CODE":"CIVIL","AIRANAL":"CONDITIONAL","US_HIGH":0,"US_LOW":0,"AK_HIGH":0,"AK_LOW":0,"US_AREA":0,"PACIFIC":0}},{"type":"Feature","id":881,"geometry":{"type":"Point","coordinates":[-82.565245086430082,27.533977291100257]},"properties":{"FID":881,"OBJECTID":18932,"GLOBAL_ID":"0445565F-6BC5-4556-BA11-911466A2E519","IDENT":"5FD3","NAME":"Manatee County Sheriff's Office Helipad","LATITUDE":"27-32-02.3000N","LONGITUDE":"082-33-54.8700W","ELEVATION":15,"ICAO_ID":" ","TYPE_CODE":"HP","SERVCITY":"PALMETTO","STATE":"FL","COUNTRY":"UNITED STATES","OPERSTATUS":"OPERATIONAL","PRIVATEUSE":1,"IAPEXISTS":0,"DODHIFLIP":0,"FAR91":0,"FAR93":0,"MIL_CODE":"CIVIL","AIRANAL":"CONDITIONAL","US_HIGH":0,"US_LOW":0,"AK_HIGH":0,"AK_LOW":0,"US_AREA":0,"PACIFIC":0}},{"type":"Feature","id":882,"geometry":{"type":"Point","coordinates":[-82.141354249641779,28.62575734330926]},"properties":{"FID":882,"OBJECTID":18946,"GLOBAL_ID":"415434E1-6649-4BCA-9B72-0C8EF2142C44","IDENT":"4FA2","NAME":"Croom A Chobee","LATITUDE":"28-37-32.7072N","LONGITUDE":"082-08-28.8633W","ELEVATION":65,"ICAO_ID":" ","TYPE_CODE":"AD","SERVCITY":"BUSHNELL","STATE":"FL","COUNTRY":"UNITED STATES","OPERSTATUS":"OPERATIONAL","PRIVATEUSE":1,"IAPEXISTS":0,"DODHIFLIP":0,"FAR91":0,"FAR93":0,"MIL_CODE":"CIVIL","AIRANAL":"CONDITIONAL","US_HIGH":0,"US_LOW":0,"AK_HIGH":0,"AK_LOW":0,"US_AREA":0,"PACIFIC":0}},{"type":"Feature","id":883,"geometry":{"type":"Point","coordinates":[-82.302586690519206,27.971410737708084]},"properties":{"FID":883,"OBJECTID":18978,"GLOBAL_ID":"2BE0870A-BF2B-4071-833A-57B08F7B7282","IDENT":"59FA","NAME":"Mango Lake","LATITUDE":"27-58-17.0600N","LONGITUDE":"082-18-09.3000W","ELEVATION":30,"ICAO_ID":" ","TYPE_CODE":"SP","SERVCITY":"BRANDON","STATE":"FL","COUNTRY":"UNITED STATES","OPERSTATUS":"OPERATIONAL","PRIVATEUSE":1,"IAPEXISTS":0,"DODHIFLIP":0,"FAR91":0,"FAR93":0,"MIL_CODE":"CIVIL","AIRANAL":"NO OBJECTION","US_HIGH":0,"US_LOW":0,"AK_HIGH":0,"AK_LOW":0,"US_AREA":0,"PACIFIC":0}},{"type":"Feature","id":884,"geometry":{"type":"Point","coordinates":[-81.822503237259639,28.538894219915619]},"properties":{"FID":884,"OBJECTID":18979,"GLOBAL_ID":"5BCDEB9F-A28D-49A4-AB2C-B032392DE1F9","IDENT":"84FA","NAME":"Summer Spot","LATITUDE":"28-32-20.0000N","LONGITUDE":"081-49-21.0000W","ELEVATION":90,"ICAO_ID":" ","TYPE_CODE":"HP","SERVCITY":"CLERMONT","STATE":"FL","COUNTRY":"UNITED STATES","OPERSTATUS":"OPERATIONAL","PRIVATEUSE":1,"IAPEXISTS":0,"DODHIFLIP":0,"FAR91":0,"FAR93":0,"MIL_CODE":"CIVIL","AIRANAL":"CONDITIONAL","US_HIGH":0,"US_LOW":0,"AK_HIGH":0,"AK_LOW":0,"US_AREA":0,"PACIFIC":0}},{"type":"Feature","id":885,"geometry":{"type":"Point","coordinates":[-81.438767002327268,28.162819139099554]},"properties":{"FID":885,"OBJECTID":18980,"GLOBAL_ID":"618B10CB-C4EC-4BB8-8680-6C4CD7CAE9F1","IDENT":"81FD","NAME":"Adventhealth Poinciana Helistop","LATITUDE":"28-09-46.1300N","LONGITUDE":"081-26-19.5500W","ELEVATION":75,"ICAO_ID":" ","TYPE_CODE":"HP","SERVCITY":"KISSIMMEE","STATE":"FL","COUNTRY":"UNITED STATES","OPERSTATUS":"OPERATIONAL","PRIVATEUSE":1,"IAPEXISTS":0,"DODHIFLIP":0,"FAR91":0,"FAR93":0,"MIL_CODE":"CIVIL","AIRANAL":"CONDITIONAL","US_HIGH":0,"US_LOW":0,"AK_HIGH":0,"AK_LOW":0,"US_AREA":0,"PACIFIC":0}},{"type":"Feature","id":886,"geometry":{"type":"Point","coordinates":[-80.794575130897385,27.632688469838911]},"properties":{"FID":886,"OBJECTID":18981,"GLOBAL_ID":"3FA475EC-E3EE-47C5-B045-BD0B78977B31","IDENT":"FA07","NAME":"Okeechobee Clean Energy Center","LATITUDE":"27-37-57.6600N","LONGITUDE":"080-47-40.4600W","ELEVATION":40,"ICAO_ID":" ","TYPE_CODE":"HP","SERVCITY":"OKEECHOBEE","STATE":"FL","COUNTRY":"UNITED STATES","OPERSTATUS":"OPERATIONAL","PRIVATEUSE":1,"IAPEXISTS":0,"DODHIFLIP":0,"FAR91":0,"FAR93":0,"MIL_CODE":"CIVIL","AIRANAL":"CONDITIONAL","US_HIGH":0,"US_LOW":0,"AK_HIGH":0,"AK_LOW":0,"US_AREA":0,"PACIFIC":0}},{"type":"Feature","id":887,"geometry":{"type":"Point","coordinates":[-81.681484195550297,24.595890161906254]},"properties":{"FID":887,"OBJECTID":19012,"GLOBAL_ID":"1895CB8B-37D5-4C72-B637-0129E6DD0F66","IDENT":"4FA4","NAME":"George Skoko","LATITUDE":"24-35-45.1889N","LONGITUDE":"081-40-53.3320W","ELEVATION":11,"ICAO_ID":" ","TYPE_CODE":"HP","SERVCITY":"KEY WEST","STATE":"FL","COUNTRY":"UNITED STATES","OPERSTATUS":"OPERATIONAL","PRIVATEUSE":1,"IAPEXISTS":0,"DODHIFLIP":0,"FAR91":0,"FAR93":0,"MIL_CODE":"CIVIL","AIRANAL":"OBJECTIONABLE","US_HIGH":0,"US_LOW":0,"AK_HIGH":0,"AK_LOW":0,"US_AREA":0,"PACIFIC":0}},{"type":"Feature","id":888,"geometry":{"type":"Point","coordinates":[-82.276143646004641,28.518560870061265]},"properties":{"FID":888,"OBJECTID":19039,"GLOBAL_ID":"A64B4E1A-E968-4666-BCEF-E696891C562B","IDENT":"FA63","NAME":"Foxraven Fld","LATITUDE":"28-31-06.8000N","LONGITUDE":"082-16-34.1050W","ELEVATION":82,"ICAO_ID":" ","TYPE_CODE":"AD","SERVCITY":"BROOKSVILLE","STATE":"FL","COUNTRY":"UNITED STATES","OPERSTATUS":"OPERATIONAL","PRIVATEUSE":1,"IAPEXISTS":0,"DODHIFLIP":0,"FAR91":0,"FAR93":0,"MIL_CODE":"CIVIL","AIRANAL":"CONDITIONAL","US_HIGH":0,"US_LOW":0,"AK_HIGH":0,"AK_LOW":0,"US_AREA":0,"PACIFIC":0}},{"type":"Feature","id":889,"geometry":{"type":"Point","coordinates":[-80.711336244014888,28.460199784881809]},"properties":{"FID":889,"OBJECTID":19080,"GLOBAL_ID":"3978B52E-0121-4DA7-B41A-6DB165317D5E","IDENT":"61FA","NAME":"North Merritt Island","LATITUDE":"28-27-36.7000N","LONGITUDE":"080-42-40.8000W","ELEVATION":6,"ICAO_ID":" ","TYPE_CODE":"HP","SERVCITY":"MERRITT ISLAND","STATE":"FL","COUNTRY":"UNITED STATES","OPERSTATUS":"OPERATIONAL","PRIVATEUSE":1,"IAPEXISTS":0,"DODHIFLIP":0,"FAR91":0,"FAR93":0,"MIL_CODE":"CIVIL","AIRANAL":"CONDITIONAL","US_HIGH":0,"US_LOW":0,"AK_HIGH":0,"AK_LOW":0,"US_AREA":0,"PACIFIC":0}},{"type":"Feature","id":890,"geometry":{"type":"Point","coordinates":[-82.244169998472955,27.684449557647156]},"properties":{"FID":890,"OBJECTID":19081,"GLOBAL_ID":"E3FEFEC6-C514-446F-A996-53BBE642B770","IDENT":"23FL","NAME":"Gyro Town Usa","LATITUDE":"27-41-04.0000N","LONGITUDE":"082-14-39.0000W","ELEVATION":65,"ICAO_ID":" ","TYPE_CODE":"AD","SERVCITY":"WIMAUMA","STATE":"FL","COUNTRY":"UNITED STATES","OPERSTATUS":"OPERATIONAL","PRIVATEUSE":1,"IAPEXISTS":0,"DODHIFLIP":0,"FAR91":0,"FAR93":0,"MIL_CODE":"CIVIL","AIRANAL":"NO OBJECTION","US_HIGH":0,"US_LOW":0,"AK_HIGH":0,"AK_LOW":0,"US_AREA":0,"PACIFIC":0}},{"type":"Feature","id":891,"geometry":{"type":"Point","coordinates":[-80.131717390241647,25.99022349252607]},"properties":{"FID":891,"OBJECTID":19091,"GLOBAL_ID":"47A8E480-07C5-43E3-B702-ADFF259B47F0","IDENT":"77FA","NAME":"Shell Bay Golf Course","LATITUDE":"25-59-24.7875N","LONGITUDE":"080-07-54.1730W","ELEVATION":8,"ICAO_ID":" ","TYPE_CODE":"HP","SERVCITY":"HALLANDALE BEACH","STATE":"FL","COUNTRY":"UNITED STATES","OPERSTATUS":"OPERATIONAL","PRIVATEUSE":1,"IAPEXISTS":0,"DODHIFLIP":0,"FAR91":0,"FAR93":0,"MIL_CODE":"CIVIL","AIRANAL":"CONDITIONAL","US_HIGH":0,"US_LOW":0,"AK_HIGH":0,"AK_LOW":0,"US_AREA":0,"PACIFIC":0}},{"type":"Feature","id":892,"geometry":{"type":"Point","coordinates":[-81.343114200222601,28.276627502127099]},"properties":{"FID":892,"OBJECTID":19092,"GLOBAL_ID":"CE1DADA9-E80D-4661-83DD-92504E7E8F7F","IDENT":"21FD","NAME":"Adventhealth Partin Settlement Helistop","LATITUDE":"28-16-35.8400N","LONGITUDE":"081-20-35.2000W","ELEVATION":75,"ICAO_ID":" ","TYPE_CODE":"HP","SERVCITY":"KISSIMMEE","STATE":"FL","COUNTRY":"UNITED STATES","OPERSTATUS":"OPERATIONAL","PRIVATEUSE":1,"IAPEXISTS":0,"DODHIFLIP":0,"FAR91":0,"FAR93":0,"MIL_CODE":"CIVIL","AIRANAL":"CONDITIONAL","US_HIGH":0,"US_LOW":0,"AK_HIGH":0,"AK_LOW":0,"US_AREA":0,"PACIFIC":0}},{"type":"Feature","id":893,"geometry":{"type":"Point","coordinates":[-82.444753478805978,30.216866821156657]},"properties":{"FID":893,"OBJECTID":19093,"GLOBAL_ID":"BCC87F6F-DA25-4DB1-B442-3E4DC2F6735D","IDENT":"FA92","NAME":"Thomas Landing","LATITUDE":"30-13-00.7000N","LONGITUDE":"082-26-41.1000W","ELEVATION":153,"ICAO_ID":" ","TYPE_CODE":"SP","SERVCITY":"LAKE CITY","STATE":"FL","COUNTRY":"UNITED STATES","OPERSTATUS":"OPERATIONAL","PRIVATEUSE":1,"IAPEXISTS":0,"DODHIFLIP":0,"FAR91":0,"FAR93":0,"MIL_CODE":"CIVIL","AIRANAL":"NO OBJECTION","US_HIGH":0,"US_LOW":0,"AK_HIGH":0,"AK_LOW":0,"US_AREA":0,"PACIFIC":0}},{"type":"Feature","id":894,"geometry":{"type":"Point","coordinates":[-81.411944782041644,28.451738653677921]},"properties":{"FID":894,"OBJECTID":19121,"GLOBAL_ID":"E7DEA607-E48B-4C47-AC23-6E2879030269","IDENT":"22FL","NAME":"Adventhealth Sandlake Helistop","LATITUDE":"28-27-06.2400N","LONGITUDE":"081-24-42.9900W","ELEVATION":103,"ICAO_ID":" ","TYPE_CODE":"HP","SERVCITY":"ORLANDO","STATE":"FL","COUNTRY":"UNITED STATES","OPERSTATUS":"OPERATIONAL","PRIVATEUSE":1,"IAPEXISTS":0,"DODHIFLIP":0,"FAR91":0,"FAR93":0,"MIL_CODE":"CIVIL","AIRANAL":"CONDITIONAL","US_HIGH":0,"US_LOW":0,"AK_HIGH":0,"AK_LOW":0,"US_AREA":0,"PACIFIC":0}},{"type":"Feature","id":895,"geometry":{"type":"Point","coordinates":[-80.244641589446758,25.959365843276373]},"properties":{"FID":895,"OBJECTID":19127,"GLOBAL_ID":"73DB3969-CD68-4492-8A39-67D8A75A08E2","IDENT":"FL64","NAME":"Practice Field Helistop","LATITUDE":"25-57-33.7000N","LONGITUDE":"080-14-40.7000W","ELEVATION":9,"ICAO_ID":" ","TYPE_CODE":"HP","SERVCITY":"MIAMI GARDENS","STATE":"FL","COUNTRY":"UNITED STATES","OPERSTATUS":"OPERATIONAL","PRIVATEUSE":1,"IAPEXISTS":0,"DODHIFLIP":0,"FAR91":0,"FAR93":0,"MIL_CODE":"CIVIL","AIRANAL":"CONDITIONAL","US_HIGH":0,"US_LOW":0,"AK_HIGH":0,"AK_LOW":0,"US_AREA":0,"PACIFIC":0}},{"type":"Feature","id":896,"geometry":{"type":"Point","coordinates":[-81.41369483471243,29.923866782534844]},"properties":{"FID":896,"OBJECTID":19128,"GLOBAL_ID":"743ED4A4-443D-4DE0-8878-E4CADB2C4F60","IDENT":"FL96","NAME":"Baptist St Augustine","LATITUDE":"29-55-25.9000N","LONGITUDE":"081-24-49.2900W","ELEVATION":38,"ICAO_ID":" ","TYPE_CODE":"HP","SERVCITY":"ST AUGUSTINE","STATE":"FL","COUNTRY":"UNITED STATES","OPERSTATUS":"OPERATIONAL","PRIVATEUSE":1,"IAPEXISTS":0,"DODHIFLIP":0,"FAR91":0,"FAR93":0,"MIL_CODE":"CIVIL","AIRANAL":"CONDITIONAL","US_HIGH":0,"US_LOW":0,"AK_HIGH":0,"AK_LOW":0,"US_AREA":0,"PACIFIC":0}},{"type":"Feature","id":897,"geometry":{"type":"Point","coordinates":[-82.460283957997092,27.93837739170533]},"properties":{"FID":897,"OBJECTID":19129,"GLOBAL_ID":"200DC9A1-3E44-45A2-8D42-C6F7844E0D55","IDENT":"66FL","NAME":"Tampa General Hospital North","LATITUDE":"27-56-18.1400N","LONGITUDE":"082-27-37.0100W","ELEVATION":97,"ICAO_ID":" ","TYPE_CODE":"HP","SERVCITY":"TAMPA","STATE":"FL","COUNTRY":"UNITED STATES","OPERSTATUS":"OPERATIONAL","PRIVATEUSE":1,"IAPEXISTS":0,"DODHIFLIP":0,"FAR91":0,"FAR93":0,"MIL_CODE":"CIVIL","AIRANAL":"CONDITIONAL","US_HIGH":0,"US_LOW":0,"AK_HIGH":0,"AK_LOW":0,"US_AREA":0,"PACIFIC":0}},{"type":"Feature","id":898,"geometry":{"type":"Point","coordinates":[-82.460370069011503,27.938055169625329]},"properties":{"FID":898,"OBJECTID":19130,"GLOBAL_ID":"62406E26-BDB6-4805-975B-D993080970EA","IDENT":"0FL1","NAME":"Tampa General Hospital South","LATITUDE":"27-56-16.9800N","LONGITUDE":"082-27-37.3200W","ELEVATION":97,"ICAO_ID":" ","TYPE_CODE":"HP","SERVCITY":"TAMPA","STATE":"FL","COUNTRY":"UNITED STATES","OPERSTATUS":"OPERATIONAL","PRIVATEUSE":1,"IAPEXISTS":0,"DODHIFLIP":0,"FAR91":0,"FAR93":0,"MIL_CODE":"CIVIL","AIRANAL":"CONDITIONAL","US_HIGH":0,"US_LOW":0,"AK_HIGH":0,"AK_LOW":0,"US_AREA":0,"PACIFIC":0}},{"type":"Feature","id":899,"geometry":{"type":"Point","coordinates":[-81.640558816845783,30.620283605707584]},"properties":{"FID":899,"OBJECTID":19131,"GLOBAL_ID":"7CC14EA2-05AA-4280-8AA1-00FC9FE8073A","IDENT":"49FL","NAME":"Nassau Crossing Hospital","LATITUDE":"30-37-13.0000N","LONGITUDE":"081-38-26.0000W","ELEVATION":21,"ICAO_ID":" ","TYPE_CODE":"HP","SERVCITY":"YULEE","STATE":"FL","COUNTRY":"UNITED STATES","OPERSTATUS":"OPERATIONAL","PRIVATEUSE":1,"IAPEXISTS":0,"DODHIFLIP":0,"FAR91":0,"FAR93":0,"MIL_CODE":"CIVIL","AIRANAL":"CONDITIONAL","US_HIGH":0,"US_LOW":0,"AK_HIGH":0,"AK_LOW":0,"US_AREA":0,"PACIFIC":0}},{"type":"Feature","id":900,"geometry":{"type":"Point","coordinates":[-81.883179715031815,27.295840027695988]},"properties":{"FID":900,"OBJECTID":19145,"GLOBAL_ID":"3BF1C85C-2183-4C03-930A-EAD18D5DABD1","IDENT":"75FA","NAME":"Brownville","LATITUDE":"27-17-45.0060N","LONGITUDE":"081-52-59.4354W","ELEVATION":66,"ICAO_ID":" ","TYPE_CODE":"AD","SERVCITY":"ARCADIA","STATE":"FL","COUNTRY":"UNITED STATES","OPERSTATUS":"OPERATIONAL","PRIVATEUSE":1,"IAPEXISTS":0,"DODHIFLIP":0,"FAR91":0,"FAR93":0,"MIL_CODE":"CIVIL","AIRANAL":"NOT ANALYZED","US_HIGH":0,"US_LOW":0,"AK_HIGH":0,"AK_LOW":0,"US_AREA":0,"PACIFIC":0}},{"type":"Feature","id":901,"geometry":{"type":"Point","coordinates":[-85.054170903902786,30.432250124376424]},"properties":{"FID":901,"OBJECTID":19146,"GLOBAL_ID":"E539FBC9-CDC2-45D8-946D-FC34235E513C","IDENT":"93FL","NAME":"Calhoun Liberty Hospital","LATITUDE":"30-25-56.0800N","LONGITUDE":"085-03-15.0000W","ELEVATION":64,"ICAO_ID":" ","TYPE_CODE":"HP","SERVCITY":"BLOUNTSTOWN","STATE":"FL","COUNTRY":"UNITED STATES","OPERSTATUS":"OPERATIONAL","PRIVATEUSE":1,"IAPEXISTS":0,"DODHIFLIP":0,"FAR91":0,"FAR93":0,"MIL_CODE":"CIVIL","AIRANAL":"CONDITIONAL","US_HIGH":0,"US_LOW":0,"AK_HIGH":0,"AK_LOW":0,"US_AREA":0,"PACIFIC":0}},{"type":"Feature","id":902,"geometry":{"type":"Point","coordinates":[-82.052372413547971,26.705482378406714]},"properties":{"FID":902,"OBJECTID":19147,"GLOBAL_ID":"389EB68F-5D6F-4C5B-9533-21BD6F096409","IDENT":"03FL","NAME":"Greens Farm Fld","LATITUDE":"26-42-19.7190N","LONGITUDE":"082-03-08.5290W","ELEVATION":15,"ICAO_ID":" ","TYPE_CODE":"AD","SERVCITY":"CAPE CORAL","STATE":"FL","COUNTRY":"UNITED STATES","OPERSTATUS":"OPERATIONAL","PRIVATEUSE":1,"IAPEXISTS":0,"DODHIFLIP":0,"FAR91":0,"FAR93":0,"MIL_CODE":"CIVIL","AIRANAL":"NOT ANALYZED","US_HIGH":0,"US_LOW":0,"AK_HIGH":0,"AK_LOW":0,"US_AREA":0,"PACIFIC":0}},{"type":"Feature","id":903,"geometry":{"type":"Point","coordinates":[-80.382224958361405,25.79611579898318]},"properties":{"FID":903,"OBJECTID":19160,"GLOBAL_ID":"51030B71-F4B0-43E9-823B-3B1C7F7D1E2D","IDENT":"74FA","NAME":"Miami Dade County Lightspeed","LATITUDE":"25-47-46.0000N","LONGITUDE":"080-22-56.0000W","ELEVATION":9.0999999999999996,"ICAO_ID":" ","TYPE_CODE":"HP","SERVCITY":"MIAMI","STATE":"FL","COUNTRY":"UNITED STATES","OPERSTATUS":"OPERATIONAL","PRIVATEUSE":1,"IAPEXISTS":0,"DODHIFLIP":0,"FAR91":0,"FAR93":0,"MIL_CODE":"CIVIL","AIRANAL":"CONDITIONAL","US_HIGH":0,"US_LOW":0,"AK_HIGH":0,"AK_LOW":0,"US_AREA":0,"PACIFIC":0}},{"type":"Feature","id":904,"geometry":{"type":"Point","coordinates":[-80.241808255636954,25.960060288513318]},"properties":{"FID":904,"OBJECTID":19161,"GLOBAL_ID":"0D9C8903-2798-4C2B-8ACB-5120870142DD","IDENT":"09FL","NAME":"Hard Rock Stadium West","LATITUDE":"25-57-36.2000N","LONGITUDE":"080-14-30.5000W","ELEVATION":7,"ICAO_ID":" ","TYPE_CODE":"HP","SERVCITY":"MIAMI GARDENS","STATE":"FL","COUNTRY":"UNITED STATES","OPERSTATUS":"OPERATIONAL","PRIVATEUSE":1,"IAPEXISTS":0,"DODHIFLIP":0,"FAR91":0,"FAR93":0,"MIL_CODE":"CIVIL","AIRANAL":"NO OBJECTION","US_HIGH":0,"US_LOW":0,"AK_HIGH":0,"AK_LOW":0,"US_AREA":0,"PACIFIC":0}},{"type":"Feature","id":905,"geometry":{"type":"Point","coordinates":[-82.476677411863932,28.096106207332809]},"properties":{"FID":905,"OBJECTID":19162,"GLOBAL_ID":"CB523902-8AB8-47B4-B60F-30A00571593C","IDENT":"83FA","NAME":"Ferguson","LATITUDE":"28-05-45.9636N","LONGITUDE":"082-28-36.0264W","ELEVATION":50.100000000000001,"ICAO_ID":" ","TYPE_CODE":"HP","SERVCITY":"TAMPA","STATE":"FL","COUNTRY":"UNITED STATES","OPERSTATUS":"OPERATIONAL","PRIVATEUSE":1,"IAPEXISTS":0,"DODHIFLIP":0,"FAR91":0,"FAR93":0,"MIL_CODE":"CIVIL","AIRANAL":"CONDITIONAL","US_HIGH":0,"US_LOW":0,"AK_HIGH":0,"AK_LOW":0,"US_AREA":0,"PACIFIC":0}},{"type":"Feature","id":906,"geometry":{"type":"Point","coordinates":[-81.966526268868051,28.234587253889629]},"properties":{"FID":906,"OBJECTID":19175,"GLOBAL_ID":"21F96694-7090-4B09-B3EA-A14789CEC5AC","IDENT":"98FA","NAME":"Sterling Acres LLC","LATITUDE":"28-14-04.4952N","LONGITUDE":"081-57-59.4828W","ELEVATION":115,"ICAO_ID":" ","TYPE_CODE":"HP","SERVCITY":"LAKELAND","STATE":"FL","COUNTRY":"UNITED STATES","OPERSTATUS":"OPERATIONAL","PRIVATEUSE":1,"IAPEXISTS":0,"DODHIFLIP":0,"FAR91":0,"FAR93":0,"MIL_CODE":"CIVIL","AIRANAL":"CONDITIONAL","US_HIGH":0,"US_LOW":0,"AK_HIGH":0,"AK_LOW":0,"US_AREA":0,"PACIFIC":0}},{"type":"Feature","id":907,"geometry":{"type":"Point","coordinates":[-81.620592048285403,27.950010749829971]},"properties":{"FID":907,"OBJECTID":19176,"GLOBAL_ID":"F7427607-33F5-4577-95F6-F93409D8347A","IDENT":"38FA","NAME":"Dyer Chevrolet Lake Wales","LATITUDE":"27-57-00.0200N","LONGITUDE":"081-37-14.1200W","ELEVATION":121,"ICAO_ID":" ","TYPE_CODE":"HP","SERVCITY":"LAKE WALES","STATE":"FL","COUNTRY":"UNITED STATES","OPERSTATUS":"OPERATIONAL","PRIVATEUSE":1,"IAPEXISTS":0,"DODHIFLIP":0,"FAR91":0,"FAR93":0,"MIL_CODE":"CIVIL","AIRANAL":"CONDITIONAL","US_HIGH":0,"US_LOW":0,"AK_HIGH":0,"AK_LOW":0,"US_AREA":0,"PACIFIC":0}},{"type":"Feature","id":908,"geometry":{"type":"Point","coordinates":[-81.950281063435284,28.862902627120661]},"properties":{"FID":908,"OBJECTID":19216,"GLOBAL_ID":"5CB40885-D96E-40F1-9870-70E8B76863A0","IDENT":"87FA","NAME":"Adventhealth Fruitland Park Helistop","LATITUDE":"28-51-46.4300N","LONGITUDE":"081-57-01.0000W","ELEVATION":81,"ICAO_ID":" ","TYPE_CODE":"HP","SERVCITY":"FRUITLAND PARK","STATE":"FL","COUNTRY":"UNITED STATES","OPERSTATUS":"OPERATIONAL","PRIVATEUSE":1,"IAPEXISTS":0,"DODHIFLIP":0,"FAR91":0,"FAR93":0,"MIL_CODE":"CIVIL","AIRANAL":"CONDITIONAL","US_HIGH":0,"US_LOW":0,"AK_HIGH":0,"AK_LOW":0,"US_AREA":0,"PACIFIC":0}},{"type":"Feature","id":909,"geometry":{"type":"Point","coordinates":[-81.642976055361089,29.596364198807976]},"properties":{"FID":909,"OBJECTID":19217,"GLOBAL_ID":"CF40B512-13D0-4D57-B7DB-A79097E788B0","IDENT":"97FA","NAME":"Safar","LATITUDE":"29-35-46.8910N","LONGITUDE":"081-38-34.7022W","ELEVATION":0,"ICAO_ID":" ","TYPE_CODE":"SP","SERVCITY":"PALATKA","STATE":"FL","COUNTRY":"UNITED STATES","OPERSTATUS":"OPERATIONAL","PRIVATEUSE":1,"IAPEXISTS":0,"DODHIFLIP":0,"FAR91":0,"FAR93":0,"MIL_CODE":"CIVIL","AIRANAL":"NOT ANALYZED","US_HIGH":0,"US_LOW":0,"AK_HIGH":0,"AK_LOW":0,"US_AREA":0,"PACIFIC":0}},{"type":"Feature","id":910,"geometry":{"type":"Point","coordinates":[-81.029419692843476,29.104530487714328]},"properties":{"FID":910,"OBJECTID":19230,"GLOBAL_ID":"1A08071F-811D-4D79-929D-842B51758A38","IDENT":"79FA","NAME":"Adventhealth Port Orange Helistop","LATITUDE":"29-06-16.2900N","LONGITUDE":"081-01-45.9000W","ELEVATION":35,"ICAO_ID":" ","TYPE_CODE":"HP","SERVCITY":"MAITLAND","STATE":"FL","COUNTRY":"UNITED STATES","OPERSTATUS":"OPERATIONAL","PRIVATEUSE":1,"IAPEXISTS":0,"DODHIFLIP":0,"FAR91":0,"FAR93":0,"MIL_CODE":"CIVIL","AIRANAL":"CONDITIONAL","US_HIGH":0,"US_LOW":0,"AK_HIGH":0,"AK_LOW":0,"US_AREA":0,"PACIFIC":0}},{"type":"Feature","id":911,"geometry":{"type":"Point","coordinates":[-80.17633600884875,25.782788021994122]},"properties":{"FID":911,"OBJECTID":19238,"GLOBAL_ID":"291B2034-C18D-4E7C-9EE8-B2916B285040","IDENT":"89FA","NAME":"Watson Island","LATITUDE":"25-46-58.0200N","LONGITUDE":"080-10-34.8000W","ELEVATION":6,"ICAO_ID":" ","TYPE_CODE":"HP","SERVCITY":"MIAMI","STATE":"FL","COUNTRY":"UNITED STATES","OPERSTATUS":"OPERATIONAL","PRIVATEUSE":1,"IAPEXISTS":0,"DODHIFLIP":0,"FAR91":0,"FAR93":0,"MIL_CODE":"CIVIL","AIRANAL":"CONDITIONAL","US_HIGH":0,"US_LOW":0,"AK_HIGH":0,"AK_LOW":0,"US_AREA":0,"PACIFIC":0}},{"type":"Feature","id":912,"geometry":{"type":"Point","coordinates":[-81.501825418344993,30.00144457625629]},"properties":{"FID":912,"OBJECTID":19239,"GLOBAL_ID":"4C08C0EC-542F-44B8-B67C-3DAFC632F29D","IDENT":"5FA0","NAME":"Silver-Leaf Hospital Helistop","LATITUDE":"30-00-05.1800N","LONGITUDE":"081-30-06.5600W","ELEVATION":29,"ICAO_ID":" ","TYPE_CODE":"HP","SERVCITY":"ST AUGUSTINE","STATE":"FL","COUNTRY":"UNITED STATES","OPERSTATUS":"OPERATIONAL","PRIVATEUSE":1,"IAPEXISTS":0,"DODHIFLIP":0,"FAR91":0,"FAR93":0,"MIL_CODE":"CIVIL","AIRANAL":"CONDITIONAL","US_HIGH":0,"US_LOW":0,"AK_HIGH":0,"AK_LOW":0,"US_AREA":0,"PACIFIC":0}},{"type":"Feature","id":913,"geometry":{"type":"Point","coordinates":[-80.281149964250403,27.078260568114217]},"properties":{"FID":913,"OBJECTID":19240,"GLOBAL_ID":"DC47E8E0-41E7-4547-B030-EA66106BB9EC","IDENT":"3FA0","NAME":"Three Lakes Golf Club","LATITUDE":"27-04-41.7200N","LONGITUDE":"080-16-52.1300W","ELEVATION":23,"ICAO_ID":" ","TYPE_CODE":"HP","SERVCITY":"STUART","STATE":"FL","COUNTRY":"UNITED STATES","OPERSTATUS":"OPERATIONAL","PRIVATEUSE":1,"IAPEXISTS":0,"DODHIFLIP":0,"FAR91":0,"FAR93":0,"MIL_CODE":"CIVIL","AIRANAL":"CONDITIONAL","US_HIGH":0,"US_LOW":0,"AK_HIGH":0,"AK_LOW":0,"US_AREA":0,"PACIFIC":0}},{"type":"Feature","id":914,"geometry":{"type":"Point","coordinates":[-84.034726169661553,30.477505722283638]},"properties":{"FID":914,"OBJECTID":19241,"GLOBAL_ID":"CCE043C8-7703-40CB-8375-A9E5E8EEA636","IDENT":"53FD","NAME":"Charlottes Fld","LATITUDE":"30-28-39.0000N","LONGITUDE":"084-02-05.0000W","ELEVATION":80,"ICAO_ID":" ","TYPE_CODE":"AD","SERVCITY":"TALLAHASSEE","STATE":"FL","COUNTRY":"UNITED STATES","OPERSTATUS":"OPERATIONAL","PRIVATEUSE":1,"IAPEXISTS":0,"DODHIFLIP":0,"FAR91":0,"FAR93":0,"MIL_CODE":"CIVIL","AIRANAL":"CONDITIONAL","US_HIGH":0,"US_LOW":0,"AK_HIGH":0,"AK_LOW":0,"US_AREA":0,"PACIFIC":0}},{"type":"Feature","id":915,"geometry":{"type":"Point","coordinates":[-86.736782784242678,30.803443903761149]},"properties":{"FID":915,"OBJECTID":19285,"GLOBAL_ID":"D28484C8-99CF-40A9-AD37-CB7DDE3B53CB","IDENT":"93FA","NAME":"Psycho Fld","LATITUDE":"30-48-12.3775N","LONGITUDE":"086-44-12.4010W","ELEVATION":216,"ICAO_ID":" ","TYPE_CODE":"AD","SERVCITY":"BAKER","STATE":"FL","COUNTRY":"UNITED STATES","OPERSTATUS":"OPERATIONAL","PRIVATEUSE":1,"IAPEXISTS":0,"DODHIFLIP":0,"FAR91":0,"FAR93":0,"MIL_CODE":"CIVIL","AIRANAL":"CONDITIONAL","US_HIGH":0,"US_LOW":0,"AK_HIGH":0,"AK_LOW":0,"US_AREA":0,"PACIFIC":0}},{"type":"Feature","id":916,"geometry":{"type":"Point","coordinates":[-81.822615066195738,26.60448233071412]},"properties":{"FID":916,"OBJECTID":19306,"GLOBAL_ID":"7AED6237-0FB2-4187-8BD4-B03D57CB5400","IDENT":"86FA","NAME":"Lee Meml Health Fort Myers Helistop","LATITUDE":"26-36-16.1189N","LONGITUDE":"081-49-21.4028W","ELEVATION":24,"ICAO_ID":" ","TYPE_CODE":"HP","SERVCITY":"FORT MYERS","STATE":"FL","COUNTRY":"UNITED STATES","OPERSTATUS":"OPERATIONAL","PRIVATEUSE":1,"IAPEXISTS":0,"DODHIFLIP":0,"FAR91":0,"FAR93":0,"MIL_CODE":"CIVIL","AIRANAL":"CONDITIONAL","US_HIGH":0,"US_LOW":0,"AK_HIGH":0,"AK_LOW":0,"US_AREA":0,"PACIFIC":0}},{"type":"Feature","id":917,"geometry":{"type":"Point","coordinates":[-81.833856004615654,28.118786062327047]},"properties":{"FID":917,"OBJECTID":19363,"GLOBAL_ID":"E49BEF97-7F48-490D-B484-4F394F60406A","IDENT":"67FA","NAME":"Suntrax Air","LATITUDE":"28-07-07.6110N","LONGITUDE":"081-50-01.8700W","ELEVATION":175,"ICAO_ID":" ","TYPE_CODE":"HP","SERVCITY":"AUBURNDALE","STATE":"FL","COUNTRY":"UNITED STATES","OPERSTATUS":"OPERATIONAL","PRIVATEUSE":1,"IAPEXISTS":0,"DODHIFLIP":0,"FAR91":0,"FAR93":0,"MIL_CODE":"CIVIL","AIRANAL":"CONDITIONAL","US_HIGH":0,"US_LOW":0,"AK_HIGH":0,"AK_LOW":0,"US_AREA":0,"PACIFIC":0}},{"type":"Feature","id":918,"geometry":{"type":"Point","coordinates":[-81.342418630039106,29.466011565316819]},"properties":{"FID":918,"OBJECTID":19364,"GLOBAL_ID":"63951F54-E462-4B0A-B1DF-8BEDAC1EE108","IDENT":"55FL","NAME":"Parts and Sparks","LATITUDE":"29-27-57.6216N","LONGITUDE":"081-20-32.6958W","ELEVATION":24,"ICAO_ID":" ","TYPE_CODE":"AD","SERVCITY":"BUNNELL","STATE":"FL","COUNTRY":"UNITED STATES","OPERSTATUS":"OPERATIONAL","PRIVATEUSE":1,"IAPEXISTS":0,"DODHIFLIP":0,"FAR91":0,"FAR93":0,"MIL_CODE":"CIVIL","AIRANAL":"CONDITIONAL","US_HIGH":0,"US_LOW":0,"AK_HIGH":0,"AK_LOW":0,"US_AREA":0,"PACIFIC":0}},{"type":"Feature","id":919,"geometry":{"type":"Point","coordinates":[-82.080540085065195,27.521369300013362]},"properties":{"FID":919,"OBJECTID":19365,"GLOBAL_ID":"84501E5E-F638-4A74-99F6-AD553429D212","IDENT":"96FA","NAME":"Duette Training Facility","LATITUDE":"27-31-16.9112N","LONGITUDE":"082-04-49.9325W","ELEVATION":118,"ICAO_ID":" ","TYPE_CODE":"AD","SERVCITY":"DUETTE","STATE":"FL","COUNTRY":"UNITED STATES","OPERSTATUS":"OPERATIONAL","PRIVATEUSE":1,"IAPEXISTS":0,"DODHIFLIP":0,"FAR91":0,"FAR93":0,"MIL_CODE":"CIVIL","AIRANAL":"CONDITIONAL","US_HIGH":0,"US_LOW":0,"AK_HIGH":0,"AK_LOW":0,"US_AREA":0,"PACIFIC":0}},{"type":"Feature","id":920,"geometry":{"type":"Point","coordinates":[-80.122466550181798,25.824568589746093]},"properties":{"FID":920,"OBJECTID":19378,"GLOBAL_ID":"02D51A78-3252-44F6-9359-9AEF01DED877","IDENT":"23FA","NAME":"Ocean Beach Resort","LATITUDE":"25-49-28.4300N","LONGITUDE":"080-07-20.8700W","ELEVATION":3,"ICAO_ID":" ","TYPE_CODE":"HP","SERVCITY":"MIAMI BEACH","STATE":"FL","COUNTRY":"UNITED STATES","OPERSTATUS":"OPERATIONAL","PRIVATEUSE":1,"IAPEXISTS":0,"DODHIFLIP":0,"FAR91":0,"FAR93":0,"MIL_CODE":"CIVIL","AIRANAL":"CONDITIONAL","US_HIGH":0,"US_LOW":0,"AK_HIGH":0,"AK_LOW":0,"US_AREA":0,"PACIFIC":0}},{"type":"Feature","id":921,"geometry":{"type":"Point","coordinates":[-81.80689488684618,28.150955237799792]},"properties":{"FID":921,"OBJECTID":19395,"GLOBAL_ID":"73A6CA49-6F5E-47DF-AC07-D5EA4743D674","IDENT":"69FL","NAME":"Lsl Auburndale","LATITUDE":"28-09-03.4200N","LONGITUDE":"081-48-24.8100W","ELEVATION":179,"ICAO_ID":" ","TYPE_CODE":"HP","SERVCITY":"AUBURNDALE","STATE":"FL","COUNTRY":"UNITED STATES","OPERSTATUS":"OPERATIONAL","PRIVATEUSE":1,"IAPEXISTS":0,"DODHIFLIP":0,"FAR91":0,"FAR93":0,"MIL_CODE":"CIVIL","AIRANAL":"CONDITIONAL","US_HIGH":0,"US_LOW":0,"AK_HIGH":0,"AK_LOW":0,"US_AREA":0,"PACIFIC":0}},{"type":"Feature","id":922,"geometry":{"type":"Point","coordinates":[-80.728941798606911,28.26019973586034]},"properties":{"FID":922,"OBJECTID":19396,"GLOBAL_ID":"A3FB4B14-375A-431D-8C6E-E2FA9B5BEDEA","IDENT":"73FL","NAME":"Orlando Health Emergency Room Viera","LATITUDE":"28-15-36.7000N","LONGITUDE":"080-43-44.1800W","ELEVATION":32.5,"ICAO_ID":" ","TYPE_CODE":"HP","SERVCITY":"VIERA","STATE":"FL","COUNTRY":"UNITED STATES","OPERSTATUS":"OPERATIONAL","PRIVATEUSE":1,"IAPEXISTS":0,"DODHIFLIP":0,"FAR91":0,"FAR93":0,"MIL_CODE":"CIVIL","AIRANAL":"NO OBJECTION","US_HIGH":0,"US_LOW":0,"AK_HIGH":0,"AK_LOW":0,"US_AREA":0,"PACIFIC":0}},{"type":"Feature","id":923,"geometry":{"type":"Point","coordinates":[-82.471917315903852,28.586155325035179]},"properties":{"FID":923,"OBJECTID":19412,"GLOBAL_ID":"C97115BB-6754-46D5-B03D-5FCB75208B88","IDENT":"2FL8","NAME":"James","LATITUDE":"28-35-10.1400N","LONGITUDE":"082-28-18.8900W","ELEVATION":86.5,"ICAO_ID":" ","TYPE_CODE":"HP","SERVCITY":"BROOKSVILLE","STATE":"FL","COUNTRY":"UNITED STATES","OPERSTATUS":"OPERATIONAL","PRIVATEUSE":1,"IAPEXISTS":0,"DODHIFLIP":0,"FAR91":0,"FAR93":0,"MIL_CODE":"CIVIL","AIRANAL":"NO OBJECTION","US_HIGH":0,"US_LOW":0,"AK_HIGH":0,"AK_LOW":0,"US_AREA":0,"PACIFIC":0}},{"type":"Feature","id":924,"geometry":{"type":"Point","coordinates":[-81.388197513721707,27.238060581422644]},"properties":{"FID":924,"OBJECTID":19425,"GLOBAL_ID":"50AB90ED-EA66-487D-A9C2-71441319D593","IDENT":"8FA8","NAME":"Flying H","LATITUDE":"27-14-17.0000N","LONGITUDE":"081-23-17.5000W","ELEVATION":118,"ICAO_ID":" ","TYPE_CODE":"AD","SERVCITY":"LAKE PLACID","STATE":"FL","COUNTRY":"UNITED STATES","OPERSTATUS":"OPERATIONAL","PRIVATEUSE":1,"IAPEXISTS":0,"DODHIFLIP":0,"FAR91":0,"FAR93":0,"MIL_CODE":"CIVIL","AIRANAL":"CONDITIONAL","US_HIGH":0,"US_LOW":1,"AK_HIGH":0,"AK_LOW":0,"US_AREA":0,"PACIFIC":0}},{"type":"Feature","id":925,"geometry":{"type":"Point","coordinates":[-81.814358430926461,28.598872928535798]},"properties":{"FID":925,"OBJECTID":19461,"GLOBAL_ID":"10A38F1F-DF77-48B1-A38A-F4777AAFE234","IDENT":"0FL5","NAME":"H2oztec","LATITUDE":"28-35-55.9233N","LONGITUDE":"081-48-51.6787W","ELEVATION":93,"ICAO_ID":" ","TYPE_CODE":"SP","SERVCITY":"GROVELAND","STATE":"FL","COUNTRY":"UNITED STATES","OPERSTATUS":"OPERATIONAL","PRIVATEUSE":1,"IAPEXISTS":0,"DODHIFLIP":0,"FAR91":0,"FAR93":0,"MIL_CODE":"CIVIL","AIRANAL":"NO OBJECTION","US_HIGH":0,"US_LOW":0,"AK_HIGH":0,"AK_LOW":0,"US_AREA":0,"PACIFIC":0}},{"type":"Feature","id":926,"geometry":{"type":"Point","coordinates":[-82.316765112810003,28.839860889732677]},"properties":{"FID":926,"OBJECTID":19483,"GLOBAL_ID":"12F99729-102B-45CB-904A-C8AA361CBE8A","IDENT":"18FL","NAME":"Lake Henderson Tsala Apopka Chain of Lakes","LATITUDE":"28-50-23.4798N","LONGITUDE":"082-19-00.3422W","ELEVATION":38,"ICAO_ID":" ","TYPE_CODE":"SP","SERVCITY":"INVERNESS","STATE":"FL","COUNTRY":"UNITED STATES","OPERSTATUS":"OPERATIONAL","PRIVATEUSE":1,"IAPEXISTS":0,"DODHIFLIP":0,"FAR91":0,"FAR93":0,"MIL_CODE":"CIVIL","AIRANAL":"NO OBJECTION","US_HIGH":0,"US_LOW":0,"AK_HIGH":0,"AK_LOW":0,"US_AREA":0,"PACIFIC":0}},{"type":"Feature","id":927,"geometry":{"type":"Point","coordinates":[-82.379675156694759,29.553783362996171]},"properties":{"FID":927,"OBJECTID":19495,"GLOBAL_ID":"4187EC55-4221-4E82-B2A6-2604554E5465","IDENT":"58FL","NAME":"Blackwater Landing","LATITUDE":"29-33-13.6001N","LONGITUDE":"082-22-46.8182W","ELEVATION":77.900000000000006,"ICAO_ID":" ","TYPE_CODE":"AD","SERVCITY":"GAINESVILLE","STATE":"FL","COUNTRY":"UNITED STATES","OPERSTATUS":"OPERATIONAL","PRIVATEUSE":1,"IAPEXISTS":0,"DODHIFLIP":0,"FAR91":0,"FAR93":0,"MIL_CODE":"CIVIL","AIRANAL":"NO OBJECTION","US_HIGH":0,"US_LOW":0,"AK_HIGH":0,"AK_LOW":0,"US_AREA":0,"PACIFIC":0}},{"type":"Feature","id":928,"geometry":{"type":"Point","coordinates":[-82.326475554865851,26.950929932451004]},"properties":{"FID":928,"OBJECTID":19507,"GLOBAL_ID":"C9DD098E-7BB1-4019-8444-29E1C5B4AD78","IDENT":"0FL4","NAME":"Englewood Community Hospital","LATITUDE":"26-57-03.3300N","LONGITUDE":"082-19-35.3000W","ELEVATION":12,"ICAO_ID":" ","TYPE_CODE":"HP","SERVCITY":"ENGLEWOOD","STATE":"FL","COUNTRY":"UNITED STATES","OPERSTATUS":"OPERATIONAL","PRIVATEUSE":1,"IAPEXISTS":0,"DODHIFLIP":0,"FAR91":0,"FAR93":0,"MIL_CODE":"CIVIL","AIRANAL":"CONDITIONAL","US_HIGH":0,"US_LOW":0,"AK_HIGH":0,"AK_LOW":0,"US_AREA":0,"PACIFIC":0}},{"type":"Feature","id":929,"geometry":{"type":"Point","coordinates":[-81.720775499138085,30.440836339621001]},"properties":{"FID":929,"OBJECTID":19549,"GLOBAL_ID":"03878A0D-428A-4633-A737-F2B698F27EDE","IDENT":"84FL","NAME":"Baptist North Medical Center","LATITUDE":"30-26-26.9900N","LONGITUDE":"081-43-14.7800W","ELEVATION":23,"ICAO_ID":" ","TYPE_CODE":"HP","SERVCITY":"JACKSONVILLE","STATE":"FL","COUNTRY":"UNITED STATES","OPERSTATUS":"OPERATIONAL","PRIVATEUSE":1,"IAPEXISTS":0,"DODHIFLIP":0,"FAR91":0,"FAR93":0,"MIL_CODE":"CIVIL","AIRANAL":"NO OBJECTION","US_HIGH":0,"US_LOW":0,"AK_HIGH":0,"AK_LOW":0,"US_AREA":0,"PACIFIC":0}}]}