{
"type": "FeatureCollection",
"name": "Clean_Marinas",
"crs": { "type": "name", "properties": { "name": "urn:ogc:def:crs:OGC:1.3:CRS84" } },
"features": [
{ "type": "Feature", "properties": { "OBJECTID": 1, "CMP_ID": "CMP02-081", "FACILITY_TYPE": "Boatyard", "FACILITY_NAME": "Hinckley Yacht Services", "ADDRESS": "4550 SE Boatyard Dr", "CITY": "Stuart", "ZIP": "34997", "COUNTY": "Martin", "WEBSITE": "http://www.hinckleyyachts.com", "WET_SLIPS": 84, "DRY_STORAGE": 120, "PUMPOUT_TYPE": null, "LAT_DD": 27.1495608, "LONG_DD": -80.19296836, "WATERBODY": "Manatee Pocket", "MOORING_LINES": 0, "PUMPOUT": "N", "CREATED_USER": null, "CREATED_DATE": null, "LAST_EDITED_USER": null, "LAST_EDITED_DATE": null, "LAND_OWNERSHIP_TYPE": null, "PUBLIC_OWNERSHIP_TYPE": null, "PHONE": "772-287-0923" }, "geometry": { "type": "Point", "coordinates": [ -80.192971080456047, 27.149565833169888 ] } },
{ "type": "Feature", "properties": { "OBJECTID": 2, "CMP_ID": "CMP06-268", "FACILITY_TYPE": "Marina", "FACILITY_NAME": "Hyatt Regency Pier Sixty Six", "ADDRESS": "2301 SE 17th St", "CITY": "Ft Lauderdale", "ZIP": "33316", "COUNTY": "Broward", "WEBSITE": "http://www.pier66.hyatt.com/en/hotel/home.html?src=agn_mls_hr_lclb_gplaces_ftlhp", "WET_SLIPS": 127, "DRY_STORAGE": 0, "PUMPOUT_TYPE": "boat", "LAT_DD": 26.10147154, "LONG_DD": -80.11459846, "WATERBODY": "Stranahan River", "MOORING_LINES": 0, "PUMPOUT": "Y", "CREATED_USER": null, "CREATED_DATE": null, "LAST_EDITED_USER": null, "LAST_EDITED_DATE": null, "LAND_OWNERSHIP_TYPE": null, "PUBLIC_OWNERSHIP_TYPE": null, "PHONE": "954-525-6666" }, "geometry": { "type": "Point", "coordinates": [ -80.114601127592678, 26.101476312817706 ] } },
{ "type": "Feature", "properties": { "OBJECTID": 3, "CMP_ID": "CMP06-276", "FACILITY_TYPE": "Marina", "FACILITY_NAME": "Cooley's Landing Marina", "ADDRESS": "450 SW 7th Ave", "CITY": "Ft Lauderdale", "ZIP": "33312", "COUNTY": "Broward", "WEBSITE": "http://www.fortlauderdale.gov/departments/parks-recreation/marine-facilities/cooley-s-landing", "WET_SLIPS": 32, "DRY_STORAGE": 0, "PUMPOUT_TYPE": "portable", "LAT_DD": 26.11725973, "LONG_DD": -80.14943285, "WATERBODY": "New River", "MOORING_LINES": 0, "PUMPOUT": "Y", "CREATED_USER": null, "CREATED_DATE": null, "LAST_EDITED_USER": null, "LAST_EDITED_DATE": null, "LAND_OWNERSHIP_TYPE": null, "PUBLIC_OWNERSHIP_TYPE": null, "PHONE": "9548284626" }, "geometry": { "type": "Point", "coordinates": [ -80.149435528723615, 26.117264501755745 ] } },
{ "type": "Feature", "properties": { "OBJECTID": 4, "CMP_ID": "CMP03-178", "FACILITY_TYPE": "Marina", "FACILITY_NAME": "Loblolly Bay Marina", "ADDRESS": "7407 SE Hill Terrace", "CITY": "Hobe Sound", "ZIP": "33455", "COUNTY": "Martin", "WEBSITE": "http://www.loblollyinfo.com/Default.aspx?p=DynamicModule&pageid=363556&ssid=273532&vnf=1", "WET_SLIPS": 79, "DRY_STORAGE": 0, "PUMPOUT_TYPE": "boat", "LAT_DD": 27.10990004, "LONG_DD": -80.14596284, "WATERBODY": "Indian River Lagoon", "MOORING_LINES": 0, "PUMPOUT": "Y", "CREATED_USER": null, "CREATED_DATE": null, "LAST_EDITED_USER": null, "LAST_EDITED_DATE": null, "LAND_OWNERSHIP_TYPE": null, "PUBLIC_OWNERSHIP_TYPE": null, "PHONE": "772-546-3136" }, "geometry": { "type": "Point", "coordinates": [ -80.145965547348609, 27.109905060173713 ] } },
{ "type": "Feature", "properties": { "OBJECTID": 5, "CMP_ID": "CMP06-258", "FACILITY_TYPE": "Marina", "FACILITY_NAME": "Sunset Harbour Yacht Club", "ADDRESS": "1928 Sunset Harbour Dr", "CITY": "Miami Beach", "ZIP": "33139", "COUNTY": "Dade", "WEBSITE": "http://www.sunsetharbouryc.com", "WET_SLIPS": 125, "DRY_STORAGE": 0, "PUMPOUT_TYPE": "stationary & portable", "LAT_DD": 25.79486109, "LONG_DD": -80.14481124, "WATERBODY": "Biscayne Bay", "MOORING_LINES": 0, "PUMPOUT": "Y", "CREATED_USER": null, "CREATED_DATE": null, "LAST_EDITED_USER": null, "LAST_EDITED_DATE": null, "LAND_OWNERSHIP_TYPE": null, "PUBLIC_OWNERSHIP_TYPE": null, "PHONE": "305-398-6800" }, "geometry": { "type": "Point", "coordinates": [ -80.144813902387412, 25.794865779015055 ] } },
{ "type": "Feature", "properties": { "OBJECTID": 6, "CMP_ID": "CMP08-354", "FACILITY_TYPE": "Marina", "FACILITY_NAME": "New River Downtown Docks", "ADDRESS": "2 S New River Dr E", "CITY": "Ft Lauderdale", "ZIP": "33301", "COUNTY": "Broward", "WEBSITE": "http://www.fortlauderdale.gov/departments/parks-recreation/marine-facilities/new-river-downtown-docking", "WET_SLIPS": 100, "DRY_STORAGE": 0, "PUMPOUT_TYPE": "vacuum", "LAT_DD": 26.11738251, "LONG_DD": -80.14293914, "WATERBODY": "New River", "MOORING_LINES": 0, "PUMPOUT": "Y", "CREATED_USER": null, "CREATED_DATE": null, "LAST_EDITED_USER": null, "LAST_EDITED_DATE": null, "LAND_OWNERSHIP_TYPE": null, "PUBLIC_OWNERSHIP_TYPE": null, "PHONE": "954-828-5423" }, "geometry": { "type": "Point", "coordinates": [ -80.142941814760562, 26.117387284293073 ] } },
{ "type": "Feature", "properties": { "OBJECTID": 7, "CMP_ID": "CMP09-411", "FACILITY_TYPE": "Marina", "FACILITY_NAME": "Aquamarina Hi-Lift", "ADDRESS": "2890 NE 187th St", "CITY": "Aventura", "ZIP": "33180", "COUNTY": "Dade", "WEBSITE": "http://www.ilovemymarina.com/marina/Aventura_FL/zip_33180/aquamarina/1553", "WET_SLIPS": 9, "DRY_STORAGE": 260, "PUMPOUT_TYPE": "NONE", "LAT_DD": 25.94808499, "LONG_DD": -80.1430227, "WATERBODY": "Dumfoundling Bay", "MOORING_LINES": 0, "PUMPOUT": "N", "CREATED_USER": null, "CREATED_DATE": null, "LAST_EDITED_USER": null, "LAST_EDITED_DATE": null, "LAND_OWNERSHIP_TYPE": null, "PUBLIC_OWNERSHIP_TYPE": null, "PHONE": "305-931-2250" }, "geometry": { "type": "Point", "coordinates": [ -80.143025372702681, 25.948089726497088 ] } },
{ "type": "Feature", "properties": { "OBJECTID": 8, "CMP_ID": "CMP12-478", "FACILITY_TYPE": "Retailer", "FACILITY_NAME": "Harbour Marine Services", "ADDRESS": "1490 Kastner Place", "CITY": "Sanford", "ZIP": "32771", "COUNTY": "Seminole", "WEBSITE": "http://www.harbourmarineservicesfl.net/", "WET_SLIPS": 0, "DRY_STORAGE": 0, "PUMPOUT_TYPE": "NONE", "LAT_DD": 28.83145928, "LONG_DD": -81.32829152, "WATERBODY": "N/A", "MOORING_LINES": 0, "PUMPOUT": "N", "CREATED_USER": null, "CREATED_DATE": null, "LAST_EDITED_USER": null, "LAST_EDITED_DATE": null, "LAND_OWNERSHIP_TYPE": null, "PUBLIC_OWNERSHIP_TYPE": null, "PHONE": "407-324-0911" }, "geometry": { "type": "Point", "coordinates": [ -81.328294628130536, 28.831464698513113 ] } },
{ "type": "Feature", "properties": { "OBJECTID": 9, "CMP_ID": "CMP01-061", "FACILITY_TYPE": "Marina", "FACILITY_NAME": "Harbour Towne Marina", "ADDRESS": "801 NE 3rd St", "CITY": "Dania Beach", "ZIP": "33004", "COUNTY": "Broward", "WEBSITE": "http://www.harbourtownemarina.com/", "WET_SLIPS": 154, "DRY_STORAGE": 610, "PUMPOUT_TYPE": "stationary", "LAT_DD": 26.05799654, "LONG_DD": -80.1301596, "WATERBODY": "Dania Cut-Off Canal", "MOORING_LINES": 0, "PUMPOUT": "Y", "CREATED_USER": null, "CREATED_DATE": null, "LAST_EDITED_USER": null, "LAST_EDITED_DATE": null, "LAND_OWNERSHIP_TYPE": null, "PUBLIC_OWNERSHIP_TYPE": null, "PHONE": "954-926-0300" }, "geometry": { "type": "Point", "coordinates": [ -80.130162265695702, 26.058001297709435 ] } },
{ "type": "Feature", "properties": { "OBJECTID": 10, "CMP_ID": "CMP09-409", "FACILITY_TYPE": "Marina", "FACILITY_NAME": "Bill Bird Marina at Haulover Park", "ADDRESS": "10800 Collins Ave", "CITY": "Miami Beach", "ZIP": "33154", "COUNTY": "Dade", "WEBSITE": "http://www.miamidade.gov/parks", "WET_SLIPS": 174, "DRY_STORAGE": 0, "PUMPOUT_TYPE": "stationary", "LAT_DD": 25.90660985, "LONG_DD": -80.12446851, "WATERBODY": "Biscayne Bay", "MOORING_LINES": 0, "PUMPOUT": "Y", "CREATED_USER": null, "CREATED_DATE": null, "LAST_EDITED_USER": null, "LAST_EDITED_DATE": null, "LAND_OWNERSHIP_TYPE": null, "PUBLIC_OWNERSHIP_TYPE": null, "PHONE": "305-947-3525" }, "geometry": { "type": "Point", "coordinates": [ -80.124471172830695, 25.906614570034311 ] } },
{ "type": "Feature", "properties": { "OBJECTID": 11, "CMP_ID": "CMP02-127", "FACILITY_TYPE": "Marina", "FACILITY_NAME": "Lauderdale Marina", "ADDRESS": "1900 SE 15th St", "CITY": "Ft Lauderdale", "ZIP": "33316", "COUNTY": "Broward", "WEBSITE": "http://www.lauderdalemarina.com", "WET_SLIPS": 71, "DRY_STORAGE": 20, "PUMPOUT_TYPE": "stationary", "LAT_DD": 26.10315898, "LONG_DD": -80.12092675, "WATERBODY": "South Fork New River", "MOORING_LINES": 0, "PUMPOUT": "Y", "CREATED_USER": null, "CREATED_DATE": null, "LAST_EDITED_USER": null, "LAST_EDITED_DATE": null, "LAND_OWNERSHIP_TYPE": null, "PUBLIC_OWNERSHIP_TYPE": null, "PHONE": "954-523-8507" }, "geometry": { "type": "Point", "coordinates": [ -80.12092941657346, 26.103163748402 ] } },
{ "type": "Feature", "properties": { "OBJECTID": 12, "CMP_ID": "CMP02-074", "FACILITY_TYPE": "Marina", "FACILITY_NAME": "Hilton Fort Lauderdale Marina", "ADDRESS": "1881 SE 17th St", "CITY": "Ft Lauderdale", "ZIP": "33316", "COUNTY": "Broward", "WEBSITE": "http://www3.hilton.com/en/hotels/florida/hilton-fort-lauderdale-marina-FLLGRHH/index.html", "WET_SLIPS": 33, "DRY_STORAGE": 0, "PUMPOUT_TYPE": "boat", "LAT_DD": 26.10145868, "LONG_DD": -80.12029775000001, "WATERBODY": "Intercoastal Waterway", "MOORING_LINES": 0, "PUMPOUT": "Y", "CREATED_USER": null, "CREATED_DATE": null, "LAST_EDITED_USER": null, "LAST_EDITED_DATE": null, "LAND_OWNERSHIP_TYPE": null, "PUBLIC_OWNERSHIP_TYPE": null, "PHONE": "954-463-4000" }, "geometry": { "type": "Point", "coordinates": [ -80.120300419531702, 26.101463447988042 ] } },
{ "type": "Feature", "properties": { "OBJECTID": 13, "CMP_ID": "CMP02-096", "FACILITY_TYPE": "Marina", "FACILITY_NAME": "Hollywood Marina", "ADDRESS": "700 Polk St", "CITY": "Hollywood", "ZIP": "33019", "COUNTY": "Broward", "WEBSITE": "http://www.hollywoodfl.org/index.aspx?NID=647", "WET_SLIPS": 57, "DRY_STORAGE": 0, "PUMPOUT_TYPE": "stationary", "LAT_DD": 26.01469215, "LONG_DD": -80.11876504, "WATERBODY": "Northlake", "MOORING_LINES": 0, "PUMPOUT": "Y", "CREATED_USER": null, "CREATED_DATE": null, "LAST_EDITED_USER": null, "LAST_EDITED_DATE": null, "LAND_OWNERSHIP_TYPE": null, "PUBLIC_OWNERSHIP_TYPE": null, "PHONE": "954-921-3035" }, "geometry": { "type": "Point", "coordinates": [ -80.118767700669608, 26.014696896429303 ] } },
{ "type": "Feature", "properties": { "OBJECTID": 14, "CMP_ID": "CMP08-341", "FACILITY_TYPE": "Marina", "FACILITY_NAME": "Sun Harbor Marina", "ADDRESS": "5505 Sun Harbor Rd", "CITY": "Panama City", "ZIP": "32401", "COUNTY": "Bay", "WEBSITE": "http://www.sunharbormarina.net/", "WET_SLIPS": 123, "DRY_STORAGE": 0, "PUMPOUT_TYPE": "stationary", "LAT_DD": 30.18395611, "LONG_DD": -85.73246429, "WATERBODY": "St Andrews Bay", "MOORING_LINES": 0, "PUMPOUT": "Y", "CREATED_USER": null, "CREATED_DATE": null, "LAST_EDITED_USER": null, "LAST_EDITED_DATE": null, "LAND_OWNERSHIP_TYPE": null, "PUBLIC_OWNERSHIP_TYPE": null, "PHONE": "619-222-1167" }, "geometry": { "type": "Point", "coordinates": [ -85.732468705407854, 30.183961709135396 ] } },
{ "type": "Feature", "properties": { "OBJECTID": 15, "CMP_ID": "CMP09-388", "FACILITY_TYPE": "Marina", "FACILITY_NAME": "Bluepoints Marina", "ADDRESS": "726 Scallop Dr", "CITY": "Port Canaveral", "ZIP": "32920", "COUNTY": "Brevard", "WEBSITE": "http://www.bluepointsmarina.com", "WET_SLIPS": 26, "DRY_STORAGE": 584, "PUMPOUT_TYPE": "stationary", "LAT_DD": 28.40777235, "LONG_DD": -80.62249531000001, "WATERBODY": "Port Canaveral", "MOORING_LINES": 0, "PUMPOUT": "Y", "CREATED_USER": null, "CREATED_DATE": null, "LAST_EDITED_USER": null, "LAST_EDITED_DATE": null, "LAND_OWNERSHIP_TYPE": null, "PUBLIC_OWNERSHIP_TYPE": null, "PHONE": "321-799-2860" }, "geometry": { "type": "Point", "coordinates": [ -80.622498194820096, 28.407777680141329 ] } },
{ "type": "Feature", "properties": { "OBJECTID": 16, "CMP_ID": "CMP03-157", "FACILITY_TYPE": "Marina", "FACILITY_NAME": "Harbour Village Golf & Yacht Club", "ADDRESS": "4621-D Harbour Village Blvd", "CITY": "Ponce Inlet", "ZIP": "32127", "COUNTY": "Volusia", "WEBSITE": "http://www.harbour-village-resort.com/", "WET_SLIPS": 148, "DRY_STORAGE": 0, "PUMPOUT_TYPE": "stationary vacuum", "LAT_DD": 29.10203885, "LONG_DD": -80.94469528, "WATERBODY": "Halifax River", "MOORING_LINES": 0, "PUMPOUT": "Y", "CREATED_USER": null, "CREATED_DATE": null, "LAST_EDITED_USER": null, "LAST_EDITED_DATE": null, "LAND_OWNERSHIP_TYPE": null, "PUBLIC_OWNERSHIP_TYPE": null, "PHONE": "386-760-3434" }, "geometry": { "type": "Point", "coordinates": [ -80.944698281299793, 29.102044335509632 ] } },
{ "type": "Feature", "properties": { "OBJECTID": 17, "CMP_ID": "CMP08-358", "FACILITY_TYPE": "Marina", "FACILITY_NAME": "Lakefront Park Marina", "ADDRESS": "1104 Lakeshore Blvd", "CITY": "St Cloud", "ZIP": "34769", "COUNTY": "Osceola", "WEBSITE": "http://www.stcloud.org", "WET_SLIPS": 143, "DRY_STORAGE": 0, "PUMPOUT_TYPE": "stationary & vacuum", "LAT_DD": 28.25890496, "LONG_DD": -81.28187241000001, "WATERBODY": "East Lake Tohopekaliga", "MOORING_LINES": 0, "PUMPOUT": "Y", "CREATED_USER": null, "CREATED_DATE": null, "LAST_EDITED_USER": null, "LAST_EDITED_DATE": null, "LAND_OWNERSHIP_TYPE": null, "PUBLIC_OWNERSHIP_TYPE": null, "PHONE": "407-957-7298" }, "geometry": { "type": "Point", "coordinates": [ -81.281875476368327, 28.258910233213836 ] } },
{ "type": "Feature", "properties": { "OBJECTID": 18, "CMP_ID": "CMP08-351", "FACILITY_TYPE": "Marina", "FACILITY_NAME": "The Riverview Hotel & Spa", "ADDRESS": "103 Flagler Ave", "CITY": "New Smyma Beach", "ZIP": "32169", "COUNTY": "Volusia", "WEBSITE": "http://www.riverviewhotel.com", "WET_SLIPS": 8, "DRY_STORAGE": 0, "PUMPOUT_TYPE": "portable", "LAT_DD": 29.0383998, "LONG_DD": -80.90452159, "WATERBODY": "Indian River North", "MOORING_LINES": 0, "PUMPOUT": "Y", "CREATED_USER": null, "CREATED_DATE": null, "LAST_EDITED_USER": null, "LAST_EDITED_DATE": null, "LAND_OWNERSHIP_TYPE": null, "PUBLIC_OWNERSHIP_TYPE": null, "PHONE": "386-428-5858" }, "geometry": { "type": "Point", "coordinates": [ -80.904524575417881, 29.038405276883999 ] } },
{ "type": "Feature", "properties": { "OBJECTID": 19, "CMP_ID": "CMP05-215", "FACILITY_TYPE": "Marina", "FACILITY_NAME": "Island Time Marina", "ADDRESS": "400 W Cocoa Beach Causeway", "CITY": "Cocoa Beach", "ZIP": "32931", "COUNTY": "Brevard", "WEBSITE": "http://www.islandtimemarina.com/", "WET_SLIPS": 35, "DRY_STORAGE": 80, "PUMPOUT_TYPE": "stationary", "LAT_DD": 28.35720191, "LONG_DD": -80.61288704, "WATERBODY": "Banana River", "MOORING_LINES": 0, "PUMPOUT": "Y", "CREATED_USER": null, "CREATED_DATE": null, "LAST_EDITED_USER": null, "LAST_EDITED_DATE": null, "LAND_OWNERSHIP_TYPE": null, "PUBLIC_OWNERSHIP_TYPE": null, "PHONE": "321-613-4852" }, "geometry": { "type": "Point", "coordinates": [ -80.612889919447042, 28.357207224121566 ] } },
{ "type": "Feature", "properties": { "OBJECTID": 20, "CMP_ID": "CMP02-115", "FACILITY_TYPE": "Marina", "FACILITY_NAME": "Manatee Cove Marina & Boatyard", "ADDRESS": "876 Marina Rd", "CITY": "Patrick AFB", "ZIP": "32925", "COUNTY": "Brevard", "WEBSITE": "http://www.gopatrickfl.com/marina.html", "WET_SLIPS": 230, "DRY_STORAGE": 200, "PUMPOUT_TYPE": "stationary", "LAT_DD": 28.21424522, "LONG_DD": -80.6118191, "WATERBODY": "Banana River", "MOORING_LINES": 0, "PUMPOUT": "Y", "CREATED_USER": null, "CREATED_DATE": null, "LAST_EDITED_USER": null, "LAST_EDITED_DATE": null, "LAND_OWNERSHIP_TYPE": null, "PUBLIC_OWNERSHIP_TYPE": null, "PHONE": "321-494-7856" }, "geometry": { "type": "Point", "coordinates": [ -80.611821977220259, 28.214250502499258 ] } },
{ "type": "Feature", "properties": { "OBJECTID": 21, "CMP_ID": "CMP01-050", "FACILITY_TYPE": "Marina", "FACILITY_NAME": "Melbourne Harbor Marina", "ADDRESS": "2210 S Front Street", "CITY": "Melbourne", "ZIP": "32901", "COUNTY": "Brevard", "WEBSITE": "http://www.melbourneharbor.com", "WET_SLIPS": 85, "DRY_STORAGE": 0, "PUMPOUT_TYPE": "stationary & vacuum", "LAT_DD": 28.0782242, "LONG_DD": -80.60059005, "WATERBODY": "Crane Creek", "MOORING_LINES": 0, "PUMPOUT": "Y", "CREATED_USER": null, "CREATED_DATE": null, "LAST_EDITED_USER": null, "LAST_EDITED_DATE": null, "LAND_OWNERSHIP_TYPE": null, "PUBLIC_OWNERSHIP_TYPE": null, "PHONE": "321-725-9054" }, "geometry": { "type": "Point", "coordinates": [ -80.600592913940659, 28.07822945266896 ] } },
{ "type": "Feature", "properties": { "OBJECTID": 22, "CMP_ID": "CMP07-310", "FACILITY_TYPE": "Marina", "FACILITY_NAME": "Treasure Harbor Marine", "ADDRESS": "200 Treasure Harbor Dr", "CITY": "Islamorada", "ZIP": "33036", "COUNTY": "Monroe", "WEBSITE": "http://www.treasureharbor.com", "WET_SLIPS": 18, "DRY_STORAGE": 0, "PUMPOUT_TYPE": "vacuum", "LAT_DD": 24.95707692, "LONG_DD": -80.57220941, "WATERBODY": "Treasure Harbor", "MOORING_LINES": 0, "PUMPOUT": "Y", "CREATED_USER": null, "CREATED_DATE": null, "LAST_EDITED_USER": null, "LAST_EDITED_DATE": null, "LAND_OWNERSHIP_TYPE": null, "PUBLIC_OWNERSHIP_TYPE": null, "PHONE": "305-852-2458" }, "geometry": { "type": "Point", "coordinates": [ -80.572212181395614, 24.95708139007635 ] } },
{ "type": "Feature", "properties": { "OBJECTID": 23, "CMP_ID": "CMP14-521", "FACILITY_TYPE": "Boatyard", "FACILITY_NAME": "Diversified Yacht Services, Inc", "ADDRESS": "751 Fisherman's Wharf", "CITY": "Fort Myers", "ZIP": "33931", "COUNTY": "Lee", "WEBSITE": "http://dysinc.com ", "WET_SLIPS": 41, "DRY_STORAGE": 184, "PUMPOUT_TYPE": null, "LAT_DD": 26.45997149, "LONG_DD": -81.95344736, "WATERBODY": "Gulf of Mexico", "MOORING_LINES": 0, "PUMPOUT": "Y", "CREATED_USER": null, "CREATED_DATE": null, "LAST_EDITED_USER": null, "LAST_EDITED_DATE": null, "LAND_OWNERSHIP_TYPE": null, "PUBLIC_OWNERSHIP_TYPE": null, "PHONE": "239-765-8700" }, "geometry": { "type": "Point", "coordinates": [ -81.953450575044613, 26.459976312128408 ] } },
{ "type": "Feature", "properties": { "OBJECTID": 24, "CMP_ID": "CMP03-176", "FACILITY_TYPE": "Marina", "FACILITY_NAME": "Plantation Yacht Harbor Marina", "ADDRESS": "87000 Overseas Highway", "CITY": "Islamorada", "ZIP": "33036", "COUNTY": "Monroe", "WEBSITE": "http://www.pyh.com", "WET_SLIPS": 88, "DRY_STORAGE": 0, "PUMPOUT_TYPE": "stationary", "LAT_DD": 24.96486884, "LONG_DD": -80.56874469, "WATERBODY": "Florida Bay", "MOORING_LINES": 0, "PUMPOUT": "Y", "CREATED_USER": null, "CREATED_DATE": null, "LAST_EDITED_USER": null, "LAST_EDITED_DATE": null, "LAND_OWNERSHIP_TYPE": null, "PUBLIC_OWNERSHIP_TYPE": null, "PHONE": "305-852-2381" }, "geometry": { "type": "Point", "coordinates": [ -80.568747456890364, 24.964873316705638 ] } },
{ "type": "Feature", "properties": { "OBJECTID": 25, "CMP_ID": "CMP04-196", "FACILITY_TYPE": "Marina", "FACILITY_NAME": "Lookout Lodge Resort", "ADDRESS": "87770 Overseas Hwy", "CITY": "Islamorada", "ZIP": "33036", "COUNTY": "Monroe", "WEBSITE": "http://www.lookoutlodge.com", "WET_SLIPS": 9, "DRY_STORAGE": 0, "PUMPOUT_TYPE": "portable", "LAT_DD": 24.97095279, "LONG_DD": -80.55815466, "WATERBODY": "Florida Bay", "MOORING_LINES": 0, "PUMPOUT": "Y", "CREATED_USER": null, "CREATED_DATE": null, "LAST_EDITED_USER": null, "LAST_EDITED_DATE": null, "LAND_OWNERSHIP_TYPE": null, "PUBLIC_OWNERSHIP_TYPE": null, "PHONE": "305-852-9915" }, "geometry": { "type": "Point", "coordinates": [ -80.558157424009536, 24.970957260181528 ] } },
{ "type": "Feature", "properties": { "OBJECTID": 26, "CMP_ID": "CMP02-126", "FACILITY_TYPE": "Marina", "FACILITY_NAME": "The Marina at Factory Bay", "ADDRESS": "1081 Bald Eagle Dr", "CITY": "Marco Island", "ZIP": "34145", "COUNTY": "Collier", "WEBSITE": "http://www.themarinaatfactorybay.com", "WET_SLIPS": 72, "DRY_STORAGE": 0, "PUMPOUT_TYPE": "stationary", "LAT_DD": 25.96829416, "LONG_DD": -81.72698808, "WATERBODY": "Factory Bay", "MOORING_LINES": 0, "PUMPOUT": "Y", "CREATED_USER": null, "CREATED_DATE": null, "LAST_EDITED_USER": null, "LAST_EDITED_DATE": null, "LAND_OWNERSHIP_TYPE": null, "PUBLIC_OWNERSHIP_TYPE": null, "PHONE": "239-389-2929" }, "geometry": { "type": "Point", "coordinates": [ -81.726991210376468, 25.968298864893381 ] } },
{ "type": "Feature", "properties": { "OBJECTID": 27, "CMP_ID": "CMP03-148", "FACILITY_TYPE": "Marina", "FACILITY_NAME": "Tavernier Creek Marina", "ADDRESS": "90800 Overseas Highway", "CITY": "Tavernier", "ZIP": "33070", "COUNTY": "Monroe", "WEBSITE": "http://www.mytaverniercreekmarina.com/", "WET_SLIPS": 30, "DRY_STORAGE": 350, "PUMPOUT_TYPE": "NONE", "LAT_DD": 25.00311927, "LONG_DD": -80.5310412, "WATERBODY": "Tavernier Creek", "MOORING_LINES": 0, "PUMPOUT": "N", "CREATED_USER": null, "CREATED_DATE": null, "LAST_EDITED_USER": null, "LAST_EDITED_DATE": null, "LAND_OWNERSHIP_TYPE": null, "PUBLIC_OWNERSHIP_TYPE": null, "PHONE": "305-852-5854" }, "geometry": { "type": "Point", "coordinates": [ -80.531043964089847, 25.003123751656258 ] } },
{ "type": "Feature", "properties": { "OBJECTID": 28, "CMP_ID": "CMP07-313", "FACILITY_TYPE": "Marina", "FACILITY_NAME": "John Pennekamp Coral Reef State Park", "ADDRESS": "102601 Overseas Highway", "CITY": "Key Largo", "ZIP": "33037", "COUNTY": "Monroe", "WEBSITE": "http://www.pennekamppark.com", "WET_SLIPS": 26, "DRY_STORAGE": 0, "PUMPOUT_TYPE": "vacuum", "LAT_DD": 25.12409443, "LONG_DD": -80.40724511000001, "WATERBODY": "Largo Sound", "MOORING_LINES": 12, "PUMPOUT": "Y", "CREATED_USER": null, "CREATED_DATE": null, "LAST_EDITED_USER": null, "LAST_EDITED_DATE": null, "LAND_OWNERSHIP_TYPE": null, "PUBLIC_OWNERSHIP_TYPE": null, "PHONE": "305-451-6300" }, "geometry": { "type": "Point", "coordinates": [ -80.407247837256364, 25.124098947843613 ] } },
{ "type": "Feature", "properties": { "OBJECTID": 29, "CMP_ID": "CMP08-347", "FACILITY_TYPE": "Marina", "FACILITY_NAME": "Oyster Pointe Resort", "ADDRESS": "1570 US Highway 1", "CITY": "Sebastian", "ZIP": "32958", "COUNTY": "Indian River", "WEBSITE": "http://oysterresorts.com/", "WET_SLIPS": 25, "DRY_STORAGE": 0, "PUMPOUT_TYPE": "NONE", "LAT_DD": 27.82209405, "LONG_DD": -80.47244132, "WATERBODY": "Indian River", "MOORING_LINES": 0, "PUMPOUT": "N", "CREATED_USER": null, "CREATED_DATE": null, "LAST_EDITED_USER": null, "LAST_EDITED_DATE": null, "LAND_OWNERSHIP_TYPE": null, "PUBLIC_OWNERSHIP_TYPE": null, "PHONE": "772-589-6513" }, "geometry": { "type": "Point", "coordinates": [ -80.472444144206221, 27.822099240973984 ] } },
{ "type": "Feature", "properties": { "OBJECTID": 30, "CMP_ID": "CMP05-228", "FACILITY_TYPE": "Marina", "FACILITY_NAME": "Sebastian Inlet Marina", "ADDRESS": "8685 US Highway 1", "CITY": "Micco", "ZIP": "32976", "COUNTY": "Brevard", "WEBSITE": "http://www.sebastianinletmarina.com", "WET_SLIPS": 25, "DRY_STORAGE": 230, "PUMPOUT_TYPE": "stationary", "LAT_DD": 27.86968918, "LONG_DD": -80.49521638, "WATERBODY": "Indian River", "MOORING_LINES": 0, "PUMPOUT": "Y", "CREATED_USER": null, "CREATED_DATE": null, "LAST_EDITED_USER": null, "LAST_EDITED_DATE": null, "LAND_OWNERSHIP_TYPE": null, "PUBLIC_OWNERSHIP_TYPE": null, "PHONE": "772-664-8500" }, "geometry": { "type": "Point", "coordinates": [ -80.495219209140899, 27.869694377563675 ] } },
{ "type": "Feature", "properties": { "OBJECTID": 31, "CMP_ID": "CMP03-171", "FACILITY_TYPE": "Marina", "FACILITY_NAME": "Capt'n Butcher's Seafood Grill & Bar", "ADDRESS": "1730 Indian River Dr", "CITY": "Sebastian", "ZIP": "32958", "COUNTY": "Indian River", "WEBSITE": "http://www.captnbutcher.com", "WET_SLIPS": 29, "DRY_STORAGE": 0, "PUMPOUT_TYPE": "vacuum", "LAT_DD": 27.82911793, "LONG_DD": -80.47429044, "WATERBODY": "Indian River Lagoon", "MOORING_LINES": 0, "PUMPOUT": "Y", "CREATED_USER": null, "CREATED_DATE": null, "LAST_EDITED_USER": null, "LAST_EDITED_DATE": null, "LAND_OWNERSHIP_TYPE": null, "PUBLIC_OWNERSHIP_TYPE": null, "PHONE": "772-589-2552" }, "geometry": { "type": "Point", "coordinates": [ -80.474293261138641, 27.829123122374426 ] } },
{ "type": "Feature", "properties": { "OBJECTID": 32, "CMP_ID": "CMP12-493", "FACILITY_TYPE": "Marina", "FACILITY_NAME": "Tiki Bar & Grill", "ADDRESS": "1109 Indian River Dr", "CITY": "Sebastian", "ZIP": "32958", "COUNTY": "Indian River", "WEBSITE": "http://www.sebastiantiki.com", "WET_SLIPS": 30, "DRY_STORAGE": 0, "PUMPOUT_TYPE": "NONE", "LAT_DD": 27.81588844, "LONG_DD": -80.46724793, "WATERBODY": "Indian River", "MOORING_LINES": 0, "PUMPOUT": "N", "CREATED_USER": null, "CREATED_DATE": null, "LAST_EDITED_USER": null, "LAST_EDITED_DATE": null, "LAND_OWNERSHIP_TYPE": null, "PUBLIC_OWNERSHIP_TYPE": null, "PHONE": "772-388-1080" }, "geometry": { "type": "Point", "coordinates": [ -80.46725074746179, 27.815893631889811 ] } },
{ "type": "Feature", "properties": { "OBJECTID": 33, "CMP_ID": "CMP11-464", "FACILITY_TYPE": "Marina", "FACILITY_NAME": "Mulligan's Beach House Bar & Grill", "ADDRESS": "806 Indian River Dr", "CITY": "Sebastian", "ZIP": "32958", "COUNTY": "Indian River", "WEBSITE": "http://mulligansbeachhouse.com/", "WET_SLIPS": 47, "DRY_STORAGE": 0, "PUMPOUT_TYPE": "NONE", "LAT_DD": 27.81075664, "LONG_DD": -80.46425461, "WATERBODY": "Indian River Lagoon", "MOORING_LINES": 0, "PUMPOUT": "N", "CREATED_USER": null, "CREATED_DATE": null, "LAST_EDITED_USER": null, "LAST_EDITED_DATE": null, "LAND_OWNERSHIP_TYPE": null, "PUBLIC_OWNERSHIP_TYPE": null, "PHONE": "772-918-4844" }, "geometry": { "type": "Point", "coordinates": [ -80.464257423050313, 27.810761825320917 ] } },
{ "type": "Feature", "properties": { "OBJECTID": 34, "CMP_ID": "CMP06-289", "FACILITY_TYPE": "Marina", "FACILITY_NAME": "Sebastian Inlet Marina", "ADDRESS": "9502 A1A S", "CITY": "Melbourne Beach", "ZIP": "32951", "COUNTY": "Brevard", "WEBSITE": "http://sebastianinlet.com", "WET_SLIPS": 18, "DRY_STORAGE": 4, "PUMPOUT_TYPE": "NONE", "LAT_DD": 27.87460665, "LONG_DD": -80.459244, "WATERBODY": "Indian River Lagoon", "MOORING_LINES": 0, "PUMPOUT": "N", "CREATED_USER": null, "CREATED_DATE": null, "LAST_EDITED_USER": null, "LAST_EDITED_DATE": null, "LAND_OWNERSHIP_TYPE": null, "PUBLIC_OWNERSHIP_TYPE": null, "PHONE": "772-664-8500" }, "geometry": { "type": "Point", "coordinates": [ -80.459246818269435, 27.874611849721667 ] } },
{ "type": "Feature", "properties": { "OBJECTID": 35, "CMP_ID": "CMP02-065", "FACILITY_TYPE": "Marina", "FACILITY_NAME": "Key Largo Kampground & Marina", "ADDRESS": "101551 Overseas Highway", "CITY": "Key Largo", "ZIP": "33037", "COUNTY": "Monroe", "WEBSITE": "http://www.keylargokampground.com", "WET_SLIPS": 14, "DRY_STORAGE": 0, "PUMPOUT_TYPE": "NONE", "LAT_DD": 25.11431334, "LONG_DD": -80.41669091, "WATERBODY": "Canal", "MOORING_LINES": 0, "PUMPOUT": "N", "CREATED_USER": null, "CREATED_DATE": null, "LAST_EDITED_USER": null, "LAST_EDITED_DATE": null, "LAND_OWNERSHIP_TYPE": null, "PUBLIC_OWNERSHIP_TYPE": null, "PHONE": "305-451-1431" }, "geometry": { "type": "Point", "coordinates": [ -80.416693639770386, 25.114317853718973 ] } },
{ "type": "Feature", "properties": { "OBJECTID": 36, "CMP_ID": "CMP08-336", "FACILITY_TYPE": "Marina", "FACILITY_NAME": "Marsh Island Club", "ADDRESS": "9155 Marsh Island Dr", "CITY": "Vero Beach", "ZIP": "32963", "COUNTY": "Indian River", "WEBSITE": "http://www.marshislandvero.com", "WET_SLIPS": 32, "DRY_STORAGE": 0, "PUMPOUT_TYPE": "NONE", "LAT_DD": 27.76067311, "LONG_DD": -80.41930425, "WATERBODY": "Indian River Lagoon", "MOORING_LINES": 0, "PUMPOUT": "N", "CREATED_USER": null, "CREATED_DATE": null, "LAST_EDITED_USER": null, "LAST_EDITED_DATE": null, "LAND_OWNERSHIP_TYPE": null, "PUBLIC_OWNERSHIP_TYPE": null, "PHONE": "772-589-4112" }, "geometry": { "type": "Point", "coordinates": [ -80.41930705143254, 27.760678286798083 ] } },
{ "type": "Feature", "properties": { "OBJECTID": 37, "CMP_ID": "CMP03-142", "FACILITY_TYPE": "Marina", "FACILITY_NAME": "Loggerhead Marina - Vero Beach", "ADDRESS": "1221 Marina Village Cir", "CITY": "Vero Beach", "ZIP": "32967", "COUNTY": "Indian River", "WEBSITE": "http://www.loggerheadverobeach.com/", "WET_SLIPS": 130, "DRY_STORAGE": 0, "PUMPOUT_TYPE": "stationary & vacuum", "LAT_DD": 27.6922318, "LONG_DD": -80.39541654, "WATERBODY": "Indian River", "MOORING_LINES": 0, "PUMPOUT": "Y", "CREATED_USER": null, "CREATED_DATE": null, "LAST_EDITED_USER": null, "LAST_EDITED_DATE": null, "LAND_OWNERSHIP_TYPE": null, "PUBLIC_OWNERSHIP_TYPE": null, "PHONE": "772-770-4470" }, "geometry": { "type": "Point", "coordinates": [ -80.395419330060946, 27.692236963439161 ] } },
{ "type": "Feature", "properties": { "OBJECTID": 38, "CMP_ID": "CMP06-256", "FACILITY_TYPE": "Marina", "FACILITY_NAME": "Matheson Hammock Marina", "ADDRESS": "9610 Old Cutler Rd", "CITY": "Coral Gables", "ZIP": "33156", "COUNTY": "Broward", "WEBSITE": "http://www.miamidade.gov/parks/matheson-hammock.asp", "WET_SLIPS": 246, "DRY_STORAGE": 71, "PUMPOUT_TYPE": "stationary", "LAT_DD": 25.67951978, "LONG_DD": -80.25774321, "WATERBODY": "Biscayne Bay", "MOORING_LINES": 0, "PUMPOUT": "Y", "CREATED_USER": null, "CREATED_DATE": null, "LAST_EDITED_USER": null, "LAST_EDITED_DATE": null, "LAND_OWNERSHIP_TYPE": null, "PUBLIC_OWNERSHIP_TYPE": null, "PHONE": "305-665-5475" }, "geometry": { "type": "Point", "coordinates": [ -80.25774590339843, 25.679524442968987 ] } },
{ "type": "Feature", "properties": { "OBJECTID": 39, "CMP_ID": "CMP06-266", "FACILITY_TYPE": "Marina", "FACILITY_NAME": "Vero Tackle & Marina", "ADDRESS": "3321 Bridge Plaza Dr", "CITY": "Vero Beach", "ZIP": "32963", "COUNTY": "Indian River", "WEBSITE": "http://www.verotackle.com", "WET_SLIPS": 30, "DRY_STORAGE": 0, "PUMPOUT_TYPE": "NONE", "LAT_DD": 27.65279357, "LONG_DD": -80.37048107, "WATERBODY": "Indian River", "MOORING_LINES": 0, "PUMPOUT": "N", "CREATED_USER": null, "CREATED_DATE": null, "LAST_EDITED_USER": null, "LAST_EDITED_DATE": null, "LAND_OWNERSHIP_TYPE": null, "PUBLIC_OWNERSHIP_TYPE": null, "PHONE": "772-234-9585" }, "geometry": { "type": "Point", "coordinates": [ -80.370483853929102, 27.652798727050882 ] } },
{ "type": "Feature", "properties": { "OBJECTID": 40, "CMP_ID": "CMP02-105", "FACILITY_TYPE": "Marina", "FACILITY_NAME": "Vero Beach Municipal Marina", "ADDRESS": "3611 Rio Vista Blvd", "CITY": "Vero Beach", "ZIP": "32963", "COUNTY": "Indian River", "WEBSITE": "http://www.covb.org", "WET_SLIPS": 88, "DRY_STORAGE": 0, "PUMPOUT_TYPE": "boat   stationary", "LAT_DD": 27.6581772, "LONG_DD": -80.36954633000001, "WATERBODY": "Indian River Lagoon", "MOORING_LINES": 57, "PUMPOUT": "Y", "CREATED_USER": null, "CREATED_DATE": null, "LAST_EDITED_USER": null, "LAST_EDITED_DATE": null, "LAND_OWNERSHIP_TYPE": null, "PUBLIC_OWNERSHIP_TYPE": null, "PHONE": "772-978-4960" }, "geometry": { "type": "Point", "coordinates": [ -80.369549119289545, 27.658182356066625 ] } },
{ "type": "Feature", "properties": { "OBJECTID": 41, "CMP_ID": "CMP02-067", "FACILITY_TYPE": "Boatyard", "FACILITY_NAME": "Lamb's Yacht Center", "ADDRESS": "3376 Lakeshore Blvd.", "CITY": "Jacksonville", "ZIP": "32210", "COUNTY": "Duval", "WEBSITE": "http://www.lambsyachtcenter.com", "WET_SLIPS": 242, "DRY_STORAGE": 0, "PUMPOUT_TYPE": null, "LAT_DD": 30.27191382, "LONG_DD": -81.72021417000001, "WATERBODY": "Ortega River", "MOORING_LINES": 0, "PUMPOUT": "Y", "CREATED_USER": null, "CREATED_DATE": null, "LAST_EDITED_USER": null, "LAST_EDITED_DATE": null, "LAND_OWNERSHIP_TYPE": null, "PUBLIC_OWNERSHIP_TYPE": null, "PHONE": "904-384-5577" }, "geometry": { "type": "Point", "coordinates": [ -81.720217440847875, 30.271919564907794 ] } },
{ "type": "Feature", "properties": { "OBJECTID": 42, "CMP_ID": "CMP05-230", "FACILITY_TYPE": "Boatyard", "FACILITY_NAME": "Huckins Yacht Corporation", "ADDRESS": "3482 Lakeshore Blvd.", "CITY": "Jacksonville", "ZIP": "32210", "COUNTY": "Duval", "WEBSITE": "http://www.huckinsyacht.com ", "WET_SLIPS": 50, "DRY_STORAGE": 0, "PUMPOUT_TYPE": null, "LAT_DD": 30.27439312, "LONG_DD": -81.71876714, "WATERBODY": "Ortega River", "MOORING_LINES": 0, "PUMPOUT": "N", "CREATED_USER": null, "CREATED_DATE": null, "LAST_EDITED_USER": null, "LAST_EDITED_DATE": null, "LAND_OWNERSHIP_TYPE": null, "PUBLIC_OWNERSHIP_TYPE": null, "PHONE": "904-389-1125" }, "geometry": { "type": "Point", "coordinates": [ -81.718770414402499, 30.274398864102171 ] } },
{ "type": "Feature", "properties": { "OBJECTID": 43, "CMP_ID": "CMP11-457", "FACILITY_TYPE": "Marina", "FACILITY_NAME": "Vero Beach Yacht Club", "ADDRESS": "3601 Rio Vista Blvd", "CITY": "Vero Beach", "ZIP": "32963", "COUNTY": "Indian River", "WEBSITE": "http://www.verobeachyachtclub.com", "WET_SLIPS": 24, "DRY_STORAGE": 0, "PUMPOUT_TYPE": "NONE", "LAT_DD": 27.6571453, "LONG_DD": -80.36930256, "WATERBODY": "Indian River", "MOORING_LINES": 0, "PUMPOUT": "N", "CREATED_USER": null, "CREATED_DATE": null, "LAST_EDITED_USER": null, "LAST_EDITED_DATE": null, "LAND_OWNERSHIP_TYPE": null, "PUBLIC_OWNERSHIP_TYPE": null, "PHONE": "772-231-2211" }, "geometry": { "type": "Point", "coordinates": [ -80.369305350152629, 27.65715045173382 ] } },
{ "type": "Feature", "properties": { "OBJECTID": 44, "CMP_ID": "CMP06-264", "FACILITY_TYPE": "Boatyard", "FACILITY_NAME": "Sadler Point Marina", "ADDRESS": "4669 Roosevelt Blvd.", "CITY": "Jacksonville", "ZIP": "32210", "COUNTY": "Duval", "WEBSITE": "http://www.sadlerpoint.com", "WET_SLIPS": 65, "DRY_STORAGE": 40, "PUMPOUT_TYPE": null, "LAT_DD": 30.27510652, "LONG_DD": -81.71760444, "WATERBODY": "Ortega River", "MOORING_LINES": 0, "PUMPOUT": "Y", "CREATED_USER": null, "CREATED_DATE": null, "LAST_EDITED_USER": null, "LAST_EDITED_DATE": null, "LAND_OWNERSHIP_TYPE": null, "PUBLIC_OWNERSHIP_TYPE": null, "PHONE": "904-384-1383" }, "geometry": { "type": "Point", "coordinates": [ -81.717607711249173, 30.275112265299814 ] } },
{ "type": "Feature", "properties": { "OBJECTID": 45, "CMP_ID": "CMP03-179", "FACILITY_TYPE": "Marina", "FACILITY_NAME": "Vero Beach City Marina - South Complex", "ADDRESS": "3599 Indian River Dr E", "CITY": "Vero Beach", "ZIP": "32963", "COUNTY": "Indian River", "WEBSITE": "http://www.covb.org", "WET_SLIPS": 20, "DRY_STORAGE": 64, "PUMPOUT_TYPE": "stationary", "LAT_DD": 27.65817815, "LONG_DD": -80.3695491, "WATERBODY": "Indian River Lagoon", "MOORING_LINES": 0, "PUMPOUT": "Y", "CREATED_USER": null, "CREATED_DATE": null, "LAST_EDITED_USER": null, "LAST_EDITED_DATE": null, "LAND_OWNERSHIP_TYPE": null, "PUBLIC_OWNERSHIP_TYPE": null, "PHONE": "772-978-4960" }, "geometry": { "type": "Point", "coordinates": [ -80.369551884043091, 27.658183303916431 ] } },
{ "type": "Feature", "properties": { "OBJECTID": 46, "CMP_ID": "CMP03-139", "FACILITY_TYPE": "Marina", "FACILITY_NAME": "Quail Valley River Club", "ADDRESS": "2345 Hwy A1A", "CITY": "Vero Beach", "ZIP": "32963", "COUNTY": "Indian River", "WEBSITE": "http://www.quailvalleygolfclub.com/", "WET_SLIPS": 40, "DRY_STORAGE": 0, "PUMPOUT_TYPE": "stationary", "LAT_DD": 27.64467001, "LONG_DD": -80.36148504000001, "WATERBODY": "Indian River Lagoon", "MOORING_LINES": 0, "PUMPOUT": "Y", "CREATED_USER": null, "CREATED_DATE": null, "LAST_EDITED_USER": null, "LAST_EDITED_DATE": null, "LAND_OWNERSHIP_TYPE": null, "PUBLIC_OWNERSHIP_TYPE": null, "PHONE": "772-492-2020" }, "geometry": { "type": "Point", "coordinates": [ -80.361487819759006, 27.644675156313767 ] } },
{ "type": "Feature", "properties": { "OBJECTID": 47, "CMP_ID": "CMP07-316", "FACILITY_TYPE": "Marina", "FACILITY_NAME": "Turtle Cove Marina", "ADDRESS": "827 Roosevelt Blvd", "CITY": "Tarpon Springs", "ZIP": "34689", "COUNTY": "Pinellas", "WEBSITE": "http://www.turtlecovemarina.com", "WET_SLIPS": 75, "DRY_STORAGE": 430, "PUMPOUT_TYPE": "stationary", "LAT_DD": 28.15316821, "LONG_DD": -82.76203958000001, "WATERBODY": "Anclote River", "MOORING_LINES": 0, "PUMPOUT": "Y", "CREATED_USER": null, "CREATED_DATE": null, "LAST_EDITED_USER": null, "LAST_EDITED_DATE": null, "LAND_OWNERSHIP_TYPE": null, "PUBLIC_OWNERSHIP_TYPE": null, "PHONE": "727-934-2202" }, "geometry": { "type": "Point", "coordinates": [ -82.7620430802166, 28.153173419308075 ] } },
{ "type": "Feature", "properties": { "OBJECTID": 48, "CMP_ID": "CMP06-275", "FACILITY_TYPE": "Boatyard", "FACILITY_NAME": "Doctors Lake Marina", "ADDRESS": "3108 US Hwy 17 S", "CITY": "Fleming Island", "ZIP": "32003", "COUNTY": "Clay", "WEBSITE": "http://www.doctorslakemarina.com", "WET_SLIPS": 98, "DRY_STORAGE": 150, "PUMPOUT_TYPE": null, "LAT_DD": 30.14454506, "LONG_DD": -81.70148876, "WATERBODY": "St Johns River", "MOORING_LINES": 0, "PUMPOUT": "Y", "CREATED_USER": null, "CREATED_DATE": null, "LAST_EDITED_USER": null, "LAST_EDITED_DATE": null, "LAND_OWNERSHIP_TYPE": null, "PUBLIC_OWNERSHIP_TYPE": null, "PHONE": "904-264-0505" }, "geometry": { "type": "Point", "coordinates": [ -81.701492017726707, 30.144550779515452 ] } },
{ "type": "Feature", "properties": { "OBJECTID": 49, "CMP_ID": "CMP12-470", "FACILITY_TYPE": "Marina", "FACILITY_NAME": "Little Harbor Marina", "ADDRESS": "606 Seagrape Dr", "CITY": "Ruskin", "ZIP": "33570", "COUNTY": "Hillsborough", "WEBSITE": "http://www.thelittleharbormarina.com", "WET_SLIPS": 200, "DRY_STORAGE": 250, "PUMPOUT_TYPE": "stationary  vacuum", "LAT_DD": 27.72527417, "LONG_DD": -82.46980863, "WATERBODY": "Tampa Bay", "MOORING_LINES": 0, "PUMPOUT": "Y", "CREATED_USER": null, "CREATED_DATE": null, "LAST_EDITED_USER": null, "LAST_EDITED_DATE": null, "LAND_OWNERSHIP_TYPE": null, "PUBLIC_OWNERSHIP_TYPE": null, "PHONE": "813-645-2288" }, "geometry": { "type": "Point", "coordinates": [ -82.469812028425451, 27.725279288196251 ] } },
{ "type": "Feature", "properties": { "OBJECTID": 50, "CMP_ID": "CMP00-030", "FACILITY_TYPE": "Marina", "FACILITY_NAME": "Lakeshore Dry Storage", "ADDRESS": "3326 Lakeshore Blvd", "CITY": "Jacksonville", "ZIP": "32210", "COUNTY": "Duval", "WEBSITE": "http://www.lakeshoredrystorage.com", "WET_SLIPS": 0, "DRY_STORAGE": 200, "PUMPOUT_TYPE": "boat", "LAT_DD": 30.27201388, "LONG_DD": -81.72174157000001, "WATERBODY": "Ortega River", "MOORING_LINES": 0, "PUMPOUT": "Y", "CREATED_USER": null, "CREATED_DATE": null, "LAST_EDITED_USER": null, "LAST_EDITED_DATE": null, "LAND_OWNERSHIP_TYPE": null, "PUBLIC_OWNERSHIP_TYPE": null, "PHONE": "904-384-6447" }, "geometry": { "type": "Point", "coordinates": [ -81.72174484373943, 30.272019623767381 ] } },
{ "type": "Feature", "properties": { "OBJECTID": 51, "CMP_ID": "CMP10-421", "FACILITY_TYPE": "Marina", "FACILITY_NAME": "Metropolitan Park Marina", "ADDRESS": "1410 Gator Bowl Blvd", "CITY": "Jacksonville", "ZIP": "32202", "COUNTY": "Duval", "WEBSITE": "http://www.coj.net", "WET_SLIPS": 75, "DRY_STORAGE": 0, "PUMPOUT_TYPE": "stationary  vacuum", "LAT_DD": 30.3209892, "LONG_DD": -81.6395793, "WATERBODY": "St. Johns River", "MOORING_LINES": 0, "PUMPOUT": "Y", "CREATED_USER": null, "CREATED_DATE": null, "LAST_EDITED_USER": null, "LAST_EDITED_DATE": null, "LAND_OWNERSHIP_TYPE": null, "PUBLIC_OWNERSHIP_TYPE": null, "PHONE": "904-255-7192" }, "geometry": { "type": "Point", "coordinates": [ -81.639582543814271, 30.3209949584956 ] } },
{ "type": "Feature", "properties": { "OBJECTID": 52, "CMP_ID": "CMP02-112", "FACILITY_TYPE": "Marina", "FACILITY_NAME": "Fort Pierce City Marina", "ADDRESS": "1 Avenue A", "CITY": "Ft Pierce", "ZIP": "34950", "COUNTY": "St. Lucie", "WEBSITE": "http://www.fortpiercecitymarina.com", "WET_SLIPS": 137, "DRY_STORAGE": 0, "PUMPOUT_TYPE": "vacume", "LAT_DD": 27.44958785, "LONG_DD": -80.32175481, "WATERBODY": "Indian River", "MOORING_LINES": 0, "PUMPOUT": "Y", "CREATED_USER": null, "CREATED_DATE": null, "LAST_EDITED_USER": null, "LAST_EDITED_DATE": null, "LAND_OWNERSHIP_TYPE": null, "PUBLIC_OWNERSHIP_TYPE": null, "PHONE": "772-646-1245" }, "geometry": { "type": "Point", "coordinates": [ -80.321757579671157, 27.44959295525544 ] } },
{ "type": "Feature", "properties": { "OBJECTID": 53, "CMP_ID": "CMP06-250", "FACILITY_TYPE": "Marina", "FACILITY_NAME": "Harbour Isle Marina", "ADDRESS": "801 Seaway Dr", "CITY": "Ft Pierce", "ZIP": "34949", "COUNTY": "St. Lucie", "WEBSITE": "http://www.harbourisleflorida.com", "WET_SLIPS": 63, "DRY_STORAGE": 0, "PUMPOUT_TYPE": "portable  vacuum", "LAT_DD": 27.46179467, "LONG_DD": -80.30915354, "WATERBODY": "Intercoastal Waterway", "MOORING_LINES": 0, "PUMPOUT": "Y", "CREATED_USER": null, "CREATED_DATE": null, "LAST_EDITED_USER": null, "LAST_EDITED_DATE": null, "LAND_OWNERSHIP_TYPE": null, "PUBLIC_OWNERSHIP_TYPE": null, "PHONE": "772-461-9049" }, "geometry": { "type": "Point", "coordinates": [ -80.309156302981037, 27.461799771859209 ] } },
{ "type": "Feature", "properties": { "OBJECTID": 54, "CMP_ID": "CMP06-249", "FACILITY_TYPE": "Marina", "FACILITY_NAME": "River Forest Yachting Center", "ADDRESS": "9150 SW Pennsylvania Ave", "CITY": "Stuart", "ZIP": "34997", "COUNTY": "Martin", "WEBSITE": "http://www.riverforestyc.com/", "WET_SLIPS": 30, "DRY_STORAGE": 115, "PUMPOUT_TYPE": "stationary", "LAT_DD": 27.09388059, "LONG_DD": -80.2943082, "WATERBODY": "Okeechobee Waterway", "MOORING_LINES": 0, "PUMPOUT": "Y", "CREATED_USER": null, "CREATED_DATE": null, "LAST_EDITED_USER": null, "LAST_EDITED_DATE": null, "LAND_OWNERSHIP_TYPE": null, "PUBLIC_OWNERSHIP_TYPE": null, "PHONE": "772-287-4131" }, "geometry": { "type": "Point", "coordinates": [ -80.294310945904158, 27.093885604600768 ] } },
{ "type": "Feature", "properties": { "OBJECTID": 55, "CMP_ID": "CMP07-309", "FACILITY_TYPE": "Marina", "FACILITY_NAME": "Black Point Marina", "ADDRESS": "24775 SW 87th Ave", "CITY": "Miami", "ZIP": "33032", "COUNTY": "Dade", "WEBSITE": "http://www.miamidade.gov/parks/black-point-marina.asp", "WET_SLIPS": 196, "DRY_STORAGE": 31, "PUMPOUT_TYPE": "stationary", "LAT_DD": 25.53935141, "LONG_DD": -80.32798071000001, "WATERBODY": "Biscayne Bay", "MOORING_LINES": 0, "PUMPOUT": "Y", "CREATED_USER": null, "CREATED_DATE": null, "LAST_EDITED_USER": null, "LAST_EDITED_DATE": null, "LAND_OWNERSHIP_TYPE": null, "PUBLIC_OWNERSHIP_TYPE": null, "PHONE": null }, "geometry": { "type": "Point", "coordinates": [ -80.327983426476308, 25.539356032758185 ] } },
{ "type": "Feature", "properties": { "OBJECTID": 56, "CMP_ID": "CMP07-319", "FACILITY_TYPE": "Marina", "FACILITY_NAME": "Loggerhead Marina - Stuart", "ADDRESS": "955 NW Flagler Ave", "CITY": "Stuart", "ZIP": "34994", "COUNTY": "Martin", "WEBSITE": "http://www.loggerheadstuart.com/", "WET_SLIPS": 300, "DRY_STORAGE": 0, "PUMPOUT_TYPE": "stationary", "LAT_DD": 27.21459075, "LONG_DD": -80.25789948000001, "WATERBODY": "St. Lucie River", "MOORING_LINES": 0, "PUMPOUT": "Y", "CREATED_USER": null, "CREATED_DATE": null, "LAST_EDITED_USER": null, "LAST_EDITED_DATE": null, "LAND_OWNERSHIP_TYPE": null, "PUBLIC_OWNERSHIP_TYPE": null, "PHONE": "772-692-4000" }, "geometry": { "type": "Point", "coordinates": [ -80.257902224234314, 27.214595794761188 ] } },
{ "type": "Feature", "properties": { "OBJECTID": 57, "CMP_ID": "CMP05-225", "FACILITY_TYPE": "Marina", "FACILITY_NAME": "St. Petersburg Yacht Club", "ADDRESS": "50 Bayshore Dr NE", "CITY": "St Petersburg", "ZIP": "33701", "COUNTY": "Pinellas", "WEBSITE": "http://www.spyc.org/", "WET_SLIPS": 67, "DRY_STORAGE": 0, "PUMPOUT_TYPE": "NONE", "LAT_DD": 27.77168355, "LONG_DD": -82.63254723, "WATERBODY": "Tampa Bay", "MOORING_LINES": 0, "PUMPOUT": "N", "CREATED_USER": null, "CREATED_DATE": null, "LAST_EDITED_USER": null, "LAST_EDITED_DATE": null, "LAND_OWNERSHIP_TYPE": null, "PUBLIC_OWNERSHIP_TYPE": null, "PHONE": "727-822-3873" }, "geometry": { "type": "Point", "coordinates": [ -82.632550676153727, 27.771688676831335 ] } },
{ "type": "Feature", "properties": { "OBJECTID": 58, "CMP_ID": "CMP06-292", "FACILITY_TYPE": "Marina", "FACILITY_NAME": "The Vinoy Renaissance St. Petersburg Resort & Golf Club", "ADDRESS": "501 5th Ave NE", "CITY": "St Petersburg", "ZIP": "33701", "COUNTY": "Pinellas", "WEBSITE": "http://www.marriott.com/hotel-info/tpasr-the-vinoy-renaissance-st-petersburg-resort-and-golf-club/marina/gtvwgaz/home-page.mi", "WET_SLIPS": 74, "DRY_STORAGE": 0, "PUMPOUT_TYPE": "portable", "LAT_DD": 27.77814597, "LONG_DD": -82.63011368, "WATERBODY": "Vinoy Basin", "MOORING_LINES": 0, "PUMPOUT": "Y", "CREATED_USER": null, "CREATED_DATE": null, "LAST_EDITED_USER": null, "LAST_EDITED_DATE": null, "LAND_OWNERSHIP_TYPE": null, "PUBLIC_OWNERSHIP_TYPE": null, "PHONE": "727-894-1000" }, "geometry": { "type": "Point", "coordinates": [ -82.630117128385592, 27.778151092809466 ] } },
{ "type": "Feature", "properties": { "OBJECTID": 59, "CMP_ID": "CMP01-057", "FACILITY_TYPE": "Marina", "FACILITY_NAME": "Longboat Key Club Moorings", "ADDRESS": "2630 Harbourside Dr", "CITY": "Longboat Key", "ZIP": "34228", "COUNTY": "Sarasota", "WEBSITE": "http://www.longboatkeymarina.com/", "WET_SLIPS": 291, "DRY_STORAGE": 0, "PUMPOUT_TYPE": "stationary boat", "LAT_DD": 27.36787539, "LONG_DD": -82.61876241, "WATERBODY": "Sarasota Bay", "MOORING_LINES": 0, "PUMPOUT": "Y", "CREATED_USER": null, "CREATED_DATE": null, "LAST_EDITED_USER": null, "LAST_EDITED_DATE": null, "LAND_OWNERSHIP_TYPE": null, "PUBLIC_OWNERSHIP_TYPE": null, "PHONE": "941-383-8383" }, "geometry": { "type": "Point", "coordinates": [ -82.618765842715263, 27.367880414642755 ] } },
{ "type": "Feature", "properties": { "OBJECTID": 60, "CMP_ID": "CMP10-426", "FACILITY_TYPE": "Marina", "FACILITY_NAME": "Bradenton Yacht Club", "ADDRESS": "4307 Snead Island Rd", "CITY": "Palmetto", "ZIP": "34221", "COUNTY": "Manatee", "WEBSITE": "http://www.bradentonyachtclub.com/", "WET_SLIPS": 52, "DRY_STORAGE": 36, "PUMPOUT_TYPE": "stationary  portable", "LAT_DD": 27.5248566, "LONG_DD": -82.61108552, "WATERBODY": "Manatee River", "MOORING_LINES": 0, "PUMPOUT": "Y", "CREATED_USER": null, "CREATED_DATE": null, "LAST_EDITED_USER": null, "LAST_EDITED_DATE": null, "LAND_OWNERSHIP_TYPE": null, "PUBLIC_OWNERSHIP_TYPE": null, "PHONE": "941-722-5936" }, "geometry": { "type": "Point", "coordinates": [ -82.611088955918405, 27.524861668272099 ] } },
{ "type": "Feature", "properties": { "OBJECTID": 61, "CMP_ID": "CMP10-429", "FACILITY_TYPE": "Marina", "FACILITY_NAME": "Snell Isle Marina", "ADDRESS": "1305 Snell Isle Blvd", "CITY": "St Petersburg", "ZIP": "33704", "COUNTY": "Pinellas", "WEBSITE": "http://www.spyc.org", "WET_SLIPS": 36, "DRY_STORAGE": 4, "PUMPOUT_TYPE": "permanent", "LAT_DD": 27.79972433, "LONG_DD": -82.61013195, "WATERBODY": "Snell Island Harbor", "MOORING_LINES": 0, "PUMPOUT": "Y", "CREATED_USER": null, "CREATED_DATE": null, "LAST_EDITED_USER": null, "LAST_EDITED_DATE": null, "LAND_OWNERSHIP_TYPE": null, "PUBLIC_OWNERSHIP_TYPE": null, "PHONE": "727-895-8142" }, "geometry": { "type": "Point", "coordinates": [ -82.610135389088967, 27.799729458248841 ] } },
{ "type": "Feature", "properties": { "OBJECTID": 62, "CMP_ID": "CMP10-440", "FACILITY_TYPE": "Retailer", "FACILITY_NAME": "Regal and Nautiques of Orlando", "ADDRESS": "2226 Paseo Avenue", "CITY": "Orlando", "ZIP": "32805", "COUNTY": "Orange", "WEBSITE": "http://www.orlandonautiques.com", "WET_SLIPS": 0, "DRY_STORAGE": 0, "PUMPOUT_TYPE": "NONE", "LAT_DD": 28.516458, "LONG_DD": -81.386857, "WATERBODY": "N/A", "MOORING_LINES": 0, "PUMPOUT": "N", "CREATED_USER": null, "CREATED_DATE": null, "LAST_EDITED_USER": null, "LAST_EDITED_DATE": null, "LAND_OWNERSHIP_TYPE": null, "PUBLIC_OWNERSHIP_TYPE": null, "PHONE": "407-425-2628" }, "geometry": { "type": "Point", "coordinates": [ -81.386860109996732, 28.516463337312814 ] } },
{ "type": "Feature", "properties": { "OBJECTID": 63, "CMP_ID": "CMP00-014", "FACILITY_TYPE": "Marina", "FACILITY_NAME": "Regatta Pointe Marina", "ADDRESS": "1005 Riverside Dr", "CITY": "Palmetto", "ZIP": "34221", "COUNTY": "Manatee", "WEBSITE": "http://www.regattapointemarina.com", "WET_SLIPS": 350, "DRY_STORAGE": 0, "PUMPOUT_TYPE": "stationary  vacuum", "LAT_DD": 27.51184827, "LONG_DD": -82.57565698000001, "WATERBODY": "Manatee River", "MOORING_LINES": 0, "PUMPOUT": "Y", "CREATED_USER": null, "CREATED_DATE": null, "LAST_EDITED_USER": null, "LAST_EDITED_DATE": null, "LAND_OWNERSHIP_TYPE": null, "PUBLIC_OWNERSHIP_TYPE": null, "PHONE": "941-729-6021" }, "geometry": { "type": "Point", "coordinates": [ -82.57566040216291, 27.511853337814546 ] } },
{ "type": "Feature", "properties": { "OBJECTID": 64, "CMP_ID": "CMP06-251", "FACILITY_TYPE": "Marina", "FACILITY_NAME": "Twin Dolphin Marina", "ADDRESS": "1000 1st Ave W", "CITY": "Bradenton", "ZIP": "34205", "COUNTY": "Manatee", "WEBSITE": "http://www.twindolphinmarina.come", "WET_SLIPS": 225, "DRY_STORAGE": 0, "PUMPOUT_TYPE": "vacuum", "LAT_DD": 27.49930118, "LONG_DD": -82.57199246, "WATERBODY": "Manatee River", "MOORING_LINES": 0, "PUMPOUT": "Y", "CREATED_USER": null, "CREATED_DATE": null, "LAST_EDITED_USER": null, "LAST_EDITED_DATE": null, "LAND_OWNERSHIP_TYPE": null, "PUBLIC_OWNERSHIP_TYPE": null, "PHONE": "941-747-8300" }, "geometry": { "type": "Point", "coordinates": [ -82.571995878164643, 27.499306243161016 ] } },
{ "type": "Feature", "properties": { "OBJECTID": 65, "CMP_ID": "CMP11-465", "FACILITY_TYPE": "Marina", "FACILITY_NAME": "Sarasota Yacht Club", "ADDRESS": "1100 John Ringling Blvd", "CITY": "Sarasota", "ZIP": "34236", "COUNTY": "Sarasota", "WEBSITE": "http://www.sarasotayachtclub.org", "WET_SLIPS": 103, "DRY_STORAGE": 0, "PUMPOUT_TYPE": "stationary", "LAT_DD": 27.32250688, "LONG_DD": -82.56841939, "WATERBODY": "Sarasota Bay", "MOORING_LINES": 0, "PUMPOUT": "Y", "CREATED_USER": null, "CREATED_DATE": null, "LAST_EDITED_USER": null, "LAST_EDITED_DATE": null, "LAND_OWNERSHIP_TYPE": null, "PUBLIC_OWNERSHIP_TYPE": null, "PHONE": "941-3665-4191" }, "geometry": { "type": "Point", "coordinates": [ -82.568422799568168, 27.322511893658202 ] } },
{ "type": "Feature", "properties": { "OBJECTID": 66, "CMP_ID": "CMP02-118", "FACILITY_TYPE": "Boatyard", "FACILITY_NAME": "Boat Tree Marina", "ADDRESS": "4370 Carraway Place", "CITY": "Sanford", "ZIP": "32771", "COUNTY": "Seminole", "WEBSITE": "http://www.boattree.com", "WET_SLIPS": 235, "DRY_STORAGE": 250, "PUMPOUT_TYPE": null, "LAT_DD": 28.83472435, "LONG_DD": -81.32857589, "WATERBODY": "St. Johns River", "MOORING_LINES": 0, "PUMPOUT": "Y", "CREATED_USER": null, "CREATED_DATE": null, "LAST_EDITED_USER": null, "LAST_EDITED_DATE": null, "LAND_OWNERSHIP_TYPE": null, "PUBLIC_OWNERSHIP_TYPE": null, "PHONE": "407-322-1610" }, "geometry": { "type": "Point", "coordinates": [ -81.328578995159631, 28.834729768940235 ] } },
{ "type": "Feature", "properties": { "OBJECTID": 67, "CMP_ID": "CMP08-361", "FACILITY_TYPE": "Retailer", "FACILITY_NAME": "Boat Tree Marina", "ADDRESS": "4370 Carraway Place", "CITY": "Sanford", "ZIP": "32771", "COUNTY": "Seminole", "WEBSITE": "http://www.boattree.com", "WET_SLIPS": 235, "DRY_STORAGE": 250, "PUMPOUT_TYPE": null, "LAT_DD": 28.83472402, "LONG_DD": -81.32857586, "WATERBODY": "St. Johns River", "MOORING_LINES": 0, "PUMPOUT": "Y", "CREATED_USER": null, "CREATED_DATE": null, "LAST_EDITED_USER": null, "LAST_EDITED_DATE": null, "LAND_OWNERSHIP_TYPE": null, "PUBLIC_OWNERSHIP_TYPE": null, "PHONE": "407-322-1610" }, "geometry": { "type": "Point", "coordinates": [ -81.328578959229162, 28.834729435902407 ] } },
{ "type": "Feature", "properties": { "OBJECTID": 68, "CMP_ID": "CMP12-481", "FACILITY_TYPE": "Marina", "FACILITY_NAME": "Fisherman's Cove", "ADDRESS": "3950 N Eichelberger Rd", "CITY": "Tavares", "ZIP": "32778", "COUNTY": "Lake", "WEBSITE": "http://www.fishermanscoverv.us", "WET_SLIPS": 65, "DRY_STORAGE": 160, "PUMPOUT_TYPE": "stationary", "LAT_DD": 28.76750647, "LONG_DD": -81.75583022000001, "WATERBODY": "Lake Harris", "MOORING_LINES": 0, "PUMPOUT": "Y", "CREATED_USER": null, "CREATED_DATE": null, "LAST_EDITED_USER": null, "LAST_EDITED_DATE": null, "LAND_OWNERSHIP_TYPE": null, "PUBLIC_OWNERSHIP_TYPE": null, "PHONE": "352-343-1233" }, "geometry": { "type": "Point", "coordinates": [ -81.755833446683184, 28.767511856818558 ] } },
{ "type": "Feature", "properties": { "OBJECTID": 69, "CMP_ID": "CMP05-218", "FACILITY_TYPE": "Boatyard", "FACILITY_NAME": "St. Augustine Marine Center", "ADDRESS": "404 S Riberia St", "CITY": "St Augustine", "ZIP": "32084", "COUNTY": "St. Lucie", "WEBSITE": "http://www.staugustinemarina.com", "WET_SLIPS": 38, "DRY_STORAGE": 45, "PUMPOUT_TYPE": "stationary", "LAT_DD": 29.87854199, "LONG_DD": -81.3133266, "WATERBODY": "San Sebastian River", "MOORING_LINES": 0, "PUMPOUT": "Y", "CREATED_USER": null, "CREATED_DATE": null, "LAST_EDITED_USER": null, "LAST_EDITED_DATE": null, "LAND_OWNERSHIP_TYPE": null, "PUBLIC_OWNERSHIP_TYPE": null, "PHONE": "904-824-4394" }, "geometry": { "type": "Point", "coordinates": [ -81.313329737024347, 29.878547651985471 ] } },
{ "type": "Feature", "properties": { "OBJECTID": 70, "CMP_ID": "CMP12-486", "FACILITY_TYPE": "Boatyard", "FACILITY_NAME": "Fisherman's Cove", "ADDRESS": "3950 N Eichelberger Rd", "CITY": "Tavares", "ZIP": "32778", "COUNTY": "Lake", "WEBSITE": "http://www.fishermanscoverv.us", "WET_SLIPS": 65, "DRY_STORAGE": 160, "PUMPOUT_TYPE": "Stationary", "LAT_DD": 28.76750647, "LONG_DD": -81.75583022000001, "WATERBODY": "Lake Harris", "MOORING_LINES": 0, "PUMPOUT": "Y", "CREATED_USER": null, "CREATED_DATE": null, "LAST_EDITED_USER": null, "LAST_EDITED_DATE": null, "LAND_OWNERSHIP_TYPE": null, "PUBLIC_OWNERSHIP_TYPE": null, "PHONE": "352-343-1233" }, "geometry": { "type": "Point", "coordinates": [ -81.755833446683184, 28.767511856818558 ] } },
{ "type": "Feature", "properties": { "OBJECTID": 71, "CMP_ID": "CMP05-223", "FACILITY_TYPE": "Boatyard", "FACILITY_NAME": "Monroe Harbour Marina", "ADDRESS": "531 N Palmetto Ave", "CITY": "Sanford", "ZIP": "32771", "COUNTY": "Seminole", "WEBSITE": "http://www.monroeharbour.com", "WET_SLIPS": 232, "DRY_STORAGE": 157, "PUMPOUT_TYPE": null, "LAT_DD": 28.81552062, "LONG_DD": -81.26435925, "WATERBODY": "St. Johns River", "MOORING_LINES": 0, "PUMPOUT": "N", "CREATED_USER": null, "CREATED_DATE": null, "LAST_EDITED_USER": null, "LAST_EDITED_DATE": null, "LAND_OWNERSHIP_TYPE": null, "PUBLIC_OWNERSHIP_TYPE": null, "PHONE": "407-322-2910" }, "geometry": { "type": "Point", "coordinates": [ -81.264362332286311, 28.815526035498234 ] } },
{ "type": "Feature", "properties": { "OBJECTID": 72, "CMP_ID": "CMP06-262", "FACILITY_TYPE": "Marina", "FACILITY_NAME": "Westshore Yacht Club", "ADDRESS": "6005 Beacon Shores St", "CITY": "Tampa", "ZIP": "33616", "COUNTY": "Hillsborough", "WEBSITE": "http://www.westhoreyachtclub.com", "WET_SLIPS": 149, "DRY_STORAGE": 0, "PUMPOUT_TYPE": "stationary", "LAT_DD": 27.88130903, "LONG_DD": -82.53130379, "WATERBODY": "Tampa Bay", "MOORING_LINES": 0, "PUMPOUT": "Y", "CREATED_USER": null, "CREATED_DATE": null, "LAST_EDITED_USER": null, "LAST_EDITED_DATE": null, "LAND_OWNERSHIP_TYPE": null, "PUBLIC_OWNERSHIP_TYPE": null, "PHONE": "813-769-6600" }, "geometry": { "type": "Point", "coordinates": [ -82.531307210526109, 27.881314180809305 ] } },
{ "type": "Feature", "properties": { "OBJECTID": 73, "CMP_ID": "CMP07-307", "FACILITY_TYPE": "Retailer", "FACILITY_NAME": "Monroe Harbour Marina", "ADDRESS": "531 N Palmetto Ave", "CITY": "Sanford", "ZIP": "32771", "COUNTY": "Seminole", "WEBSITE": "http://www.monroeharbour.com", "WET_SLIPS": 232, "DRY_STORAGE": 157, "PUMPOUT_TYPE": null, "LAT_DD": 28.81551474, "LONG_DD": -81.26435785, "WATERBODY": "St. Johns River", "MOORING_LINES": 0, "PUMPOUT": "Y", "CREATED_USER": null, "CREATED_DATE": null, "LAST_EDITED_USER": null, "LAST_EDITED_DATE": null, "LAND_OWNERSHIP_TYPE": null, "PUBLIC_OWNERSHIP_TYPE": null, "PHONE": "407-322-2910" }, "geometry": { "type": "Point", "coordinates": [ -81.26436093284839, 28.815520148314686 ] } },
{ "type": "Feature", "properties": { "OBJECTID": 74, "CMP_ID": "CMP02-097", "FACILITY_TYPE": "Marina", "FACILITY_NAME": "Home Port Marina", "ADDRESS": "135 Orange St", "CITY": "Palm Harbor", "ZIP": "34683", "COUNTY": "Pinellas", "WEBSITE": "http://www.homportmarina.com", "WET_SLIPS": 180, "DRY_STORAGE": 460, "PUMPOUT_TYPE": "stationary", "LAT_DD": 28.0592974, "LONG_DD": -82.77655928, "WATERBODY": "Smith Bayou", "MOORING_LINES": 0, "PUMPOUT": "Y", "CREATED_USER": null, "CREATED_DATE": null, "LAST_EDITED_USER": null, "LAST_EDITED_DATE": null, "LAND_OWNERSHIP_TYPE": null, "PUBLIC_OWNERSHIP_TYPE": null, "PHONE": "727-784-1443" }, "geometry": { "type": "Point", "coordinates": [ -82.776562777556279, 28.059302589342185 ] } },
{ "type": "Feature", "properties": { "OBJECTID": 75, "CMP_ID": "CMP09-412", "FACILITY_TYPE": "Marina", "FACILITY_NAME": "The Venice Yacht Club", "ADDRESS": "1330 Tarpon Center Dr", "CITY": "Venice", "ZIP": "34285", "COUNTY": "Sarasota", "WEBSITE": "http://www.veniceyachtclub.com", "WET_SLIPS": 68, "DRY_STORAGE": 0, "PUMPOUT_TYPE": "stationary  vacuum", "LAT_DD": 27.10904328, "LONG_DD": -82.46149293000001, "WATERBODY": "Roberts Bay", "MOORING_LINES": 0, "PUMPOUT": "Y", "CREATED_USER": null, "CREATED_DATE": null, "LAST_EDITED_USER": null, "LAST_EDITED_DATE": null, "LAND_OWNERSHIP_TYPE": null, "PUBLIC_OWNERSHIP_TYPE": null, "PHONE": "941-488-7708" }, "geometry": { "type": "Point", "coordinates": [ -82.461496303363674, 27.109048248094396 ] } },
{ "type": "Feature", "properties": { "OBJECTID": 76, "CMP_ID": "CMP06-282", "FACILITY_TYPE": "Marina", "FACILITY_NAME": "Marjorie Park Marina", "ADDRESS": "97 Columbia Dr", "CITY": "Tampa", "ZIP": "34689", "COUNTY": "Hillsborough", "WEBSITE": "http://www.tampagov.net", "WET_SLIPS": 55, "DRY_STORAGE": 0, "PUMPOUT_TYPE": "stationary", "LAT_DD": 27.93082309, "LONG_DD": -82.45385273, "WATERBODY": "Seddon Channel", "MOORING_LINES": 19, "PUMPOUT": "Y", "CREATED_USER": null, "CREATED_DATE": null, "LAST_EDITED_USER": null, "LAST_EDITED_DATE": null, "LAND_OWNERSHIP_TYPE": null, "PUBLIC_OWNERSHIP_TYPE": null, "PHONE": "813-259-1604" }, "geometry": { "type": "Point", "coordinates": [ -82.45385613000596, 27.930828262898864 ] } },
{ "type": "Feature", "properties": { "OBJECTID": 77, "CMP_ID": "CMP12-497", "FACILITY_TYPE": "Marina", "FACILITY_NAME": "Sunrise Marina", "ADDRESS": "505 Glen Cheek Dr", "CITY": "Cape Canaveral", "ZIP": "32920", "COUNTY": "Brevard", "WEBSITE": "http://www.sunrisemarina.com", "WET_SLIPS": 18, "DRY_STORAGE": 120, "PUMPOUT_TYPE": "NONE", "LAT_DD": 28.40860622, "LONG_DD": -80.6143277, "WATERBODY": "Port Canaveral", "MOORING_LINES": 0, "PUMPOUT": "N", "CREATED_USER": null, "CREATED_DATE": null, "LAST_EDITED_USER": null, "LAST_EDITED_DATE": null, "LAND_OWNERSHIP_TYPE": null, "PUBLIC_OWNERSHIP_TYPE": null, "PHONE": "321-783-9535" }, "geometry": { "type": "Point", "coordinates": [ -80.614330584017523, 28.408611551303824 ] } },
{ "type": "Feature", "properties": { "OBJECTID": 78, "CMP_ID": "CMP09-410", "FACILITY_TYPE": "Marina", "FACILITY_NAME": "Aquamarina Hidden Harbour", "ADDRESS": "2315 NE 15th St", "CITY": "Pompano Beach", "ZIP": "33062", "COUNTY": "Broward", "WEBSITE": "http://www.ilovemymarina.com/marina/Pompano_Beach_FL/zip_33062/aquamarina/1550", "WET_SLIPS": 11, "DRY_STORAGE": 366, "PUMPOUT_TYPE": "Stationary", "LAT_DD": 26.2518344, "LONG_DD": -80.09993415, "WATERBODY": "Caliban Canal", "MOORING_LINES": 0, "PUMPOUT": "Y", "CREATED_USER": null, "CREATED_DATE": null, "LAST_EDITED_USER": null, "LAST_EDITED_DATE": null, "LAND_OWNERSHIP_TYPE": null, "PUBLIC_OWNERSHIP_TYPE": null, "PHONE": "954-941-0498" }, "geometry": { "type": "Point", "coordinates": [ -80.099936817361623, 26.251839204540747 ] } },
{ "type": "Feature", "properties": { "OBJECTID": 79, "CMP_ID": "CMP06-273", "FACILITY_TYPE": "Marina", "FACILITY_NAME": "Las Olas Marina", "ADDRESS": "240 E Las Olas Cir", "CITY": "Ft Lauderdale", "ZIP": "33316", "COUNTY": "Broward", "WEBSITE": "http://www.fortlauderdale.gov/departments/parks-recreation/marine-facilities/las-olas-marina", "WET_SLIPS": 60, "DRY_STORAGE": 0, "PUMPOUT_TYPE": "vacuum", "LAT_DD": 26.11994405, "LONG_DD": -80.10804826, "WATERBODY": "Middle River", "MOORING_LINES": 10, "PUMPOUT": "Y", "CREATED_USER": null, "CREATED_DATE": null, "LAST_EDITED_USER": null, "LAST_EDITED_DATE": null, "LAND_OWNERSHIP_TYPE": null, "PUBLIC_OWNERSHIP_TYPE": null, "PHONE": "954-828-7200" }, "geometry": { "type": "Point", "coordinates": [ -80.108050925593346, 26.119948822372187 ] } },
{ "type": "Feature", "properties": { "OBJECTID": 80, "CMP_ID": "CMP02-071", "FACILITY_TYPE": "Marina", "FACILITY_NAME": "Hall of Fame Marina", "ADDRESS": "435 Seabreeze Blvd", "CITY": "Ft Lauderdale", "ZIP": "33316", "COUNTY": "Broward", "WEBSITE": "http://www.halloffamemarina.com", "WET_SLIPS": 40, "DRY_STORAGE": 0, "PUMPOUT_TYPE": "stationary", "LAT_DD": 26.1168304, "LONG_DD": -80.10626075, "WATERBODY": "Intercoastal Waterway", "MOORING_LINES": 0, "PUMPOUT": "Y", "CREATED_USER": null, "CREATED_DATE": null, "LAST_EDITED_USER": null, "LAST_EDITED_DATE": null, "LAND_OWNERSHIP_TYPE": null, "PUBLIC_OWNERSHIP_TYPE": null, "PHONE": "954-764-3975" }, "geometry": { "type": "Point", "coordinates": [ -80.106263417005565, 26.116835171364151 ] } },
{ "type": "Feature", "properties": { "OBJECTID": 81, "CMP_ID": "CMP02-120", "FACILITY_TYPE": "Marina", "FACILITY_NAME": "Bahia Mar Resort & Yachting Center", "ADDRESS": "801 Seabreeze Blvd", "CITY": "Ft Lauderdale", "ZIP": "33316", "COUNTY": "Broward", "WEBSITE": "http://www.bahiamaryachtingcenter.com/home/", "WET_SLIPS": 245, "DRY_STORAGE": 0, "PUMPOUT_TYPE": "portable   vacuum", "LAT_DD": 26.1135561, "LONG_DD": -80.10616561000001, "WATERBODY": "Intercoastal Waterway", "MOORING_LINES": 0, "PUMPOUT": "Y", "CREATED_USER": null, "CREATED_DATE": null, "LAST_EDITED_USER": null, "LAST_EDITED_DATE": null, "LAND_OWNERSHIP_TYPE": null, "PUBLIC_OWNERSHIP_TYPE": null, "PHONE": "954-627-6309" }, "geometry": { "type": "Point", "coordinates": [ -80.106168275546551, 26.11356087475167 ] } },
{ "type": "Feature", "properties": { "OBJECTID": 82, "CMP_ID": "CMP06-245", "FACILITY_TYPE": "Marina", "FACILITY_NAME": "Harbortown Marina", "ADDRESS": "1936 Harbortown Dr", "CITY": "Ft Pierce", "ZIP": "34946", "COUNTY": "St. Lucie", "WEBSITE": "http://www.harbortownmarina-fortpierce.com", "WET_SLIPS": 342, "DRY_STORAGE": 80, "PUMPOUT_TYPE": "stationary", "LAT_DD": 27.46872775, "LONG_DD": -80.32943086, "WATERBODY": "Intercoastal Waterway", "MOORING_LINES": 0, "PUMPOUT": "Y", "CREATED_USER": null, "CREATED_DATE": null, "LAST_EDITED_USER": null, "LAST_EDITED_DATE": null, "LAND_OWNERSHIP_TYPE": null, "PUBLIC_OWNERSHIP_TYPE": null, "PHONE": "954-926-0300" }, "geometry": { "type": "Point", "coordinates": [ -80.329433623637797, 27.468732857704687 ] } },
{ "type": "Feature", "properties": { "OBJECTID": 83, "CMP_ID": "CMP03-170", "FACILITY_TYPE": "Marina", "FACILITY_NAME": "Blowing Rocks Marina", "ADDRESS": "18487 SE Federal Highway", "CITY": "Tequesta", "ZIP": "33458", "COUNTY": "Martin", "WEBSITE": "http://www.blowingrocksmarina.com", "WET_SLIPS": 50, "DRY_STORAGE": 118, "PUMPOUT_TYPE": "stationary", "LAT_DD": 26.97879527, "LONG_DD": -80.08947755, "WATERBODY": "Intercoastal Waterway", "MOORING_LINES": 0, "PUMPOUT": "Y", "CREATED_USER": null, "CREATED_DATE": null, "LAST_EDITED_USER": null, "LAST_EDITED_DATE": null, "LAND_OWNERSHIP_TYPE": null, "PUBLIC_OWNERSHIP_TYPE": null, "PHONE": "561-746-3312" }, "geometry": { "type": "Point", "coordinates": [ -80.089480228609531, 26.978800262571575 ] } },
{ "type": "Feature", "properties": { "OBJECTID": 84, "CMP_ID": "CMP09-391", "FACILITY_TYPE": "Marina", "FACILITY_NAME": "Jupiter Pointe Club & Marina", "ADDRESS": "18701 SE Federal Hwy", "CITY": "Tequesta", "ZIP": "33469", "COUNTY": "Martin", "WEBSITE": "http://www.jupiterpointe.com", "WET_SLIPS": 0, "DRY_STORAGE": 460, "PUMPOUT_TYPE": "portable", "LAT_DD": 26.97658715, "LONG_DD": -80.08787566, "WATERBODY": "Intercoastal Waterway", "MOORING_LINES": 0, "PUMPOUT": "Y", "CREATED_USER": null, "CREATED_DATE": null, "LAST_EDITED_USER": null, "LAST_EDITED_DATE": null, "LAND_OWNERSHIP_TYPE": null, "PUBLIC_OWNERSHIP_TYPE": null, "PHONE": "561-746-2600" }, "geometry": { "type": "Point", "coordinates": [ -80.087878342418051, 26.976592140024248 ] } },
{ "type": "Feature", "properties": { "OBJECTID": 85, "CMP_ID": "CMP10-444", "FACILITY_TYPE": "Boatyard", "FACILITY_NAME": "Galati Yacht Sales", "ADDRESS": "900 S Bay Blvd", "CITY": "Anna Maria Island", "ZIP": "34216", "COUNTY": "Manatee", "WEBSITE": "http://www.galatiyachts.com/", "WET_SLIPS": 65, "DRY_STORAGE": 0, "PUMPOUT_TYPE": null, "LAT_DD": 27.52734981, "LONG_DD": -82.72155518, "WATERBODY": "Bimini Bay", "MOORING_LINES": 0, "PUMPOUT": "Y", "CREATED_USER": null, "CREATED_DATE": null, "LAST_EDITED_USER": null, "LAST_EDITED_DATE": null, "LAND_OWNERSHIP_TYPE": null, "PUBLIC_OWNERSHIP_TYPE": null, "PHONE": "941-778-0755" }, "geometry": { "type": "Point", "coordinates": [ -82.721558647963619, 27.527354876141509 ] } },
{ "type": "Feature", "properties": { "OBJECTID": 86, "CMP_ID": "CMP10-435", "FACILITY_TYPE": "Marina", "FACILITY_NAME": "Royal Palm Yacht & Country Club", "ADDRESS": "2425 Maya Palm Dr", "CITY": "Boca Raton", "ZIP": "33432", "COUNTY": "Palm Beach", "WEBSITE": "http://www.rpycc.org/Club/Scripts/Home/home.asp", "WET_SLIPS": 57, "DRY_STORAGE": 0, "PUMPOUT_TYPE": "stationary portable", "LAT_DD": 26.32607309, "LONG_DD": -80.08813298, "WATERBODY": "Hillsborough Canal", "MOORING_LINES": 0, "PUMPOUT": "Y", "CREATED_USER": null, "CREATED_DATE": null, "LAST_EDITED_USER": null, "LAST_EDITED_DATE": null, "LAND_OWNERSHIP_TYPE": null, "PUBLIC_OWNERSHIP_TYPE": null, "PHONE": "561-395-2100" }, "geometry": { "type": "Point", "coordinates": [ -80.088135648796921, 26.32607792028838 ] } },
{ "type": "Feature", "properties": { "OBJECTID": 87, "CMP_ID": "CMP03-172", "FACILITY_TYPE": "Marina", "FACILITY_NAME": "Lighthouse Point Marina", "ADDRESS": "2831 Marina Cir", "CITY": "Lighthouse Point", "ZIP": "33064", "COUNTY": "Broward", "WEBSITE": "http://www.lhpmarina.com", "WET_SLIPS": 125, "DRY_STORAGE": 0, "PUMPOUT_TYPE": "portable pumpout", "LAT_DD": 26.26729144, "LONG_DD": -80.08400907, "WATERBODY": "Intercoastal Waterway", "MOORING_LINES": 0, "PUMPOUT": "Y", "CREATED_USER": null, "CREATED_DATE": null, "LAST_EDITED_USER": null, "LAST_EDITED_DATE": null, "LAND_OWNERSHIP_TYPE": null, "PUBLIC_OWNERSHIP_TYPE": null, "PHONE": "954-941-0227" }, "geometry": { "type": "Point", "coordinates": [ -80.084011732841972, 26.267296249791162 ] } },
{ "type": "Feature", "properties": { "OBJECTID": 88, "CMP_ID": "CMP10-431", "FACILITY_TYPE": "Marina", "FACILITY_NAME": "Loggerhead Marina - Jupiter", "ADDRESS": "3238 Casseekey Island Rd", "CITY": "Jupiter", "ZIP": "33477", "COUNTY": "Palm Beach", "WEBSITE": "http://loggerheadjupiter.com", "WET_SLIPS": 3, "DRY_STORAGE": 300, "PUMPOUT_TYPE": "stationary", "LAT_DD": 26.91807029, "LONG_DD": -80.08128968, "WATERBODY": "Intercoastal Waterway", "MOORING_LINES": 0, "PUMPOUT": "Y", "CREATED_USER": null, "CREATED_DATE": null, "LAST_EDITED_USER": null, "LAST_EDITED_DATE": null, "LAND_OWNERSHIP_TYPE": null, "PUBLIC_OWNERSHIP_TYPE": null, "PHONE": "561-747-8980" }, "geometry": { "type": "Point", "coordinates": [ -80.081292357473146, 26.918075266796986 ] } },
{ "type": "Feature", "properties": { "OBJECTID": 89, "CMP_ID": "CMP02-075", "FACILITY_TYPE": "Marina", "FACILITY_NAME": "Jib Yacht Club & Marina", "ADDRESS": "46 S Beach Rd", "CITY": "Tequesta", "ZIP": "33469", "COUNTY": "Palm Beach", "WEBSITE": "http://www.jibmarinajupiter.com/", "WET_SLIPS": 30, "DRY_STORAGE": 0, "PUMPOUT_TYPE": "stationary", "LAT_DD": 26.95198872, "LONG_DD": -80.07653212, "WATERBODY": "Indian River", "MOORING_LINES": 0, "PUMPOUT": "Y", "CREATED_USER": null, "CREATED_DATE": null, "LAST_EDITED_USER": null, "LAST_EDITED_DATE": null, "LAND_OWNERSHIP_TYPE": null, "PUBLIC_OWNERSHIP_TYPE": null, "PHONE": "561-746-4300" }, "geometry": { "type": "Point", "coordinates": [ -80.076534803171967, 26.951993707158234 ] } },
{ "type": "Feature", "properties": { "OBJECTID": 90, "CMP_ID": "CMP09-368", "FACILITY_TYPE": "Marina", "FACILITY_NAME": "Boca Raton Resort & Club", "ADDRESS": "501 E Camino Real", "CITY": "Boca Raton", "ZIP": "33432", "COUNTY": "Palm Beach", "WEBSITE": "http://www.bocaresort.com", "WET_SLIPS": 30, "DRY_STORAGE": 0, "PUMPOUT_TYPE": "vacuum", "LAT_DD": 26.34306041, "LONG_DD": -80.07775011, "WATERBODY": "Lake Boca Raton", "MOORING_LINES": 0, "PUMPOUT": "Y", "CREATED_USER": null, "CREATED_DATE": null, "LAST_EDITED_USER": null, "LAST_EDITED_DATE": null, "LAND_OWNERSHIP_TYPE": null, "PUBLIC_OWNERSHIP_TYPE": null, "PHONE": "561-447-3000" }, "geometry": { "type": "Point", "coordinates": [ -80.077752768428553, 26.34306524581465 ] } },
{ "type": "Feature", "properties": { "OBJECTID": 91, "CMP_ID": "CMP01-038", "FACILITY_TYPE": "Marina", "FACILITY_NAME": "Loggerhead Marina - Palm Beach Gardens", "ADDRESS": "2700 Donald Ross Rd", "CITY": "Palm Beach Gardens", "ZIP": "33410", "COUNTY": "Palm Beach", "WEBSITE": "http://www.loggerheadpbg.com/", "WET_SLIPS": 130, "DRY_STORAGE": 0, "PUMPOUT_TYPE": "portable", "LAT_DD": 26.88037918, "LONG_DD": -80.0717619, "WATERBODY": "Intercoastal Waterway", "MOORING_LINES": 0, "PUMPOUT": "Y", "CREATED_USER": null, "CREATED_DATE": null, "LAST_EDITED_USER": null, "LAST_EDITED_DATE": null, "LAND_OWNERSHIP_TYPE": null, "PUBLIC_OWNERSHIP_TYPE": null, "PHONE": "561-627-5358" }, "geometry": { "type": "Point", "coordinates": [ -80.0717645770888, 26.880384152037411 ] } },
{ "type": "Feature", "properties": { "OBJECTID": 92, "CMP_ID": "CMP07-317", "FACILITY_TYPE": "Marina", "FACILITY_NAME": "City of Delray Beach Marina", "ADDRESS": "159 Marine Way", "CITY": "Delray Beach", "ZIP": "33483", "COUNTY": "Palm Beach", "WEBSITE": "http://www.mydelraybeach.com", "WET_SLIPS": 24, "DRY_STORAGE": 0, "PUMPOUT_TYPE": "stationary   vacuum", "LAT_DD": 26.45813026, "LONG_DD": -80.06479917, "WATERBODY": "Intercoastal Waterway", "MOORING_LINES": 0, "PUMPOUT": "Y", "CREATED_USER": null, "CREATED_DATE": null, "LAST_EDITED_USER": null, "LAST_EDITED_DATE": null, "LAND_OWNERSHIP_TYPE": null, "PUBLIC_OWNERSHIP_TYPE": null, "PHONE": "561-243-7136" }, "geometry": { "type": "Point", "coordinates": [ -80.064801833599432, 26.45813511915204 ] } },
{ "type": "Feature", "properties": { "OBJECTID": 93, "CMP_ID": "CMP05-221", "FACILITY_TYPE": "Boatyard", "FACILITY_NAME": "Cannons Marina", "ADDRESS": "6040 Gulf of Mexico Dr", "CITY": "Longboat Key", "ZIP": "34228", "COUNTY": "Manatee", "WEBSITE": "http://www.cannons.com", "WET_SLIPS": 25, "DRY_STORAGE": 30, "PUMPOUT_TYPE": null, "LAT_DD": 27.42204094, "LONG_DD": -82.6678726, "WATERBODY": "Sleepy Lagoon", "MOORING_LINES": 0, "PUMPOUT": "N", "CREATED_USER": null, "CREATED_DATE": null, "LAST_EDITED_USER": null, "LAST_EDITED_DATE": null, "LAND_OWNERSHIP_TYPE": null, "PUBLIC_OWNERSHIP_TYPE": null, "PHONE": "941-383-1311" }, "geometry": { "type": "Point", "coordinates": [ -82.667876043075111, 27.422045980319226 ] } },
{ "type": "Feature", "properties": { "OBJECTID": 94, "CMP_ID": "CMP02-090", "FACILITY_TYPE": "Marina", "FACILITY_NAME": "North Palm Beach Marina", "ADDRESS": "1037 Marina Dr", "CITY": "North Palm Beach", "ZIP": "33408", "COUNTY": "Palm Beach", "WEBSITE": "http://www.opch.com/npb_marina.php", "WET_SLIPS": 104, "DRY_STORAGE": 0, "PUMPOUT_TYPE": "stationary", "LAT_DD": 26.827602, "LONG_DD": -80.05937177, "WATERBODY": "Intercoastal Waterway", "MOORING_LINES": 0, "PUMPOUT": "Y", "CREATED_USER": null, "CREATED_DATE": null, "LAST_EDITED_USER": null, "LAST_EDITED_DATE": null, "LAND_OWNERSHIP_TYPE": null, "PUBLIC_OWNERSHIP_TYPE": null, "PHONE": "561-626-4919" }, "geometry": { "type": "Point", "coordinates": [ -80.059374436968795, 26.827606952094758 ] } },
{ "type": "Feature", "properties": { "OBJECTID": 95, "CMP_ID": "CMP02-100", "FACILITY_TYPE": "Marina", "FACILITY_NAME": "Old Port Cove Marina", "ADDRESS": "112 Lakeshore Dr", "CITY": "North Palm Beach", "ZIP": "33408", "COUNTY": "Palm Beach", "WEBSITE": "http://www.opch.com/old_port_cove.php", "WET_SLIPS": 203, "DRY_STORAGE": 0, "PUMPOUT_TYPE": "vacuum", "LAT_DD": 26.83243446, "LONG_DD": -80.05585677000001, "WATERBODY": "Lakeworth Lagoon", "MOORING_LINES": 0, "PUMPOUT": "Y", "CREATED_USER": null, "CREATED_DATE": null, "LAST_EDITED_USER": null, "LAST_EDITED_DATE": null, "LAND_OWNERSHIP_TYPE": null, "PUBLIC_OWNERSHIP_TYPE": null, "PHONE": "561-626-1760" }, "geometry": { "type": "Point", "coordinates": [ -80.055859438304466, 26.832439417304922 ] } },
{ "type": "Feature", "properties": { "OBJECTID": 96, "CMP_ID": "CMP08-355", "FACILITY_TYPE": "Marina", "FACILITY_NAME": "Lake Park Harbor Marina", "ADDRESS": "105 Lake Shore Dr", "CITY": "Lake Park", "ZIP": "33403", "COUNTY": "Palm Beach", "WEBSITE": "http://www.lakeparkmarina.com", "WET_SLIPS": 112, "DRY_STORAGE": 0, "PUMPOUT_TYPE": "vacuum", "LAT_DD": 26.79378545, "LONG_DD": -80.0521845, "WATERBODY": "Intercoastal Waterway", "MOORING_LINES": 0, "PUMPOUT": "Y", "CREATED_USER": null, "CREATED_DATE": null, "LAST_EDITED_USER": null, "LAST_EDITED_DATE": null, "LAND_OWNERSHIP_TYPE": null, "PUBLIC_OWNERSHIP_TYPE": null, "PHONE": "561-881-3353" }, "geometry": { "type": "Point", "coordinates": [ -80.052187167023675, 26.793790394348168 ] } },
{ "type": "Feature", "properties": { "OBJECTID": 97, "CMP_ID": "CMP06-244", "FACILITY_TYPE": "Marina", "FACILITY_NAME": "Loggerhead Marina - South Lantana", "ADDRESS": "401 Moorings Dr", "CITY": "Lantana", "ZIP": "33462", "COUNTY": "Palm Beach", "WEBSITE": "http://www.loggerheadslantana.com/", "WET_SLIPS": 72, "DRY_STORAGE": 0, "PUMPOUT_TYPE": "NONE", "LAT_DD": 26.59118386, "LONG_DD": -80.0499203, "WATERBODY": "Lake Worth", "MOORING_LINES": 0, "PUMPOUT": "N", "CREATED_USER": null, "CREATED_DATE": null, "LAST_EDITED_USER": null, "LAST_EDITED_DATE": null, "LAND_OWNERSHIP_TYPE": null, "PUBLIC_OWNERSHIP_TYPE": null, "PHONE": "561-721-3888" }, "geometry": { "type": "Point", "coordinates": [ -80.04992295876238, 26.591188755198431 ] } },
{ "type": "Feature", "properties": { "OBJECTID": 98, "CMP_ID": "CMP06-252", "FACILITY_TYPE": "Marina", "FACILITY_NAME": "Rybovich Marina", "ADDRESS": "4000 N Flagler Dr", "CITY": "West Palm Beach", "ZIP": "33407", "COUNTY": "Palm Beach", "WEBSITE": "http://www.rybovich.com", "WET_SLIPS": 60, "DRY_STORAGE": 10, "PUMPOUT_TYPE": "vacuum", "LAT_DD": 26.75053764, "LONG_DD": -80.05249689, "WATERBODY": "Intercoastal Waterway", "MOORING_LINES": 0, "PUMPOUT": "Y", "CREATED_USER": null, "CREATED_DATE": null, "LAST_EDITED_USER": null, "LAST_EDITED_DATE": null, "LAND_OWNERSHIP_TYPE": null, "PUBLIC_OWNERSHIP_TYPE": null, "PHONE": "561-840-8178" }, "geometry": { "type": "Point", "coordinates": [ -80.05249955501688, 26.750542574999717 ] } },
{ "type": "Feature", "properties": { "OBJECTID": 99, "CMP_ID": "CMP07-314", "FACILITY_TYPE": "Marina", "FACILITY_NAME": "Rybovich Marine Center", "ADDRESS": "2010 Avenue B", "CITY": "Riviera Beach", "ZIP": "33404", "COUNTY": "Palm Beach", "WEBSITE": "http://www.rybovich.com", "WET_SLIPS": 35, "DRY_STORAGE": 20, "PUMPOUT_TYPE": "NONE", "LAT_DD": 26.778689, "LONG_DD": -80.05123312000001, "WATERBODY": "Intercoastal Waterway", "MOORING_LINES": 0, "PUMPOUT": "N", "CREATED_USER": null, "CREATED_DATE": null, "LAST_EDITED_USER": null, "LAST_EDITED_DATE": null, "LAND_OWNERSHIP_TYPE": null, "PUBLIC_OWNERSHIP_TYPE": null, "PHONE": "561-863-2823" }, "geometry": { "type": "Point", "coordinates": [ -80.051235781568806, 26.778693937816243 ] } },
{ "type": "Feature", "properties": { "OBJECTID": 100, "CMP_ID": "CMP07-299", "FACILITY_TYPE": "Boatyard", "FACILITY_NAME": "Marathon Boat Yard Marine Center", "ADDRESS": "2059 Overseas Hwy", "CITY": "Marathon", "ZIP": "33050", "COUNTY": "Monroe", "WEBSITE": "http://www.marathonboatyard.com", "WET_SLIPS": 15, "DRY_STORAGE": 80, "PUMPOUT_TYPE": "boat ", "LAT_DD": 24.70855308, "LONG_DD": -81.10424663000001, "WATERBODY": "Boot Key Harbor", "MOORING_LINES": 0, "PUMPOUT": "Y", "CREATED_USER": null, "CREATED_DATE": null, "LAST_EDITED_USER": null, "LAST_EDITED_DATE": null, "LAND_OWNERSHIP_TYPE": null, "PUBLIC_OWNERSHIP_TYPE": null, "PHONE": "305-743-6341" }, "geometry": { "type": "Point", "coordinates": [ -81.104249548650046, 24.708557472178192 ] } },
{ "type": "Feature", "properties": { "OBJECTID": 101, "CMP_ID": "CMP07-300", "FACILITY_TYPE": "Retailer", "FACILITY_NAME": "Marathon Boat Yard Marine Center", "ADDRESS": "2001 Overseas Hwy", "CITY": "Marathon", "ZIP": "33050", "COUNTY": "Monroe", "WEBSITE": "http://www.marathonboatyard.com", "WET_SLIPS": 15, "DRY_STORAGE": 80, "PUMPOUT_TYPE": null, "LAT_DD": 24.70855173, "LONG_DD": -81.10425402, "WATERBODY": "Boot Key Harbor", "MOORING_LINES": 0, "PUMPOUT": "Y", "CREATED_USER": null, "CREATED_DATE": null, "LAST_EDITED_USER": null, "LAST_EDITED_DATE": null, "LAND_OWNERSHIP_TYPE": null, "PUBLIC_OWNERSHIP_TYPE": null, "PHONE": "305-743-6341" }, "geometry": { "type": "Point", "coordinates": [ -81.104256939353306, 24.708556125333775 ] } },
{ "type": "Feature", "properties": { "OBJECTID": 102, "CMP_ID": "CMP11-459", "FACILITY_TYPE": "Retailer", "FACILITY_NAME": "MarineMax Daytona", "ADDRESS": "872 Tomoka Farms Rd", "CITY": "Daytona Beach", "ZIP": "32124", "COUNTY": "Volusia", "WEBSITE": "http://www.marinemax.com", "WET_SLIPS": 0, "DRY_STORAGE": 0, "PUMPOUT_TYPE": "NONE", "LAT_DD": 29.19386212, "LONG_DD": -81.0956863, "WATERBODY": "N/A", "MOORING_LINES": 0, "PUMPOUT": "N", "CREATED_USER": null, "CREATED_DATE": null, "LAST_EDITED_USER": null, "LAST_EDITED_DATE": null, "LAND_OWNERSHIP_TYPE": null, "PUBLIC_OWNERSHIP_TYPE": null, "PHONE": "386-257-2628" }, "geometry": { "type": "Point", "coordinates": [ -81.095689345439638, 29.193867624699216 ] } },
{ "type": "Feature", "properties": { "OBJECTID": 103, "CMP_ID": "CMP07-320", "FACILITY_TYPE": "Marina", "FACILITY_NAME": "Four Fish Inn & Marina", "ADDRESS": "2225 NE Indian River Dr", "CITY": "Jensen Beach", "ZIP": "33957", "COUNTY": "Martin", "WEBSITE": "http://www.fourfishmarina.com/", "WET_SLIPS": 28, "DRY_STORAGE": 50, "PUMPOUT_TYPE": "boat   portable", "LAT_DD": 27.23174791, "LONG_DD": -80.21787156000001, "WATERBODY": "Intercoastal Waterway", "MOORING_LINES": 0, "PUMPOUT": "Y", "CREATED_USER": null, "CREATED_DATE": null, "LAST_EDITED_USER": null, "LAST_EDITED_DATE": null, "LAND_OWNERSHIP_TYPE": null, "PUBLIC_OWNERSHIP_TYPE": null, "PHONE": "772-334-0936" }, "geometry": { "type": "Point", "coordinates": [ -80.217874286207305, 27.231752958547922 ] } },
{ "type": "Feature", "properties": { "OBJECTID": 104, "CMP_ID": "CMP08-364", "FACILITY_TYPE": "Marina", "FACILITY_NAME": "Loggerhead Marina - Lantana", "ADDRESS": "870 N Federal Hwy", "CITY": "Lantana", "ZIP": "33462", "COUNTY": "Palm Beach", "WEBSITE": "www.loggerheadlantana.com", "WET_SLIPS": 103, "DRY_STORAGE": 350, "PUMPOUT_TYPE": "NONE", "LAT_DD": 26.59246287, "LONG_DD": -80.04978288, "WATERBODY": "Lake Worth", "MOORING_LINES": 0, "PUMPOUT": "N", "CREATED_USER": null, "CREATED_DATE": null, "LAST_EDITED_USER": null, "LAST_EDITED_DATE": null, "LAND_OWNERSHIP_TYPE": null, "PUBLIC_OWNERSHIP_TYPE": null, "PHONE": "561-582-4422" }, "geometry": { "type": "Point", "coordinates": [ -80.049785545643658, 26.59246776376013 ] } },
{ "type": "Feature", "properties": { "OBJECTID": 105, "CMP_ID": "CMP09-371", "FACILITY_TYPE": "Marina", "FACILITY_NAME": "Palm Harbor Marina", "ADDRESS": "400 N Flagler Dr, Suite A", "CITY": "West Palm Beach", "ZIP": "33401", "COUNTY": "Palm Beach", "WEBSITE": "http://www.palmharbor-marina.com", "WET_SLIPS": 182, "DRY_STORAGE": 0, "PUMPOUT_TYPE": "stationary", "LAT_DD": 26.7162289, "LONG_DD": -80.05004937, "WATERBODY": "Lake Worth", "MOORING_LINES": 0, "PUMPOUT": "Y", "CREATED_USER": null, "CREATED_DATE": null, "LAST_EDITED_USER": null, "LAST_EDITED_DATE": null, "LAND_OWNERSHIP_TYPE": null, "PUBLIC_OWNERSHIP_TYPE": null, "PHONE": "561-655-4757" }, "geometry": { "type": "Point", "coordinates": [ -80.050052030364199, 26.716233825731834 ] } },
{ "type": "Feature", "properties": { "OBJECTID": 106, "CMP_ID": "CMP10-439", "FACILITY_TYPE": "Marina", "FACILITY_NAME": "Sailfish Marina Resort", "ADDRESS": "98 Lake Dr", "CITY": "Palm Beach Shores", "ZIP": "33404", "COUNTY": "Palm Beach", "WEBSITE": "http://www.sailfishmarina.com", "WET_SLIPS": 91, "DRY_STORAGE": 0, "PUMPOUT_TYPE": "NONE", "LAT_DD": 26.77745813, "LONG_DD": -80.03967272, "WATERBODY": "Lake Worth Inlet", "MOORING_LINES": 0, "PUMPOUT": "N", "CREATED_USER": null, "CREATED_DATE": null, "LAST_EDITED_USER": null, "LAST_EDITED_DATE": null, "LAND_OWNERSHIP_TYPE": null, "PUBLIC_OWNERSHIP_TYPE": null, "PHONE": "561-844-1724" }, "geometry": { "type": "Point", "coordinates": [ -80.03967538768471, 26.777463072318163 ] } },
{ "type": "Feature", "properties": { "OBJECTID": 107, "CMP_ID": "CMP12-495", "FACILITY_TYPE": "Marina", "FACILITY_NAME": "Daytona Beach Aqua Safari Inc", "ADDRESS": "4936 S Peninsula Dr", "CITY": "Ponce Inlet", "ZIP": "32127", "COUNTY": "Volusia", "WEBSITE": "http://www.aquasafari.net/", "WET_SLIPS": 22, "DRY_STORAGE": 0, "PUMPOUT_TYPE": "NONE", "LAT_DD": 29.07936515, "LONG_DD": -80.92918454, "WATERBODY": "Halifax River", "MOORING_LINES": 0, "PUMPOUT": "N", "CREATED_USER": null, "CREATED_DATE": null, "LAST_EDITED_USER": null, "LAST_EDITED_DATE": null, "LAND_OWNERSHIP_TYPE": null, "PUBLIC_OWNERSHIP_TYPE": null, "PHONE": null }, "geometry": { "type": "Point", "coordinates": [ -80.929187535795847, 29.079370638550369 ] } },
{ "type": "Feature", "properties": { "OBJECTID": 108, "CMP_ID": "CMP01-037", "FACILITY_TYPE": "Marina", "FACILITY_NAME": "Loggerhead Marina - Aventura", "ADDRESS": "3601 NE 207th St", "CITY": "Aventura", "ZIP": "33180", "COUNTY": "Dade", "WEBSITE": "http://www.loggerheadaventura.com/", "WET_SLIPS": 99, "DRY_STORAGE": 0, "PUMPOUT_TYPE": "portable", "LAT_DD": 25.96888112, "LONG_DD": -80.12972833000001, "WATERBODY": "Intercoastal Waterway", "MOORING_LINES": 0, "PUMPOUT": "Y", "CREATED_USER": null, "CREATED_DATE": null, "LAST_EDITED_USER": null, "LAST_EDITED_DATE": null, "LAND_OWNERSHIP_TYPE": null, "PUBLIC_OWNERSHIP_TYPE": null, "PHONE": "305-935-4295" }, "geometry": { "type": "Point", "coordinates": [ -80.129730994931251, 25.968885860855373 ] } },
{ "type": "Feature", "properties": { "OBJECTID": 109, "CMP_ID": "CMP07-332", "FACILITY_TYPE": "Boatyard", "FACILITY_NAME": "Lauderdale Marine Center", "ADDRESS": "2001 SW 20th Street, Suite 102", "CITY": "Ft Lauderdale", "ZIP": "33315", "COUNTY": "Broward", "WEBSITE": "http://www.lauderdalemarinecenter.com", "WET_SLIPS": 156, "DRY_STORAGE": 60, "PUMPOUT_TYPE": null, "LAT_DD": 26.09677689, "LONG_DD": -80.16520443, "WATERBODY": "South Fork New River", "MOORING_LINES": 0, "PUMPOUT": "Y", "CREATED_USER": null, "CREATED_DATE": null, "LAST_EDITED_USER": null, "LAST_EDITED_DATE": null, "LAND_OWNERSHIP_TYPE": null, "PUBLIC_OWNERSHIP_TYPE": null, "PHONE": "954-713-0333" }, "geometry": { "type": "Point", "coordinates": [ -80.165207115246972, 26.096781659628288 ] } },
{ "type": "Feature", "properties": { "OBJECTID": 110, "CMP_ID": "CMP00-035", "FACILITY_TYPE": "Boatyard", "FACILITY_NAME": "Marine Max East", "ADDRESS": "490 Taylor Lane", "CITY": "Dania Beach", "ZIP": "33004", "COUNTY": "Broward", "WEBSITE": "http://www.marinemax.com", "WET_SLIPS": 5, "DRY_STORAGE": 16, "PUMPOUT_TYPE": "NONE", "LAT_DD": 26.06143641, "LONG_DD": -80.13593367, "WATERBODY": "Dania Cut-Off Canal", "MOORING_LINES": 0, "PUMPOUT": "N", "CREATED_USER": null, "CREATED_DATE": null, "LAST_EDITED_USER": null, "LAST_EDITED_DATE": null, "LAND_OWNERSHIP_TYPE": null, "PUBLIC_OWNERSHIP_TYPE": null, "PHONE": "954-926-0308" }, "geometry": { "type": "Point", "coordinates": [ -80.135936337696535, 26.061441167789404 ] } },
{ "type": "Feature", "properties": { "OBJECTID": 111, "CMP_ID": "CMP12-477", "FACILITY_TYPE": "Boatyard", "FACILITY_NAME": "Harbour Marine Services", "ADDRESS": "1490 Kastner Place", "CITY": "Sanford", "ZIP": "32771", "COUNTY": "Seminole", "WEBSITE": "http://www.harbortownmarina-fortpierce.com/ ", "WET_SLIPS": 0, "DRY_STORAGE": 0, "PUMPOUT_TYPE": "NONE", "LAT_DD": 28.83145922, "LONG_DD": -81.32829229, "WATERBODY": "N/A", "MOORING_LINES": 0, "PUMPOUT": "N", "CREATED_USER": null, "CREATED_DATE": null, "LAST_EDITED_USER": null, "LAST_EDITED_DATE": null, "LAND_OWNERSHIP_TYPE": null, "PUBLIC_OWNERSHIP_TYPE": null, "PHONE": "407-324-0911" }, "geometry": { "type": "Point", "coordinates": [ -81.328295392666277, 28.831464635584567 ] } },
{ "type": "Feature", "properties": { "OBJECTID": 112, "CMP_ID": "CMP01-062", "FACILITY_TYPE": "Boatyard", "FACILITY_NAME": "Harbour Towne Marina", "ADDRESS": "801 NE 3rd Street", "CITY": "Dania Beach", "ZIP": "33004", "COUNTY": "Broward", "WEBSITE": "http://www.harbourtownemarina.com", "WET_SLIPS": 154, "DRY_STORAGE": 610, "PUMPOUT_TYPE": null, "LAT_DD": 26.05799919, "LONG_DD": -80.13015447, "WATERBODY": "Dania Cut-Off Canal", "MOORING_LINES": 0, "PUMPOUT": "Y", "CREATED_USER": null, "CREATED_DATE": null, "LAST_EDITED_USER": null, "LAST_EDITED_DATE": null, "LAND_OWNERSHIP_TYPE": null, "PUBLIC_OWNERSHIP_TYPE": null, "PHONE": "954-926-0300" }, "geometry": { "type": "Point", "coordinates": [ -80.130157138812137, 26.058003948543227 ] } },
{ "type": "Feature", "properties": { "OBJECTID": 113, "CMP_ID": "CMP06-253", "FACILITY_TYPE": "Marina", "FACILITY_NAME": "Herbert Hoover Marina", "ADDRESS": "9698 SW 328th St", "CITY": "Homestead", "ZIP": "33030", "COUNTY": "Dade", "WEBSITE": "http://www.miamidade.gov/parks/facilities-marinas.asp", "WET_SLIPS": 178, "DRY_STORAGE": 32, "PUMPOUT_TYPE": "stationary", "LAT_DD": 25.4619351, "LONG_DD": -80.33652854, "WATERBODY": "Biscayne Bay", "MOORING_LINES": 0, "PUMPOUT": "Y", "CREATED_USER": null, "CREATED_DATE": null, "LAST_EDITED_USER": null, "LAST_EDITED_DATE": null, "LAND_OWNERSHIP_TYPE": null, "PUBLIC_OWNERSHIP_TYPE": null, "PHONE": "305-230-3033" }, "geometry": { "type": "Point", "coordinates": [ -80.336531249645333, 25.461939700964344 ] } },
{ "type": "Feature", "properties": { "OBJECTID": 114, "CMP_ID": "CMP09-367", "FACILITY_TYPE": "Marina", "FACILITY_NAME": "Loggerhead Marina - South Miami", "ADDRESS": "24777 SW 87th Ave", "CITY": "Miami", "ZIP": "33032", "COUNTY": "Dade", "WEBSITE": "http://www.loggerheadmiami.com/", "WET_SLIPS": 10, "DRY_STORAGE": 300, "PUMPOUT_TYPE": "NONE", "LAT_DD": 25.53764936, "LONG_DD": -80.32786609, "WATERBODY": "Biscayne Bay", "MOORING_LINES": 0, "PUMPOUT": "N", "CREATED_USER": null, "CREATED_DATE": null, "LAST_EDITED_USER": null, "LAST_EDITED_DATE": null, "LAND_OWNERSHIP_TYPE": null, "PUBLIC_OWNERSHIP_TYPE": null, "PHONE": "305-258-3500" }, "geometry": { "type": "Point", "coordinates": [ -80.327868807355856, 25.537653985663759 ] } },
{ "type": "Feature", "properties": { "OBJECTID": 115, "CMP_ID": "CMP09-397", "FACILITY_TYPE": "Retailer", "FACILITY_NAME": "Bill's Discount Marine", "ADDRESS": "3800 US Hwy 1", "CITY": "Grant", "ZIP": "32949", "COUNTY": "Brevard", "WEBSITE": "http://www.billsdiscountmarine.com ", "WET_SLIPS": 9, "DRY_STORAGE": 0, "PUMPOUT_TYPE": null, "LAT_DD": 27.95875602, "LONG_DD": -80.54023956, "WATERBODY": "Indian River Lagoon", "MOORING_LINES": 0, "PUMPOUT": "N", "CREATED_USER": null, "CREATED_DATE": null, "LAST_EDITED_USER": null, "LAST_EDITED_DATE": null, "LAND_OWNERSHIP_TYPE": null, "PUBLIC_OWNERSHIP_TYPE": null, "PHONE": "321-674-2060" }, "geometry": { "type": "Point", "coordinates": [ -80.540242407905296, 27.958761243358442 ] } },
{ "type": "Feature", "properties": { "OBJECTID": 116, "CMP_ID": "CMP09-399", "FACILITY_TYPE": "Retailer", "FACILITY_NAME": "Bluepoints Marina", "ADDRESS": "726 Scallop Drive", "CITY": "Port Canaveral", "ZIP": "32920", "COUNTY": "Brevard", "WEBSITE": "http://www.bluepointsmarina.com", "WET_SLIPS": 26, "DRY_STORAGE": 560, "PUMPOUT_TYPE": null, "LAT_DD": 28.40776892, "LONG_DD": -80.62249085000001, "WATERBODY": "Port Canaveral", "MOORING_LINES": 0, "PUMPOUT": "Y", "CREATED_USER": null, "CREATED_DATE": null, "LAST_EDITED_USER": null, "LAST_EDITED_DATE": null, "LAND_OWNERSHIP_TYPE": null, "PUBLIC_OWNERSHIP_TYPE": null, "PHONE": "321-799-2860" }, "geometry": { "type": "Point", "coordinates": [ -80.622493732573631, 28.407774254030048 ] } },
{ "type": "Feature", "properties": { "OBJECTID": 117, "CMP_ID": "CMP14-522", "FACILITY_TYPE": "Resilient", "FACILITY_NAME": "Bluepoints Marina", "ADDRESS": "726 Scallop Drive", "CITY": "Port Canaveral", "ZIP": "32920", "COUNTY": "Brevard", "WEBSITE": "http://www.bluepointsmarina.com", "WET_SLIPS": 26, "DRY_STORAGE": 560, "PUMPOUT_TYPE": null, "LAT_DD": 28.40777007, "LONG_DD": -80.62249212, "WATERBODY": "Port Canaveral", "MOORING_LINES": 0, "PUMPOUT": "Y", "CREATED_USER": null, "CREATED_DATE": null, "LAST_EDITED_USER": null, "LAST_EDITED_DATE": null, "LAND_OWNERSHIP_TYPE": null, "PUBLIC_OWNERSHIP_TYPE": null, "PHONE": "321-799-2860" }, "geometry": { "type": "Point", "coordinates": [ -80.622495005206758, 28.407775405298555 ] } },
{ "type": "Feature", "properties": { "OBJECTID": 118, "CMP_ID": "CMP11-453", "FACILITY_TYPE": "Marina", "FACILITY_NAME": "Fort George Island Marina", "ADDRESS": "9954 Heckscher Dr.", "CITY": "Jacksonville", "ZIP": "32226", "COUNTY": "Duval", "WEBSITE": "http://www.fortgeorgeislandmarina.com", "WET_SLIPS": 13, "DRY_STORAGE": 127, "PUMPOUT_TYPE": "portable", "LAT_DD": 30.40161316, "LONG_DD": -81.43173175, "WATERBODY": "St. John Inlet", "MOORING_LINES": 0, "PUMPOUT": "Y", "CREATED_USER": null, "CREATED_DATE": null, "LAST_EDITED_USER": null, "LAST_EDITED_DATE": null, "LAND_OWNERSHIP_TYPE": null, "PUBLIC_OWNERSHIP_TYPE": null, "PHONE": "904-251-0050" }, "geometry": { "type": "Point", "coordinates": [ -81.431734941169665, 30.401618946338058 ] } },
{ "type": "Feature", "properties": { "OBJECTID": 119, "CMP_ID": "CMP10-433", "FACILITY_TYPE": "Marina", "FACILITY_NAME": "Island Harbor Marina", "ADDRESS": "123 Orange Street S", "CITY": "Palm Harbor", "ZIP": "34683", "COUNTY": "Pinellas", "WEBSITE": "http://islandharbormarinapalmharbor.com", "WET_SLIPS": 44, "DRY_STORAGE": 138, "PUMPOUT_TYPE": "NONE", "LAT_DD": 28.05851023, "LONG_DD": -82.77612685, "WATERBODY": "St. Joseph's Sound", "MOORING_LINES": 0, "PUMPOUT": "N", "CREATED_USER": null, "CREATED_DATE": null, "LAST_EDITED_USER": null, "LAST_EDITED_DATE": null, "LAND_OWNERSHIP_TYPE": null, "PUBLIC_OWNERSHIP_TYPE": null, "PHONE": "727-784-3014" }, "geometry": { "type": "Point", "coordinates": [ -82.776130343128258, 28.05851541960401 ] } },
{ "type": "Feature", "properties": { "OBJECTID": 120, "CMP_ID": "CMP09-369", "FACILITY_TYPE": "Marina", "FACILITY_NAME": "City of Treasure Island Municipal Marina", "ADDRESS": "120 108th Ave", "CITY": "Treasure Island", "ZIP": "33706", "COUNTY": "Pinellas", "WEBSITE": "http://www.mytreasureisland.org", "WET_SLIPS": 14, "DRY_STORAGE": 0, "PUMPOUT_TYPE": "NONE", "LAT_DD": 27.77110153, "LONG_DD": -82.76875761, "WATERBODY": "Boca Ciega Bay", "MOORING_LINES": 0, "PUMPOUT": "N", "CREATED_USER": null, "CREATED_DATE": null, "LAST_EDITED_USER": null, "LAST_EDITED_DATE": null, "LAND_OWNERSHIP_TYPE": null, "PUBLIC_OWNERSHIP_TYPE": null, "PHONE": "727-547-4575" }, "geometry": { "type": "Point", "coordinates": [ -82.768761092501876, 27.771106649540066 ] } },
{ "type": "Feature", "properties": { "OBJECTID": 121, "CMP_ID": "CMP12-498", "FACILITY_TYPE": "Boatyard", "FACILITY_NAME": "Sunrise Marina ", "ADDRESS": "506 Glen Cheek Drive", "CITY": "Cape Canaveral", "ZIP": "32920", "COUNTY": "Brevard", "WEBSITE": "http://sunrisemarina.com ", "WET_SLIPS": 18, "DRY_STORAGE": 120, "PUMPOUT_TYPE": null, "LAT_DD": 28.40860649, "LONG_DD": -80.61432237, "WATERBODY": "Port Canaveral", "MOORING_LINES": 0, "PUMPOUT": "N", "CREATED_USER": null, "CREATED_DATE": null, "LAST_EDITED_USER": null, "LAST_EDITED_DATE": null, "LAND_OWNERSHIP_TYPE": null, "PUBLIC_OWNERSHIP_TYPE": null, "PHONE": "321-783-9535" }, "geometry": { "type": "Point", "coordinates": [ -80.614325251783569, 28.408611818710828 ] } },
{ "type": "Feature", "properties": { "OBJECTID": 122, "CMP_ID": "CMP09-381", "FACILITY_TYPE": "Marina", "FACILITY_NAME": "Bay Pines Marina", "ADDRESS": "5000 92nd Street N", "CITY": "St Petersburg", "ZIP": "33708", "COUNTY": "Pinellas", "WEBSITE": "http://www.baypinesmarina.com", "WET_SLIPS": 60, "DRY_STORAGE": 300, "PUMPOUT_TYPE": "stationary", "LAT_DD": 27.81765892, "LONG_DD": -82.76773857000001, "WATERBODY": "Long Bayou", "MOORING_LINES": 0, "PUMPOUT": "Y", "CREATED_USER": null, "CREATED_DATE": null, "LAST_EDITED_USER": null, "LAST_EDITED_DATE": null, "LAND_OWNERSHIP_TYPE": null, "PUBLIC_OWNERSHIP_TYPE": null, "PHONE": "727-392-4922" }, "geometry": { "type": "Point", "coordinates": [ -82.767742056153438, 27.817664050445892 ] } },
{ "type": "Feature", "properties": { "OBJECTID": 123, "CMP_ID": "CMP12-492", "FACILITY_TYPE": "Marina", "FACILITY_NAME": "Anclote Isles Marina", "ADDRESS": "331 Anclote Rd", "CITY": "Tarpon Springs", "ZIP": "34689", "COUNTY": "Pinellas", "WEBSITE": "http://www.ancloteisles-marina.com", "WET_SLIPS": 70, "DRY_STORAGE": 0, "PUMPOUT_TYPE": "N/A", "LAT_DD": 28.15971786, "LONG_DD": -82.76486856, "WATERBODY": "Anclote River", "MOORING_LINES": 0, "PUMPOUT": "Y", "CREATED_USER": null, "CREATED_DATE": null, "LAST_EDITED_USER": null, "LAST_EDITED_DATE": null, "LAND_OWNERSHIP_TYPE": null, "PUBLIC_OWNERSHIP_TYPE": null, "PHONE": "727-939-0100" }, "geometry": { "type": "Point", "coordinates": [ -82.764872054293903, 28.159723077810142 ] } },
{ "type": "Feature", "properties": { "OBJECTID": 124, "CMP_ID": "CMP02-116", "FACILITY_TYPE": "Boatyard", "FACILITY_NAME": "Manatee Cove Marina & Boatyard", "ADDRESS": "876 Marina Rd", "CITY": "Patrick AFB", "ZIP": "32925", "COUNTY": "Brevard", "WEBSITE": "http://www.gopatrickfl.com/marina.html", "WET_SLIPS": 214, "DRY_STORAGE": 200, "PUMPOUT_TYPE": null, "LAT_DD": 28.21424583, "LONG_DD": -80.61181799000001, "WATERBODY": "Banana River", "MOORING_LINES": 0, "PUMPOUT": "Y", "CREATED_USER": null, "CREATED_DATE": null, "LAST_EDITED_USER": null, "LAST_EDITED_DATE": null, "LAND_OWNERSHIP_TYPE": null, "PUBLIC_OWNERSHIP_TYPE": null, "PHONE": "321-494-7856" }, "geometry": { "type": "Point", "coordinates": [ -80.611820867646358, 28.214251109750784 ] } },
{ "type": "Feature", "properties": { "OBJECTID": 125, "CMP_ID": "CMP08-340", "FACILITY_TYPE": "Marina", "FACILITY_NAME": "Belle Harbour Marina", "ADDRESS": "307 Anclote Rd", "CITY": "Tarpon Springs", "ZIP": "34689", "COUNTY": "Pinellas", "WEBSITE": "http://www.belleharbourmarina.com", "WET_SLIPS": 18, "DRY_STORAGE": 114, "PUMPOUT_TYPE": "stationary", "LAT_DD": 28.15986888, "LONG_DD": -82.76237506, "WATERBODY": "Anclote River", "MOORING_LINES": 0, "PUMPOUT": "Y", "CREATED_USER": null, "CREATED_DATE": null, "LAST_EDITED_USER": null, "LAST_EDITED_DATE": null, "LAND_OWNERSHIP_TYPE": null, "PUBLIC_OWNERSHIP_TYPE": null, "PHONE": "727-943-8489" }, "geometry": { "type": "Point", "coordinates": [ -82.762378555987226, 28.159874095765641 ] } },
{ "type": "Feature", "properties": { "OBJECTID": 126, "CMP_ID": "CMP08-339", "FACILITY_TYPE": "Marina", "FACILITY_NAME": "Tarpon Springs City Marina", "ADDRESS": "100 Dodecanese Blvd", "CITY": "Tarpon Springs", "ZIP": "34689", "COUNTY": "Pinellas", "WEBSITE": "http://www.ctsfl.us", "WET_SLIPS": 21, "DRY_STORAGE": 0, "PUMPOUT_TYPE": "NONE", "LAT_DD": 28.15567135, "LONG_DD": -82.75814156, "WATERBODY": "Anclote River", "MOORING_LINES": 0, "PUMPOUT": "N", "CREATED_USER": null, "CREATED_DATE": null, "LAST_EDITED_USER": null, "LAST_EDITED_DATE": null, "LAND_OWNERSHIP_TYPE": null, "PUBLIC_OWNERSHIP_TYPE": null, "PHONE": "727-937-9165" }, "geometry": { "type": "Point", "coordinates": [ -82.7581450507288, 28.155676567077496 ] } },
{ "type": "Feature", "properties": { "OBJECTID": 127, "CMP_ID": "CMP13-503", "FACILITY_TYPE": "Marina", "FACILITY_NAME": "Pasadena Marina", "ADDRESS": "1740 Harbor Place", "CITY": "S Pasadena", "ZIP": "33707", "COUNTY": "Pinellas", "WEBSITE": "http://www.pasadenamarina.com", "WET_SLIPS": 125, "DRY_STORAGE": 0, "PUMPOUT_TYPE": "slip", "LAT_DD": 27.75185134, "LONG_DD": -82.73673164, "WATERBODY": "Boca Ciega Bay", "MOORING_LINES": 0, "PUMPOUT": "Y", "CREATED_USER": null, "CREATED_DATE": null, "LAST_EDITED_USER": null, "LAST_EDITED_DATE": null, "LAND_OWNERSHIP_TYPE": null, "PUBLIC_OWNERSHIP_TYPE": null, "PHONE": "727-343-4500" }, "geometry": { "type": "Point", "coordinates": [ -82.736735112616572, 27.751856461720138 ] } },
{ "type": "Feature", "properties": { "OBJECTID": 128, "CMP_ID": "CMP10-443", "FACILITY_TYPE": "Marina", "FACILITY_NAME": "Galati Yacht Sales", "ADDRESS": "900 S Bay Blvd", "CITY": "Anna Maria Island", "ZIP": "34216", "COUNTY": "Manatee", "WEBSITE": "http://www.galatiyachts.com/", "WET_SLIPS": 65, "DRY_STORAGE": 0, "PUMPOUT_TYPE": "stationary", "LAT_DD": 27.52734869, "LONG_DD": -82.72155579, "WATERBODY": "Bimini Bay", "MOORING_LINES": 0, "PUMPOUT": "Y", "CREATED_USER": null, "CREATED_DATE": null, "LAST_EDITED_USER": null, "LAST_EDITED_DATE": null, "LAND_OWNERSHIP_TYPE": null, "PUBLIC_OWNERSHIP_TYPE": null, "PHONE": "941-778-0755" }, "geometry": { "type": "Point", "coordinates": [ -82.721559253530387, 27.527353753302933 ] } },
{ "type": "Feature", "properties": { "OBJECTID": 129, "CMP_ID": "CMP09-401", "FACILITY_TYPE": "Marina", "FACILITY_NAME": "Pasadena Yacht & Country Club", "ADDRESS": "6300 Pasadena Point Blvd S", "CITY": "Gulfport", "ZIP": "33707", "COUNTY": "Pinellas", "WEBSITE": "http://www.pyccgolf.com", "WET_SLIPS": 83, "DRY_STORAGE": 0, "PUMPOUT_TYPE": "stationary  vacuum", "LAT_DD": 27.7490785, "LONG_DD": -82.72205693, "WATERBODY": "Boca Ciega Bay", "MOORING_LINES": 0, "PUMPOUT": "Y", "CREATED_USER": null, "CREATED_DATE": null, "LAST_EDITED_USER": null, "LAST_EDITED_DATE": null, "LAND_OWNERSHIP_TYPE": null, "PUBLIC_OWNERSHIP_TYPE": null, "PHONE": "727-381-7922" }, "geometry": { "type": "Point", "coordinates": [ -82.722060405178567, 27.749083620216748 ] } },
{ "type": "Feature", "properties": { "OBJECTID": 130, "CMP_ID": "CMP01-045", "FACILITY_TYPE": "Marina", "FACILITY_NAME": "Tierra Verde Marina", "ADDRESS": "100 Pinellas Bayway S", "CITY": "Tierra Verde", "ZIP": "33715", "COUNTY": "Pinellas", "WEBSITE": "http://www.tvmarina.com", "WET_SLIPS": 64, "DRY_STORAGE": 314, "PUMPOUT_TYPE": "NONE", "LAT_DD": 27.69208486, "LONG_DD": -82.72038546, "WATERBODY": " ", "MOORING_LINES": 0, "PUMPOUT": "N", "CREATED_USER": null, "CREATED_DATE": null, "LAST_EDITED_USER": null, "LAST_EDITED_DATE": null, "LAND_OWNERSHIP_TYPE": null, "PUBLIC_OWNERSHIP_TYPE": null, "PHONE": "727-866-0255" }, "geometry": { "type": "Point", "coordinates": [ -82.720388926807331, 27.692089959284889 ] } },
{ "type": "Feature", "properties": { "OBJECTID": 131, "CMP_ID": "CMP05-231", "FACILITY_TYPE": "Marina", "FACILITY_NAME": "Isla Del Sol Yacht & Country Club", "ADDRESS": "6000 Sun Blvd", "CITY": "St. Petersburg", "ZIP": "33715", "COUNTY": "Pinellas", "WEBSITE": "http://www.isladelsolyoc.com", "WET_SLIPS": 44, "DRY_STORAGE": 30, "PUMPOUT_TYPE": "stationary", "LAT_DD": 27.7145575, "LONG_DD": -82.7152379, "WATERBODY": "Boca Ciega Bay", "MOORING_LINES": 0, "PUMPOUT": "Y", "CREATED_USER": null, "CREATED_DATE": null, "LAST_EDITED_USER": null, "LAST_EDITED_DATE": null, "LAND_OWNERSHIP_TYPE": null, "PUBLIC_OWNERSHIP_TYPE": null, "PHONE": "727-906-4752" }, "geometry": { "type": "Point", "coordinates": [ -82.715241368234771, 27.714562610106068 ] } },
{ "type": "Feature", "properties": { "OBJECTID": 132, "CMP_ID": "CMP02-094", "FACILITY_TYPE": "Marina", "FACILITY_NAME": "Gulfport Municipal Marina", "ADDRESS": "4630 29th Ave S", "CITY": "Gulfport", "ZIP": "33711", "COUNTY": "Pinellas", "WEBSITE": "http://mygulfport.us/marina/", "WET_SLIPS": 250, "DRY_STORAGE": 60, "PUMPOUT_TYPE": "stationary  vacuum", "LAT_DD": 27.74063096, "LONG_DD": -82.69615577, "WATERBODY": "Boca Ciega Bay", "MOORING_LINES": 0, "PUMPOUT": "Y", "CREATED_USER": null, "CREATED_DATE": null, "LAST_EDITED_USER": null, "LAST_EDITED_DATE": null, "LAND_OWNERSHIP_TYPE": null, "PUBLIC_OWNERSHIP_TYPE": null, "PHONE": "727-893-1071" }, "geometry": { "type": "Point", "coordinates": [ -82.696159237758565, 27.740636073701303 ] } },
{ "type": "Feature", "properties": { "OBJECTID": 133, "CMP_ID": "CMP04-203", "FACILITY_TYPE": "Marina", "FACILITY_NAME": "Safety Harbor City Marina", "ADDRESS": "110 Veterans Memorial Lane", "CITY": "Safety Harbor", "ZIP": "34695", "COUNTY": "Pinellas", "WEBSITE": "http://www.cityofsafetyharbor.com", "WET_SLIPS": 44, "DRY_STORAGE": 0, "PUMPOUT_TYPE": "NONE", "LAT_DD": 27.98956618, "LONG_DD": -82.68763637000001, "WATERBODY": "Upper Tampa Bay", "MOORING_LINES": 0, "PUMPOUT": "N", "CREATED_USER": null, "CREATED_DATE": null, "LAST_EDITED_USER": null, "LAST_EDITED_DATE": null, "LAND_OWNERSHIP_TYPE": null, "PUBLIC_OWNERSHIP_TYPE": null, "PHONE": "727-724-1545" }, "geometry": { "type": "Point", "coordinates": [ -82.687639836095542, 27.989571360695827 ] } },
{ "type": "Feature", "properties": { "OBJECTID": 134, "CMP_ID": "CMP09-396", "FACILITY_TYPE": "Retailer", "FACILITY_NAME": "Sebastian Inlet Marina", "ADDRESS": "8685 US Highway 1", "CITY": "Micco", "ZIP": "32976", "COUNTY": "Brevard", "WEBSITE": "http://www.sebastianinletmarina.com", "WET_SLIPS": 25, "DRY_STORAGE": 230, "PUMPOUT_TYPE": null, "LAT_DD": 27.86968807, "LONG_DD": -80.49521569, "WATERBODY": "Indian River", "MOORING_LINES": 0, "PUMPOUT": "Y", "CREATED_USER": null, "CREATED_DATE": null, "LAST_EDITED_USER": null, "LAST_EDITED_DATE": null, "LAND_OWNERSHIP_TYPE": null, "PUBLIC_OWNERSHIP_TYPE": null, "PHONE": "772-664-8500" }, "geometry": { "type": "Point", "coordinates": [ -80.49521852282713, 27.869693273899504 ] } },
{ "type": "Feature", "properties": { "OBJECTID": 135, "CMP_ID": "CMP09-395", "FACILITY_TYPE": "Boatyard", "FACILITY_NAME": "Sebastian Inlet Marina", "ADDRESS": "8685 US Highway 1", "CITY": "Micco", "ZIP": "32976", "COUNTY": "Brevard", "WEBSITE": "http://www.sebastianinletmarina.com", "WET_SLIPS": 25, "DRY_STORAGE": 230, "PUMPOUT_TYPE": null, "LAT_DD": 27.86969041, "LONG_DD": -80.4952146, "WATERBODY": "Indian River", "MOORING_LINES": 0, "PUMPOUT": "Y", "CREATED_USER": null, "CREATED_DATE": null, "LAST_EDITED_USER": null, "LAST_EDITED_DATE": null, "LAND_OWNERSHIP_TYPE": null, "PUBLIC_OWNERSHIP_TYPE": null, "PHONE": "772-664-8500" }, "geometry": { "type": "Point", "coordinates": [ -80.495217431760636, 27.869695611126058 ] } },
{ "type": "Feature", "properties": { "OBJECTID": 136, "CMP_ID": "CMP07-322", "FACILITY_TYPE": "Marina", "FACILITY_NAME": "Loggerhead Marina - St. Petersburg", "ADDRESS": "5821 32nd Way South", "CITY": "St. Petersburg", "ZIP": "33712", "COUNTY": "Pinellas", "WEBSITE": "http://www.loggerheadstpete.com/", "WET_SLIPS": 103, "DRY_STORAGE": 327, "PUMPOUT_TYPE": "stationary", "LAT_DD": 27.71475166, "LONG_DD": -82.67827724, "WATERBODY": "Frenchmans Creek", "MOORING_LINES": 0, "PUMPOUT": "Y", "CREATED_USER": null, "CREATED_DATE": null, "LAST_EDITED_USER": null, "LAST_EDITED_DATE": null, "LAND_OWNERSHIP_TYPE": null, "PUBLIC_OWNERSHIP_TYPE": null, "PHONE": "727-867-2600" }, "geometry": { "type": "Point", "coordinates": [ -82.678280702386743, 27.714756769945065 ] } },
{ "type": "Feature", "properties": { "OBJECTID": 137, "CMP_ID": "CMP05-219", "FACILITY_TYPE": "Marina", "FACILITY_NAME": "Cannons Marina", "ADDRESS": "6040 Gulf of Mexico Drive", "CITY": "Longboat Key", "ZIP": "34228", "COUNTY": "Manatee", "WEBSITE": "http://www.cannons.com", "WET_SLIPS": 25, "DRY_STORAGE": 30, "PUMPOUT_TYPE": "NONE", "LAT_DD": 27.42204526, "LONG_DD": -82.66787273, "WATERBODY": "Sarasota Bay", "MOORING_LINES": 0, "PUMPOUT": "N", "CREATED_USER": null, "CREATED_DATE": null, "LAST_EDITED_USER": null, "LAST_EDITED_DATE": null, "LAND_OWNERSHIP_TYPE": null, "PUBLIC_OWNERSHIP_TYPE": null, "PHONE": "941-383-1311" }, "geometry": { "type": "Point", "coordinates": [ -82.667876170919854, 27.422050303505255 ] } },
{ "type": "Feature", "properties": { "OBJECTID": 138, "CMP_ID": "CMP00-012", "FACILITY_TYPE": "Marina", "FACILITY_NAME": "The Harborage Marina at Bayboro", "ADDRESS": "1110 3rd St S", "CITY": "St Petersburg", "ZIP": "33701", "COUNTY": "Pinellas", "WEBSITE": "http://www.harboragemarina.com", "WET_SLIPS": 300, "DRY_STORAGE": 400, "PUMPOUT_TYPE": "peristalic, stationary", "LAT_DD": 27.7592016, "LONG_DD": -82.63678495000001, "WATERBODY": "Tampa Bay", "MOORING_LINES": 0, "PUMPOUT": "Y", "CREATED_USER": null, "CREATED_DATE": null, "LAST_EDITED_USER": null, "LAST_EDITED_DATE": null, "LAND_OWNERSHIP_TYPE": null, "PUBLIC_OWNERSHIP_TYPE": null, "PHONE": "727-821-6347" }, "geometry": { "type": "Point", "coordinates": [ -82.636788395295298, 27.759206723111003 ] } },
{ "type": "Feature", "properties": { "OBJECTID": 139, "CMP_ID": "CMP02-077", "FACILITY_TYPE": "Marina", "FACILITY_NAME": "St. Petersburg Municipal Marina", "ADDRESS": "300 2nd Ave SE", "CITY": "St. Petersburg", "ZIP": "33701", "COUNTY": "Pinellas", "WEBSITE": "http://www.stpete.org", "WET_SLIPS": 645, "DRY_STORAGE": 0, "PUMPOUT_TYPE": "stationary  boat", "LAT_DD": 27.76952925, "LONG_DD": -82.63006656, "WATERBODY": "Tampa Bay", "MOORING_LINES": 13, "PUMPOUT": "Y", "CREATED_USER": null, "CREATED_DATE": null, "LAST_EDITED_USER": null, "LAST_EDITED_DATE": null, "LAND_OWNERSHIP_TYPE": null, "PUBLIC_OWNERSHIP_TYPE": null, "PHONE": "800-782-8350" }, "geometry": { "type": "Point", "coordinates": [ -82.630070008146674, 27.769534372928103 ] } },
{ "type": "Feature", "properties": { "OBJECTID": 140, "CMP_ID": "CMP00-021", "FACILITY_TYPE": "Marina", "FACILITY_NAME": "Palm Cove Marina", "ADDRESS": "14603 Beach Blvd, Suite 100", "CITY": "Jacksonville", "ZIP": "32250", "COUNTY": "Duval", "WEBSITE": "http://www.palmcovemarina.com", "WET_SLIPS": 221, "DRY_STORAGE": 432, "PUMPOUT_TYPE": "portable  vacuum", "LAT_DD": 30.28913287, "LONG_DD": -81.43103285, "WATERBODY": "Lake Cusic", "MOORING_LINES": 0, "PUMPOUT": "Y", "CREATED_USER": null, "CREATED_DATE": null, "LAST_EDITED_USER": null, "LAST_EDITED_DATE": null, "LAND_OWNERSHIP_TYPE": null, "PUBLIC_OWNERSHIP_TYPE": null, "PHONE": "904-223-4757" }, "geometry": { "type": "Point", "coordinates": [ -81.431036038264139, 30.289138631725759 ] } },
{ "type": "Feature", "properties": { "OBJECTID": 141, "CMP_ID": "CMP12-480", "FACILITY_TYPE": "Marina", "FACILITY_NAME": "Marineland Marina", "ADDRESS": "101 Tolstoy Lane", "CITY": "St. Augustine", "ZIP": "32080", "COUNTY": "Flagler", "WEBSITE": "http://www.marinelandmarina.com", "WET_SLIPS": 25, "DRY_STORAGE": 0, "PUMPOUT_TYPE": "stationary", "LAT_DD": 29.669877, "LONG_DD": -81.215475, "WATERBODY": "Intercoastal Waterway", "MOORING_LINES": 0, "PUMPOUT": "Y", "CREATED_USER": null, "CREATED_DATE": null, "LAST_EDITED_USER": null, "LAST_EDITED_DATE": null, "LAND_OWNERSHIP_TYPE": null, "PUBLIC_OWNERSHIP_TYPE": null, "PHONE": "904-814-9886" }, "geometry": { "type": "Point", "coordinates": [ -81.215478100046212, 29.669882617821543 ] } },
{ "type": "Feature", "properties": { "OBJECTID": 142, "CMP_ID": "CMP02-124", "FACILITY_TYPE": "Marina", "FACILITY_NAME": "Conch House Marina", "ADDRESS": "57 Comares Ave", "CITY": "St Augustine", "ZIP": "32080", "COUNTY": "St. Johns", "WEBSITE": "http://www.conch-house.com", "WET_SLIPS": 200, "DRY_STORAGE": 0, "PUMPOUT_TYPE": "stationary  boat", "LAT_DD": 29.89338748, "LONG_DD": -81.29456293, "WATERBODY": "Salt Run", "MOORING_LINES": 0, "PUMPOUT": "Y", "CREATED_USER": null, "CREATED_DATE": null, "LAST_EDITED_USER": null, "LAST_EDITED_DATE": null, "LAND_OWNERSHIP_TYPE": null, "PUBLIC_OWNERSHIP_TYPE": null, "PHONE": "904-824-4347" }, "geometry": { "type": "Point", "coordinates": [ -81.294566066193823, 29.893393148934408 ] } },
{ "type": "Feature", "properties": { "OBJECTID": 143, "CMP_ID": "CMP03-145", "FACILITY_TYPE": "Marina", "FACILITY_NAME": "Palm Coast Marina", "ADDRESS": "200 Clubhouse Dr", "CITY": "Palm Coast", "ZIP": "32137", "COUNTY": "Flagler", "WEBSITE": "http://www.palmcoastmarina.net", "WET_SLIPS": 80, "DRY_STORAGE": 0, "PUMPOUT_TYPE": "stationary", "LAT_DD": 29.57678631, "LONG_DD": -81.19393413, "WATERBODY": "Intercoastal Waterway", "MOORING_LINES": 0, "PUMPOUT": "Y", "CREATED_USER": null, "CREATED_DATE": null, "LAST_EDITED_USER": null, "LAST_EDITED_DATE": null, "LAND_OWNERSHIP_TYPE": null, "PUBLIC_OWNERSHIP_TYPE": null, "PHONE": "386-446-6370" }, "geometry": { "type": "Point", "coordinates": [ -81.193937215766383, 29.576791904370392 ] } },
{ "type": "Feature", "properties": { "OBJECTID": 144, "CMP_ID": "CMP03-164", "FACILITY_TYPE": "Marina", "FACILITY_NAME": "New Port Cove Marine Center", "ADDRESS": "255 E 22nd Ct", "CITY": "Riviera Beach", "ZIP": "33404", "COUNTY": "Palm Beach", "WEBSITE": "http://www.opch.com/new_port_cove.php", "WET_SLIPS": 49, "DRY_STORAGE": 303, "PUMPOUT_TYPE": "stationary", "LAT_DD": 26.78034706, "LONG_DD": -80.05104546, "WATERBODY": "Lake Worth Inlet", "MOORING_LINES": 0, "PUMPOUT": "Y", "CREATED_USER": null, "CREATED_DATE": null, "LAST_EDITED_USER": null, "LAST_EDITED_DATE": null, "LAND_OWNERSHIP_TYPE": null, "PUBLIC_OWNERSHIP_TYPE": null, "PHONE": "561-844-2504" }, "geometry": { "type": "Point", "coordinates": [ -80.051048124156409, 26.780352001763951 ] } },
{ "type": "Feature", "properties": { "OBJECTID": 145, "CMP_ID": "CMP01-041", "FACILITY_TYPE": "Marina", "FACILITY_NAME": "Palm Beach Town Docks", "ADDRESS": "500 Australian Ave", "CITY": "Palm Beach", "ZIP": "33480", "COUNTY": "Palm Beach", "WEBSITE": "http://www.townofpalmbeach.com", "WET_SLIPS": 83, "DRY_STORAGE": 0, "PUMPOUT_TYPE": "stationary", "LAT_DD": 26.70294813, "LONG_DD": -80.0439777, "WATERBODY": "Lake Worth", "MOORING_LINES": 0, "PUMPOUT": "Y", "CREATED_USER": null, "CREATED_DATE": null, "LAST_EDITED_USER": null, "LAST_EDITED_DATE": null, "LAND_OWNERSHIP_TYPE": null, "PUBLIC_OWNERSHIP_TYPE": null, "PHONE": "561-838-5463" }, "geometry": { "type": "Point", "coordinates": [ -80.043980364091325, 26.702953051347016 ] } },
{ "type": "Feature", "properties": { "OBJECTID": 146, "CMP_ID": "CMP04-198", "FACILITY_TYPE": "Marina", "FACILITY_NAME": "Holly Bluff Marina", "ADDRESS": "2280 Hontoon Rd", "CITY": "DeLand", "ZIP": "32720", "COUNTY": "Volusia", "WEBSITE": "http://www.hollybluff.com/", "WET_SLIPS": 74, "DRY_STORAGE": 25, "PUMPOUT_TYPE": "vacuum", "LAT_DD": 28.978652, "LONG_DD": -81.35697404, "WATERBODY": "St. Johns river", "MOORING_LINES": 0, "PUMPOUT": "Y", "CREATED_USER": null, "CREATED_DATE": null, "LAST_EDITED_USER": null, "LAST_EDITED_DATE": null, "LAND_OWNERSHIP_TYPE": null, "PUBLIC_OWNERSHIP_TYPE": null, "PHONE": "386-822-9992" }, "geometry": { "type": "Point", "coordinates": [ -81.356977158562586, 28.978657448942876 ] } },
{ "type": "Feature", "properties": { "OBJECTID": 147, "CMP_ID": "CMP09-384", "FACILITY_TYPE": "Marina", "FACILITY_NAME": "Wooton Park", "ADDRESS": "150 E Ruby St", "CITY": "Tavares", "ZIP": "32778", "COUNTY": "Lake", "WEBSITE": "http://www.tavares.org", "WET_SLIPS": 85, "DRY_STORAGE": 0, "PUMPOUT_TYPE": "vacuum", "LAT_DD": 28.8008393, "LONG_DD": -81.72748849, "WATERBODY": "Lake Dora", "MOORING_LINES": 0, "PUMPOUT": "Y", "CREATED_USER": null, "CREATED_DATE": null, "LAST_EDITED_USER": null, "LAST_EDITED_DATE": null, "LAND_OWNERSHIP_TYPE": null, "PUBLIC_OWNERSHIP_TYPE": null, "PHONE": "352-742-6267" }, "geometry": { "type": "Point", "coordinates": [ -81.727491712856803, 28.800844695374828 ] } },
{ "type": "Feature", "properties": { "OBJECTID": 148, "CMP_ID": "CMP03-156", "FACILITY_TYPE": "Boatyard", "FACILITY_NAME": "Inlet Harbor", "ADDRESS": "133 Inlet Harbor Rd", "CITY": "Ponce Inlet", "ZIP": "32127", "COUNTY": "Volusia", "WEBSITE": "http://www.inletharbor.com ", "WET_SLIPS": 84, "DRY_STORAGE": 330, "PUMPOUT_TYPE": null, "LAT_DD": 29.09058815, "LONG_DD": -80.93988274, "WATERBODY": "Halifax River", "MOORING_LINES": 0, "PUMPOUT": "Y", "CREATED_USER": null, "CREATED_DATE": null, "LAST_EDITED_USER": null, "LAST_EDITED_DATE": null, "LAND_OWNERSHIP_TYPE": null, "PUBLIC_OWNERSHIP_TYPE": null, "PHONE": "386-767-5590" }, "geometry": { "type": "Point", "coordinates": [ -80.939885737310178, 29.09059364162659 ] } },
{ "type": "Feature", "properties": { "OBJECTID": 149, "CMP_ID": "CMP11-450", "FACILITY_TYPE": "Boatyard", "FACILITY_NAME": "Lighthouse Boatyard & Marina", "ADDRESS": "4958 S Peninsula Dr", "CITY": "Ponce Inlet", "ZIP": "32127", "COUNTY": "Volusia", "WEBSITE": "http://www.lighthouseboatyard.com", "WET_SLIPS": 22, "DRY_STORAGE": 0, "PUMPOUT_TYPE": null, "LAT_DD": 29.07935927, "LONG_DD": -80.92743345, "WATERBODY": "Halifax River", "MOORING_LINES": 0, "PUMPOUT": "Y", "CREATED_USER": null, "CREATED_DATE": null, "LAST_EDITED_USER": null, "LAST_EDITED_DATE": null, "LAND_OWNERSHIP_TYPE": null, "PUBLIC_OWNERSHIP_TYPE": null, "PHONE": "386-767-0683" }, "geometry": { "type": "Point", "coordinates": [ -80.927436441925479, 29.079364751261952 ] } },
{ "type": "Feature", "properties": { "OBJECTID": 150, "CMP_ID": "CMP08-366", "FACILITY_TYPE": "Retailer", "FACILITY_NAME": "Caribee Boat Sales & Marina", "ADDRESS": "81500 Overseas Highway", "CITY": "Islamorada", "ZIP": "33036", "COUNTY": "Monroe", "WEBSITE": "http://http://www.caribeeboats.com ", "WET_SLIPS": 0, "DRY_STORAGE": 162, "PUMPOUT_TYPE": null, "LAT_DD": 24.91835959, "LONG_DD": -80.63672502, "WATERBODY": "Florida Bay", "MOORING_LINES": 0, "PUMPOUT": "N", "CREATED_USER": null, "CREATED_DATE": null, "LAST_EDITED_USER": null, "LAST_EDITED_DATE": null, "LAND_OWNERSHIP_TYPE": null, "PUBLIC_OWNERSHIP_TYPE": null, "PHONE": "305-664-3431" }, "geometry": { "type": "Point", "coordinates": [ -80.636727808991481, 24.918364049560005 ] } },
{ "type": "Feature", "properties": { "OBJECTID": 151, "CMP_ID": "CMP13-513", "FACILITY_TYPE": "Retailer", "FACILITY_NAME": "Port Canaveral Marine", "ADDRESS": "960 Mullet Rd", "CITY": "Port Canaveral", "ZIP": "32920", "COUNTY": "Brevard", "WEBSITE": "http://www.scorpionmarine.com ", "WET_SLIPS": 64, "DRY_STORAGE": 322, "PUMPOUT_TYPE": null, "LAT_DD": 28.40687671, "LONG_DD": -80.6299673, "WATERBODY": "Port Canaveral", "MOORING_LINES": 0, "PUMPOUT": "N", "CREATED_USER": null, "CREATED_DATE": null, "LAST_EDITED_USER": null, "LAST_EDITED_DATE": null, "LAND_OWNERSHIP_TYPE": null, "PUBLIC_OWNERSHIP_TYPE": null, "PHONE": "321-784-5788" }, "geometry": { "type": "Point", "coordinates": [ -80.629970182366336, 28.406882043665721 ] } },
{ "type": "Feature", "properties": { "OBJECTID": 152, "CMP_ID": "CMP11-461", "FACILITY_TYPE": "Boatyard", "FACILITY_NAME": "Westland Marina", "ADDRESS": "419 N Washington Ave", "CITY": "Titusville", "ZIP": "32796", "COUNTY": "Brevard", "WEBSITE": "http://www.westlandmarina.com/", "WET_SLIPS": 70, "DRY_STORAGE": 36, "PUMPOUT_TYPE": null, "LAT_DD": 28.61881261, "LONG_DD": -80.80774488, "WATERBODY": "Indian River", "MOORING_LINES": 0, "PUMPOUT": "Y", "CREATED_USER": null, "CREATED_DATE": null, "LAST_EDITED_USER": null, "LAST_EDITED_DATE": null, "LAND_OWNERSHIP_TYPE": null, "PUBLIC_OWNERSHIP_TYPE": null, "PHONE": "321-267-1667" }, "geometry": { "type": "Point", "coordinates": [ -80.807747820724899, 28.618817989886839 ] } },
{ "type": "Feature", "properties": { "OBJECTID": 153, "CMP_ID": "CMP14-534", "FACILITY_TYPE": "Resilient", "FACILITY_NAME": "St. Augustine Municipal Marina", "ADDRESS": "111-E Avenida Menendez", "CITY": "St. Augustine", "ZIP": "32084", "COUNTY": "St. Johns", "WEBSITE": "www.staugustinemarina.com", "WET_SLIPS": 90, "DRY_STORAGE": 0, "PUMPOUT_TYPE": null, "LAT_DD": 29.89162459, "LONG_DD": -81.31030253, "WATERBODY": "Mantanzas River", "MOORING_LINES": 125, "PUMPOUT": "Y", "CREATED_USER": null, "CREATED_DATE": null, "LAST_EDITED_USER": null, "LAST_EDITED_DATE": null, "LAND_OWNERSHIP_TYPE": null, "PUBLIC_OWNERSHIP_TYPE": null, "PHONE": "904-825-1026" }, "geometry": { "type": "Point", "coordinates": [ -81.310305670279675, 29.891630252235963 ] } },
{ "type": "Feature", "properties": { "OBJECTID": 154, "CMP_ID": "CMP09-387", "FACILITY_TYPE": "Retailer", "FACILITY_NAME": "Cape Marina", "ADDRESS": "800 Scallop Drive", "CITY": "Port Canaveral", "ZIP": "32920", "COUNTY": "Brevard", "WEBSITE": "http://www.capemarina.com", "WET_SLIPS": 115, "DRY_STORAGE": 300, "PUMPOUT_TYPE": null, "LAT_DD": 28.40754507, "LONG_DD": -80.62746492, "WATERBODY": "Port Canaveral", "MOORING_LINES": 0, "PUMPOUT": "Y", "CREATED_USER": null, "CREATED_DATE": null, "LAST_EDITED_USER": null, "LAST_EDITED_DATE": null, "LAND_OWNERSHIP_TYPE": null, "PUBLIC_OWNERSHIP_TYPE": null, "PHONE": "321-783-8410" }, "geometry": { "type": "Point", "coordinates": [ -80.627467805487953, 28.407550399102888 ] } },
{ "type": "Feature", "properties": { "OBJECTID": 155, "CMP_ID": "CMP09-398", "FACILITY_TYPE": "Boatyard", "FACILITY_NAME": "Bluepoints Marina", "ADDRESS": "726 Scallop Drive", "CITY": "Port Canaveral", "ZIP": "32920", "COUNTY": "Brevard", "WEBSITE": "http://www.bluepointsmarina.com", "WET_SLIPS": 26, "DRY_STORAGE": 560, "PUMPOUT_TYPE": null, "LAT_DD": 28.40776893, "LONG_DD": -80.62249623, "WATERBODY": "Port Canaveral", "MOORING_LINES": 0, "PUMPOUT": "Y", "CREATED_USER": null, "CREATED_DATE": null, "LAST_EDITED_USER": null, "LAST_EDITED_DATE": null, "LAND_OWNERSHIP_TYPE": null, "PUBLIC_OWNERSHIP_TYPE": null, "PHONE": "321-799-2860" }, "geometry": { "type": "Point", "coordinates": [ -80.622499113535127, 28.407774259524302 ] } },
{ "type": "Feature", "properties": { "OBJECTID": 156, "CMP_ID": "CMP02-069", "FACILITY_TYPE": "Boatyard", "FACILITY_NAME": "Cape Marina", "ADDRESS": "800 Scallop Drive", "CITY": "Port Canaveral", "ZIP": "32920", "COUNTY": "Brevard", "WEBSITE": "http://www.capemarina.com", "WET_SLIPS": 115, "DRY_STORAGE": 300, "PUMPOUT_TYPE": null, "LAT_DD": 28.4075505, "LONG_DD": -80.62746336, "WATERBODY": "Port Canaveral", "MOORING_LINES": 0, "PUMPOUT": "Y", "CREATED_USER": null, "CREATED_DATE": null, "LAST_EDITED_USER": null, "LAST_EDITED_DATE": null, "LAND_OWNERSHIP_TYPE": null, "PUBLIC_OWNERSHIP_TYPE": null, "PHONE": "321-783-8410" }, "geometry": { "type": "Point", "coordinates": [ -80.627466242483905, 28.407555826477079 ] } },
{ "type": "Feature", "properties": { "OBJECTID": 157, "CMP_ID": "CMP01-052", "FACILITY_TYPE": "Boatyard", "FACILITY_NAME": "Pensacola Shipyard Marina & Boatyard", "ADDRESS": "700 Myrick St", "CITY": "Pensacola", "ZIP": "32505", "COUNTY": "Escambia", "WEBSITE": "http://pensacolashipyard.com/boatramp.htm", "WET_SLIPS": 60, "DRY_STORAGE": 150, "PUMPOUT_TYPE": null, "LAT_DD": 30.40745814, "LONG_DD": -87.25497987, "WATERBODY": "Bayou Chico", "MOORING_LINES": 0, "PUMPOUT": "Y", "CREATED_USER": null, "CREATED_DATE": null, "LAST_EDITED_USER": null, "LAST_EDITED_DATE": null, "LAND_OWNERSHIP_TYPE": null, "PUBLIC_OWNERSHIP_TYPE": null, "PHONE": "850-439-1451" }, "geometry": { "type": "Point", "coordinates": [ -87.254984723490566, 30.407463741986458 ] } },
{ "type": "Feature", "properties": { "OBJECTID": 158, "CMP_ID": "CMP10-442", "FACILITY_TYPE": "Retailer", "FACILITY_NAME": "Harbor View Marine", "ADDRESS": "1220 Mahogany Mill Rd", "CITY": "Pensacola", "ZIP": "32507", "COUNTY": "Escambia", "WEBSITE": "http://www.harborviewmarina.com", "WET_SLIPS": 0, "DRY_STORAGE": 180, "PUMPOUT_TYPE": null, "LAT_DD": 30.39994003, "LONG_DD": -87.24835326, "WATERBODY": "Bayou Chico", "MOORING_LINES": 0, "PUMPOUT": "Y", "CREATED_USER": null, "CREATED_DATE": null, "LAST_EDITED_USER": null, "LAST_EDITED_DATE": null, "LAND_OWNERSHIP_TYPE": null, "PUBLIC_OWNERSHIP_TYPE": null, "PHONE": "850-453-3435" }, "geometry": { "type": "Point", "coordinates": [ -87.248358116153355, 30.399945628644403 ] } },
{ "type": "Feature", "properties": { "OBJECTID": 159, "CMP_ID": "CMP10-441", "FACILITY_TYPE": "Boatyard", "FACILITY_NAME": "Harbor View Marine", "ADDRESS": "1220 Mahogany Mill Rd", "CITY": "Pensacola", "ZIP": "32507", "COUNTY": "Escambia", "WEBSITE": "http://www.harborviewmarina.com", "WET_SLIPS": 0, "DRY_STORAGE": 180, "PUMPOUT_TYPE": null, "LAT_DD": 30.39993883, "LONG_DD": -87.24835142000001, "WATERBODY": "Bayou Chico", "MOORING_LINES": 0, "PUMPOUT": "Y", "CREATED_USER": null, "CREATED_DATE": null, "LAST_EDITED_USER": null, "LAST_EDITED_DATE": null, "LAND_OWNERSHIP_TYPE": null, "PUBLIC_OWNERSHIP_TYPE": null, "PHONE": "850-453-3435" }, "geometry": { "type": "Point", "coordinates": [ -87.248356277993537, 30.399944435656813 ] } },
{ "type": "Feature", "properties": { "OBJECTID": 160, "CMP_ID": "CMP02-111", "FACILITY_TYPE": "Boatyard", "FACILITY_NAME": "Marinemax Stuart", "ADDRESS": "2370 SW Palm City Rd", "CITY": "Stuart", "ZIP": "34994", "COUNTY": "Broward", "WEBSITE": "http://www.marinemax.com", "WET_SLIPS": 28, "DRY_STORAGE": 0, "PUMPOUT_TYPE": "NONE", "LAT_DD": 27.17612748, "LONG_DD": -80.257732, "WATERBODY": "St. Lucie River", "MOORING_LINES": 0, "PUMPOUT": "N", "CREATED_USER": null, "CREATED_DATE": null, "LAST_EDITED_USER": null, "LAST_EDITED_DATE": null, "LAND_OWNERSHIP_TYPE": null, "PUBLIC_OWNERSHIP_TYPE": null, "PHONE": "772-287-4495" }, "geometry": { "type": "Point", "coordinates": [ -80.257734743071808, 27.176132520881179 ] } },
{ "type": "Feature", "properties": { "OBJECTID": 161, "CMP_ID": "CMP12-499", "FACILITY_TYPE": "Retailer", "FACILITY_NAME": "Sunrise Marina ", "ADDRESS": "507 Glen Cheek Dr", "CITY": "Cape Canaveral", "ZIP": "32920", "COUNTY": "Brevard", "WEBSITE": "http://sunrisemarina.com ", "WET_SLIPS": 18, "DRY_STORAGE": 120, "PUMPOUT_TYPE": null, "LAT_DD": 28.40860661, "LONG_DD": -80.61432621, "WATERBODY": "Port Canaveral", "MOORING_LINES": 0, "PUMPOUT": "N", "CREATED_USER": null, "CREATED_DATE": null, "LAST_EDITED_USER": null, "LAST_EDITED_DATE": null, "LAND_OWNERSHIP_TYPE": null, "PUBLIC_OWNERSHIP_TYPE": null, "PHONE": "321-783-9535" }, "geometry": { "type": "Point", "coordinates": [ -80.614329093673931, 28.408611937732712 ] } },
{ "type": "Feature", "properties": { "OBJECTID": 162, "CMP_ID": "CMP07-311", "FACILITY_TYPE": "Boatyard", "FACILITY_NAME": "Viking Yacht Service Center", "ADDRESS": "1550 Avenue C", "CITY": "Riviera Beach", "ZIP": "33404", "COUNTY": "Palm Beach", "WEBSITE": "http://www.vikingyachts.com", "WET_SLIPS": 18, "DRY_STORAGE": 2, "PUMPOUT_TYPE": "NONE", "LAT_DD": 26.77570508, "LONG_DD": -80.05250655, "WATERBODY": "Intercoastal Waterway", "MOORING_LINES": 0, "PUMPOUT": "N", "CREATED_USER": null, "CREATED_DATE": null, "LAST_EDITED_USER": null, "LAST_EDITED_DATE": null, "LAND_OWNERSHIP_TYPE": null, "PUBLIC_OWNERSHIP_TYPE": null, "PHONE": "561-840-1076" }, "geometry": { "type": "Point", "coordinates": [ -80.052509214664724, 26.77571001777309 ] } },
{ "type": "Feature", "properties": { "OBJECTID": 163, "CMP_ID": "CMP08-334", "FACILITY_TYPE": "Boatyard", "FACILITY_NAME": "Rybovich Marina", "ADDRESS": "4200 N Flagler Dr", "CITY": "West Palm Beach", "ZIP": "33407", "COUNTY": "Palm Beach", "WEBSITE": "http://www.rybovich.com", "WET_SLIPS": 60, "DRY_STORAGE": 10, "PUMPOUT_TYPE": null, "LAT_DD": 26.75053886, "LONG_DD": -80.05249203, "WATERBODY": "Intercoastal Waterway", "MOORING_LINES": 0, "PUMPOUT": "Y", "CREATED_USER": null, "CREATED_DATE": null, "LAST_EDITED_USER": null, "LAST_EDITED_DATE": null, "LAND_OWNERSHIP_TYPE": null, "PUBLIC_OWNERSHIP_TYPE": null, "PHONE": "561-840-8178" }, "geometry": { "type": "Point", "coordinates": [ -80.05249469316, 26.750543793015275 ] } },
{ "type": "Feature", "properties": { "OBJECTID": 164, "CMP_ID": "CMP07-321", "FACILITY_TYPE": "Boatyard", "FACILITY_NAME": "Four Fish Inn & Marina", "ADDRESS": "2225 NE Indian River Dr", "CITY": "Jensen Beach", "ZIP": "33957", "COUNTY": "Martin", "WEBSITE": "http://www.fourfishmarina.com/", "WET_SLIPS": 28, "DRY_STORAGE": 50, "PUMPOUT_TYPE": null, "LAT_DD": 27.23174854, "LONG_DD": -80.21786895, "WATERBODY": "Intercoastal Waterway", "MOORING_LINES": 0, "PUMPOUT": "Y", "CREATED_USER": null, "CREATED_DATE": null, "LAST_EDITED_USER": null, "LAST_EDITED_DATE": null, "LAND_OWNERSHIP_TYPE": null, "PUBLIC_OWNERSHIP_TYPE": null, "PHONE": "772-334-0936" }, "geometry": { "type": "Point", "coordinates": [ -80.217871675358168, 27.231753589134552 ] } },
{ "type": "Feature", "properties": { "OBJECTID": 165, "CMP_ID": "CMP00-032", "FACILITY_TYPE": "Boatyard", "FACILITY_NAME": "Calusa Island Marina", "ADDRESS": "385 Angler Dr", "CITY": "Goodland", "ZIP": "34140", "COUNTY": "Collier", "WEBSITE": "http://www.calusaislandmarina.com", "WET_SLIPS": 84, "DRY_STORAGE": 420, "PUMPOUT_TYPE": null, "LAT_DD": 25.92090007, "LONG_DD": -81.65100559, "WATERBODY": "Blue Hill Creek", "MOORING_LINES": 0, "PUMPOUT": "Y", "CREATED_USER": null, "CREATED_DATE": null, "LAST_EDITED_USER": null, "LAST_EDITED_DATE": null, "LAND_OWNERSHIP_TYPE": null, "PUBLIC_OWNERSHIP_TYPE": null, "PHONE": "239-394-3668" }, "geometry": { "type": "Point", "coordinates": [ -81.651008698256035, 25.920904763005108 ] } },
{ "type": "Feature", "properties": { "OBJECTID": 166, "CMP_ID": "CMP12-491", "FACILITY_TYPE": "Boatyard", "FACILITY_NAME": "Holly Bluff Marina", "ADDRESS": "2280 Hontoon Rd", "CITY": "DeLand", "ZIP": "32720", "COUNTY": "Volusia", "WEBSITE": "http://www.hollybluff.com/", "WET_SLIPS": 74, "DRY_STORAGE": 25, "PUMPOUT_TYPE": null, "LAT_DD": 28.97865561, "LONG_DD": -81.35696657, "WATERBODY": "St. Johns river", "MOORING_LINES": 0, "PUMPOUT": "Y", "CREATED_USER": null, "CREATED_DATE": null, "LAST_EDITED_USER": null, "LAST_EDITED_DATE": null, "LAND_OWNERSHIP_TYPE": null, "PUBLIC_OWNERSHIP_TYPE": null, "PHONE": "386-822-9992" }, "geometry": { "type": "Point", "coordinates": [ -81.35696969032719, 28.978661053868215 ] } },
{ "type": "Feature", "properties": { "OBJECTID": 167, "CMP_ID": "CMP10-447", "FACILITY_TYPE": "Retailer", "FACILITY_NAME": "Bass Pro Shops - Outdoor World", "ADDRESS": "5156 International Dr", "CITY": "Orlando", "ZIP": "32819", "COUNTY": "Orange", "WEBSITE": "http://www.basspro.com/", "WET_SLIPS": 0, "DRY_STORAGE": 0, "PUMPOUT_TYPE": "NONE", "LAT_DD": 28.470182, "LONG_DD": -81.448817, "WATERBODY": "N/A", "MOORING_LINES": 0, "PUMPOUT": "N", "CREATED_USER": null, "CREATED_DATE": null, "LAST_EDITED_USER": null, "LAST_EDITED_DATE": null, "LAND_OWNERSHIP_TYPE": null, "PUBLIC_OWNERSHIP_TYPE": null, "PHONE": "407-563-5200" }, "geometry": { "type": "Point", "coordinates": [ -81.448820126694059, 28.470187324561465 ] } },
{ "type": "Feature", "properties": { "OBJECTID": 168, "CMP_ID": "CMP02-129", "FACILITY_TYPE": "Marina", "FACILITY_NAME": "St. Augustine Municipal Marina", "ADDRESS": "111-E Avenida Menendez", "CITY": "St Augustine", "ZIP": "32084", "COUNTY": "St. Johns", "WEBSITE": "http://www.staugustinemarina.com", "WET_SLIPS": 90, "DRY_STORAGE": 0, "PUMPOUT_TYPE": "boat & stationary", "LAT_DD": 29.89162594, "LONG_DD": -81.310302, "WATERBODY": "Mantanzas River", "MOORING_LINES": 125, "PUMPOUT": "Y", "CREATED_USER": null, "CREATED_DATE": null, "LAST_EDITED_USER": null, "LAST_EDITED_DATE": null, "LAND_OWNERSHIP_TYPE": null, "PUBLIC_OWNERSHIP_TYPE": null, "PHONE": "904-825-1026" }, "geometry": { "type": "Point", "coordinates": [ -81.310305135405088, 29.891631605323756 ] } },
{ "type": "Feature", "properties": { "OBJECTID": 169, "CMP_ID": "CMP06-260", "FACILITY_TYPE": "Marina", "FACILITY_NAME": "Palm Harbor Marina", "ADDRESS": "1206 Mahogany Mill Rd", "CITY": "Pensacola", "ZIP": "32507", "COUNTY": "Escambia", "WEBSITE": "http://www.pensacolamarinas.com/", "WET_SLIPS": 61, "DRY_STORAGE": 0, "PUMPOUT_TYPE": "Boat", "LAT_DD": 30.39924575, "LONG_DD": -87.2469447, "WATERBODY": "Bayou Chico", "MOORING_LINES": 0, "PUMPOUT": "Y", "CREATED_USER": null, "CREATED_DATE": null, "LAST_EDITED_USER": null, "LAST_EDITED_DATE": null, "LAND_OWNERSHIP_TYPE": null, "PUBLIC_OWNERSHIP_TYPE": null, "PHONE": "850-455-4552" }, "geometry": { "type": "Point", "coordinates": [ -87.246949551043969, 30.399251358151279 ] } },
{ "type": "Feature", "properties": { "OBJECTID": 170, "CMP_ID": "CMP14-520", "FACILITY_TYPE": "Marina", "FACILITY_NAME": "Diversified Yacht Services, Inc", "ADDRESS": "751 Fishermans Wharf", "CITY": "Ft Myers", "ZIP": "33931", "COUNTY": "Lee", "WEBSITE": "http://www.dysinc.com/", "WET_SLIPS": 41, "DRY_STORAGE": 184, "PUMPOUT_TYPE": "stationary", "LAT_DD": 26.45997269, "LONG_DD": -81.95344818, "WATERBODY": "Gulf of Mexico", "MOORING_LINES": 0, "PUMPOUT": "Y", "CREATED_USER": null, "CREATED_DATE": null, "LAST_EDITED_USER": null, "LAST_EDITED_DATE": null, "LAND_OWNERSHIP_TYPE": null, "PUBLIC_OWNERSHIP_TYPE": null, "PHONE": "239-765-8700" }, "geometry": { "type": "Point", "coordinates": [ -81.953451391901297, 26.459977507321153 ] } },
{ "type": "Feature", "properties": { "OBJECTID": 171, "CMP_ID": "CMP05-229", "FACILITY_TYPE": "Marina", "FACILITY_NAME": "Huckins Yacht Corporation", "ADDRESS": "3482 Lake Shore Blvd", "CITY": "Jacksonville", "ZIP": "32210", "COUNTY": "Duval", "WEBSITE": "http://www.huckinsyacht.com", "WET_SLIPS": 50, "DRY_STORAGE": 0, "PUMPOUT_TYPE": "NONE", "LAT_DD": 30.27439674, "LONG_DD": -81.71877011, "WATERBODY": "Ortega River", "MOORING_LINES": 0, "PUMPOUT": "N", "CREATED_USER": null, "CREATED_DATE": null, "LAST_EDITED_USER": null, "LAST_EDITED_DATE": null, "LAND_OWNERSHIP_TYPE": null, "PUBLIC_OWNERSHIP_TYPE": null, "PHONE": "904-389-1125" }, "geometry": { "type": "Point", "coordinates": [ -81.718773384176416, 30.274402487403709 ] } },
{ "type": "Feature", "properties": { "OBJECTID": 172, "CMP_ID": "CMP02-128", "FACILITY_TYPE": "Marina", "FACILITY_NAME": "Loggerhead Marina - Daytona", "ADDRESS": "721 Ballough Rd", "CITY": "Daytona Beach", "ZIP": "32114", "COUNTY": "Volusia", "WEBSITE": "http://www.loggerheaddaytonabeach.com/", "WET_SLIPS": 85, "DRY_STORAGE": 110, "PUMPOUT_TYPE": "vacuum", "LAT_DD": 29.22657248, "LONG_DD": -81.02221966, "WATERBODY": "Halifax River", "MOORING_LINES": 0, "PUMPOUT": "Y", "CREATED_USER": null, "CREATED_DATE": null, "LAST_EDITED_USER": null, "LAST_EDITED_DATE": null, "LAND_OWNERSHIP_TYPE": null, "PUBLIC_OWNERSHIP_TYPE": null, "PHONE": "386-523-3100" }, "geometry": { "type": "Point", "coordinates": [ -81.022222690829494, 29.22657800200971 ] } },
{ "type": "Feature", "properties": { "OBJECTID": 173, "CMP_ID": "CMP02-087", "FACILITY_TYPE": "Marina", "FACILITY_NAME": "Titusville Marina", "ADDRESS": "451 Marina Rd", "CITY": "Titusville", "ZIP": "32796", "COUNTY": "Brevard", "WEBSITE": "http://titusvillemarina.com/", "WET_SLIPS": 205, "DRY_STORAGE": 0, "PUMPOUT_TYPE": "stationary  boat", "LAT_DD": 28.61983691, "LONG_DD": -80.80938449, "WATERBODY": "Indian River", "MOORING_LINES": 75, "PUMPOUT": "Y", "CREATED_USER": null, "CREATED_DATE": null, "LAST_EDITED_USER": null, "LAST_EDITED_DATE": null, "LAND_OWNERSHIP_TYPE": null, "PUBLIC_OWNERSHIP_TYPE": null, "PHONE": "321-383-5600" }, "geometry": { "type": "Point", "coordinates": [ -80.809387437287796, 28.619842286942841 ] } },
{ "type": "Feature", "properties": { "OBJECTID": 174, "CMP_ID": "CMP02-108", "FACILITY_TYPE": "Boatyard", "FACILITY_NAME": "Whiticar Boat Works", "ADDRESS": "3636 SE Old St Lucie Blvd", "CITY": "Stuart", "ZIP": "34996", "COUNTY": "Martin", "WEBSITE": "http://whiticarboatworks.com/", "WET_SLIPS": 15, "DRY_STORAGE": 0, "PUMPOUT_TYPE": "boat", "LAT_DD": 27.17322603, "LONG_DD": -80.20464103, "WATERBODY": "Willougaby Creek", "MOORING_LINES": 57, "PUMPOUT": "N", "CREATED_USER": null, "CREATED_DATE": null, "LAST_EDITED_USER": null, "LAST_EDITED_DATE": null, "LAND_OWNERSHIP_TYPE": null, "PUBLIC_OWNERSHIP_TYPE": null, "PHONE": "772-287-2883" }, "geometry": { "type": "Point", "coordinates": [ -80.204643754794446, 27.173231066277733 ] } },
{ "type": "Feature", "properties": { "OBJECTID": 175, "CMP_ID": "CMP05-232", "FACILITY_TYPE": "Marina", "FACILITY_NAME": "Waterline Marina", "ADDRESS": "905 N Harbor City Blvd", "CITY": "Melbourne", "ZIP": "32935", "COUNTY": "Brevard", "WEBSITE": "http://www.waterlinemarina.com", "WET_SLIPS": 92, "DRY_STORAGE": 0, "PUMPOUT_TYPE": "portable", "LAT_DD": 28.12209388, "LONG_DD": -80.63046996, "WATERBODY": "Eau Gallie Yacht Basin", "MOORING_LINES": 0, "PUMPOUT": "Y", "CREATED_USER": null, "CREATED_DATE": null, "LAST_EDITED_USER": null, "LAST_EDITED_DATE": null, "LAND_OWNERSHIP_TYPE": null, "PUBLIC_OWNERSHIP_TYPE": null, "PHONE": "321-254-0452" }, "geometry": { "type": "Point", "coordinates": [ -80.630472840137244, 28.122099141112649 ] } },
{ "type": "Feature", "properties": { "OBJECTID": 176, "CMP_ID": "CMP01-056", "FACILITY_TYPE": "Marina", "FACILITY_NAME": "Capt Hiram's Resort", "ADDRESS": "1606 N Indian River Dr", "CITY": "Sebastian", "ZIP": "32958", "COUNTY": "Indian River", "WEBSITE": "http://www.hirams.com", "WET_SLIPS": 38, "DRY_STORAGE": 0, "PUMPOUT_TYPE": "stationary", "LAT_DD": 27.82342195, "LONG_DD": -80.47141343, "WATERBODY": "Indian River", "MOORING_LINES": 0, "PUMPOUT": "Y", "CREATED_USER": null, "CREATED_DATE": null, "LAST_EDITED_USER": null, "LAST_EDITED_DATE": null, "LAND_OWNERSHIP_TYPE": null, "PUBLIC_OWNERSHIP_TYPE": null, "PHONE": "772-388-8588" }, "geometry": { "type": "Point", "coordinates": [ -80.471416247263861, 27.823427145607049 ] } },
{ "type": "Feature", "properties": { "OBJECTID": 177, "CMP_ID": "CMP03-183", "FACILITY_TYPE": "Boatyard", "FACILITY_NAME": "A&J Boat Works", "ADDRESS": "4800 SE Anchor Ave", "CITY": "Stuart", "ZIP": "34997", "COUNTY": "Martin", "WEBSITE": "http://www.ajboatworks.com", "WET_SLIPS": 12, "DRY_STORAGE": 0, "PUMPOUT_TYPE": "NONE", "LAT_DD": 27.14542684, "LONG_DD": -80.1947026, "WATERBODY": "Manatee Pocket", "MOORING_LINES": 0, "PUMPOUT": "N", "CREATED_USER": null, "CREATED_DATE": null, "LAST_EDITED_USER": null, "LAST_EDITED_DATE": null, "LAND_OWNERSHIP_TYPE": null, "PUBLIC_OWNERSHIP_TYPE": null, "PHONE": "772-286-5339" }, "geometry": { "type": "Point", "coordinates": [ -80.194705314188994, 27.145431870251411 ] } },
{ "type": "Feature", "properties": { "OBJECTID": 178, "CMP_ID": "CMP09-382", "FACILITY_TYPE": "Marina", "FACILITY_NAME": "Sunset Bay Marina & Anchorage", "ADDRESS": "615 SW Ancnorage Way", "CITY": "Stuart", "ZIP": "34994", "COUNTY": "Martin", "WEBSITE": "http://www.sunsetbaymarinaandanchorage.com", "WET_SLIPS": 210, "DRY_STORAGE": 0, "PUMPOUT_TYPE": "stationary vacuum", "LAT_DD": 27.2010739, "LONG_DD": -80.25813183, "WATERBODY": "St. Lucie River", "MOORING_LINES": 68, "PUMPOUT": "Y", "CREATED_USER": null, "CREATED_DATE": null, "LAST_EDITED_USER": null, "LAST_EDITED_DATE": null, "LAND_OWNERSHIP_TYPE": null, "PUBLIC_OWNERSHIP_TYPE": null, "PHONE": "772-283-9225" }, "geometry": { "type": "Point", "coordinates": [ -80.258134568423174, 27.201078946310144 ] } },
{ "type": "Feature", "properties": { "OBJECTID": 179, "CMP_ID": "CMP01-058", "FACILITY_TYPE": "Marina", "FACILITY_NAME": "Boot Key Harbor City Marina", "ADDRESS": "800 35th St", "CITY": "Marathon", "ZIP": "33050", "COUNTY": "Monroe", "WEBSITE": "http://www.cityofmarathonmarina.com", "WET_SLIPS": 13, "DRY_STORAGE": 0, "PUMPOUT_TYPE": "portable & boat", "LAT_DD": 24.7093785, "LONG_DD": -81.09150782, "WATERBODY": "Boot Key Harbor", "MOORING_LINES": 226, "PUMPOUT": "Y", "CREATED_USER": null, "CREATED_DATE": null, "LAST_EDITED_USER": null, "LAST_EDITED_DATE": null, "LAND_OWNERSHIP_TYPE": null, "PUBLIC_OWNERSHIP_TYPE": null, "PHONE": "305-289-8877" }, "geometry": { "type": "Point", "coordinates": [ -81.091510737967226, 24.709382895785499 ] } },
{ "type": "Feature", "properties": { "OBJECTID": 180, "CMP_ID": "CMP12-479", "FACILITY_TYPE": "Marina", "FACILITY_NAME": "Pilot House Marina", "ADDRESS": "13 Seagate Blvd", "CITY": "Key Largo", "ZIP": "33037", "COUNTY": "Monroe", "WEBSITE": "http://www.pilothousemarina.com", "WET_SLIPS": 50, "DRY_STORAGE": 71, "PUMPOUT_TYPE": "stationary", "LAT_DD": 25.08713966, "LONG_DD": -80.44038105, "WATERBODY": "Lake Largo", "MOORING_LINES": 0, "PUMPOUT": "Y", "CREATED_USER": null, "CREATED_DATE": null, "LAST_EDITED_USER": null, "LAST_EDITED_DATE": null, "LAND_OWNERSHIP_TYPE": null, "PUBLIC_OWNERSHIP_TYPE": null, "PHONE": "305-451-3142" }, "geometry": { "type": "Point", "coordinates": [ -80.440383788706797, 25.087144167210688 ] } },
{ "type": "Feature", "properties": { "OBJECTID": 181, "CMP_ID": "CMP13-510", "FACILITY_TYPE": "Marina", "FACILITY_NAME": "Key Largo Anglers Club", "ADDRESS": "50 Club House Rd", "CITY": "Key Largo", "ZIP": "33037", "COUNTY": "Monroe", "WEBSITE": "http://https://klac.memberstatements.com/tour/tours.cfm?tourid=94851", "WET_SLIPS": 54, "DRY_STORAGE": 0, "PUMPOUT_TYPE": " ", "LAT_DD": 25.3105694, "LONG_DD": -80.29699425, "WATERBODY": "Card Sound", "MOORING_LINES": 0, "PUMPOUT": "Y", "CREATED_USER": null, "CREATED_DATE": null, "LAST_EDITED_USER": null, "LAST_EDITED_DATE": null, "LAND_OWNERSHIP_TYPE": null, "PUBLIC_OWNERSHIP_TYPE": null, "PHONE": "305-367-2382" }, "geometry": { "type": "Point", "coordinates": [ -80.29699694768496, 25.310573962473139 ] } },
{ "type": "Feature", "properties": { "OBJECTID": 182, "CMP_ID": "CMP12-488", "FACILITY_TYPE": "Marina", "FACILITY_NAME": "Osprey Cove Yacht Club", "ADDRESS": "8923 SE Bayberry Terrace", "CITY": "Hobe Sound", "ZIP": "33455", "COUNTY": "Martin", "WEBSITE": "http://www.ospreycove.com/", "WET_SLIPS": 30, "DRY_STORAGE": 0, "PUMPOUT_TYPE": "NONE", "LAT_DD": 27.08357546, "LONG_DD": -80.13441443000001, "WATERBODY": "Intracoastal Waterway", "MOORING_LINES": 0, "PUMPOUT": "N", "CREATED_USER": null, "CREATED_DATE": null, "LAST_EDITED_USER": null, "LAST_EDITED_DATE": null, "LAND_OWNERSHIP_TYPE": null, "PUBLIC_OWNERSHIP_TYPE": null, "PHONE": "912-882-5575" }, "geometry": { "type": "Point", "coordinates": [ -80.134417127874173, 27.08358047805811 ] } },
{ "type": "Feature", "properties": { "OBJECTID": 183, "CMP_ID": "CMP03-165", "FACILITY_TYPE": "Marina", "FACILITY_NAME": "Jupiter Yacht Club & Marina", "ADDRESS": "400 US Hwy 1 S, Suite 5", "CITY": "Jupiter", "ZIP": "33477", "COUNTY": "Palm Beach", "WEBSITE": "http://www.jycmarina.com", "WET_SLIPS": 86, "DRY_STORAGE": 0, "PUMPOUT_TYPE": "vacuum", "LAT_DD": 26.93098957, "LONG_DD": -80.08008538, "WATERBODY": "Lake Worth Creek", "MOORING_LINES": 0, "PUMPOUT": "Y", "CREATED_USER": null, "CREATED_DATE": null, "LAST_EDITED_USER": null, "LAST_EDITED_DATE": null, "LAND_OWNERSHIP_TYPE": null, "PUBLIC_OWNERSHIP_TYPE": null, "PHONE": "56-741-3407" }, "geometry": { "type": "Point", "coordinates": [ -80.0800880562347, 26.930994554504405 ] } },
{ "type": "Feature", "properties": { "OBJECTID": 184, "CMP_ID": "CMP07-295", "FACILITY_TYPE": "Marina", "FACILITY_NAME": "Naples Sailing and Yacht Club", "ADDRESS": "896 River Point Dr", "CITY": "Naples", "ZIP": "34102", "COUNTY": "Collier", "WEBSITE": "https://www.thensyc.com", "WET_SLIPS": 81, "DRY_STORAGE": 0, "PUMPOUT_TYPE": "NONE", "LAT_DD": 26.13812064, "LONG_DD": -81.7888318, "WATERBODY": "Naples Bay", "MOORING_LINES": 0, "PUMPOUT": "N", "CREATED_USER": null, "CREATED_DATE": null, "LAST_EDITED_USER": null, "LAST_EDITED_DATE": null, "LAND_OWNERSHIP_TYPE": null, "PUBLIC_OWNERSHIP_TYPE": null, "PHONE": "239-774-0424" }, "geometry": { "type": "Point", "coordinates": [ -81.788834954793401, 26.138125380982675 ] } },
{ "type": "Feature", "properties": { "OBJECTID": 185, "CMP_ID": "CMP08-343", "FACILITY_TYPE": "Marina", "FACILITY_NAME": "Bill's Discount Marine", "ADDRESS": "3800 US Hwy 1", "CITY": "Grant", "ZIP": "32949", "COUNTY": "Brevard", "WEBSITE": "http://www.billsdiscountmarine.com/", "WET_SLIPS": 9, "DRY_STORAGE": 0, "PUMPOUT_TYPE": "N/A", "LAT_DD": 27.95875947, "LONG_DD": -80.54023762, "WATERBODY": "Indian River Lagoon", "MOORING_LINES": 0, "PUMPOUT": "N", "CREATED_USER": null, "CREATED_DATE": null, "LAST_EDITED_USER": null, "LAST_EDITED_DATE": null, "LAND_OWNERSHIP_TYPE": null, "PUBLIC_OWNERSHIP_TYPE": null, "PHONE": "321-674-2060" }, "geometry": { "type": "Point", "coordinates": [ -80.540240465498925, 27.95876469390689 ] } },
{ "type": "Feature", "properties": { "OBJECTID": 186, "CMP_ID": "CMP06-242", "FACILITY_TYPE": "Marina", "FACILITY_NAME": "Loggerhead Marina - Hollywood", "ADDRESS": "1400 Marina Dr", "CITY": "Hollywood", "ZIP": "33019", "COUNTY": "Broward", "WEBSITE": "http://www.loggerheadhollywood.com/", "WET_SLIPS": 190, "DRY_STORAGE": 0, "PUMPOUT_TYPE": "stationary & vacuum", "LAT_DD": 26.00144871, "LONG_DD": -80.12139253, "WATERBODY": " ", "MOORING_LINES": 0, "PUMPOUT": "Y", "CREATED_USER": null, "CREATED_DATE": null, "LAST_EDITED_USER": null, "LAST_EDITED_DATE": null, "LAND_OWNERSHIP_TYPE": null, "PUBLIC_OWNERSHIP_TYPE": null, "PHONE": "954-457-8557" }, "geometry": { "type": "Point", "coordinates": [ -80.121395195623663, 26.001453460588404 ] } },
{ "type": "Feature", "properties": { "OBJECTID": 187, "CMP_ID": "CMP06-238", "FACILITY_TYPE": "Marina", "FACILITY_NAME": "Holiday Harbor Marina", "ADDRESS": "14050 Canal A Way", "CITY": "Pensacola", "ZIP": "32507", "COUNTY": "Escambia", "WEBSITE": "http://www.myholidayharbor.com", "WET_SLIPS": 48, "DRY_STORAGE": 287, "PUMPOUT_TYPE": "stationary", "LAT_DD": 30.31075399, "LONG_DD": -87.43878052, "WATERBODY": "Intercoastal Waterway", "MOORING_LINES": 0, "PUMPOUT": "Y", "CREATED_USER": null, "CREATED_DATE": null, "LAST_EDITED_USER": null, "LAST_EDITED_DATE": null, "LAND_OWNERSHIP_TYPE": null, "PUBLIC_OWNERSHIP_TYPE": null, "PHONE": "850-492-0555" }, "geometry": { "type": "Point", "coordinates": [ -87.438785420346406, 30.310759563231155 ] } },
{ "type": "Feature", "properties": { "OBJECTID": 188, "CMP_ID": "CMP07-325", "FACILITY_TYPE": "Marina", "FACILITY_NAME": "NAS Pensacola Sherman Cove", "ADDRESS": "190 Radford Blvd, Bldg 4151", "CITY": "NAS Pensacola", "ZIP": "32508", "COUNTY": "Escambia", "WEBSITE": "http://www.naspensacola.navy.mil/mwr/water/water.htm", "WET_SLIPS": 32, "DRY_STORAGE": 320, "PUMPOUT_TYPE": "NONE", "LAT_DD": 30.3274001, "LONG_DD": -87.3574927, "WATERBODY": "Big Lagoon", "MOORING_LINES": 0, "PUMPOUT": "N", "CREATED_USER": null, "CREATED_DATE": null, "LAST_EDITED_USER": null, "LAST_EDITED_DATE": null, "LAND_OWNERSHIP_TYPE": null, "PUBLIC_OWNERSHIP_TYPE": null, "PHONE": null }, "geometry": { "type": "Point", "coordinates": [ -87.357497583942987, 30.327405684219805 ] } },
{ "type": "Feature", "properties": { "OBJECTID": 189, "CMP_ID": "CMP07-328", "FACILITY_TYPE": "Marina", "FACILITY_NAME": "NAS Pensacola Bayou Grande", "ADDRESS": "190 Radford Blvd, Bldg 3244", "CITY": "NAS Pensacola", "ZIP": "32508", "COUNTY": "Escambia", "WEBSITE": "http://www.naspensacola.navy.mil/mwr/water/water.htm", "WET_SLIPS": 206, "DRY_STORAGE": 204, "PUMPOUT_TYPE": "portable", "LAT_DD": 30.36823637, "LONG_DD": -87.27005224, "WATERBODY": "Bayou Grande", "MOORING_LINES": 0, "PUMPOUT": "Y", "CREATED_USER": null, "CREATED_DATE": null, "LAST_EDITED_USER": null, "LAST_EDITED_DATE": null, "LAND_OWNERSHIP_TYPE": null, "PUBLIC_OWNERSHIP_TYPE": null, "PHONE": null }, "geometry": { "type": "Point", "coordinates": [ -87.270057097259709, 30.36824197073657 ] } },
{ "type": "Feature", "properties": { "OBJECTID": 190, "CMP_ID": "CMP02-104", "FACILITY_TYPE": "Marina", "FACILITY_NAME": "Pensacola Shipyard Marina & Boatyard", "ADDRESS": "700 Myrick St", "CITY": "Pensacola", "ZIP": "32505", "COUNTY": "Escambia", "WEBSITE": "http://www.pensacolashipyard.com/index.php", "WET_SLIPS": 60, "DRY_STORAGE": 150, "PUMPOUT_TYPE": "stationary", "LAT_DD": 30.40745832, "LONG_DD": -87.25498022, "WATERBODY": "Bayou Chico", "MOORING_LINES": 0, "PUMPOUT": "Y", "CREATED_USER": null, "CREATED_DATE": null, "LAST_EDITED_USER": null, "LAST_EDITED_DATE": null, "LAND_OWNERSHIP_TYPE": null, "PUBLIC_OWNERSHIP_TYPE": null, "PHONE": "850-439-1451" }, "geometry": { "type": "Point", "coordinates": [ -87.254985079142116, 30.407463921351678 ] } },
{ "type": "Feature", "properties": { "OBJECTID": 191, "CMP_ID": "CMP02-107", "FACILITY_TYPE": "Marina", "FACILITY_NAME": "Island Cove Marina", "ADDRESS": "806 Lakewood Rd", "CITY": "Pensacola", "ZIP": "32507", "COUNTY": "Escambia", "WEBSITE": "http://www.pensacolamarinas.com/Marinas/IslandCoveMarina.aspx", "WET_SLIPS": 92, "DRY_STORAGE": 0, "PUMPOUT_TYPE": "boat", "LAT_DD": 30.40088506, "LONG_DD": -87.25417653, "WATERBODY": "Bayou Chico", "MOORING_LINES": 0, "PUMPOUT": "Y", "CREATED_USER": null, "CREATED_DATE": null, "LAST_EDITED_USER": null, "LAST_EDITED_DATE": null, "LAND_OWNERSHIP_TYPE": null, "PUBLIC_OWNERSHIP_TYPE": null, "PHONE": "850-455-4552" }, "geometry": { "type": "Point", "coordinates": [ -87.254181384250387, 30.400890666024587 ] } },
{ "type": "Feature", "properties": { "OBJECTID": 192, "CMP_ID": "CMP09-394", "FACILITY_TYPE": "Marina", "FACILITY_NAME": "Harbor View Marine", "ADDRESS": "1220 Mahogany Mill Rd", "CITY": "Pensacola", "ZIP": "32507", "COUNTY": "Escambia", "WEBSITE": "http://www.harborviewmarina.com", "WET_SLIPS": 0, "DRY_STORAGE": 180, "PUMPOUT_TYPE": "stationary", "LAT_DD": 30.3999364, "LONG_DD": -87.2483504, "WATERBODY": "Bayou Chico", "MOORING_LINES": 0, "PUMPOUT": "Y", "CREATED_USER": null, "CREATED_DATE": null, "LAST_EDITED_USER": null, "LAST_EDITED_DATE": null, "LAND_OWNERSHIP_TYPE": null, "PUBLIC_OWNERSHIP_TYPE": null, "PHONE": "850-453-3435" }, "geometry": { "type": "Point", "coordinates": [ -87.248355255527741, 30.399942001820339 ] } },
{ "type": "Feature", "properties": { "OBJECTID": 193, "CMP_ID": "CMP02-103", "FACILITY_TYPE": "Marina", "FACILITY_NAME": "Santa Rosa Yacht & Boat Club", "ADDRESS": "300 Pensacola Beach Blvd", "CITY": "Gulf Breeze", "ZIP": "32561", "COUNTY": "Santa Rosa", "WEBSITE": "http://www.santarosayachtclub.com", "WET_SLIPS": 41, "DRY_STORAGE": 129, "PUMPOUT_TYPE": "Stationary Vacuum", "LAT_DD": 30.35342957, "LONG_DD": -87.15658391, "WATERBODY": "Santa Rosa Sound", "MOORING_LINES": 0, "PUMPOUT": "Y", "CREATED_USER": null, "CREATED_DATE": null, "LAST_EDITED_USER": null, "LAST_EDITED_DATE": null, "LAND_OWNERSHIP_TYPE": null, "PUBLIC_OWNERSHIP_TYPE": null, "PHONE": "850-934-1005" }, "geometry": { "type": "Point", "coordinates": [ -87.156588734289812, 30.353435162664553 ] } },
{ "type": "Feature", "properties": { "OBJECTID": 194, "CMP_ID": "CMP11-467", "FACILITY_TYPE": "Marina", "FACILITY_NAME": "Pensacola Yacht Club", "ADDRESS": "1897 Cypress St", "CITY": "Pensacola", "ZIP": "32502", "COUNTY": "Escambia", "WEBSITE": "http://www.pensacolayachtclub.org", "WET_SLIPS": 52, "DRY_STORAGE": 60, "PUMPOUT_TYPE": "NONE", "LAT_DD": 30.40037089, "LONG_DD": -87.23936667, "WATERBODY": "Bayou Chico", "MOORING_LINES": 0, "PUMPOUT": "Y", "CREATED_USER": null, "CREATED_DATE": null, "LAST_EDITED_USER": null, "LAST_EDITED_DATE": null, "LAND_OWNERSHIP_TYPE": null, "PUBLIC_OWNERSHIP_TYPE": null, "PHONE": "850-432-7006" }, "geometry": { "type": "Point", "coordinates": [ -87.239371526362149, 30.400376496597982 ] } },
{ "type": "Feature", "properties": { "OBJECTID": 195, "CMP_ID": "CMP14-514", "FACILITY_TYPE": "Marina", "FACILITY_NAME": "Hurlburt Field AFB Marina", "ADDRESS": "100 Corlew Rd, Bldg 92473", "CITY": "Hurlburt Field", "ZIP": "32544", "COUNTY": "Okaloosa", "WEBSITE": "http://myhurlburt.com/marina.php", "WET_SLIPS": 34, "DRY_STORAGE": 0, "PUMPOUT_TYPE": "N/A", "LAT_DD": 30.40941011, "LONG_DD": -86.70972018000001, "WATERBODY": "Intercoastal Waterway", "MOORING_LINES": 0, "PUMPOUT": "N", "CREATED_USER": null, "CREATED_DATE": null, "LAST_EDITED_USER": null, "LAST_EDITED_DATE": null, "LAND_OWNERSHIP_TYPE": null, "PUBLIC_OWNERSHIP_TYPE": null, "PHONE": null }, "geometry": { "type": "Point", "coordinates": [ -86.709724884000536, 30.409415737677509 ] } },
{ "type": "Feature", "properties": { "OBJECTID": 196, "CMP_ID": "CMP06-277", "FACILITY_TYPE": "Marina", "FACILITY_NAME": "Fort Walton Beach Yacht Basin", "ADDRESS": "104 Miracle Strip Pkwy SW", "CITY": "Ft Walton Beach", "ZIP": "32548", "COUNTY": "Okaloosa", "WEBSITE": "http://www.fwbyachtbasin.com/", "WET_SLIPS": 14, "DRY_STORAGE": 80, "PUMPOUT_TYPE": "stationary & vacuum", "LAT_DD": 30.40416109, "LONG_DD": -86.62044749, "WATERBODY": "Santa Rosa Sound", "MOORING_LINES": 0, "PUMPOUT": "Y", "CREATED_USER": null, "CREATED_DATE": null, "LAST_EDITED_USER": null, "LAST_EDITED_DATE": null, "LAND_OWNERSHIP_TYPE": null, "PUBLIC_OWNERSHIP_TYPE": null, "PHONE": "850-244-5725" }, "geometry": { "type": "Point", "coordinates": [ -86.620452168813529, 30.404166710663777 ] } },
{ "type": "Feature", "properties": { "OBJECTID": 197, "CMP_ID": "CMP04-199", "FACILITY_TYPE": "Marina", "FACILITY_NAME": "Fort Walton Yacht Club", "ADDRESS": "180 Ferry Rd NE", "CITY": "Fort Walton Beach", "ZIP": "32548", "COUNTY": "Okaloosa", "WEBSITE": "http://www.fwyc.org", "WET_SLIPS": 111, "DRY_STORAGE": 75, "PUMPOUT_TYPE": "stationary, vacuum, boat, & holding tank", "LAT_DD": 30.4263331, "LONG_DD": -86.59174161, "WATERBODY": "Choctawatchee Bay", "MOORING_LINES": 0, "PUMPOUT": "Y", "CREATED_USER": null, "CREATED_DATE": null, "LAST_EDITED_USER": null, "LAST_EDITED_DATE": null, "LAND_OWNERSHIP_TYPE": null, "PUBLIC_OWNERSHIP_TYPE": null, "PHONE": "850-243-7102" }, "geometry": { "type": "Point", "coordinates": [ -86.591746282941756, 30.426338731251072 ] } },
{ "type": "Feature", "properties": { "OBJECTID": 198, "CMP_ID": "CMP04-195", "FACILITY_TYPE": "Marina", "FACILITY_NAME": "Shalimar Yacht Basin & Marina", "ADDRESS": "100 Old Ferry Rd", "CITY": "Shalimar", "ZIP": "32579", "COUNTY": "Okaloosa", "WEBSITE": "http://www.shalimaryachtbasin.com", "WET_SLIPS": 130, "DRY_STORAGE": 235, "PUMPOUT_TYPE": "stationary", "LAT_DD": 30.43611407, "LONG_DD": -86.58358819, "WATERBODY": "Garnier Bayou", "MOORING_LINES": 0, "PUMPOUT": "Y", "CREATED_USER": null, "CREATED_DATE": null, "LAST_EDITED_USER": null, "LAST_EDITED_DATE": null, "LAND_OWNERSHIP_TYPE": null, "PUBLIC_OWNERSHIP_TYPE": null, "PHONE": "850-651-0510" }, "geometry": { "type": "Point", "coordinates": [ -86.583592861496214, 30.436119699191181 ] } },
{ "type": "Feature", "properties": { "OBJECTID": 199, "CMP_ID": "CMP06-281", "FACILITY_TYPE": "Marina", "FACILITY_NAME": "East Pass Towers Marina", "ADDRESS": "110 Gulf Shore Dr", "CITY": "Destin", "ZIP": "32541", "COUNTY": "Okaloosa", "WEBSITE": "http://destinluxuryrentals.com/destin-luxury-rentals/destin-condo-rentals/east-pass-towers-yacht-club/", "WET_SLIPS": 39, "DRY_STORAGE": 0, "PUMPOUT_TYPE": "stationary & vacuum", "LAT_DD": 30.38986438, "LONG_DD": -86.50798208, "WATERBODY": "Destin Harbor", "MOORING_LINES": 0, "PUMPOUT": "Y", "CREATED_USER": null, "CREATED_DATE": null, "LAST_EDITED_USER": null, "LAST_EDITED_DATE": null, "LAND_OWNERSHIP_TYPE": null, "PUBLIC_OWNERSHIP_TYPE": null, "PHONE": null }, "geometry": { "type": "Point", "coordinates": [ -86.507986727208021, 30.38987000878814 ] } },
{ "type": "Feature", "properties": { "OBJECTID": 200, "CMP_ID": "CMP07-315", "FACILITY_TYPE": "Marina", "FACILITY_NAME": "Marbella Yacht Club", "ADDRESS": "770 Harbor Blvd", "CITY": "Destin", "ZIP": "32541", "COUNTY": "Okaloosa", "WEBSITE": "https://sites.google.com/site/marbellayachtclub/", "WET_SLIPS": 56, "DRY_STORAGE": 0, "PUMPOUT_TYPE": "portable", "LAT_DD": 30.38898637, "LONG_DD": -86.48572608000001, "WATERBODY": "Destin Harbor", "MOORING_LINES": 0, "PUMPOUT": "Y", "CREATED_USER": null, "CREATED_DATE": null, "LAST_EDITED_USER": null, "LAST_EDITED_DATE": null, "LAND_OWNERSHIP_TYPE": null, "PUBLIC_OWNERSHIP_TYPE": null, "PHONE": "850-424-5531" }, "geometry": { "type": "Point", "coordinates": [ -86.485730717267714, 30.388991995300991 ] } },
{ "type": "Feature", "properties": { "OBJECTID": 201, "CMP_ID": "CMP04-207", "FACILITY_TYPE": "Marina", "FACILITY_NAME": "Baytowne Marina at Sandestin", "ADDRESS": "9300 Emerald Coast Pkwy West", "CITY": "Destin", "ZIP": "32550", "COUNTY": "Walton", "WEBSITE": "http://www.sandestin.com", "WET_SLIPS": 113, "DRY_STORAGE": 0, "PUMPOUT_TYPE": "stationary  boat", "LAT_DD": 30.3876086, "LONG_DD": -86.32592815, "WATERBODY": "Choctawhatchee Bay", "MOORING_LINES": 0, "PUMPOUT": "Y", "CREATED_USER": null, "CREATED_DATE": null, "LAST_EDITED_USER": null, "LAST_EDITED_DATE": null, "LAND_OWNERSHIP_TYPE": null, "PUBLIC_OWNERSHIP_TYPE": null, "PHONE": "850-267-7773" }, "geometry": { "type": "Point", "coordinates": [ -86.325932745296768, 30.387614229258077 ] } },
{ "type": "Feature", "properties": { "OBJECTID": 202, "CMP_ID": "CMP10-423", "FACILITY_TYPE": "Marina", "FACILITY_NAME": "North Light Yacht Club", "ADDRESS": "113 John Sims Parkway W", "CITY": "Niceville", "ZIP": "32578", "COUNTY": "Okaloosa", "WEBSITE": "http://www.northlightyachtclub.com", "WET_SLIPS": 56, "DRY_STORAGE": 280, "PUMPOUT_TYPE": "stationary", "LAT_DD": 30.52084357, "LONG_DD": -86.49464985, "WATERBODY": "Boggy Bayou", "MOORING_LINES": 0, "PUMPOUT": "Y", "CREATED_USER": null, "CREATED_DATE": null, "LAST_EDITED_USER": null, "LAST_EDITED_DATE": null, "LAND_OWNERSHIP_TYPE": null, "PUBLIC_OWNERSHIP_TYPE": null, "PHONE": "850-678-2350" }, "geometry": { "type": "Point", "coordinates": [ -86.494654495721676, 30.520849222250828 ] } },
{ "type": "Feature", "properties": { "OBJECTID": 203, "CMP_ID": "CMP03-180", "FACILITY_TYPE": "Marina", "FACILITY_NAME": "Bluewater Bay Marina Complex", "ADDRESS": "290 Yacht Club Dr", "CITY": "Niceville", "ZIP": "32578", "COUNTY": "Okaloosa", "WEBSITE": "http://www.bluewaterbaymarina.com", "WET_SLIPS": 120, "DRY_STORAGE": 180, "PUMPOUT_TYPE": "Boat", "LAT_DD": 30.49519965, "LONG_DD": -86.44596684, "WATERBODY": "Ward Cove", "MOORING_LINES": 0, "PUMPOUT": "Y", "CREATED_USER": null, "CREATED_DATE": null, "LAST_EDITED_USER": null, "LAST_EDITED_DATE": null, "LAND_OWNERSHIP_TYPE": null, "PUBLIC_OWNERSHIP_TYPE": null, "PHONE": "850-897-2821" }, "geometry": { "type": "Point", "coordinates": [ -86.445971470309573, 30.495205302688987 ] } },
{ "type": "Feature", "properties": { "OBJECTID": 204, "CMP_ID": "CMP06-287", "FACILITY_TYPE": "Marina", "FACILITY_NAME": "Legendary Marine", "ADDRESS": "4603 Legendary Marina Dr", "CITY": "Destin", "ZIP": "32541", "COUNTY": "Okaloosa", "WEBSITE": "http://www.legendarymarine.com", "WET_SLIPS": 0, "DRY_STORAGE": 750, "PUMPOUT_TYPE": "stationary", "LAT_DD": 30.40172093, "LONG_DD": -86.42545368, "WATERBODY": "Choctawhatchee Bay", "MOORING_LINES": 0, "PUMPOUT": "Y", "CREATED_USER": null, "CREATED_DATE": null, "LAST_EDITED_USER": null, "LAST_EDITED_DATE": null, "LAND_OWNERSHIP_TYPE": null, "PUBLIC_OWNERSHIP_TYPE": null, "PHONE": "850-271-8950" }, "geometry": { "type": "Point", "coordinates": [ -86.425458300624669, 30.401726560678036 ] } },
{ "type": "Feature", "properties": { "OBJECTID": 205, "CMP_ID": "CMP06-288", "FACILITY_TYPE": "Retailer", "FACILITY_NAME": "Legendary Marine", "ADDRESS": "4603 Legendary Marina Dr", "CITY": "Destin", "ZIP": "32541", "COUNTY": "Okaloosa", "WEBSITE": "http://www.legendarymarine.com", "WET_SLIPS": 0, "DRY_STORAGE": 750, "PUMPOUT_TYPE": " ", "LAT_DD": 30.40172093, "LONG_DD": -86.42545368, "WATERBODY": "Choctawhatchee Bay", "MOORING_LINES": 0, "PUMPOUT": "Y", "CREATED_USER": null, "CREATED_DATE": null, "LAST_EDITED_USER": null, "LAST_EDITED_DATE": null, "LAND_OWNERSHIP_TYPE": null, "PUBLIC_OWNERSHIP_TYPE": null, "PHONE": "850-271-8950" }, "geometry": { "type": "Point", "coordinates": [ -86.425458300624669, 30.401726560678036 ] } },
{ "type": "Feature", "properties": { "OBJECTID": 206, "CMP_ID": "CMP06-236", "FACILITY_TYPE": "Marina", "FACILITY_NAME": "Naval Support Activity Panama City", "ADDRESS": "101 Vernon Avenue, Bldg 327", "CITY": "Panama City Beach", "ZIP": "32407", "COUNTY": "Bay", "WEBSITE": " ", "WET_SLIPS": 13, "DRY_STORAGE": 52, "PUMPOUT_TYPE": "NONE", "LAT_DD": 30.18214521, "LONG_DD": -85.75364337000001, "WATERBODY": "St. Andrews Bay", "MOORING_LINES": 0, "PUMPOUT": "N", "CREATED_USER": null, "CREATED_DATE": null, "LAST_EDITED_USER": null, "LAST_EDITED_DATE": null, "LAND_OWNERSHIP_TYPE": null, "PUBLIC_OWNERSHIP_TYPE": null, "PHONE": null }, "geometry": { "type": "Point", "coordinates": [ -85.753647790550929, 30.182150816493948 ] } },
{ "type": "Feature", "properties": { "OBJECTID": 207, "CMP_ID": "CMP02-088", "FACILITY_TYPE": "Marina", "FACILITY_NAME": "Bay Point Marina", "ADDRESS": "3824 Hatteras Ln", "CITY": "Panama City Beach", "ZIP": "32408", "COUNTY": "Bay", "WEBSITE": "http://www.baypointmarina.net", "WET_SLIPS": 180, "DRY_STORAGE": 0, "PUMPOUT_TYPE": "vacuum", "LAT_DD": 30.14324108, "LONG_DD": -85.7277065, "WATERBODY": "Grand Lagoon", "MOORING_LINES": 0, "PUMPOUT": "Y", "CREATED_USER": null, "CREATED_DATE": null, "LAST_EDITED_USER": null, "LAST_EDITED_DATE": null, "LAND_OWNERSHIP_TYPE": null, "PUBLIC_OWNERSHIP_TYPE": null, "PHONE": "850-235-6911" }, "geometry": { "type": "Point", "coordinates": [ -85.727710911129975, 30.143246673020005 ] } },
{ "type": "Feature", "properties": { "OBJECTID": 208, "CMP_ID": "CMP04-190", "FACILITY_TYPE": "Marina", "FACILITY_NAME": "Panama City Marina", "ADDRESS": "1 Harrison Ave", "CITY": "Panama City", "ZIP": "32401", "COUNTY": "Bay", "WEBSITE": "http://www.pcmarina.com", "WET_SLIPS": 240, "DRY_STORAGE": 0, "PUMPOUT_TYPE": "stationary", "LAT_DD": 30.15329356, "LONG_DD": -85.6653953, "WATERBODY": "St. Andrews Bay", "MOORING_LINES": 0, "PUMPOUT": "Y", "CREATED_USER": null, "CREATED_DATE": null, "LAST_EDITED_USER": null, "LAST_EDITED_DATE": null, "LAND_OWNERSHIP_TYPE": null, "PUBLIC_OWNERSHIP_TYPE": null, "PHONE": "850-872-7272" }, "geometry": { "type": "Point", "coordinates": [ -85.665399694795724, 30.153299162869722 ] } },
{ "type": "Feature", "properties": { "OBJECTID": 209, "CMP_ID": "CMP09-375", "FACILITY_TYPE": "Marina", "FACILITY_NAME": "St. Joseph Peninsula State Park Marina", "ADDRESS": "8899 Cape San Blas Rd", "CITY": "Port St Joe", "ZIP": "32456", "COUNTY": "Gulf", "WEBSITE": "http://www.floridastateparks.org/STJOSEPH", "WET_SLIPS": 0, "DRY_STORAGE": 0, "PUMPOUT_TYPE": "NONE", "LAT_DD": 29.76380061, "LONG_DD": -85.40253516, "WATERBODY": "St Joseph Bay", "MOORING_LINES": 0, "PUMPOUT": "N", "CREATED_USER": null, "CREATED_DATE": null, "LAST_EDITED_USER": null, "LAST_EDITED_DATE": null, "LAND_OWNERSHIP_TYPE": null, "PUBLIC_OWNERSHIP_TYPE": null, "PHONE": "850-227-1327" }, "geometry": { "type": "Point", "coordinates": [ -85.402539470996672, 29.763806126669696 ] } },
{ "type": "Feature", "properties": { "OBJECTID": 210, "CMP_ID": "CMP06-270", "FACILITY_TYPE": "Marina", "FACILITY_NAME": "Port St Joe Marina", "ADDRESS": "340 Marina Dr", "CITY": "Port St Joe", "ZIP": "32456", "COUNTY": "Gulf", "WEBSITE": "http://www.psjmarina.com/", "WET_SLIPS": 109, "DRY_STORAGE": 96, "PUMPOUT_TYPE": " ", "LAT_DD": 29.81469068, "LONG_DD": -85.30905248000001, "WATERBODY": "St Joseph Bay", "MOORING_LINES": 0, "PUMPOUT": "Y", "CREATED_USER": null, "CREATED_DATE": null, "LAST_EDITED_USER": null, "LAST_EDITED_DATE": null, "LAND_OWNERSHIP_TYPE": null, "PUBLIC_OWNERSHIP_TYPE": null, "PHONE": "850-227-9393" }, "geometry": { "type": "Point", "coordinates": [ -85.309056767653743, 29.814696215034175 ] } },
{ "type": "Feature", "properties": { "OBJECTID": 211, "CMP_ID": "CMP08-365", "FACILITY_TYPE": "Marina", "FACILITY_NAME": "Sigsbee Marina NAS", "ADDRESS": "Bldg V - 3000 Dredger Rd", "CITY": "Key West", "ZIP": "33040", "COUNTY": "Monroe", "WEBSITE": "http://www.cnic.navy.mil/regions/cnrse/installations/nas_key_west/ffr/things-to-do/recreation/marinas.html", "WET_SLIPS": 13, "DRY_STORAGE": 120, "PUMPOUT_TYPE": "NONE", "LAT_DD": 24.58368535, "LONG_DD": -81.77333867, "WATERBODY": "Gulf of Mexico", "MOORING_LINES": 0, "PUMPOUT": "Y", "CREATED_USER": null, "CREATED_DATE": null, "LAST_EDITED_USER": null, "LAST_EDITED_DATE": null, "LAND_OWNERSHIP_TYPE": null, "PUBLIC_OWNERSHIP_TYPE": null, "PHONE": null }, "geometry": { "type": "Point", "coordinates": [ -81.773341781082934, 24.583689701600346 ] } },
{ "type": "Feature", "properties": { "OBJECTID": 212, "CMP_ID": "CMP06-291", "FACILITY_TYPE": "Marina", "FACILITY_NAME": "Carrabelle Boat Club", "ADDRESS": "1570 Hwy 98 W", "CITY": "Carrabelle", "ZIP": "32322", "COUNTY": "Franklin", "WEBSITE": "http://rvcoutdoors.com/carrabelle-boat-club/", "WET_SLIPS": 15, "DRY_STORAGE": 285, "PUMPOUT_TYPE": "stationary", "LAT_DD": 29.84375395, "LONG_DD": -84.67822784000001, "WATERBODY": "Postum Bayou", "MOORING_LINES": 0, "PUMPOUT": "Y", "CREATED_USER": null, "CREATED_DATE": null, "LAST_EDITED_USER": null, "LAST_EDITED_DATE": null, "LAND_OWNERSHIP_TYPE": null, "PUBLIC_OWNERSHIP_TYPE": null, "PHONE": "850-697-5500" }, "geometry": { "type": "Point", "coordinates": [ -84.678231950667751, 29.8437595107413 ] } },
{ "type": "Feature", "properties": { "OBJECTID": 213, "CMP_ID": "CMP03-166", "FACILITY_TYPE": "Marina", "FACILITY_NAME": "The Moorings of Carrabelle", "ADDRESS": "1000 US Hwy 98", "CITY": "Carrabelle", "ZIP": "32322", "COUNTY": "Franklin", "WEBSITE": "https://www.mooringsofcarrabelle.com/", "WET_SLIPS": 154, "DRY_STORAGE": 0, "PUMPOUT_TYPE": "stationary", "LAT_DD": 29.85189006, "LONG_DD": -84.67343297, "WATERBODY": "Carrabelle River", "MOORING_LINES": 0, "PUMPOUT": "Y", "CREATED_USER": null, "CREATED_DATE": null, "LAST_EDITED_USER": null, "LAST_EDITED_DATE": null, "LAND_OWNERSHIP_TYPE": null, "PUBLIC_OWNERSHIP_TYPE": null, "PHONE": "850-697-2800" }, "geometry": { "type": "Point", "coordinates": [ -84.673437074605971, 29.851895622272412 ] } },
{ "type": "Feature", "properties": { "OBJECTID": 214, "CMP_ID": "CMP07-304", "FACILITY_TYPE": "Marina", "FACILITY_NAME": "Cedar Key Marina", "ADDRESS": "302 Dock St", "CITY": "Cedar Key", "ZIP": "32625", "COUNTY": "Levy", "WEBSITE": "http://www.cedarkeyfl.us", "WET_SLIPS": 65, "DRY_STORAGE": 0, "PUMPOUT_TYPE": "NONE", "LAT_DD": 29.13610807, "LONG_DD": -83.03004674, "WATERBODY": "Gulf of Mexico", "MOORING_LINES": 0, "PUMPOUT": "N", "CREATED_USER": null, "CREATED_DATE": null, "LAST_EDITED_USER": null, "LAST_EDITED_DATE": null, "LAND_OWNERSHIP_TYPE": null, "PUBLIC_OWNERSHIP_TYPE": null, "PHONE": "352-543-6148" }, "geometry": { "type": "Point", "coordinates": [ -83.030050343920053, 29.136113510939829 ] } },
{ "type": "Feature", "properties": { "OBJECTID": 215, "CMP_ID": "CMP02-093", "FACILITY_TYPE": "Marina", "FACILITY_NAME": "Clearwater Beach Marina", "ADDRESS": "25 Causeway Blvd", "CITY": "Clearwater", "ZIP": "33767", "COUNTY": "Pinellas", "WEBSITE": "http://www.myclearwater.com/contact/ContactData.asp?radiobutton=MarineMM", "WET_SLIPS": 194, "DRY_STORAGE": 0, "PUMPOUT_TYPE": "stationary  boat", "LAT_DD": 27.97679422, "LONG_DD": -82.82644987, "WATERBODY": "Clearwater Bay", "MOORING_LINES": 0, "PUMPOUT": "Y", "CREATED_USER": null, "CREATED_DATE": null, "LAST_EDITED_USER": null, "LAST_EDITED_DATE": null, "LAND_OWNERSHIP_TYPE": null, "PUBLIC_OWNERSHIP_TYPE": null, "PHONE": "727-462-6954" }, "geometry": { "type": "Point", "coordinates": [ -82.826453379844224, 27.976799393475808 ] } },
{ "type": "Feature", "properties": { "OBJECTID": 216, "CMP_ID": "CMP02-121", "FACILITY_TYPE": "Marina", "FACILITY_NAME": "Caladesi Island State Park", "ADDRESS": "1 Causeway Blvd", "CITY": "Dunedin", "ZIP": "34698", "COUNTY": "Pinellas", "WEBSITE": "https://www.floridastateparks.org/park/Caladesi-Island", "WET_SLIPS": 108, "DRY_STORAGE": 0, "PUMPOUT_TYPE": "NONE", "LAT_DD": 28.03169651, "LONG_DD": -82.8197898, "WATERBODY": "St. Joseph's Sound", "MOORING_LINES": 0, "PUMPOUT": "N", "CREATED_USER": null, "CREATED_DATE": null, "LAST_EDITED_USER": null, "LAST_EDITED_DATE": null, "LAND_OWNERSHIP_TYPE": null, "PUBLIC_OWNERSHIP_TYPE": null, "PHONE": "727-469-5918" }, "geometry": { "type": "Point", "coordinates": [ -82.81979331048619, 28.031701695609982 ] } },
{ "type": "Feature", "properties": { "OBJECTID": 217, "CMP_ID": "CMP10-448", "FACILITY_TYPE": "Marina", "FACILITY_NAME": "Clearwater Harbor Marina", "ADDRESS": "210 Drew St", "CITY": "Clearwater", "ZIP": "33755", "COUNTY": "Pinellas", "WEBSITE": "http://www.myclearwater.com/gov/depts/marine_aviation/ma_facilities/boatslips/index.asp", "WET_SLIPS": 126, "DRY_STORAGE": 0, "PUMPOUT_TYPE": "stationary", "LAT_DD": 27.96815174, "LONG_DD": -82.80346123, "WATERBODY": "Clearwater Harbor", "MOORING_LINES": 0, "PUMPOUT": "Y", "CREATED_USER": null, "CREATED_DATE": null, "LAST_EDITED_USER": null, "LAST_EDITED_DATE": null, "LAND_OWNERSHIP_TYPE": null, "PUBLIC_OWNERSHIP_TYPE": null, "PHONE": "727-562-4981" }, "geometry": { "type": "Point", "coordinates": [ -82.803464730115849, 27.968156904982514 ] } },
{ "type": "Feature", "properties": { "OBJECTID": 218, "CMP_ID": "CMP07-326", "FACILITY_TYPE": "Marina", "FACILITY_NAME": "Madeira Beach Municipal Marina", "ADDRESS": "503 150th Ave", "CITY": "Madeira Beach", "ZIP": "33708", "COUNTY": "Pinellas", "WEBSITE": "http://www.madeirabeachmarina.com/", "WET_SLIPS": 83, "DRY_STORAGE": 70, "PUMPOUT_TYPE": "stationary portable", "LAT_DD": 27.80408123, "LONG_DD": -82.79525983000001, "WATERBODY": "Boca Ciega Bay", "MOORING_LINES": 0, "PUMPOUT": "Y", "CREATED_USER": null, "CREATED_DATE": null, "LAST_EDITED_USER": null, "LAST_EDITED_DATE": null, "LAND_OWNERSHIP_TYPE": null, "PUBLIC_OWNERSHIP_TYPE": null, "PHONE": "727-399-2631" }, "geometry": { "type": "Point", "coordinates": [ -82.795263324557425, 27.804086359348663 ] } },
{ "type": "Feature", "properties": { "OBJECTID": 219, "CMP_ID": "CMP07-318", "FACILITY_TYPE": "Marina", "FACILITY_NAME": "Dunedin Municipal Marina", "ADDRESS": "51 Main St", "CITY": "Dunedin", "ZIP": "34698", "COUNTY": "Pinellas", "WEBSITE": "http://www.dunedingov.com/index.aspx?page=151", "WET_SLIPS": 179, "DRY_STORAGE": 0, "PUMPOUT_TYPE": "stationary", "LAT_DD": 28.01246422, "LONG_DD": -82.79232216, "WATERBODY": "Old Clearwater Harbor", "MOORING_LINES": 0, "PUMPOUT": "Y", "CREATED_USER": null, "CREATED_DATE": null, "LAST_EDITED_USER": null, "LAST_EDITED_DATE": null, "LAND_OWNERSHIP_TYPE": null, "PUBLIC_OWNERSHIP_TYPE": null, "PHONE": "727-298-3030" }, "geometry": { "type": "Point", "coordinates": [ -82.792325657814587, 28.012469396123585 ] } },
{ "type": "Feature", "properties": { "OBJECTID": 220, "CMP_ID": "CMP05-216", "FACILITY_TYPE": "Marina", "FACILITY_NAME": "Mario's Marina", "ADDRESS": "286 Shore Dr", "CITY": "Palm Harbor", "ZIP": "34683", "COUNTY": "Pinellas", "WEBSITE": "http://www.marinosmarina.com", "WET_SLIPS": 60, "DRY_STORAGE": 23, "PUMPOUT_TYPE": "stationary", "LAT_DD": 28.06837429, "LONG_DD": -82.78176312, "WATERBODY": "St. Joseph's Sound", "MOORING_LINES": 0, "PUMPOUT": "Y", "CREATED_USER": null, "CREATED_DATE": null, "LAST_EDITED_USER": null, "LAST_EDITED_DATE": null, "LAND_OWNERSHIP_TYPE": null, "PUBLIC_OWNERSHIP_TYPE": null, "PHONE": "727-784-0143" }, "geometry": { "type": "Point", "coordinates": [ -82.781766619581347, 28.0683794855311 ] } },
{ "type": "Feature", "properties": { "OBJECTID": 221, "CMP_ID": "CMP07-333", "FACILITY_TYPE": "Marina", "FACILITY_NAME": "Davis Island Yacht Club", "ADDRESS": "1315 Severn Ave", "CITY": "Tampa", "ZIP": "33606", "COUNTY": "Hillsborough", "WEBSITE": "http://www.diyc.org", "WET_SLIPS": 110, "DRY_STORAGE": 95, "PUMPOUT_TYPE": "NONE", "LAT_DD": 27.90778784, "LONG_DD": -82.45087937, "WATERBODY": "Tampa Bay", "MOORING_LINES": 0, "PUMPOUT": "N", "CREATED_USER": null, "CREATED_DATE": null, "LAST_EDITED_USER": null, "LAST_EDITED_DATE": null, "LAND_OWNERSHIP_TYPE": null, "PUBLIC_OWNERSHIP_TYPE": null, "PHONE": "813-251-1158" }, "geometry": { "type": "Point", "coordinates": [ -82.450882772283038, 27.907793003988537 ] } },
{ "type": "Feature", "properties": { "OBJECTID": 222, "CMP_ID": "CMP05-233", "FACILITY_TYPE": "Marina", "FACILITY_NAME": "Mar-Marina", "ADDRESS": "761 Anclote Rd", "CITY": "Tarpon Springs", "ZIP": "34689", "COUNTY": "Pinellas", "WEBSITE": "http://www.mar-marina.net/", "WET_SLIPS": 25, "DRY_STORAGE": 0, "PUMPOUT_TYPE": "Portable", "LAT_DD": 28.16396724, "LONG_DD": -82.77505655, "WATERBODY": "Anclote River", "MOORING_LINES": 0, "PUMPOUT": "Y", "CREATED_USER": null, "CREATED_DATE": null, "LAST_EDITED_USER": null, "LAST_EDITED_DATE": null, "LAND_OWNERSHIP_TYPE": null, "PUBLIC_OWNERSHIP_TYPE": null, "PHONE": "727-939-1589" }, "geometry": { "type": "Point", "coordinates": [ -82.775060049461857, 28.163972456124185 ] } },
{ "type": "Feature", "properties": { "OBJECTID": 223, "CMP_ID": "CMP06-283", "FACILITY_TYPE": "Marina", "FACILITY_NAME": "Maximo Marina", "ADDRESS": "4801 37th St S", "CITY": "St Petersburg", "ZIP": "33711", "COUNTY": "Pinellas", "WEBSITE": "http://www.maximomarina.com", "WET_SLIPS": 326, "DRY_STORAGE": 200, "PUMPOUT_TYPE": "stationary", "LAT_DD": 27.7245415, "LONG_DD": -82.68170707, "WATERBODY": "Boca Ciega Bay", "MOORING_LINES": 0, "PUMPOUT": "Y", "CREATED_USER": null, "CREATED_DATE": null, "LAST_EDITED_USER": null, "LAST_EDITED_DATE": null, "LAND_OWNERSHIP_TYPE": null, "PUBLIC_OWNERSHIP_TYPE": null, "PHONE": "727-867-1102" }, "geometry": { "type": "Point", "coordinates": [ -82.681710524016736, 27.724546611906199 ] } },
{ "type": "Feature", "properties": { "OBJECTID": 224, "CMP_ID": "CMP13-501", "FACILITY_TYPE": "Marina", "FACILITY_NAME": "Chadwick Cove Resort & Marina", "ADDRESS": "1825 Gulf Blvd", "CITY": "Englewood", "ZIP": "34223", "COUNTY": "Charlotte", "WEBSITE": "http://chadwickcove.vpweb.com/", "WET_SLIPS": 21, "DRY_STORAGE": 0, "PUMPOUT_TYPE": "N/A", "LAT_DD": 26.922149, "LONG_DD": -82.35909965, "WATERBODY": " ", "MOORING_LINES": 0, "PUMPOUT": "Y", "CREATED_USER": null, "CREATED_DATE": null, "LAST_EDITED_USER": null, "LAST_EDITED_DATE": null, "LAND_OWNERSHIP_TYPE": null, "PUBLIC_OWNERSHIP_TYPE": null, "PHONE": "941-474-8577" }, "geometry": { "type": "Point", "coordinates": [ -82.359102993274035, 26.922153924222968 ] } },
{ "type": "Feature", "properties": { "OBJECTID": 225, "CMP_ID": "CMP06-267", "FACILITY_TYPE": "Marina", "FACILITY_NAME": "Crow's Nest Marina Restaurant", "ADDRESS": "1968 Tarpon Center Dr", "CITY": "Venice", "ZIP": "34285", "COUNTY": "Sarasota", "WEBSITE": "http://www.crowsnest-venice.com", "WET_SLIPS": 24, "DRY_STORAGE": 0, "PUMPOUT_TYPE": "vacuum", "LAT_DD": 27.11175708, "LONG_DD": -82.46395647, "WATERBODY": "Venice Inlet", "MOORING_LINES": 0, "PUMPOUT": "Y", "CREATED_USER": null, "CREATED_DATE": null, "LAST_EDITED_USER": null, "LAST_EDITED_DATE": null, "LAND_OWNERSHIP_TYPE": null, "PUBLIC_OWNERSHIP_TYPE": null, "PHONE": "941-484-9551" }, "geometry": { "type": "Point", "coordinates": [ -82.463959843880545, 27.111762049699742 ] } },
{ "type": "Feature", "properties": { "OBJECTID": 226, "CMP_ID": "CMP06-271", "FACILITY_TYPE": "Marina", "FACILITY_NAME": "Palm Island Marina", "ADDRESS": "7080 Placida Rd", "CITY": "Cape Haze", "ZIP": "33946", "COUNTY": "Charlotte", "WEBSITE": "http://www.palmislandmarina.com", "WET_SLIPS": 94, "DRY_STORAGE": 190, "PUMPOUT_TYPE": "portable", "LAT_DD": 26.870999, "LONG_DD": -82.31039385, "WATERBODY": "Charlotte Harbor", "MOORING_LINES": 0, "PUMPOUT": "Y", "CREATED_USER": null, "CREATED_DATE": null, "LAST_EDITED_USER": null, "LAST_EDITED_DATE": null, "LAND_OWNERSHIP_TYPE": null, "PUBLIC_OWNERSHIP_TYPE": null, "PHONE": "941-697-4356" }, "geometry": { "type": "Point", "coordinates": [ -82.310397176898363, 26.871003918167457 ] } },
{ "type": "Feature", "properties": { "OBJECTID": 227, "CMP_ID": "CMP00-029", "FACILITY_TYPE": "Marina", "FACILITY_NAME": "Gulf Harbor Marina", "ADDRESS": "100 Circuit Rd", "CITY": "Nokomis", "ZIP": "34275", "COUNTY": "Sarasota", "WEBSITE": "http://www.gulfharbormarina.com", "WET_SLIPS": 0, "DRY_STORAGE": 269, "PUMPOUT_TYPE": "NONE", "LAT_DD": 27.12414424, "LONG_DD": -82.46814562, "WATERBODY": "Sarasota Bay", "MOORING_LINES": 0, "PUMPOUT": "N", "CREATED_USER": null, "CREATED_DATE": null, "LAST_EDITED_USER": null, "LAST_EDITED_DATE": null, "LAND_OWNERSHIP_TYPE": null, "PUBLIC_OWNERSHIP_TYPE": null, "PHONE": "941-480-9744" }, "geometry": { "type": "Point", "coordinates": [ -82.468148997184741, 27.124149206841551 ] } },
{ "type": "Feature", "properties": { "OBJECTID": 228, "CMP_ID": "CMP14-515", "FACILITY_TYPE": "Marina", "FACILITY_NAME": "Fisherman's Wharf Marina", "ADDRESS": "509 N Tamiami Trail", "CITY": "Venice", "ZIP": "34285", "COUNTY": "Sarasota", "WEBSITE": "http://fishermanswharffl.com/", "WET_SLIPS": 62, "DRY_STORAGE": 0, "PUMPOUT_TYPE": "stationary", "LAT_DD": 27.10525813, "LONG_DD": -82.44499235000001, "WATERBODY": "Intercoastal Waterway", "MOORING_LINES": 0, "PUMPOUT": "Y", "CREATED_USER": null, "CREATED_DATE": null, "LAST_EDITED_USER": null, "LAST_EDITED_DATE": null, "LAND_OWNERSHIP_TYPE": null, "PUBLIC_OWNERSHIP_TYPE": null, "PHONE": "941-486-0500" }, "geometry": { "type": "Point", "coordinates": [ -82.44499571823701, 27.105263094916239 ] } },
{ "type": "Feature", "properties": { "OBJECTID": 229, "CMP_ID": "CMP07-294", "FACILITY_TYPE": "Marina", "FACILITY_NAME": "The Inn Marina", "ADDRESS": "891 E 8th St E", "CITY": "Boca Grande", "ZIP": "33921", "COUNTY": "Lee", "WEBSITE": "http://www.theinnlet.com/the_inn_marina.php", "WET_SLIPS": 17, "DRY_STORAGE": 206, "PUMPOUT_TYPE": "NONE", "LAT_DD": 26.75487215, "LONG_DD": -82.26033141000001, "WATERBODY": "Charlotte Harbor", "MOORING_LINES": 0, "PUMPOUT": "N", "CREATED_USER": null, "CREATED_DATE": null, "LAST_EDITED_USER": null, "LAST_EDITED_DATE": null, "LAND_OWNERSHIP_TYPE": null, "PUBLIC_OWNERSHIP_TYPE": null, "PHONE": "941-964-4620" }, "geometry": { "type": "Point", "coordinates": [ -82.260334718521321, 26.754877037431889 ] } },
{ "type": "Feature", "properties": { "OBJECTID": 230, "CMP_ID": "CMP07-312", "FACILITY_TYPE": "Marina", "FACILITY_NAME": "Laishley Park Municipal Marina", "ADDRESS": "120 Laishley Ct", "CITY": "Punta Gorda", "ZIP": "33950", "COUNTY": "Charlotte", "WEBSITE": "http://www.laishleymarina.com", "WET_SLIPS": 94, "DRY_STORAGE": 0, "PUMPOUT_TYPE": "stationary", "LAT_DD": 26.93867258, "LONG_DD": -82.05122153000001, "WATERBODY": "Charlotte Harbor", "MOORING_LINES": 42, "PUMPOUT": "Y", "CREATED_USER": null, "CREATED_DATE": null, "LAST_EDITED_USER": null, "LAST_EDITED_DATE": null, "LAND_OWNERSHIP_TYPE": null, "PUBLIC_OWNERSHIP_TYPE": null, "PHONE": "941-575-0142" }, "geometry": { "type": "Point", "coordinates": [ -82.051224784344925, 26.938677510961835 ] } },
{ "type": "Feature", "properties": { "OBJECTID": 231, "CMP_ID": "CMP08-337", "FACILITY_TYPE": "Marina", "FACILITY_NAME": "Isles Yacht Club", "ADDRESS": "1780 W Marion Ave", "CITY": "Punta Gorda", "ZIP": "33950", "COUNTY": "Charlotte", "WEBSITE": "http://www.islesyc.com", "WET_SLIPS": 45, "DRY_STORAGE": 0, "PUMPOUT_TYPE": "stationary", "LAT_DD": 26.92485361, "LONG_DD": -82.07198105000001, "WATERBODY": "Charlotte Harbor", "MOORING_LINES": 0, "PUMPOUT": "Y", "CREATED_USER": null, "CREATED_DATE": null, "LAST_EDITED_USER": null, "LAST_EDITED_DATE": null, "LAND_OWNERSHIP_TYPE": null, "PUBLIC_OWNERSHIP_TYPE": null, "PHONE": "941-639-7551" }, "geometry": { "type": "Point", "coordinates": [ -82.071984308319699, 26.924858538506513 ] } },
{ "type": "Feature", "properties": { "OBJECTID": 232, "CMP_ID": "CMP03-177", "FACILITY_TYPE": "Marina", "FACILITY_NAME": "Fishermen's Village Yacht Basin", "ADDRESS": "1200 W Retta Esplanade, Suite 57", "CITY": "Punta Gorda", "ZIP": "33950", "COUNTY": "Charlotte", "WEBSITE": "http://www.fishville.com", "WET_SLIPS": 111, "DRY_STORAGE": 0, "PUMPOUT_TYPE": "portable & stationary", "LAT_DD": 26.92752269, "LONG_DD": -82.0633662, "WATERBODY": "Charlotte Harbor", "MOORING_LINES": 0, "PUMPOUT": "Y", "CREATED_USER": null, "CREATED_DATE": null, "LAST_EDITED_USER": null, "LAST_EDITED_DATE": null, "LAND_OWNERSHIP_TYPE": null, "PUBLIC_OWNERSHIP_TYPE": null, "PHONE": "941-575-3000" }, "geometry": { "type": "Point", "coordinates": [ -82.063369457313968, 26.927527621507167 ] } },
{ "type": "Feature", "properties": { "OBJECTID": 233, "CMP_ID": "CMP04-193", "FACILITY_TYPE": "Marina", "FACILITY_NAME": "Sanibel Marina", "ADDRESS": "634 N Yachtsman Dr", "CITY": "Sanibel", "ZIP": "33957", "COUNTY": "Lee", "WEBSITE": "http://www.sanibelmarina.com", "WET_SLIPS": 77, "DRY_STORAGE": 0, "PUMPOUT_TYPE": "stationary", "LAT_DD": 26.45097667, "LONG_DD": -82.03047525, "WATERBODY": "San Carlos Bay", "MOORING_LINES": 0, "PUMPOUT": "Y", "CREATED_USER": null, "CREATED_DATE": null, "LAST_EDITED_USER": null, "LAST_EDITED_DATE": null, "LAND_OWNERSHIP_TYPE": null, "PUBLIC_OWNERSHIP_TYPE": null, "PHONE": "239-472-2723" }, "geometry": { "type": "Point", "coordinates": [ -82.03047848449458, 26.45098149073953 ] } },
{ "type": "Feature", "properties": { "OBJECTID": 234, "CMP_ID": "CMP02-079", "FACILITY_TYPE": "Marina", "FACILITY_NAME": "Tarpon Point Marina", "ADDRESS": "6179 Black Marlin Ln", "CITY": "Cape Coral", "ZIP": "33914", "COUNTY": "Lee", "WEBSITE": "http://www.tarponpoint.com/", "WET_SLIPS": 200, "DRY_STORAGE": 0, "PUMPOUT_TYPE": "stationary", "LAT_DD": 26.53870411, "LONG_DD": -81.99944995, "WATERBODY": "Caloosahatchee River", "MOORING_LINES": 0, "PUMPOUT": "Y", "CREATED_USER": null, "CREATED_DATE": null, "LAST_EDITED_USER": null, "LAST_EDITED_DATE": null, "LAND_OWNERSHIP_TYPE": null, "PUBLIC_OWNERSHIP_TYPE": null, "PHONE": "239-549-4900" }, "geometry": { "type": "Point", "coordinates": [ -81.999453172741468, 26.538708944949445 ] } },
{ "type": "Feature", "properties": { "OBJECTID": 235, "CMP_ID": "CMP11-458", "FACILITY_TYPE": "Marina", "FACILITY_NAME": "St. Charles Yacht Club", "ADDRESS": "15900 St Charles Harbour Blvd", "CITY": "Ft Myers", "ZIP": "33908", "COUNTY": "Lee", "WEBSITE": "http://www.stcharlesyc.com", "WET_SLIPS": 28, "DRY_STORAGE": 0, "PUMPOUT_TYPE": "stationary", "LAT_DD": 26.50985594, "LONG_DD": -81.98048219, "WATERBODY": "Caloosahatchee River", "MOORING_LINES": 0, "PUMPOUT": "Y", "CREATED_USER": null, "CREATED_DATE": null, "LAST_EDITED_USER": null, "LAST_EDITED_DATE": null, "LAND_OWNERSHIP_TYPE": null, "PUBLIC_OWNERSHIP_TYPE": null, "PHONE": "239-466-2007" }, "geometry": { "type": "Point", "coordinates": [ -81.980485407836412, 26.509860771750621 ] } },
{ "type": "Feature", "properties": { "OBJECTID": 236, "CMP_ID": "CMP12-494", "FACILITY_TYPE": "Marina", "FACILITY_NAME": "Pink Shell Beach Resort & Marina", "ADDRESS": "275 Estero Blvd", "CITY": "Ft Myers Beach", "ZIP": "33931", "COUNTY": "Lee", "WEBSITE": "http://www.pinkshell.com", "WET_SLIPS": 41, "DRY_STORAGE": 0, "PUMPOUT_TYPE": "stationary", "LAT_DD": 26.46103392, "LONG_DD": -81.96450675, "WATERBODY": "Mantanazas Pass", "MOORING_LINES": 0, "PUMPOUT": "Y", "CREATED_USER": null, "CREATED_DATE": null, "LAST_EDITED_USER": null, "LAST_EDITED_DATE": null, "LAND_OWNERSHIP_TYPE": null, "PUBLIC_OWNERSHIP_TYPE": null, "PHONE": "239-463-6181" }, "geometry": { "type": "Point", "coordinates": [ -81.964509965552182, 26.46103873633227 ] } },
{ "type": "Feature", "properties": { "OBJECTID": 237, "CMP_ID": "CMP10-436", "FACILITY_TYPE": "Marina", "FACILITY_NAME": "Snook Bight Marina", "ADDRESS": "4765 Estero Dr", "CITY": "Ft Myers Beach", "ZIP": "33931", "COUNTY": "Lee", "WEBSITE": "http://www.snookbightmarina.com", "WET_SLIPS": 74, "DRY_STORAGE": 160, "PUMPOUT_TYPE": "portable", "LAT_DD": 26.4382141, "LONG_DD": -81.9195607, "WATERBODY": "Mantanzas Pass", "MOORING_LINES": 0, "PUMPOUT": "Y", "CREATED_USER": null, "CREATED_DATE": null, "LAST_EDITED_USER": null, "LAST_EDITED_DATE": null, "LAND_OWNERSHIP_TYPE": null, "PUBLIC_OWNERSHIP_TYPE": null, "PHONE": "239-765-4371" }, "geometry": { "type": "Point", "coordinates": [ -81.919563899508148, 26.438218917686097 ] } },
{ "type": "Feature", "properties": { "OBJECTID": 238, "CMP_ID": "CMP02-083", "FACILITY_TYPE": "Marina", "FACILITY_NAME": "Fish Tale Marina", "ADDRESS": "7225 Estero Blvd", "CITY": "Ft Myers Beach", "ZIP": "33931", "COUNTY": "Lee", "WEBSITE": "http://www.thefishtalemarina.com", "WET_SLIPS": 65, "DRY_STORAGE": 268, "PUMPOUT_TYPE": "stationary", "LAT_DD": 26.41450785, "LONG_DD": -81.89889852, "WATERBODY": "Estero Bay", "MOORING_LINES": 0, "PUMPOUT": "Y", "CREATED_USER": null, "CREATED_DATE": null, "LAST_EDITED_USER": null, "LAST_EDITED_DATE": null, "LAND_OWNERSHIP_TYPE": null, "PUBLIC_OWNERSHIP_TYPE": null, "PHONE": "239-463-3600" }, "geometry": { "type": "Point", "coordinates": [ -81.898901715282875, 26.414512664690552 ] } },
{ "type": "Feature", "properties": { "OBJECTID": 239, "CMP_ID": "CMP08-352", "FACILITY_TYPE": "Marina", "FACILITY_NAME": "Venetian Cove Marina", "ADDRESS": "250 Ball Park Rd", "CITY": "Leesburg", "ZIP": "34748", "COUNTY": "Lake", "WEBSITE": "https://www.leesburgflorida.gov/index.aspx?page=218", "WET_SLIPS": 44, "DRY_STORAGE": 161, "PUMPOUT_TYPE": "NONE", "LAT_DD": 28.80408628, "LONG_DD": -81.87175256, "WATERBODY": "Lake Harris", "MOORING_LINES": 0, "PUMPOUT": "N", "CREATED_USER": null, "CREATED_DATE": null, "LAST_EDITED_USER": null, "LAST_EDITED_DATE": null, "LAND_OWNERSHIP_TYPE": null, "PUBLIC_OWNERSHIP_TYPE": null, "PHONE": "352-728-9870" }, "geometry": { "type": "Point", "coordinates": [ -81.871755817009443, 28.804091671894838 ] } },
{ "type": "Feature", "properties": { "OBJECTID": 240, "CMP_ID": "CMP10-424", "FACILITY_TYPE": "Boatyard", "FACILITY_NAME": "Venetian Cove Marina", "ADDRESS": "250 Ball Park Rd", "CITY": "Leesburg", "ZIP": "34748", "COUNTY": "Lake", "WEBSITE": "https://www.leesburgflorida.gov/index.aspx?page=218", "WET_SLIPS": 44, "DRY_STORAGE": 161, "PUMPOUT_TYPE": " ", "LAT_DD": 28.80408628, "LONG_DD": -81.87175256, "WATERBODY": "Lake Harris", "MOORING_LINES": 0, "PUMPOUT": "N", "CREATED_USER": null, "CREATED_DATE": null, "LAST_EDITED_USER": null, "LAST_EDITED_DATE": null, "LAND_OWNERSHIP_TYPE": null, "PUBLIC_OWNERSHIP_TYPE": null, "PHONE": "352-728-9870" }, "geometry": { "type": "Point", "coordinates": [ -81.871755817009443, 28.804091671894838 ] } },
{ "type": "Feature", "properties": { "OBJECTID": 241, "CMP_ID": "CMP01-051", "FACILITY_TYPE": "Marina", "FACILITY_NAME": "Barefoot Boat Club", "ADDRESS": "5025 Bonita Beach Rd", "CITY": "Bonita Springs", "ZIP": "34134", "COUNTY": "Collier", "WEBSITE": "http://www.barefootboatclub.us/Welcome.html", "WET_SLIPS": 24, "DRY_STORAGE": 90, "PUMPOUT_TYPE": "portable", "LAT_DD": 26.32979134, "LONG_DD": -81.83620283, "WATERBODY": "Little Hickory Bay", "MOORING_LINES": 0, "PUMPOUT": "Y", "CREATED_USER": null, "CREATED_DATE": null, "LAST_EDITED_USER": null, "LAST_EDITED_DATE": null, "LAND_OWNERSHIP_TYPE": null, "PUBLIC_OWNERSHIP_TYPE": null, "PHONE": "239-498-6112" }, "geometry": { "type": "Point", "coordinates": [ -81.836206005816535, 26.329796130198091 ] } },
{ "type": "Feature", "properties": { "OBJECTID": 242, "CMP_ID": "CMP01-063", "FACILITY_TYPE": "Marina", "FACILITY_NAME": "Bonita Bay Marina", "ADDRESS": "27598 Marina Pointe Dr SW", "CITY": "Bonita Springs", "ZIP": "34134", "COUNTY": "Lee", "WEBSITE": "http://www.bonitabaymarina.net", "WET_SLIPS": 94, "DRY_STORAGE": 334, "PUMPOUT_TYPE": "stationary", "LAT_DD": 26.33891398, "LONG_DD": -81.82832069, "WATERBODY": "Imperial River", "MOORING_LINES": 0, "PUMPOUT": "Y", "CREATED_USER": null, "CREATED_DATE": null, "LAST_EDITED_USER": null, "LAST_EDITED_DATE": null, "LAND_OWNERSHIP_TYPE": null, "PUBLIC_OWNERSHIP_TYPE": null, "PHONE": "239-495-3222" }, "geometry": { "type": "Point", "coordinates": [ -81.828323857707062, 26.33891877396912 ] } },
{ "type": "Feature", "properties": { "OBJECTID": 243, "CMP_ID": "CMP03-173", "FACILITY_TYPE": "Marina", "FACILITY_NAME": "Pelican Isle Yacht Club", "ADDRESS": "410 Dockside Dr", "CITY": "Naples", "ZIP": "34110", "COUNTY": "Collier", "WEBSITE": "http://www.piyc.net/Club/Scripts/Home/home.asp", "WET_SLIPS": 190, "DRY_STORAGE": 0, "PUMPOUT_TYPE": "portable", "LAT_DD": 26.29177314, "LONG_DD": -81.82018176, "WATERBODY": "Cocohatchee River", "MOORING_LINES": 0, "PUMPOUT": "Y", "CREATED_USER": null, "CREATED_DATE": null, "LAST_EDITED_USER": null, "LAST_EDITED_DATE": null, "LAND_OWNERSHIP_TYPE": null, "PUBLIC_OWNERSHIP_TYPE": null, "PHONE": "239-566-1606" }, "geometry": { "type": "Point", "coordinates": [ -81.820184925832834, 26.291777921533857 ] } },
{ "type": "Feature", "properties": { "OBJECTID": 244, "CMP_ID": "CMP09-370", "FACILITY_TYPE": "Marina", "FACILITY_NAME": "Island Marina", "ADDRESS": "13115 Vanderbilt Dr", "CITY": "Naples", "ZIP": "34110", "COUNTY": "Collier", "WEBSITE": "http://www.islandmarinanaples.com/", "WET_SLIPS": 80, "DRY_STORAGE": 0, "PUMPOUT_TYPE": "stationary", "LAT_DD": 26.29048157, "LONG_DD": -81.81898941, "WATERBODY": "Wiggins Pass", "MOORING_LINES": 0, "PUMPOUT": "Y", "CREATED_USER": null, "CREATED_DATE": null, "LAST_EDITED_USER": null, "LAST_EDITED_DATE": null, "LAND_OWNERSHIP_TYPE": null, "PUBLIC_OWNERSHIP_TYPE": null, "PHONE": null }, "geometry": { "type": "Point", "coordinates": [ -81.818992575432318, 26.290486348816867 ] } },
{ "type": "Feature", "properties": { "OBJECTID": 245, "CMP_ID": "CMP02-073", "FACILITY_TYPE": "Marina", "FACILITY_NAME": "Key West City Marina at Garrison Bight", "ADDRESS": "1801 Roosevelt Blvd N", "CITY": "Key West", "ZIP": "33040", "COUNTY": "Monroe", "WEBSITE": "http://www.cityofkeywest-fl.gov/department/division.php?fDD=39-78", "WET_SLIPS": 0, "DRY_STORAGE": 250, "PUMPOUT_TYPE": "stationary      boat", "LAT_DD": 24.56009481, "LONG_DD": -81.78434829, "WATERBODY": "Garrison Bight", "MOORING_LINES": 149, "PUMPOUT": "Y", "CREATED_USER": null, "CREATED_DATE": null, "LAST_EDITED_USER": null, "LAST_EDITED_DATE": null, "LAND_OWNERSHIP_TYPE": null, "PUBLIC_OWNERSHIP_TYPE": null, "PHONE": "305-809-3982" }, "geometry": { "type": "Point", "coordinates": [ -81.784351399215979, 24.560099153903028 ] } },
{ "type": "Feature", "properties": { "OBJECTID": 246, "CMP_ID": "CMP10-446", "FACILITY_TYPE": "Marina", "FACILITY_NAME": "Conch Harbor Marina", "ADDRESS": "951 Caroline St", "CITY": "Key West", "ZIP": "33040", "COUNTY": "Monroe", "WEBSITE": "http://www.conchharbormarina.com/", "WET_SLIPS": 43, "DRY_STORAGE": 0, "PUMPOUT_TYPE": "boat", "LAT_DD": 24.56329382, "LONG_DD": -81.80044592, "WATERBODY": "Gulf of Mexico", "MOORING_LINES": 0, "PUMPOUT": "Y", "CREATED_USER": null, "CREATED_DATE": null, "LAST_EDITED_USER": null, "LAST_EDITED_DATE": null, "LAND_OWNERSHIP_TYPE": null, "PUBLIC_OWNERSHIP_TYPE": null, "PHONE": "305-294-2933" }, "geometry": { "type": "Point", "coordinates": [ -81.800449042539611, 24.563298166518447 ] } },
{ "type": "Feature", "properties": { "OBJECTID": 247, "CMP_ID": "CMP03-143", "FACILITY_TYPE": "Marina", "FACILITY_NAME": "Naples City Dock", "ADDRESS": "880 12th Ave S", "CITY": "Naples", "ZIP": "34102", "COUNTY": "Collier", "WEBSITE": "http://www.naplesgov.com", "WET_SLIPS": 84, "DRY_STORAGE": 0, "PUMPOUT_TYPE": "stationary", "LAT_DD": 26.13275524, "LONG_DD": -81.79407082, "WATERBODY": "Naples Bay", "MOORING_LINES": 12, "PUMPOUT": "Y", "CREATED_USER": null, "CREATED_DATE": null, "LAST_EDITED_USER": null, "LAST_EDITED_DATE": null, "LAND_OWNERSHIP_TYPE": null, "PUBLIC_OWNERSHIP_TYPE": null, "PHONE": "239-213-3070" }, "geometry": { "type": "Point", "coordinates": [ -81.794073975618602, 26.132759983676024 ] } },
{ "type": "Feature", "properties": { "OBJECTID": 248, "CMP_ID": "CMP02-085", "FACILITY_TYPE": "Marina", "FACILITY_NAME": "Naples Boat Club", "ADDRESS": "895 10th St S, Suite 201", "CITY": "Naples", "ZIP": "34102", "COUNTY": "Collier", "WEBSITE": "http://www.naplesboatclub.com", "WET_SLIPS": 47, "DRY_STORAGE": 163, "PUMPOUT_TYPE": "stationary", "LAT_DD": 26.13752363, "LONG_DD": -81.79155634, "WATERBODY": "Gordon River", "MOORING_LINES": 0, "PUMPOUT": "Y", "CREATED_USER": null, "CREATED_DATE": null, "LAST_EDITED_USER": null, "LAST_EDITED_DATE": null, "LAND_OWNERSHIP_TYPE": null, "PUBLIC_OWNERSHIP_TYPE": null, "PHONE": "239-430-4994" }, "geometry": { "type": "Point", "coordinates": [ -81.79155949094654, 26.137528371056465 ] } },
{ "type": "Feature", "properties": { "OBJECTID": 249, "CMP_ID": "CMP06-286", "FACILITY_TYPE": "Marina", "FACILITY_NAME": "Old Naples Seaport", "ADDRESS": "1001 10th Ave S, Suite 103", "CITY": "Naples", "ZIP": "34102", "COUNTY": "Collier", "WEBSITE": "http://www.naplesseaport.com/", "WET_SLIPS": 30, "DRY_STORAGE": 0, "PUMPOUT_TYPE": "Portable", "LAT_DD": 26.13697389, "LONG_DD": -81.79155294, "WATERBODY": "Naples Bay", "MOORING_LINES": 0, "PUMPOUT": "Y", "CREATED_USER": null, "CREATED_DATE": null, "LAST_EDITED_USER": null, "LAST_EDITED_DATE": null, "LAND_OWNERSHIP_TYPE": null, "PUBLIC_OWNERSHIP_TYPE": null, "PHONE": "239-643-0042" }, "geometry": { "type": "Point", "coordinates": [ -81.79155609936214, 26.136978631545272 ] } },
{ "type": "Feature", "properties": { "OBJECTID": 250, "CMP_ID": "CMP07-323", "FACILITY_TYPE": "Marina", "FACILITY_NAME": "Riviera Dunes Marina", "ADDRESS": "102 Riviera Dunes Way", "CITY": "Palmetto", "ZIP": "34221", "COUNTY": "Manatee", "WEBSITE": "http://www.rdmarina.com", "WET_SLIPS": 220, "DRY_STORAGE": 0, "PUMPOUT_TYPE": "stationary  boat", "LAT_DD": 27.51173127, "LONG_DD": -82.55991905, "WATERBODY": "Manatee River", "MOORING_LINES": 0, "PUMPOUT": "Y", "CREATED_USER": null, "CREATED_DATE": null, "LAST_EDITED_USER": null, "LAST_EDITED_DATE": null, "LAND_OWNERSHIP_TYPE": null, "PUBLIC_OWNERSHIP_TYPE": null, "PHONE": "941-981-5330" }, "geometry": { "type": "Point", "coordinates": [ -82.559922467253429, 27.511736336613946 ] } },
{ "type": "Feature", "properties": { "OBJECTID": 251, "CMP_ID": "CMP09-373", "FACILITY_TYPE": "Marina", "FACILITY_NAME": "Hyatt Regency Sarasota", "ADDRESS": "1000 Boulevard of the Arts", "CITY": "Sarasota", "ZIP": "34236", "COUNTY": "Sarasota", "WEBSITE": "http://www.sarasota.hyatt.com", "WET_SLIPS": 31, "DRY_STORAGE": 0, "PUMPOUT_TYPE": "stationary", "LAT_DD": 27.34085967, "LONG_DD": -82.54933632, "WATERBODY": "Sarasota Bay", "MOORING_LINES": 0, "PUMPOUT": "Y", "CREATED_USER": null, "CREATED_DATE": null, "LAST_EDITED_USER": null, "LAST_EDITED_DATE": null, "LAND_OWNERSHIP_TYPE": null, "PUBLIC_OWNERSHIP_TYPE": null, "PHONE": "941-953-1234" }, "geometry": { "type": "Point", "coordinates": [ -82.549339728100648, 27.340864690183682 ] } },
{ "type": "Feature", "properties": { "OBJECTID": 252, "CMP_ID": "CMP02-076", "FACILITY_TYPE": "Marina", "FACILITY_NAME": "Marina Jack", "ADDRESS": "2 Marina Plaza", "CITY": "Sarasota", "ZIP": "34236", "COUNTY": "Sarasota", "WEBSITE": "http://www.marinajacks.com", "WET_SLIPS": 309, "DRY_STORAGE": 0, "PUMPOUT_TYPE": "boat       stationary", "LAT_DD": 27.33290036, "LONG_DD": -82.5460426, "WATERBODY": "Sarasota Bay", "MOORING_LINES": 109, "PUMPOUT": "Y", "CREATED_USER": null, "CREATED_DATE": null, "LAST_EDITED_USER": null, "LAST_EDITED_DATE": null, "LAND_OWNERSHIP_TYPE": null, "PUBLIC_OWNERSHIP_TYPE": null, "PHONE": "941-365-4232" }, "geometry": { "type": "Point", "coordinates": [ -82.546046004235194, 27.332905384633641 ] } },
{ "type": "Feature", "properties": { "OBJECTID": 253, "CMP_ID": "CMP02-098", "FACILITY_TYPE": "Marina", "FACILITY_NAME": "Lamb's Yacht Center", "ADDRESS": "3376 Lake Shore Blvd", "CITY": "Jacksonville", "ZIP": "32210", "COUNTY": "Duval", "WEBSITE": "http://www.lambsyachtcenter.com", "WET_SLIPS": 242, "DRY_STORAGE": 0, "PUMPOUT_TYPE": "portable", "LAT_DD": 30.27345081, "LONG_DD": -81.72072532, "WATERBODY": "Ortega River", "MOORING_LINES": 0, "PUMPOUT": "Y", "CREATED_USER": null, "CREATED_DATE": null, "LAST_EDITED_USER": null, "LAST_EDITED_DATE": null, "LAND_OWNERSHIP_TYPE": null, "PUBLIC_OWNERSHIP_TYPE": null, "PHONE": "904-384-5577" }, "geometry": { "type": "Point", "coordinates": [ -81.720728595350892, 30.273456554752578 ] } },
{ "type": "Feature", "properties": { "OBJECTID": 254, "CMP_ID": "CMP06-263", "FACILITY_TYPE": "Marina", "FACILITY_NAME": "Sadler Point Marine Center", "ADDRESS": "4669 Roosevelt Blvd", "CITY": "Jacksonville", "ZIP": "32210", "COUNTY": "Duval", "WEBSITE": "http://www.sadlerpoint.com", "WET_SLIPS": 65, "DRY_STORAGE": 40, "PUMPOUT_TYPE": "stationary", "LAT_DD": 30.27510738, "LONG_DD": -81.71760211, "WATERBODY": "Ortega River", "MOORING_LINES": 0, "PUMPOUT": "Y", "CREATED_USER": null, "CREATED_DATE": null, "LAST_EDITED_USER": null, "LAST_EDITED_DATE": null, "LAND_OWNERSHIP_TYPE": null, "PUBLIC_OWNERSHIP_TYPE": null, "PHONE": "904-384-1383" }, "geometry": { "type": "Point", "coordinates": [ -81.717605376153386, 30.275113129013221 ] } },
{ "type": "Feature", "properties": { "OBJECTID": 255, "CMP_ID": "CMP02-101", "FACILITY_TYPE": "Marina", "FACILITY_NAME": "The Marina at Ortega Landing", "ADDRESS": "4234 Lakeside Dr", "CITY": "Jacksonville", "ZIP": "32210", "COUNTY": "Duval", "WEBSITE": "http://www.ortegalanding.com", "WET_SLIPS": 192, "DRY_STORAGE": 0, "PUMPOUT_TYPE": "stationary", "LAT_DD": 30.2785071, "LONG_DD": -81.71264886, "WATERBODY": "Ortega River", "MOORING_LINES": 0, "PUMPOUT": "Y", "CREATED_USER": null, "CREATED_DATE": null, "LAST_EDITED_USER": null, "LAST_EDITED_DATE": null, "LAND_OWNERSHIP_TYPE": null, "PUBLIC_OWNERSHIP_TYPE": null, "PHONE": "904-387-5538" }, "geometry": { "type": "Point", "coordinates": [ -81.712652130190961, 30.278512844173516 ] } },
{ "type": "Feature", "properties": { "OBJECTID": 256, "CMP_ID": "CMP06-237", "FACILITY_TYPE": "Marina", "FACILITY_NAME": "Marco Island Marina", "ADDRESS": "1402 N Collier Blvd", "CITY": "Marco Island", "ZIP": "34145", "COUNTY": "Collier", "WEBSITE": "http://www.marcoislandmarina.com/", "WET_SLIPS": 121, "DRY_STORAGE": 0, "PUMPOUT_TYPE": "stationary & vacuum", "LAT_DD": 25.9597787, "LONG_DD": -81.71217154, "WATERBODY": "Factory Bay", "MOORING_LINES": 0, "PUMPOUT": "Y", "CREATED_USER": null, "CREATED_DATE": null, "LAST_EDITED_USER": null, "LAST_EDITED_DATE": null, "LAND_OWNERSHIP_TYPE": null, "PUBLIC_OWNERSHIP_TYPE": null, "PHONE": "239-642-2531" }, "geometry": { "type": "Point", "coordinates": [ -81.712174666469465, 25.959783401493315 ] } },
{ "type": "Feature", "properties": { "OBJECTID": 257, "CMP_ID": "CMP01-053", "FACILITY_TYPE": "Marina", "FACILITY_NAME": "Boca Chica Marina NAS", "ADDRESS": "1132 Midway Ave", "CITY": "Key West", "ZIP": "33040", "COUNTY": "Monroe", "WEBSITE": "http://www.cnic.navy.mil/regions/cnrse/installations/nas_key_west/ffr/things-to-do/recreation/marinas.html", "WET_SLIPS": 118, "DRY_STORAGE": 41, "PUMPOUT_TYPE": "portable", "LAT_DD": 24.5754711, "LONG_DD": -81.70827236, "WATERBODY": "Florida Straigis", "MOORING_LINES": 21, "PUMPOUT": "Y", "CREATED_USER": null, "CREATED_DATE": null, "LAST_EDITED_USER": null, "LAST_EDITED_DATE": null, "LAND_OWNERSHIP_TYPE": null, "PUBLIC_OWNERSHIP_TYPE": null, "PHONE": "305-293-2402" }, "geometry": { "type": "Point", "coordinates": [ -81.708275447665756, 24.575475445887001 ] } },
{ "type": "Feature", "properties": { "OBJECTID": 258, "CMP_ID": "CMP04-206", "FACILITY_TYPE": "Marina", "FACILITY_NAME": "Calusa Island Marina", "ADDRESS": "385 Angler Dr", "CITY": "Goodland", "ZIP": "34140", "COUNTY": "Collier", "WEBSITE": "http://www.calusaislandmarina.com", "WET_SLIPS": 84, "DRY_STORAGE": 420, "PUMPOUT_TYPE": "stationary", "LAT_DD": 25.92089865, "LONG_DD": -81.65100584, "WATERBODY": "Blue Hill Creek", "MOORING_LINES": 0, "PUMPOUT": "Y", "CREATED_USER": null, "CREATED_DATE": null, "LAST_EDITED_USER": null, "LAST_EDITED_DATE": null, "LAND_OWNERSHIP_TYPE": null, "PUBLIC_OWNERSHIP_TYPE": null, "PHONE": "239-394-3668" }, "geometry": { "type": "Point", "coordinates": [ -81.651008950286936, 25.920903341385788 ] } },
{ "type": "Feature", "properties": { "OBJECTID": 259, "CMP_ID": "CMP08-353", "FACILITY_TYPE": "Marina", "FACILITY_NAME": "Epping Forest Yacht & Country Club", "ADDRESS": "1830 Epping Forest Dr", "CITY": "Jacksonville", "ZIP": "32217", "COUNTY": "Duval", "WEBSITE": "http://www.efyc.com", "WET_SLIPS": 69, "DRY_STORAGE": 0, "PUMPOUT_TYPE": "stationary", "LAT_DD": 30.24901082, "LONG_DD": -81.64137158, "WATERBODY": "St. Johns River", "MOORING_LINES": 0, "PUMPOUT": "Y", "CREATED_USER": null, "CREATED_DATE": null, "LAST_EDITED_USER": null, "LAST_EDITED_DATE": null, "LAND_OWNERSHIP_TYPE": null, "PUBLIC_OWNERSHIP_TYPE": null, "PHONE": "904-739-7200" }, "geometry": { "type": "Point", "coordinates": [ -81.64137482254884, 30.249016565827613 ] } },
{ "type": "Feature", "properties": { "OBJECTID": 260, "CMP_ID": "CMP04-208", "FACILITY_TYPE": "Marina", "FACILITY_NAME": "The Marina at Julington Creek", "ADDRESS": "12807 San Jose Blvd", "CITY": "Jacksonville", "ZIP": "32223", "COUNTY": "Duval", "WEBSITE": "http://www.julingtoncreekmarina.com", "WET_SLIPS": 91, "DRY_STORAGE": 226, "PUMPOUT_TYPE": "holding tank", "LAT_DD": 30.13417617, "LONG_DD": -81.6308133, "WATERBODY": "Julington Creek", "MOORING_LINES": 0, "PUMPOUT": "Y", "CREATED_USER": null, "CREATED_DATE": null, "LAST_EDITED_USER": null, "LAST_EDITED_DATE": null, "LAND_OWNERSHIP_TYPE": null, "PUBLIC_OWNERSHIP_TYPE": null, "PHONE": "904-268-5117" }, "geometry": { "type": "Point", "coordinates": [ -81.630816542649072, 30.13418188540572 ] } },
{ "type": "Feature", "properties": { "OBJECTID": 261, "CMP_ID": "CMP02-109", "FACILITY_TYPE": "Marina", "FACILITY_NAME": "Arlington Marina", "ADDRESS": "5137 Arlington Rd", "CITY": "Jacksonville", "ZIP": "32211", "COUNTY": "Duval", "WEBSITE": "http://arlingtonmarina.com", "WET_SLIPS": 30, "DRY_STORAGE": 128, "PUMPOUT_TYPE": "NONE", "LAT_DD": 30.33412933, "LONG_DD": -81.61151474, "WATERBODY": "St. Johns River", "MOORING_LINES": 0, "PUMPOUT": "N", "CREATED_USER": null, "CREATED_DATE": null, "LAST_EDITED_USER": null, "LAST_EDITED_DATE": null, "LAND_OWNERSHIP_TYPE": null, "PUBLIC_OWNERSHIP_TYPE": null, "PHONE": "904-743-2628" }, "geometry": { "type": "Point", "coordinates": [ -81.611517983351689, 30.334135095729323 ] } },
{ "type": "Feature", "properties": { "OBJECTID": 262, "CMP_ID": "CMP11-466", "FACILITY_TYPE": "Marina", "FACILITY_NAME": "Astor Bridge Marina", "ADDRESS": "1575 SR 40 W", "CITY": "Astor", "ZIP": "32102", "COUNTY": "Volusia", "WEBSITE": "http://www.astorbridgemarina.com", "WET_SLIPS": 60, "DRY_STORAGE": 0, "PUMPOUT_TYPE": "Stationary", "LAT_DD": 29.16819716, "LONG_DD": -81.5209161, "WATERBODY": "St. Johns River", "MOORING_LINES": 0, "PUMPOUT": "Y", "CREATED_USER": null, "CREATED_DATE": null, "LAST_EDITED_USER": null, "LAST_EDITED_DATE": null, "LAND_OWNERSHIP_TYPE": null, "PUBLIC_OWNERSHIP_TYPE": null, "PHONE": "386-749-4407" }, "geometry": { "type": "Point", "coordinates": [ -81.520919269114515, 29.168202653157284 ] } },
{ "type": "Feature", "properties": { "OBJECTID": 263, "CMP_ID": "CMP09-402", "FACILITY_TYPE": "Marina", "FACILITY_NAME": "Port of the Islands Marina", "ADDRESS": "525 Newport Dr, Suite 2", "CITY": "Naples", "ZIP": "34114", "COUNTY": "Collier", "WEBSITE": "http://www.portoftheislandsmarina.com", "WET_SLIPS": 175, "DRY_STORAGE": 0, "PUMPOUT_TYPE": "stationary", "LAT_DD": 25.95729793, "LONG_DD": -81.51176209, "WATERBODY": "Fake Union Canal", "MOORING_LINES": 0, "PUMPOUT": "Y", "CREATED_USER": null, "CREATED_DATE": null, "LAST_EDITED_USER": null, "LAST_EDITED_DATE": null, "LAND_OWNERSHIP_TYPE": null, "PUBLIC_OWNERSHIP_TYPE": null, "PHONE": "239-389-0367" }, "geometry": { "type": "Point", "coordinates": [ -81.511765159617198, 25.957302637546672 ] } },
{ "type": "Feature", "properties": { "OBJECTID": 264, "CMP_ID": "CMP00-031", "FACILITY_TYPE": "Marina", "FACILITY_NAME": "Amelia Island Yacht Basin", "ADDRESS": "251 Creekside Dr", "CITY": "Fernandina Beach", "ZIP": "32034", "COUNTY": "Nassau", "WEBSITE": "http://www.ameliaislandyachtbasin.com/", "WET_SLIPS": 145, "DRY_STORAGE": 224, "PUMPOUT_TYPE": "stationary", "LAT_DD": 30.6328448, "LONG_DD": -81.47647592, "WATERBODY": "Kingsley Creek", "MOORING_LINES": 0, "PUMPOUT": "Y", "CREATED_USER": null, "CREATED_DATE": null, "LAST_EDITED_USER": null, "LAST_EDITED_DATE": null, "LAND_OWNERSHIP_TYPE": null, "PUBLIC_OWNERSHIP_TYPE": null, "PHONE": "904-277-4615" }, "geometry": { "type": "Point", "coordinates": [ -81.476479133891331, 30.632850635823388 ] } },
{ "type": "Feature", "properties": { "OBJECTID": 265, "CMP_ID": "CMP10-422", "FACILITY_TYPE": "Marina", "FACILITY_NAME": "The Marina at Naples Bay Resort", "ADDRESS": "1500 5th Ave S", "CITY": "Naples", "ZIP": "34102", "COUNTY": "Collier", "WEBSITE": "http://www.naplesbayresort.com", "WET_SLIPS": 97, "DRY_STORAGE": 0, "PUMPOUT_TYPE": "Vacuum", "LAT_DD": 26.13923537, "LONG_DD": -81.78601839, "WATERBODY": "Naples", "MOORING_LINES": 0, "PUMPOUT": "Y", "CREATED_USER": null, "CREATED_DATE": null, "LAST_EDITED_USER": null, "LAST_EDITED_DATE": null, "LAND_OWNERSHIP_TYPE": null, "PUBLIC_OWNERSHIP_TYPE": null, "PHONE": "239-530-5158" }, "geometry": { "type": "Point", "coordinates": [ -81.786021540552525, 26.139240110961264 ] } },
{ "type": "Feature", "properties": { "OBJECTID": 266, "CMP_ID": "CMP10-434", "FACILITY_TYPE": "Marina", "FACILITY_NAME": "Key Biscayne Yacht Club", "ADDRESS": "180 Harbor Dr", "CITY": "Key Biscayne", "ZIP": "33149", "COUNTY": "Dade", "WEBSITE": "http://www.kbyc.org", "WET_SLIPS": 100, "DRY_STORAGE": 40, "PUMPOUT_TYPE": "stationary", "LAT_DD": 25.69884968, "LONG_DD": -80.16880173, "WATERBODY": "Biscayne Bay", "MOORING_LINES": 0, "PUMPOUT": "Y", "CREATED_USER": null, "CREATED_DATE": null, "LAST_EDITED_USER": null, "LAST_EDITED_DATE": null, "LAND_OWNERSHIP_TYPE": null, "PUBLIC_OWNERSHIP_TYPE": null, "PHONE": "305-361-9171" }, "geometry": { "type": "Point", "coordinates": [ -80.16880440070652, 25.698854352134656 ] } },
{ "type": "Feature", "properties": { "OBJECTID": 267, "CMP_ID": "CMP06-257", "FACILITY_TYPE": "Marina", "FACILITY_NAME": "Pelican Harbor Marina", "ADDRESS": "1275 NE 79th St", "CITY": "Miami", "ZIP": "33138", "COUNTY": "Dade", "WEBSITE": "http://www.miamidade.gov/parks/parks/pelican_harbor.asp", "WET_SLIPS": 112, "DRY_STORAGE": 0, "PUMPOUT_TYPE": "stationary", "LAT_DD": 25.84948795, "LONG_DD": -80.16668566, "WATERBODY": "Biscayne Bay", "MOORING_LINES": 27, "PUMPOUT": "Y", "CREATED_USER": null, "CREATED_DATE": null, "LAST_EDITED_USER": null, "LAST_EDITED_DATE": null, "LAND_OWNERSHIP_TYPE": null, "PUBLIC_OWNERSHIP_TYPE": null, "PHONE": "305-754-9330" }, "geometry": { "type": "Point", "coordinates": [ -80.166688338607628, 25.849492659094413 ] } },
{ "type": "Feature", "properties": { "OBJECTID": 268, "CMP_ID": "CMP04-197", "FACILITY_TYPE": "Marina", "FACILITY_NAME": "Legacy Harbour Marina", "ADDRESS": "2044 W First St", "CITY": "Ft Myers", "ZIP": "33901", "COUNTY": "Lee", "WEBSITE": "http://www.legacyharbourmarina.com", "WET_SLIPS": 131, "DRY_STORAGE": 0, "PUMPOUT_TYPE": "stationary", "LAT_DD": 26.64107444, "LONG_DD": -81.87576846, "WATERBODY": "Caloosahatchee River", "MOORING_LINES": 0, "PUMPOUT": "Y", "CREATED_USER": null, "CREATED_DATE": null, "LAST_EDITED_USER": null, "LAST_EDITED_DATE": null, "LAND_OWNERSHIP_TYPE": null, "PUBLIC_OWNERSHIP_TYPE": null, "PHONE": "239-461-0775" }, "geometry": { "type": "Point", "coordinates": [ -81.875771653850336, 26.64107930527252 ] } },
{ "type": "Feature", "properties": { "OBJECTID": 269, "CMP_ID": "CMP04-184", "FACILITY_TYPE": "Marina", "FACILITY_NAME": "Lauderdale Marine Center", "ADDRESS": "2001 SW 20th St, Suite 102", "CITY": "Ft Lauderdale", "ZIP": "33315", "COUNTY": "Broward", "WEBSITE": "http://www.lauderdalemarinecenter.com", "WET_SLIPS": 156, "DRY_STORAGE": 60, "PUMPOUT_TYPE": "stationary & vacuum", "LAT_DD": 26.09677718, "LONG_DD": -80.16520659, "WATERBODY": "South Fork New River", "MOORING_LINES": 0, "PUMPOUT": "Y", "CREATED_USER": null, "CREATED_DATE": null, "LAST_EDITED_USER": null, "LAST_EDITED_DATE": null, "LAND_OWNERSHIP_TYPE": null, "PUBLIC_OWNERSHIP_TYPE": null, "PHONE": "954-713-0333" }, "geometry": { "type": "Point", "coordinates": [ -80.165209273310367, 26.096781945420418 ] } },
{ "type": "Feature", "properties": { "OBJECTID": 270, "CMP_ID": "CMP14-533", "FACILITY_TYPE": "Resilient", "FACILITY_NAME": "Palm Harbor Marina", "ADDRESS": "1206 Mahogany Mill Rd", "CITY": "Pensacola", "ZIP": "32507", "COUNTY": "Escambia", "WEBSITE": "http://www.palmharbor-marina.com/", "WET_SLIPS": 61, "DRY_STORAGE": 0, "PUMPOUT_TYPE": "Boat", "LAT_DD": 30.39925031, "LONG_DD": -87.24694217, "WATERBODY": "Bayou Chico", "MOORING_LINES": 0, "PUMPOUT": "Y", "CREATED_USER": null, "CREATED_DATE": null, "LAST_EDITED_USER": null, "LAST_EDITED_DATE": null, "LAND_OWNERSHIP_TYPE": null, "PUBLIC_OWNERSHIP_TYPE": null, "PHONE": "850-455-4552" }, "geometry": { "type": "Point", "coordinates": [ -87.246947022885053, 30.399255909976297 ] } },
{ "type": "Feature", "properties": { "OBJECTID": 271, "CMP_ID": "CMP14-523", "FACILITY_TYPE": "Resilient", "FACILITY_NAME": "Boca Chica Marina NAS", "ADDRESS": "1132 Midway Ave", "CITY": "Key West", "ZIP": "33040", "COUNTY": "Monroe", "WEBSITE": "http://www.cnic.navy.mil/regions/cnrse/installations/nas_key_west/ffr/things-to-do/recreation/marinas.html", "WET_SLIPS": 118, "DRY_STORAGE": 41, "PUMPOUT_TYPE": null, "LAT_DD": 24.57547139, "LONG_DD": -81.70826919, "WATERBODY": "Florida Straigis", "MOORING_LINES": 21, "PUMPOUT": "Y", "CREATED_USER": null, "CREATED_DATE": null, "LAST_EDITED_USER": null, "LAST_EDITED_DATE": null, "LAND_OWNERSHIP_TYPE": null, "PUBLIC_OWNERSHIP_TYPE": null, "PHONE": "305-293-2402" }, "geometry": { "type": "Point", "coordinates": [ -81.708272282037782, 24.575475744991977 ] } },
{ "type": "Feature", "properties": { "OBJECTID": 272, "CMP_ID": "CMP14-538", "FACILITY_TYPE": "Resilient", "FACILITY_NAME": "Legacy Harbour Marina", "ADDRESS": "2044 W First St", "CITY": "Ft Myers", "ZIP": "33901", "COUNTY": "Lee", "WEBSITE": "http://www.legacyharbourmarina.com", "WET_SLIPS": 131, "DRY_STORAGE": 0, "PUMPOUT_TYPE": null, "LAT_DD": 26.64107562, "LONG_DD": -81.87576625, "WATERBODY": "Caloosahatchee River", "MOORING_LINES": 0, "PUMPOUT": "Y", "CREATED_USER": null, "CREATED_DATE": null, "LAST_EDITED_USER": null, "LAST_EDITED_DATE": null, "LAND_OWNERSHIP_TYPE": null, "PUBLIC_OWNERSHIP_TYPE": null, "PHONE": "239-461-0775" }, "geometry": { "type": "Point", "coordinates": [ -81.875769441209272, 26.641080482915505 ] } },
{ "type": "Feature", "properties": { "OBJECTID": 273, "CMP_ID": "CMP14-540", "FACILITY_TYPE": "Resilient", "FACILITY_NAME": "Carrabelle Boat Club", "ADDRESS": "1570 Hwy 98 W", "CITY": "Carrabelle", "ZIP": "32322", "COUNTY": "Franklin", "WEBSITE": "http://rvcoutdoors.com/carrabelle-boat-club/", "WET_SLIPS": 15, "DRY_STORAGE": 285, "PUMPOUT_TYPE": "Stationary", "LAT_DD": 29.84375862, "LONG_DD": -84.67822463, "WATERBODY": "Postum Bayou", "MOORING_LINES": 0, "PUMPOUT": "Y", "CREATED_USER": null, "CREATED_DATE": null, "LAST_EDITED_USER": null, "LAST_EDITED_DATE": null, "LAND_OWNERSHIP_TYPE": null, "PUBLIC_OWNERSHIP_TYPE": null, "PHONE": "850-697-5500" }, "geometry": { "type": "Point", "coordinates": [ -84.678228736399831, 29.843764181371391 ] } },
{ "type": "Feature", "properties": { "OBJECTID": 274, "CMP_ID": "CMP09-408", "FACILITY_TYPE": "Marina", "FACILITY_NAME": "Crandon Park Marina", "ADDRESS": "4000 Crandon Blvd", "CITY": "Key Biscayne", "ZIP": "33149", "COUNTY": "Dade", "WEBSITE": "http://www.miamidade.gov/parks/crandon-marina.asp", "WET_SLIPS": 235, "DRY_STORAGE": 124, "PUMPOUT_TYPE": "stationary  vacuum", "LAT_DD": 25.72430695, "LONG_DD": -80.155702, "WATERBODY": "Biscayne Bay", "MOORING_LINES": 60, "PUMPOUT": "Y", "CREATED_USER": null, "CREATED_DATE": null, "LAST_EDITED_USER": null, "LAST_EDITED_DATE": null, "LAND_OWNERSHIP_TYPE": null, "PUBLIC_OWNERSHIP_TYPE": null, "PHONE": "305-361-5421" }, "geometry": { "type": "Point", "coordinates": [ -80.15570467132153, 25.724311629414672 ] } },
{ "type": "Feature", "properties": { "OBJECTID": 275, "CMP_ID": "CMP11-456", "FACILITY_TYPE": "Retailer", "FACILITY_NAME": "MarineMax Orlando Parker Boats", "ADDRESS": "455 S Lake Destiny Road", "CITY": "Orlando", "ZIP": "32810", "COUNTY": "Orange", "WEBSITE": "http://www.parkerboats.com", "WET_SLIPS": 0, "DRY_STORAGE": 0, "PUMPOUT_TYPE": "NONE", "LAT_DD": 28.613359, "LONG_DD": -81.38746, "WATERBODY": "N/A", "MOORING_LINES": 0, "PUMPOUT": "N", "CREATED_USER": null, "CREATED_DATE": null, "LAST_EDITED_USER": null, "LAST_EDITED_DATE": null, "LAND_OWNERSHIP_TYPE": null, "PUBLIC_OWNERSHIP_TYPE": null, "PHONE": "407-660-2628" }, "geometry": { "type": "Point", "coordinates": [ -81.387463113378359, 28.613364360787486 ] } },
{ "type": "Feature", "properties": { "OBJECTID": 276, "CMP_ID": "CMP14-543", "FACILITY_TYPE": "Resilient", "FACILITY_NAME": "Clearwater Harbor Marina", "ADDRESS": "210 Drew St", "CITY": "Clearwater", "ZIP": "33755", "COUNTY": "Pinellas", "WEBSITE": "http://www.myclearwater.com/gov/depts/marine_aviation/ma_facilities/boatslips/index.asp", "WET_SLIPS": 126, "DRY_STORAGE": 0, "PUMPOUT_TYPE": null, "LAT_DD": 27.96815105, "LONG_DD": -82.80346049000001, "WATERBODY": "Clearwater Harbor", "MOORING_LINES": 0, "PUMPOUT": "Y", "CREATED_USER": null, "CREATED_DATE": null, "LAST_EDITED_USER": null, "LAST_EDITED_DATE": null, "LAND_OWNERSHIP_TYPE": null, "PUBLIC_OWNERSHIP_TYPE": null, "PHONE": "727-562-4981" }, "geometry": { "type": "Point", "coordinates": [ -82.803463986932655, 27.968156221433521 ] } },
{ "type": "Feature", "properties": { "OBJECTID": 277, "CMP_ID": "CMP11-454", "FACILITY_TYPE": "Marina", "FACILITY_NAME": "Fernandina Harbor Marina", "ADDRESS": "3 S Front St", "CITY": "Fernandina Beach", "ZIP": "32034", "COUNTY": "Nassau", "WEBSITE": "http://www.fhmarina.com", "WET_SLIPS": 120, "DRY_STORAGE": 0, "PUMPOUT_TYPE": "stationary", "LAT_DD": 30.67055109, "LONG_DD": -81.4651934, "WATERBODY": "Amelia River", "MOORING_LINES": 20, "PUMPOUT": "Y", "CREATED_USER": null, "CREATED_DATE": null, "LAST_EDITED_USER": null, "LAST_EDITED_DATE": null, "LAND_OWNERSHIP_TYPE": null, "PUBLIC_OWNERSHIP_TYPE": null, "PHONE": "904-310-3300" }, "geometry": { "type": "Point", "coordinates": [ -81.465196608914027, 30.670556936074391 ] } },
{ "type": "Feature", "properties": { "OBJECTID": 278, "CMP_ID": "CMP10-437", "FACILITY_TYPE": "Boatyard", "FACILITY_NAME": "Tracker Boat Center", "ADDRESS": "7021 Municipal Dr", "CITY": "Orlando", "ZIP": "32819", "COUNTY": "Orange", "WEBSITE": "http://http://orlando.trackerboatcenter.com/", "WET_SLIPS": 0, "DRY_STORAGE": 0, "PUMPOUT_TYPE": "NONE", "LAT_DD": 28.45999158, "LONG_DD": -81.45178873, "WATERBODY": "N/A", "MOORING_LINES": 0, "PUMPOUT": "N", "CREATED_USER": null, "CREATED_DATE": null, "LAST_EDITED_USER": null, "LAST_EDITED_DATE": null, "LAND_OWNERSHIP_TYPE": null, "PUBLIC_OWNERSHIP_TYPE": null, "PHONE": "850-402-6900" }, "geometry": { "type": "Point", "coordinates": [ -81.451791854993985, 28.459996899441141 ] } },
{ "type": "Feature", "properties": { "OBJECTID": 279, "CMP_ID": "CMP09-383", "FACILITY_TYPE": "Boatyard", "FACILITY_NAME": "St. Johns Boat Company", "ADDRESS": "9852 Heckscher Dr", "CITY": "Jacksonville", "ZIP": "32226", "COUNTY": "Duval", "WEBSITE": "http://www.stjohnsboatco.com", "WET_SLIPS": 2, "DRY_STORAGE": 0, "PUMPOUT_TYPE": "stationary", "LAT_DD": 30.40003605, "LONG_DD": -81.43334005, "WATERBODY": "St. Johns River", "MOORING_LINES": 0, "PUMPOUT": "Y", "CREATED_USER": null, "CREATED_DATE": null, "LAST_EDITED_USER": null, "LAST_EDITED_DATE": null, "LAND_OWNERSHIP_TYPE": null, "PUBLIC_OWNERSHIP_TYPE": null, "PHONE": "904-251-3707" }, "geometry": { "type": "Point", "coordinates": [ -81.433343241983749, 30.400041832912173 ] } },
{ "type": "Feature", "properties": { "OBJECTID": 280, "CMP_ID": "CMP08-363", "FACILITY_TYPE": "Marina", "FACILITY_NAME": "Beach Marine", "ADDRESS": "2315 Beach Blvd", "CITY": "Jacksonville Beach", "ZIP": "32250", "COUNTY": "Duval", "WEBSITE": "http://www.jaxbeachmarine.com", "WET_SLIPS": 350, "DRY_STORAGE": 300, "PUMPOUT_TYPE": "stationary", "LAT_DD": 30.28879038, "LONG_DD": -81.41765206, "WATERBODY": "Intracoastal Waterway", "MOORING_LINES": 0, "PUMPOUT": "Y", "CREATED_USER": null, "CREATED_DATE": null, "LAST_EDITED_USER": null, "LAST_EDITED_DATE": null, "LAND_OWNERSHIP_TYPE": null, "PUBLIC_OWNERSHIP_TYPE": null, "PHONE": "904-249-8200" }, "geometry": { "type": "Point", "coordinates": [ -81.417655246462616, 30.288796139876915 ] } },
{ "type": "Feature", "properties": { "OBJECTID": 281, "CMP_ID": "CMP03-163", "FACILITY_TYPE": "Marina", "FACILITY_NAME": "Mulberry Cove Marina NAS", "ADDRESS": "Bldg 1072 Ranger Rd", "CITY": "Jacksonville", "ZIP": "32212", "COUNTY": "Duval", "WEBSITE": "http://www.cnic.navy.mil/regions/cnrse/installations/nas_jacksonville/ffr/things_to_do/marinas.html", "WET_SLIPS": 96, "DRY_STORAGE": 248, "PUMPOUT_TYPE": "stationary", "LAT_DD": 30.21844239, "LONG_DD": -81.67348494, "WATERBODY": "St. Johns River", "MOORING_LINES": 25, "PUMPOUT": "Y", "CREATED_USER": null, "CREATED_DATE": null, "LAST_EDITED_USER": null, "LAST_EDITED_DATE": null, "LAND_OWNERSHIP_TYPE": null, "PUBLIC_OWNERSHIP_TYPE": null, "PHONE": null }, "geometry": { "type": "Point", "coordinates": [ -81.673488197037173, 30.218448124191944 ] } },
{ "type": "Feature", "properties": { "OBJECTID": 282, "CMP_ID": "CMP09-380", "FACILITY_TYPE": "Marina", "FACILITY_NAME": "Hontoon Island State Park", "ADDRESS": "2309 River Ridge Rd", "CITY": "Deland", "ZIP": "32720", "COUNTY": "Volusia", "WEBSITE": "http://www.floridastateparks.org/hontoonisland", "WET_SLIPS": 44, "DRY_STORAGE": 0, "PUMPOUT_TYPE": "NONE", "LAT_DD": 28.97636062, "LONG_DD": -81.35889936, "WATERBODY": "St. Johns River", "MOORING_LINES": 0, "PUMPOUT": "N", "CREATED_USER": null, "CREATED_DATE": null, "LAST_EDITED_USER": null, "LAST_EDITED_DATE": null, "LAND_OWNERSHIP_TYPE": null, "PUBLIC_OWNERSHIP_TYPE": null, "PHONE": "386-736-5309" }, "geometry": { "type": "Point", "coordinates": [ -81.358902480983957, 28.976366066117464 ] } },
{ "type": "Feature", "properties": { "OBJECTID": 283, "CMP_ID": "CMP02-117", "FACILITY_TYPE": "Marina", "FACILITY_NAME": "Boat Tree Marina", "ADDRESS": "4370 Carraway Place", "CITY": "Sanford", "ZIP": "32771", "COUNTY": "Seminole", "WEBSITE": "http://www.boattree.com", "WET_SLIPS": 235, "DRY_STORAGE": 250, "PUMPOUT_TYPE": "Stationary", "LAT_DD": 28.83472392, "LONG_DD": -81.32857768, "WATERBODY": "St. Johns River", "MOORING_LINES": 0, "PUMPOUT": "Y", "CREATED_USER": null, "CREATED_DATE": null, "LAST_EDITED_USER": null, "LAST_EDITED_DATE": null, "LAND_OWNERSHIP_TYPE": null, "PUBLIC_OWNERSHIP_TYPE": null, "PHONE": "407-322-1610" }, "geometry": { "type": "Point", "coordinates": [ -81.328580783583476, 28.834729330964446 ] } },
{ "type": "Feature", "properties": { "OBJECTID": 284, "CMP_ID": "CMP02-119", "FACILITY_TYPE": "Marina", "FACILITY_NAME": "River's Edge Marina", "ADDRESS": "65 Lewis Blvd", "CITY": "St. Augustine", "ZIP": "32084", "COUNTY": "St. Johns", "WEBSITE": "http://www.29riversedgemarina.com", "WET_SLIPS": 100, "DRY_STORAGE": 0, "PUMPOUT_TYPE": "stationary", "LAT_DD": 29.88621095, "LONG_DD": -81.3230728, "WATERBODY": "San Sebastian River", "MOORING_LINES": 0, "PUMPOUT": "Y", "CREATED_USER": null, "CREATED_DATE": null, "LAST_EDITED_USER": null, "LAST_EDITED_DATE": null, "LAND_OWNERSHIP_TYPE": null, "PUBLIC_OWNERSHIP_TYPE": null, "PHONE": "904-827-0520" }, "geometry": { "type": "Point", "coordinates": [ -81.323075935809612, 29.886216611818895 ] } },
{ "type": "Feature", "properties": { "OBJECTID": 285, "CMP_ID": "CMP01-060", "FACILITY_TYPE": "Marina", "FACILITY_NAME": "Camachee Cove Yacht Harbor", "ADDRESS": "3070 Harbor Dr", "CITY": "St. Augustine", "ZIP": "32084", "COUNTY": "St. Johns", "WEBSITE": "http://www.camacheeisland.com", "WET_SLIPS": 260, "DRY_STORAGE": 0, "PUMPOUT_TYPE": "stationary", "LAT_DD": 29.91679627, "LONG_DD": -81.30851373, "WATERBODY": "Tolamato River", "MOORING_LINES": 0, "PUMPOUT": "Y", "CREATED_USER": null, "CREATED_DATE": null, "LAST_EDITED_USER": null, "LAST_EDITED_DATE": null, "LAND_OWNERSHIP_TYPE": null, "PUBLIC_OWNERSHIP_TYPE": null, "PHONE": "904-829-5676" }, "geometry": { "type": "Point", "coordinates": [ -81.308516861898411, 29.916801947271196 ] } },
{ "type": "Feature", "properties": { "OBJECTID": 286, "CMP_ID": "CMP00-026", "FACILITY_TYPE": "Marina", "FACILITY_NAME": "Bahia Honda State Park", "ADDRESS": "36850 Overseas Highway", "CITY": "Big Pine Key", "ZIP": "33043", "COUNTY": "Monroe", "WEBSITE": "http://www.bahiahondapark.com", "WET_SLIPS": 19, "DRY_STORAGE": 0, "PUMPOUT_TYPE": "stationary", "LAT_DD": 24.65809444, "LONG_DD": -81.27803529000001, "WATERBODY": "Florida Keys", "MOORING_LINES": 0, "PUMPOUT": "Y", "CREATED_USER": null, "CREATED_DATE": null, "LAST_EDITED_USER": null, "LAST_EDITED_DATE": null, "LAND_OWNERSHIP_TYPE": null, "PUBLIC_OWNERSHIP_TYPE": null, "PHONE": "305-872-2353" }, "geometry": { "type": "Point", "coordinates": [ -81.278038256646823, 24.658098822493884 ] } },
{ "type": "Feature", "properties": { "OBJECTID": 287, "CMP_ID": "CMP09-420", "FACILITY_TYPE": "Marina", "FACILITY_NAME": "Jim King Park and Boatramp at Sisters Creek Marina", "ADDRESS": "8203 Heckscher Dr", "CITY": "Jacksonville", "ZIP": "32202", "COUNTY": "Duval", "WEBSITE": "http://www.coj.net", "WET_SLIPS": 30, "DRY_STORAGE": 0, "PUMPOUT_TYPE": "stationary", "LAT_DD": 30.39589747, "LONG_DD": -81.46025278, "WATERBODY": "Intercoastal Waterway", "MOORING_LINES": 0, "PUMPOUT": "Y", "CREATED_USER": null, "CREATED_DATE": null, "LAST_EDITED_USER": null, "LAST_EDITED_DATE": null, "LAND_OWNERSHIP_TYPE": null, "PUBLIC_OWNERSHIP_TYPE": null, "PHONE": null }, "geometry": { "type": "Point", "coordinates": [ -81.460255981281364, 30.39590325079369 ] } },
{ "type": "Feature", "properties": { "OBJECTID": 288, "CMP_ID": "CMP06-261", "FACILITY_TYPE": "Marina", "FACILITY_NAME": "Marathon Yacht Club", "ADDRESS": "825 33rd St Gulf", "CITY": "Marathon", "ZIP": "33050", "COUNTY": "Monroe", "WEBSITE": "http://www.marathonyachtclub.com", "WET_SLIPS": 19, "DRY_STORAGE": 0, "PUMPOUT_TYPE": "stationary", "LAT_DD": 24.71306, "LONG_DD": -81.095522, "WATERBODY": " ", "MOORING_LINES": 0, "PUMPOUT": "Y", "CREATED_USER": null, "CREATED_DATE": null, "LAST_EDITED_USER": null, "LAST_EDITED_DATE": null, "LAND_OWNERSHIP_TYPE": null, "PUBLIC_OWNERSHIP_TYPE": null, "PHONE": "305-743-6739" }, "geometry": { "type": "Point", "coordinates": [ -81.095524916851303, 24.713064397709246 ] } },
{ "type": "Feature", "properties": { "OBJECTID": 289, "CMP_ID": "CMP07-331", "FACILITY_TYPE": "Marina", "FACILITY_NAME": "Sombrero Resort & Marina", "ADDRESS": "35 Sombrero Blvd", "CITY": "Marathon", "ZIP": "33050", "COUNTY": "Monroe", "WEBSITE": "http://www.sombreromarina.com", "WET_SLIPS": 57, "DRY_STORAGE": 0, "PUMPOUT_TYPE": "pumpout", "LAT_DD": 24.71175337, "LONG_DD": -81.08105255, "WATERBODY": "Boot Key Harbor", "MOORING_LINES": 0, "PUMPOUT": "Y", "CREATED_USER": null, "CREATED_DATE": null, "LAST_EDITED_USER": null, "LAST_EDITED_DATE": null, "LAND_OWNERSHIP_TYPE": null, "PUBLIC_OWNERSHIP_TYPE": null, "PHONE": "305-289-7662" }, "geometry": { "type": "Point", "coordinates": [ -81.081055460782721, 24.711757764304085 ] } },
{ "type": "Feature", "properties": { "OBJECTID": 290, "CMP_ID": "CMP09-400", "FACILITY_TYPE": "Marina", "FACILITY_NAME": "Sunset Harbor Marina", "ADDRESS": "861 Ballough Road", "CITY": "Daytona Beach", "ZIP": "32124", "COUNTY": "Volusia", "WEBSITE": "www.sunsetharboryc.com", "WET_SLIPS": 62, "DRY_STORAGE": 0, "PUMPOUT_TYPE": "NONE", "LAT_DD": 29.22925378, "LONG_DD": -81.02414816, "WATERBODY": "Halifax River", "MOORING_LINES": 0, "PUMPOUT": "N", "CREATED_USER": null, "CREATED_DATE": null, "LAST_EDITED_USER": null, "LAST_EDITED_DATE": null, "LAND_OWNERSHIP_TYPE": null, "PUBLIC_OWNERSHIP_TYPE": null, "PHONE": "305-398-6800" }, "geometry": { "type": "Point", "coordinates": [ -81.024151187197745, 29.229259302050131 ] } },
{ "type": "Feature", "properties": { "OBJECTID": 291, "CMP_ID": "CMP11-452", "FACILITY_TYPE": "Marina", "FACILITY_NAME": "Halifax River Yacht Club", "ADDRESS": "331 South Beach Street", "CITY": "Daytona Beach", "ZIP": "32114", "COUNTY": "Volusia", "WEBSITE": "http://www.hryc.com", "WET_SLIPS": 39, "DRY_STORAGE": 0, "PUMPOUT_TYPE": "boat", "LAT_DD": 29.20744172, "LONG_DD": -81.01672573, "WATERBODY": "Halifax River", "MOORING_LINES": 0, "PUMPOUT": "Y", "CREATED_USER": null, "CREATED_DATE": null, "LAST_EDITED_USER": null, "LAST_EDITED_DATE": null, "LAND_OWNERSHIP_TYPE": null, "PUBLIC_OWNERSHIP_TYPE": null, "PHONE": "386-255-7459" }, "geometry": { "type": "Point", "coordinates": [ -81.016728759950823, 29.207447231592912 ] } },
{ "type": "Feature", "properties": { "OBJECTID": 292, "CMP_ID": "CMP02-095", "FACILITY_TYPE": "Marina", "FACILITY_NAME": "Halifax Harbor Marina", "ADDRESS": "450 Basin St", "CITY": "Daytona Beach", "ZIP": "32114", "COUNTY": "Volusia", "WEBSITE": "http://www.halifaxharbor.net", "WET_SLIPS": 550, "DRY_STORAGE": 50, "PUMPOUT_TYPE": "vacuum & boat", "LAT_DD": 29.20413928, "LONG_DD": -81.01257377, "WATERBODY": "Halifax River", "MOORING_LINES": 0, "PUMPOUT": "Y", "CREATED_USER": null, "CREATED_DATE": null, "LAST_EDITED_USER": null, "LAST_EDITED_DATE": null, "LAND_OWNERSHIP_TYPE": null, "PUBLIC_OWNERSHIP_TYPE": null, "PHONE": "386-671-3601" }, "geometry": { "type": "Point", "coordinates": [ -81.01257679736328, 29.204144795341762 ] } },
{ "type": "Feature", "properties": { "OBJECTID": 293, "CMP_ID": "CMP05-214", "FACILITY_TYPE": "Boatyard", "FACILITY_NAME": "Vero Beach City Marina - South Complex  ", "ADDRESS": "3599 Indian River Dr E", "CITY": "Vero Beach", "ZIP": "32963", "COUNTY": "Indian River", "WEBSITE": "http://www.covb.org", "WET_SLIPS": 20, "DRY_STORAGE": 64, "PUMPOUT_TYPE": null, "LAT_DD": 27.65675099, "LONG_DD": -80.36840329, "WATERBODY": "Indian River Lagoon", "MOORING_LINES": 0, "PUMPOUT": "Y", "CREATED_USER": null, "CREATED_DATE": null, "LAST_EDITED_USER": null, "LAST_EDITED_DATE": null, "LAND_OWNERSHIP_TYPE": null, "PUBLIC_OWNERSHIP_TYPE": null, "PHONE": "772-231-7575" }, "geometry": { "type": "Point", "coordinates": [ -80.368406073470013, 27.65675614740427 ] } },
{ "type": "Feature", "properties": { "OBJECTID": 294, "CMP_ID": "CMP12-469", "FACILITY_TYPE": "Marina", "FACILITY_NAME": "Port Orange Marina", "ADDRESS": "79 E Dunlawton Ave", "CITY": "Port Orange", "ZIP": "32129", "COUNTY": "Volusia", "WEBSITE": "http://www.loopnet.com/Listing/14805939/79-Dunlawton-Ave-Port-Orange-FL", "WET_SLIPS": 13, "DRY_STORAGE": 0, "PUMPOUT_TYPE": "NONE", "LAT_DD": 29.14960605, "LONG_DD": -80.97410722, "WATERBODY": "Halifax River", "MOORING_LINES": 0, "PUMPOUT": "N", "CREATED_USER": null, "CREATED_DATE": null, "LAST_EDITED_USER": null, "LAST_EDITED_DATE": null, "LAND_OWNERSHIP_TYPE": null, "PUBLIC_OWNERSHIP_TYPE": null, "PHONE": null }, "geometry": { "type": "Point", "coordinates": [ -80.974110226866657, 29.149611550846565 ] } },
{ "type": "Feature", "properties": { "OBJECTID": 295, "CMP_ID": "CMP12-476", "FACILITY_TYPE": "Marina", "FACILITY_NAME": "Adventure Yacht Harbor", "ADDRESS": "3948 S Peninsula Dr", "CITY": "Port Orange", "ZIP": "32127", "COUNTY": "Volusia", "WEBSITE": "http://www.adventureyachtharbor.com", "WET_SLIPS": 136, "DRY_STORAGE": 0, "PUMPOUT_TYPE": "Boat", "LAT_DD": 29.132224, "LONG_DD": -80.9610906, "WATERBODY": "Halifax River", "MOORING_LINES": 0, "PUMPOUT": "Y", "CREATED_USER": null, "CREATED_DATE": null, "LAST_EDITED_USER": null, "LAST_EDITED_DATE": null, "LAND_OWNERSHIP_TYPE": null, "PUBLIC_OWNERSHIP_TYPE": null, "PHONE": "386-756-2180" }, "geometry": { "type": "Point", "coordinates": [ -80.961093607881452, 29.132229498878988 ] } },
{ "type": "Feature", "properties": { "OBJECTID": 296, "CMP_ID": "CMP03-155", "FACILITY_TYPE": "Marina", "FACILITY_NAME": "Inlet Harbor Restaurant, Marina & Gift Shop", "ADDRESS": "133 Inlet Harbor Rd", "CITY": "Ponce Inlet", "ZIP": "32127", "COUNTY": "Volusia", "WEBSITE": "http://www.inletharbor.com", "WET_SLIPS": 84, "DRY_STORAGE": 332, "PUMPOUT_TYPE": "stationary", "LAT_DD": 29.0905901, "LONG_DD": -80.9398832, "WATERBODY": "Halifax River", "MOORING_LINES": 0, "PUMPOUT": "Y", "CREATED_USER": null, "CREATED_DATE": null, "LAST_EDITED_USER": null, "LAST_EDITED_DATE": null, "LAND_OWNERSHIP_TYPE": null, "PUBLIC_OWNERSHIP_TYPE": null, "PHONE": "386-767-5590" }, "geometry": { "type": "Point", "coordinates": [ -80.939886194802412, 29.090595586490565 ] } },
{ "type": "Feature", "properties": { "OBJECTID": 297, "CMP_ID": "CMP11-449", "FACILITY_TYPE": "Marina", "FACILITY_NAME": "Lighthouse Boatyard & Marina", "ADDRESS": "4958 S Peninsula Dr", "CITY": "Ponce Inlet", "ZIP": "32127", "COUNTY": "Volusia", "WEBSITE": "http://www.lighthouseboatyard.com", "WET_SLIPS": 22, "DRY_STORAGE": 0, "PUMPOUT_TYPE": "stationary", "LAT_DD": 29.07936138, "LONG_DD": -80.92743737000001, "WATERBODY": "Halifax River", "MOORING_LINES": 0, "PUMPOUT": "Y", "CREATED_USER": null, "CREATED_DATE": null, "LAST_EDITED_USER": null, "LAST_EDITED_DATE": null, "LAND_OWNERSHIP_TYPE": null, "PUBLIC_OWNERSHIP_TYPE": null, "PHONE": "386-767-0683" }, "geometry": { "type": "Point", "coordinates": [ -80.927440362060622, 29.079366868072686 ] } },
{ "type": "Feature", "properties": { "OBJECTID": 298, "CMP_ID": "CMP06-247", "FACILITY_TYPE": "Marina", "FACILITY_NAME": "New Smyrna Beach City Marina", "ADDRESS": "201 N Riverside Dr", "CITY": "New Smyrna Bch", "ZIP": "32168", "COUNTY": "Volusia", "WEBSITE": "http://www.cityofnsb.com/170/Marina", "WET_SLIPS": 43, "DRY_STORAGE": 0, "PUMPOUT_TYPE": "stationary", "LAT_DD": 29.02700357, "LONG_DD": -80.92130735000001, "WATERBODY": "Indian River North", "MOORING_LINES": 0, "PUMPOUT": "Y", "CREATED_USER": null, "CREATED_DATE": null, "LAST_EDITED_USER": null, "LAST_EDITED_DATE": null, "LAND_OWNERSHIP_TYPE": null, "PUBLIC_OWNERSHIP_TYPE": null, "PHONE": "386-409-2042" }, "geometry": { "type": "Point", "coordinates": [ -80.921310338792793, 29.02700904241664 ] } },
{ "type": "Feature", "properties": { "OBJECTID": 299, "CMP_ID": "CMP13-511", "FACILITY_TYPE": "Marina", "FACILITY_NAME": "New Smyrna Marina aka The Fishing Store", "ADDRESS": "200 Boatyard St", "CITY": "New Smyrna Beach", "ZIP": "32169", "COUNTY": "Volusia", "WEBSITE": "http://newsmyrnamarina.com/", "WET_SLIPS": 31, "DRY_STORAGE": 21, "PUMPOUT_TYPE": "boat", "LAT_DD": 29.03239202, "LONG_DD": -80.91377571, "WATERBODY": "Indian River North", "MOORING_LINES": 0, "PUMPOUT": "Y", "CREATED_USER": null, "CREATED_DATE": null, "LAST_EDITED_USER": null, "LAST_EDITED_DATE": null, "LAND_OWNERSHIP_TYPE": null, "PUBLIC_OWNERSHIP_TYPE": null, "PHONE": "386-427-4514" }, "geometry": { "type": "Point", "coordinates": [ -80.913778698307937, 29.032397495776326 ] } },
{ "type": "Feature", "properties": { "OBJECTID": 300, "CMP_ID": "CMP09-374", "FACILITY_TYPE": "Marina", "FACILITY_NAME": "Smyrna Yacht Club", "ADDRESS": "1201 S Riverside Dr", "CITY": "New Smyrna Bch", "ZIP": "32168", "COUNTY": "Volusia", "WEBSITE": "http://www.smyrnayachtclub.com", "WET_SLIPS": 74, "DRY_STORAGE": 0, "PUMPOUT_TYPE": "stationary", "LAT_DD": 29.01304212, "LONG_DD": -80.91357767, "WATERBODY": "Intercoastal Waterway", "MOORING_LINES": 0, "PUMPOUT": "Y", "CREATED_USER": null, "CREATED_DATE": null, "LAST_EDITED_USER": null, "LAST_EDITED_DATE": null, "LAND_OWNERSHIP_TYPE": null, "PUBLIC_OWNERSHIP_TYPE": null, "PHONE": "386-427-4040" }, "geometry": { "type": "Point", "coordinates": [ -80.913580654569486, 29.013047592751906 ] } },
{ "type": "Feature", "properties": { "OBJECTID": 301, "CMP_ID": "CMP09-377", "FACILITY_TYPE": "Marina", "FACILITY_NAME": "Bouchelle Island CSA", "ADDRESS": "409 Bouchelle Dr", "CITY": "New Smyrna Beach", "ZIP": "32169", "COUNTY": "Volusia", "WEBSITE": "http://www.bouchelle.com", "WET_SLIPS": 82, "DRY_STORAGE": 68, "PUMPOUT_TYPE": "stationary", "LAT_DD": 29.02784996, "LONG_DD": -80.91111969000001, "WATERBODY": "Indian River North", "MOORING_LINES": 0, "PUMPOUT": "Y", "CREATED_USER": null, "CREATED_DATE": null, "LAST_EDITED_USER": null, "LAST_EDITED_DATE": null, "LAND_OWNERSHIP_TYPE": null, "PUBLIC_OWNERSHIP_TYPE": null, "PHONE": "386-426-0228" }, "geometry": { "type": "Point", "coordinates": [ -80.911122681170994, 29.027855434586733 ] } },
{ "type": "Feature", "properties": { "OBJECTID": 302, "CMP_ID": "CMP03-153", "FACILITY_TYPE": "Marina", "FACILITY_NAME": "Sea Bird Marina", "ADDRESS": "69501 Overseas Highway", "CITY": "Long Key", "ZIP": "33050", "COUNTY": "Monroe", "WEBSITE": "http://seabirdmarina.com", "WET_SLIPS": 32, "DRY_STORAGE": 80, "PUMPOUT_TYPE": "NONE", "LAT_DD": 24.83764853, "LONG_DD": -80.79898849, "WATERBODY": "Florida Bay", "MOORING_LINES": 0, "PUMPOUT": "N", "CREATED_USER": null, "CREATED_DATE": null, "LAST_EDITED_USER": null, "LAST_EDITED_DATE": null, "LAND_OWNERSHIP_TYPE": null, "PUBLIC_OWNERSHIP_TYPE": null, "PHONE": "305-664-2871" }, "geometry": { "type": "Point", "coordinates": [ -80.798991327455298, 24.837652967515773 ] } },
{ "type": "Feature", "properties": { "OBJECTID": 303, "CMP_ID": "CMP02-084", "FACILITY_TYPE": "Marina", "FACILITY_NAME": "Kennedy Point Yacht Club & Marina", "ADDRESS": "4749 S Washington Ave", "CITY": "Titusville", "ZIP": "32780", "COUNTY": "Brevard", "WEBSITE": "http://www.kennedypointyachtclub.com", "WET_SLIPS": 110, "DRY_STORAGE": 10, "PUMPOUT_TYPE": "pumpout", "LAT_DD": 28.55493171, "LONG_DD": -80.79640696, "WATERBODY": "Indian River", "MOORING_LINES": 0, "PUMPOUT": "Y", "CREATED_USER": null, "CREATED_DATE": null, "LAST_EDITED_USER": null, "LAST_EDITED_DATE": null, "LAND_OWNERSHIP_TYPE": null, "PUBLIC_OWNERSHIP_TYPE": null, "PHONE": "321-383-0280" }, "geometry": { "type": "Point", "coordinates": [ -80.796409895999503, 28.554937070492983 ] } },
{ "type": "Feature", "properties": { "OBJECTID": 304, "CMP_ID": "CMP06-239", "FACILITY_TYPE": "Marina", "FACILITY_NAME": "Cocoa Village Marina", "ADDRESS": "90 Delannoy Ave", "CITY": "Cocoa", "ZIP": "32922", "COUNTY": "Brevard", "WEBSITE": "http://www.cocoavillagemarina.com", "WET_SLIPS": 117, "DRY_STORAGE": 0, "PUMPOUT_TYPE": "stationary portable", "LAT_DD": 28.35710255, "LONG_DD": -80.725038, "WATERBODY": "Intercoastal Waterway", "MOORING_LINES": 0, "PUMPOUT": "Y", "CREATED_USER": null, "CREATED_DATE": null, "LAST_EDITED_USER": null, "LAST_EDITED_DATE": null, "LAND_OWNERSHIP_TYPE": null, "PUBLIC_OWNERSHIP_TYPE": null, "PHONE": "321-632-5445" }, "geometry": { "type": "Point", "coordinates": [ -80.725040910716274, 28.35710787016076 ] } },
{ "type": "Feature", "properties": { "OBJECTID": 305, "CMP_ID": "CMP09-378", "FACILITY_TYPE": "Marina", "FACILITY_NAME": "Loggerhead Marina - Lake Okeechobee", "ADDRESS": "190 North Lake Way \n", "CITY": "Pahokee", "ZIP": "33476", "COUNTY": "Palm Beach", "WEBSITE": "http://loggerheadlakeokeechobee.com/index.htm", "WET_SLIPS": 103, "DRY_STORAGE": 0, "PUMPOUT_TYPE": "stationary", "LAT_DD": 26.82522822, "LONG_DD": -80.66739511, "WATERBODY": "Lake Okeechobee", "MOORING_LINES": 0, "PUMPOUT": "Y", "CREATED_USER": null, "CREATED_DATE": null, "LAST_EDITED_USER": null, "LAST_EDITED_DATE": null, "LAND_OWNERSHIP_TYPE": null, "PUBLIC_OWNERSHIP_TYPE": null, "PHONE": "561-924-7832" }, "geometry": { "type": "Point", "coordinates": [ -80.667397961716787, 26.825233155264868 ] } },
{ "type": "Feature", "properties": { "OBJECTID": 306, "CMP_ID": "CMP12-475", "FACILITY_TYPE": "Marina", "FACILITY_NAME": "Grills Seafood Deck & Tiki Bar", "ADDRESS": "6075 N US 1", "CITY": "Melbourne", "ZIP": "32940", "COUNTY": "Brevard", "WEBSITE": "http://www.grillsseafood.com/locations/grills-riverside-melbourne", "WET_SLIPS": 25, "DRY_STORAGE": 0, "PUMPOUT_TYPE": "stationary", "LAT_DD": 28.21005706, "LONG_DD": -80.66343233000001, "WATERBODY": "Indian River", "MOORING_LINES": 0, "PUMPOUT": "Y", "CREATED_USER": null, "CREATED_DATE": null, "LAST_EDITED_USER": null, "LAST_EDITED_DATE": null, "LAND_OWNERSHIP_TYPE": null, "PUBLIC_OWNERSHIP_TYPE": null, "PHONE": "321-868-2226" }, "geometry": { "type": "Point", "coordinates": [ -80.663435216833932, 28.210062341790508 ] } },
{ "type": "Feature", "properties": { "OBJECTID": 307, "CMP_ID": "CMP02-089", "FACILITY_TYPE": "Marina", "FACILITY_NAME": "Worldwide Sportsman - Bayside Marina", "ADDRESS": "81576 Overseas Highway", "CITY": "Islamorada", "ZIP": "33036", "COUNTY": "Monroe", "WEBSITE": "http://www.basspro.com", "WET_SLIPS": 42, "DRY_STORAGE": 0, "PUMPOUT_TYPE": "stationary", "LAT_DD": 24.91481002, "LONG_DD": -80.63961657, "WATERBODY": "Little Basin", "MOORING_LINES": 0, "PUMPOUT": "Y", "CREATED_USER": null, "CREATED_DATE": null, "LAST_EDITED_USER": null, "LAST_EDITED_DATE": null, "LAND_OWNERSHIP_TYPE": null, "PUBLIC_OWNERSHIP_TYPE": null, "PHONE": null }, "geometry": { "type": "Point", "coordinates": [ -80.639619355388163, 24.914814479288644 ] } },
{ "type": "Feature", "properties": { "OBJECTID": 308, "CMP_ID": "CMP04-202", "FACILITY_TYPE": "Marina", "FACILITY_NAME": "Caribee Boat Sales & Marina", "ADDRESS": "81500 Overseas Highway", "CITY": "Islamorada", "ZIP": "33036", "COUNTY": "Monroe", "WEBSITE": "http://www.caribeeboats.com", "WET_SLIPS": 0, "DRY_STORAGE": 162, "PUMPOUT_TYPE": "NONE", "LAT_DD": 24.9183613, "LONG_DD": -80.63673142, "WATERBODY": "Florida Bay", "MOORING_LINES": 0, "PUMPOUT": "N", "CREATED_USER": null, "CREATED_DATE": null, "LAST_EDITED_USER": null, "LAST_EDITED_DATE": null, "LAND_OWNERSHIP_TYPE": null, "PUBLIC_OWNERSHIP_TYPE": null, "PHONE": "305-664-3431" }, "geometry": { "type": "Point", "coordinates": [ -80.636734209368385, 24.918365760440555 ] } },
{ "type": "Feature", "properties": { "OBJECTID": 309, "CMP_ID": "CMP13-512", "FACILITY_TYPE": "Boatyard", "FACILITY_NAME": "Port Canaveral Marine", "ADDRESS": "960 Mullet Rd", "CITY": "Port Canaveral", "ZIP": "32920", "COUNTY": "Brevard", "WEBSITE": "http://www.scorpionmarine.com/", "WET_SLIPS": 64, "DRY_STORAGE": 322, "PUMPOUT_TYPE": "stationary", "LAT_DD": 28.406884, "LONG_DD": -80.62996825, "WATERBODY": "Port Canaveral", "MOORING_LINES": 0, "PUMPOUT": "N", "CREATED_USER": null, "CREATED_DATE": null, "LAST_EDITED_USER": null, "LAST_EDITED_DATE": null, "LAND_OWNERSHIP_TYPE": null, "PUBLIC_OWNERSHIP_TYPE": null, "PHONE": "321-784-5788" }, "geometry": { "type": "Point", "coordinates": [ -80.629971134524823, 28.406889334959683 ] } },
{ "type": "Feature", "properties": { "OBJECTID": 310, "CMP_ID": "CMP09-376", "FACILITY_TYPE": "Marina", "FACILITY_NAME": "Ocean Club at Port Canaveral", "ADDRESS": "930 Mullet St", "CITY": "Port Canaveral", "ZIP": "32920", "COUNTY": "Brevard", "WEBSITE": "http://www.oceanclubmarina-pc.com/", "WET_SLIPS": 73, "DRY_STORAGE": 0, "PUMPOUT_TYPE": "stationary", "LAT_DD": 28.40703092, "LONG_DD": -80.62957696, "WATERBODY": "Port Canaveral", "MOORING_LINES": 0, "PUMPOUT": "Y", "CREATED_USER": null, "CREATED_DATE": null, "LAST_EDITED_USER": null, "LAST_EDITED_DATE": null, "LAND_OWNERSHIP_TYPE": null, "PUBLIC_OWNERSHIP_TYPE": null, "PHONE": "321-783-9001" }, "geometry": { "type": "Point", "coordinates": [ -80.629579841128503, 28.407036249900042 ] } },
{ "type": "Feature", "properties": { "OBJECTID": 311, "CMP_ID": "CMP03-158", "FACILITY_TYPE": "Marina", "FACILITY_NAME": "Eau Gallie Yacht Basin", "ADDRESS": "587 Young St", "CITY": "Melbourne", "ZIP": "32935", "COUNTY": "Brevard", "WEBSITE": "http://www.eaugallieyachtbasin.com", "WET_SLIPS": 60, "DRY_STORAGE": 0, "PUMPOUT_TYPE": "stationary", "LAT_DD": 28.12617172, "LONG_DD": -80.62797066, "WATERBODY": "Eau Gallie River", "MOORING_LINES": 0, "PUMPOUT": "Y", "CREATED_USER": null, "CREATED_DATE": null, "LAST_EDITED_USER": null, "LAST_EDITED_DATE": null, "LAND_OWNERSHIP_TYPE": null, "PUBLIC_OWNERSHIP_TYPE": null, "PHONE": "321-242-6577" }, "geometry": { "type": "Point", "coordinates": [ -80.627973536997118, 28.126176986591691 ] } },
{ "type": "Feature", "properties": { "OBJECTID": 312, "CMP_ID": "CMP02-068", "FACILITY_TYPE": "Marina", "FACILITY_NAME": "Cape Marina", "ADDRESS": "800 Scallop Dr", "CITY": "Port Canaveral", "ZIP": "32920", "COUNTY": "Brevard", "WEBSITE": "http://www.capemarina.com", "WET_SLIPS": 115, "DRY_STORAGE": 300, "PUMPOUT_TYPE": "stationary", "LAT_DD": 28.40754922, "LONG_DD": -80.62746531000001, "WATERBODY": "Port Canaveral", "MOORING_LINES": 0, "PUMPOUT": "Y", "CREATED_USER": null, "CREATED_DATE": null, "LAST_EDITED_USER": null, "LAST_EDITED_DATE": null, "LAND_OWNERSHIP_TYPE": null, "PUBLIC_OWNERSHIP_TYPE": null, "PHONE": "321-783-8410" }, "geometry": { "type": "Point", "coordinates": [ -80.627468195247843, 28.407554548468308 ] } },
{ "type": "Feature", "properties": { "OBJECTID": 313, "CMP_ID": "CMP08-356", "FACILITY_TYPE": "Marina", "FACILITY_NAME": "Key West Bight Marina", "ADDRESS": "201 William St", "CITY": "Key West", "ZIP": "33040", "COUNTY": "Monroe", "WEBSITE": "http://www.keywestbightmarina.com/", "WET_SLIPS": 149, "DRY_STORAGE": 0, "PUMPOUT_TYPE": "stationary    portable    vacuum", "LAT_DD": 24.56116238, "LONG_DD": -81.80112737, "WATERBODY": "Key West Bight", "MOORING_LINES": 0, "PUMPOUT": "Y", "CREATED_USER": null, "CREATED_DATE": null, "LAST_EDITED_USER": null, "LAST_EDITED_DATE": null, "LAND_OWNERSHIP_TYPE": null, "PUBLIC_OWNERSHIP_TYPE": null, "PHONE": "305-809-3984" }, "geometry": { "type": "Point", "coordinates": [ -81.801130493264168, 24.561166728877719 ] } },
{ "type": "Feature", "properties": { "OBJECTID": 314, "CMP_ID": "CMP08-344", "FACILITY_TYPE": "Marina", "FACILITY_NAME": "Fort Myers Yacht Basin", "ADDRESS": "1300 Lee St", "CITY": "Ft Myers", "ZIP": "33901", "COUNTY": "Lee", "WEBSITE": "http://www.cityftmyers.com", "WET_SLIPS": 245, "DRY_STORAGE": 0, "PUMPOUT_TYPE": "stationary", "LAT_DD": 26.64765215, "LONG_DD": -81.86958672, "WATERBODY": "Caloosahatchee River", "MOORING_LINES": 25, "PUMPOUT": "Y", "CREATED_USER": null, "CREATED_DATE": null, "LAST_EDITED_USER": null, "LAST_EDITED_DATE": null, "LAND_OWNERSHIP_TYPE": null, "PUBLIC_OWNERSHIP_TYPE": null, "PHONE": "239-321-7080" }, "geometry": { "type": "Point", "coordinates": [ -81.869589908021538, 26.647657020547125 ] } },
{ "type": "Feature", "properties": { "OBJECTID": 315, "CMP_ID": "CMP11-460", "FACILITY_TYPE": "Marina", "FACILITY_NAME": "Westland Marina", "ADDRESS": "419 N Washington Ave", "CITY": "Titusville", "ZIP": "32796", "COUNTY": "Brevard", "WEBSITE": "http://www.westlandmarina.com/", "WET_SLIPS": 70, "DRY_STORAGE": 36, "PUMPOUT_TYPE": "stationary", "LAT_DD": 28.6188182, "LONG_DD": -80.80774484, "WATERBODY": "Indian River", "MOORING_LINES": 0, "PUMPOUT": "Y", "CREATED_USER": null, "CREATED_DATE": null, "LAST_EDITED_USER": null, "LAST_EDITED_DATE": null, "LAND_OWNERSHIP_TYPE": null, "PUBLIC_OWNERSHIP_TYPE": null, "PHONE": "321-267-1667" }, "geometry": { "type": "Point", "coordinates": [ -80.807747785217487, 28.618823578269375 ] } },
{ "type": "Feature", "properties": { "OBJECTID": 316, "CMP_ID": "CMP13-504", "FACILITY_TYPE": "Marina", "FACILITY_NAME": "St. Andrews State Park", "ADDRESS": "4607 State Park Ln", "CITY": "Panama City", "ZIP": "32408", "COUNTY": "Bay", "WEBSITE": "http://www.floridastateparks.org/standrews/", "WET_SLIPS": 10, "DRY_STORAGE": 0, "PUMPOUT_TYPE": " ", "LAT_DD": 30.13319412, "LONG_DD": -85.73172386, "WATERBODY": "Grand Lagoon Bay", "MOORING_LINES": 0, "PUMPOUT": "N", "CREATED_USER": null, "CREATED_DATE": null, "LAST_EDITED_USER": null, "LAST_EDITED_DATE": null, "LAND_OWNERSHIP_TYPE": null, "PUBLIC_OWNERSHIP_TYPE": null, "PHONE": "850-233-5140" }, "geometry": { "type": "Point", "coordinates": [ -85.731728281504985, 30.133199713011237 ] } },
{ "type": "Feature", "properties": { "OBJECTID": 317, "CMP_ID": "CMP14-527", "FACILITY_TYPE": "Marina", "FACILITY_NAME": "Ocean Key Resort & Spa", "ADDRESS": "0 Duval St", "CITY": "Key West", "ZIP": "33040", "COUNTY": "Monroe", "WEBSITE": "http://www.oceankey.com", "WET_SLIPS": 6, "DRY_STORAGE": 0, "PUMPOUT_TYPE": "Portable", "LAT_DD": 24.56062407, "LONG_DD": -81.80718676, "WATERBODY": "Bay of Florida", "MOORING_LINES": 0, "PUMPOUT": "Y", "CREATED_USER": null, "CREATED_DATE": null, "LAST_EDITED_USER": null, "LAST_EDITED_DATE": null, "LAND_OWNERSHIP_TYPE": null, "PUBLIC_OWNERSHIP_TYPE": null, "PHONE": "305-296-7701" }, "geometry": { "type": "Point", "coordinates": [ -81.80718987628309, 24.560628415181085 ] } },
{ "type": "Feature", "properties": { "OBJECTID": 318, "CMP_ID": "CMP04-205", "FACILITY_TYPE": "Marina", "FACILITY_NAME": "Largo Intercoastal Marina", "ADDRESS": "12458 145th Lane", "CITY": "Largo", "ZIP": "33774", "COUNTY": "Pinellas", "WEBSITE": "http://www.largomarina.com", "WET_SLIPS": 6, "DRY_STORAGE": 334, "PUMPOUT_TYPE": "stationary", "LAT_DD": 27.88622777, "LONG_DD": -82.84034889, "WATERBODY": "Intercoastal Waterway", "MOORING_LINES": 0, "PUMPOUT": "Y", "CREATED_USER": null, "CREATED_DATE": null, "LAST_EDITED_USER": null, "LAST_EDITED_DATE": null, "LAND_OWNERSHIP_TYPE": null, "PUBLIC_OWNERSHIP_TYPE": null, "PHONE": "727-595-3592" }, "geometry": { "type": "Point", "coordinates": [ -82.840352396822595, 27.886232913463548 ] } },
{ "type": "Feature", "properties": { "OBJECTID": 319, "CMP_ID": "CMP00-019", "FACILITY_TYPE": "Marina", "FACILITY_NAME": "Fleming Island Marina", "ADDRESS": "3027 US Hwy 17", "CITY": "Orange Park", "ZIP": "32003", "COUNTY": "Clay", "WEBSITE": "http://www.flemingislandmarina.com/", "WET_SLIPS": 100, "DRY_STORAGE": 0, "PUMPOUT_TYPE": "stationary", "LAT_DD": 30.14607866, "LONG_DD": -81.70000455, "WATERBODY": "St. Johns River", "MOORING_LINES": 0, "PUMPOUT": "Y", "CREATED_USER": null, "CREATED_DATE": null, "LAST_EDITED_USER": null, "LAST_EDITED_DATE": null, "LAND_OWNERSHIP_TYPE": null, "PUBLIC_OWNERSHIP_TYPE": null, "PHONE": "904-269-0027" }, "geometry": { "type": "Point", "coordinates": [ -81.7000078109768, 30.146084375235048 ] } },
{ "type": "Feature", "properties": { "OBJECTID": 320, "CMP_ID": "CMP06-274", "FACILITY_TYPE": "Marina", "FACILITY_NAME": "Doctors Lake Marina", "ADDRESS": "3108 US Hwy 17 S", "CITY": "Fleming Island", "ZIP": "32003", "COUNTY": "Clay", "WEBSITE": "http://www.doctorslakemarina.com", "WET_SLIPS": 98, "DRY_STORAGE": 150, "PUMPOUT_TYPE": "stationary", "LAT_DD": 30.14454659, "LONG_DD": -81.701493, "WATERBODY": "St Johns River", "MOORING_LINES": 0, "PUMPOUT": "Y", "CREATED_USER": null, "CREATED_DATE": null, "LAST_EDITED_USER": null, "LAST_EDITED_DATE": null, "LAND_OWNERSHIP_TYPE": null, "PUBLIC_OWNERSHIP_TYPE": null, "PHONE": "904-264-0505" }, "geometry": { "type": "Point", "coordinates": [ -81.701496255006404, 30.14455230322206 ] } },
{ "type": "Feature", "properties": { "OBJECTID": 321, "CMP_ID": "CMP02-066", "FACILITY_TYPE": "Marina", "FACILITY_NAME": "Southpointe Marina at Windstar", "ADDRESS": "1777 Gulfstar Dr", "CITY": "Naples", "ZIP": "34112", "COUNTY": "Collier", "WEBSITE": "http://www.windstarclub.com/on-the-water/southpointe-yacht-club", "WET_SLIPS": 72, "DRY_STORAGE": 0, "PUMPOUT_TYPE": "vacuum", "LAT_DD": 26.10475994, "LONG_DD": -81.78129699, "WATERBODY": "Naples Bay", "MOORING_LINES": 0, "PUMPOUT": "Y", "CREATED_USER": null, "CREATED_DATE": null, "LAST_EDITED_USER": null, "LAST_EDITED_DATE": null, "LAND_OWNERSHIP_TYPE": null, "PUBLIC_OWNERSHIP_TYPE": null, "PHONE": "239-774-0518" }, "geometry": { "type": "Point", "coordinates": [ -81.781300142998958, 26.104764679655304 ] } },
{ "type": "Feature", "properties": { "OBJECTID": 322, "CMP_ID": "CMP08-348", "FACILITY_TYPE": "Marina", "FACILITY_NAME": "Hamilton Harbor Yacht Club", "ADDRESS": "7065 Hamilton Ave", "CITY": "Naples", "ZIP": "34112", "COUNTY": "Collier", "WEBSITE": "http://www.hamiltonharboryachtclub.com", "WET_SLIPS": 35, "DRY_STORAGE": 325, "PUMPOUT_TYPE": "stationary", "LAT_DD": 26.10230427, "LONG_DD": -81.78339749, "WATERBODY": "Naples Bay", "MOORING_LINES": 0, "PUMPOUT": "Y", "CREATED_USER": null, "CREATED_DATE": null, "LAST_EDITED_USER": null, "LAST_EDITED_DATE": null, "LAND_OWNERSHIP_TYPE": null, "PUBLIC_OWNERSHIP_TYPE": null, "PHONE": "239-775-0506" }, "geometry": { "type": "Point", "coordinates": [ -81.783400642195005, 26.102309003360144 ] } },
{ "type": "Feature", "properties": { "OBJECTID": 323, "CMP_ID": "CMP12-500", "FACILITY_TYPE": "Marina", "FACILITY_NAME": "Tarpon Club Marina", "ADDRESS": "250 Capri Blvd", "CITY": "Naples", "ZIP": "34113", "COUNTY": "Collier", "WEBSITE": "http://www.tarponclubmarina.com/", "WET_SLIPS": 8, "DRY_STORAGE": 164, "PUMPOUT_TYPE": "NONE", "LAT_DD": 25.9842865, "LONG_DD": -81.72596811, "WATERBODY": "Tarpon Bay", "MOORING_LINES": 0, "PUMPOUT": "N", "CREATED_USER": null, "CREATED_DATE": null, "LAST_EDITED_USER": null, "LAST_EDITED_DATE": null, "LAND_OWNERSHIP_TYPE": null, "PUBLIC_OWNERSHIP_TYPE": null, "PHONE": "239-394-5643" }, "geometry": { "type": "Point", "coordinates": [ -81.725971245801972, 25.98429120645104 ] } },
{ "type": "Feature", "properties": { "OBJECTID": 324, "CMP_ID": "CMP03-174", "FACILITY_TYPE": "Marina", "FACILITY_NAME": "Monroe Harbour Marina", "ADDRESS": "531 N Palmetto Ave", "CITY": "Sanford", "ZIP": "32771", "COUNTY": "Seminole", "WEBSITE": "http://www.monroeharbour.com/", "WET_SLIPS": 232, "DRY_STORAGE": 157, "PUMPOUT_TYPE": "stationary & boat", "LAT_DD": 28.81551755, "LONG_DD": -81.2643606, "WATERBODY": "St. Johns River", "MOORING_LINES": 0, "PUMPOUT": "Y", "CREATED_USER": null, "CREATED_DATE": null, "LAST_EDITED_USER": null, "LAST_EDITED_DATE": null, "LAND_OWNERSHIP_TYPE": null, "PUBLIC_OWNERSHIP_TYPE": null, "PHONE": "407-322-2910" }, "geometry": { "type": "Point", "coordinates": [ -81.264363688225785, 28.815522966189015 ] } },
{ "type": "Feature", "properties": { "OBJECTID": 325, "CMP_ID": "CMP06-243", "FACILITY_TYPE": "Marina", "FACILITY_NAME": "Loggerhead Marina - Riviera Beach", "ADDRESS": "2620 Lake Shore Dr", "CITY": "Riviera Beach", "ZIP": "33404", "COUNTY": "Palm Beach", "WEBSITE": "http://www.loggerheadrivierabeach.com/", "WET_SLIPS": 0, "DRY_STORAGE": 300, "PUMPOUT_TYPE": "vacuum", "LAT_DD": 26.78445858, "LONG_DD": -80.04977424, "WATERBODY": "Lake Worth Inlet", "MOORING_LINES": 0, "PUMPOUT": "Y", "CREATED_USER": null, "CREATED_DATE": null, "LAST_EDITED_USER": null, "LAST_EDITED_DATE": null, "LAND_OWNERSHIP_TYPE": null, "PUBLIC_OWNERSHIP_TYPE": null, "PHONE": "561-840-6868" }, "geometry": { "type": "Point", "coordinates": [ -80.049776903971164, 26.784463526995275 ] } },
{ "type": "Feature", "properties": { "OBJECTID": 326, "CMP_ID": "CMP03-160", "FACILITY_TYPE": "Marina", "FACILITY_NAME": "Sunrise Harbor Marina", "ADDRESS": "1030 Seminole Dr", "CITY": "Ft Lauderdale", "ZIP": "33304", "COUNTY": "Broward", "WEBSITE": "http://www.sunriseharbormarina.net", "WET_SLIPS": 22, "DRY_STORAGE": 0, "PUMPOUT_TYPE": "portable", "LAT_DD": 26.1387679, "LONG_DD": -80.10973973, "WATERBODY": "Coral Bay", "MOORING_LINES": 0, "PUMPOUT": "Y", "CREATED_USER": null, "CREATED_DATE": null, "LAST_EDITED_USER": null, "LAST_EDITED_DATE": null, "LAND_OWNERSHIP_TYPE": null, "PUBLIC_OWNERSHIP_TYPE": null, "PHONE": "954-667-6700" }, "geometry": { "type": "Point", "coordinates": [ -80.109742391557319, 26.138772680467611 ] } },
{ "type": "Feature", "properties": { "OBJECTID": 327, "CMP_ID": "CMP08-349", "FACILITY_TYPE": "Marina", "FACILITY_NAME": "Marina Del Mar Resort & Marina", "ADDRESS": "527 Carribean Dr", "CITY": "Key Largo", "ZIP": "33037", "COUNTY": "Monroe", "WEBSITE": "http://www.marinadelmarkeylargo.com", "WET_SLIPS": 77, "DRY_STORAGE": 0, "PUMPOUT_TYPE": "NONE", "LAT_DD": 25.0954355, "LONG_DD": -80.43622823, "WATERBODY": "Altantic Ocean", "MOORING_LINES": 0, "PUMPOUT": "N", "CREATED_USER": null, "CREATED_DATE": null, "LAST_EDITED_USER": null, "LAST_EDITED_DATE": null, "LAND_OWNERSHIP_TYPE": null, "PUBLIC_OWNERSHIP_TYPE": null, "PHONE": "305-451-4107" }, "geometry": { "type": "Point", "coordinates": [ -80.436230968541821, 25.095440006109975 ] } },
{ "type": "Feature", "properties": { "OBJECTID": 328, "CMP_ID": "CMP04-192", "FACILITY_TYPE": "Marina", "FACILITY_NAME": "Sea Isle Marina & Yachting Center", "ADDRESS": "1635 N Bayshore Dr", "CITY": "Miami", "ZIP": "33132", "COUNTY": "Dade", "WEBSITE": "http://seaislemarina.com", "WET_SLIPS": 174, "DRY_STORAGE": 0, "PUMPOUT_TYPE": "stationary", "LAT_DD": 25.79090077, "LONG_DD": -80.18436154, "WATERBODY": "Biscayne Bay", "MOORING_LINES": 0, "PUMPOUT": "Y", "CREATED_USER": null, "CREATED_DATE": null, "LAST_EDITED_USER": null, "LAST_EDITED_DATE": null, "LAND_OWNERSHIP_TYPE": null, "PUBLIC_OWNERSHIP_TYPE": null, "PHONE": "305-377-3625" }, "geometry": { "type": "Point", "coordinates": [ -80.184364215765783, 25.790905458402094 ] } },
{ "type": "Feature", "properties": { "OBJECTID": 329, "CMP_ID": "CMP15-550", "FACILITY_TYPE": "Marina", "FACILITY_NAME": "Whiting Park Marina NAS", "ADDRESS": "5499 Old River Rd", "CITY": "Milton", "ZIP": "32583", "COUNTY": "Santa Rosa", "WEBSITE": "http://www.cnic.navy.mil/regions/cnrse/installations/nas_whiting_field/ffr/things_to_do/recreation/parks_and_picnic_areas.html", "WET_SLIPS": 10, "DRY_STORAGE": 6, "PUMPOUT_TYPE": " ", "LAT_DD": 30.6342313, "LONG_DD": -87.02088892, "WATERBODY": "Blackwater River", "MOORING_LINES": 0, "PUMPOUT": "N", "CREATED_USER": null, "CREATED_DATE": null, "LAST_EDITED_USER": null, "LAST_EDITED_DATE": null, "LAND_OWNERSHIP_TYPE": null, "PUBLIC_OWNERSHIP_TYPE": null, "PHONE": "850-623-2383" }, "geometry": { "type": "Point", "coordinates": [ -87.02089371600286, 30.634236964713324 ] } },
{ "type": "Feature", "properties": { "OBJECTID": 330, "CMP_ID": "CMP03-181", "FACILITY_TYPE": "Marina", "FACILITY_NAME": "Dinner Key Marina", "ADDRESS": "3400 Pan American Dr", "CITY": "Miami", "ZIP": "33133", "COUNTY": "Dade", "WEBSITE": "http://www.miamigov.com/marinas/pages/marinas/dinkeymarina.asp", "WET_SLIPS": 580, "DRY_STORAGE": 0, "PUMPOUT_TYPE": "stationary, vacuum & boat", "LAT_DD": 25.72772262, "LONG_DD": -80.23378457, "WATERBODY": "Biscayne Bay", "MOORING_LINES": 225, "PUMPOUT": "Y", "CREATED_USER": null, "CREATED_DATE": null, "LAST_EDITED_USER": null, "LAST_EDITED_DATE": null, "LAND_OWNERSHIP_TYPE": null, "PUBLIC_OWNERSHIP_TYPE": null, "PHONE": null }, "geometry": { "type": "Point", "coordinates": [ -80.233787264668749, 25.727727297381513 ] } },
{ "type": "Feature", "properties": { "OBJECTID": 331, "CMP_ID": "CMP03-136", "FACILITY_TYPE": "Marina", "FACILITY_NAME": "Sailfish Marina of Stuart", "ADDRESS": "3565 SE St Lucie Blvd", "CITY": "Stuart", "ZIP": "34997", "COUNTY": "Martin", "WEBSITE": "http://www.sailfishmarinastuart.com", "WET_SLIPS": 55, "DRY_STORAGE": 175, "PUMPOUT_TYPE": "stationary   holding tank vacume", "LAT_DD": 27.16110359, "LONG_DD": -80.19629562, "WATERBODY": "Manatee Pocket", "MOORING_LINES": 0, "PUMPOUT": "Y", "CREATED_USER": null, "CREATED_DATE": null, "LAST_EDITED_USER": null, "LAST_EDITED_DATE": null, "LAND_OWNERSHIP_TYPE": null, "PUBLIC_OWNERSHIP_TYPE": null, "PHONE": "772-283-1122" }, "geometry": { "type": "Point", "coordinates": [ -80.196298343499606, 27.161108623837794 ] } },
{ "type": "Feature", "properties": { "OBJECTID": 332, "CMP_ID": "CMP02-110", "FACILITY_TYPE": "Marina", "FACILITY_NAME": "Pirates Cove Resort & Marina", "ADDRESS": "4307 SE Bayview St", "CITY": "Stuart", "ZIP": "34997", "COUNTY": "Martin", "WEBSITE": "http://www.piratescoveresort.com", "WET_SLIPS": 50, "DRY_STORAGE": 180, "PUMPOUT_TYPE": "boat", "LAT_DD": 27.15033785, "LONG_DD": -80.19546203, "WATERBODY": "Manatee Pocket", "MOORING_LINES": 0, "PUMPOUT": "Y", "CREATED_USER": null, "CREATED_DATE": null, "LAST_EDITED_USER": null, "LAST_EDITED_DATE": null, "LAND_OWNERSHIP_TYPE": null, "PUBLIC_OWNERSHIP_TYPE": null, "PHONE": "772-287-2500" }, "geometry": { "type": "Point", "coordinates": [ -80.195464747285143, 27.150342884697007 ] } },
{ "type": "Feature", "properties": { "OBJECTID": 333, "CMP_ID": "CMP02-080", "FACILITY_TYPE": "Marina", "FACILITY_NAME": "Hinckley Yacht Services", "ADDRESS": "4550 SE Boatyard Dr", "CITY": "Stuart", "ZIP": "34997", "COUNTY": "Martin", "WEBSITE": "http://www.hinckleyyachts.com", "WET_SLIPS": 84, "DRY_STORAGE": 120, "PUMPOUT_TYPE": "NONE", "LAT_DD": 27.14955896, "LONG_DD": -80.19296712000001, "WATERBODY": "Manatee Pocket", "MOORING_LINES": 0, "PUMPOUT": "N", "CREATED_USER": null, "CREATED_DATE": null, "LAST_EDITED_USER": null, "LAST_EDITED_DATE": null, "LAND_OWNERSHIP_TYPE": null, "PUBLIC_OWNERSHIP_TYPE": null, "PHONE": "772-287-0923" }, "geometry": { "type": "Point", "coordinates": [ -80.1929698353444, 27.149563996820511 ] } },
{ "type": "Feature", "properties": { "OBJECTID": 334, "CMP_ID": "CMP00-002", "FACILITY_TYPE": "Marina", "FACILITY_NAME": "MiaMarina at Bayside Marina", "ADDRESS": "401 Biscayne Blvd", "CITY": "Miami", "ZIP": "33132", "COUNTY": "Dade", "WEBSITE": "http://www.miamigov.com/marinas/pages/marinas", "WET_SLIPS": 130, "DRY_STORAGE": 0, "PUMPOUT_TYPE": "stationary & boat", "LAT_DD": 25.77801868, "LONG_DD": -80.18425427, "WATERBODY": "Biscayne Bay", "MOORING_LINES": 0, "PUMPOUT": "Y", "CREATED_USER": null, "CREATED_DATE": null, "LAST_EDITED_USER": null, "LAST_EDITED_DATE": null, "LAND_OWNERSHIP_TYPE": null, "PUBLIC_OWNERSHIP_TYPE": null, "PHONE": "305-579-6955" }, "geometry": { "type": "Point", "coordinates": [ -80.184256947940753, 25.778023371788116 ] } },
{ "type": "Feature", "properties": { "OBJECTID": 335, "CMP_ID": "CMP03-138", "FACILITY_TYPE": "Marina", "FACILITY_NAME": "Hutchinson Island Marriott Beach Resort & Marina", "ADDRESS": "555 NE Ocean Blvd", "CITY": "Stuart", "ZIP": "34996", "COUNTY": "Martin", "WEBSITE": "http://www.marriott.com/hotels/hotel-photos/pbiir-hutchinson-island-marriott-beach-resort-and-marina/", "WET_SLIPS": 77, "DRY_STORAGE": 0, "PUMPOUT_TYPE": "stationary", "LAT_DD": 27.21014935, "LONG_DD": -80.18304903000001, "WATERBODY": "Indian River", "MOORING_LINES": 0, "PUMPOUT": "Y", "CREATED_USER": null, "CREATED_DATE": null, "LAST_EDITED_USER": null, "LAST_EDITED_DATE": null, "LAND_OWNERSHIP_TYPE": null, "PUBLIC_OWNERSHIP_TYPE": null, "PHONE": "772-225-3700" }, "geometry": { "type": "Point", "coordinates": [ -80.183051744299831, 27.210154400029204 ] } },
{ "type": "Feature", "properties": { "OBJECTID": 336, "CMP_ID": "CMP04-210", "FACILITY_TYPE": "Marina", "FACILITY_NAME": "Harbour Ridge Yacht & Country Club", "ADDRESS": "12600 Harbour Ridge Blvd", "CITY": "Palm City", "ZIP": "34990", "COUNTY": "St. Lucie", "WEBSITE": "http://www.harbourridge.com/Club/Scripts/Home/home.asp", "WET_SLIPS": 98, "DRY_STORAGE": 0, "PUMPOUT_TYPE": "stationary & vacuum", "LAT_DD": 27.23203797, "LONG_DD": -80.30571983, "WATERBODY": "St. Lucie River", "MOORING_LINES": 0, "PUMPOUT": "Y", "CREATED_USER": null, "CREATED_DATE": null, "LAST_EDITED_USER": null, "LAST_EDITED_DATE": null, "LAND_OWNERSHIP_TYPE": null, "PUBLIC_OWNERSHIP_TYPE": null, "PHONE": "772-336-3000" }, "geometry": { "type": "Point", "coordinates": [ -80.305722588024068, 27.232043018154322 ] } },
{ "type": "Feature", "properties": { "OBJECTID": 337, "CMP_ID": "CMP10-428", "FACILITY_TYPE": "Marina", "FACILITY_NAME": "Miami Outboard Club", "ADDRESS": "1099 McArthur Causeway", "CITY": "Miami", "ZIP": "33132", "COUNTY": "Dade", "WEBSITE": "http://www.mocmiami.com/", "WET_SLIPS": 59, "DRY_STORAGE": 140, "PUMPOUT_TYPE": "Portable", "LAT_DD": 25.78242751, "LONG_DD": -80.17229613000001, "WATERBODY": "Biscayne Bay", "MOORING_LINES": 0, "PUMPOUT": "Y", "CREATED_USER": null, "CREATED_DATE": null, "LAST_EDITED_USER": null, "LAST_EDITED_DATE": null, "LAND_OWNERSHIP_TYPE": null, "PUBLIC_OWNERSHIP_TYPE": null, "PHONE": "305-379-3000" }, "geometry": { "type": "Point", "coordinates": [ -80.17229880058737, 25.78243220374188 ] } },
{ "type": "Feature", "properties": { "OBJECTID": 338, "CMP_ID": "CMP15-553", "FACILITY_TYPE": "Marina", "FACILITY_NAME": "Daytona Beach Marina & Boatworks", "ADDRESS": "645 S Beach St", "CITY": "Daytona Beach", "ZIP": "32114", "COUNTY": "Volusia", "WEBSITE": null, "WET_SLIPS": null, "DRY_STORAGE": null, "PUMPOUT_TYPE": null, "LAT_DD": 29.20089173, "LONG_DD": -81.01395221, "WATERBODY": null, "MOORING_LINES": null, "PUMPOUT": null, "CREATED_USER": null, "CREATED_DATE": null, "LAST_EDITED_USER": null, "LAST_EDITED_DATE": null, "LAND_OWNERSHIP_TYPE": null, "PUBLIC_OWNERSHIP_TYPE": null, "PHONE": null }, "geometry": { "type": "Point", "coordinates": [ -81.01395523407713, 29.200897240843069 ] } },
{ "type": "Feature", "properties": { "OBJECTID": 339, "CMP_ID": "CMP14-539", "FACILITY_TYPE": "Resilient", "FACILITY_NAME": "Fort Myers City Marina", "ADDRESS": "1300 Lee Street", "CITY": "Fort Myers", "ZIP": "33901", "COUNTY": "Lee", "WEBSITE": null, "WET_SLIPS": null, "DRY_STORAGE": null, "PUMPOUT_TYPE": null, "LAT_DD": 26.64765449, "LONG_DD": -81.86958475, "WATERBODY": null, "MOORING_LINES": null, "PUMPOUT": null, "CREATED_USER": null, "CREATED_DATE": null, "LAST_EDITED_USER": null, "LAST_EDITED_DATE": null, "LAND_OWNERSHIP_TYPE": null, "PUBLIC_OWNERSHIP_TYPE": null, "PHONE": null }, "geometry": { "type": "Point", "coordinates": [ -81.869587938493126, 26.647659358656622 ] } },
{ "type": "Feature", "properties": { "OBJECTID": 340, "CMP_ID": "CMP15-559", "FACILITY_TYPE": "Marina", "FACILITY_NAME": "Port Hudson Marina", "ADDRESS": "14329 Crabtrap Court", "CITY": "Hudson", "ZIP": "34667", "COUNTY": "Pasco", "WEBSITE": "www.porthudsonmarina.net/", "WET_SLIPS": 102, "DRY_STORAGE": 186, "PUMPOUT_TYPE": null, "LAT_DD": 28.36588081, "LONG_DD": -82.70654618, "WATERBODY": "Hudson Creek", "MOORING_LINES": null, "PUMPOUT": null, "CREATED_USER": null, "CREATED_DATE": null, "LAST_EDITED_USER": null, "LAST_EDITED_DATE": null, "LAND_OWNERSHIP_TYPE": null, "PUBLIC_OWNERSHIP_TYPE": null, "PHONE": "727-869-1840" }, "geometry": { "type": "Point", "coordinates": [ -82.706549667419864, 28.365886073182661 ] } },
{ "type": "Feature", "properties": { "OBJECTID": 341, "CMP_ID": "CMP13-505", "FACILITY_TYPE": "Marina", "FACILITY_NAME": "Speckled Trout Marina", "ADDRESS": "343 Bayshore Drive", "CITY": "Palm Harbor", "ZIP": "34683", "COUNTY": "Pinellas", "WEBSITE": null, "WET_SLIPS": null, "DRY_STORAGE": null, "PUMPOUT_TYPE": null, "LAT_DD": 28.06919559, "LONG_DD": -82.78017911000001, "WATERBODY": null, "MOORING_LINES": null, "PUMPOUT": null, "CREATED_USER": null, "CREATED_DATE": null, "LAST_EDITED_USER": null, "LAST_EDITED_DATE": null, "LAND_OWNERSHIP_TYPE": null, "PUBLIC_OWNERSHIP_TYPE": null, "PHONE": "727-787-8961" }, "geometry": { "type": "Point", "coordinates": [ -82.780182613037667, 28.069200784864478 ] } },
{ "type": "Feature", "properties": { "OBJECTID": 342, "CMP_ID": "CMP15-547", "FACILITY_TYPE": "Marina", "FACILITY_NAME": "Ben's Lake Marina", "ADDRESS": "Building 2808 Boatner Road", "CITY": "Eglin AFB", "ZIP": "32542", "COUNTY": "Okaloosa", "WEBSITE": null, "WET_SLIPS": null, "DRY_STORAGE": null, "PUMPOUT_TYPE": null, "LAT_DD": 30.4535305, "LONG_DD": -86.54373604, "WATERBODY": "Choctawhatchee Bay", "MOORING_LINES": null, "PUMPOUT": null, "CREATED_USER": null, "CREATED_DATE": null, "LAST_EDITED_USER": null, "LAST_EDITED_DATE": null, "LAND_OWNERSHIP_TYPE": null, "PUBLIC_OWNERSHIP_TYPE": null, "PHONE": null }, "geometry": { "type": "Point", "coordinates": [ -86.543740698052233, 30.453536139034913 ] } },
{ "type": "Feature", "properties": { "OBJECTID": 343, "CMP_ID": "CMP15-549", "FACILITY_TYPE": "Resilient", "FACILITY_NAME": "Ben's Lake Marina", "ADDRESS": "Building 2808 Boatner Road", "CITY": "Eglin AFB", "ZIP": "32542", "COUNTY": "Okaloosa", "WEBSITE": null, "WET_SLIPS": null, "DRY_STORAGE": null, "PUMPOUT_TYPE": null, "LAT_DD": 30.45353166, "LONG_DD": -86.54371056, "WATERBODY": null, "MOORING_LINES": null, "PUMPOUT": null, "CREATED_USER": null, "CREATED_DATE": null, "LAST_EDITED_USER": null, "LAST_EDITED_DATE": null, "LAND_OWNERSHIP_TYPE": null, "PUBLIC_OWNERSHIP_TYPE": null, "PHONE": null }, "geometry": { "type": "Point", "coordinates": [ -86.54371521774037, 30.45353729470564 ] } },
{ "type": "Feature", "properties": { "OBJECTID": 344, "CMP_ID": "CMP14-535", "FACILITY_TYPE": "Marina", "FACILITY_NAME": "Florida Gulf Coast University Vester Marine Laboratory", "ADDRESS": "5164 Bonita Beach Road SW", "CITY": "Bonita Springs", "ZIP": "34134", "COUNTY": "Lee", "WEBSITE": null, "WET_SLIPS": null, "DRY_STORAGE": null, "PUMPOUT_TYPE": null, "LAT_DD": 26.33075517, "LONG_DD": -81.83760537000001, "WATERBODY": "Little Hickory Bay", "MOORING_LINES": null, "PUMPOUT": null, "CREATED_USER": null, "CREATED_DATE": null, "LAST_EDITED_USER": null, "LAST_EDITED_DATE": null, "LAND_OWNERSHIP_TYPE": null, "PUBLIC_OWNERSHIP_TYPE": null, "PHONE": null }, "geometry": { "type": "Point", "coordinates": [ -81.837608546437011, 26.330759960893708 ] } }
]
}
