{"type":"FeatureCollection","crs":{"type":"name","properties":{"name":"EPSG:4326"}},"features":[{"type":"Feature","id":1,"geometry":{"type":"Point","coordinates":[-82.2717258569985,29.6787387338045]},"properties":{"OBJECTID_1":1,"OBJECTID":1,"Name":"NORTH FLORIDA JUVENILE DETENTION CENTER","Address":"3436 NE 39TH AVE","City":"GAINESVILLE","Zip":"32609","COUNTY":"Alachua","X":-82.27172586,"Y":29.67873873,"LONGLAT":"-82.27172586,29.67873873","USNG":"17R LN 76946 83864","OWNERSHIP":"STATE","PARCELID":"08184 000 000","FACILITY_T":"JUVENILE CORRECTIONAL INSTITUTION","Asset_Elevation":null,"Owned_Maintained":"STATE","Asset":"JUVENILE CORRECTIONAL INSTITUTION","Asset_Sub_Type":null,"Asset_Type":"Correctional Facilities","Asset_Group":"Critical Community and Emergency Facilities","Asset_Relevancy":"Locally Significant","Asset_ID":"CF_PT_1","Municipality":"Gainesville","Water_Management_District":"St. Johns River Water Management District","Souce_Dataset_Entity":"FDEM","Souce_Dataset_Name":"Correctional Facilities - FDEM","Source_Asset_ID":null,"Restricted_Public_Disclosure":null,"Notes":null,"Regional_Planning_Council":"North Central Florida","FDEP_Regulatory_District":"Northeast District","RCP_Region":"Northwest","FDOT_District":2,"House_District_Number":21,"Senate_District_Number":6,"CTF_RL_2020":"Not Affected","CTF_RL_2040_IL":"Not Affected","CTF_RL_2040_INT":"Not Affected","CTF_RL_2070_IL":"Not Affected","CTF_RL_2070_INT":"Not Affected","SSF_RL_100YR_CURR":"Not Affected","SSF_RL_100YR_2040_IL":"Not Affected","SSF_RL_100YR_2040_INT":"Not Affected","SSF_RL_100YR_2070_IL":"Not Affected","SSF_RL_100YR_2070_INT":"Not Affected","SSF_RL_500YR_CURR":"Not Affected","SSF_RL_500YR_2040_IL":"Not Affected","SSF_RL_500YR_2040_INT":"Not Affected","SSF_RL_500YR_2070_IL":"Not Affected","SSF_RL_500YR_2070_INT":"Not Affected","RIF_RL_100YR_2020":"Not Affected","RIF_RL_100YR_2040":"Not Affected","RIF_RL_100YR_2070":"Not Affected","RIF_RL_500YR_2020":"Not Affected","RIF_RL_500YR_2040":"Not Affected","RIF_RL_500YR_2070":"Not Affected"}},{"type":"Feature","id":2,"geometry":{"type":"Point","coordinates":[-82.2596583486445,29.6568291084227]},"properties":{"OBJECTID_1":2,"OBJECTID":2,"Name":"GAINESVILLE STATE WORK CAMP","Address":"1000 NE 55TH BLVD","City":"GAINESVILLE","Zip":"32641","COUNTY":"Alachua","X":-82.25965835,"Y":29.65682911,"LONGLAT":"-82.25965835,29.65682911","USNG":"17R LN 78087 81423","OWNERSHIP":" ","PARCELID":"10885 000 000","FACILITY_T":"LOCAL CORRECTIONAL INSTITUTION","Asset_Elevation":null,"Owned_Maintained":" ","Asset":"LOCAL CORRECTIONAL INSTITUTION","Asset_Sub_Type":null,"Asset_Type":"Correctional Facilities","Asset_Group":"Critical Community and Emergency Facilities","Asset_Relevancy":"Locally Significant","Asset_ID":"CF_PT_2","Municipality":null,"Water_Management_District":"St. Johns River Water Management District","Souce_Dataset_Entity":"FDEM","Souce_Dataset_Name":"Correctional Facilities - FDEM","Source_Asset_ID":null,"Restricted_Public_Disclosure":null,"Notes":null,"Regional_Planning_Council":"North Central Florida","FDEP_Regulatory_District":"Northeast District","RCP_Region":"Northwest","FDOT_District":2,"House_District_Number":21,"Senate_District_Number":9,"CTF_RL_2020":"Not Affected","CTF_RL_2040_IL":"Not Affected","CTF_RL_2040_INT":"Not Affected","CTF_RL_2070_IL":"Not Affected","CTF_RL_2070_INT":"Not Affected","SSF_RL_100YR_CURR":"Not Affected","SSF_RL_100YR_2040_IL":"Not Affected","SSF_RL_100YR_2040_INT":"Not Affected","SSF_RL_100YR_2070_IL":"Not Affected","SSF_RL_100YR_2070_INT":"Not Affected","SSF_RL_500YR_CURR":"Not Affected","SSF_RL_500YR_2040_IL":"Not Affected","SSF_RL_500YR_2040_INT":"Not Affected","SSF_RL_500YR_2070_IL":"Not Affected","SSF_RL_500YR_2070_INT":"Not Affected","RIF_RL_100YR_2020":"Not Affected","RIF_RL_100YR_2040":"Not Affected","RIF_RL_100YR_2070":"Not Affected","RIF_RL_500YR_2020":"Not Affected","RIF_RL_500YR_2040":"Not Affected","RIF_RL_500YR_2070":"Not Affected"}},{"type":"Feature","id":3,"geometry":{"type":"Point","coordinates":[-82.2814087769047,29.680030657812]},"properties":{"OBJECTID_1":3,"OBJECTID":3,"Name":"ALACHUA COUNTY WORK RELEASE CENTER","Address":"3371 NE 39TH AVE","City":"GAINESVILLE","Zip":"32609","COUNTY":"Alachua","X":-82.28140878,"Y":29.68003066,"LONGLAT":"-82.28140878,29.68003066","USNG":"17R LN 76011 84017","OWNERSHIP":"STATE","PARCELID":"08191 001 000","FACILITY_T":"LOCAL CORRECTIONAL INSTITUTION","Asset_Elevation":null,"Owned_Maintained":"STATE","Asset":"LOCAL CORRECTIONAL INSTITUTION","Asset_Sub_Type":null,"Asset_Type":"Correctional Facilities","Asset_Group":"Critical Community and Emergency Facilities","Asset_Relevancy":"Locally Significant","Asset_ID":"CF_PT_3","Municipality":"Gainesville","Water_Management_District":"St. Johns River Water Management District","Souce_Dataset_Entity":"FDEM","Souce_Dataset_Name":"Correctional Facilities - FDEM","Source_Asset_ID":null,"Restricted_Public_Disclosure":null,"Notes":null,"Regional_Planning_Council":"North Central Florida","FDEP_Regulatory_District":"Northeast District","RCP_Region":"Northwest","FDOT_District":2,"House_District_Number":21,"Senate_District_Number":9,"CTF_RL_2020":"Not Affected","CTF_RL_2040_IL":"Not Affected","CTF_RL_2040_INT":"Not Affected","CTF_RL_2070_IL":"Not Affected","CTF_RL_2070_INT":"Not Affected","SSF_RL_100YR_CURR":"Not Affected","SSF_RL_100YR_2040_IL":"Not Affected","SSF_RL_100YR_2040_INT":"Not Affected","SSF_RL_100YR_2070_IL":"Not Affected","SSF_RL_100YR_2070_INT":"Not Affected","SSF_RL_500YR_CURR":"Not Affected","SSF_RL_500YR_2040_IL":"Not Affected","SSF_RL_500YR_2040_INT":"Not Affected","SSF_RL_500YR_2070_IL":"Not Affected","SSF_RL_500YR_2070_INT":"Not Affected","RIF_RL_100YR_2020":"Not Affected","RIF_RL_100YR_2040":"Not Affected","RIF_RL_100YR_2070":"Not Affected","RIF_RL_500YR_2020":"Not Affected","RIF_RL_500YR_2040":"Not Affected","RIF_RL_500YR_2070":"Not Affected"}},{"type":"Feature","id":4,"geometry":{"type":"Point","coordinates":[-82.2787231399971,29.67800753821]},"properties":{"OBJECTID_1":4,"OBJECTID":4,"Name":"ALACHUA COUNTY JAIL","Address":"3333 NE 39TH AVE","City":"GAINESVILLE","Zip":"32609","COUNTY":"Alachua","X":-82.27872314,"Y":29.67800754,"LONGLAT":"-82.27872314,29.67800754","USNG":"17R LN 76268 83790","OWNERSHIP":" ","PARCELID":"08191 002 000","FACILITY_T":"LOCAL CORRECTIONAL INSTITUTION","Asset_Elevation":null,"Owned_Maintained":" ","Asset":"LOCAL CORRECTIONAL INSTITUTION","Asset_Sub_Type":null,"Asset_Type":"Correctional Facilities","Asset_Group":"Critical Community and Emergency Facilities","Asset_Relevancy":"Locally Significant","Asset_ID":"CF_PT_4","Municipality":"Gainesville","Water_Management_District":"St. Johns River Water Management District","Souce_Dataset_Entity":"FDEM","Souce_Dataset_Name":"Correctional Facilities - FDEM","Source_Asset_ID":null,"Restricted_Public_Disclosure":null,"Notes":null,"Regional_Planning_Council":"North Central Florida","FDEP_Regulatory_District":"Northeast District","RCP_Region":"Northwest","FDOT_District":2,"House_District_Number":21,"Senate_District_Number":9,"CTF_RL_2020":"Not Affected","CTF_RL_2040_IL":"Not Affected","CTF_RL_2040_INT":"Not Affected","CTF_RL_2070_IL":"Not Affected","CTF_RL_2070_INT":"Not Affected","SSF_RL_100YR_CURR":"Not Affected","SSF_RL_100YR_2040_IL":"Not Affected","SSF_RL_100YR_2040_INT":"Not Affected","SSF_RL_100YR_2070_IL":"Not Affected","SSF_RL_100YR_2070_INT":"Not Affected","SSF_RL_500YR_CURR":"Not Affected","SSF_RL_500YR_2040_IL":"Not Affected","SSF_RL_500YR_2040_INT":"Not Affected","SSF_RL_500YR_2070_IL":"Not Affected","SSF_RL_500YR_2070_INT":"Not Affected","RIF_RL_100YR_2020":"Not Affected","RIF_RL_100YR_2040":"Not Affected","RIF_RL_100YR_2070":"Not Affected","RIF_RL_500YR_2020":"Not Affected","RIF_RL_500YR_2040":"Not Affected","RIF_RL_500YR_2070":"Not Affected"}},{"type":"Feature","id":5,"geometry":{"type":"Point","coordinates":[-82.2870530695555,29.6798791996785]},"properties":{"OBJECTID_1":5,"OBJECTID":5,"Name":"GAINESVILLE CORRECTIONAL INSTITUTION","Address":"2845 NE 39TH AVE","City":"GAINESVILLE","Zip":"32609","COUNTY":"Alachua","X":-82.28705307,"Y":29.6798792,"LONGLAT":"-82.28705307,29.67987920","USNG":"17R LN 75464 84006","OWNERSHIP":"STATE","PARCELID":"08197 000 000","FACILITY_T":"LOCAL CORRECTIONAL INSTITUTION","Asset_Elevation":null,"Owned_Maintained":"STATE","Asset":"LOCAL CORRECTIONAL INSTITUTION","Asset_Sub_Type":null,"Asset_Type":"Correctional Facilities","Asset_Group":"Critical Community and Emergency Facilities","Asset_Relevancy":"Locally Significant","Asset_ID":"CF_PT_5","Municipality":"Gainesville","Water_Management_District":"St. Johns River Water Management District","Souce_Dataset_Entity":"FDEM","Souce_Dataset_Name":"Correctional Facilities - FDEM","Source_Asset_ID":null,"Restricted_Public_Disclosure":null,"Notes":null,"Regional_Planning_Council":"North Central Florida","FDEP_Regulatory_District":"Northeast District","RCP_Region":"Northwest","FDOT_District":2,"House_District_Number":21,"Senate_District_Number":9,"CTF_RL_2020":"Not Affected","CTF_RL_2040_IL":"Not Affected","CTF_RL_2040_INT":"Not Affected","CTF_RL_2070_IL":"Not Affected","CTF_RL_2070_INT":"Not Affected","SSF_RL_100YR_CURR":"Not Affected","SSF_RL_100YR_2040_IL":"Not Affected","SSF_RL_100YR_2040_INT":"Not Affected","SSF_RL_100YR_2070_IL":"Not Affected","SSF_RL_100YR_2070_INT":"Not Affected","SSF_RL_500YR_CURR":"Not Affected","SSF_RL_500YR_2040_IL":"Not Affected","SSF_RL_500YR_2040_INT":"Not Affected","SSF_RL_500YR_2070_IL":"Not Affected","SSF_RL_500YR_2070_INT":"Not Affected","RIF_RL_100YR_2020":"Not Affected","RIF_RL_100YR_2040":"Not Affected","RIF_RL_100YR_2070":"Not Affected","RIF_RL_500YR_2020":"Not Affected","RIF_RL_500YR_2040":"Not Affected","RIF_RL_500YR_2070":"Not Affected"}},{"type":"Feature","id":6,"geometry":{"type":"Point","coordinates":[-82.271905214438,29.6802439916371]},"properties":{"OBJECTID_1":6,"OBJECTID":6,"Name":"ALACHUA HALFWAY HOUSE","Address":"3430 NE 39TH AVE","City":"GAINESVILLE","Zip":"32609","COUNTY":"Alachua","X":-82.27190521,"Y":29.68024399,"LONGLAT":"-82.27190521,29.68024399","USNG":"17R LN 76931 84031","OWNERSHIP":" ","PARCELID":"08184 000 000","FACILITY_T":"LOCAL CORRECTIONAL INSTITUTION","Asset_Elevation":null,"Owned_Maintained":" ","Asset":"LOCAL CORRECTIONAL INSTITUTION","Asset_Sub_Type":null,"Asset_Type":"Correctional Facilities","Asset_Group":"Critical Community and Emergency Facilities","Asset_Relevancy":"Locally Significant","Asset_ID":"CF_PT_6","Municipality":"Gainesville","Water_Management_District":"St. Johns River Water Management District","Souce_Dataset_Entity":"FDEM","Souce_Dataset_Name":"Correctional Facilities - FDEM","Source_Asset_ID":null,"Restricted_Public_Disclosure":null,"Notes":null,"Regional_Planning_Council":"North Central Florida","FDEP_Regulatory_District":"Northeast District","RCP_Region":"Northwest","FDOT_District":2,"House_District_Number":21,"Senate_District_Number":6,"CTF_RL_2020":"Not Affected","CTF_RL_2040_IL":"Not Affected","CTF_RL_2040_INT":"Not Affected","CTF_RL_2070_IL":"Not Affected","CTF_RL_2070_INT":"Not Affected","SSF_RL_100YR_CURR":"Not Affected","SSF_RL_100YR_2040_IL":"Not Affected","SSF_RL_100YR_2040_INT":"Not Affected","SSF_RL_100YR_2070_IL":"Not Affected","SSF_RL_100YR_2070_INT":"Not Affected","SSF_RL_500YR_CURR":"Not Affected","SSF_RL_500YR_2040_IL":"Not Affected","SSF_RL_500YR_2040_INT":"Not Affected","SSF_RL_500YR_2070_IL":"Not Affected","SSF_RL_500YR_2070_INT":"Not Affected","RIF_RL_100YR_2020":"Not Affected","RIF_RL_100YR_2040":"Not Affected","RIF_RL_100YR_2070":"Not Affected","RIF_RL_500YR_2020":"Not Affected","RIF_RL_500YR_2040":"Not Affected","RIF_RL_500YR_2070":"Not Affected"}},{"type":"Feature","id":7,"geometry":{"type":"Point","coordinates":[-82.2864184213141,29.682481610992]},"properties":{"OBJECTID_1":7,"OBJECTID":7,"Name":"SANTA FE WORK RELEASE CENTER","Address":"2901 NE 39TH AVE","City":"GAINESVILLE","Zip":"32609","COUNTY":"Alachua","X":-82.28641842,"Y":29.68248161,"LONGLAT":"-82.28641842,29.68248161","USNG":"17R LN 75529 84294","OWNERSHIP":"STATE","PARCELID":"08191 000 000","FACILITY_T":"LOCAL CORRECTIONAL INSTITUTION","Asset_Elevation":null,"Owned_Maintained":"STATE","Asset":"LOCAL CORRECTIONAL INSTITUTION","Asset_Sub_Type":null,"Asset_Type":"Correctional Facilities","Asset_Group":"Critical Community and Emergency Facilities","Asset_Relevancy":"Locally Significant","Asset_ID":"CF_PT_7","Municipality":"Gainesville","Water_Management_District":"St. Johns River Water Management District","Souce_Dataset_Entity":"FDEM","Souce_Dataset_Name":"Correctional Facilities - FDEM","Source_Asset_ID":null,"Restricted_Public_Disclosure":null,"Notes":null,"Regional_Planning_Council":"North Central Florida","FDEP_Regulatory_District":"Northeast District","RCP_Region":"Northwest","FDOT_District":2,"House_District_Number":21,"Senate_District_Number":9,"CTF_RL_2020":"Not Affected","CTF_RL_2040_IL":"Not Affected","CTF_RL_2040_INT":"Not Affected","CTF_RL_2070_IL":"Not Affected","CTF_RL_2070_INT":"Not Affected","SSF_RL_100YR_CURR":"Not Affected","SSF_RL_100YR_2040_IL":"Not Affected","SSF_RL_100YR_2040_INT":"Not Affected","SSF_RL_100YR_2070_IL":"Not Affected","SSF_RL_100YR_2070_INT":"Not Affected","SSF_RL_500YR_CURR":"Not Affected","SSF_RL_500YR_2040_IL":"Not Affected","SSF_RL_500YR_2040_INT":"Not Affected","SSF_RL_500YR_2070_IL":"Not Affected","SSF_RL_500YR_2070_INT":"Not Affected","RIF_RL_100YR_2020":"Not Affected","RIF_RL_100YR_2040":"Not Affected","RIF_RL_100YR_2070":"Not Affected","RIF_RL_500YR_2020":"Not Affected","RIF_RL_500YR_2040":"Not Affected","RIF_RL_500YR_2070":"Not Affected"}},{"type":"Feature","id":8,"geometry":{"type":"Point","coordinates":[-82.3801495697715,30.2115509783367]},"properties":{"OBJECTID_1":8,"OBJECTID":8,"Name":"BAKER WORK CAMP","Address":"20706 US-90","City":"SANDERSON","Zip":"32087","COUNTY":"Baker","X":-82.38014957,"Y":30.21155098,"LONGLAT":"-82.38014957,30.21155098","USNG":"17R LP 67164 43032","OWNERSHIP":" ","PARCELID":"243S19000000000011","FACILITY_T":"LOCAL CORRECTIONAL INSTITUTION","Asset_Elevation":null,"Owned_Maintained":" ","Asset":"LOCAL CORRECTIONAL INSTITUTION","Asset_Sub_Type":null,"Asset_Type":"Correctional Facilities","Asset_Group":"Critical Community and Emergency Facilities","Asset_Relevancy":"Locally Significant","Asset_ID":"CF_PT_8","Municipality":null,"Water_Management_District":"Suwannee River Water Management District","Souce_Dataset_Entity":"FDEM","Souce_Dataset_Name":"Correctional Facilities - FDEM","Source_Asset_ID":null,"Restricted_Public_Disclosure":null,"Notes":null,"Regional_Planning_Council":"Northeast Florida","FDEP_Regulatory_District":"Northeast District","RCP_Region":"Northwest","FDOT_District":2,"House_District_Number":10,"Senate_District_Number":6,"CTF_RL_2020":"Not Affected","CTF_RL_2040_IL":"Not Affected","CTF_RL_2040_INT":"Not Affected","CTF_RL_2070_IL":"Not Affected","CTF_RL_2070_INT":"Not Affected","SSF_RL_100YR_CURR":"Not Affected","SSF_RL_100YR_2040_IL":"Not Affected","SSF_RL_100YR_2040_INT":"Not Affected","SSF_RL_100YR_2070_IL":"Not Affected","SSF_RL_100YR_2070_INT":"Not Affected","SSF_RL_500YR_CURR":"Not Affected","SSF_RL_500YR_2040_IL":"Not Affected","SSF_RL_500YR_2040_INT":"Not Affected","SSF_RL_500YR_2070_IL":"Not Affected","SSF_RL_500YR_2070_INT":"Not Affected","RIF_RL_100YR_2020":"Not Affected","RIF_RL_100YR_2040":"Not Affected","RIF_RL_100YR_2070":"Not Affected","RIF_RL_500YR_2020":"Low","RIF_RL_500YR_2040":"Medium","RIF_RL_500YR_2070":"Medium"}},{"type":"Feature","id":9,"geometry":{"type":"Point","coordinates":[-82.3750377118336,30.2136067605043]},"properties":{"OBJECTID_1":9,"OBJECTID":9,"Name":"BAKER CORRECTIONAL INSTITUTION","Address":"21104 US HWY 90 E","City":"SANDERSON","Zip":"32087","COUNTY":"Baker","X":-82.37503771,"Y":30.21360676,"LONGLAT":"-82.37503771,30.21360676","USNG":"17R LP 67659 43254","OWNERSHIP":" ","PARCELID":"243S19000000000020","FACILITY_T":"LOCAL CORRECTIONAL INSTITUTION","Asset_Elevation":null,"Owned_Maintained":" ","Asset":"LOCAL CORRECTIONAL INSTITUTION","Asset_Sub_Type":null,"Asset_Type":"Correctional Facilities","Asset_Group":"Critical Community and Emergency Facilities","Asset_Relevancy":"Locally Significant","Asset_ID":"CF_PT_9","Municipality":null,"Water_Management_District":"Suwannee River Water Management District","Souce_Dataset_Entity":"FDEM","Souce_Dataset_Name":"Correctional Facilities - FDEM","Source_Asset_ID":null,"Restricted_Public_Disclosure":null,"Notes":null,"Regional_Planning_Council":"Northeast Florida","FDEP_Regulatory_District":"Northeast District","RCP_Region":"Northwest","FDOT_District":2,"House_District_Number":10,"Senate_District_Number":6,"CTF_RL_2020":"Not Affected","CTF_RL_2040_IL":"Not Affected","CTF_RL_2040_INT":"Not Affected","CTF_RL_2070_IL":"Not Affected","CTF_RL_2070_INT":"Not Affected","SSF_RL_100YR_CURR":"Not Affected","SSF_RL_100YR_2040_IL":"Not Affected","SSF_RL_100YR_2040_INT":"Not Affected","SSF_RL_100YR_2070_IL":"Not Affected","SSF_RL_100YR_2070_INT":"Not Affected","SSF_RL_500YR_CURR":"Not Affected","SSF_RL_500YR_2040_IL":"Not Affected","SSF_RL_500YR_2040_INT":"Not Affected","SSF_RL_500YR_2070_IL":"Not Affected","SSF_RL_500YR_2070_INT":"Not Affected","RIF_RL_100YR_2020":"Not Affected","RIF_RL_100YR_2040":"Not Affected","RIF_RL_100YR_2070":"Not Affected","RIF_RL_500YR_2020":"Not Affected","RIF_RL_500YR_2040":"Not Affected","RIF_RL_500YR_2070":"Not Affected"}},{"type":"Feature","id":10,"geometry":{"type":"Point","coordinates":[-82.1216504950678,30.2959686411118]},"properties":{"OBJECTID_1":10,"OBJECTID":10,"Name":"BAKER COUNTY JAIL","Address":"1 SHERIFF'S OFFICE DR","City":"MACCLENNY","Zip":"32063","COUNTY":"Baker","X":-82.1216505,"Y":30.29596864,"LONGLAT":"-82.12165050,30.29596864","USNG":"17R LP 92138 52114","OWNERSHIP":"COUNTY","PARCELID":"312S22000000000387","FACILITY_T":"LOCAL CORRECTIONAL INSTITUTION","Asset_Elevation":null,"Owned_Maintained":"COUNTY","Asset":"LOCAL CORRECTIONAL INSTITUTION","Asset_Sub_Type":null,"Asset_Type":"Correctional Facilities","Asset_Group":"Critical Community and Emergency Facilities","Asset_Relevancy":"Locally Significant","Asset_ID":"CF_PT_10","Municipality":"Macclenny","Water_Management_District":"St. Johns River Water Management District","Souce_Dataset_Entity":"FDEM","Souce_Dataset_Name":"Correctional Facilities - FDEM","Source_Asset_ID":null,"Restricted_Public_Disclosure":null,"Notes":null,"Regional_Planning_Council":"Northeast Florida","FDEP_Regulatory_District":"Northeast District","RCP_Region":"Northwest","FDOT_District":2,"House_District_Number":10,"Senate_District_Number":6,"CTF_RL_2020":"Not Affected","CTF_RL_2040_IL":"Not Affected","CTF_RL_2040_INT":"Not Affected","CTF_RL_2070_IL":"Not Affected","CTF_RL_2070_INT":"Not Affected","SSF_RL_100YR_CURR":"Not Affected","SSF_RL_100YR_2040_IL":"Not Affected","SSF_RL_100YR_2040_INT":"Not Affected","SSF_RL_100YR_2070_IL":"Not Affected","SSF_RL_100YR_2070_INT":"Not Affected","SSF_RL_500YR_CURR":"Not Affected","SSF_RL_500YR_2040_IL":"Not Affected","SSF_RL_500YR_2040_INT":"Not Affected","SSF_RL_500YR_2070_IL":"Not Affected","SSF_RL_500YR_2070_INT":"Not Affected","RIF_RL_100YR_2020":"Not Affected","RIF_RL_100YR_2040":"Not Affected","RIF_RL_100YR_2070":"Not Affected","RIF_RL_500YR_2020":"Not Affected","RIF_RL_500YR_2040":"Not Affected","RIF_RL_500YR_2070":"Not Affected"}},{"type":"Feature","id":11,"geometry":{"type":"Point","coordinates":[-85.6720916600898,30.2139193000355]},"properties":{"OBJECTID_1":11,"OBJECTID":11,"Name":"PANAMA CITY COMMUNITY CORRECTIONS WORK RELEASE CENTER","Address":"3609 W HIGHWAY 390","City":"PANAMA CITY","Zip":"32405","COUNTY":"Bay","X":-85.67209166,"Y":30.2139193,"LONGLAT":"-85.67209166,30.21391930","USNG":"16R FU 27803 43235","OWNERSHIP":"STATE","PARCELID":"11774-000-000","FACILITY_T":"LOCAL CORRECTIONAL INSTITUTION","Asset_Elevation":null,"Owned_Maintained":"STATE","Asset":"LOCAL CORRECTIONAL INSTITUTION","Asset_Sub_Type":null,"Asset_Type":"Correctional Facilities","Asset_Group":"Critical Community and Emergency Facilities","Asset_Relevancy":"Locally Significant","Asset_ID":"CF_PT_11","Municipality":"Panama City","Water_Management_District":"Northwest Florida Water Management District","Souce_Dataset_Entity":"FDEM","Souce_Dataset_Name":"Correctional Facilities - FDEM","Source_Asset_ID":null,"Restricted_Public_Disclosure":null,"Notes":null,"Regional_Planning_Council":"Emerald Coast","FDEP_Regulatory_District":"Northwest District","RCP_Region":"Northwest","FDOT_District":3,"House_District_Number":6,"Senate_District_Number":2,"CTF_RL_2020":"Not Affected","CTF_RL_2040_IL":"Not Affected","CTF_RL_2040_INT":"Not Affected","CTF_RL_2070_IL":"Not Affected","CTF_RL_2070_INT":"Not Affected","SSF_RL_100YR_CURR":"Not Affected","SSF_RL_100YR_2040_IL":"Not Affected","SSF_RL_100YR_2040_INT":"Not Affected","SSF_RL_100YR_2070_IL":"Not Affected","SSF_RL_100YR_2070_INT":"Not Affected","SSF_RL_500YR_CURR":"Not Affected","SSF_RL_500YR_2040_IL":"Not Affected","SSF_RL_500YR_2040_INT":"Not Affected","SSF_RL_500YR_2070_IL":"Not Affected","SSF_RL_500YR_2070_INT":"Not Affected","RIF_RL_100YR_2020":"Not Affected","RIF_RL_100YR_2040":"Not Affected","RIF_RL_100YR_2070":"Not Affected","RIF_RL_500YR_2020":"Not Affected","RIF_RL_500YR_2040":"Not Affected","RIF_RL_500YR_2070":"Not Affected"}},{"type":"Feature","id":12,"geometry":{"type":"Point","coordinates":[-85.6538734511458,30.1672788208255]},"properties":{"OBJECTID_1":12,"OBJECTID":12,"Name":"BAY COUNTY SHERIFF'S BOOT CAMP","Address":"456 E 11TH ST","City":"PANAMA CITY","Zip":"32401","COUNTY":"Bay","X":-85.65387345,"Y":30.16727882,"LONGLAT":"-85.65387345,30.16727882","USNG":"16R FU 29618 38086","OWNERSHIP":"COUNTY","PARCELID":"16674-000-000","FACILITY_T":"LOCAL CORRECTIONAL INSTITUTION","Asset_Elevation":null,"Owned_Maintained":"COUNTY","Asset":"LOCAL CORRECTIONAL INSTITUTION","Asset_Sub_Type":null,"Asset_Type":"Correctional Facilities","Asset_Group":"Critical Community and Emergency Facilities","Asset_Relevancy":"Locally Significant","Asset_ID":"CF_PT_12","Municipality":"Panama City","Water_Management_District":"Northwest Florida Water Management District","Souce_Dataset_Entity":"FDEM","Souce_Dataset_Name":"Correctional Facilities - FDEM","Source_Asset_ID":null,"Restricted_Public_Disclosure":null,"Notes":null,"Regional_Planning_Council":"Emerald Coast","FDEP_Regulatory_District":"Northwest District","RCP_Region":"Northwest","FDOT_District":3,"House_District_Number":6,"Senate_District_Number":2,"CTF_RL_2020":"Not Affected","CTF_RL_2040_IL":"Not Affected","CTF_RL_2040_INT":"Not Affected","CTF_RL_2070_IL":"Not Affected","CTF_RL_2070_INT":"Not Affected","SSF_RL_100YR_CURR":"Not Affected","SSF_RL_100YR_2040_IL":"Not Affected","SSF_RL_100YR_2040_INT":"Not Affected","SSF_RL_100YR_2070_IL":"Not Affected","SSF_RL_100YR_2070_INT":"Not Affected","SSF_RL_500YR_CURR":"Not Affected","SSF_RL_500YR_2040_IL":"Not Affected","SSF_RL_500YR_2040_INT":"Not Affected","SSF_RL_500YR_2070_IL":"Not Affected","SSF_RL_500YR_2070_INT":"Not Affected","RIF_RL_100YR_2020":"Not Affected","RIF_RL_100YR_2040":"Not Affected","RIF_RL_100YR_2070":"Not Affected","RIF_RL_500YR_2020":"Not Affected","RIF_RL_500YR_2040":"Not Affected","RIF_RL_500YR_2070":"Not Affected"}},{"type":"Feature","id":13,"geometry":{"type":"Point","coordinates":[-85.5620865101955,30.2262173106259]},"properties":{"OBJECTID_1":13,"OBJECTID":13,"Name":"BAY COUNTY DETENTION ANNEX","Address":"5600 NEHI RD","City":"PANAMA CITY","Zip":"32404","COUNTY":"Bay","X":-85.56208651,"Y":30.22621731,"LONGLAT":"-85.56208651,30.22621731","USNG":"16R FU 38375 44726","OWNERSHIP":"COUNTY","PARCELID":"05908-000-000","FACILITY_T":"LOCAL CORRECTIONAL INSTITUTION","Asset_Elevation":null,"Owned_Maintained":"COUNTY","Asset":"LOCAL CORRECTIONAL INSTITUTION","Asset_Sub_Type":null,"Asset_Type":"Correctional Facilities","Asset_Group":"Critical Community and Emergency Facilities","Asset_Relevancy":"Locally Significant","Asset_ID":"CF_PT_13","Municipality":null,"Water_Management_District":"Northwest Florida Water Management District","Souce_Dataset_Entity":"FDEM","Souce_Dataset_Name":"Correctional Facilities - FDEM","Source_Asset_ID":null,"Restricted_Public_Disclosure":null,"Notes":null,"Regional_Planning_Council":"Emerald Coast","FDEP_Regulatory_District":"Northwest District","RCP_Region":"Northwest","FDOT_District":3,"House_District_Number":6,"Senate_District_Number":2,"CTF_RL_2020":"Not Affected","CTF_RL_2040_IL":"Not Affected","CTF_RL_2040_INT":"Not Affected","CTF_RL_2070_IL":"Not Affected","CTF_RL_2070_INT":"Not Affected","SSF_RL_100YR_CURR":"Not Affected","SSF_RL_100YR_2040_IL":"Not Affected","SSF_RL_100YR_2040_INT":"Not Affected","SSF_RL_100YR_2070_IL":"Not Affected","SSF_RL_100YR_2070_INT":"Not Affected","SSF_RL_500YR_CURR":"Not Affected","SSF_RL_500YR_2040_IL":"Not Affected","SSF_RL_500YR_2040_INT":"Not Affected","SSF_RL_500YR_2070_IL":"Not Affected","SSF_RL_500YR_2070_INT":"Not Affected","RIF_RL_100YR_2020":"Not Affected","RIF_RL_100YR_2040":"Not Affected","RIF_RL_100YR_2070":"Not Affected","RIF_RL_500YR_2020":"Not Affected","RIF_RL_500YR_2040":"Not Affected","RIF_RL_500YR_2070":"Not Affected"}},{"type":"Feature","id":14,"geometry":{"type":"Point","coordinates":[-85.6575739802512,30.1543330764056]},"properties":{"OBJECTID_1":14,"OBJECTID":14,"Name":"BAY COUNTY JAIL/SHERIFF DEPT","Address":"300 E 4TH ST","City":"PANAMA CITY","Zip":"32401","COUNTY":"Bay","X":-85.65757398,"Y":30.15433308,"LONGLAT":"-85.65757398,30.15433308","USNG":"16R FU 29278 36647","OWNERSHIP":"COUNTY","PARCELID":"19888-000-000","FACILITY_T":"LOCAL CORRECTIONAL INSTITUTION","Asset_Elevation":null,"Owned_Maintained":"COUNTY","Asset":"LOCAL CORRECTIONAL INSTITUTION","Asset_Sub_Type":null,"Asset_Type":"Correctional Facilities","Asset_Group":"Critical Community and Emergency Facilities","Asset_Relevancy":"Locally Significant","Asset_ID":"CF_PT_14","Municipality":"Panama City","Water_Management_District":"Northwest Florida Water Management District","Souce_Dataset_Entity":"FDEM","Souce_Dataset_Name":"Correctional Facilities - FDEM","Source_Asset_ID":null,"Restricted_Public_Disclosure":null,"Notes":null,"Regional_Planning_Council":"Emerald Coast","FDEP_Regulatory_District":"Northwest District","RCP_Region":"Northwest","FDOT_District":3,"House_District_Number":6,"Senate_District_Number":2,"CTF_RL_2020":"Not Affected","CTF_RL_2040_IL":"Not Affected","CTF_RL_2040_INT":"Not Affected","CTF_RL_2070_IL":"Not Affected","CTF_RL_2070_INT":"Not Affected","SSF_RL_100YR_CURR":"Not Affected","SSF_RL_100YR_2040_IL":"Not Affected","SSF_RL_100YR_2040_INT":"Not Affected","SSF_RL_100YR_2070_IL":"Not Affected","SSF_RL_100YR_2070_INT":"Not Affected","SSF_RL_500YR_CURR":"Not Affected","SSF_RL_500YR_2040_IL":"Not Affected","SSF_RL_500YR_2040_INT":"Not Affected","SSF_RL_500YR_2070_IL":"Not Affected","SSF_RL_500YR_2070_INT":"Not Affected","RIF_RL_100YR_2020":"Not Affected","RIF_RL_100YR_2040":"Not Affected","RIF_RL_100YR_2070":"Not Affected","RIF_RL_500YR_2020":"Not Affected","RIF_RL_500YR_2040":"Not Affected","RIF_RL_500YR_2070":"Not Affected"}},{"type":"Feature","id":15,"geometry":{"type":"Point","coordinates":[-85.4320796015762,30.4604677047024]},"properties":{"OBJECTID_1":15,"OBJECTID":15,"Name":"FLORIDA DEPARTMENT OF JUVENILE JUSTICE NORTH REGION - HOPE PROGRAM","Address":"11712 VANDOREN LN","City":"FOUNTAIN","Zip":"32438","COUNTY":"Bay","X":-85.4320796,"Y":30.46046771,"LONGLAT":"-85.43207960,30.46046771","USNG":"16R FU 50528 70854","OWNERSHIP":"STATE","PARCELID":"02691-030-000","FACILITY_T":"JUVENILE CORRECTIONAL INSTITUTION","Asset_Elevation":null,"Owned_Maintained":"STATE","Asset":"JUVENILE CORRECTIONAL INSTITUTION","Asset_Sub_Type":null,"Asset_Type":"Correctional Facilities","Asset_Group":"Critical Community and Emergency Facilities","Asset_Relevancy":"Locally Significant","Asset_ID":"CF_PT_15","Municipality":null,"Water_Management_District":"Northwest Florida Water Management District","Souce_Dataset_Entity":"FDEM","Souce_Dataset_Name":"Correctional Facilities - FDEM","Source_Asset_ID":null,"Restricted_Public_Disclosure":null,"Notes":null,"Regional_Planning_Council":"Emerald Coast","FDEP_Regulatory_District":"Northwest District","RCP_Region":"Northwest","FDOT_District":3,"House_District_Number":6,"Senate_District_Number":2,"CTF_RL_2020":"Not Affected","CTF_RL_2040_IL":"Not Affected","CTF_RL_2040_INT":"Not Affected","CTF_RL_2070_IL":"Not Affected","CTF_RL_2070_INT":"Not Affected","SSF_RL_100YR_CURR":"Not Affected","SSF_RL_100YR_2040_IL":"Not Affected","SSF_RL_100YR_2040_INT":"Not Affected","SSF_RL_100YR_2070_IL":"Not Affected","SSF_RL_100YR_2070_INT":"Not Affected","SSF_RL_500YR_CURR":"Not Affected","SSF_RL_500YR_2040_IL":"Not Affected","SSF_RL_500YR_2040_INT":"Not Affected","SSF_RL_500YR_2070_IL":"Not Affected","SSF_RL_500YR_2070_INT":"Not Affected","RIF_RL_100YR_2020":"Not Affected","RIF_RL_100YR_2040":"Not Affected","RIF_RL_100YR_2070":"Not Affected","RIF_RL_500YR_2020":"Not Affected","RIF_RL_500YR_2040":"Not Affected","RIF_RL_500YR_2070":"Not Affected"}},{"type":"Feature","id":16,"geometry":{"type":"Point","coordinates":[-85.6546434022865,30.1673373465822]},"properties":{"OBJECTID_1":16,"OBJECTID":16,"Name":"BAY REGIONAL JUVENILE DETENTION CENTER","Address":"450 E 11TH ST","City":"PANAMA CITY","Zip":"32401","COUNTY":"Bay","X":-85.6546434,"Y":30.16733735,"LONGLAT":"-85.65464340,30.16733735","USNG":"16R FU 29544 38092","OWNERSHIP":"COUNTY","PARCELID":"16674-005-000","FACILITY_T":"JUVENILE CORRECTIONAL INSTITUTION","Asset_Elevation":null,"Owned_Maintained":"COUNTY","Asset":"JUVENILE CORRECTIONAL INSTITUTION","Asset_Sub_Type":null,"Asset_Type":"Correctional Facilities","Asset_Group":"Critical Community and Emergency Facilities","Asset_Relevancy":"Locally Significant","Asset_ID":"CF_PT_16","Municipality":"Panama City","Water_Management_District":"Northwest Florida Water Management District","Souce_Dataset_Entity":"FDEM","Souce_Dataset_Name":"Correctional Facilities - FDEM","Source_Asset_ID":null,"Restricted_Public_Disclosure":null,"Notes":null,"Regional_Planning_Council":"Emerald Coast","FDEP_Regulatory_District":"Northwest District","RCP_Region":"Northwest","FDOT_District":3,"House_District_Number":6,"Senate_District_Number":2,"CTF_RL_2020":"Not Affected","CTF_RL_2040_IL":"Not Affected","CTF_RL_2040_INT":"Not Affected","CTF_RL_2070_IL":"Not Affected","CTF_RL_2070_INT":"Not Affected","SSF_RL_100YR_CURR":"Not Affected","SSF_RL_100YR_2040_IL":"Not Affected","SSF_RL_100YR_2040_INT":"Not Affected","SSF_RL_100YR_2070_IL":"Not Affected","SSF_RL_100YR_2070_INT":"Not Affected","SSF_RL_500YR_CURR":"Not Affected","SSF_RL_500YR_2040_IL":"Not Affected","SSF_RL_500YR_2040_INT":"Not Affected","SSF_RL_500YR_2070_IL":"Not Affected","SSF_RL_500YR_2070_INT":"Not Affected","RIF_RL_100YR_2020":"Not Affected","RIF_RL_100YR_2040":"Not Affected","RIF_RL_100YR_2070":"Not Affected","RIF_RL_500YR_2020":"Not Affected","RIF_RL_500YR_2040":"Not Affected","RIF_RL_500YR_2070":"Not Affected"}},{"type":"Feature","id":17,"geometry":{"type":"Point","coordinates":[-85.5058836675722,30.2655892071988]},"properties":{"OBJECTID_1":17,"OBJECTID":17,"Name":"BAY CORRECTIONAL FACILITY","Address":"5400 BAYLINE DR","City":"PANAMA CITY","Zip":"32404","COUNTY":"Bay","X":-85.50588367,"Y":30.26558921,"LONGLAT":"-85.50588367,30.26558921","USNG":"16R FU 43726 49160","OWNERSHIP":"COUNTY","PARCELID":"05637-020-000","FACILITY_T":"LOCAL CORRECTIONAL INSTITUTION","Asset_Elevation":null,"Owned_Maintained":"COUNTY","Asset":"LOCAL CORRECTIONAL INSTITUTION","Asset_Sub_Type":null,"Asset_Type":"Correctional Facilities","Asset_Group":"Critical Community and Emergency Facilities","Asset_Relevancy":"Locally Significant","Asset_ID":"CF_PT_17","Municipality":null,"Water_Management_District":"Northwest Florida Water Management District","Souce_Dataset_Entity":"FDEM","Souce_Dataset_Name":"Correctional Facilities - FDEM","Source_Asset_ID":null,"Restricted_Public_Disclosure":null,"Notes":null,"Regional_Planning_Council":"Emerald Coast","FDEP_Regulatory_District":"Northwest District","RCP_Region":"Northwest","FDOT_District":3,"House_District_Number":6,"Senate_District_Number":2,"CTF_RL_2020":"Not Affected","CTF_RL_2040_IL":"Not Affected","CTF_RL_2040_INT":"Not Affected","CTF_RL_2070_IL":"Not Affected","CTF_RL_2070_INT":"Not Affected","SSF_RL_100YR_CURR":"Not Affected","SSF_RL_100YR_2040_IL":"Not Affected","SSF_RL_100YR_2040_INT":"Not Affected","SSF_RL_100YR_2070_IL":"Not Affected","SSF_RL_100YR_2070_INT":"Not Affected","SSF_RL_500YR_CURR":"Not Affected","SSF_RL_500YR_2040_IL":"Not Affected","SSF_RL_500YR_2040_INT":"Not Affected","SSF_RL_500YR_2070_IL":"Not Affected","SSF_RL_500YR_2070_INT":"Not Affected","RIF_RL_100YR_2020":"Not Affected","RIF_RL_100YR_2040":"Not Affected","RIF_RL_100YR_2070":"Not Affected","RIF_RL_500YR_2020":"Not Affected","RIF_RL_500YR_2040":"Not Affected","RIF_RL_500YR_2070":"Not Affected"}},{"type":"Feature","id":18,"geometry":{"type":"Point","coordinates":[-82.1864575516592,30.0567607503313]},"properties":{"OBJECTID_1":18,"OBJECTID":18,"Name":"FLORIDA DEPARTMENT OF CORRECTIONS REGION 2 - NEW RIVER CORRECTIONAL INSTITUTION - WEST UNIT","Address":"23688 NW 83RD AVE","City":"STARKE","Zip":"32091","COUNTY":"Bradford","X":-82.18645755,"Y":30.05676075,"LONGLAT":"-82.18645755,30.05676075","USNG":"17R LP 85629 25668","OWNERSHIP":" ","PARCELID":"00469-0-00300","FACILITY_T":"LOCAL CORRECTIONAL INSTITUTION","Asset_Elevation":null,"Owned_Maintained":" ","Asset":"LOCAL CORRECTIONAL INSTITUTION","Asset_Sub_Type":null,"Asset_Type":"Correctional Facilities","Asset_Group":"Critical Community and Emergency Facilities","Asset_Relevancy":"Locally Significant","Asset_ID":"CF_PT_18","Municipality":null,"Water_Management_District":"Suwannee River Water Management District","Souce_Dataset_Entity":"FDEM","Souce_Dataset_Name":"Correctional Facilities - FDEM","Source_Asset_ID":null,"Restricted_Public_Disclosure":null,"Notes":null,"Regional_Planning_Council":"North Central Florida","FDEP_Regulatory_District":"Northeast District","RCP_Region":"Northwest","FDOT_District":2,"House_District_Number":10,"Senate_District_Number":6,"CTF_RL_2020":"Not Affected","CTF_RL_2040_IL":"Not Affected","CTF_RL_2040_INT":"Not Affected","CTF_RL_2070_IL":"Not Affected","CTF_RL_2070_INT":"Not Affected","SSF_RL_100YR_CURR":"Not Affected","SSF_RL_100YR_2040_IL":"Not Affected","SSF_RL_100YR_2040_INT":"Not Affected","SSF_RL_100YR_2070_IL":"Not Affected","SSF_RL_100YR_2070_INT":"Not Affected","SSF_RL_500YR_CURR":"Not Affected","SSF_RL_500YR_2040_IL":"Not Affected","SSF_RL_500YR_2040_INT":"Not Affected","SSF_RL_500YR_2070_IL":"Not Affected","SSF_RL_500YR_2070_INT":"Not Affected","RIF_RL_100YR_2020":"Not Affected","RIF_RL_100YR_2040":"Not Affected","RIF_RL_100YR_2070":"Not Affected","RIF_RL_500YR_2020":"Not Affected","RIF_RL_500YR_2040":"Not Affected","RIF_RL_500YR_2070":"Not Affected"}},{"type":"Feature","id":19,"geometry":{"type":"Point","coordinates":[-82.1839423811648,30.0629105538147]},"properties":{"OBJECTID_1":19,"OBJECTID":19,"Name":"NEW RIVER \"O\" UNIT WORK CAMP","Address":"7819 NW 228TH ST","City":"STARKE","Zip":"32091","COUNTY":"Bradford","X":-82.18394238,"Y":30.06291055,"LONGLAT":"-82.18394238,30.06291055","USNG":"17R LP 85879 26347","OWNERSHIP":" ","PARCELID":"00469-0-00300","FACILITY_T":"LOCAL CORRECTIONAL INSTITUTION","Asset_Elevation":null,"Owned_Maintained":" ","Asset":"LOCAL CORRECTIONAL INSTITUTION","Asset_Sub_Type":null,"Asset_Type":"Correctional Facilities","Asset_Group":"Critical Community and Emergency Facilities","Asset_Relevancy":"Locally Significant","Asset_ID":"CF_PT_19","Municipality":null,"Water_Management_District":"Suwannee River Water Management District","Souce_Dataset_Entity":"FDEM","Souce_Dataset_Name":"Correctional Facilities - FDEM","Source_Asset_ID":null,"Restricted_Public_Disclosure":null,"Notes":null,"Regional_Planning_Council":"North Central Florida","FDEP_Regulatory_District":"Northeast District","RCP_Region":"Northwest","FDOT_District":2,"House_District_Number":10,"Senate_District_Number":6,"CTF_RL_2020":"Not Affected","CTF_RL_2040_IL":"Not Affected","CTF_RL_2040_INT":"Not Affected","CTF_RL_2070_IL":"Not Affected","CTF_RL_2070_INT":"Not Affected","SSF_RL_100YR_CURR":"Not Affected","SSF_RL_100YR_2040_IL":"Not Affected","SSF_RL_100YR_2040_INT":"Not Affected","SSF_RL_100YR_2070_IL":"Not Affected","SSF_RL_100YR_2070_INT":"Not Affected","SSF_RL_500YR_CURR":"Not Affected","SSF_RL_500YR_2040_IL":"Not Affected","SSF_RL_500YR_2040_INT":"Not Affected","SSF_RL_500YR_2070_IL":"Not Affected","SSF_RL_500YR_2070_INT":"Not Affected","RIF_RL_100YR_2020":"Not Affected","RIF_RL_100YR_2040":"Not Affected","RIF_RL_100YR_2070":"Not Affected","RIF_RL_500YR_2020":"Not Affected","RIF_RL_500YR_2040":"Not Affected","RIF_RL_500YR_2070":"Not Affected"}},{"type":"Feature","id":20,"geometry":{"type":"Point","coordinates":[-82.0722750753493,30.0333666904438]},"properties":{"OBJECTID_1":20,"OBJECTID":20,"Name":"LAWTEY CORRECTIONAL INSTITUTION","Address":"22298 NE COUNTY ROAD 200B","City":"LAWTEY","Zip":"32058","COUNTY":"Bradford","X":-82.07227508,"Y":30.03336669,"LONGLAT":"-82.07227508,30.03336669","USNG":"17R LP 96613 22966","OWNERSHIP":"STATE","PARCELID":"01702-0-00000","FACILITY_T":"LOCAL CORRECTIONAL INSTITUTION","Asset_Elevation":null,"Owned_Maintained":"STATE","Asset":"LOCAL CORRECTIONAL INSTITUTION","Asset_Sub_Type":null,"Asset_Type":"Correctional Facilities","Asset_Group":"Critical Community and Emergency Facilities","Asset_Relevancy":"Locally Significant","Asset_ID":"CF_PT_20","Municipality":null,"Water_Management_District":"Suwannee River Water Management District","Souce_Dataset_Entity":"FDEM","Souce_Dataset_Name":"Correctional Facilities - FDEM","Source_Asset_ID":null,"Restricted_Public_Disclosure":null,"Notes":null,"Regional_Planning_Council":"North Central Florida","FDEP_Regulatory_District":"Northeast District","RCP_Region":"Northwest","FDOT_District":2,"House_District_Number":10,"Senate_District_Number":6,"CTF_RL_2020":"Not Affected","CTF_RL_2040_IL":"Not Affected","CTF_RL_2040_INT":"Not Affected","CTF_RL_2070_IL":"Not Affected","CTF_RL_2070_INT":"Not Affected","SSF_RL_100YR_CURR":"Not Affected","SSF_RL_100YR_2040_IL":"Not Affected","SSF_RL_100YR_2040_INT":"Not Affected","SSF_RL_100YR_2070_IL":"Not Affected","SSF_RL_100YR_2070_INT":"Not Affected","SSF_RL_500YR_CURR":"Not Affected","SSF_RL_500YR_2040_IL":"Not Affected","SSF_RL_500YR_2040_INT":"Not Affected","SSF_RL_500YR_2070_IL":"Not Affected","SSF_RL_500YR_2070_INT":"Not Affected","RIF_RL_100YR_2020":"Not Affected","RIF_RL_100YR_2040":"Not Affected","RIF_RL_100YR_2070":"Not Affected","RIF_RL_500YR_2020":"Not Affected","RIF_RL_500YR_2040":"Low","RIF_RL_500YR_2070":"Low"}},{"type":"Feature","id":21,"geometry":{"type":"Point","coordinates":[-82.1844620429065,30.0587567510136]},"properties":{"OBJECTID_1":21,"OBJECTID":21,"Name":"FLORIDA STATE PRISON","Address":"7819 NW 228TH ST","City":"STARKE","Zip":"32091","COUNTY":"Bradford","X":-82.18446204,"Y":30.05875675,"LONGLAT":"-82.18446204,30.05875675","USNG":"17R LP 85824 25887","OWNERSHIP":"STATE","PARCELID":"00469-0-00300","FACILITY_T":"STATE CORRECTIONAL INSTITUTION","Asset_Elevation":null,"Owned_Maintained":"STATE","Asset":"STATE CORRECTIONAL INSTITUTION","Asset_Sub_Type":null,"Asset_Type":"Correctional Facilities","Asset_Group":"Critical Community and Emergency Facilities","Asset_Relevancy":"Locally Significant","Asset_ID":"CF_PT_21","Municipality":null,"Water_Management_District":"Suwannee River Water Management District","Souce_Dataset_Entity":"FDEM","Souce_Dataset_Name":"Correctional Facilities - FDEM","Source_Asset_ID":null,"Restricted_Public_Disclosure":null,"Notes":null,"Regional_Planning_Council":"North Central Florida","FDEP_Regulatory_District":"Northeast District","RCP_Region":"Northwest","FDOT_District":2,"House_District_Number":10,"Senate_District_Number":6,"CTF_RL_2020":"Not Affected","CTF_RL_2040_IL":"Not Affected","CTF_RL_2040_INT":"Not Affected","CTF_RL_2070_IL":"Not Affected","CTF_RL_2070_INT":"Not Affected","SSF_RL_100YR_CURR":"Not Affected","SSF_RL_100YR_2040_IL":"Not Affected","SSF_RL_100YR_2040_INT":"Not Affected","SSF_RL_100YR_2070_IL":"Not Affected","SSF_RL_100YR_2070_INT":"Not Affected","SSF_RL_500YR_CURR":"Not Affected","SSF_RL_500YR_2040_IL":"Not Affected","SSF_RL_500YR_2040_INT":"Not Affected","SSF_RL_500YR_2070_IL":"Not Affected","SSF_RL_500YR_2070_INT":"Not Affected","RIF_RL_100YR_2020":"Not Affected","RIF_RL_100YR_2040":"Not Affected","RIF_RL_100YR_2070":"Not Affected","RIF_RL_500YR_2020":"Not Affected","RIF_RL_500YR_2040":"Not Affected","RIF_RL_500YR_2070":"Not Affected"}},{"type":"Feature","id":22,"geometry":{"type":"Point","coordinates":[-82.0722750753493,30.0333666904438]},"properties":{"OBJECTID_1":22,"OBJECTID":22,"Name":"LAWTEY CORRECTIONAL INSTITUTION","Address":"22298 NE COUNTY ROAD 200B","City":"LAWTEY","Zip":"32058","COUNTY":"Bradford","X":-82.07227508,"Y":30.03336669,"LONGLAT":"-82.07227508,30.03336669","USNG":"17R LP 96613 22966","OWNERSHIP":"STATE","PARCELID":"01702-0-00000","FACILITY_T":"STATE CORRECTIONAL INSTITUTION","Asset_Elevation":null,"Owned_Maintained":"STATE","Asset":"STATE CORRECTIONAL INSTITUTION","Asset_Sub_Type":null,"Asset_Type":"Correctional Facilities","Asset_Group":"Critical Community and Emergency Facilities","Asset_Relevancy":"Locally Significant","Asset_ID":"CF_PT_22","Municipality":null,"Water_Management_District":"Suwannee River Water Management District","Souce_Dataset_Entity":"FDEM","Souce_Dataset_Name":"Correctional Facilities - FDEM","Source_Asset_ID":null,"Restricted_Public_Disclosure":null,"Notes":null,"Regional_Planning_Council":"North Central Florida","FDEP_Regulatory_District":"Northeast District","RCP_Region":"Northwest","FDOT_District":2,"House_District_Number":10,"Senate_District_Number":6,"CTF_RL_2020":"Not Affected","CTF_RL_2040_IL":"Not Affected","CTF_RL_2040_INT":"Not Affected","CTF_RL_2070_IL":"Not Affected","CTF_RL_2070_INT":"Not Affected","SSF_RL_100YR_CURR":"Not Affected","SSF_RL_100YR_2040_IL":"Not Affected","SSF_RL_100YR_2040_INT":"Not Affected","SSF_RL_100YR_2070_IL":"Not Affected","SSF_RL_100YR_2070_INT":"Not Affected","SSF_RL_500YR_CURR":"Not Affected","SSF_RL_500YR_2040_IL":"Not Affected","SSF_RL_500YR_2040_INT":"Not Affected","SSF_RL_500YR_2070_IL":"Not Affected","SSF_RL_500YR_2070_INT":"Not Affected","RIF_RL_100YR_2020":"Not Affected","RIF_RL_100YR_2040":"Not Affected","RIF_RL_100YR_2070":"Not Affected","RIF_RL_500YR_2020":"Not Affected","RIF_RL_500YR_2040":"Low","RIF_RL_500YR_2070":"Low"}},{"type":"Feature","id":23,"geometry":{"type":"Point","coordinates":[-82.1783682993608,30.0625349941416]},"properties":{"OBJECTID_1":23,"OBJECTID":23,"Name":"NEW RIVER CORRECTIONAL INSTITUTION","Address":"NW STATE ROAD 16 & NW 237TH ST","City":"LAWTEY","Zip":"32058","COUNTY":"Bradford","X":-82.1783683,"Y":30.06253499,"LONGLAT":"-82.17836830,30.06253499","USNG":"17R LP 86416 26299","OWNERSHIP":" ","PARCELID":"00469-0-00200","FACILITY_T":"LOCAL CORRECTIONAL INSTITUTION","Asset_Elevation":null,"Owned_Maintained":" ","Asset":"LOCAL CORRECTIONAL INSTITUTION","Asset_Sub_Type":null,"Asset_Type":"Correctional Facilities","Asset_Group":"Critical Community and Emergency Facilities","Asset_Relevancy":"Locally Significant","Asset_ID":"CF_PT_23","Municipality":null,"Water_Management_District":"Suwannee River Water Management District","Souce_Dataset_Entity":"FDEM","Souce_Dataset_Name":"Correctional Facilities - FDEM","Source_Asset_ID":null,"Restricted_Public_Disclosure":null,"Notes":null,"Regional_Planning_Council":"North Central Florida","FDEP_Regulatory_District":"Northeast District","RCP_Region":"Northwest","FDOT_District":2,"House_District_Number":10,"Senate_District_Number":6,"CTF_RL_2020":"Not Affected","CTF_RL_2040_IL":"Not Affected","CTF_RL_2040_INT":"Not Affected","CTF_RL_2070_IL":"Not Affected","CTF_RL_2070_INT":"Not Affected","SSF_RL_100YR_CURR":"Not Affected","SSF_RL_100YR_2040_IL":"Not Affected","SSF_RL_100YR_2040_INT":"Not Affected","SSF_RL_100YR_2070_IL":"Not Affected","SSF_RL_100YR_2070_INT":"Not Affected","SSF_RL_500YR_CURR":"Not Affected","SSF_RL_500YR_2040_IL":"Not Affected","SSF_RL_500YR_2040_INT":"Not Affected","SSF_RL_500YR_2070_IL":"Not Affected","SSF_RL_500YR_2070_INT":"Not Affected","RIF_RL_100YR_2020":"Not Affected","RIF_RL_100YR_2040":"Not Affected","RIF_RL_100YR_2070":"Not Affected","RIF_RL_500YR_2020":"Not Affected","RIF_RL_500YR_2040":"Not Affected","RIF_RL_500YR_2070":"Not Affected"}},{"type":"Feature","id":24,"geometry":{"type":"Point","coordinates":[-80.7131095547577,28.1228324524906]},"properties":{"OBJECTID_1":24,"OBJECTID":24,"Name":"SPACE COAST MARINE INSTITUTE","Address":"1000 INSPIRATION LN","City":"MELBOURNE","Zip":"32934","COUNTY":"Brevard","X":-80.71310955,"Y":28.12283245,"LONGLAT":"-80.71310955,28.12283245","USNG":"17R NM 28175 10842","OWNERSHIP":"OTHER PUBLIC","PARCELID":"27 362200  255","FACILITY_T":"LOCAL CORRECTIONAL INSTITUTION","Asset_Elevation":null,"Owned_Maintained":"OTHER PUBLIC","Asset":"LOCAL CORRECTIONAL INSTITUTION","Asset_Sub_Type":null,"Asset_Type":"Correctional Facilities","Asset_Group":"Critical Community and Emergency Facilities","Asset_Relevancy":"Locally Significant","Asset_ID":"CF_PT_24","Municipality":null,"Water_Management_District":"St. Johns River Water Management District","Souce_Dataset_Entity":"FDEM","Souce_Dataset_Name":"Correctional Facilities - FDEM","Source_Asset_ID":null,"Restricted_Public_Disclosure":null,"Notes":null,"Regional_Planning_Council":"East Central Florida","FDEP_Regulatory_District":"Central District","RCP_Region":"Northeast","FDOT_District":5,"House_District_Number":32,"Senate_District_Number":19,"CTF_RL_2020":"Not Affected","CTF_RL_2040_IL":"Not Affected","CTF_RL_2040_INT":"Not Affected","CTF_RL_2070_IL":"Not Affected","CTF_RL_2070_INT":"Not Affected","SSF_RL_100YR_CURR":"Not Affected","SSF_RL_100YR_2040_IL":"Not Affected","SSF_RL_100YR_2040_INT":"Not Affected","SSF_RL_100YR_2070_IL":"Not Affected","SSF_RL_100YR_2070_INT":"Not Affected","SSF_RL_500YR_CURR":"Not Affected","SSF_RL_500YR_2040_IL":"Not Affected","SSF_RL_500YR_2040_INT":"Not Affected","SSF_RL_500YR_2070_IL":"Not Affected","SSF_RL_500YR_2070_INT":"Not Affected","RIF_RL_100YR_2020":"Not Affected","RIF_RL_100YR_2040":"Not Affected","RIF_RL_100YR_2070":"Not Affected","RIF_RL_500YR_2020":"Not Affected","RIF_RL_500YR_2040":"Not Affected","RIF_RL_500YR_2070":"Not Affected"}},{"type":"Feature","id":25,"geometry":{"type":"Point","coordinates":[-80.7745388138741,28.4464382193642]},"properties":{"OBJECTID_1":25,"OBJECTID":25,"Name":"COCOA WORK RELEASE CENTER","Address":"585 CAMP RD","City":"COCOA","Zip":"32927","COUNTY":"Brevard","X":-80.77453881,"Y":28.44643822,"LONGLAT":"-80.77453881,28.44643822","USNG":"17R NM 22075 46678","OWNERSHIP":"STATE","PARCELID":"23 353600   12","FACILITY_T":"LOCAL CORRECTIONAL INSTITUTION","Asset_Elevation":null,"Owned_Maintained":"STATE","Asset":"LOCAL CORRECTIONAL INSTITUTION","Asset_Sub_Type":null,"Asset_Type":"Correctional Facilities","Asset_Group":"Critical Community and Emergency Facilities","Asset_Relevancy":"Locally Significant","Asset_ID":"CF_PT_25","Municipality":null,"Water_Management_District":"St. Johns River Water Management District","Souce_Dataset_Entity":"FDEM","Souce_Dataset_Name":"Correctional Facilities - FDEM","Source_Asset_ID":null,"Restricted_Public_Disclosure":null,"Notes":null,"Regional_Planning_Council":"East Central Florida","FDEP_Regulatory_District":"Central District","RCP_Region":"Northeast","FDOT_District":5,"House_District_Number":31,"Senate_District_Number":19,"CTF_RL_2020":"Not Affected","CTF_RL_2040_IL":"Not Affected","CTF_RL_2040_INT":"Not Affected","CTF_RL_2070_IL":"Not Affected","CTF_RL_2070_INT":"Not Affected","SSF_RL_100YR_CURR":"Not Affected","SSF_RL_100YR_2040_IL":"Not Affected","SSF_RL_100YR_2040_INT":"Not Affected","SSF_RL_100YR_2070_IL":"Not Affected","SSF_RL_100YR_2070_INT":"Not Affected","SSF_RL_500YR_CURR":"Not Affected","SSF_RL_500YR_2040_IL":"Not Affected","SSF_RL_500YR_2040_INT":"Not Affected","SSF_RL_500YR_2070_IL":"Not Affected","SSF_RL_500YR_2070_INT":"Not Affected","RIF_RL_100YR_2020":"Not Affected","RIF_RL_100YR_2040":"Not Affected","RIF_RL_100YR_2070":"Not Affected","RIF_RL_500YR_2020":"Not Affected","RIF_RL_500YR_2040":"Not Affected","RIF_RL_500YR_2070":"Not Affected"}},{"type":"Feature","id":26,"geometry":{"type":"Point","coordinates":[-80.7867280655554,28.4459471517119]},"properties":{"OBJECTID_1":26,"OBJECTID":26,"Name":"BREVARD WORK CAMP","Address":"855 CAMP RD","City":"COCOA","Zip":"32926","COUNTY":"Brevard","X":-80.78672807,"Y":28.44594715,"LONGLAT":"-80.78672807,28.44594715","USNG":"17R NM 20882 46622","OWNERSHIP":"STATE OF FLORIDA TIITF","PARCELID":"23 353600  250","FACILITY_T":"LOCAL CORRECTIONAL INSTITUTION","Asset_Elevation":null,"Owned_Maintained":"STATE OF FLORIDA TIITF","Asset":"LOCAL CORRECTIONAL INSTITUTION","Asset_Sub_Type":null,"Asset_Type":"Correctional Facilities","Asset_Group":"Critical Community and Emergency Facilities","Asset_Relevancy":"Locally Significant","Asset_ID":"CF_PT_26","Municipality":null,"Water_Management_District":"St. Johns River Water Management District","Souce_Dataset_Entity":"FDEM","Souce_Dataset_Name":"Correctional Facilities - FDEM","Source_Asset_ID":null,"Restricted_Public_Disclosure":null,"Notes":null,"Regional_Planning_Council":"East Central Florida","FDEP_Regulatory_District":"Central District","RCP_Region":"Northeast","FDOT_District":5,"House_District_Number":31,"Senate_District_Number":19,"CTF_RL_2020":"Not Affected","CTF_RL_2040_IL":"Not Affected","CTF_RL_2040_INT":"Not Affected","CTF_RL_2070_IL":"Not Affected","CTF_RL_2070_INT":"Not Affected","SSF_RL_100YR_CURR":"Not Affected","SSF_RL_100YR_2040_IL":"Not Affected","SSF_RL_100YR_2040_INT":"Not Affected","SSF_RL_100YR_2070_IL":"Not Affected","SSF_RL_100YR_2070_INT":"Not Affected","SSF_RL_500YR_CURR":"Not Affected","SSF_RL_500YR_2040_IL":"Not Affected","SSF_RL_500YR_2040_INT":"Not Affected","SSF_RL_500YR_2070_IL":"Not Affected","SSF_RL_500YR_2070_INT":"Not Affected","RIF_RL_100YR_2020":"Not Affected","RIF_RL_100YR_2040":"Not Affected","RIF_RL_100YR_2070":"Not Affected","RIF_RL_500YR_2020":"Not Affected","RIF_RL_500YR_2040":"Not Affected","RIF_RL_500YR_2070":"Not Affected"}},{"type":"Feature","id":27,"geometry":{"type":"Point","coordinates":[-80.784340823915,28.4492794612136]},"properties":{"OBJECTID_1":27,"OBJECTID":27,"Name":"BREVARD REGIONAL JUVENILE DETENTION CENTER","Address":"5225 DEWITT AVE","City":"COCOA","Zip":"32927","COUNTY":"Brevard","X":-80.78434082,"Y":28.44927946,"LONGLAT":"-80.78434082,28.44927946","USNG":"17R NM 21115 46991","OWNERSHIP":"COUNTY","PARCELID":"23 352500  527","FACILITY_T":"JUVENILE CORRECTIONAL INSTITUTION","Asset_Elevation":null,"Owned_Maintained":"COUNTY","Asset":"JUVENILE CORRECTIONAL INSTITUTION","Asset_Sub_Type":null,"Asset_Type":"Correctional Facilities","Asset_Group":"Critical Community and Emergency Facilities","Asset_Relevancy":"Locally Significant","Asset_ID":"CF_PT_27","Municipality":null,"Water_Management_District":"St. Johns River Water Management District","Souce_Dataset_Entity":"FDEM","Souce_Dataset_Name":"Correctional Facilities - FDEM","Source_Asset_ID":null,"Restricted_Public_Disclosure":null,"Notes":null,"Regional_Planning_Council":"East Central Florida","FDEP_Regulatory_District":"Central District","RCP_Region":"Northeast","FDOT_District":5,"House_District_Number":31,"Senate_District_Number":19,"CTF_RL_2020":"Not Affected","CTF_RL_2040_IL":"Not Affected","CTF_RL_2040_INT":"Not Affected","CTF_RL_2070_IL":"Not Affected","CTF_RL_2070_INT":"Not Affected","SSF_RL_100YR_CURR":"Not Affected","SSF_RL_100YR_2040_IL":"Not Affected","SSF_RL_100YR_2040_INT":"Not Affected","SSF_RL_100YR_2070_IL":"Not Affected","SSF_RL_100YR_2070_INT":"Not Affected","SSF_RL_500YR_CURR":"Not Affected","SSF_RL_500YR_2040_IL":"Not Affected","SSF_RL_500YR_2040_INT":"Not Affected","SSF_RL_500YR_2070_IL":"Not Affected","SSF_RL_500YR_2070_INT":"Not Affected","RIF_RL_100YR_2020":"Not Affected","RIF_RL_100YR_2040":"Not Affected","RIF_RL_100YR_2070":"Not Affected","RIF_RL_500YR_2020":"Not Affected","RIF_RL_500YR_2040":"Not Affected","RIF_RL_500YR_2070":"Not Affected"}},{"type":"Feature","id":28,"geometry":{"type":"Point","coordinates":[-80.7915840764072,28.5458136481408]},"properties":{"OBJECTID_1":28,"OBJECTID":28,"Name":"WALKER HALFWAY HOUSE","Address":"5332 RIVEREDGE DR","City":"TITUSVILLE","Zip":"32780","COUNTY":"Brevard","X":-80.79158408,"Y":28.54581365,"LONGLAT":"-80.79158408,28.54581365","USNG":"17R NM 20387 57685","OWNERSHIP":"STATE","PARCELID":"22 352650         301","FACILITY_T":"JUVENILE CORRECTIONAL INSTITUTION","Asset_Elevation":null,"Owned_Maintained":"STATE","Asset":"JUVENILE CORRECTIONAL INSTITUTION","Asset_Sub_Type":null,"Asset_Type":"Correctional Facilities","Asset_Group":"Critical Community and Emergency Facilities","Asset_Relevancy":"Locally Significant","Asset_ID":"CF_PT_28","Municipality":null,"Water_Management_District":"St. Johns River Water Management District","Souce_Dataset_Entity":"FDEM","Souce_Dataset_Name":"Correctional Facilities - FDEM","Source_Asset_ID":null,"Restricted_Public_Disclosure":null,"Notes":null,"Regional_Planning_Council":"East Central Florida","FDEP_Regulatory_District":"Central District","RCP_Region":"Northeast","FDOT_District":5,"House_District_Number":31,"Senate_District_Number":8,"CTF_RL_2020":"Not Affected","CTF_RL_2040_IL":"Not Affected","CTF_RL_2040_INT":"Not Affected","CTF_RL_2070_IL":"Not Affected","CTF_RL_2070_INT":"Not Affected","SSF_RL_100YR_CURR":"Not Affected","SSF_RL_100YR_2040_IL":"Not Affected","SSF_RL_100YR_2040_INT":"Not Affected","SSF_RL_100YR_2070_IL":"Not Affected","SSF_RL_100YR_2070_INT":"Not Affected","SSF_RL_500YR_CURR":"Not Affected","SSF_RL_500YR_2040_IL":"Not Affected","SSF_RL_500YR_2040_INT":"Not Affected","SSF_RL_500YR_2070_IL":"Not Affected","SSF_RL_500YR_2070_INT":"Not Affected","RIF_RL_100YR_2020":"Not Affected","RIF_RL_100YR_2040":"Not Affected","RIF_RL_100YR_2070":"Not Affected","RIF_RL_500YR_2020":"Not Affected","RIF_RL_500YR_2040":"Not Affected","RIF_RL_500YR_2070":"Not Affected"}},{"type":"Feature","id":29,"geometry":{"type":"Point","coordinates":[-80.7844211405778,28.417953824336]},"properties":{"OBJECTID_1":29,"OBJECTID":29,"Name":"BREVARD GROUP TREATMENT HOME","Address":"3905 GRISSOM PKWY","City":"COCOA","Zip":"32926","COUNTY":"Brevard","X":-80.78442114,"Y":28.41795382,"LONGLAT":"-80.78442114,28.41795382","USNG":"17R NM 21113 43521","OWNERSHIP":"OTHER PUBLIC","PARCELID":"24 351200  255","FACILITY_T":"LOCAL CORRECTIONAL INSTITUTION","Asset_Elevation":null,"Owned_Maintained":"OTHER PUBLIC","Asset":"LOCAL CORRECTIONAL INSTITUTION","Asset_Sub_Type":null,"Asset_Type":"Correctional Facilities","Asset_Group":"Critical Community and Emergency Facilities","Asset_Relevancy":"Locally Significant","Asset_ID":"CF_PT_29","Municipality":"Cocoa","Water_Management_District":"St. Johns River Water Management District","Souce_Dataset_Entity":"FDEM","Souce_Dataset_Name":"Correctional Facilities - FDEM","Source_Asset_ID":null,"Restricted_Public_Disclosure":null,"Notes":null,"Regional_Planning_Council":"East Central Florida","FDEP_Regulatory_District":"Central District","RCP_Region":"Northeast","FDOT_District":5,"House_District_Number":31,"Senate_District_Number":19,"CTF_RL_2020":"Not Affected","CTF_RL_2040_IL":"Not Affected","CTF_RL_2040_INT":"Not Affected","CTF_RL_2070_IL":"Not Affected","CTF_RL_2070_INT":"Not Affected","SSF_RL_100YR_CURR":"Not Affected","SSF_RL_100YR_2040_IL":"Not Affected","SSF_RL_100YR_2040_INT":"Not Affected","SSF_RL_100YR_2070_IL":"Not Affected","SSF_RL_100YR_2070_INT":"Not Affected","SSF_RL_500YR_CURR":"Not Affected","SSF_RL_500YR_2040_IL":"Not Affected","SSF_RL_500YR_2040_INT":"Not Affected","SSF_RL_500YR_2070_IL":"Not Affected","SSF_RL_500YR_2070_INT":"Not Affected","RIF_RL_100YR_2020":"Not Affected","RIF_RL_100YR_2040":"Not Affected","RIF_RL_100YR_2070":"Not Affected","RIF_RL_500YR_2020":"Not Affected","RIF_RL_500YR_2040":"Not Affected","RIF_RL_500YR_2070":"Not Affected"}},{"type":"Feature","id":30,"geometry":{"type":"Point","coordinates":[-80.7828677321431,28.4442426022321]},"properties":{"OBJECTID_1":30,"OBJECTID":30,"Name":"BREVARD CORRECTIONAL INSTITUTION","Address":"855 CAMP RD","City":"COCOA","Zip":"32927","COUNTY":"Brevard","X":-80.78286773,"Y":28.4442426,"LONGLAT":"-80.78286773,28.44424260","USNG":"17R NM 21260 46434","OWNERSHIP":"STATE OF FLORIDA TIITF","PARCELID":"23 353600  250","FACILITY_T":"LOCAL CORRECTIONAL INSTITUTION","Asset_Elevation":null,"Owned_Maintained":"STATE OF FLORIDA TIITF","Asset":"LOCAL CORRECTIONAL INSTITUTION","Asset_Sub_Type":null,"Asset_Type":"Correctional Facilities","Asset_Group":"Critical Community and Emergency Facilities","Asset_Relevancy":"Locally Significant","Asset_ID":"CF_PT_30","Municipality":null,"Water_Management_District":"St. Johns River Water Management District","Souce_Dataset_Entity":"FDEM","Souce_Dataset_Name":"Correctional Facilities - FDEM","Source_Asset_ID":null,"Restricted_Public_Disclosure":null,"Notes":null,"Regional_Planning_Council":"East Central Florida","FDEP_Regulatory_District":"Central District","RCP_Region":"Northeast","FDOT_District":5,"House_District_Number":31,"Senate_District_Number":19,"CTF_RL_2020":"Not Affected","CTF_RL_2040_IL":"Not Affected","CTF_RL_2040_INT":"Not Affected","CTF_RL_2070_IL":"Not Affected","CTF_RL_2070_INT":"Not Affected","SSF_RL_100YR_CURR":"Not Affected","SSF_RL_100YR_2040_IL":"Not Affected","SSF_RL_100YR_2040_INT":"Not Affected","SSF_RL_100YR_2070_IL":"Not Affected","SSF_RL_100YR_2070_INT":"Not Affected","SSF_RL_500YR_CURR":"Not Affected","SSF_RL_500YR_2040_IL":"Not Affected","SSF_RL_500YR_2040_INT":"Not Affected","SSF_RL_500YR_2070_IL":"Not Affected","SSF_RL_500YR_2070_INT":"Not Affected","RIF_RL_100YR_2020":"Not Affected","RIF_RL_100YR_2040":"Not Affected","RIF_RL_100YR_2070":"Not Affected","RIF_RL_500YR_2020":"Not Affected","RIF_RL_500YR_2040":"Not Affected","RIF_RL_500YR_2070":"Not Affected"}},{"type":"Feature","id":31,"geometry":{"type":"Point","coordinates":[-80.7817678778278,28.4481359584003]},"properties":{"OBJECTID_1":31,"OBJECTID":31,"Name":"BREVARD COUNTY JAIL COMPLEX","Address":"860 CAMP RD","City":"COCOA","Zip":"32927","COUNTY":"Brevard","X":-80.78176788,"Y":28.44813596,"LONGLAT":"-80.78176788,28.44813596","USNG":"17R NM 21367 46865","OWNERSHIP":"COUNTY","PARCELID":"23 352500  500","FACILITY_T":"LOCAL CORRECTIONAL INSTITUTION","Asset_Elevation":null,"Owned_Maintained":"COUNTY","Asset":"LOCAL CORRECTIONAL INSTITUTION","Asset_Sub_Type":null,"Asset_Type":"Correctional Facilities","Asset_Group":"Critical Community and Emergency Facilities","Asset_Relevancy":"Locally Significant","Asset_ID":"CF_PT_31","Municipality":null,"Water_Management_District":"St. Johns River Water Management District","Souce_Dataset_Entity":"FDEM","Souce_Dataset_Name":"Correctional Facilities - FDEM","Source_Asset_ID":null,"Restricted_Public_Disclosure":null,"Notes":null,"Regional_Planning_Council":"East Central Florida","FDEP_Regulatory_District":"Central District","RCP_Region":"Northeast","FDOT_District":5,"House_District_Number":31,"Senate_District_Number":19,"CTF_RL_2020":"Not Affected","CTF_RL_2040_IL":"Not Affected","CTF_RL_2040_INT":"Not Affected","CTF_RL_2070_IL":"Not Affected","CTF_RL_2070_INT":"Not Affected","SSF_RL_100YR_CURR":"Not Affected","SSF_RL_100YR_2040_IL":"Not Affected","SSF_RL_100YR_2040_INT":"Not Affected","SSF_RL_100YR_2070_IL":"Not Affected","SSF_RL_100YR_2070_INT":"Not Affected","SSF_RL_500YR_CURR":"Not Affected","SSF_RL_500YR_2040_IL":"Not Affected","SSF_RL_500YR_2040_INT":"Not Affected","SSF_RL_500YR_2070_IL":"Not Affected","SSF_RL_500YR_2070_INT":"Not Affected","RIF_RL_100YR_2020":"Not Affected","RIF_RL_100YR_2040":"Not Affected","RIF_RL_100YR_2070":"Not Affected","RIF_RL_500YR_2020":"Not Affected","RIF_RL_500YR_2040":"Not Affected","RIF_RL_500YR_2070":"Not Affected"}},{"type":"Feature","id":32,"geometry":{"type":"Point","coordinates":[-80.1550357177407,26.1963692100464]},"properties":{"OBJECTID_1":32,"OBJECTID":32,"Name":"POMPANO WORK RELEASE CENTER","Address":"5600 NW 9TH AVE","City":"FORT LAUDERDALE","Zip":"33309","COUNTY":"Broward","X":-80.15503572,"Y":26.19636921,"LONGLAT":"-80.15503572,26.19636921","USNG":"17R NJ 84422 97705","OWNERSHIP":"STATE","PARCELID":"494210000530","FACILITY_T":"STATE CORRECTIONAL INSTITUTION","Asset_Elevation":null,"Owned_Maintained":"STATE","Asset":"STATE CORRECTIONAL INSTITUTION","Asset_Sub_Type":null,"Asset_Type":"Correctional Facilities","Asset_Group":"Critical Community and Emergency Facilities","Asset_Relevancy":"Locally Significant","Asset_ID":"CF_PT_32","Municipality":"Fort Lauderdale","Water_Management_District":"South Florida Water Management District","Souce_Dataset_Entity":"FDEM","Souce_Dataset_Name":"Correctional Facilities - FDEM","Source_Asset_ID":null,"Restricted_Public_Disclosure":null,"Notes":null,"Regional_Planning_Council":"South Florida","FDEP_Regulatory_District":"Southeast District","RCP_Region":"Southeast","FDOT_District":4,"House_District_Number":98,"Senate_District_Number":32,"CTF_RL_2020":"Not Affected","CTF_RL_2040_IL":"Not Affected","CTF_RL_2040_INT":"Not Affected","CTF_RL_2070_IL":"Not Affected","CTF_RL_2070_INT":"Not Affected","SSF_RL_100YR_CURR":"Not Affected","SSF_RL_100YR_2040_IL":"Not Affected","SSF_RL_100YR_2040_INT":"Not Affected","SSF_RL_100YR_2070_IL":"Not Affected","SSF_RL_100YR_2070_INT":"Not Affected","SSF_RL_500YR_CURR":"Not Affected","SSF_RL_500YR_2040_IL":"Not Affected","SSF_RL_500YR_2040_INT":"Not Affected","SSF_RL_500YR_2070_IL":"Not Affected","SSF_RL_500YR_2070_INT":"Not Affected","RIF_RL_100YR_2020":"Not Affected","RIF_RL_100YR_2040":"Not Affected","RIF_RL_100YR_2070":"Not Affected","RIF_RL_500YR_2020":"Not Affected","RIF_RL_500YR_2040":"Not Affected","RIF_RL_500YR_2070":"Not Affected"}},{"type":"Feature","id":33,"geometry":{"type":"Point","coordinates":[-80.1318042004453,26.2290938113929]},"properties":{"OBJECTID_1":33,"OBJECTID":33,"Name":"TURNING POINT WORK RELEASE","Address":"400 SW 2ND ST","City":"POMPANO BEACH","Zip":"33060","COUNTY":"Broward","X":-80.1318042,"Y":26.22909381,"LONGLAT":"-80.13180420,26.22909381","USNG":"17R NK 86719 01345","OWNERSHIP":"STATE","PARCELID":"494202021630","FACILITY_T":"STATE CORRECTIONAL INSTITUTION","Asset_Elevation":null,"Owned_Maintained":"STATE","Asset":"STATE CORRECTIONAL INSTITUTION","Asset_Sub_Type":null,"Asset_Type":"Correctional Facilities","Asset_Group":"Critical Community and Emergency Facilities","Asset_Relevancy":"Locally Significant","Asset_ID":"CF_PT_33","Municipality":"Pompano Beach","Water_Management_District":"South Florida Water Management District","Souce_Dataset_Entity":"FDEM","Souce_Dataset_Name":"Correctional Facilities - FDEM","Source_Asset_ID":null,"Restricted_Public_Disclosure":null,"Notes":null,"Regional_Planning_Council":"South Florida","FDEP_Regulatory_District":"Southeast District","RCP_Region":"Southeast","FDOT_District":4,"House_District_Number":100,"Senate_District_Number":37,"CTF_RL_2020":"Not Affected","CTF_RL_2040_IL":"Not Affected","CTF_RL_2040_INT":"Not Affected","CTF_RL_2070_IL":"Not Affected","CTF_RL_2070_INT":"Not Affected","SSF_RL_100YR_CURR":"Not Affected","SSF_RL_100YR_2040_IL":"Not Affected","SSF_RL_100YR_2040_INT":"Not Affected","SSF_RL_100YR_2070_IL":"Not Affected","SSF_RL_100YR_2070_INT":"Not Affected","SSF_RL_500YR_CURR":"Not Affected","SSF_RL_500YR_2040_IL":"Medium","SSF_RL_500YR_2040_INT":"Medium","SSF_RL_500YR_2070_IL":"Medium","SSF_RL_500YR_2070_INT":"Medium","RIF_RL_100YR_2020":"Low","RIF_RL_100YR_2040":"Low","RIF_RL_100YR_2070":"Low","RIF_RL_500YR_2020":"Medium","RIF_RL_500YR_2040":"Medium","RIF_RL_500YR_2070":"Medium"}},{"type":"Feature","id":34,"geometry":{"type":"Point","coordinates":[-80.2501554606963,25.9991922424424]},"properties":{"OBJECTID_1":34,"OBJECTID":34,"Name":"SOUTH FLORIDA STATE HOSPITAL","Address":" ","City":"HOLLYWOOD","Zip":"33025","COUNTY":"Broward","X":-80.25015546,"Y":25.99919224,"LONGLAT":"-80.25015546,25.99919224","USNG":"17R NJ 75044 75809","OWNERSHIP":"STATE OF FLORIDA TIITF","PARCELID":"514121250010","FACILITY_T":"STATE CORRECTIONAL INSTITUTION","Asset_Elevation":null,"Owned_Maintained":"STATE OF FLORIDA TIITF","Asset":"STATE CORRECTIONAL INSTITUTION","Asset_Sub_Type":null,"Asset_Type":"Correctional Facilities","Asset_Group":"Critical Community and Emergency Facilities","Asset_Relevancy":"Locally Significant","Asset_ID":"CF_PT_34","Municipality":"Pembroke Pines","Water_Management_District":"South Florida Water Management District","Souce_Dataset_Entity":"FDEM","Souce_Dataset_Name":"Correctional Facilities - FDEM","Source_Asset_ID":null,"Restricted_Public_Disclosure":null,"Notes":null,"Regional_Planning_Council":"South Florida","FDEP_Regulatory_District":"Southeast District","RCP_Region":"Southeast","FDOT_District":4,"House_District_Number":104,"Senate_District_Number":35,"CTF_RL_2020":"Not Affected","CTF_RL_2040_IL":"Not Affected","CTF_RL_2040_INT":"Not Affected","CTF_RL_2070_IL":"Not Affected","CTF_RL_2070_INT":"Not Affected","SSF_RL_100YR_CURR":"Not Affected","SSF_RL_100YR_2040_IL":"Not Affected","SSF_RL_100YR_2040_INT":"Not Affected","SSF_RL_100YR_2070_IL":"Not Affected","SSF_RL_100YR_2070_INT":"Not Affected","SSF_RL_500YR_CURR":"Not Affected","SSF_RL_500YR_2040_IL":"Not Affected","SSF_RL_500YR_2040_INT":"Not Affected","SSF_RL_500YR_2070_IL":"Not Affected","SSF_RL_500YR_2070_INT":"Not Affected","RIF_RL_100YR_2020":"Not Affected","RIF_RL_100YR_2040":"Not Affected","RIF_RL_100YR_2070":"Not Affected","RIF_RL_500YR_2020":"Not Affected","RIF_RL_500YR_2040":"Not Affected","RIF_RL_500YR_2070":"Not Affected"}},{"type":"Feature","id":35,"geometry":{"type":"Point","coordinates":[-80.2561853278398,26.0037052163434]},"properties":{"OBJECTID_1":35,"OBJECTID":35,"Name":"HOLLYWOOD WORK RELEASE CENTER","Address":"8501 W CYPRESS DR","City":"HOLLYWOOD","Zip":"33025","COUNTY":"Broward","X":-80.25618533,"Y":26.00370522,"LONGLAT":"-80.25618533,26.00370522","USNG":"17R NJ 74438 76306","OWNERSHIP":"STATE","PARCELID":"514116010040","FACILITY_T":"STATE CORRECTIONAL INSTITUTION","Asset_Elevation":null,"Owned_Maintained":"STATE","Asset":"STATE CORRECTIONAL INSTITUTION","Asset_Sub_Type":null,"Asset_Type":"Correctional Facilities","Asset_Group":"Critical Community and Emergency Facilities","Asset_Relevancy":"Locally Significant","Asset_ID":"CF_PT_35","Municipality":"Pembroke Pines","Water_Management_District":"South Florida Water Management District","Souce_Dataset_Entity":"FDEM","Souce_Dataset_Name":"Correctional Facilities - FDEM","Source_Asset_ID":null,"Restricted_Public_Disclosure":null,"Notes":null,"Regional_Planning_Council":"South Florida","FDEP_Regulatory_District":"Southeast District","RCP_Region":"Southeast","FDOT_District":4,"House_District_Number":104,"Senate_District_Number":35,"CTF_RL_2020":"Not Affected","CTF_RL_2040_IL":"Not Affected","CTF_RL_2040_INT":"Not Affected","CTF_RL_2070_IL":"Not Affected","CTF_RL_2070_INT":"Not Affected","SSF_RL_100YR_CURR":"Not Affected","SSF_RL_100YR_2040_IL":"Not Affected","SSF_RL_100YR_2040_INT":"Not Affected","SSF_RL_100YR_2070_IL":"Not Affected","SSF_RL_100YR_2070_INT":"Not Affected","SSF_RL_500YR_CURR":"Not Affected","SSF_RL_500YR_2040_IL":"Low","SSF_RL_500YR_2040_INT":"Medium","SSF_RL_500YR_2070_IL":"Medium","SSF_RL_500YR_2070_INT":"Medium","RIF_RL_100YR_2020":"Not Affected","RIF_RL_100YR_2040":"Not Affected","RIF_RL_100YR_2070":"Not Affected","RIF_RL_500YR_2020":"Medium","RIF_RL_500YR_2040":"Medium","RIF_RL_500YR_2070":"Medium"}},{"type":"Feature","id":36,"geometry":{"type":"Point","coordinates":[-80.2509208792259,25.9968098568768]},"properties":{"OBJECTID_1":36,"OBJECTID":36,"Name":"SOUTH PINES ACADEMY","Address":"8200 S PALM DR","City":"HOLLYWOOD","Zip":"33025","COUNTY":"Broward","X":-80.25092088,"Y":25.99680986,"LONGLAT":"-80.25092088,25.99680986","USNG":"17R NJ 74969 75545","OWNERSHIP":"COUNTY","PARCELID":"514121250010","FACILITY_T":"JUVENILE CORRECTIONAL INSTITUTION","Asset_Elevation":null,"Owned_Maintained":"COUNTY","Asset":"JUVENILE CORRECTIONAL INSTITUTION","Asset_Sub_Type":null,"Asset_Type":"Correctional Facilities","Asset_Group":"Critical Community and Emergency Facilities","Asset_Relevancy":"Locally Significant","Asset_ID":"CF_PT_36","Municipality":"Pembroke Pines","Water_Management_District":"South Florida Water Management District","Souce_Dataset_Entity":"FDEM","Souce_Dataset_Name":"Correctional Facilities - FDEM","Source_Asset_ID":null,"Restricted_Public_Disclosure":null,"Notes":null,"Regional_Planning_Council":"South Florida","FDEP_Regulatory_District":"Southeast District","RCP_Region":"Southeast","FDOT_District":4,"House_District_Number":104,"Senate_District_Number":35,"CTF_RL_2020":"Not Affected","CTF_RL_2040_IL":"Not Affected","CTF_RL_2040_INT":"Not Affected","CTF_RL_2070_IL":"Not Affected","CTF_RL_2070_INT":"Not Affected","SSF_RL_100YR_CURR":"Not Affected","SSF_RL_100YR_2040_IL":"Not Affected","SSF_RL_100YR_2040_INT":"Not Affected","SSF_RL_100YR_2070_IL":"Not Affected","SSF_RL_100YR_2070_INT":"Not Affected","SSF_RL_500YR_CURR":"Not Affected","SSF_RL_500YR_2040_IL":"Not Affected","SSF_RL_500YR_2040_INT":"Low","SSF_RL_500YR_2070_IL":"Medium","SSF_RL_500YR_2070_INT":"Medium","RIF_RL_100YR_2020":"Not Affected","RIF_RL_100YR_2040":"Not Affected","RIF_RL_100YR_2070":"Not Affected","RIF_RL_500YR_2020":"Medium","RIF_RL_500YR_2040":"Medium","RIF_RL_500YR_2070":"Medium"}},{"type":"Feature","id":37,"geometry":{"type":"Point","coordinates":[-80.252749748334,26.0034497554088]},"properties":{"OBJECTID_1":37,"OBJECTID":37,"Name":"ELAINE GORDON CENTER","Address":"701 HIBISCUS DR","City":"HOLLYWOOD","Zip":"33025","COUNTY":"Broward","X":-80.25274975,"Y":26.00344976,"LONGLAT":"-80.25274975,26.00344976","USNG":"17R NJ 74782 76279","OWNERSHIP":"COUNTY","PARCELID":"514116010040","FACILITY_T":"JUVENILE CORRECTIONAL INSTITUTION","Asset_Elevation":null,"Owned_Maintained":"COUNTY","Asset":"JUVENILE CORRECTIONAL INSTITUTION","Asset_Sub_Type":null,"Asset_Type":"Correctional Facilities","Asset_Group":"Critical Community and Emergency Facilities","Asset_Relevancy":"Locally Significant","Asset_ID":"CF_PT_37","Municipality":"Pembroke Pines","Water_Management_District":"South Florida Water Management District","Souce_Dataset_Entity":"FDEM","Souce_Dataset_Name":"Correctional Facilities - FDEM","Source_Asset_ID":null,"Restricted_Public_Disclosure":null,"Notes":null,"Regional_Planning_Council":"South Florida","FDEP_Regulatory_District":"Southeast District","RCP_Region":"Southeast","FDOT_District":4,"House_District_Number":104,"Senate_District_Number":35,"CTF_RL_2020":"Not Affected","CTF_RL_2040_IL":"Not Affected","CTF_RL_2040_INT":"Not Affected","CTF_RL_2070_IL":"Not Affected","CTF_RL_2070_INT":"Not Affected","SSF_RL_100YR_CURR":"Not Affected","SSF_RL_100YR_2040_IL":"Not Affected","SSF_RL_100YR_2040_INT":"Not Affected","SSF_RL_100YR_2070_IL":"Not Affected","SSF_RL_100YR_2070_INT":"Not Affected","SSF_RL_500YR_CURR":"Not Affected","SSF_RL_500YR_2040_IL":"Low","SSF_RL_500YR_2040_INT":"Medium","SSF_RL_500YR_2070_IL":"Medium","SSF_RL_500YR_2070_INT":"Medium","RIF_RL_100YR_2020":"Not Affected","RIF_RL_100YR_2040":"Not Affected","RIF_RL_100YR_2070":"Not Affected","RIF_RL_500YR_2020":"Medium","RIF_RL_500YR_2040":"Medium","RIF_RL_500YR_2070":"Medium"}},{"type":"Feature","id":38,"geometry":{"type":"Point","coordinates":[-80.1483363446448,26.2685479493828]},"properties":{"OBJECTID_1":38,"OBJECTID":38,"Name":"BROWARD HALFWAY HOUSE","Address":"3090 N POWERLINE RD","City":"POMPANO BEACH","Zip":"33064","COUNTY":"Broward","X":-80.14833634,"Y":26.26854795,"LONGLAT":"-80.14833634,26.26854795","USNG":"17R NK 85039 05704","OWNERSHIP":"COUNTY","PARCELID":"484222440010","FACILITY_T":"JUVENILE CORRECTIONAL INSTITUTION","Asset_Elevation":null,"Owned_Maintained":"COUNTY","Asset":"JUVENILE CORRECTIONAL INSTITUTION","Asset_Sub_Type":null,"Asset_Type":"Correctional Facilities","Asset_Group":"Critical Community and Emergency Facilities","Asset_Relevancy":"Locally Significant","Asset_ID":"CF_PT_38","Municipality":"Pompano Beach","Water_Management_District":"South Florida Water Management District","Souce_Dataset_Entity":"FDEM","Souce_Dataset_Name":"Correctional Facilities - FDEM","Source_Asset_ID":null,"Restricted_Public_Disclosure":null,"Notes":null,"Regional_Planning_Council":"South Florida","FDEP_Regulatory_District":"Southeast District","RCP_Region":"Southeast","FDOT_District":4,"House_District_Number":98,"Senate_District_Number":30,"CTF_RL_2020":"Not Affected","CTF_RL_2040_IL":"Not Affected","CTF_RL_2040_INT":"Not Affected","CTF_RL_2070_IL":"Not Affected","CTF_RL_2070_INT":"Not Affected","SSF_RL_100YR_CURR":"Not Affected","SSF_RL_100YR_2040_IL":"Not Affected","SSF_RL_100YR_2040_INT":"Not Affected","SSF_RL_100YR_2070_IL":"Not Affected","SSF_RL_100YR_2070_INT":"Not Affected","SSF_RL_500YR_CURR":"Not Affected","SSF_RL_500YR_2040_IL":"Not Affected","SSF_RL_500YR_2040_INT":"Not Affected","SSF_RL_500YR_2070_IL":"Not Affected","SSF_RL_500YR_2070_INT":"Not Affected","RIF_RL_100YR_2020":"Not Affected","RIF_RL_100YR_2040":"Not Affected","RIF_RL_100YR_2070":"Not Affected","RIF_RL_500YR_2020":"Medium","RIF_RL_500YR_2040":"Medium","RIF_RL_500YR_2070":"Medium"}},{"type":"Feature","id":39,"geometry":{"type":"Point","coordinates":[-80.1706899745145,26.1243914763838]},"properties":{"OBJECTID_1":39,"OBJECTID":39,"Name":"BROWARD REGIONAL JUVENILE DETENTION CENTER","Address":"222 NW 22ND AVE","City":"FORT LAUDERDALE","Zip":"33311","COUNTY":"Broward","X":-80.17068997,"Y":26.12439148,"LONGLAT":"-80.17068997,26.12439148","USNG":"17R NJ 82909 89723","OWNERSHIP":"COUNTY","PARCELID":"504205380010","FACILITY_T":"JUVENILE CORRECTIONAL INSTITUTION","Asset_Elevation":null,"Owned_Maintained":"COUNTY","Asset":"JUVENILE CORRECTIONAL INSTITUTION","Asset_Sub_Type":null,"Asset_Type":"Correctional Facilities","Asset_Group":"Critical Community and Emergency Facilities","Asset_Relevancy":"Locally Significant","Asset_ID":"CF_PT_39","Municipality":"Fort Lauderdale","Water_Management_District":"South Florida Water Management District","Souce_Dataset_Entity":"FDEM","Souce_Dataset_Name":"Correctional Facilities - FDEM","Source_Asset_ID":null,"Restricted_Public_Disclosure":null,"Notes":null,"Regional_Planning_Council":"South Florida","FDEP_Regulatory_District":"Southeast District","RCP_Region":"Southeast","FDOT_District":4,"House_District_Number":99,"Senate_District_Number":32,"CTF_RL_2020":"Not Affected","CTF_RL_2040_IL":"Not Affected","CTF_RL_2040_INT":"Not Affected","CTF_RL_2070_IL":"Not Affected","CTF_RL_2070_INT":"Not Affected","SSF_RL_100YR_CURR":"Not Affected","SSF_RL_100YR_2040_IL":"Not Affected","SSF_RL_100YR_2040_INT":"Not Affected","SSF_RL_100YR_2070_IL":"Not Affected","SSF_RL_100YR_2070_INT":"Medium","SSF_RL_500YR_CURR":"Medium","SSF_RL_500YR_2040_IL":"Medium","SSF_RL_500YR_2040_INT":"Medium","SSF_RL_500YR_2070_IL":"High","SSF_RL_500YR_2070_INT":"High","RIF_RL_100YR_2020":"Medium","RIF_RL_100YR_2040":"Medium","RIF_RL_100YR_2070":"Medium","RIF_RL_500YR_2020":"Medium","RIF_RL_500YR_2040":"Medium","RIF_RL_500YR_2070":"Medium"}},{"type":"Feature","id":40,"geometry":{"type":"Point","coordinates":[-80.1411333169749,26.1228824665607]},"properties":{"OBJECTID_1":40,"OBJECTID":40,"Name":"US FEDERAL BUILDING AND COURTHOUSE","Address":"299 E BROWARD BLVD","City":"FORT LAUDERDALE","Zip":"33301","COUNTY":"Broward","X":-80.14113332,"Y":26.12288247,"LONGLAT":"-80.14113332,26.12288247","USNG":"17R NJ 85865 89575","OWNERSHIP":"FEDERAL","PARCELID":"504210111010","FACILITY_T":"FEDERAL CORRECTIONAL INSTITUTION","Asset_Elevation":null,"Owned_Maintained":"FEDERAL","Asset":"FEDERAL CORRECTIONAL INSTITUTION","Asset_Sub_Type":null,"Asset_Type":"Correctional Facilities","Asset_Group":"Critical Community and Emergency Facilities","Asset_Relevancy":"Locally Significant","Asset_ID":"CF_PT_40","Municipality":"Fort Lauderdale","Water_Management_District":"South Florida Water Management District","Souce_Dataset_Entity":"FDEM","Souce_Dataset_Name":"Correctional Facilities - FDEM","Source_Asset_ID":null,"Restricted_Public_Disclosure":null,"Notes":null,"Regional_Planning_Council":"South Florida","FDEP_Regulatory_District":"Southeast District","RCP_Region":"Southeast","FDOT_District":4,"House_District_Number":100,"Senate_District_Number":32,"CTF_RL_2020":"Not Affected","CTF_RL_2040_IL":"Not Affected","CTF_RL_2040_INT":"Not Affected","CTF_RL_2070_IL":"Not Affected","CTF_RL_2070_INT":"Low","SSF_RL_100YR_CURR":"High","SSF_RL_100YR_2040_IL":"High","SSF_RL_100YR_2040_INT":"High","SSF_RL_100YR_2070_IL":"High","SSF_RL_100YR_2070_INT":"High","SSF_RL_500YR_CURR":"High","SSF_RL_500YR_2040_IL":"High","SSF_RL_500YR_2040_INT":"High","SSF_RL_500YR_2070_IL":"High","SSF_RL_500YR_2070_INT":"High","RIF_RL_100YR_2020":"High","RIF_RL_100YR_2040":"High","RIF_RL_100YR_2070":"High","RIF_RL_500YR_2020":"High","RIF_RL_500YR_2040":"High","RIF_RL_500YR_2070":"High"}},{"type":"Feature","id":41,"geometry":{"type":"Point","coordinates":[-80.1585792385129,26.2501320145396]},"properties":{"OBJECTID_1":41,"OBJECTID":41,"Name":"BSO DOCC KITCHEN  WAREHOUSE","Address":"2451 NW 16 STREET","City":"2421 NW 16 ST","Zip":" ","COUNTY":"Broward","X":-80.15857924,"Y":26.25013202,"LONGLAT":"-80.15857924,26.25013202","USNG":"17R NK 84030 03657","OWNERSHIP":" ","PARCELID":" ","FACILITY_T":"CORRECTIONAL FACILITY","Asset_Elevation":null,"Owned_Maintained":" ","Asset":"CORRECTIONAL FACILITY","Asset_Sub_Type":null,"Asset_Type":"Correctional Facilities","Asset_Group":"Critical Community and Emergency Facilities","Asset_Relevancy":"Locally Significant","Asset_ID":"CF_PT_41","Municipality":"Pompano Beach","Water_Management_District":"South Florida Water Management District","Souce_Dataset_Entity":"FDEM","Souce_Dataset_Name":"Correctional Facilities - FDEM","Source_Asset_ID":null,"Restricted_Public_Disclosure":null,"Notes":null,"Regional_Planning_Council":"South Florida","FDEP_Regulatory_District":"Southeast District","RCP_Region":"Southeast","FDOT_District":4,"House_District_Number":98,"Senate_District_Number":30,"CTF_RL_2020":"Not Affected","CTF_RL_2040_IL":"Not Affected","CTF_RL_2040_INT":"Not Affected","CTF_RL_2070_IL":"Not Affected","CTF_RL_2070_INT":"Not Affected","SSF_RL_100YR_CURR":"Not Affected","SSF_RL_100YR_2040_IL":"Not Affected","SSF_RL_100YR_2040_INT":"Not Affected","SSF_RL_100YR_2070_IL":"Not Affected","SSF_RL_100YR_2070_INT":"Not Affected","SSF_RL_500YR_CURR":"Not Affected","SSF_RL_500YR_2040_IL":"Not Affected","SSF_RL_500YR_2040_INT":"Not Affected","SSF_RL_500YR_2070_IL":"Not Affected","SSF_RL_500YR_2070_INT":"Not Affected","RIF_RL_100YR_2020":"Not Affected","RIF_RL_100YR_2040":"Not Affected","RIF_RL_100YR_2070":"Not Affected","RIF_RL_500YR_2020":"Not Affected","RIF_RL_500YR_2040":"Not Affected","RIF_RL_500YR_2070":"Not Affected"}},{"type":"Feature","id":42,"geometry":{"type":"Point","coordinates":[-80.2536481274378,25.9992076721736]},"properties":{"OBJECTID_1":42,"OBJECTID":42,"Name":"THOMPSON ACADEMY","Address":"1150 HIBISCUS DR","City":"HOLLYWOOD","Zip":"33025","COUNTY":"Broward","X":-80.25364813,"Y":25.99920767,"LONGLAT":"-80.25364813,25.99920767","USNG":"17R NJ 74694 75809","OWNERSHIP":"COUNTY","PARCELID":"514121250010","FACILITY_T":"JUVENILE CORRECTIONAL INSTITUTION","Asset_Elevation":null,"Owned_Maintained":"COUNTY","Asset":"JUVENILE CORRECTIONAL INSTITUTION","Asset_Sub_Type":null,"Asset_Type":"Correctional Facilities","Asset_Group":"Critical Community and Emergency Facilities","Asset_Relevancy":"Locally Significant","Asset_ID":"CF_PT_42","Municipality":"Pembroke Pines","Water_Management_District":"South Florida Water Management District","Souce_Dataset_Entity":"FDEM","Souce_Dataset_Name":"Correctional Facilities - FDEM","Source_Asset_ID":null,"Restricted_Public_Disclosure":null,"Notes":null,"Regional_Planning_Council":"South Florida","FDEP_Regulatory_District":"Southeast District","RCP_Region":"Southeast","FDOT_District":4,"House_District_Number":104,"Senate_District_Number":35,"CTF_RL_2020":"Not Affected","CTF_RL_2040_IL":"Not Affected","CTF_RL_2040_INT":"Not Affected","CTF_RL_2070_IL":"Not Affected","CTF_RL_2070_INT":"Not Affected","SSF_RL_100YR_CURR":"Not Affected","SSF_RL_100YR_2040_IL":"Not Affected","SSF_RL_100YR_2040_INT":"Not Affected","SSF_RL_100YR_2070_IL":"Not Affected","SSF_RL_100YR_2070_INT":"Not Affected","SSF_RL_500YR_CURR":"Not Affected","SSF_RL_500YR_2040_IL":"Not Affected","SSF_RL_500YR_2040_INT":"Not Affected","SSF_RL_500YR_2070_IL":"Medium","SSF_RL_500YR_2070_INT":"Medium","RIF_RL_100YR_2020":"Not Affected","RIF_RL_100YR_2040":"Not Affected","RIF_RL_100YR_2070":"Not Affected","RIF_RL_500YR_2020":"Low","RIF_RL_500YR_2040":"Low","RIF_RL_500YR_2070":"Low"}},{"type":"Feature","id":43,"geometry":{"type":"Point","coordinates":[-80.419349410906,26.0332155293148]},"properties":{"OBJECTID_1":43,"OBJECTID":43,"Name":"BROWARD CORRECTIONAL INST","Address":"20421 SHERIDAN ST","City":"FORT LAUDERDALE","Zip":"33332","COUNTY":"Broward","X":-80.41934941,"Y":26.03321553,"LONGLAT":"-80.41934941,26.03321553","USNG":"17R NJ 58094 79491","OWNERSHIP":"STATE OF FLORIDA TIITF","PARCELID":"513902020010","FACILITY_T":"LOCAL CORRECTIONAL INSTITUTION","Asset_Elevation":null,"Owned_Maintained":"STATE OF FLORIDA TIITF","Asset":"LOCAL CORRECTIONAL INSTITUTION","Asset_Sub_Type":null,"Asset_Type":"Correctional Facilities","Asset_Group":"Critical Community and Emergency Facilities","Asset_Relevancy":"Locally Significant","Asset_ID":"CF_PT_43","Municipality":"Pembroke Pines","Water_Management_District":"South Florida Water Management District","Souce_Dataset_Entity":"FDEM","Souce_Dataset_Name":"Correctional Facilities - FDEM","Source_Asset_ID":null,"Restricted_Public_Disclosure":null,"Notes":null,"Regional_Planning_Council":"South Florida","FDEP_Regulatory_District":"Southeast District","RCP_Region":"Southeast","FDOT_District":4,"House_District_Number":103,"Senate_District_Number":35,"CTF_RL_2020":"Not Affected","CTF_RL_2040_IL":"Not Affected","CTF_RL_2040_INT":"Not Affected","CTF_RL_2070_IL":"Not Affected","CTF_RL_2070_INT":"Not Affected","SSF_RL_100YR_CURR":"Not Affected","SSF_RL_100YR_2040_IL":"Not Affected","SSF_RL_100YR_2040_INT":"Not Affected","SSF_RL_100YR_2070_IL":"Not Affected","SSF_RL_100YR_2070_INT":"Medium","SSF_RL_500YR_CURR":"Medium","SSF_RL_500YR_2040_IL":"Medium","SSF_RL_500YR_2040_INT":"Medium","SSF_RL_500YR_2070_IL":"Medium","SSF_RL_500YR_2070_INT":"High","RIF_RL_100YR_2020":"Medium","RIF_RL_100YR_2040":"Medium","RIF_RL_100YR_2070":"Medium","RIF_RL_500YR_2020":"Medium","RIF_RL_500YR_2040":"Medium","RIF_RL_500YR_2070":"Medium"}},{"type":"Feature","id":44,"geometry":{"type":"Point","coordinates":[-80.1631375370446,26.2481419415952]},"properties":{"OBJECTID_1":44,"OBJECTID":44,"Name":"NORTH BROWARD CO DETENTION FACILITY","Address":"1550 BLOUNT RD","City":"POMPANO BEACH","Zip":"33069","COUNTY":"Broward","X":-80.16313754,"Y":26.24814194,"LONGLAT":"-80.16313754,26.24814194","USNG":"17R NK 83576 03434","OWNERSHIP":"COUNTY","PARCELID":"484228250030","FACILITY_T":"LOCAL CORRECTIONAL INSTITUTION","Asset_Elevation":null,"Owned_Maintained":"COUNTY","Asset":"LOCAL CORRECTIONAL INSTITUTION","Asset_Sub_Type":null,"Asset_Type":"Correctional Facilities","Asset_Group":"Critical Community and Emergency Facilities","Asset_Relevancy":"Locally Significant","Asset_ID":"CF_PT_44","Municipality":"Pompano Beach","Water_Management_District":"South Florida Water Management District","Souce_Dataset_Entity":"FDEM","Souce_Dataset_Name":"Correctional Facilities - FDEM","Source_Asset_ID":null,"Restricted_Public_Disclosure":null,"Notes":null,"Regional_Planning_Council":"South Florida","FDEP_Regulatory_District":"Southeast District","RCP_Region":"Southeast","FDOT_District":4,"House_District_Number":98,"Senate_District_Number":30,"CTF_RL_2020":"Not Affected","CTF_RL_2040_IL":"Not Affected","CTF_RL_2040_INT":"Not Affected","CTF_RL_2070_IL":"Not Affected","CTF_RL_2070_INT":"Not Affected","SSF_RL_100YR_CURR":"Not Affected","SSF_RL_100YR_2040_IL":"Not Affected","SSF_RL_100YR_2040_INT":"Not Affected","SSF_RL_100YR_2070_IL":"Not Affected","SSF_RL_100YR_2070_INT":"Not Affected","SSF_RL_500YR_CURR":"Not Affected","SSF_RL_500YR_2040_IL":"Not Affected","SSF_RL_500YR_2040_INT":"Not Affected","SSF_RL_500YR_2070_IL":"Not Affected","SSF_RL_500YR_2070_INT":"Not Affected","RIF_RL_100YR_2020":"Not Affected","RIF_RL_100YR_2040":"Not Affected","RIF_RL_100YR_2070":"Not Affected","RIF_RL_500YR_2020":"Not Affected","RIF_RL_500YR_2040":"Not Affected","RIF_RL_500YR_2070":"Not Affected"}},{"type":"Feature","id":45,"geometry":{"type":"Point","coordinates":[-80.1600809261081,26.2480704361541]},"properties":{"OBJECTID_1":45,"OBJECTID":45,"Name":"BROWARD CO J.V. CONTE FACILITY","Address":"1351 NW 27TH AVE","City":"POMPANO BEACH","Zip":"33069","COUNTY":"Broward","X":-80.16008093,"Y":26.24807044,"LONGLAT":"-80.16008093,26.24807044","USNG":"17R NK 83881 03428","OWNERSHIP":"COUNTY","PARCELID":"484228250030","FACILITY_T":"LOCAL CORRECTIONAL INSTITUTION","Asset_Elevation":null,"Owned_Maintained":"COUNTY","Asset":"LOCAL CORRECTIONAL INSTITUTION","Asset_Sub_Type":null,"Asset_Type":"Correctional Facilities","Asset_Group":"Critical Community and Emergency Facilities","Asset_Relevancy":"Locally Significant","Asset_ID":"CF_PT_45","Municipality":"Pompano Beach","Water_Management_District":"South Florida Water Management District","Souce_Dataset_Entity":"FDEM","Souce_Dataset_Name":"Correctional Facilities - FDEM","Source_Asset_ID":null,"Restricted_Public_Disclosure":null,"Notes":null,"Regional_Planning_Council":"South Florida","FDEP_Regulatory_District":"Southeast District","RCP_Region":"Southeast","FDOT_District":4,"House_District_Number":98,"Senate_District_Number":30,"CTF_RL_2020":"Not Affected","CTF_RL_2040_IL":"Not Affected","CTF_RL_2040_INT":"Not Affected","CTF_RL_2070_IL":"Not Affected","CTF_RL_2070_INT":"Not Affected","SSF_RL_100YR_CURR":"Not Affected","SSF_RL_100YR_2040_IL":"Not Affected","SSF_RL_100YR_2040_INT":"Not Affected","SSF_RL_100YR_2070_IL":"Not Affected","SSF_RL_100YR_2070_INT":"Not Affected","SSF_RL_500YR_CURR":"Not Affected","SSF_RL_500YR_2040_IL":"Not Affected","SSF_RL_500YR_2040_INT":"Not Affected","SSF_RL_500YR_2070_IL":"Not Affected","SSF_RL_500YR_2070_INT":"Not Affected","RIF_RL_100YR_2020":"Not Affected","RIF_RL_100YR_2040":"Not Affected","RIF_RL_100YR_2070":"Not Affected","RIF_RL_500YR_2020":"Not Affected","RIF_RL_500YR_2040":"Not Affected","RIF_RL_500YR_2070":"Not Affected"}},{"type":"Feature","id":46,"geometry":{"type":"Point","coordinates":[-80.1587800378394,26.1207434709849]},"properties":{"OBJECTID_1":46,"OBJECTID":46,"Name":"FT LAUDERDALE MUNCIPAL JAIL","Address":"1300 W BROWARD BLVD","City":"FORT LAUDERDALE","Zip":"33312","COUNTY":"Broward","X":-80.15878004,"Y":26.12074347,"LONGLAT":"-80.15878004,26.12074347","USNG":"17R NJ 84102 89327","OWNERSHIP":"MUNICIPAL","PARCELID":"504209010070","FACILITY_T":"LOCAL CORRECTIONAL INSTITUTION","Asset_Elevation":null,"Owned_Maintained":"MUNICIPAL","Asset":"LOCAL CORRECTIONAL INSTITUTION","Asset_Sub_Type":null,"Asset_Type":"Correctional Facilities","Asset_Group":"Critical Community and Emergency Facilities","Asset_Relevancy":"Locally Significant","Asset_ID":"CF_PT_46","Municipality":"Fort Lauderdale","Water_Management_District":"South Florida Water Management District","Souce_Dataset_Entity":"FDEM","Souce_Dataset_Name":"Correctional Facilities - FDEM","Source_Asset_ID":null,"Restricted_Public_Disclosure":null,"Notes":null,"Regional_Planning_Council":"South Florida","FDEP_Regulatory_District":"Southeast District","RCP_Region":"Southeast","FDOT_District":4,"House_District_Number":99,"Senate_District_Number":32,"CTF_RL_2020":"Not Affected","CTF_RL_2040_IL":"Not Affected","CTF_RL_2040_INT":"Not Affected","CTF_RL_2070_IL":"Not Affected","CTF_RL_2070_INT":"Not Affected","SSF_RL_100YR_CURR":"Medium","SSF_RL_100YR_2040_IL":"Medium","SSF_RL_100YR_2040_INT":"Medium","SSF_RL_100YR_2070_IL":"High","SSF_RL_100YR_2070_INT":"High","SSF_RL_500YR_CURR":"High","SSF_RL_500YR_2040_IL":"High","SSF_RL_500YR_2040_INT":"High","SSF_RL_500YR_2070_IL":"High","SSF_RL_500YR_2070_INT":"High","RIF_RL_100YR_2020":"Medium","RIF_RL_100YR_2040":"Medium","RIF_RL_100YR_2070":"Medium","RIF_RL_500YR_2020":"Medium","RIF_RL_500YR_2040":"Medium","RIF_RL_500YR_2070":"Medium"}},{"type":"Feature","id":47,"geometry":{"type":"Point","coordinates":[-80.1511940423439,26.2772792767063]},"properties":{"OBJECTID_1":47,"OBJECTID":47,"Name":"BROWARD CO WORK RELEASE CENTER","Address":"3900 N POWERLINE RD","City":"POMPANO BEACH","Zip":"33064","COUNTY":"Broward","X":-80.15119404,"Y":26.27727928,"LONGLAT":"-80.15119404,26.27727928","USNG":"17R NK 84748 06669","OWNERSHIP":" ","PARCELID":"484215310020","FACILITY_T":"LOCAL CORRECTIONAL INSTITUTION","Asset_Elevation":null,"Owned_Maintained":" ","Asset":"LOCAL CORRECTIONAL INSTITUTION","Asset_Sub_Type":null,"Asset_Type":"Correctional Facilities","Asset_Group":"Critical Community and Emergency Facilities","Asset_Relevancy":"Locally Significant","Asset_ID":"CF_PT_47","Municipality":"Deerfield Beach","Water_Management_District":"South Florida Water Management District","Souce_Dataset_Entity":"FDEM","Souce_Dataset_Name":"Correctional Facilities - FDEM","Source_Asset_ID":null,"Restricted_Public_Disclosure":null,"Notes":null,"Regional_Planning_Council":"South Florida","FDEP_Regulatory_District":"Southeast District","RCP_Region":"Southeast","FDOT_District":4,"House_District_Number":98,"Senate_District_Number":30,"CTF_RL_2020":"Not Affected","CTF_RL_2040_IL":"Not Affected","CTF_RL_2040_INT":"Not Affected","CTF_RL_2070_IL":"Not Affected","CTF_RL_2070_INT":"Not Affected","SSF_RL_100YR_CURR":"Not Affected","SSF_RL_100YR_2040_IL":"Not Affected","SSF_RL_100YR_2040_INT":"Not Affected","SSF_RL_100YR_2070_IL":"Not Affected","SSF_RL_100YR_2070_INT":"Not Affected","SSF_RL_500YR_CURR":"Not Affected","SSF_RL_500YR_2040_IL":"Not Affected","SSF_RL_500YR_2040_INT":"Not Affected","SSF_RL_500YR_2070_IL":"Not Affected","SSF_RL_500YR_2070_INT":"Not Affected","RIF_RL_100YR_2020":"Not Affected","RIF_RL_100YR_2040":"Not Affected","RIF_RL_100YR_2070":"Not Affected","RIF_RL_500YR_2020":"Medium","RIF_RL_500YR_2040":"Medium","RIF_RL_500YR_2070":"Medium"}},{"type":"Feature","id":48,"geometry":{"type":"Point","coordinates":[-80.1421934364532,26.1162016303299]},"properties":{"OBJECTID_1":48,"OBJECTID":48,"Name":"BROWARD CO MAIN JAIL","Address":"555 SE 1ST AVE","City":"FORT LAUDERDALE","Zip":"33301","COUNTY":"Broward","X":-80.14219344,"Y":26.11620163,"LONGLAT":"-80.14219344,26.11620163","USNG":"17R NJ 85764 88835","OWNERSHIP":"COUNTY","PARCELID":"504210850010","FACILITY_T":"LOCAL CORRECTIONAL INSTITUTION","Asset_Elevation":null,"Owned_Maintained":"COUNTY","Asset":"LOCAL CORRECTIONAL INSTITUTION","Asset_Sub_Type":null,"Asset_Type":"Correctional Facilities","Asset_Group":"Critical Community and Emergency Facilities","Asset_Relevancy":"Locally Significant","Asset_ID":"CF_PT_48","Municipality":"Fort Lauderdale","Water_Management_District":"South Florida Water Management District","Souce_Dataset_Entity":"FDEM","Souce_Dataset_Name":"Correctional Facilities - FDEM","Source_Asset_ID":null,"Restricted_Public_Disclosure":null,"Notes":null,"Regional_Planning_Council":"South Florida","FDEP_Regulatory_District":"Southeast District","RCP_Region":"Southeast","FDOT_District":4,"House_District_Number":100,"Senate_District_Number":32,"CTF_RL_2020":"Not Affected","CTF_RL_2040_IL":"Not Affected","CTF_RL_2040_INT":"Not Affected","CTF_RL_2070_IL":"Not Affected","CTF_RL_2070_INT":"Not Affected","SSF_RL_100YR_CURR":"Not Affected","SSF_RL_100YR_2040_IL":"Low","SSF_RL_100YR_2040_INT":"Low","SSF_RL_100YR_2070_IL":"Medium","SSF_RL_100YR_2070_INT":"Medium","SSF_RL_500YR_CURR":"Medium","SSF_RL_500YR_2040_IL":"High","SSF_RL_500YR_2040_INT":"High","SSF_RL_500YR_2070_IL":"High","SSF_RL_500YR_2070_INT":"High","RIF_RL_100YR_2020":"Not Affected","RIF_RL_100YR_2040":"Not Affected","RIF_RL_100YR_2070":"Not Affected","RIF_RL_500YR_2020":"Not Affected","RIF_RL_500YR_2040":"Not Affected","RIF_RL_500YR_2070":"Not Affected"}},{"type":"Feature","id":49,"geometry":{"type":"Point","coordinates":[-85.0431187240526,30.4434782054348]},"properties":{"OBJECTID_1":49,"OBJECTID":49,"Name":"CALHOUN COUNTY JAIL/SHERIFF","Address":"20830 NE W.C. REEDER DR","City":"BLOUNTSTOWN","Zip":"32424","COUNTY":"Calhoun","X":-85.04311872,"Y":30.44347821,"LONGLAT":"-85.04311872,30.44347821","USNG":"16R FU 87909 69554","OWNERSHIP":"COUNTY","PARCELID":"33-1N-08-0000-0024-0000","FACILITY_T":"LOCAL CORRECTIONAL INSTITUTION","Asset_Elevation":null,"Owned_Maintained":"COUNTY","Asset":"LOCAL CORRECTIONAL INSTITUTION","Asset_Sub_Type":null,"Asset_Type":"Correctional Facilities","Asset_Group":"Critical Community and Emergency Facilities","Asset_Relevancy":"Locally Significant","Asset_ID":"CF_PT_49","Municipality":"Blountstown","Water_Management_District":"Northwest Florida Water Management District","Souce_Dataset_Entity":"FDEM","Souce_Dataset_Name":"Correctional Facilities - FDEM","Source_Asset_ID":null,"Restricted_Public_Disclosure":null,"Notes":null,"Regional_Planning_Council":"Apalachee","FDEP_Regulatory_District":"Northwest District","RCP_Region":"Northwest","FDOT_District":3,"House_District_Number":5,"Senate_District_Number":2,"CTF_RL_2020":"Not Affected","CTF_RL_2040_IL":"Not Affected","CTF_RL_2040_INT":"Not Affected","CTF_RL_2070_IL":"Not Affected","CTF_RL_2070_INT":"Not Affected","SSF_RL_100YR_CURR":"Not Affected","SSF_RL_100YR_2040_IL":"Not Affected","SSF_RL_100YR_2040_INT":"Not Affected","SSF_RL_100YR_2070_IL":"Not Affected","SSF_RL_100YR_2070_INT":"Not Affected","SSF_RL_500YR_CURR":"Not Affected","SSF_RL_500YR_2040_IL":"Not Affected","SSF_RL_500YR_2040_INT":"Not Affected","SSF_RL_500YR_2070_IL":"Not Affected","SSF_RL_500YR_2070_INT":"Not Affected","RIF_RL_100YR_2020":"Not Affected","RIF_RL_100YR_2040":"Not Affected","RIF_RL_100YR_2070":"Not Affected","RIF_RL_500YR_2020":"Not Affected","RIF_RL_500YR_2040":"Not Affected","RIF_RL_500YR_2070":"Not Affected"}},{"type":"Feature","id":50,"geometry":{"type":"Point","coordinates":[-85.0677349892325,30.4085153233179]},"properties":{"OBJECTID_1":50,"OBJECTID":50,"Name":"FLORIDA DEPARTMENT OF CORRECTIONS REGION 1 - CALHOUN CORRECTIONAL INSTITUTION","Address":"19562 SE INSTITUTION DR","City":"BLOUNTSTOWN","Zip":"32424","COUNTY":"Calhoun","X":-85.06773499,"Y":30.40851532,"LONGLAT":"-85.06773499,30.40851532","USNG":"16R FU 85611 65638","OWNERSHIP":" ","PARCELID":"07-1S-08-0000-0001-0100","FACILITY_T":"LOCAL CORRECTIONAL INSTITUTION","Asset_Elevation":null,"Owned_Maintained":" ","Asset":"LOCAL CORRECTIONAL INSTITUTION","Asset_Sub_Type":null,"Asset_Type":"Correctional Facilities","Asset_Group":"Critical Community and Emergency Facilities","Asset_Relevancy":"Locally Significant","Asset_ID":"CF_PT_50","Municipality":null,"Water_Management_District":"Northwest Florida Water Management District","Souce_Dataset_Entity":"FDEM","Souce_Dataset_Name":"Correctional Facilities - FDEM","Source_Asset_ID":null,"Restricted_Public_Disclosure":null,"Notes":null,"Regional_Planning_Council":"Apalachee","FDEP_Regulatory_District":"Northwest District","RCP_Region":"Northwest","FDOT_District":3,"House_District_Number":5,"Senate_District_Number":2,"CTF_RL_2020":"Not Affected","CTF_RL_2040_IL":"Not Affected","CTF_RL_2040_INT":"Not Affected","CTF_RL_2070_IL":"Not Affected","CTF_RL_2070_INT":"Not Affected","SSF_RL_100YR_CURR":"Not Affected","SSF_RL_100YR_2040_IL":"Not Affected","SSF_RL_100YR_2040_INT":"Not Affected","SSF_RL_100YR_2070_IL":"Not Affected","SSF_RL_100YR_2070_INT":"Not Affected","SSF_RL_500YR_CURR":"Not Affected","SSF_RL_500YR_2040_IL":"Not Affected","SSF_RL_500YR_2040_INT":"Not Affected","SSF_RL_500YR_2070_IL":"Not Affected","SSF_RL_500YR_2070_INT":"Not Affected","RIF_RL_100YR_2020":"Not Affected","RIF_RL_100YR_2040":"Not Affected","RIF_RL_100YR_2070":"Not Affected","RIF_RL_500YR_2020":"Not Affected","RIF_RL_500YR_2040":"Not Affected","RIF_RL_500YR_2070":"Not Affected"}},{"type":"Feature","id":51,"geometry":{"type":"Point","coordinates":[-85.0639692295067,30.4059677623531]},"properties":{"OBJECTID_1":51,"OBJECTID":51,"Name":"CALHOUN CORRECTIONAL INSTITUTION WORK CAMP","Address":"19562 SE INSTITUTION DR","City":"BLOUNTSTOWN","Zip":"32424","COUNTY":"Calhoun","X":-85.06396923,"Y":30.40596776,"LONGLAT":"-85.06396923,30.40596776","USNG":"16R FU 85978 65361","OWNERSHIP":"STATE","PARCELID":"08-1S-08-0000-0005-0000","FACILITY_T":"LOCAL CORRECTIONAL INSTITUTION","Asset_Elevation":null,"Owned_Maintained":"STATE","Asset":"LOCAL CORRECTIONAL INSTITUTION","Asset_Sub_Type":null,"Asset_Type":"Correctional Facilities","Asset_Group":"Critical Community and Emergency Facilities","Asset_Relevancy":"Locally Significant","Asset_ID":"CF_PT_51","Municipality":null,"Water_Management_District":"Northwest Florida Water Management District","Souce_Dataset_Entity":"FDEM","Souce_Dataset_Name":"Correctional Facilities - FDEM","Source_Asset_ID":null,"Restricted_Public_Disclosure":null,"Notes":null,"Regional_Planning_Council":"Apalachee","FDEP_Regulatory_District":"Northwest District","RCP_Region":"Northwest","FDOT_District":3,"House_District_Number":5,"Senate_District_Number":2,"CTF_RL_2020":"Not Affected","CTF_RL_2040_IL":"Not Affected","CTF_RL_2040_INT":"Not Affected","CTF_RL_2070_IL":"Not Affected","CTF_RL_2070_INT":"Not Affected","SSF_RL_100YR_CURR":"Not Affected","SSF_RL_100YR_2040_IL":"Not Affected","SSF_RL_100YR_2040_INT":"Not Affected","SSF_RL_100YR_2070_IL":"Not Affected","SSF_RL_100YR_2070_INT":"Not Affected","SSF_RL_500YR_CURR":"Not Affected","SSF_RL_500YR_2040_IL":"Not Affected","SSF_RL_500YR_2040_INT":"Not Affected","SSF_RL_500YR_2070_IL":"Not Affected","SSF_RL_500YR_2070_INT":"Not Affected","RIF_RL_100YR_2020":"Not Affected","RIF_RL_100YR_2040":"Not Affected","RIF_RL_100YR_2070":"Not Affected","RIF_RL_500YR_2020":"Not Affected","RIF_RL_500YR_2040":"Not Affected","RIF_RL_500YR_2070":"Not Affected"}},{"type":"Feature","id":52,"geometry":{"type":"Point","coordinates":[-82.0068127841431,26.9148805831215]},"properties":{"OBJECTID_1":52,"OBJECTID":52,"Name":"CHARLOTTE COUNTY JAIL","Address":"26571 AIRPORT RD","City":"PUNTA GORDA","Zip":"33982","COUNTY":"Charlotte","X":-82.00681278,"Y":26.91488058,"LONGLAT":"-82.00681278,26.91488058","USNG":"17R MK 00030 77405","OWNERSHIP":"COUNTY","PARCELID":"412316200006","FACILITY_T":"LOCAL CORRECTIONAL INSTITUTION","Asset_Elevation":null,"Owned_Maintained":"COUNTY","Asset":"LOCAL CORRECTIONAL INSTITUTION","Asset_Sub_Type":null,"Asset_Type":"Correctional Facilities","Asset_Group":"Critical Community and Emergency Facilities","Asset_Relevancy":"Locally Significant","Asset_ID":"CF_PT_52","Municipality":null,"Water_Management_District":"Southwest Florida Water Management District","Souce_Dataset_Entity":"FDEM","Souce_Dataset_Name":"Correctional Facilities - FDEM","Source_Asset_ID":null,"Restricted_Public_Disclosure":null,"Notes":null,"Regional_Planning_Council":"Southwest Florida","FDEP_Regulatory_District":"South District","RCP_Region":"Southwest","FDOT_District":1,"House_District_Number":76,"Senate_District_Number":27,"CTF_RL_2020":"Not Affected","CTF_RL_2040_IL":"Not Affected","CTF_RL_2040_INT":"Not Affected","CTF_RL_2070_IL":"Not Affected","CTF_RL_2070_INT":"Not Affected","SSF_RL_100YR_CURR":"Not Affected","SSF_RL_100YR_2040_IL":"Not Affected","SSF_RL_100YR_2040_INT":"Not Affected","SSF_RL_100YR_2070_IL":"Not Affected","SSF_RL_100YR_2070_INT":"Not Affected","SSF_RL_500YR_CURR":"Not Affected","SSF_RL_500YR_2040_IL":"Not Affected","SSF_RL_500YR_2040_INT":"Not Affected","SSF_RL_500YR_2070_IL":"Not Affected","SSF_RL_500YR_2070_INT":"Not Affected","RIF_RL_100YR_2020":"Not Affected","RIF_RL_100YR_2040":"Not Affected","RIF_RL_100YR_2070":"Not Affected","RIF_RL_500YR_2020":"Not Affected","RIF_RL_500YR_2040":"Not Affected","RIF_RL_500YR_2070":"Not Affected"}},{"type":"Feature","id":53,"geometry":{"type":"Point","coordinates":[-81.9034063156369,26.803579308763]},"properties":{"OBJECTID_1":53,"OBJECTID":53,"Name":"CHARLOTTE CORRECTIONAL INSTITUTION","Address":"33123 OIL WELL RD","City":"PUNTA GORDA","Zip":"33955","COUNTY":"Charlotte","X":-81.90340632,"Y":26.80357931,"LONGLAT":"-81.90340632,26.80357931","USNG":"17R MK 10210 64999","OWNERSHIP":"STATE","PARCELID":"422427100001","FACILITY_T":"STATE CORRECTIONAL INSTITUTION","Asset_Elevation":null,"Owned_Maintained":"STATE","Asset":"STATE CORRECTIONAL INSTITUTION","Asset_Sub_Type":null,"Asset_Type":"Correctional Facilities","Asset_Group":"Critical Community and Emergency Facilities","Asset_Relevancy":"Locally Significant","Asset_ID":"CF_PT_53","Municipality":null,"Water_Management_District":"South Florida Water Management District","Souce_Dataset_Entity":"FDEM","Souce_Dataset_Name":"Correctional Facilities - FDEM","Source_Asset_ID":null,"Restricted_Public_Disclosure":null,"Notes":null,"Regional_Planning_Council":"Southwest Florida","FDEP_Regulatory_District":"South District","RCP_Region":"Southwest","FDOT_District":1,"House_District_Number":76,"Senate_District_Number":27,"CTF_RL_2020":"Not Affected","CTF_RL_2040_IL":"Not Affected","CTF_RL_2040_INT":"Not Affected","CTF_RL_2070_IL":"Not Affected","CTF_RL_2070_INT":"Not Affected","SSF_RL_100YR_CURR":"Not Affected","SSF_RL_100YR_2040_IL":"Not Affected","SSF_RL_100YR_2040_INT":"Not Affected","SSF_RL_100YR_2070_IL":"Not Affected","SSF_RL_100YR_2070_INT":"Not Affected","SSF_RL_500YR_CURR":"Not Affected","SSF_RL_500YR_2040_IL":"Not Affected","SSF_RL_500YR_2040_INT":"Not Affected","SSF_RL_500YR_2070_IL":"Not Affected","SSF_RL_500YR_2070_INT":"Not Affected","RIF_RL_100YR_2020":"Not Affected","RIF_RL_100YR_2040":"Not Affected","RIF_RL_100YR_2070":"Not Affected","RIF_RL_500YR_2020":"Not Affected","RIF_RL_500YR_2040":"Not Affected","RIF_RL_500YR_2070":"Not Affected"}},{"type":"Feature","id":54,"geometry":{"type":"Point","coordinates":[-81.6971797161336,26.9353281129354]},"properties":{"OBJECTID_1":54,"OBJECTID":54,"Name":"CROSSROADS WILDERNESS INSTITUTE","Address":"45991 BERMONT RD","City":"PUNTA GORDA","Zip":"33982","COUNTY":"Charlotte","X":-81.69717972,"Y":26.93532811,"LONGLAT":"-81.69717972,26.93532811","USNG":"17R MK 30788 79463","OWNERSHIP":"STATE OF FLORIDA TIITF","PARCELID":"412603400001","FACILITY_T":"JUVENILE CORRECTIONAL INSTITUTION","Asset_Elevation":null,"Owned_Maintained":"STATE OF FLORIDA TIITF","Asset":"JUVENILE CORRECTIONAL INSTITUTION","Asset_Sub_Type":null,"Asset_Type":"Correctional Facilities","Asset_Group":"Critical Community and Emergency Facilities","Asset_Relevancy":"Locally Significant","Asset_ID":"CF_PT_54","Municipality":null,"Water_Management_District":"South Florida Water Management District","Souce_Dataset_Entity":"FDEM","Souce_Dataset_Name":"Correctional Facilities - FDEM","Source_Asset_ID":null,"Restricted_Public_Disclosure":null,"Notes":null,"Regional_Planning_Council":"Southwest Florida","FDEP_Regulatory_District":"South District","RCP_Region":"Southwest","FDOT_District":1,"House_District_Number":76,"Senate_District_Number":27,"CTF_RL_2020":"Not Affected","CTF_RL_2040_IL":"Not Affected","CTF_RL_2040_INT":"Not Affected","CTF_RL_2070_IL":"Not Affected","CTF_RL_2070_INT":"Not Affected","SSF_RL_100YR_CURR":"Not Affected","SSF_RL_100YR_2040_IL":"Not Affected","SSF_RL_100YR_2040_INT":"Not Affected","SSF_RL_100YR_2070_IL":"Not Affected","SSF_RL_100YR_2070_INT":"Not Affected","SSF_RL_500YR_CURR":"Not Affected","SSF_RL_500YR_2040_IL":"Not Affected","SSF_RL_500YR_2040_INT":"Not Affected","SSF_RL_500YR_2070_IL":"Not Affected","SSF_RL_500YR_2070_INT":"Not Affected","RIF_RL_100YR_2020":"Not Affected","RIF_RL_100YR_2040":"Not Affected","RIF_RL_100YR_2070":"Not Affected","RIF_RL_500YR_2020":"Not Affected","RIF_RL_500YR_2040":"Not Affected","RIF_RL_500YR_2070":"Not Affected"}},{"type":"Feature","id":55,"geometry":{"type":"Point","coordinates":[-82.4813816603314,28.8447402312756]},"properties":{"OBJECTID_1":55,"OBJECTID":55,"Name":"CYPRESS CREEK JUVENILE OFFENDER CORRECTIONAL CENTER","Address":"2855 W WOODLAND RIDGE DR","City":"LECANTO","Zip":"34461","COUNTY":"Citrus","X":-82.48138166,"Y":28.84474023,"LONGLAT":"-82.48138166,28.84474023","USNG":"17R LM 55489 91685","OWNERSHIP":"STATE","PARCELID":"18E19S09      70003 0040","FACILITY_T":"JUVENILE CORRECTIONAL INSTITUTION","Asset_Elevation":null,"Owned_Maintained":"STATE","Asset":"JUVENILE CORRECTIONAL INSTITUTION","Asset_Sub_Type":null,"Asset_Type":"Correctional Facilities","Asset_Group":"Critical Community and Emergency Facilities","Asset_Relevancy":"Locally Significant","Asset_ID":"CF_PT_55","Municipality":null,"Water_Management_District":"Southwest Florida Water Management District","Souce_Dataset_Entity":"FDEM","Souce_Dataset_Name":"Correctional Facilities - FDEM","Source_Asset_ID":null,"Restricted_Public_Disclosure":null,"Notes":null,"Regional_Planning_Council":"Tampa Bay","FDEP_Regulatory_District":"Southwest District","RCP_Region":"Northwest","FDOT_District":7,"House_District_Number":23,"Senate_District_Number":11,"CTF_RL_2020":"Not Affected","CTF_RL_2040_IL":"Not Affected","CTF_RL_2040_INT":"Not Affected","CTF_RL_2070_IL":"Not Affected","CTF_RL_2070_INT":"Not Affected","SSF_RL_100YR_CURR":"Not Affected","SSF_RL_100YR_2040_IL":"Not Affected","SSF_RL_100YR_2040_INT":"Not Affected","SSF_RL_100YR_2070_IL":"Not Affected","SSF_RL_100YR_2070_INT":"Not Affected","SSF_RL_500YR_CURR":"Not Affected","SSF_RL_500YR_2040_IL":"Not Affected","SSF_RL_500YR_2040_INT":"Not Affected","SSF_RL_500YR_2070_IL":"Not Affected","SSF_RL_500YR_2070_INT":"Not Affected","RIF_RL_100YR_2020":"Not Affected","RIF_RL_100YR_2040":"Not Affected","RIF_RL_100YR_2070":"Not Affected","RIF_RL_500YR_2020":"Not Affected","RIF_RL_500YR_2040":"Not Affected","RIF_RL_500YR_2070":"Not Affected"}},{"type":"Feature","id":56,"geometry":{"type":"Point","coordinates":[-82.3220736520715,28.7458696519848]},"properties":{"OBJECTID_1":56,"OBJECTID":56,"Name":"CAMP E-NINI-HASSEE","Address":"7027 E STAGE COACH TRL","City":"FLORAL CITY","Zip":"34436","COUNTY":"Citrus","X":-82.32207365,"Y":28.74586965,"LONGLAT":"-82.32207365,28.74586965","USNG":"17R LM 70910 80547","OWNERSHIP":"COUNTY","PARCELID":"20E20S16      12000","FACILITY_T":"JUVENILE CORRECTIONAL INSTITUTION","Asset_Elevation":null,"Owned_Maintained":"COUNTY","Asset":"JUVENILE CORRECTIONAL INSTITUTION","Asset_Sub_Type":null,"Asset_Type":"Correctional Facilities","Asset_Group":"Critical Community and Emergency Facilities","Asset_Relevancy":"Locally Significant","Asset_ID":"CF_PT_56","Municipality":null,"Water_Management_District":"Southwest Florida Water Management District","Souce_Dataset_Entity":"FDEM","Souce_Dataset_Name":"Correctional Facilities - FDEM","Source_Asset_ID":null,"Restricted_Public_Disclosure":null,"Notes":null,"Regional_Planning_Council":"Tampa Bay","FDEP_Regulatory_District":"Southwest District","RCP_Region":"Northwest","FDOT_District":7,"House_District_Number":23,"Senate_District_Number":11,"CTF_RL_2020":"Not Affected","CTF_RL_2040_IL":"Not Affected","CTF_RL_2040_INT":"Not Affected","CTF_RL_2070_IL":"Not Affected","CTF_RL_2070_INT":"Not Affected","SSF_RL_100YR_CURR":"Not Affected","SSF_RL_100YR_2040_IL":"Not Affected","SSF_RL_100YR_2040_INT":"Not Affected","SSF_RL_100YR_2070_IL":"Not Affected","SSF_RL_100YR_2070_INT":"Not Affected","SSF_RL_500YR_CURR":"Not Affected","SSF_RL_500YR_2040_IL":"Not Affected","SSF_RL_500YR_2040_INT":"Not Affected","SSF_RL_500YR_2070_IL":"Not Affected","SSF_RL_500YR_2070_INT":"Not Affected","RIF_RL_100YR_2020":"Not Affected","RIF_RL_100YR_2040":"Not Affected","RIF_RL_100YR_2070":"Not Affected","RIF_RL_500YR_2020":"Not Affected","RIF_RL_500YR_2040":"Not Affected","RIF_RL_500YR_2070":"Not Affected"}},{"type":"Feature","id":57,"geometry":{"type":"Point","coordinates":[-82.4772393886442,28.8450390244336]},"properties":{"OBJECTID_1":57,"OBJECTID":57,"Name":"CITRUS COUNTY DETENTION CENTER","Address":"2604 W WOODLAND RIDGE DR","City":"LECANTO","Zip":"34461","COUNTY":"Citrus","X":-82.47723939,"Y":28.84503903,"LONGLAT":"-82.47723939,28.84503903","USNG":"17R LM 55894 91713","OWNERSHIP":"COUNTY","PARCELID":"18E19S09      70003","FACILITY_T":"LOCAL CORRECTIONAL INSTITUTION","Asset_Elevation":null,"Owned_Maintained":"COUNTY","Asset":"LOCAL CORRECTIONAL INSTITUTION","Asset_Sub_Type":null,"Asset_Type":"Correctional Facilities","Asset_Group":"Critical Community and Emergency Facilities","Asset_Relevancy":"Locally Significant","Asset_ID":"CF_PT_57","Municipality":null,"Water_Management_District":"Southwest Florida Water Management District","Souce_Dataset_Entity":"FDEM","Souce_Dataset_Name":"Correctional Facilities - FDEM","Source_Asset_ID":null,"Restricted_Public_Disclosure":null,"Notes":null,"Regional_Planning_Council":"Tampa Bay","FDEP_Regulatory_District":"Southwest District","RCP_Region":"Northwest","FDOT_District":7,"House_District_Number":23,"Senate_District_Number":11,"CTF_RL_2020":"Not Affected","CTF_RL_2040_IL":"Not Affected","CTF_RL_2040_INT":"Not Affected","CTF_RL_2070_IL":"Not Affected","CTF_RL_2070_INT":"Not Affected","SSF_RL_100YR_CURR":"Not Affected","SSF_RL_100YR_2040_IL":"Not Affected","SSF_RL_100YR_2040_INT":"Not Affected","SSF_RL_100YR_2070_IL":"Not Affected","SSF_RL_100YR_2070_INT":"Not Affected","SSF_RL_500YR_CURR":"Not Affected","SSF_RL_500YR_2040_IL":"Not Affected","SSF_RL_500YR_2040_INT":"Not Affected","SSF_RL_500YR_2070_IL":"Not Affected","SSF_RL_500YR_2070_INT":"Not Affected","RIF_RL_100YR_2020":"High","RIF_RL_100YR_2040":"High","RIF_RL_100YR_2070":"High","RIF_RL_500YR_2020":"High","RIF_RL_500YR_2040":"High","RIF_RL_500YR_2070":"High"}},{"type":"Feature","id":58,"geometry":{"type":"Point","coordinates":[-81.6871010085411,30.0038175737711]},"properties":{"OBJECTID_1":58,"OBJECTID":58,"Name":"CLAY COUNTY JAIL","Address":"901 N ORANGE AVE","City":"GREEN COVE SPRINGS","Zip":"32043","COUNTY":"Clay","X":-81.68722435,"Y":30.00396916,"LONGLAT":"-81.68722435,30.00396916","USNG":"17R MP 33720 19423","OWNERSHIP":"COUNTY","PARCELID":"38-06-26-018020-000-00","FACILITY_T":"LOCAL CORRECTIONAL INSTITUTION","Asset_Elevation":null,"Owned_Maintained":"COUNTY","Asset":"LOCAL CORRECTIONAL INSTITUTION","Asset_Sub_Type":null,"Asset_Type":"Correctional Facilities","Asset_Group":"Critical Community and Emergency Facilities","Asset_Relevancy":"Locally Significant","Asset_ID":"CF_PT_58","Municipality":"Green Cove Springs","Water_Management_District":"St. Johns River Water Management District","Souce_Dataset_Entity":"FDEM","Souce_Dataset_Name":"Correctional Facilities - FDEM","Source_Asset_ID":null,"Restricted_Public_Disclosure":null,"Notes":null,"Regional_Planning_Council":"Northeast Florida","FDEP_Regulatory_District":"Northeast District","RCP_Region":"Northeast","FDOT_District":2,"House_District_Number":20,"Senate_District_Number":6,"CTF_RL_2020":"Not Affected","CTF_RL_2040_IL":"Not Affected","CTF_RL_2040_INT":"Not Affected","CTF_RL_2070_IL":"Not Affected","CTF_RL_2070_INT":"Not Affected","SSF_RL_100YR_CURR":"Not Affected","SSF_RL_100YR_2040_IL":"Not Affected","SSF_RL_100YR_2040_INT":"Not Affected","SSF_RL_100YR_2070_IL":"Not Affected","SSF_RL_100YR_2070_INT":"Not Affected","SSF_RL_500YR_CURR":"Not Affected","SSF_RL_500YR_2040_IL":"Not Affected","SSF_RL_500YR_2040_INT":"Not Affected","SSF_RL_500YR_2070_IL":"Not Affected","SSF_RL_500YR_2070_INT":"Not Affected","RIF_RL_100YR_2020":"Not Affected","RIF_RL_100YR_2040":"Not Affected","RIF_RL_100YR_2070":"Not Affected","RIF_RL_500YR_2020":"Not Affected","RIF_RL_500YR_2040":"Not Affected","RIF_RL_500YR_2070":"Not Affected"}},{"type":"Feature","id":59,"geometry":{"type":"Point","coordinates":[-81.764351076646,26.1278967106901]},"properties":{"OBJECTID_1":59,"OBJECTID":59,"Name":"COLLIER COUNTY JAIL/SHERIFF DEPT","Address":"3301 E TAMIAMI TRL","City":"NAPLES","Zip":"34112","COUNTY":"Collier","X":-81.76435108,"Y":26.12789671,"LONGLAT":"-81.76435108,26.12789671","USNG":"17R MJ 23587 90072","OWNERSHIP":"COUNTY","PARCELID":"00389600008","FACILITY_T":"LOCAL CORRECTIONAL INSTITUTION","Asset_Elevation":null,"Owned_Maintained":"COUNTY","Asset":"LOCAL CORRECTIONAL INSTITUTION","Asset_Sub_Type":null,"Asset_Type":"Correctional Facilities","Asset_Group":"Critical Community and Emergency Facilities","Asset_Relevancy":"Locally Significant","Asset_ID":"CF_PT_59","Municipality":null,"Water_Management_District":"South Florida Water Management District","Souce_Dataset_Entity":"FDEM","Souce_Dataset_Name":"Correctional Facilities - FDEM","Source_Asset_ID":null,"Restricted_Public_Disclosure":null,"Notes":null,"Regional_Planning_Council":"Southwest Florida","FDEP_Regulatory_District":"South District","RCP_Region":"Southwest","FDOT_District":1,"House_District_Number":81,"Senate_District_Number":28,"CTF_RL_2020":"Not Affected","CTF_RL_2040_IL":"Not Affected","CTF_RL_2040_INT":"Not Affected","CTF_RL_2070_IL":"Not Affected","CTF_RL_2070_INT":"Not Affected","SSF_RL_100YR_CURR":"Not Affected","SSF_RL_100YR_2040_IL":"Not Affected","SSF_RL_100YR_2040_INT":"Not Affected","SSF_RL_100YR_2070_IL":"Not Affected","SSF_RL_100YR_2070_INT":"Not Affected","SSF_RL_500YR_CURR":"Medium","SSF_RL_500YR_2040_IL":"Medium","SSF_RL_500YR_2040_INT":"Medium","SSF_RL_500YR_2070_IL":"High","SSF_RL_500YR_2070_INT":"High","RIF_RL_100YR_2020":"Not Affected","RIF_RL_100YR_2040":"Not Affected","RIF_RL_100YR_2070":"Not Affected","RIF_RL_500YR_2020":"Not Affected","RIF_RL_500YR_2040":"Not Affected","RIF_RL_500YR_2070":"Not Affected"}},{"type":"Feature","id":60,"geometry":{"type":"Point","coordinates":[-81.7638490196723,26.1291557034822]},"properties":{"OBJECTID_1":60,"OBJECTID":60,"Name":"COLLIER JUVENILE DETENTION CENTER","Address":"3319 TAMIAMI TRL E BLDG J","City":"NAPLES","Zip":"34112","COUNTY":"Collier","X":-81.76384902,"Y":26.1291557,"LONGLAT":"-81.76384902,26.12915570","USNG":"17R MJ 23638 90211","OWNERSHIP":"COUNTY","PARCELID":"00389600008","FACILITY_T":"JUVENILE CORRECTIONAL INSTITUTION","Asset_Elevation":null,"Owned_Maintained":"COUNTY","Asset":"JUVENILE CORRECTIONAL INSTITUTION","Asset_Sub_Type":null,"Asset_Type":"Correctional Facilities","Asset_Group":"Critical Community and Emergency Facilities","Asset_Relevancy":"Locally Significant","Asset_ID":"CF_PT_60","Municipality":null,"Water_Management_District":"South Florida Water Management District","Souce_Dataset_Entity":"FDEM","Souce_Dataset_Name":"Correctional Facilities - FDEM","Source_Asset_ID":null,"Restricted_Public_Disclosure":null,"Notes":null,"Regional_Planning_Council":"Southwest Florida","FDEP_Regulatory_District":"South District","RCP_Region":"Southwest","FDOT_District":1,"House_District_Number":81,"Senate_District_Number":28,"CTF_RL_2020":"Not Affected","CTF_RL_2040_IL":"Not Affected","CTF_RL_2040_INT":"Not Affected","CTF_RL_2070_IL":"Not Affected","CTF_RL_2070_INT":"Not Affected","SSF_RL_100YR_CURR":"Not Affected","SSF_RL_100YR_2040_IL":"Not Affected","SSF_RL_100YR_2040_INT":"Not Affected","SSF_RL_100YR_2070_IL":"Medium","SSF_RL_100YR_2070_INT":"Medium","SSF_RL_500YR_CURR":"High","SSF_RL_500YR_2040_IL":"High","SSF_RL_500YR_2040_INT":"High","SSF_RL_500YR_2070_IL":"High","SSF_RL_500YR_2070_INT":"High","RIF_RL_100YR_2020":"Not Affected","RIF_RL_100YR_2040":"Not Affected","RIF_RL_100YR_2070":"Not Affected","RIF_RL_500YR_2020":"Not Affected","RIF_RL_500YR_2040":"Not Affected","RIF_RL_500YR_2070":"Not Affected"}},{"type":"Feature","id":61,"geometry":{"type":"Point","coordinates":[-81.4117014823144,26.3963389106971]},"properties":{"OBJECTID_1":61,"OBJECTID":61,"Name":"COLLIER COUNTY IMMOKALEE JAIL CENTER","Address":"302 STOCKADE RD","City":"IMMOKALEE","Zip":"34142","COUNTY":"Collier","X":-81.41170148,"Y":26.39633891,"LONGLAT":"-81.41170148,26.39633891","USNG":"17R MK 58936 19642","OWNERSHIP":"COUNTY","PARCELID":"00137680005","FACILITY_T":"CORRECTIONAL FACILITY","Asset_Elevation":null,"Owned_Maintained":"COUNTY","Asset":"CORRECTIONAL FACILITY","Asset_Sub_Type":null,"Asset_Type":"Correctional Facilities","Asset_Group":"Critical Community and Emergency Facilities","Asset_Relevancy":"Locally Significant","Asset_ID":"CF_PT_61","Municipality":null,"Water_Management_District":"South Florida Water Management District","Souce_Dataset_Entity":"FDEM","Souce_Dataset_Name":"Correctional Facilities - FDEM","Source_Asset_ID":null,"Restricted_Public_Disclosure":null,"Notes":null,"Regional_Planning_Council":"Southwest Florida","FDEP_Regulatory_District":"South District","RCP_Region":"Southwest","FDOT_District":1,"House_District_Number":82,"Senate_District_Number":28,"CTF_RL_2020":"Not Affected","CTF_RL_2040_IL":"Not Affected","CTF_RL_2040_INT":"Not Affected","CTF_RL_2070_IL":"Not Affected","CTF_RL_2070_INT":"Not Affected","SSF_RL_100YR_CURR":"Not Affected","SSF_RL_100YR_2040_IL":"Not Affected","SSF_RL_100YR_2040_INT":"Not Affected","SSF_RL_100YR_2070_IL":"Not Affected","SSF_RL_100YR_2070_INT":"Not Affected","SSF_RL_500YR_CURR":"Not Affected","SSF_RL_500YR_2040_IL":"Not Affected","SSF_RL_500YR_2040_INT":"Not Affected","SSF_RL_500YR_2070_IL":"Not Affected","SSF_RL_500YR_2070_INT":"Not Affected","RIF_RL_100YR_2020":"Not Affected","RIF_RL_100YR_2040":"Not Affected","RIF_RL_100YR_2070":"Not Affected","RIF_RL_500YR_2020":"Not Affected","RIF_RL_500YR_2040":"Not Affected","RIF_RL_500YR_2070":"Not Affected"}},{"type":"Feature","id":62,"geometry":{"type":"Point","coordinates":[-81.2646457747421,25.9402451791682]},"properties":{"OBJECTID_1":62,"OBJECTID":62,"Name":"BIG CYPRESS WILDERNESS INSTITUTE","Address":"259595 TURNER RIVER RD","City":"OCHOPEE","Zip":"34141","COUNTY":"Collier","X":-81.26464577,"Y":25.94024518,"LONGLAT":"-81.26464577,25.94024518","USNG":"17R MJ 73501 69093","OWNERSHIP":"FEDERAL","PARCELID":"01143120008","FACILITY_T":"CORRECTIONAL FACILITY","Asset_Elevation":null,"Owned_Maintained":"FEDERAL","Asset":"CORRECTIONAL FACILITY","Asset_Sub_Type":null,"Asset_Type":"Correctional Facilities","Asset_Group":"Critical Community and Emergency Facilities","Asset_Relevancy":"Locally Significant","Asset_ID":"CF_PT_62","Municipality":null,"Water_Management_District":"South Florida Water Management District","Souce_Dataset_Entity":"FDEM","Souce_Dataset_Name":"Correctional Facilities - FDEM","Source_Asset_ID":null,"Restricted_Public_Disclosure":null,"Notes":null,"Regional_Planning_Council":"Southwest Florida","FDEP_Regulatory_District":"South District","RCP_Region":"Southwest","FDOT_District":1,"House_District_Number":82,"Senate_District_Number":28,"CTF_RL_2020":"Not Affected","CTF_RL_2040_IL":"Not Affected","CTF_RL_2040_INT":"Not Affected","CTF_RL_2070_IL":"Not Affected","CTF_RL_2070_INT":"Not Affected","SSF_RL_100YR_CURR":"Not Affected","SSF_RL_100YR_2040_IL":"Not Affected","SSF_RL_100YR_2040_INT":"Not Affected","SSF_RL_100YR_2070_IL":"Not Affected","SSF_RL_100YR_2070_INT":"Low","SSF_RL_500YR_CURR":"High","SSF_RL_500YR_2040_IL":"High","SSF_RL_500YR_2040_INT":"High","SSF_RL_500YR_2070_IL":"High","SSF_RL_500YR_2070_INT":"High","RIF_RL_100YR_2020":"Low","RIF_RL_100YR_2040":"Low","RIF_RL_100YR_2070":"Low","RIF_RL_500YR_2020":"Medium","RIF_RL_500YR_2040":"Medium","RIF_RL_500YR_2070":"Medium"}},{"type":"Feature","id":63,"geometry":{"type":"Point","coordinates":[-82.5084325071221,30.1878507128718]},"properties":{"OBJECTID_1":63,"OBJECTID":63,"Name":"FLORIDA DEPARTMENT OF CORRECTIONS REGION 2 - COLUMBIA CORRECTIONAL INSTITUTION ANNEX","Address":"216 SE CORRECTIONS WAY","City":"LAKE CITY","Zip":"32025","COUNTY":"Columbia","X":-82.50843251,"Y":30.18785071,"LONGLAT":"-82.50843251,30.18785071","USNG":"17R LP 54781 40562","OWNERSHIP":" ","PARCELID":"34-3S-18-10339-003","FACILITY_T":"LOCAL CORRECTIONAL INSTITUTION","Asset_Elevation":null,"Owned_Maintained":" ","Asset":"LOCAL CORRECTIONAL INSTITUTION","Asset_Sub_Type":null,"Asset_Type":"Correctional Facilities","Asset_Group":"Critical Community and Emergency Facilities","Asset_Relevancy":"Locally Significant","Asset_ID":"CF_PT_63","Municipality":null,"Water_Management_District":"Suwannee River Water Management District","Souce_Dataset_Entity":"FDEM","Souce_Dataset_Name":"Correctional Facilities - FDEM","Source_Asset_ID":null,"Restricted_Public_Disclosure":null,"Notes":null,"Regional_Planning_Council":"North Central Florida","FDEP_Regulatory_District":"Northeast District","RCP_Region":"Northwest","FDOT_District":2,"House_District_Number":10,"Senate_District_Number":6,"CTF_RL_2020":"Not Affected","CTF_RL_2040_IL":"Not Affected","CTF_RL_2040_INT":"Not Affected","CTF_RL_2070_IL":"Not Affected","CTF_RL_2070_INT":"Not Affected","SSF_RL_100YR_CURR":"Not Affected","SSF_RL_100YR_2040_IL":"Not Affected","SSF_RL_100YR_2040_INT":"Not Affected","SSF_RL_100YR_2070_IL":"Not Affected","SSF_RL_100YR_2070_INT":"Not Affected","SSF_RL_500YR_CURR":"Not Affected","SSF_RL_500YR_2040_IL":"Not Affected","SSF_RL_500YR_2040_INT":"Not Affected","SSF_RL_500YR_2070_IL":"Not Affected","SSF_RL_500YR_2070_INT":"Not Affected","RIF_RL_100YR_2020":"Not Affected","RIF_RL_100YR_2040":"Not Affected","RIF_RL_100YR_2070":"Not Affected","RIF_RL_500YR_2020":"Not Affected","RIF_RL_500YR_2040":"Not Affected","RIF_RL_500YR_2070":"Not Affected"}},{"type":"Feature","id":64,"geometry":{"type":"Point","coordinates":[-82.6434685207222,30.2205254666033]},"properties":{"OBJECTID_1":64,"OBJECTID":64,"Name":"COLUMBIA COUNTY DETENTION CENTER/SHERIFF DEPT","Address":"389 NW QUINTEN ST","City":"LAKE CITY","Zip":"32055","COUNTY":"Columbia","X":-82.64346852,"Y":30.22052547,"LONGLAT":"-82.64346852,30.22052547","USNG":"17R LP 41832 44363","OWNERSHIP":"COUNTY","PARCELID":"20-3S-17-05222-000","FACILITY_T":"LOCAL CORRECTIONAL INSTITUTION","Asset_Elevation":null,"Owned_Maintained":"COUNTY","Asset":"LOCAL CORRECTIONAL INSTITUTION","Asset_Sub_Type":null,"Asset_Type":"Correctional Facilities","Asset_Group":"Critical Community and Emergency Facilities","Asset_Relevancy":"Locally Significant","Asset_ID":"CF_PT_64","Municipality":null,"Water_Management_District":"Suwannee River Water Management District","Souce_Dataset_Entity":"FDEM","Souce_Dataset_Name":"Correctional Facilities - FDEM","Source_Asset_ID":null,"Restricted_Public_Disclosure":null,"Notes":null,"Regional_Planning_Council":"North Central Florida","FDEP_Regulatory_District":"Northeast District","RCP_Region":"Northwest","FDOT_District":2,"House_District_Number":10,"Senate_District_Number":6,"CTF_RL_2020":"Not Affected","CTF_RL_2040_IL":"Not Affected","CTF_RL_2040_INT":"Not Affected","CTF_RL_2070_IL":"Not Affected","CTF_RL_2070_INT":"Not Affected","SSF_RL_100YR_CURR":"Not Affected","SSF_RL_100YR_2040_IL":"Not Affected","SSF_RL_100YR_2040_INT":"Not Affected","SSF_RL_100YR_2070_IL":"Not Affected","SSF_RL_100YR_2070_INT":"Not Affected","SSF_RL_500YR_CURR":"Not Affected","SSF_RL_500YR_2040_IL":"Not Affected","SSF_RL_500YR_2040_INT":"Not Affected","SSF_RL_500YR_2070_IL":"Not Affected","SSF_RL_500YR_2070_INT":"Not Affected","RIF_RL_100YR_2020":"Not Affected","RIF_RL_100YR_2040":"Not Affected","RIF_RL_100YR_2070":"Not Affected","RIF_RL_500YR_2020":"Not Affected","RIF_RL_500YR_2040":"Not Affected","RIF_RL_500YR_2070":"Not Affected"}},{"type":"Feature","id":65,"geometry":{"type":"Point","coordinates":[-82.5048708286405,30.1907163340992]},"properties":{"OBJECTID_1":65,"OBJECTID":65,"Name":"COLUMBIA WORK CAMP","Address":"216 SE CORRECTIONS WAY","City":"LAKE CITY","Zip":"32025","COUNTY":"Columbia","X":-82.50487083,"Y":30.19071633,"LONGLAT":"-82.50487083,30.19071633","USNG":"17R LP 55128 40875","OWNERSHIP":" ","PARCELID":"34-3S-18-10339-001","FACILITY_T":"LOCAL CORRECTIONAL INSTITUTION","Asset_Elevation":null,"Owned_Maintained":" ","Asset":"LOCAL CORRECTIONAL INSTITUTION","Asset_Sub_Type":null,"Asset_Type":"Correctional Facilities","Asset_Group":"Critical Community and Emergency Facilities","Asset_Relevancy":"Locally Significant","Asset_ID":"CF_PT_65","Municipality":null,"Water_Management_District":"Suwannee River Water Management District","Souce_Dataset_Entity":"FDEM","Souce_Dataset_Name":"Correctional Facilities - FDEM","Source_Asset_ID":null,"Restricted_Public_Disclosure":null,"Notes":null,"Regional_Planning_Council":"North Central Florida","FDEP_Regulatory_District":"Northeast District","RCP_Region":"Northwest","FDOT_District":2,"House_District_Number":10,"Senate_District_Number":6,"CTF_RL_2020":"Not Affected","CTF_RL_2040_IL":"Not Affected","CTF_RL_2040_INT":"Not Affected","CTF_RL_2070_IL":"Not Affected","CTF_RL_2070_INT":"Not Affected","SSF_RL_100YR_CURR":"Not Affected","SSF_RL_100YR_2040_IL":"Not Affected","SSF_RL_100YR_2040_INT":"Not Affected","SSF_RL_100YR_2070_IL":"Not Affected","SSF_RL_100YR_2070_INT":"Not Affected","SSF_RL_500YR_CURR":"Not Affected","SSF_RL_500YR_2040_IL":"Not Affected","SSF_RL_500YR_2040_INT":"Not Affected","SSF_RL_500YR_2070_IL":"Not Affected","SSF_RL_500YR_2070_INT":"Not Affected","RIF_RL_100YR_2020":"Not Affected","RIF_RL_100YR_2040":"Not Affected","RIF_RL_100YR_2070":"Not Affected","RIF_RL_500YR_2020":"Not Affected","RIF_RL_500YR_2040":"Not Affected","RIF_RL_500YR_2070":"Not Affected"}},{"type":"Feature","id":66,"geometry":{"type":"Point","coordinates":[-82.5072062973694,30.1929084911101]},"properties":{"OBJECTID_1":66,"OBJECTID":66,"Name":"LAKE CITY CORRECTIONAL FACILITY","Address":"216 SE CORRECTIONS WAY","City":"LAKE CITY","Zip":"32025","COUNTY":"Columbia","X":-82.5072063,"Y":30.19290849,"LONGLAT":"-82.50720630,30.19290849","USNG":"17R LP 54907 41121","OWNERSHIP":" ","PARCELID":"34-3S-18-10339-002","FACILITY_T":"LOCAL CORRECTIONAL INSTITUTION","Asset_Elevation":null,"Owned_Maintained":" ","Asset":"LOCAL CORRECTIONAL INSTITUTION","Asset_Sub_Type":null,"Asset_Type":"Correctional Facilities","Asset_Group":"Critical Community and Emergency Facilities","Asset_Relevancy":"Locally Significant","Asset_ID":"CF_PT_66","Municipality":null,"Water_Management_District":"Suwannee River Water Management District","Souce_Dataset_Entity":"FDEM","Souce_Dataset_Name":"Correctional Facilities - FDEM","Source_Asset_ID":null,"Restricted_Public_Disclosure":null,"Notes":null,"Regional_Planning_Council":"North Central Florida","FDEP_Regulatory_District":"Northeast District","RCP_Region":"Northwest","FDOT_District":2,"House_District_Number":10,"Senate_District_Number":6,"CTF_RL_2020":"Not Affected","CTF_RL_2040_IL":"Not Affected","CTF_RL_2040_INT":"Not Affected","CTF_RL_2070_IL":"Not Affected","CTF_RL_2070_INT":"Not Affected","SSF_RL_100YR_CURR":"Not Affected","SSF_RL_100YR_2040_IL":"Not Affected","SSF_RL_100YR_2040_INT":"Not Affected","SSF_RL_100YR_2070_IL":"Not Affected","SSF_RL_100YR_2070_INT":"Not Affected","SSF_RL_500YR_CURR":"Not Affected","SSF_RL_500YR_2040_IL":"Not Affected","SSF_RL_500YR_2040_INT":"Not Affected","SSF_RL_500YR_2070_IL":"Not Affected","SSF_RL_500YR_2070_INT":"Not Affected","RIF_RL_100YR_2020":"Not Affected","RIF_RL_100YR_2040":"Not Affected","RIF_RL_100YR_2070":"Not Affected","RIF_RL_500YR_2020":"Not Affected","RIF_RL_500YR_2040":"Not Affected","RIF_RL_500YR_2070":"Not Affected"}},{"type":"Feature","id":67,"geometry":{"type":"Point","coordinates":[-82.5008941882756,30.1921530220381]},"properties":{"OBJECTID_1":67,"OBJECTID":67,"Name":"COLUMBIA CORRECTIONAL INSTITUTION","Address":"216 SE CORRECTIONS WAY","City":"LAKE CITY","Zip":"32025","COUNTY":"Columbia","X":-82.50089419,"Y":30.19215302,"LONGLAT":"-82.50089419,30.19215302","USNG":"17R LP 55513 41029","OWNERSHIP":" ","PARCELID":"34-3S-18-10339-001","FACILITY_T":"LOCAL CORRECTIONAL INSTITUTION","Asset_Elevation":null,"Owned_Maintained":" ","Asset":"LOCAL CORRECTIONAL INSTITUTION","Asset_Sub_Type":null,"Asset_Type":"Correctional Facilities","Asset_Group":"Critical Community and Emergency Facilities","Asset_Relevancy":"Locally Significant","Asset_ID":"CF_PT_67","Municipality":null,"Water_Management_District":"Suwannee River Water Management District","Souce_Dataset_Entity":"FDEM","Souce_Dataset_Name":"Correctional Facilities - FDEM","Source_Asset_ID":null,"Restricted_Public_Disclosure":null,"Notes":null,"Regional_Planning_Council":"North Central Florida","FDEP_Regulatory_District":"Northeast District","RCP_Region":"Northwest","FDOT_District":2,"House_District_Number":10,"Senate_District_Number":6,"CTF_RL_2020":"Not Affected","CTF_RL_2040_IL":"Not Affected","CTF_RL_2040_INT":"Not Affected","CTF_RL_2070_IL":"Not Affected","CTF_RL_2070_INT":"Not Affected","SSF_RL_100YR_CURR":"Not Affected","SSF_RL_100YR_2040_IL":"Not Affected","SSF_RL_100YR_2040_INT":"Not Affected","SSF_RL_100YR_2070_IL":"Not Affected","SSF_RL_100YR_2070_INT":"Not Affected","SSF_RL_500YR_CURR":"Not Affected","SSF_RL_500YR_2040_IL":"Not Affected","SSF_RL_500YR_2040_INT":"Not Affected","SSF_RL_500YR_2070_IL":"Not Affected","SSF_RL_500YR_2070_INT":"Not Affected","RIF_RL_100YR_2020":"Not Affected","RIF_RL_100YR_2040":"Not Affected","RIF_RL_100YR_2070":"Not Affected","RIF_RL_500YR_2020":"Not Affected","RIF_RL_500YR_2040":"Not Affected","RIF_RL_500YR_2070":"Not Affected"}},{"type":"Feature","id":68,"geometry":{"type":"Point","coordinates":[-82.6539153961017,30.1949920608529]},"properties":{"OBJECTID_1":68,"OBJECTID":68,"Name":"LAKE CITY WORK RELEASE CTR","Address":"1099 NW DOT GLEN","City":"LAKE CITY","Zip":"32055","COUNTY":"Columbia","X":-82.6539154,"Y":30.19499206,"LONGLAT":"-82.65391540,30.19499206","USNG":"17R LP 40785 41548","OWNERSHIP":"STATE","PARCELID":"30-3S-17-05866-000","FACILITY_T":"LOCAL CORRECTIONAL INSTITUTION","Asset_Elevation":null,"Owned_Maintained":"STATE","Asset":"LOCAL CORRECTIONAL INSTITUTION","Asset_Sub_Type":null,"Asset_Type":"Correctional Facilities","Asset_Group":"Critical Community and Emergency Facilities","Asset_Relevancy":"Locally Significant","Asset_ID":"CF_PT_68","Municipality":"Lake City","Water_Management_District":"Suwannee River Water Management District","Souce_Dataset_Entity":"FDEM","Souce_Dataset_Name":"Correctional Facilities - FDEM","Source_Asset_ID":null,"Restricted_Public_Disclosure":null,"Notes":null,"Regional_Planning_Council":"North Central Florida","FDEP_Regulatory_District":"Northeast District","RCP_Region":"Northwest","FDOT_District":2,"House_District_Number":10,"Senate_District_Number":6,"CTF_RL_2020":"Not Affected","CTF_RL_2040_IL":"Not Affected","CTF_RL_2040_INT":"Not Affected","CTF_RL_2070_IL":"Not Affected","CTF_RL_2070_INT":"Not Affected","SSF_RL_100YR_CURR":"Not Affected","SSF_RL_100YR_2040_IL":"Not Affected","SSF_RL_100YR_2040_INT":"Not Affected","SSF_RL_100YR_2070_IL":"Not Affected","SSF_RL_100YR_2070_INT":"Not Affected","SSF_RL_500YR_CURR":"Not Affected","SSF_RL_500YR_2040_IL":"Not Affected","SSF_RL_500YR_2040_INT":"Not Affected","SSF_RL_500YR_2070_IL":"Not Affected","SSF_RL_500YR_2070_INT":"Not Affected","RIF_RL_100YR_2020":"Not Affected","RIF_RL_100YR_2040":"Not Affected","RIF_RL_100YR_2070":"Not Affected","RIF_RL_500YR_2020":"Not Affected","RIF_RL_500YR_2040":"Not Affected","RIF_RL_500YR_2070":"Not Affected"}},{"type":"Feature","id":69,"geometry":{"type":"Point","coordinates":[-81.8563308505149,27.2171000679089]},"properties":{"OBJECTID_1":69,"OBJECTID":69,"Name":"DESOTO COUNTY JAIL","Address":"208 E CYPRESS ST","City":"ARCADIA","Zip":"34266","COUNTY":"DeSoto","X":-81.85633085,"Y":27.21710007,"LONGLAT":"-81.85633085,27.21710007","USNG":"17R ML 15200 10771","OWNERSHIP":"COUNTY","PARCELID":"25-37-24-0012-0210-0010","FACILITY_T":"LOCAL CORRECTIONAL INSTITUTION","Asset_Elevation":null,"Owned_Maintained":"COUNTY","Asset":"LOCAL CORRECTIONAL INSTITUTION","Asset_Sub_Type":null,"Asset_Type":"Correctional Facilities","Asset_Group":"Critical Community and Emergency Facilities","Asset_Relevancy":"Locally Significant","Asset_ID":"CF_PT_69","Municipality":"Arcadia","Water_Management_District":"Southwest Florida Water Management District","Souce_Dataset_Entity":"FDEM","Souce_Dataset_Name":"Correctional Facilities - FDEM","Source_Asset_ID":null,"Restricted_Public_Disclosure":null,"Notes":null,"Regional_Planning_Council":"Central Florida","FDEP_Regulatory_District":"South District","RCP_Region":"Southwest","FDOT_District":1,"House_District_Number":76,"Senate_District_Number":27,"CTF_RL_2020":"Not Affected","CTF_RL_2040_IL":"Not Affected","CTF_RL_2040_INT":"Not Affected","CTF_RL_2070_IL":"Not Affected","CTF_RL_2070_INT":"Not Affected","SSF_RL_100YR_CURR":"Not Affected","SSF_RL_100YR_2040_IL":"Not Affected","SSF_RL_100YR_2040_INT":"Not Affected","SSF_RL_100YR_2070_IL":"Not Affected","SSF_RL_100YR_2070_INT":"Not Affected","SSF_RL_500YR_CURR":"Not Affected","SSF_RL_500YR_2040_IL":"Not Affected","SSF_RL_500YR_2040_INT":"Not Affected","SSF_RL_500YR_2070_IL":"Not Affected","SSF_RL_500YR_2070_INT":"Not Affected","RIF_RL_100YR_2020":"Not Affected","RIF_RL_100YR_2040":"Not Affected","RIF_RL_100YR_2070":"Not Affected","RIF_RL_500YR_2020":"Not Affected","RIF_RL_500YR_2040":"Not Affected","RIF_RL_500YR_2070":"Not Affected"}},{"type":"Feature","id":70,"geometry":{"type":"Point","coordinates":[-81.8926768148907,27.2338856191748]},"properties":{"OBJECTID_1":70,"OBJECTID":70,"Name":"ARCADIA ROAD PRISON","Address":"2961 NW COUNTY ROAD 661","City":"ARCADIA","Zip":"34266","COUNTY":"DeSoto","X":-81.89267681,"Y":27.23388562,"LONGLAT":"-81.89267681,27.23388562","USNG":"17R ML 11614 12655","OWNERSHIP":"STATE","PARCELID":"27-37-24-0000-0180-0000","FACILITY_T":"CORRECTIONAL FACILITY","Asset_Elevation":null,"Owned_Maintained":"STATE","Asset":"CORRECTIONAL FACILITY","Asset_Sub_Type":null,"Asset_Type":"Correctional Facilities","Asset_Group":"Critical Community and Emergency Facilities","Asset_Relevancy":"Locally Significant","Asset_ID":"CF_PT_70","Municipality":null,"Water_Management_District":"Southwest Florida Water Management District","Souce_Dataset_Entity":"FDEM","Souce_Dataset_Name":"Correctional Facilities - FDEM","Source_Asset_ID":null,"Restricted_Public_Disclosure":null,"Notes":null,"Regional_Planning_Council":"Central Florida","FDEP_Regulatory_District":"South District","RCP_Region":"Southwest","FDOT_District":1,"House_District_Number":76,"Senate_District_Number":27,"CTF_RL_2020":"Not Affected","CTF_RL_2040_IL":"Not Affected","CTF_RL_2040_INT":"Not Affected","CTF_RL_2070_IL":"Not Affected","CTF_RL_2070_INT":"Not Affected","SSF_RL_100YR_CURR":"Not Affected","SSF_RL_100YR_2040_IL":"Not Affected","SSF_RL_100YR_2040_INT":"Not Affected","SSF_RL_100YR_2070_IL":"Not Affected","SSF_RL_100YR_2070_INT":"Not Affected","SSF_RL_500YR_CURR":"Not Affected","SSF_RL_500YR_2040_IL":"Not Affected","SSF_RL_500YR_2040_INT":"Not Affected","SSF_RL_500YR_2070_IL":"Not Affected","SSF_RL_500YR_2070_INT":"Not Affected","RIF_RL_100YR_2020":"Not Affected","RIF_RL_100YR_2040":"Not Affected","RIF_RL_100YR_2070":"Not Affected","RIF_RL_500YR_2020":"Not Affected","RIF_RL_500YR_2040":"Low","RIF_RL_500YR_2070":"Low"}},{"type":"Feature","id":71,"geometry":{"type":"Point","coordinates":[-81.8017886035036,27.1347176682755]},"properties":{"OBJECTID_1":71,"OBJECTID":71,"Name":"KINGSLEY CENTER","Address":"5867 SE STATE ROAD 31","City":"ARCADIA","Zip":"34266","COUNTY":"DeSoto","X":-81.8017886,"Y":27.13471767,"LONGLAT":"-81.80178860,27.13471767","USNG":"17R ML 20543 01610","OWNERSHIP":"SPECIAL TAXING DISTRICT","PARCELID":"34-38-25-0000-0010-0000","FACILITY_T":"CORRECTIONAL FACILITY","Asset_Elevation":null,"Owned_Maintained":"SPECIAL TAXING DISTRICT","Asset":"CORRECTIONAL FACILITY","Asset_Sub_Type":null,"Asset_Type":"Correctional Facilities","Asset_Group":"Critical Community and Emergency Facilities","Asset_Relevancy":"Locally Significant","Asset_ID":"CF_PT_71","Municipality":null,"Water_Management_District":"Southwest Florida Water Management District","Souce_Dataset_Entity":"FDEM","Souce_Dataset_Name":"Correctional Facilities - FDEM","Source_Asset_ID":null,"Restricted_Public_Disclosure":null,"Notes":null,"Regional_Planning_Council":"Central Florida","FDEP_Regulatory_District":"South District","RCP_Region":"Southwest","FDOT_District":1,"House_District_Number":76,"Senate_District_Number":27,"CTF_RL_2020":"Not Affected","CTF_RL_2040_IL":"Not Affected","CTF_RL_2040_INT":"Not Affected","CTF_RL_2070_IL":"Not Affected","CTF_RL_2070_INT":"Not Affected","SSF_RL_100YR_CURR":"Not Affected","SSF_RL_100YR_2040_IL":"Not Affected","SSF_RL_100YR_2040_INT":"Not Affected","SSF_RL_100YR_2070_IL":"Not Affected","SSF_RL_100YR_2070_INT":"Not Affected","SSF_RL_500YR_CURR":"Not Affected","SSF_RL_500YR_2040_IL":"Not Affected","SSF_RL_500YR_2040_INT":"Not Affected","SSF_RL_500YR_2070_IL":"Not Affected","SSF_RL_500YR_2070_INT":"Not Affected","RIF_RL_100YR_2020":"Not Affected","RIF_RL_100YR_2040":"Not Affected","RIF_RL_100YR_2070":"Not Affected","RIF_RL_500YR_2020":"Not Affected","RIF_RL_500YR_2040":"Not Affected","RIF_RL_500YR_2070":"Not Affected"}},{"type":"Feature","id":72,"geometry":{"type":"Point","coordinates":[-81.7994885344484,27.1351945500409]},"properties":{"OBJECTID_1":72,"OBJECTID":72,"Name":"DESOTO DUAL DIAGNOSED CORRECTIONAL FACILITY","Address":"5871 SE STATE ROAD 31","City":"ARCADIA","Zip":"34266","COUNTY":"DeSoto","X":-81.79948853,"Y":27.13519455,"LONGLAT":"-81.79948853,27.13519455","USNG":"17R ML 20772 01661","OWNERSHIP":"SPECIAL TAXING DISTRICT","PARCELID":"34-38-25-0000-0010-0000","FACILITY_T":"CORRECTIONAL FACILITY","Asset_Elevation":null,"Owned_Maintained":"SPECIAL TAXING DISTRICT","Asset":"CORRECTIONAL FACILITY","Asset_Sub_Type":null,"Asset_Type":"Correctional Facilities","Asset_Group":"Critical Community and Emergency Facilities","Asset_Relevancy":"Locally Significant","Asset_ID":"CF_PT_72","Municipality":null,"Water_Management_District":"Southwest Florida Water Management District","Souce_Dataset_Entity":"FDEM","Souce_Dataset_Name":"Correctional Facilities - FDEM","Source_Asset_ID":null,"Restricted_Public_Disclosure":null,"Notes":null,"Regional_Planning_Council":"Central Florida","FDEP_Regulatory_District":"South District","RCP_Region":"Southwest","FDOT_District":1,"House_District_Number":76,"Senate_District_Number":27,"CTF_RL_2020":"Not Affected","CTF_RL_2040_IL":"Not Affected","CTF_RL_2040_INT":"Not Affected","CTF_RL_2070_IL":"Not Affected","CTF_RL_2070_INT":"Not Affected","SSF_RL_100YR_CURR":"Not Affected","SSF_RL_100YR_2040_IL":"Not Affected","SSF_RL_100YR_2040_INT":"Not Affected","SSF_RL_100YR_2070_IL":"Not Affected","SSF_RL_100YR_2070_INT":"Not Affected","SSF_RL_500YR_CURR":"Not Affected","SSF_RL_500YR_2040_IL":"Not Affected","SSF_RL_500YR_2040_INT":"Not Affected","SSF_RL_500YR_2070_IL":"Not Affected","SSF_RL_500YR_2070_INT":"Not Affected","RIF_RL_100YR_2020":"Not Affected","RIF_RL_100YR_2040":"Not Affected","RIF_RL_100YR_2070":"Not Affected","RIF_RL_500YR_2020":"Not Affected","RIF_RL_500YR_2040":"Not Affected","RIF_RL_500YR_2070":"Not Affected"}},{"type":"Feature","id":73,"geometry":{"type":"Point","coordinates":[-81.6703670687135,27.2070478458118]},"properties":{"OBJECTID_1":73,"OBJECTID":73,"Name":"DESOTO CORRECTIONAL INSTITUTE","Address":"13617 SE STATE ROAD 70","City":"ARCADIA","Zip":"34266","COUNTY":"DeSoto","X":-81.67036707,"Y":27.20704785,"LONGLAT":"-81.67036707,27.20704785","USNG":"17R ML 33610 09545","OWNERSHIP":" ","PARCELID":" ","FACILITY_T":"CORRECTIONAL FACILITY","Asset_Elevation":null,"Owned_Maintained":" ","Asset":"CORRECTIONAL FACILITY","Asset_Sub_Type":null,"Asset_Type":"Correctional Facilities","Asset_Group":"Critical Community and Emergency Facilities","Asset_Relevancy":"Locally Significant","Asset_ID":"CF_PT_73","Municipality":null,"Water_Management_District":"Southwest Florida Water Management District","Souce_Dataset_Entity":"FDEM","Souce_Dataset_Name":"Correctional Facilities - FDEM","Source_Asset_ID":null,"Restricted_Public_Disclosure":null,"Notes":null,"Regional_Planning_Council":"Central Florida","FDEP_Regulatory_District":"South District","RCP_Region":"Southwest","FDOT_District":1,"House_District_Number":76,"Senate_District_Number":27,"CTF_RL_2020":"Not Affected","CTF_RL_2040_IL":"Not Affected","CTF_RL_2040_INT":"Not Affected","CTF_RL_2070_IL":"Not Affected","CTF_RL_2070_INT":"Not Affected","SSF_RL_100YR_CURR":"Not Affected","SSF_RL_100YR_2040_IL":"Not Affected","SSF_RL_100YR_2040_INT":"Not Affected","SSF_RL_100YR_2070_IL":"Not Affected","SSF_RL_100YR_2070_INT":"Not Affected","SSF_RL_500YR_CURR":"Not Affected","SSF_RL_500YR_2040_IL":"Not Affected","SSF_RL_500YR_2040_INT":"Not Affected","SSF_RL_500YR_2070_IL":"Not Affected","SSF_RL_500YR_2070_INT":"Not Affected","RIF_RL_100YR_2020":"Not Affected","RIF_RL_100YR_2040":"Not Affected","RIF_RL_100YR_2070":"Not Affected","RIF_RL_500YR_2020":"Not Affected","RIF_RL_500YR_2040":"Not Affected","RIF_RL_500YR_2070":"Not Affected"}},{"type":"Feature","id":74,"geometry":{"type":"Point","coordinates":[-81.6703670687135,27.2070478458118]},"properties":{"OBJECTID_1":74,"OBJECTID":74,"Name":"DESOTO CORRECTIONAL INSTITUTE - STATE MENTAL HOSPITAL","Address":"13617 SE STATE ROAD 70","City":"ARCADIA","Zip":"34266","COUNTY":"DeSoto","X":-81.67036707,"Y":27.20704785,"LONGLAT":"-81.67036707,27.20704785","USNG":"17R ML 33610 09545","OWNERSHIP":" ","PARCELID":" ","FACILITY_T":"CORRECTIONAL FACILITY","Asset_Elevation":null,"Owned_Maintained":" ","Asset":"CORRECTIONAL FACILITY","Asset_Sub_Type":null,"Asset_Type":"Correctional Facilities","Asset_Group":"Critical Community and Emergency Facilities","Asset_Relevancy":"Locally Significant","Asset_ID":"CF_PT_73","Municipality":null,"Water_Management_District":"Southwest Florida Water Management District","Souce_Dataset_Entity":"FDEM","Souce_Dataset_Name":"Correctional Facilities - FDEM","Source_Asset_ID":null,"Restricted_Public_Disclosure":null,"Notes":null,"Regional_Planning_Council":"Central Florida","FDEP_Regulatory_District":"South District","RCP_Region":"Southwest","FDOT_District":1,"House_District_Number":76,"Senate_District_Number":27,"CTF_RL_2020":"Not Affected","CTF_RL_2040_IL":"Not Affected","CTF_RL_2040_INT":"Not Affected","CTF_RL_2070_IL":"Not Affected","CTF_RL_2070_INT":"Not Affected","SSF_RL_100YR_CURR":"Not Affected","SSF_RL_100YR_2040_IL":"Not Affected","SSF_RL_100YR_2040_INT":"Not Affected","SSF_RL_100YR_2070_IL":"Not Affected","SSF_RL_100YR_2070_INT":"Not Affected","SSF_RL_500YR_CURR":"Not Affected","SSF_RL_500YR_2040_IL":"Not Affected","SSF_RL_500YR_2040_INT":"Not Affected","SSF_RL_500YR_2070_IL":"Not Affected","SSF_RL_500YR_2070_INT":"Not Affected","RIF_RL_100YR_2020":"Not Affected","RIF_RL_100YR_2040":"Not Affected","RIF_RL_100YR_2070":"Not Affected","RIF_RL_500YR_2020":"Not Affected","RIF_RL_500YR_2040":"Not Affected","RIF_RL_500YR_2070":"Not Affected"}},{"type":"Feature","id":75,"geometry":{"type":"Point","coordinates":[-81.7987206205077,27.1312366032957]},"properties":{"OBJECTID_1":75,"OBJECTID":75,"Name":"DESOTO JUVENILE RESIDENTIAL FACILITY","Address":"5991 SE STATE ROAD 31","City":"ARCADIA","Zip":"34266","COUNTY":"DeSoto","X":-81.79872062,"Y":27.1312366,"LONGLAT":"-81.79872062,27.13123660","USNG":"17R ML 20845 01222","OWNERSHIP":"COUNTY","PARCELID":"34-38-25-0000-0010-0000","FACILITY_T":"JUVENILE CORRECTIONAL INSTITUTION","Asset_Elevation":null,"Owned_Maintained":"COUNTY","Asset":"JUVENILE CORRECTIONAL INSTITUTION","Asset_Sub_Type":null,"Asset_Type":"Correctional Facilities","Asset_Group":"Critical Community and Emergency Facilities","Asset_Relevancy":"Locally Significant","Asset_ID":"CF_PT_75","Municipality":null,"Water_Management_District":"Southwest Florida Water Management District","Souce_Dataset_Entity":"FDEM","Souce_Dataset_Name":"Correctional Facilities - FDEM","Source_Asset_ID":null,"Restricted_Public_Disclosure":null,"Notes":null,"Regional_Planning_Council":"Central Florida","FDEP_Regulatory_District":"South District","RCP_Region":"Southwest","FDOT_District":1,"House_District_Number":76,"Senate_District_Number":27,"CTF_RL_2020":"Not Affected","CTF_RL_2040_IL":"Not Affected","CTF_RL_2040_INT":"Not Affected","CTF_RL_2070_IL":"Not Affected","CTF_RL_2070_INT":"Not Affected","SSF_RL_100YR_CURR":"Not Affected","SSF_RL_100YR_2040_IL":"Not Affected","SSF_RL_100YR_2040_INT":"Not Affected","SSF_RL_100YR_2070_IL":"Not Affected","SSF_RL_100YR_2070_INT":"Not Affected","SSF_RL_500YR_CURR":"Not Affected","SSF_RL_500YR_2040_IL":"Not Affected","SSF_RL_500YR_2040_INT":"Not Affected","SSF_RL_500YR_2070_IL":"Not Affected","SSF_RL_500YR_2070_INT":"Not Affected","RIF_RL_100YR_2020":"Not Affected","RIF_RL_100YR_2040":"Not Affected","RIF_RL_100YR_2070":"Not Affected","RIF_RL_500YR_2020":"Not Affected","RIF_RL_500YR_2040":"Not Affected","RIF_RL_500YR_2070":"Not Affected"}},{"type":"Feature","id":76,"geometry":{"type":"Point","coordinates":[-81.9889303678879,27.1113681838578]},"properties":{"OBJECTID_1":76,"OBJECTID":76,"Name":"SPRING LAKE YOUTH ACADEMY","Address":"8806 SW START CENTER ST","City":"ARCADIA","Zip":"34269","COUNTY":"DeSoto","X":-81.98893037,"Y":27.11136818,"LONGLAT":"-81.98893037,27.11136818","USNG":"17R MK 01977 99155","OWNERSHIP":"STATE","PARCELID":"02-39-23-0000-0040-0000","FACILITY_T":"JUVENILE CORRECTIONAL INSTITUTION","Asset_Elevation":null,"Owned_Maintained":"STATE","Asset":"JUVENILE CORRECTIONAL INSTITUTION","Asset_Sub_Type":null,"Asset_Type":"Correctional Facilities","Asset_Group":"Critical Community and Emergency Facilities","Asset_Relevancy":"Locally Significant","Asset_ID":"CF_PT_76","Municipality":null,"Water_Management_District":"Southwest Florida Water Management District","Souce_Dataset_Entity":"FDEM","Souce_Dataset_Name":"Correctional Facilities - FDEM","Source_Asset_ID":null,"Restricted_Public_Disclosure":null,"Notes":null,"Regional_Planning_Council":"Central Florida","FDEP_Regulatory_District":"South District","RCP_Region":"Southwest","FDOT_District":1,"House_District_Number":76,"Senate_District_Number":27,"CTF_RL_2020":"Not Affected","CTF_RL_2040_IL":"Not Affected","CTF_RL_2040_INT":"Not Affected","CTF_RL_2070_IL":"Not Affected","CTF_RL_2070_INT":"Not Affected","SSF_RL_100YR_CURR":"Medium","SSF_RL_100YR_2040_IL":"Medium","SSF_RL_100YR_2040_INT":"Medium","SSF_RL_100YR_2070_IL":"High","SSF_RL_100YR_2070_INT":"High","SSF_RL_500YR_CURR":"High","SSF_RL_500YR_2040_IL":"High","SSF_RL_500YR_2040_INT":"High","SSF_RL_500YR_2070_IL":"High","SSF_RL_500YR_2070_INT":"High","RIF_RL_100YR_2020":"Not Affected","RIF_RL_100YR_2040":"Not Affected","RIF_RL_100YR_2070":"Not Affected","RIF_RL_500YR_2020":"Low","RIF_RL_500YR_2040":"Low","RIF_RL_500YR_2070":"Low"}},{"type":"Feature","id":77,"geometry":{"type":"Point","coordinates":[-83.0986326972281,29.6313319032282]},"properties":{"OBJECTID_1":77,"OBJECTID":77,"Name":"CROSS CITY WORK CAMP","Address":"568 NE 255th ST","City":"CROSS CITY","Zip":"32628","COUNTY":"Dixie","X":-83.0986327,"Y":29.6313319,"LONGLAT":"-83.09863270,29.63133190","USNG":"17R KN 96824 79775","OWNERSHIP":" ","PARCELID":"111012000026560000","FACILITY_T":"LOCAL CORRECTIONAL INSTITUTION","Asset_Elevation":null,"Owned_Maintained":" ","Asset":"LOCAL CORRECTIONAL INSTITUTION","Asset_Sub_Type":null,"Asset_Type":"Correctional Facilities","Asset_Group":"Critical Community and Emergency Facilities","Asset_Relevancy":"Locally Significant","Asset_ID":"CF_PT_77","Municipality":null,"Water_Management_District":"Suwannee River Water Management District","Souce_Dataset_Entity":"FDEM","Souce_Dataset_Name":"Correctional Facilities - FDEM","Source_Asset_ID":null,"Restricted_Public_Disclosure":null,"Notes":null,"Regional_Planning_Council":"North Central Florida","FDEP_Regulatory_District":"Northeast District","RCP_Region":"Northwest","FDOT_District":2,"House_District_Number":7,"Senate_District_Number":3,"CTF_RL_2020":"Not Affected","CTF_RL_2040_IL":"Not Affected","CTF_RL_2040_INT":"Not Affected","CTF_RL_2070_IL":"Not Affected","CTF_RL_2070_INT":"Not Affected","SSF_RL_100YR_CURR":"Not Affected","SSF_RL_100YR_2040_IL":"Not Affected","SSF_RL_100YR_2040_INT":"Not Affected","SSF_RL_100YR_2070_IL":"Not Affected","SSF_RL_100YR_2070_INT":"Not Affected","SSF_RL_500YR_CURR":"Not Affected","SSF_RL_500YR_2040_IL":"Not Affected","SSF_RL_500YR_2040_INT":"Not Affected","SSF_RL_500YR_2070_IL":"Not Affected","SSF_RL_500YR_2070_INT":"Not Affected","RIF_RL_100YR_2020":"Not Affected","RIF_RL_100YR_2040":"Not Affected","RIF_RL_100YR_2070":"Not Affected","RIF_RL_500YR_2020":"Not Affected","RIF_RL_500YR_2040":"Not Affected","RIF_RL_500YR_2070":"Not Affected"}},{"type":"Feature","id":78,"geometry":{"type":"Point","coordinates":[-83.0989678384907,29.6352913202672]},"properties":{"OBJECTID_1":78,"OBJECTID":78,"Name":"CROSS CITY CORRECTIONAL INSTITUTE","Address":"519 NE 255th ST","City":"CROSS CITY","Zip":"32628","COUNTY":"Dixie","X":-83.09896784,"Y":29.63529132,"LONGLAT":"-83.09896784,29.63529132","USNG":"17R KN 96799 80214","OWNERSHIP":" ","PARCELID":"111012000026560000","FACILITY_T":"LOCAL CORRECTIONAL INSTITUTION","Asset_Elevation":null,"Owned_Maintained":" ","Asset":"LOCAL CORRECTIONAL INSTITUTION","Asset_Sub_Type":null,"Asset_Type":"Correctional Facilities","Asset_Group":"Critical Community and Emergency Facilities","Asset_Relevancy":"Locally Significant","Asset_ID":"CF_PT_78","Municipality":null,"Water_Management_District":"Suwannee River Water Management District","Souce_Dataset_Entity":"FDEM","Souce_Dataset_Name":"Correctional Facilities - FDEM","Source_Asset_ID":null,"Restricted_Public_Disclosure":null,"Notes":null,"Regional_Planning_Council":"North Central Florida","FDEP_Regulatory_District":"Northeast District","RCP_Region":"Northwest","FDOT_District":2,"House_District_Number":7,"Senate_District_Number":3,"CTF_RL_2020":"Not Affected","CTF_RL_2040_IL":"Not Affected","CTF_RL_2040_INT":"Not Affected","CTF_RL_2070_IL":"Not Affected","CTF_RL_2070_INT":"Not Affected","SSF_RL_100YR_CURR":"Not Affected","SSF_RL_100YR_2040_IL":"Not Affected","SSF_RL_100YR_2040_INT":"Not Affected","SSF_RL_100YR_2070_IL":"Not Affected","SSF_RL_100YR_2070_INT":"Not Affected","SSF_RL_500YR_CURR":"Not Affected","SSF_RL_500YR_2040_IL":"Not Affected","SSF_RL_500YR_2040_INT":"Not Affected","SSF_RL_500YR_2070_IL":"Not Affected","SSF_RL_500YR_2070_INT":"Not Affected","RIF_RL_100YR_2020":"Low","RIF_RL_100YR_2040":"Low","RIF_RL_100YR_2070":"Low","RIF_RL_500YR_2020":"Medium","RIF_RL_500YR_2040":"Medium","RIF_RL_500YR_2070":"Medium"}},{"type":"Feature","id":79,"geometry":{"type":"Point","coordinates":[-83.0955606995153,29.6324795050537]},"properties":{"OBJECTID_1":79,"OBJECTID":79,"Name":"DIXIE COUNTY JAIL/SHERIFF DEPT","Address":"386 NE 255TH ST","City":"CROSS CITY","Zip":"32628","COUNTY":"Dixie","X":-83.0955607,"Y":29.63247951,"LONGLAT":"-83.09556070,29.63247951","USNG":"17R KN 97124 79897","OWNERSHIP":"COUNTY","PARCELID":"111012000026540000","FACILITY_T":"LOCAL CORRECTIONAL INSTITUTION","Asset_Elevation":null,"Owned_Maintained":"COUNTY","Asset":"LOCAL CORRECTIONAL INSTITUTION","Asset_Sub_Type":null,"Asset_Type":"Correctional Facilities","Asset_Group":"Critical Community and Emergency Facilities","Asset_Relevancy":"Locally Significant","Asset_ID":"CF_PT_79","Municipality":null,"Water_Management_District":"Suwannee River Water Management District","Souce_Dataset_Entity":"FDEM","Souce_Dataset_Name":"Correctional Facilities - FDEM","Source_Asset_ID":null,"Restricted_Public_Disclosure":null,"Notes":null,"Regional_Planning_Council":"North Central Florida","FDEP_Regulatory_District":"Northeast District","RCP_Region":"Northwest","FDOT_District":2,"House_District_Number":7,"Senate_District_Number":3,"CTF_RL_2020":"Not Affected","CTF_RL_2040_IL":"Not Affected","CTF_RL_2040_INT":"Not Affected","CTF_RL_2070_IL":"Not Affected","CTF_RL_2070_INT":"Not Affected","SSF_RL_100YR_CURR":"Not Affected","SSF_RL_100YR_2040_IL":"Not Affected","SSF_RL_100YR_2040_INT":"Not Affected","SSF_RL_100YR_2070_IL":"Not Affected","SSF_RL_100YR_2070_INT":"Not Affected","SSF_RL_500YR_CURR":"Not Affected","SSF_RL_500YR_2040_IL":"Not Affected","SSF_RL_500YR_2040_INT":"Not Affected","SSF_RL_500YR_2070_IL":"Not Affected","SSF_RL_500YR_2070_INT":"Not Affected","RIF_RL_100YR_2020":"Not Affected","RIF_RL_100YR_2040":"Not Affected","RIF_RL_100YR_2070":"Not Affected","RIF_RL_500YR_2020":"Not Affected","RIF_RL_500YR_2040":"Not Affected","RIF_RL_500YR_2070":"Not Affected"}},{"type":"Feature","id":80,"geometry":{"type":"Point","coordinates":[-81.7248539348561,30.538410143967]},"properties":{"OBJECTID_1":80,"OBJECTID":80,"Name":"J I MONTGOMERY CORRECTIONAL CENTER","Address":"4727 LANNIE RD","City":"JACKSONVILLE","Zip":"32218","COUNTY":"Duval","X":-81.72485393,"Y":30.53841014,"LONGLAT":"-81.72485393,30.53841014","USNG":"17R MP 30469 78671","OWNERSHIP":"COUNTY","PARCELID":"0196340100R","FACILITY_T":"LOCAL CORRECTIONAL INSTITUTION","Asset_Elevation":null,"Owned_Maintained":"COUNTY","Asset":"LOCAL CORRECTIONAL INSTITUTION","Asset_Sub_Type":null,"Asset_Type":"Correctional Facilities","Asset_Group":"Critical Community and Emergency Facilities","Asset_Relevancy":"Locally Significant","Asset_ID":"CF_PT_80","Municipality":"Jacksonville","Water_Management_District":"St. Johns River Water Management District","Souce_Dataset_Entity":"FDEM","Souce_Dataset_Name":"Correctional Facilities - FDEM","Source_Asset_ID":null,"Restricted_Public_Disclosure":null,"Notes":null,"Regional_Planning_Council":"Northeast Florida","FDEP_Regulatory_District":"Northeast District","RCP_Region":"Northeast","FDOT_District":2,"House_District_Number":15,"Senate_District_Number":4,"CTF_RL_2020":"Not Affected","CTF_RL_2040_IL":"Not Affected","CTF_RL_2040_INT":"Not Affected","CTF_RL_2070_IL":"Not Affected","CTF_RL_2070_INT":"Not Affected","SSF_RL_100YR_CURR":"Not Affected","SSF_RL_100YR_2040_IL":"Not Affected","SSF_RL_100YR_2040_INT":"Not Affected","SSF_RL_100YR_2070_IL":"Not Affected","SSF_RL_100YR_2070_INT":"Not Affected","SSF_RL_500YR_CURR":"Not Affected","SSF_RL_500YR_2040_IL":"Not Affected","SSF_RL_500YR_2040_INT":"Not Affected","SSF_RL_500YR_2070_IL":"Not Affected","SSF_RL_500YR_2070_INT":"Not Affected","RIF_RL_100YR_2020":"Not Affected","RIF_RL_100YR_2040":"Not Affected","RIF_RL_100YR_2070":"Not Affected","RIF_RL_500YR_2020":"Not Affected","RIF_RL_500YR_2040":"Not Affected","RIF_RL_500YR_2070":"Not Affected"}},{"type":"Feature","id":81,"geometry":{"type":"Point","coordinates":[-81.6383627202641,30.3458244529558]},"properties":{"OBJECTID_1":81,"OBJECTID":81,"Name":"DUVAL REGIONAL JUVENILE DETENTION CENTER","Address":"1283 E 8TH ST","City":"JACKSONVILLE","Zip":"32206","COUNTY":"Duval","X":-81.63836272,"Y":30.34582445,"LONGLAT":"-81.63836272,30.34582445","USNG":"17R MP 38645 57279","OWNERSHIP":"COUNTY","PARCELID":"1149850000R","FACILITY_T":"JUVENILE CORRECTIONAL INSTITUTION","Asset_Elevation":null,"Owned_Maintained":"COUNTY","Asset":"JUVENILE CORRECTIONAL INSTITUTION","Asset_Sub_Type":null,"Asset_Type":"Correctional Facilities","Asset_Group":"Critical Community and Emergency Facilities","Asset_Relevancy":"Locally Significant","Asset_ID":"CF_PT_81","Municipality":"Jacksonville","Water_Management_District":"St. Johns River Water Management District","Souce_Dataset_Entity":"FDEM","Souce_Dataset_Name":"Correctional Facilities - FDEM","Source_Asset_ID":null,"Restricted_Public_Disclosure":null,"Notes":null,"Regional_Planning_Council":"Northeast Florida","FDEP_Regulatory_District":"Northeast District","RCP_Region":"Northeast","FDOT_District":2,"House_District_Number":14,"Senate_District_Number":5,"CTF_RL_2020":"Not Affected","CTF_RL_2040_IL":"Not Affected","CTF_RL_2040_INT":"Not Affected","CTF_RL_2070_IL":"Not Affected","CTF_RL_2070_INT":"Not Affected","SSF_RL_100YR_CURR":"Not Affected","SSF_RL_100YR_2040_IL":"Not Affected","SSF_RL_100YR_2040_INT":"Not Affected","SSF_RL_100YR_2070_IL":"Not Affected","SSF_RL_100YR_2070_INT":"Not Affected","SSF_RL_500YR_CURR":"Not Affected","SSF_RL_500YR_2040_IL":"Not Affected","SSF_RL_500YR_2040_INT":"Not Affected","SSF_RL_500YR_2070_IL":"Not Affected","SSF_RL_500YR_2070_INT":"Not Affected","RIF_RL_100YR_2020":"Medium","RIF_RL_100YR_2040":"Medium","RIF_RL_100YR_2070":"Medium","RIF_RL_500YR_2020":"Medium","RIF_RL_500YR_2040":"High","RIF_RL_500YR_2070":"High"}},{"type":"Feature","id":82,"geometry":{"type":"Point","coordinates":[-81.6492464435449,30.3278068983425]},"properties":{"OBJECTID_1":82,"OBJECTID":82,"Name":"DUVAL COUNTY COMMUNITY CORRECTIONS DIVISION","Address":"451 N CATHERINE ST","City":"JACKSONVILLE","Zip":"32202","COUNTY":"Duval","X":-81.64924644,"Y":30.3278069,"LONGLAT":"-81.64924644,30.32780690","USNG":"17R MP 37587 55288","OWNERSHIP":"COUNTY","PARCELID":"0733180000R","FACILITY_T":"LOCAL CORRECTIONAL INSTITUTION","Asset_Elevation":null,"Owned_Maintained":"COUNTY","Asset":"LOCAL CORRECTIONAL INSTITUTION","Asset_Sub_Type":null,"Asset_Type":"Correctional Facilities","Asset_Group":"Critical Community and Emergency Facilities","Asset_Relevancy":"Locally Significant","Asset_ID":"CF_PT_82","Municipality":"Jacksonville","Water_Management_District":"St. Johns River Water Management District","Souce_Dataset_Entity":"FDEM","Souce_Dataset_Name":"Correctional Facilities - FDEM","Source_Asset_ID":null,"Restricted_Public_Disclosure":null,"Notes":null,"Regional_Planning_Council":"Northeast Florida","FDEP_Regulatory_District":"Northeast District","RCP_Region":"Northeast","FDOT_District":2,"House_District_Number":14,"Senate_District_Number":5,"CTF_RL_2020":"Not Affected","CTF_RL_2040_IL":"Not Affected","CTF_RL_2040_INT":"Not Affected","CTF_RL_2070_IL":"Not Affected","CTF_RL_2070_INT":"Not Affected","SSF_RL_100YR_CURR":"Not Affected","SSF_RL_100YR_2040_IL":"Not Affected","SSF_RL_100YR_2040_INT":"Not Affected","SSF_RL_100YR_2070_IL":"Not Affected","SSF_RL_100YR_2070_INT":"Not Affected","SSF_RL_500YR_CURR":"Not Affected","SSF_RL_500YR_2040_IL":"Not Affected","SSF_RL_500YR_2040_INT":"Not Affected","SSF_RL_500YR_2070_IL":"Not Affected","SSF_RL_500YR_2070_INT":"Not Affected","RIF_RL_100YR_2020":"Medium","RIF_RL_100YR_2040":"Medium","RIF_RL_100YR_2070":"Medium","RIF_RL_500YR_2020":"Medium","RIF_RL_500YR_2040":"Medium","RIF_RL_500YR_2070":"Medium"}},{"type":"Feature","id":83,"geometry":{"type":"Point","coordinates":[-81.6968026541096,30.3078686970001]},"properties":{"OBJECTID_1":83,"OBJECTID":83,"Name":"SHISA HOUSE E","Address":"2830 PARK ST","City":"JACKSONVILLE","Zip":"32205","COUNTY":"Duval","X":-81.69680265,"Y":30.3078687,"LONGLAT":"-81.69680265,30.30786870","USNG":"17R MP 33002 53106","OWNERSHIP":"STATE","PARCELID":"0783520000R","FACILITY_T":"LOCAL CORRECTIONAL INSTITUTION","Asset_Elevation":null,"Owned_Maintained":"STATE","Asset":"LOCAL CORRECTIONAL INSTITUTION","Asset_Sub_Type":null,"Asset_Type":"Correctional Facilities","Asset_Group":"Critical Community and Emergency Facilities","Asset_Relevancy":"Locally Significant","Asset_ID":"CF_PT_83","Municipality":"Jacksonville","Water_Management_District":"St. Johns River Water Management District","Souce_Dataset_Entity":"FDEM","Souce_Dataset_Name":"Correctional Facilities - FDEM","Source_Asset_ID":null,"Restricted_Public_Disclosure":null,"Notes":null,"Regional_Planning_Council":"Northeast Florida","FDEP_Regulatory_District":"Northeast District","RCP_Region":"Northeast","FDOT_District":2,"House_District_Number":13,"Senate_District_Number":5,"CTF_RL_2020":"Not Affected","CTF_RL_2040_IL":"Not Affected","CTF_RL_2040_INT":"Not Affected","CTF_RL_2070_IL":"Not Affected","CTF_RL_2070_INT":"Not Affected","SSF_RL_100YR_CURR":"Not Affected","SSF_RL_100YR_2040_IL":"Not Affected","SSF_RL_100YR_2040_INT":"Not Affected","SSF_RL_100YR_2070_IL":"Not Affected","SSF_RL_100YR_2070_INT":"Not Affected","SSF_RL_500YR_CURR":"Not Affected","SSF_RL_500YR_2040_IL":"Not Affected","SSF_RL_500YR_2040_INT":"Not Affected","SSF_RL_500YR_2070_IL":"Not Affected","SSF_RL_500YR_2070_INT":"Not Affected","RIF_RL_100YR_2020":"Not Affected","RIF_RL_100YR_2040":"Not Affected","RIF_RL_100YR_2070":"Not Affected","RIF_RL_500YR_2020":"Not Affected","RIF_RL_500YR_2040":"Not Affected","RIF_RL_500YR_2070":"Not Affected"}},{"type":"Feature","id":84,"geometry":{"type":"Point","coordinates":[-81.6417070266889,30.2970054376054]},"properties":{"OBJECTID_1":84,"OBJECTID":84,"Name":"FLORIDA DOJJ NORTH REGION - DUVAL JUVENILE RESIDENTIAL FACILITY","Address":"3036 PHILLIPS HWY","City":"JACKSONVILLE","Zip":"32207","COUNTY":"Duval","X":-81.64170703,"Y":30.29700544,"LONGLAT":"-81.64170703,30.29700544","USNG":"17R MP 38293 51871","OWNERSHIP":"STATE","PARCELID":"1304120100R","FACILITY_T":"JUVENILE CORRECTIONAL INSTITUTION","Asset_Elevation":null,"Owned_Maintained":"STATE","Asset":"JUVENILE CORRECTIONAL INSTITUTION","Asset_Sub_Type":null,"Asset_Type":"Correctional Facilities","Asset_Group":"Critical Community and Emergency Facilities","Asset_Relevancy":"Locally Significant","Asset_ID":"CF_PT_84","Municipality":"Jacksonville","Water_Management_District":"St. Johns River Water Management District","Souce_Dataset_Entity":"FDEM","Souce_Dataset_Name":"Correctional Facilities - FDEM","Source_Asset_ID":null,"Restricted_Public_Disclosure":null,"Notes":null,"Regional_Planning_Council":"Northeast Florida","FDEP_Regulatory_District":"Northeast District","RCP_Region":"Northeast","FDOT_District":2,"House_District_Number":12,"Senate_District_Number":5,"CTF_RL_2020":"Not Affected","CTF_RL_2040_IL":"Not Affected","CTF_RL_2040_INT":"Not Affected","CTF_RL_2070_IL":"Not Affected","CTF_RL_2070_INT":"Not Affected","SSF_RL_100YR_CURR":"Not Affected","SSF_RL_100YR_2040_IL":"Not Affected","SSF_RL_100YR_2040_INT":"Not Affected","SSF_RL_100YR_2070_IL":"Not Affected","SSF_RL_100YR_2070_INT":"Not Affected","SSF_RL_500YR_CURR":"Not Affected","SSF_RL_500YR_2040_IL":"Not Affected","SSF_RL_500YR_2040_INT":"Not Affected","SSF_RL_500YR_2070_IL":"Not Affected","SSF_RL_500YR_2070_INT":"Not Affected","RIF_RL_100YR_2020":"Not Affected","RIF_RL_100YR_2040":"Not Affected","RIF_RL_100YR_2070":"Not Affected","RIF_RL_500YR_2020":"Not Affected","RIF_RL_500YR_2040":"Not Affected","RIF_RL_500YR_2070":"Not Affected"}},{"type":"Feature","id":85,"geometry":{"type":"Point","coordinates":[-81.7221135183059,30.5410636056958]},"properties":{"OBJECTID_1":85,"OBJECTID":85,"Name":"TIGER SUCCESS CENTER (SHOP)","Address":"4501 LANNIE RD","City":"JACKSONVILLE","Zip":"32218","COUNTY":"Duval","X":-81.72211352,"Y":30.54106361,"LONGLAT":"-81.72211352,30.54106361","USNG":"17R MP 30733 78963","OWNERSHIP":"STATE","PARCELID":"0196340010R","FACILITY_T":"JUVENILE CORRECTIONAL INSTITUTION","Asset_Elevation":null,"Owned_Maintained":"STATE","Asset":"JUVENILE CORRECTIONAL INSTITUTION","Asset_Sub_Type":null,"Asset_Type":"Correctional Facilities","Asset_Group":"Critical Community and Emergency Facilities","Asset_Relevancy":"Locally Significant","Asset_ID":"CF_PT_85","Municipality":"Jacksonville","Water_Management_District":"St. Johns River Water Management District","Souce_Dataset_Entity":"FDEM","Souce_Dataset_Name":"Correctional Facilities - FDEM","Source_Asset_ID":null,"Restricted_Public_Disclosure":null,"Notes":null,"Regional_Planning_Council":"Northeast Florida","FDEP_Regulatory_District":"Northeast District","RCP_Region":"Northeast","FDOT_District":2,"House_District_Number":15,"Senate_District_Number":4,"CTF_RL_2020":"Not Affected","CTF_RL_2040_IL":"Not Affected","CTF_RL_2040_INT":"Not Affected","CTF_RL_2070_IL":"Not Affected","CTF_RL_2070_INT":"Not Affected","SSF_RL_100YR_CURR":"Not Affected","SSF_RL_100YR_2040_IL":"Not Affected","SSF_RL_100YR_2040_INT":"Not Affected","SSF_RL_100YR_2070_IL":"Not Affected","SSF_RL_100YR_2070_INT":"Not Affected","SSF_RL_500YR_CURR":"Not Affected","SSF_RL_500YR_2040_IL":"Not Affected","SSF_RL_500YR_2040_INT":"Not Affected","SSF_RL_500YR_2070_IL":"Not Affected","SSF_RL_500YR_2070_INT":"Not Affected","RIF_RL_100YR_2020":"Not Affected","RIF_RL_100YR_2040":"Not Affected","RIF_RL_100YR_2070":"Not Affected","RIF_RL_500YR_2020":"Not Affected","RIF_RL_500YR_2040":"Not Affected","RIF_RL_500YR_2070":"Not Affected"}},{"type":"Feature","id":86,"geometry":{"type":"Point","coordinates":[-81.6506202254383,30.3257701207055]},"properties":{"OBJECTID_1":86,"OBJECTID":86,"Name":"JOHN E GOODE DETENTION FACILITY","Address":"500 E ADAMS ST","City":"JACKSONVILLE","Zip":"32202","COUNTY":"Duval","X":-81.65062023,"Y":30.32577012,"LONGLAT":"-81.65062023,30.32577012","USNG":"17R MP 37454 55063","OWNERSHIP":"COUNTY","PARCELID":"0734020000R","FACILITY_T":"CORRECTIONAL FACILITY","Asset_Elevation":null,"Owned_Maintained":"COUNTY","Asset":"CORRECTIONAL FACILITY","Asset_Sub_Type":null,"Asset_Type":"Correctional Facilities","Asset_Group":"Critical Community and Emergency Facilities","Asset_Relevancy":"Locally Significant","Asset_ID":"CF_PT_86","Municipality":"Jacksonville","Water_Management_District":"St. Johns River Water Management District","Souce_Dataset_Entity":"FDEM","Souce_Dataset_Name":"Correctional Facilities - FDEM","Source_Asset_ID":null,"Restricted_Public_Disclosure":null,"Notes":null,"Regional_Planning_Council":"Northeast Florida","FDEP_Regulatory_District":"Northeast District","RCP_Region":"Northeast","FDOT_District":2,"House_District_Number":14,"Senate_District_Number":5,"CTF_RL_2020":"Not Affected","CTF_RL_2040_IL":"Not Affected","CTF_RL_2040_INT":"Not Affected","CTF_RL_2070_IL":"Not Affected","CTF_RL_2070_INT":"Not Affected","SSF_RL_100YR_CURR":"Not Affected","SSF_RL_100YR_2040_IL":"Not Affected","SSF_RL_100YR_2040_INT":"Not Affected","SSF_RL_100YR_2070_IL":"Not Affected","SSF_RL_100YR_2070_INT":"Not Affected","SSF_RL_500YR_CURR":"Not Affected","SSF_RL_500YR_2040_IL":"Not Affected","SSF_RL_500YR_2040_INT":"Not Affected","SSF_RL_500YR_2070_IL":"Not Affected","SSF_RL_500YR_2070_INT":"Not Affected","RIF_RL_100YR_2020":"Not Affected","RIF_RL_100YR_2040":"Not Affected","RIF_RL_100YR_2070":"Not Affected","RIF_RL_500YR_2020":"Not Affected","RIF_RL_500YR_2040":"Not Affected","RIF_RL_500YR_2070":"Not Affected"}},{"type":"Feature","id":87,"geometry":{"type":"Point","coordinates":[-81.6383856266619,30.33410199528]},"properties":{"OBJECTID_1":87,"OBJECTID":87,"Name":"IMPACT HALFWAY HOUSE","Address":"940 BRIDIER ST","City":"JACKSONVILLE","Zip":"32206","COUNTY":"Duval","X":-81.63838563,"Y":30.334102,"LONGLAT":"-81.63838563,30.33410200","USNG":"17R MP 38635 55980","OWNERSHIP":" ","PARCELID":"1225660000R","FACILITY_T":"LOCAL CORRECTIONAL INSTITUTION","Asset_Elevation":null,"Owned_Maintained":" ","Asset":"LOCAL CORRECTIONAL INSTITUTION","Asset_Sub_Type":null,"Asset_Type":"Correctional Facilities","Asset_Group":"Critical Community and Emergency Facilities","Asset_Relevancy":"Locally Significant","Asset_ID":"CF_PT_87","Municipality":"Jacksonville","Water_Management_District":"St. Johns River Water Management District","Souce_Dataset_Entity":"FDEM","Souce_Dataset_Name":"Correctional Facilities - FDEM","Source_Asset_ID":null,"Restricted_Public_Disclosure":null,"Notes":null,"Regional_Planning_Council":"Northeast Florida","FDEP_Regulatory_District":"Northeast District","RCP_Region":"Northeast","FDOT_District":2,"House_District_Number":14,"Senate_District_Number":5,"CTF_RL_2020":"Not Affected","CTF_RL_2040_IL":"Not Affected","CTF_RL_2040_INT":"Not Affected","CTF_RL_2070_IL":"Not Affected","CTF_RL_2070_INT":"Not Affected","SSF_RL_100YR_CURR":"Not Affected","SSF_RL_100YR_2040_IL":"Not Affected","SSF_RL_100YR_2040_INT":"Not Affected","SSF_RL_100YR_2070_IL":"Not Affected","SSF_RL_100YR_2070_INT":"Not Affected","SSF_RL_500YR_CURR":"Not Affected","SSF_RL_500YR_2040_IL":"Not Affected","SSF_RL_500YR_2040_INT":"Not Affected","SSF_RL_500YR_2070_IL":"Not Affected","SSF_RL_500YR_2070_INT":"Not Affected","RIF_RL_100YR_2020":"Not Affected","RIF_RL_100YR_2040":"Not Affected","RIF_RL_100YR_2070":"Not Affected","RIF_RL_500YR_2020":"Not Affected","RIF_RL_500YR_2040":"Not Affected","RIF_RL_500YR_2070":"Not Affected"}},{"type":"Feature","id":88,"geometry":{"type":"Point","coordinates":[-81.7864098064259,30.474218364775]},"properties":{"OBJECTID_1":88,"OBJECTID":88,"Name":"DINSMORE COMMUNITY CORRECTIONAL CENTER","Address":"13200 OLD KINGS RD","City":"JACKSONVILLE","Zip":"32219","COUNTY":"Duval","X":-81.78640981,"Y":30.47421837,"LONGLAT":"-81.78640981,30.47421837","USNG":"17R MP 24514 71597","OWNERSHIP":"STATE","PARCELID":"0024890000R","FACILITY_T":"LOCAL CORRECTIONAL INSTITUTION","Asset_Elevation":null,"Owned_Maintained":"STATE","Asset":"LOCAL CORRECTIONAL INSTITUTION","Asset_Sub_Type":null,"Asset_Type":"Correctional Facilities","Asset_Group":"Critical Community and Emergency Facilities","Asset_Relevancy":"Locally Significant","Asset_ID":"CF_PT_88","Municipality":"Jacksonville","Water_Management_District":"St. Johns River Water Management District","Souce_Dataset_Entity":"FDEM","Souce_Dataset_Name":"Correctional Facilities - FDEM","Source_Asset_ID":null,"Restricted_Public_Disclosure":null,"Notes":null,"Regional_Planning_Council":"Northeast Florida","FDEP_Regulatory_District":"Northeast District","RCP_Region":"Northeast","FDOT_District":2,"House_District_Number":15,"Senate_District_Number":4,"CTF_RL_2020":"Not Affected","CTF_RL_2040_IL":"Not Affected","CTF_RL_2040_INT":"Not Affected","CTF_RL_2070_IL":"Not Affected","CTF_RL_2070_INT":"Not Affected","SSF_RL_100YR_CURR":"Not Affected","SSF_RL_100YR_2040_IL":"Not Affected","SSF_RL_100YR_2040_INT":"Not Affected","SSF_RL_100YR_2070_IL":"Not Affected","SSF_RL_100YR_2070_INT":"Not Affected","SSF_RL_500YR_CURR":"Not Affected","SSF_RL_500YR_2040_IL":"Not Affected","SSF_RL_500YR_2040_INT":"Not Affected","SSF_RL_500YR_2070_IL":"Not Affected","SSF_RL_500YR_2070_INT":"Not Affected","RIF_RL_100YR_2020":"Not Affected","RIF_RL_100YR_2040":"Not Affected","RIF_RL_100YR_2070":"Not Affected","RIF_RL_500YR_2020":"Not Affected","RIF_RL_500YR_2040":"Not Affected","RIF_RL_500YR_2070":"Not Affected"}},{"type":"Feature","id":89,"geometry":{"type":"Point","coordinates":[-81.7338536491935,30.3504118802466]},"properties":{"OBJECTID_1":89,"OBJECTID":89,"Name":"FLORIDA DEPARTMENT OF CORRECTIONS REGION 2 - BRIDGES OF JACKSONVILLE WORK RELEASE CENTER","Address":"5110 W 12TH ST","City":"JACKSONVILLE","Zip":"32254","COUNTY":"Duval","X":-81.73385365,"Y":30.35041188,"LONGLAT":"-81.73385365,30.35041188","USNG":"17R MP 29470 57843","OWNERSHIP":" ","PARCELID":"0489260200R","FACILITY_T":"LOCAL CORRECTIONAL INSTITUTION","Asset_Elevation":null,"Owned_Maintained":" ","Asset":"LOCAL CORRECTIONAL INSTITUTION","Asset_Sub_Type":null,"Asset_Type":"Correctional Facilities","Asset_Group":"Critical Community and Emergency Facilities","Asset_Relevancy":"Locally Significant","Asset_ID":"CF_PT_89","Municipality":"Jacksonville","Water_Management_District":"St. Johns River Water Management District","Souce_Dataset_Entity":"FDEM","Souce_Dataset_Name":"Correctional Facilities - FDEM","Source_Asset_ID":null,"Restricted_Public_Disclosure":null,"Notes":null,"Regional_Planning_Council":"Northeast Florida","FDEP_Regulatory_District":"Northeast District","RCP_Region":"Northeast","FDOT_District":2,"House_District_Number":13,"Senate_District_Number":5,"CTF_RL_2020":"Not Affected","CTF_RL_2040_IL":"Not Affected","CTF_RL_2040_INT":"Not Affected","CTF_RL_2070_IL":"Not Affected","CTF_RL_2070_INT":"Not Affected","SSF_RL_100YR_CURR":"Not Affected","SSF_RL_100YR_2040_IL":"Not Affected","SSF_RL_100YR_2040_INT":"Not Affected","SSF_RL_100YR_2070_IL":"Not Affected","SSF_RL_100YR_2070_INT":"Not Affected","SSF_RL_500YR_CURR":"Not Affected","SSF_RL_500YR_2040_IL":"Not Affected","SSF_RL_500YR_2040_INT":"Not Affected","SSF_RL_500YR_2070_IL":"Not Affected","SSF_RL_500YR_2070_INT":"Not Affected","RIF_RL_100YR_2020":"Not Affected","RIF_RL_100YR_2040":"Not Affected","RIF_RL_100YR_2070":"Not Affected","RIF_RL_500YR_2020":"Not Affected","RIF_RL_500YR_2040":"Not Affected","RIF_RL_500YR_2070":"Not Affected"}},{"type":"Feature","id":90,"geometry":{"type":"Point","coordinates":[-87.2327744280086,30.4420258408174]},"properties":{"OBJECTID_1":90,"OBJECTID":90,"Name":"ESCAMBIA COUNTY DETENTION FACILITY/SHERIFF DEPT","Address":"1200 W LEONARD ST","City":"PENSACOLA","Zip":"32501","COUNTY":"Escambia","X":-87.23277443,"Y":30.44202584,"LONGLAT":"-87.23277443,30.44202584","USNG":"16R DU 77649 67790","OWNERSHIP":"COUNTY","PARCELID":"172S305016000002","FACILITY_T":"LOCAL CORRECTIONAL INSTITUTION","Asset_Elevation":null,"Owned_Maintained":"COUNTY","Asset":"LOCAL CORRECTIONAL INSTITUTION","Asset_Sub_Type":null,"Asset_Type":"Correctional Facilities","Asset_Group":"Critical Community and Emergency Facilities","Asset_Relevancy":"Locally Significant","Asset_ID":"CF_PT_90","Municipality":null,"Water_Management_District":"Northwest Florida Water Management District","Souce_Dataset_Entity":"FDEM","Souce_Dataset_Name":"Correctional Facilities - FDEM","Source_Asset_ID":null,"Restricted_Public_Disclosure":null,"Notes":null,"Regional_Planning_Council":"Emerald Coast","FDEP_Regulatory_District":"Northwest District","RCP_Region":"Northwest","FDOT_District":3,"House_District_Number":2,"Senate_District_Number":1,"CTF_RL_2020":"Not Affected","CTF_RL_2040_IL":"Not Affected","CTF_RL_2040_INT":"Not Affected","CTF_RL_2070_IL":"Not Affected","CTF_RL_2070_INT":"Not Affected","SSF_RL_100YR_CURR":"Not Affected","SSF_RL_100YR_2040_IL":"Not Affected","SSF_RL_100YR_2040_INT":"Not Affected","SSF_RL_100YR_2070_IL":"Not Affected","SSF_RL_100YR_2070_INT":"Not Affected","SSF_RL_500YR_CURR":"Not Affected","SSF_RL_500YR_2040_IL":"Not Affected","SSF_RL_500YR_2040_INT":"Not Affected","SSF_RL_500YR_2070_IL":"Not Affected","SSF_RL_500YR_2070_INT":"Not Affected","RIF_RL_100YR_2020":"Not Affected","RIF_RL_100YR_2040":"Not Affected","RIF_RL_100YR_2070":"Not Affected","RIF_RL_500YR_2020":"Not Affected","RIF_RL_500YR_2040":"Not Affected","RIF_RL_500YR_2070":"Not Affected"}},{"type":"Feature","id":91,"geometry":{"type":"Point","coordinates":[-87.236614034521,30.4435736203285]},"properties":{"OBJECTID_1":91,"OBJECTID":91,"Name":"ESCAMBIA COUNTY JAIL","Address":"2920 N L ST","City":"PENSACOLA","Zip":"32501","COUNTY":"Escambia","X":-87.23661403,"Y":30.44357362,"LONGLAT":"-87.23661403,30.44357362","USNG":"16R DU 77281 67962","OWNERSHIP":"COUNTY","PARCELID":"172S305015000002","FACILITY_T":"LOCAL CORRECTIONAL INSTITUTION","Asset_Elevation":null,"Owned_Maintained":"COUNTY","Asset":"LOCAL CORRECTIONAL INSTITUTION","Asset_Sub_Type":null,"Asset_Type":"Correctional Facilities","Asset_Group":"Critical Community and Emergency Facilities","Asset_Relevancy":"Locally Significant","Asset_ID":"CF_PT_91","Municipality":null,"Water_Management_District":"Northwest Florida Water Management District","Souce_Dataset_Entity":"FDEM","Souce_Dataset_Name":"Correctional Facilities - FDEM","Source_Asset_ID":null,"Restricted_Public_Disclosure":null,"Notes":null,"Regional_Planning_Council":"Emerald Coast","FDEP_Regulatory_District":"Northwest District","RCP_Region":"Northwest","FDOT_District":3,"House_District_Number":2,"Senate_District_Number":1,"CTF_RL_2020":"Not Affected","CTF_RL_2040_IL":"Not Affected","CTF_RL_2040_INT":"Not Affected","CTF_RL_2070_IL":"Not Affected","CTF_RL_2070_INT":"Not Affected","SSF_RL_100YR_CURR":"Not Affected","SSF_RL_100YR_2040_IL":"Not Affected","SSF_RL_100YR_2040_INT":"Not Affected","SSF_RL_100YR_2070_IL":"Not Affected","SSF_RL_100YR_2070_INT":"Not Affected","SSF_RL_500YR_CURR":"Not Affected","SSF_RL_500YR_2040_IL":"Not Affected","SSF_RL_500YR_2040_INT":"Not Affected","SSF_RL_500YR_2070_IL":"Not Affected","SSF_RL_500YR_2070_INT":"Not Affected","RIF_RL_100YR_2020":"Medium","RIF_RL_100YR_2040":"High","RIF_RL_100YR_2070":"Medium","RIF_RL_500YR_2020":"High","RIF_RL_500YR_2040":"High","RIF_RL_500YR_2070":"High"}},{"type":"Feature","id":92,"geometry":{"type":"Point","coordinates":[-87.2928222021947,30.9592952043772]},"properties":{"OBJECTID_1":92,"OBJECTID":92,"Name":"CENTURY CORRECTIONAL INSTITUTE","Address":"400 TEDDER RD","City":"CENTURY","Zip":"32535","COUNTY":"Escambia","X":-87.2928222,"Y":30.95929521,"LONGLAT":"-87.29282220,30.95929521","USNG":"16R DV 72033 25127","OWNERSHIP":"STATE","PARCELID":"125N313101000001","FACILITY_T":"STATE CORRECTIONAL INSTITUTION","Asset_Elevation":null,"Owned_Maintained":"STATE","Asset":"STATE CORRECTIONAL INSTITUTION","Asset_Sub_Type":null,"Asset_Type":"Correctional Facilities","Asset_Group":"Critical Community and Emergency Facilities","Asset_Relevancy":"Locally Significant","Asset_ID":"CF_PT_92","Municipality":null,"Water_Management_District":"Northwest Florida Water Management District","Souce_Dataset_Entity":"FDEM","Souce_Dataset_Name":"Correctional Facilities - FDEM","Source_Asset_ID":null,"Restricted_Public_Disclosure":null,"Notes":null,"Regional_Planning_Council":"Emerald Coast","FDEP_Regulatory_District":"Northwest District","RCP_Region":"Northwest","FDOT_District":3,"House_District_Number":1,"Senate_District_Number":1,"CTF_RL_2020":"Not Affected","CTF_RL_2040_IL":"Not Affected","CTF_RL_2040_INT":"Not Affected","CTF_RL_2070_IL":"Not Affected","CTF_RL_2070_INT":"Not Affected","SSF_RL_100YR_CURR":"Not Affected","SSF_RL_100YR_2040_IL":"Not Affected","SSF_RL_100YR_2040_INT":"Not Affected","SSF_RL_100YR_2070_IL":"Not Affected","SSF_RL_100YR_2070_INT":"Not Affected","SSF_RL_500YR_CURR":"Not Affected","SSF_RL_500YR_2040_IL":"Not Affected","SSF_RL_500YR_2040_INT":"Not Affected","SSF_RL_500YR_2070_IL":"Not Affected","SSF_RL_500YR_2070_INT":"Not Affected","RIF_RL_100YR_2020":"Not Affected","RIF_RL_100YR_2040":"Not Affected","RIF_RL_100YR_2070":"Not Affected","RIF_RL_500YR_2020":"Not Affected","RIF_RL_500YR_2040":"Not Affected","RIF_RL_500YR_2070":"Not Affected"}},{"type":"Feature","id":93,"geometry":{"type":"Point","coordinates":[-87.2998477660337,30.9579841884353]},"properties":{"OBJECTID_1":93,"OBJECTID":93,"Name":"CENTURY WORK CAMP","Address":"430 TEDDER RD","City":"CENTURY","Zip":"32535","COUNTY":"Escambia","X":-87.29984777,"Y":30.95798419,"LONGLAT":"-87.29984777,30.95798419","USNG":"16R DV 71362 24984","OWNERSHIP":"STATE OF FLORIDA TIITF","PARCELID":"125N313101000001","FACILITY_T":"CORRECTIONAL FACILITY","Asset_Elevation":null,"Owned_Maintained":"STATE OF FLORIDA TIITF","Asset":"CORRECTIONAL FACILITY","Asset_Sub_Type":null,"Asset_Type":"Correctional Facilities","Asset_Group":"Critical Community and Emergency Facilities","Asset_Relevancy":"Locally Significant","Asset_ID":"CF_PT_93","Municipality":null,"Water_Management_District":"Northwest Florida Water Management District","Souce_Dataset_Entity":"FDEM","Souce_Dataset_Name":"Correctional Facilities - FDEM","Source_Asset_ID":null,"Restricted_Public_Disclosure":null,"Notes":null,"Regional_Planning_Council":"Emerald Coast","FDEP_Regulatory_District":"Northwest District","RCP_Region":"Northwest","FDOT_District":3,"House_District_Number":1,"Senate_District_Number":1,"CTF_RL_2020":"Not Affected","CTF_RL_2040_IL":"Not Affected","CTF_RL_2040_INT":"Not Affected","CTF_RL_2070_IL":"Not Affected","CTF_RL_2070_INT":"Not Affected","SSF_RL_100YR_CURR":"Not Affected","SSF_RL_100YR_2040_IL":"Not Affected","SSF_RL_100YR_2040_INT":"Not Affected","SSF_RL_100YR_2070_IL":"Not Affected","SSF_RL_100YR_2070_INT":"Not Affected","SSF_RL_500YR_CURR":"Not Affected","SSF_RL_500YR_2040_IL":"Not Affected","SSF_RL_500YR_2040_INT":"Not Affected","SSF_RL_500YR_2070_IL":"Not Affected","SSF_RL_500YR_2070_INT":"Not Affected","RIF_RL_100YR_2020":"Not Affected","RIF_RL_100YR_2040":"Not Affected","RIF_RL_100YR_2070":"Not Affected","RIF_RL_500YR_2020":"Not Affected","RIF_RL_500YR_2040":"Not Affected","RIF_RL_500YR_2070":"Not Affected"}},{"type":"Feature","id":94,"geometry":{"type":"Point","coordinates":[-87.2998477660337,30.9579841884353]},"properties":{"OBJECTID_1":94,"OBJECTID":94,"Name":"CENTURY WORK CAMP","Address":"430 TEDDER RD","City":"CENTURY","Zip":"32535","COUNTY":"Escambia","X":-87.29984777,"Y":30.95798419,"LONGLAT":"-87.29984777,30.95798419","USNG":"16R DV 71362 24984","OWNERSHIP":"STATE OF FLORIDA TIITF","PARCELID":"125N313101000001","FACILITY_T":"CORRECTIONAL FACILITY","Asset_Elevation":null,"Owned_Maintained":"STATE OF FLORIDA TIITF","Asset":"CORRECTIONAL FACILITY","Asset_Sub_Type":null,"Asset_Type":"Correctional Facilities","Asset_Group":"Critical Community and Emergency Facilities","Asset_Relevancy":"Locally Significant","Asset_ID":"CF_PT_93","Municipality":null,"Water_Management_District":"Northwest Florida Water Management District","Souce_Dataset_Entity":"FDEM","Souce_Dataset_Name":"Correctional Facilities - FDEM","Source_Asset_ID":null,"Restricted_Public_Disclosure":null,"Notes":null,"Regional_Planning_Council":"Emerald Coast","FDEP_Regulatory_District":"Northwest District","RCP_Region":"Northwest","FDOT_District":3,"House_District_Number":1,"Senate_District_Number":1,"CTF_RL_2020":"Not Affected","CTF_RL_2040_IL":"Not Affected","CTF_RL_2040_INT":"Not Affected","CTF_RL_2070_IL":"Not Affected","CTF_RL_2070_INT":"Not Affected","SSF_RL_100YR_CURR":"Not Affected","SSF_RL_100YR_2040_IL":"Not Affected","SSF_RL_100YR_2040_INT":"Not Affected","SSF_RL_100YR_2070_IL":"Not Affected","SSF_RL_100YR_2070_INT":"Not Affected","SSF_RL_500YR_CURR":"Not Affected","SSF_RL_500YR_2040_IL":"Not Affected","SSF_RL_500YR_2040_INT":"Not Affected","SSF_RL_500YR_2070_IL":"Not Affected","SSF_RL_500YR_2070_INT":"Not Affected","RIF_RL_100YR_2020":"Not Affected","RIF_RL_100YR_2040":"Not Affected","RIF_RL_100YR_2070":"Not Affected","RIF_RL_500YR_2020":"Not Affected","RIF_RL_500YR_2040":"Not Affected","RIF_RL_500YR_2070":"Not Affected"}},{"type":"Feature","id":95,"geometry":{"type":"Point","coordinates":[-87.2365445891911,30.4424983355222]},"properties":{"OBJECTID_1":95,"OBJECTID":95,"Name":"ESCAMBIA JUVENILE DETENTION CENTER","Address":"1800 ST. MARY AVE","City":"PENSACOLA","Zip":"32501","COUNTY":"Escambia","X":-87.23654459,"Y":30.44249834,"LONGLAT":"-87.23654459,30.44249834","USNG":"16R DU 77287 67843","OWNERSHIP":"COUNTY","PARCELID":"172S305015000002","FACILITY_T":"JUVENILE CORRECTIONAL INSTITUTION","Asset_Elevation":null,"Owned_Maintained":"COUNTY","Asset":"JUVENILE CORRECTIONAL INSTITUTION","Asset_Sub_Type":null,"Asset_Type":"Correctional Facilities","Asset_Group":"Critical Community and Emergency Facilities","Asset_Relevancy":"Locally Significant","Asset_ID":"CF_PT_95","Municipality":null,"Water_Management_District":"Northwest Florida Water Management District","Souce_Dataset_Entity":"FDEM","Souce_Dataset_Name":"Correctional Facilities - FDEM","Source_Asset_ID":null,"Restricted_Public_Disclosure":null,"Notes":null,"Regional_Planning_Council":"Emerald Coast","FDEP_Regulatory_District":"Northwest District","RCP_Region":"Northwest","FDOT_District":3,"House_District_Number":2,"Senate_District_Number":1,"CTF_RL_2020":"Not Affected","CTF_RL_2040_IL":"Not Affected","CTF_RL_2040_INT":"Not Affected","CTF_RL_2070_IL":"Not Affected","CTF_RL_2070_INT":"Not Affected","SSF_RL_100YR_CURR":"Not Affected","SSF_RL_100YR_2040_IL":"Not Affected","SSF_RL_100YR_2040_INT":"Not Affected","SSF_RL_100YR_2070_IL":"Not Affected","SSF_RL_100YR_2070_INT":"Not Affected","SSF_RL_500YR_CURR":"Not Affected","SSF_RL_500YR_2040_IL":"Not Affected","SSF_RL_500YR_2040_INT":"Not Affected","SSF_RL_500YR_2070_IL":"Not Affected","SSF_RL_500YR_2070_INT":"Not Affected","RIF_RL_100YR_2020":"Medium","RIF_RL_100YR_2040":"Medium","RIF_RL_100YR_2070":"Medium","RIF_RL_500YR_2020":"High","RIF_RL_500YR_2040":"High","RIF_RL_500YR_2070":"High"}},{"type":"Feature","id":96,"geometry":{"type":"Point","coordinates":[-87.3415861319171,30.4628098391793]},"properties":{"OBJECTID_1":96,"OBJECTID":96,"Name":"FPC PENSACOLA","Address":"110 RABY AVE","City":"PENSACOLA","Zip":"32526","COUNTY":"Escambia","X":-87.34158613,"Y":30.46280984,"LONGLAT":"-87.34158613,30.46280984","USNG":"16R DU 67208 70119","OWNERSHIP":" ","PARCELID":"371S311100000000","FACILITY_T":"FEDERAL CORRECTIONAL INSTITUTION","Asset_Elevation":null,"Owned_Maintained":" ","Asset":"FEDERAL CORRECTIONAL INSTITUTION","Asset_Sub_Type":null,"Asset_Type":"Correctional Facilities","Asset_Group":"Critical Community and Emergency Facilities","Asset_Relevancy":"Locally Significant","Asset_ID":"CF_PT_96","Municipality":null,"Water_Management_District":"Northwest Florida Water Management District","Souce_Dataset_Entity":"FDEM","Souce_Dataset_Name":"Correctional Facilities - FDEM","Source_Asset_ID":null,"Restricted_Public_Disclosure":null,"Notes":null,"Regional_Planning_Council":"Emerald Coast","FDEP_Regulatory_District":"Northwest District","RCP_Region":"Northwest","FDOT_District":3,"House_District_Number":1,"Senate_District_Number":1,"CTF_RL_2020":"Not Affected","CTF_RL_2040_IL":"Not Affected","CTF_RL_2040_INT":"Not Affected","CTF_RL_2070_IL":"Not Affected","CTF_RL_2070_INT":"Not Affected","SSF_RL_100YR_CURR":"Not Affected","SSF_RL_100YR_2040_IL":"Not Affected","SSF_RL_100YR_2040_INT":"Not Affected","SSF_RL_100YR_2070_IL":"Not Affected","SSF_RL_100YR_2070_INT":"Not Affected","SSF_RL_500YR_CURR":"Not Affected","SSF_RL_500YR_2040_IL":"Not Affected","SSF_RL_500YR_2040_INT":"Not Affected","SSF_RL_500YR_2070_IL":"Not Affected","SSF_RL_500YR_2070_INT":"Not Affected","RIF_RL_100YR_2020":"Not Affected","RIF_RL_100YR_2040":"Not Affected","RIF_RL_100YR_2070":"Not Affected","RIF_RL_500YR_2020":"Not Affected","RIF_RL_500YR_2040":"Not Affected","RIF_RL_500YR_2070":"Not Affected"}},{"type":"Feature","id":97,"geometry":{"type":"Point","coordinates":[-87.2354474938749,30.4434485816568]},"properties":{"OBJECTID_1":97,"OBJECTID":97,"Name":"PENSACOLA COMM CORRECTIONAL CENTER","Address":"3050 N L ST","City":"PENSACOLA","Zip":"32501","COUNTY":"Escambia","X":-87.23544749,"Y":30.44344858,"LONGLAT":"-87.23544749,30.44344858","USNG":"16R DU 77393 67948","OWNERSHIP":"STATE","PARCELID":"172S305016000002","FACILITY_T":"LOCAL CORRECTIONAL INSTITUTION","Asset_Elevation":null,"Owned_Maintained":"STATE","Asset":"LOCAL CORRECTIONAL INSTITUTION","Asset_Sub_Type":null,"Asset_Type":"Correctional Facilities","Asset_Group":"Critical Community and Emergency Facilities","Asset_Relevancy":"Locally Significant","Asset_ID":"CF_PT_97","Municipality":null,"Water_Management_District":"Northwest Florida Water Management District","Souce_Dataset_Entity":"FDEM","Souce_Dataset_Name":"Correctional Facilities - FDEM","Source_Asset_ID":null,"Restricted_Public_Disclosure":null,"Notes":null,"Regional_Planning_Council":"Emerald Coast","FDEP_Regulatory_District":"Northwest District","RCP_Region":"Northwest","FDOT_District":3,"House_District_Number":2,"Senate_District_Number":1,"CTF_RL_2020":"Not Affected","CTF_RL_2040_IL":"Not Affected","CTF_RL_2040_INT":"Not Affected","CTF_RL_2070_IL":"Not Affected","CTF_RL_2070_INT":"Not Affected","SSF_RL_100YR_CURR":"Not Affected","SSF_RL_100YR_2040_IL":"Not Affected","SSF_RL_100YR_2040_INT":"Not Affected","SSF_RL_100YR_2070_IL":"Not Affected","SSF_RL_100YR_2070_INT":"Not Affected","SSF_RL_500YR_CURR":"Not Affected","SSF_RL_500YR_2040_IL":"Not Affected","SSF_RL_500YR_2040_INT":"Not Affected","SSF_RL_500YR_2070_IL":"Not Affected","SSF_RL_500YR_2070_INT":"Not Affected","RIF_RL_100YR_2020":"High","RIF_RL_100YR_2040":"High","RIF_RL_100YR_2070":"High","RIF_RL_500YR_2020":"High","RIF_RL_500YR_2040":"High","RIF_RL_500YR_2070":"High"}},{"type":"Feature","id":98,"geometry":{"type":"Point","coordinates":[-87.2998477660337,30.9579841884353]},"properties":{"OBJECTID_1":98,"OBJECTID":98,"Name":"ESCAMBIA OUTWARD BOUND I & II","Address":"430 TEDDER RD","City":"CENTURY","Zip":"32535","COUNTY":"Escambia","X":-87.29984777,"Y":30.95798419,"LONGLAT":"-87.29984777,30.95798419","USNG":"16R DV 71362 24984","OWNERSHIP":"STATE OF FLORIDA TIITF","PARCELID":"125N313101000001","FACILITY_T":"LOCAL CORRECTIONAL INSTITUTION","Asset_Elevation":null,"Owned_Maintained":"STATE OF FLORIDA TIITF","Asset":"LOCAL CORRECTIONAL INSTITUTION","Asset_Sub_Type":null,"Asset_Type":"Correctional Facilities","Asset_Group":"Critical Community and Emergency Facilities","Asset_Relevancy":"Locally Significant","Asset_ID":"CF_PT_98","Municipality":null,"Water_Management_District":"Northwest Florida Water Management District","Souce_Dataset_Entity":"FDEM","Souce_Dataset_Name":"Correctional Facilities - FDEM","Source_Asset_ID":null,"Restricted_Public_Disclosure":null,"Notes":null,"Regional_Planning_Council":"Emerald Coast","FDEP_Regulatory_District":"Northwest District","RCP_Region":"Northwest","FDOT_District":3,"House_District_Number":1,"Senate_District_Number":1,"CTF_RL_2020":"Not Affected","CTF_RL_2040_IL":"Not Affected","CTF_RL_2040_INT":"Not Affected","CTF_RL_2070_IL":"Not Affected","CTF_RL_2070_INT":"Not Affected","SSF_RL_100YR_CURR":"Not Affected","SSF_RL_100YR_2040_IL":"Not Affected","SSF_RL_100YR_2040_INT":"Not Affected","SSF_RL_100YR_2070_IL":"Not Affected","SSF_RL_100YR_2070_INT":"Not Affected","SSF_RL_500YR_CURR":"Not Affected","SSF_RL_500YR_2040_IL":"Not Affected","SSF_RL_500YR_2040_INT":"Not Affected","SSF_RL_500YR_2070_IL":"Not Affected","SSF_RL_500YR_2070_INT":"Not Affected","RIF_RL_100YR_2020":"Not Affected","RIF_RL_100YR_2040":"Not Affected","RIF_RL_100YR_2070":"Not Affected","RIF_RL_500YR_2020":"Not Affected","RIF_RL_500YR_2040":"Not Affected","RIF_RL_500YR_2070":"Not Affected"}},{"type":"Feature","id":99,"geometry":{"type":"Point","coordinates":[-87.3318209722239,30.5986469599498]},"properties":{"OBJECTID_1":99,"OBJECTID":99,"Name":"ESCAMBIA COUNTY ROAD PRISON","Address":"601 HIGHWAY 297A","City":"CANTONMENT","Zip":"32533","COUNTY":"Escambia","X":-87.33182097,"Y":30.59864696,"LONGLAT":"-87.33182097,30.59864696","USNG":"16R DU 68190 85170","OWNERSHIP":"COUNTY","PARCELID":"161N314101000000","FACILITY_T":"LOCAL CORRECTIONAL INSTITUTION","Asset_Elevation":null,"Owned_Maintained":"COUNTY","Asset":"LOCAL CORRECTIONAL INSTITUTION","Asset_Sub_Type":null,"Asset_Type":"Correctional Facilities","Asset_Group":"Critical Community and Emergency Facilities","Asset_Relevancy":"Locally Significant","Asset_ID":"CF_PT_99","Municipality":null,"Water_Management_District":"Northwest Florida Water Management District","Souce_Dataset_Entity":"FDEM","Souce_Dataset_Name":"Correctional Facilities - FDEM","Source_Asset_ID":null,"Restricted_Public_Disclosure":null,"Notes":null,"Regional_Planning_Council":"Emerald Coast","FDEP_Regulatory_District":"Northwest District","RCP_Region":"Northwest","FDOT_District":3,"House_District_Number":1,"Senate_District_Number":1,"CTF_RL_2020":"Not Affected","CTF_RL_2040_IL":"Not Affected","CTF_RL_2040_INT":"Not Affected","CTF_RL_2070_IL":"Not Affected","CTF_RL_2070_INT":"Not Affected","SSF_RL_100YR_CURR":"Not Affected","SSF_RL_100YR_2040_IL":"Not Affected","SSF_RL_100YR_2040_INT":"Not Affected","SSF_RL_100YR_2070_IL":"Not Affected","SSF_RL_100YR_2070_INT":"Not Affected","SSF_RL_500YR_CURR":"Not Affected","SSF_RL_500YR_2040_IL":"Not Affected","SSF_RL_500YR_2040_INT":"Not Affected","SSF_RL_500YR_2070_IL":"Not Affected","SSF_RL_500YR_2070_INT":"Not Affected","RIF_RL_100YR_2020":"Not Affected","RIF_RL_100YR_2040":"Not Affected","RIF_RL_100YR_2070":"Not Affected","RIF_RL_500YR_2020":"Not Affected","RIF_RL_500YR_2040":"Not Affected","RIF_RL_500YR_2070":"Not Affected"}},{"type":"Feature","id":100,"geometry":{"type":"Point","coordinates":[-81.2561190138581,29.4523675303241]},"properties":{"OBJECTID_1":100,"OBJECTID":100,"Name":"FLAGLER COUNTY INMATE FACILITY","Address":"1002 JUSTICE LN","City":"BUNNELL","Zip":"32110","COUNTY":"Flagler","X":-81.25611901,"Y":29.45236753,"LONGLAT":"-81.25611901,29.45236753","USNG":"17R MN 75163 58133","OWNERSHIP":"COUNTY","PARCELID":"22-12-30-0650-000A0-0011","FACILITY_T":"LOCAL CORRECTIONAL INSTITUTION","Asset_Elevation":null,"Owned_Maintained":"COUNTY","Asset":"LOCAL CORRECTIONAL INSTITUTION","Asset_Sub_Type":null,"Asset_Type":"Correctional Facilities","Asset_Group":"Critical Community and Emergency Facilities","Asset_Relevancy":"Locally Significant","Asset_ID":"CF_PT_100","Municipality":null,"Water_Management_District":"St. Johns River Water Management District","Souce_Dataset_Entity":"FDEM","Souce_Dataset_Name":"Correctional Facilities - FDEM","Source_Asset_ID":null,"Restricted_Public_Disclosure":null,"Notes":null,"Regional_Planning_Council":"Northeast Florida","FDEP_Regulatory_District":"Northeast District","RCP_Region":"Northeast","FDOT_District":5,"House_District_Number":19,"Senate_District_Number":7,"CTF_RL_2020":"Not Affected","CTF_RL_2040_IL":"Not Affected","CTF_RL_2040_INT":"Not Affected","CTF_RL_2070_IL":"Not Affected","CTF_RL_2070_INT":"Not Affected","SSF_RL_100YR_CURR":"Not Affected","SSF_RL_100YR_2040_IL":"Not Affected","SSF_RL_100YR_2040_INT":"Not Affected","SSF_RL_100YR_2070_IL":"Not Affected","SSF_RL_100YR_2070_INT":"Not Affected","SSF_RL_500YR_CURR":"Not Affected","SSF_RL_500YR_2040_IL":"Not Affected","SSF_RL_500YR_2040_INT":"Not Affected","SSF_RL_500YR_2070_IL":"Not Affected","SSF_RL_500YR_2070_INT":"Not Affected","RIF_RL_100YR_2020":"Not Affected","RIF_RL_100YR_2040":"Not Affected","RIF_RL_100YR_2070":"Not Affected","RIF_RL_500YR_2020":"Not Affected","RIF_RL_500YR_2040":"Not Affected","RIF_RL_500YR_2070":"Not Affected"}},{"type":"Feature","id":101,"geometry":{"type":"Point","coordinates":[-84.6458617662414,29.8783696379223]},"properties":{"OBJECTID_1":101,"OBJECTID":101,"Name":"FRANKLIN CORRECTIONAL INSTITUTION","Address":"1760 N COUNTY ROAD 67","City":"CARRABELLE","Zip":"32322","COUNTY":"Franklin","X":-84.64586177,"Y":29.87836964,"LONGLAT":"-84.64586177,29.87836964","USNG":"16R GU 27360 07635","OWNERSHIP":" ","PARCELID":" ","FACILITY_T":"LOCAL CORRECTIONAL INSTITUTION","Asset_Elevation":null,"Owned_Maintained":" ","Asset":"LOCAL CORRECTIONAL INSTITUTION","Asset_Sub_Type":null,"Asset_Type":"Correctional Facilities","Asset_Group":"Critical Community and Emergency Facilities","Asset_Relevancy":"Locally Significant","Asset_ID":"CF_PT_101","Municipality":"Carrabelle","Water_Management_District":"Northwest Florida Water Management District","Souce_Dataset_Entity":"FDEM","Souce_Dataset_Name":"Correctional Facilities - FDEM","Source_Asset_ID":null,"Restricted_Public_Disclosure":null,"Notes":null,"Regional_Planning_Council":"Apalachee","FDEP_Regulatory_District":"Northwest District","RCP_Region":"Northwest","FDOT_District":3,"House_District_Number":7,"Senate_District_Number":3,"CTF_RL_2020":"Not Affected","CTF_RL_2040_IL":"Not Affected","CTF_RL_2040_INT":"Not Affected","CTF_RL_2070_IL":"Not Affected","CTF_RL_2070_INT":"Not Affected","SSF_RL_100YR_CURR":"Not Affected","SSF_RL_100YR_2040_IL":"Not Affected","SSF_RL_100YR_2040_INT":"Not Affected","SSF_RL_100YR_2070_IL":"Not Affected","SSF_RL_100YR_2070_INT":"Not Affected","SSF_RL_500YR_CURR":"Not Affected","SSF_RL_500YR_2040_IL":"Not Affected","SSF_RL_500YR_2040_INT":"Not Affected","SSF_RL_500YR_2070_IL":"Not Affected","SSF_RL_500YR_2070_INT":"Not Affected","RIF_RL_100YR_2020":"Not Affected","RIF_RL_100YR_2040":"Not Affected","RIF_RL_100YR_2070":"Not Affected","RIF_RL_500YR_2020":"Not Affected","RIF_RL_500YR_2040":"Not Affected","RIF_RL_500YR_2070":"Not Affected"}},{"type":"Feature","id":102,"geometry":{"type":"Point","coordinates":[-84.8309142869787,29.7761286296231]},"properties":{"OBJECTID_1":102,"OBJECTID":102,"Name":"FRANKLIN COUNTY JAIL","Address":"270 STATE ROAD 65","City":"EASTPOINT","Zip":"32328","COUNTY":"Franklin","X":-84.83091429,"Y":29.77612863,"LONGLAT":"-84.83091429,29.77612863","USNG":"16R GT 09696 95950","OWNERSHIP":"COUNTY","PARCELID":"15-08S-06W-0000-0010-0010","FACILITY_T":"LOCAL CORRECTIONAL INSTITUTION","Asset_Elevation":null,"Owned_Maintained":"COUNTY","Asset":"LOCAL CORRECTIONAL INSTITUTION","Asset_Sub_Type":null,"Asset_Type":"Correctional Facilities","Asset_Group":"Critical Community and Emergency Facilities","Asset_Relevancy":"Locally Significant","Asset_ID":"CF_PT_102","Municipality":null,"Water_Management_District":"Northwest Florida Water Management District","Souce_Dataset_Entity":"FDEM","Souce_Dataset_Name":"Correctional Facilities - FDEM","Source_Asset_ID":null,"Restricted_Public_Disclosure":null,"Notes":null,"Regional_Planning_Council":"Apalachee","FDEP_Regulatory_District":"Northwest District","RCP_Region":"Northwest","FDOT_District":3,"House_District_Number":7,"Senate_District_Number":3,"CTF_RL_2020":"Not Affected","CTF_RL_2040_IL":"Not Affected","CTF_RL_2040_INT":"Not Affected","CTF_RL_2070_IL":"Not Affected","CTF_RL_2070_INT":"Not Affected","SSF_RL_100YR_CURR":"Not Affected","SSF_RL_100YR_2040_IL":"Not Affected","SSF_RL_100YR_2040_INT":"Not Affected","SSF_RL_100YR_2070_IL":"Not Affected","SSF_RL_100YR_2070_INT":"Not Affected","SSF_RL_500YR_CURR":"Not Affected","SSF_RL_500YR_2040_IL":"Not Affected","SSF_RL_500YR_2040_INT":"Not Affected","SSF_RL_500YR_2070_IL":"Not Affected","SSF_RL_500YR_2070_INT":"Not Affected","RIF_RL_100YR_2020":"Not Affected","RIF_RL_100YR_2040":"Not Affected","RIF_RL_100YR_2070":"Not Affected","RIF_RL_500YR_2020":"Not Affected","RIF_RL_500YR_2040":"Not Affected","RIF_RL_500YR_2070":"Not Affected"}},{"type":"Feature","id":103,"geometry":{"type":"Point","coordinates":[-85.0388200223433,29.7199988898693]},"properties":{"OBJECTID_1":103,"OBJECTID":103,"Name":"FRANKLIN COUNTY WORK CAMP","Address":"1001 US HWY 98","City":"APALACHICOLA","Zip":"32320","COUNTY":"Franklin","X":-85.03882002,"Y":29.71999889,"LONGLAT":"-85.03882002,29.71999889","USNG":"16R FT 89698 89369","OWNERSHIP":" ","PARCELID":"04-09S-08W-0000-0020-0000","FACILITY_T":"LOCAL CORRECTIONAL INSTITUTION","Asset_Elevation":null,"Owned_Maintained":" ","Asset":"LOCAL CORRECTIONAL INSTITUTION","Asset_Sub_Type":null,"Asset_Type":"Correctional Facilities","Asset_Group":"Critical Community and Emergency Facilities","Asset_Relevancy":"Locally Significant","Asset_ID":"CF_PT_103","Municipality":null,"Water_Management_District":"Northwest Florida Water Management District","Souce_Dataset_Entity":"FDEM","Souce_Dataset_Name":"Correctional Facilities - FDEM","Source_Asset_ID":null,"Restricted_Public_Disclosure":null,"Notes":null,"Regional_Planning_Council":"Apalachee","FDEP_Regulatory_District":"Northwest District","RCP_Region":"Northwest","FDOT_District":3,"House_District_Number":7,"Senate_District_Number":3,"CTF_RL_2020":"Not Affected","CTF_RL_2040_IL":"Not Affected","CTF_RL_2040_INT":"Not Affected","CTF_RL_2070_IL":"Not Affected","CTF_RL_2070_INT":"Not Affected","SSF_RL_100YR_CURR":"Not Affected","SSF_RL_100YR_2040_IL":"Not Affected","SSF_RL_100YR_2040_INT":"Not Affected","SSF_RL_100YR_2070_IL":"Not Affected","SSF_RL_100YR_2070_INT":"Not Affected","SSF_RL_500YR_CURR":"Not Affected","SSF_RL_500YR_2040_IL":"Not Affected","SSF_RL_500YR_2040_INT":"Not Affected","SSF_RL_500YR_2070_IL":"Not Affected","SSF_RL_500YR_2070_INT":"Not Affected","RIF_RL_100YR_2020":"Not Affected","RIF_RL_100YR_2040":"Not Affected","RIF_RL_100YR_2070":"Not Affected","RIF_RL_500YR_2020":"Not Affected","RIF_RL_500YR_2040":"Not Affected","RIF_RL_500YR_2070":"Not Affected"}},{"type":"Feature","id":104,"geometry":{"type":"Point","coordinates":[-84.656347559513,30.5897567410258]},"properties":{"OBJECTID_1":104,"OBJECTID":104,"Name":"GADSDEN CORRECTIONAL INSTITUTION","Address":"6044 GREENSBORO HWY","City":"QUINCY","Zip":"32351","COUNTY":"Gadsden","X":-84.65634756,"Y":30.58975674,"LONGLAT":"-84.65634756,30.58975674","USNG":"16R GU 24721 86477","OWNERSHIP":"COUNTY","PARCELID":"3-08-2N-4W-0000-00120-0000","FACILITY_T":"LOCAL CORRECTIONAL INSTITUTION","Asset_Elevation":null,"Owned_Maintained":"COUNTY","Asset":"LOCAL CORRECTIONAL INSTITUTION","Asset_Sub_Type":null,"Asset_Type":"Correctional Facilities","Asset_Group":"Critical Community and Emergency Facilities","Asset_Relevancy":"Locally Significant","Asset_ID":"CF_PT_104","Municipality":null,"Water_Management_District":"Northwest Florida Water Management District","Souce_Dataset_Entity":"FDEM","Souce_Dataset_Name":"Correctional Facilities - FDEM","Source_Asset_ID":null,"Restricted_Public_Disclosure":null,"Notes":null,"Regional_Planning_Council":"Apalachee","FDEP_Regulatory_District":"Northwest District","RCP_Region":"Northwest","FDOT_District":3,"House_District_Number":8,"Senate_District_Number":3,"CTF_RL_2020":"Not Affected","CTF_RL_2040_IL":"Not Affected","CTF_RL_2040_INT":"Not Affected","CTF_RL_2070_IL":"Not Affected","CTF_RL_2070_INT":"Not Affected","SSF_RL_100YR_CURR":"Not Affected","SSF_RL_100YR_2040_IL":"Not Affected","SSF_RL_100YR_2040_INT":"Not Affected","SSF_RL_100YR_2070_IL":"Not Affected","SSF_RL_100YR_2070_INT":"Not Affected","SSF_RL_500YR_CURR":"Not Affected","SSF_RL_500YR_2040_IL":"Not Affected","SSF_RL_500YR_2040_INT":"Not Affected","SSF_RL_500YR_2070_IL":"Not Affected","SSF_RL_500YR_2070_INT":"Not Affected","RIF_RL_100YR_2020":"Not Affected","RIF_RL_100YR_2040":"Not Affected","RIF_RL_100YR_2070":"Not Affected","RIF_RL_500YR_2020":"Not Affected","RIF_RL_500YR_2040":"Not Affected","RIF_RL_500YR_2070":"Not Affected"}},{"type":"Feature","id":105,"geometry":{"type":"Point","coordinates":[-84.8346859585512,30.7070106736108]},"properties":{"OBJECTID_1":105,"OBJECTID":105,"Name":"RIVER JUNCTION WORK CAMP","Address":"300 PECAN LN","City":"CHATTAHOOCHEE","Zip":"32324","COUNTY":"Gadsden","X":-84.83468596,"Y":30.70701067,"LONGLAT":"-84.83468596,30.70701067","USNG":"16R GU 07367 99133","OWNERSHIP":" ","PARCELID":"1-33-4N-6W-0000-00110-0000","FACILITY_T":"LOCAL CORRECTIONAL INSTITUTION","Asset_Elevation":null,"Owned_Maintained":" ","Asset":"LOCAL CORRECTIONAL INSTITUTION","Asset_Sub_Type":null,"Asset_Type":"Correctional Facilities","Asset_Group":"Critical Community and Emergency Facilities","Asset_Relevancy":"Locally Significant","Asset_ID":"CF_PT_105","Municipality":"Chattahoochee","Water_Management_District":"Northwest Florida Water Management District","Souce_Dataset_Entity":"FDEM","Souce_Dataset_Name":"Correctional Facilities - FDEM","Source_Asset_ID":null,"Restricted_Public_Disclosure":null,"Notes":null,"Regional_Planning_Council":"Apalachee","FDEP_Regulatory_District":"Northwest District","RCP_Region":"Northwest","FDOT_District":3,"House_District_Number":8,"Senate_District_Number":3,"CTF_RL_2020":"Not Affected","CTF_RL_2040_IL":"Not Affected","CTF_RL_2040_INT":"Not Affected","CTF_RL_2070_IL":"Not Affected","CTF_RL_2070_INT":"Not Affected","SSF_RL_100YR_CURR":"Not Affected","SSF_RL_100YR_2040_IL":"Not Affected","SSF_RL_100YR_2040_INT":"Not Affected","SSF_RL_100YR_2070_IL":"Not Affected","SSF_RL_100YR_2070_INT":"Not Affected","SSF_RL_500YR_CURR":"Not Affected","SSF_RL_500YR_2040_IL":"Not Affected","SSF_RL_500YR_2040_INT":"Not Affected","SSF_RL_500YR_2070_IL":"Not Affected","SSF_RL_500YR_2070_INT":"Not Affected","RIF_RL_100YR_2020":"Not Affected","RIF_RL_100YR_2040":"Not Affected","RIF_RL_100YR_2070":"Not Affected","RIF_RL_500YR_2020":"Not Affected","RIF_RL_500YR_2040":"Not Affected","RIF_RL_500YR_2070":"Not Affected"}},{"type":"Feature","id":106,"geometry":{"type":"Point","coordinates":[-84.5905569762254,30.5530412388497]},"properties":{"OBJECTID_1":106,"OBJECTID":106,"Name":"QUINCY CORRECTIONAL INSTITUTION","Address":"2049 PAT THOMAS PKWY","City":"QUINCY","Zip":"32351","COUNTY":"Gadsden","X":-84.59055698,"Y":30.55304124,"LONGLAT":"-84.59055698,30.55304124","USNG":"16R GU 31119 82540","OWNERSHIP":"COUNTY","PARCELID":"3-24-2N-4W-0000-00311-0100","FACILITY_T":"LOCAL CORRECTIONAL INSTITUTION","Asset_Elevation":null,"Owned_Maintained":"COUNTY","Asset":"LOCAL CORRECTIONAL INSTITUTION","Asset_Sub_Type":null,"Asset_Type":"Correctional Facilities","Asset_Group":"Critical Community and Emergency Facilities","Asset_Relevancy":"Locally Significant","Asset_ID":"CF_PT_106","Municipality":"Quincy","Water_Management_District":"Northwest Florida Water Management District","Souce_Dataset_Entity":"FDEM","Souce_Dataset_Name":"Correctional Facilities - FDEM","Source_Asset_ID":null,"Restricted_Public_Disclosure":null,"Notes":null,"Regional_Planning_Council":"Apalachee","FDEP_Regulatory_District":"Northwest District","RCP_Region":"Northwest","FDOT_District":3,"House_District_Number":8,"Senate_District_Number":3,"CTF_RL_2020":"Not Affected","CTF_RL_2040_IL":"Not Affected","CTF_RL_2040_INT":"Not Affected","CTF_RL_2070_IL":"Not Affected","CTF_RL_2070_INT":"Not Affected","SSF_RL_100YR_CURR":"Not Affected","SSF_RL_100YR_2040_IL":"Not Affected","SSF_RL_100YR_2040_INT":"Not Affected","SSF_RL_100YR_2070_IL":"Not Affected","SSF_RL_100YR_2070_INT":"Not Affected","SSF_RL_500YR_CURR":"Not Affected","SSF_RL_500YR_2040_IL":"Not Affected","SSF_RL_500YR_2040_INT":"Not Affected","SSF_RL_500YR_2070_IL":"Not Affected","SSF_RL_500YR_2070_INT":"Not Affected","RIF_RL_100YR_2020":"Medium","RIF_RL_100YR_2040":"Medium","RIF_RL_100YR_2070":"Medium","RIF_RL_500YR_2020":"Medium","RIF_RL_500YR_2040":"Medium","RIF_RL_500YR_2070":"Medium"}},{"type":"Feature","id":107,"geometry":{"type":"Point","coordinates":[-82.86907466822,29.6077752585631]},"properties":{"OBJECTID_1":107,"OBJECTID":107,"Name":"LANCASTER WORK CAMP","Address":"3449 SW STATE ROAD 26","City":"TRENTON","Zip":"32693","COUNTY":"Gilchrist","X":-82.86907467,"Y":29.60777526,"LONGLAT":"-82.86907467,29.60777526","USNG":"17R LN 19010 76783","OWNERSHIP":" ","PARCELID":"13-10-14-0000-0003-0000","FACILITY_T":"LOCAL CORRECTIONAL INSTITUTION","Asset_Elevation":null,"Owned_Maintained":" ","Asset":"LOCAL CORRECTIONAL INSTITUTION","Asset_Sub_Type":null,"Asset_Type":"Correctional Facilities","Asset_Group":"Critical Community and Emergency Facilities","Asset_Relevancy":"Locally Significant","Asset_ID":"CF_PT_107","Municipality":null,"Water_Management_District":"Suwannee River Water Management District","Souce_Dataset_Entity":"FDEM","Souce_Dataset_Name":"Correctional Facilities - FDEM","Source_Asset_ID":null,"Restricted_Public_Disclosure":null,"Notes":null,"Regional_Planning_Council":"North Central Florida","FDEP_Regulatory_District":"Northeast District","RCP_Region":"Northwest","FDOT_District":2,"House_District_Number":22,"Senate_District_Number":6,"CTF_RL_2020":"Not Affected","CTF_RL_2040_IL":"Not Affected","CTF_RL_2040_INT":"Not Affected","CTF_RL_2070_IL":"Not Affected","CTF_RL_2070_INT":"Not Affected","SSF_RL_100YR_CURR":"Not Affected","SSF_RL_100YR_2040_IL":"Not Affected","SSF_RL_100YR_2040_INT":"Not Affected","SSF_RL_100YR_2070_IL":"Not Affected","SSF_RL_100YR_2070_INT":"Not Affected","SSF_RL_500YR_CURR":"Not Affected","SSF_RL_500YR_2040_IL":"Not Affected","SSF_RL_500YR_2040_INT":"Not Affected","SSF_RL_500YR_2070_IL":"Not Affected","SSF_RL_500YR_2070_INT":"Not Affected","RIF_RL_100YR_2020":"Not Affected","RIF_RL_100YR_2040":"Not Affected","RIF_RL_100YR_2070":"Not Affected","RIF_RL_500YR_2020":"Not Affected","RIF_RL_500YR_2040":"Not Affected","RIF_RL_500YR_2070":"Not Affected"}},{"type":"Feature","id":108,"geometry":{"type":"Point","coordinates":[-82.8187901962767,29.60251807755]},"properties":{"OBJECTID_1":108,"OBJECTID":108,"Name":"GILCHRIST COUNTY JAIL","Address":"9239 S US HWY 129","City":"TRENTON","Zip":"32693","COUNTY":"Gilchrist","X":-82.8187902,"Y":29.60251808,"LONGLAT":"-82.81879020,29.60251808","USNG":"17R LN 23871 76123","OWNERSHIP":"COUNTY","PARCELID":"21-10-15-0000-0013-0000","FACILITY_T":"LOCAL CORRECTIONAL INSTITUTION","Asset_Elevation":null,"Owned_Maintained":"COUNTY","Asset":"LOCAL CORRECTIONAL INSTITUTION","Asset_Sub_Type":null,"Asset_Type":"Correctional Facilities","Asset_Group":"Critical Community and Emergency Facilities","Asset_Relevancy":"Locally Significant","Asset_ID":"CF_PT_108","Municipality":"Trenton","Water_Management_District":"Suwannee River Water Management District","Souce_Dataset_Entity":"FDEM","Souce_Dataset_Name":"Correctional Facilities - FDEM","Source_Asset_ID":null,"Restricted_Public_Disclosure":null,"Notes":null,"Regional_Planning_Council":"North Central Florida","FDEP_Regulatory_District":"Northeast District","RCP_Region":"Northwest","FDOT_District":2,"House_District_Number":22,"Senate_District_Number":6,"CTF_RL_2020":"Not Affected","CTF_RL_2040_IL":"Not Affected","CTF_RL_2040_INT":"Not Affected","CTF_RL_2070_IL":"Not Affected","CTF_RL_2070_INT":"Not Affected","SSF_RL_100YR_CURR":"Not Affected","SSF_RL_100YR_2040_IL":"Not Affected","SSF_RL_100YR_2040_INT":"Not Affected","SSF_RL_100YR_2070_IL":"Not Affected","SSF_RL_100YR_2070_INT":"Not Affected","SSF_RL_500YR_CURR":"Not Affected","SSF_RL_500YR_2040_IL":"Not Affected","SSF_RL_500YR_2040_INT":"Not Affected","SSF_RL_500YR_2070_IL":"Not Affected","SSF_RL_500YR_2070_INT":"Not Affected","RIF_RL_100YR_2020":"Not Affected","RIF_RL_100YR_2040":"Not Affected","RIF_RL_100YR_2070":"Not Affected","RIF_RL_500YR_2020":"Not Affected","RIF_RL_500YR_2040":"Medium","RIF_RL_500YR_2070":"Medium"}},{"type":"Feature","id":109,"geometry":{"type":"Point","coordinates":[-82.8643671559492,29.608566843694]},"properties":{"OBJECTID_1":109,"OBJECTID":109,"Name":"LANCASTER CORRECTIONAL INSTITUTION","Address":"3449 SW STATE ROAD 26","City":"TRENTON","Zip":"32693","COUNTY":"Gilchrist","X":-82.86436716,"Y":29.60856684,"LONGLAT":"-82.86436716,29.60856684","USNG":"17R LN 19468 76864","OWNERSHIP":" ","PARCELID":"13-10-14-0000-0003-0000","FACILITY_T":"LOCAL CORRECTIONAL INSTITUTION","Asset_Elevation":null,"Owned_Maintained":" ","Asset":"LOCAL CORRECTIONAL INSTITUTION","Asset_Sub_Type":null,"Asset_Type":"Correctional Facilities","Asset_Group":"Critical Community and Emergency Facilities","Asset_Relevancy":"Locally Significant","Asset_ID":"CF_PT_109","Municipality":null,"Water_Management_District":"Suwannee River Water Management District","Souce_Dataset_Entity":"FDEM","Souce_Dataset_Name":"Correctional Facilities - FDEM","Source_Asset_ID":null,"Restricted_Public_Disclosure":null,"Notes":null,"Regional_Planning_Council":"North Central Florida","FDEP_Regulatory_District":"Northeast District","RCP_Region":"Northwest","FDOT_District":2,"House_District_Number":22,"Senate_District_Number":6,"CTF_RL_2020":"Not Affected","CTF_RL_2040_IL":"Not Affected","CTF_RL_2040_INT":"Not Affected","CTF_RL_2070_IL":"Not Affected","CTF_RL_2070_INT":"Not Affected","SSF_RL_100YR_CURR":"Not Affected","SSF_RL_100YR_2040_IL":"Not Affected","SSF_RL_100YR_2040_INT":"Not Affected","SSF_RL_100YR_2070_IL":"Not Affected","SSF_RL_100YR_2070_INT":"Not Affected","SSF_RL_500YR_CURR":"Not Affected","SSF_RL_500YR_2040_IL":"Not Affected","SSF_RL_500YR_2040_INT":"Not Affected","SSF_RL_500YR_2070_IL":"Not Affected","SSF_RL_500YR_2070_INT":"Not Affected","RIF_RL_100YR_2020":"Not Affected","RIF_RL_100YR_2040":"Not Affected","RIF_RL_100YR_2070":"Not Affected","RIF_RL_500YR_2020":"Not Affected","RIF_RL_500YR_2040":"Not Affected","RIF_RL_500YR_2070":"Not Affected"}},{"type":"Feature","id":110,"geometry":{"type":"Point","coordinates":[-81.1202029521314,26.8384519647408]},"properties":{"OBJECTID_1":110,"OBJECTID":110,"Name":"GLADES COUNTY JAIL/SHERIFF DEPT","Address":"1297 EAST STATE ROAD 78","City":"MOORE HAVEN","Zip":"33471","COUNTY":"Glades","X":-81.12020295,"Y":26.83845197,"LONGLAT":"-81.12020295,26.83845197","USNG":"17R MK 88057 68548","OWNERSHIP":"COUNTY","PARCELID":"A09-42-32-A00-001B-0000","FACILITY_T":"LOCAL CORRECTIONAL INSTITUTION","Asset_Elevation":null,"Owned_Maintained":"COUNTY","Asset":"LOCAL CORRECTIONAL INSTITUTION","Asset_Sub_Type":null,"Asset_Type":"Correctional Facilities","Asset_Group":"Critical Community and Emergency Facilities","Asset_Relevancy":"Locally Significant","Asset_ID":"CF_PT_110","Municipality":null,"Water_Management_District":"South Florida Water Management District","Souce_Dataset_Entity":"FDEM","Souce_Dataset_Name":"Correctional Facilities - FDEM","Source_Asset_ID":null,"Restricted_Public_Disclosure":null,"Notes":null,"Regional_Planning_Council":"Southwest Florida","FDEP_Regulatory_District":"South District","RCP_Region":"Southwest","FDOT_District":1,"House_District_Number":83,"Senate_District_Number":29,"CTF_RL_2020":"Not Affected","CTF_RL_2040_IL":"Not Affected","CTF_RL_2040_INT":"Not Affected","CTF_RL_2070_IL":"Not Affected","CTF_RL_2070_INT":"Not Affected","SSF_RL_100YR_CURR":"Not Affected","SSF_RL_100YR_2040_IL":"Not Affected","SSF_RL_100YR_2040_INT":"Not Affected","SSF_RL_100YR_2070_IL":"Not Affected","SSF_RL_100YR_2070_INT":"Not Affected","SSF_RL_500YR_CURR":"Not Affected","SSF_RL_500YR_2040_IL":"Not Affected","SSF_RL_500YR_2040_INT":"Not Affected","SSF_RL_500YR_2070_IL":"Not Affected","SSF_RL_500YR_2070_INT":"Not Affected","RIF_RL_100YR_2020":"Not Affected","RIF_RL_100YR_2040":"Not Affected","RIF_RL_100YR_2070":"Not Affected","RIF_RL_500YR_2020":"Not Affected","RIF_RL_500YR_2040":"Not Affected","RIF_RL_500YR_2070":"Low"}},{"type":"Feature","id":111,"geometry":{"type":"Point","coordinates":[-81.1200954679784,26.8380519749841]},"properties":{"OBJECTID_1":111,"OBJECTID":111,"Name":"MOORE HAVEN CORR FACILITY","Address":"1282 EAST STATE ROAD 78","City":"MOORE HAVEN","Zip":"33471","COUNTY":"Glades","X":-81.12009547,"Y":26.83805198,"LONGLAT":"-81.12009547,26.83805198","USNG":"17R MK 88067 68503","OWNERSHIP":" ","PARCELID":"A10-42-32-A01-002C-0000","FACILITY_T":"CORRECTIONAL FACILITY","Asset_Elevation":null,"Owned_Maintained":" ","Asset":"CORRECTIONAL FACILITY","Asset_Sub_Type":null,"Asset_Type":"Correctional Facilities","Asset_Group":"Critical Community and Emergency Facilities","Asset_Relevancy":"Locally Significant","Asset_ID":"CF_PT_111","Municipality":null,"Water_Management_District":"South Florida Water Management District","Souce_Dataset_Entity":"FDEM","Souce_Dataset_Name":"Correctional Facilities - FDEM","Source_Asset_ID":null,"Restricted_Public_Disclosure":null,"Notes":null,"Regional_Planning_Council":"Southwest Florida","FDEP_Regulatory_District":"South District","RCP_Region":"Southwest","FDOT_District":1,"House_District_Number":83,"Senate_District_Number":29,"CTF_RL_2020":"Not Affected","CTF_RL_2040_IL":"Not Affected","CTF_RL_2040_INT":"Not Affected","CTF_RL_2070_IL":"Not Affected","CTF_RL_2070_INT":"Not Affected","SSF_RL_100YR_CURR":"Not Affected","SSF_RL_100YR_2040_IL":"Not Affected","SSF_RL_100YR_2040_INT":"Not Affected","SSF_RL_100YR_2070_IL":"Not Affected","SSF_RL_100YR_2070_INT":"Not Affected","SSF_RL_500YR_CURR":"Not Affected","SSF_RL_500YR_2040_IL":"Not Affected","SSF_RL_500YR_2040_INT":"Not Affected","SSF_RL_500YR_2070_IL":"Not Affected","SSF_RL_500YR_2070_INT":"Not Affected","RIF_RL_100YR_2020":"Not Affected","RIF_RL_100YR_2040":"Not Affected","RIF_RL_100YR_2070":"Not Affected","RIF_RL_500YR_2020":"Not Affected","RIF_RL_500YR_2040":"Not Affected","RIF_RL_500YR_2070":"Low"}},{"type":"Feature","id":112,"geometry":{"type":"Point","coordinates":[-85.1376164805628,29.9085349957782]},"properties":{"OBJECTID_1":112,"OBJECTID":112,"Name":"GULF CORRECTIONAL INSTITUTION WORK CAMP","Address":"3222 DOC WHITFIELD RD","City":"PORT SAINT JOE","Zip":"32456","COUNTY":"Gulf","X":-85.13761648,"Y":29.908535,"LONGLAT":"-85.13761648,29.90853500","USNG":"16R FU 79803 10107","OWNERSHIP":"STATE","PARCELID":"01111-050R","FACILITY_T":"STATE CORRECTIONAL INSTITUTION","Asset_Elevation":null,"Owned_Maintained":"STATE","Asset":"STATE CORRECTIONAL INSTITUTION","Asset_Sub_Type":null,"Asset_Type":"Correctional Facilities","Asset_Group":"Critical Community and Emergency Facilities","Asset_Relevancy":"Locally Significant","Asset_ID":"CF_PT_112","Municipality":null,"Water_Management_District":"Northwest Florida Water Management District","Souce_Dataset_Entity":"FDEM","Souce_Dataset_Name":"Correctional Facilities - FDEM","Source_Asset_ID":null,"Restricted_Public_Disclosure":null,"Notes":null,"Regional_Planning_Council":"Apalachee","FDEP_Regulatory_District":"Northwest District","RCP_Region":"Northwest","FDOT_District":3,"House_District_Number":7,"Senate_District_Number":3,"CTF_RL_2020":"Not Affected","CTF_RL_2040_IL":"Not Affected","CTF_RL_2040_INT":"Not Affected","CTF_RL_2070_IL":"Not Affected","CTF_RL_2070_INT":"Not Affected","SSF_RL_100YR_CURR":"Not Affected","SSF_RL_100YR_2040_IL":"Not Affected","SSF_RL_100YR_2040_INT":"Not Affected","SSF_RL_100YR_2070_IL":"Not Affected","SSF_RL_100YR_2070_INT":"Not Affected","SSF_RL_500YR_CURR":"Not Affected","SSF_RL_500YR_2040_IL":"Not Affected","SSF_RL_500YR_2040_INT":"Not Affected","SSF_RL_500YR_2070_IL":"Not Affected","SSF_RL_500YR_2070_INT":"Not Affected","RIF_RL_100YR_2020":"Not Affected","RIF_RL_100YR_2040":"Not Affected","RIF_RL_100YR_2070":"Not Affected","RIF_RL_500YR_2020":"Not Affected","RIF_RL_500YR_2040":"Not Affected","RIF_RL_500YR_2070":"Not Affected"}},{"type":"Feature","id":113,"geometry":{"type":"Point","coordinates":[-85.2609270468914,30.1740785222415]},"properties":{"OBJECTID_1":113,"OBJECTID":113,"Name":"GULF CORRECTIONAL INSTITUTION - ANNEX","Address":"699 IKE STEELE RD","City":"WEWAHITCHKA","Zip":"32465","COUNTY":"Gulf","X":-85.26092705,"Y":30.17407852,"LONGLAT":"-85.26092705,30.17407852","USNG":"16R FU 67448 39352","OWNERSHIP":"STATE","PARCELID":"01355-050R","FACILITY_T":"STATE CORRECTIONAL INSTITUTION","Asset_Elevation":null,"Owned_Maintained":"STATE","Asset":"STATE CORRECTIONAL INSTITUTION","Asset_Sub_Type":null,"Asset_Type":"Correctional Facilities","Asset_Group":"Critical Community and Emergency Facilities","Asset_Relevancy":"Locally Significant","Asset_ID":"CF_PT_113","Municipality":null,"Water_Management_District":"Northwest Florida Water Management District","Souce_Dataset_Entity":"FDEM","Souce_Dataset_Name":"Correctional Facilities - FDEM","Source_Asset_ID":null,"Restricted_Public_Disclosure":null,"Notes":null,"Regional_Planning_Council":"Apalachee","FDEP_Regulatory_District":"Northwest District","RCP_Region":"Northwest","FDOT_District":3,"House_District_Number":7,"Senate_District_Number":3,"CTF_RL_2020":"Not Affected","CTF_RL_2040_IL":"Not Affected","CTF_RL_2040_INT":"Not Affected","CTF_RL_2070_IL":"Not Affected","CTF_RL_2070_INT":"Not Affected","SSF_RL_100YR_CURR":"Not Affected","SSF_RL_100YR_2040_IL":"Not Affected","SSF_RL_100YR_2040_INT":"Not Affected","SSF_RL_100YR_2070_IL":"Not Affected","SSF_RL_100YR_2070_INT":"Not Affected","SSF_RL_500YR_CURR":"Not Affected","SSF_RL_500YR_2040_IL":"Not Affected","SSF_RL_500YR_2040_INT":"Not Affected","SSF_RL_500YR_2070_IL":"Not Affected","SSF_RL_500YR_2070_INT":"Not Affected","RIF_RL_100YR_2020":"Not Affected","RIF_RL_100YR_2040":"Not Affected","RIF_RL_100YR_2070":"Not Affected","RIF_RL_500YR_2020":"Not Affected","RIF_RL_500YR_2040":"Not Affected","RIF_RL_500YR_2070":"Not Affected"}},{"type":"Feature","id":114,"geometry":{"type":"Point","coordinates":[-85.2672445769191,30.17510289128]},"properties":{"OBJECTID_1":114,"OBJECTID":114,"Name":"GULF CORRECTIONAL INST","Address":"500 IKE STEELE RD","City":"WEWAHITCHKA","Zip":"32465","COUNTY":"Gulf","X":-85.26724458,"Y":30.17510289,"LONGLAT":"-85.26724458,30.17510289","USNG":"16R FU 66838 39456","OWNERSHIP":"STATE","PARCELID":"01355-051R","FACILITY_T":"STATE CORRECTIONAL INSTITUTION","Asset_Elevation":null,"Owned_Maintained":"STATE","Asset":"STATE CORRECTIONAL INSTITUTION","Asset_Sub_Type":null,"Asset_Type":"Correctional Facilities","Asset_Group":"Critical Community and Emergency Facilities","Asset_Relevancy":"Locally Significant","Asset_ID":"CF_PT_114","Municipality":null,"Water_Management_District":"Northwest Florida Water Management District","Souce_Dataset_Entity":"FDEM","Souce_Dataset_Name":"Correctional Facilities - FDEM","Source_Asset_ID":null,"Restricted_Public_Disclosure":null,"Notes":null,"Regional_Planning_Council":"Apalachee","FDEP_Regulatory_District":"Northwest District","RCP_Region":"Northwest","FDOT_District":3,"House_District_Number":7,"Senate_District_Number":3,"CTF_RL_2020":"Not Affected","CTF_RL_2040_IL":"Not Affected","CTF_RL_2040_INT":"Not Affected","CTF_RL_2070_IL":"Not Affected","CTF_RL_2070_INT":"Not Affected","SSF_RL_100YR_CURR":"Not Affected","SSF_RL_100YR_2040_IL":"Not Affected","SSF_RL_100YR_2040_INT":"Not Affected","SSF_RL_100YR_2070_IL":"Not Affected","SSF_RL_100YR_2070_INT":"Not Affected","SSF_RL_500YR_CURR":"Not Affected","SSF_RL_500YR_2040_IL":"Not Affected","SSF_RL_500YR_2040_INT":"Not Affected","SSF_RL_500YR_2070_IL":"Not Affected","SSF_RL_500YR_2070_INT":"Not Affected","RIF_RL_100YR_2020":"Not Affected","RIF_RL_100YR_2040":"Not Affected","RIF_RL_100YR_2070":"Not Affected","RIF_RL_500YR_2020":"Not Affected","RIF_RL_500YR_2040":"Not Affected","RIF_RL_500YR_2070":"Not Affected"}},{"type":"Feature","id":115,"geometry":{"type":"Point","coordinates":[-82.9377907526852,30.527071717026]},"properties":{"OBJECTID_1":115,"OBJECTID":115,"Name":"FLORIDA DOJJ NORTH REGION - PANTHER SUCCESS CENTER","Address":"11180 NE 38TH ST","City":"JASPER","Zip":"32052","COUNTY":"Hamilton","X":-82.93779075,"Y":30.52707172,"LONGLAT":"-82.93779075,30.52707172","USNG":"17R LP 14082 78788","OWNERSHIP":"STATE","PARCELID":"2582-000","FACILITY_T":"STATE CORRECTIONAL INSTITUTION","Asset_Elevation":null,"Owned_Maintained":"STATE","Asset":"STATE CORRECTIONAL INSTITUTION","Asset_Sub_Type":null,"Asset_Type":"Correctional Facilities","Asset_Group":"Critical Community and Emergency Facilities","Asset_Relevancy":"Locally Significant","Asset_ID":"CF_PT_115","Municipality":null,"Water_Management_District":"Suwannee River Water Management District","Souce_Dataset_Entity":"FDEM","Souce_Dataset_Name":"Correctional Facilities - FDEM","Source_Asset_ID":null,"Restricted_Public_Disclosure":null,"Notes":null,"Regional_Planning_Council":"North Central Florida","FDEP_Regulatory_District":"Northeast District","RCP_Region":"Northwest","FDOT_District":2,"House_District_Number":7,"Senate_District_Number":3,"CTF_RL_2020":"Not Affected","CTF_RL_2040_IL":"Not Affected","CTF_RL_2040_INT":"Not Affected","CTF_RL_2070_IL":"Not Affected","CTF_RL_2070_INT":"Not Affected","SSF_RL_100YR_CURR":"Not Affected","SSF_RL_100YR_2040_IL":"Not Affected","SSF_RL_100YR_2040_INT":"Not Affected","SSF_RL_100YR_2070_IL":"Not Affected","SSF_RL_100YR_2070_INT":"Not Affected","SSF_RL_500YR_CURR":"Not Affected","SSF_RL_500YR_2040_IL":"Not Affected","SSF_RL_500YR_2040_INT":"Not Affected","SSF_RL_500YR_2070_IL":"Not Affected","SSF_RL_500YR_2070_INT":"Not Affected","RIF_RL_100YR_2020":"Not Affected","RIF_RL_100YR_2040":"Not Affected","RIF_RL_100YR_2070":"Not Affected","RIF_RL_500YR_2020":"Not Affected","RIF_RL_500YR_2040":"Not Affected","RIF_RL_500YR_2070":"Not Affected"}},{"type":"Feature","id":116,"geometry":{"type":"Point","coordinates":[-82.9671488005937,30.5036003831003]},"properties":{"OBJECTID_1":116,"OBJECTID":116,"Name":"FLORIDA DEPARTMENT OF CORRECTIONS REGION 2 - HAMILTON CORRECTIONAL INSTITUTION-ANNEX","Address":"11419 COUNTY ROAD 249","City":"JASPER","Zip":"32052","COUNTY":"Hamilton","X":-82.9671488,"Y":30.50360038,"LONGLAT":"-82.96714880,30.50360038","USNG":"17R LP 11220 76235","OWNERSHIP":"STATE","PARCELID":"6992-001","FACILITY_T":"STATE CORRECTIONAL INSTITUTION","Asset_Elevation":null,"Owned_Maintained":"STATE","Asset":"STATE CORRECTIONAL INSTITUTION","Asset_Sub_Type":null,"Asset_Type":"Correctional Facilities","Asset_Group":"Critical Community and Emergency Facilities","Asset_Relevancy":"Locally Significant","Asset_ID":"CF_PT_116","Municipality":"Jasper","Water_Management_District":"Suwannee River Water Management District","Souce_Dataset_Entity":"FDEM","Souce_Dataset_Name":"Correctional Facilities - FDEM","Source_Asset_ID":null,"Restricted_Public_Disclosure":null,"Notes":null,"Regional_Planning_Council":"North Central Florida","FDEP_Regulatory_District":"Northeast District","RCP_Region":"Northwest","FDOT_District":2,"House_District_Number":7,"Senate_District_Number":3,"CTF_RL_2020":"Not Affected","CTF_RL_2040_IL":"Not Affected","CTF_RL_2040_INT":"Not Affected","CTF_RL_2070_IL":"Not Affected","CTF_RL_2070_INT":"Not Affected","SSF_RL_100YR_CURR":"Not Affected","SSF_RL_100YR_2040_IL":"Not Affected","SSF_RL_100YR_2040_INT":"Not Affected","SSF_RL_100YR_2070_IL":"Not Affected","SSF_RL_100YR_2070_INT":"Not Affected","SSF_RL_500YR_CURR":"Not Affected","SSF_RL_500YR_2040_IL":"Not Affected","SSF_RL_500YR_2040_INT":"Not Affected","SSF_RL_500YR_2070_IL":"Not Affected","SSF_RL_500YR_2070_INT":"Not Affected","RIF_RL_100YR_2020":"Not Affected","RIF_RL_100YR_2040":"Not Affected","RIF_RL_100YR_2070":"Not Affected","RIF_RL_500YR_2020":"Not Affected","RIF_RL_500YR_2040":"Not Affected","RIF_RL_500YR_2070":"Not Affected"}},{"type":"Feature","id":117,"geometry":{"type":"Point","coordinates":[-82.9615447710623,30.501841244693]},"properties":{"OBJECTID_1":117,"OBJECTID":117,"Name":"HAMILTON CORRECTIONAL INSTITUTION","Address":"10650 SW 46TH ST","City":"JASPER","Zip":"32052","COUNTY":"Hamilton","X":-82.96154477,"Y":30.50184125,"LONGLAT":"-82.96154477,30.50184125","USNG":"17R LP 11754 76031","OWNERSHIP":"STATE","PARCELID":"2096-000","FACILITY_T":"LOCAL CORRECTIONAL INSTITUTION","Asset_Elevation":null,"Owned_Maintained":"STATE","Asset":"LOCAL CORRECTIONAL INSTITUTION","Asset_Sub_Type":null,"Asset_Type":"Correctional Facilities","Asset_Group":"Critical Community and Emergency Facilities","Asset_Relevancy":"Locally Significant","Asset_ID":"CF_PT_117","Municipality":null,"Water_Management_District":"Suwannee River Water Management District","Souce_Dataset_Entity":"FDEM","Souce_Dataset_Name":"Correctional Facilities - FDEM","Source_Asset_ID":null,"Restricted_Public_Disclosure":null,"Notes":null,"Regional_Planning_Council":"North Central Florida","FDEP_Regulatory_District":"Northeast District","RCP_Region":"Northwest","FDOT_District":2,"House_District_Number":7,"Senate_District_Number":3,"CTF_RL_2020":"Not Affected","CTF_RL_2040_IL":"Not Affected","CTF_RL_2040_INT":"Not Affected","CTF_RL_2070_IL":"Not Affected","CTF_RL_2070_INT":"Not Affected","SSF_RL_100YR_CURR":"Not Affected","SSF_RL_100YR_2040_IL":"Not Affected","SSF_RL_100YR_2040_INT":"Not Affected","SSF_RL_100YR_2070_IL":"Not Affected","SSF_RL_100YR_2070_INT":"Not Affected","SSF_RL_500YR_CURR":"Not Affected","SSF_RL_500YR_2040_IL":"Not Affected","SSF_RL_500YR_2040_INT":"Not Affected","SSF_RL_500YR_2070_IL":"Not Affected","SSF_RL_500YR_2070_INT":"Not Affected","RIF_RL_100YR_2020":"Not Affected","RIF_RL_100YR_2040":"Not Affected","RIF_RL_100YR_2070":"Not Affected","RIF_RL_500YR_2020":"Not Affected","RIF_RL_500YR_2040":"Not Affected","RIF_RL_500YR_2070":"Not Affected"}},{"type":"Feature","id":118,"geometry":{"type":"Point","coordinates":[-82.9597946747838,30.5064825459384]},"properties":{"OBJECTID_1":118,"OBJECTID":118,"Name":"HAMILTON WORK CAMP","Address":"10650 SW 46TH ST","City":"JASPER","Zip":"32052","COUNTY":"Hamilton","X":-82.95979468,"Y":30.50648255,"LONGLAT":"-82.95979468,30.50648255","USNG":"17R LP 11931 76543","OWNERSHIP":"STATE","PARCELID":"2096-000","FACILITY_T":"LOCAL CORRECTIONAL INSTITUTION","Asset_Elevation":null,"Owned_Maintained":"STATE","Asset":"LOCAL CORRECTIONAL INSTITUTION","Asset_Sub_Type":null,"Asset_Type":"Correctional Facilities","Asset_Group":"Critical Community and Emergency Facilities","Asset_Relevancy":"Locally Significant","Asset_ID":"CF_PT_118","Municipality":null,"Water_Management_District":"Suwannee River Water Management District","Souce_Dataset_Entity":"FDEM","Souce_Dataset_Name":"Correctional Facilities - FDEM","Source_Asset_ID":null,"Restricted_Public_Disclosure":null,"Notes":null,"Regional_Planning_Council":"North Central Florida","FDEP_Regulatory_District":"Northeast District","RCP_Region":"Northwest","FDOT_District":2,"House_District_Number":7,"Senate_District_Number":3,"CTF_RL_2020":"Not Affected","CTF_RL_2040_IL":"Not Affected","CTF_RL_2040_INT":"Not Affected","CTF_RL_2070_IL":"Not Affected","CTF_RL_2070_INT":"Not Affected","SSF_RL_100YR_CURR":"Not Affected","SSF_RL_100YR_2040_IL":"Not Affected","SSF_RL_100YR_2040_INT":"Not Affected","SSF_RL_100YR_2070_IL":"Not Affected","SSF_RL_100YR_2070_INT":"Not Affected","SSF_RL_500YR_CURR":"Not Affected","SSF_RL_500YR_2040_IL":"Not Affected","SSF_RL_500YR_2040_INT":"Not Affected","SSF_RL_500YR_2070_IL":"Not Affected","SSF_RL_500YR_2070_INT":"Not Affected","RIF_RL_100YR_2020":"Not Affected","RIF_RL_100YR_2040":"Not Affected","RIF_RL_100YR_2070":"Not Affected","RIF_RL_500YR_2020":"Not Affected","RIF_RL_500YR_2040":"Not Affected","RIF_RL_500YR_2070":"Not Affected"}},{"type":"Feature","id":119,"geometry":{"type":"Point","coordinates":[-82.9413479066656,30.5262846817427]},"properties":{"OBJECTID_1":119,"OBJECTID":119,"Name":"HAMILTON COUNTY JAIL","Address":"3995 COUNTY ROAD 51 N","City":"JASPER","Zip":"32052","COUNTY":"Hamilton","X":-82.94134791,"Y":30.52628468,"LONGLAT":"-82.94134791,30.52628468","USNG":"17R LP 13739 78707","OWNERSHIP":"COUNTY","PARCELID":"6987-000","FACILITY_T":"LOCAL CORRECTIONAL INSTITUTION","Asset_Elevation":null,"Owned_Maintained":"COUNTY","Asset":"LOCAL CORRECTIONAL INSTITUTION","Asset_Sub_Type":null,"Asset_Type":"Correctional Facilities","Asset_Group":"Critical Community and Emergency Facilities","Asset_Relevancy":"Locally Significant","Asset_ID":"CF_PT_119","Municipality":"Jasper","Water_Management_District":"Suwannee River Water Management District","Souce_Dataset_Entity":"FDEM","Souce_Dataset_Name":"Correctional Facilities - FDEM","Source_Asset_ID":null,"Restricted_Public_Disclosure":null,"Notes":null,"Regional_Planning_Council":"North Central Florida","FDEP_Regulatory_District":"Northeast District","RCP_Region":"Northwest","FDOT_District":2,"House_District_Number":7,"Senate_District_Number":3,"CTF_RL_2020":"Not Affected","CTF_RL_2040_IL":"Not Affected","CTF_RL_2040_INT":"Not Affected","CTF_RL_2070_IL":"Not Affected","CTF_RL_2070_INT":"Not Affected","SSF_RL_100YR_CURR":"Not Affected","SSF_RL_100YR_2040_IL":"Not Affected","SSF_RL_100YR_2040_INT":"Not Affected","SSF_RL_100YR_2070_IL":"Not Affected","SSF_RL_100YR_2070_INT":"Not Affected","SSF_RL_500YR_CURR":"Not Affected","SSF_RL_500YR_2040_IL":"Not Affected","SSF_RL_500YR_2040_INT":"Not Affected","SSF_RL_500YR_2070_IL":"Not Affected","SSF_RL_500YR_2070_INT":"Not Affected","RIF_RL_100YR_2020":"Not Affected","RIF_RL_100YR_2040":"Not Affected","RIF_RL_100YR_2070":"Not Affected","RIF_RL_500YR_2020":"Not Affected","RIF_RL_500YR_2040":"Not Affected","RIF_RL_500YR_2070":"Not Affected"}},{"type":"Feature","id":120,"geometry":{"type":"Point","coordinates":[-82.0067993956968,27.593812386329]},"properties":{"OBJECTID_1":120,"OBJECTID":120,"Name":"HARDEE WORK CAMP","Address":"6899 STATE ROAD 62","City":"BOWLING GREEN","Zip":"33834","COUNTY":"Hardee","X":-82.0067994,"Y":27.59381239,"LONGLAT":"-82.00679940,27.59381239","USNG":"17R ML 00637 52612","OWNERSHIP":" ","PARCELID":"21-33-23-0000-09910-0000","FACILITY_T":"LOCAL CORRECTIONAL INSTITUTION","Asset_Elevation":null,"Owned_Maintained":" ","Asset":"LOCAL CORRECTIONAL INSTITUTION","Asset_Sub_Type":null,"Asset_Type":"Correctional Facilities","Asset_Group":"Critical Community and Emergency Facilities","Asset_Relevancy":"Locally Significant","Asset_ID":"CF_PT_120","Municipality":null,"Water_Management_District":"Southwest Florida Water Management District","Souce_Dataset_Entity":"FDEM","Souce_Dataset_Name":"Correctional Facilities - FDEM","Source_Asset_ID":null,"Restricted_Public_Disclosure":null,"Notes":null,"Regional_Planning_Council":"Central Florida","FDEP_Regulatory_District":"Southwest District","RCP_Region":"Southwest","FDOT_District":1,"House_District_Number":83,"Senate_District_Number":27,"CTF_RL_2020":"Not Affected","CTF_RL_2040_IL":"Not Affected","CTF_RL_2040_INT":"Not Affected","CTF_RL_2070_IL":"Not Affected","CTF_RL_2070_INT":"Not Affected","SSF_RL_100YR_CURR":"Not Affected","SSF_RL_100YR_2040_IL":"Not Affected","SSF_RL_100YR_2040_INT":"Not Affected","SSF_RL_100YR_2070_IL":"Not Affected","SSF_RL_100YR_2070_INT":"Not Affected","SSF_RL_500YR_CURR":"Not Affected","SSF_RL_500YR_2040_IL":"Not Affected","SSF_RL_500YR_2040_INT":"Not Affected","SSF_RL_500YR_2070_IL":"Not Affected","SSF_RL_500YR_2070_INT":"Not Affected","RIF_RL_100YR_2020":"Not Affected","RIF_RL_100YR_2040":"Not Affected","RIF_RL_100YR_2070":"Not Affected","RIF_RL_500YR_2020":"Not Affected","RIF_RL_500YR_2040":"Not Affected","RIF_RL_500YR_2070":"Not Affected"}},{"type":"Feature","id":121,"geometry":{"type":"Point","coordinates":[-82.0148647132816,27.5903552639541]},"properties":{"OBJECTID_1":121,"OBJECTID":121,"Name":"HARDEE CORRECTIONAL INSTITUTE","Address":"6901 STATE ROAD 62","City":"BOWLING GREEN","Zip":"33834","COUNTY":"Hardee","X":-82.01486471,"Y":27.59035527,"LONGLAT":"-82.01486471,27.59035527","USNG":"17R LL 99838 52236","OWNERSHIP":" ","PARCELID":"21-33-23-0000-09910-0000","FACILITY_T":"LOCAL CORRECTIONAL INSTITUTION","Asset_Elevation":null,"Owned_Maintained":" ","Asset":"LOCAL CORRECTIONAL INSTITUTION","Asset_Sub_Type":null,"Asset_Type":"Correctional Facilities","Asset_Group":"Critical Community and Emergency Facilities","Asset_Relevancy":"Locally Significant","Asset_ID":"CF_PT_121","Municipality":null,"Water_Management_District":"Southwest Florida Water Management District","Souce_Dataset_Entity":"FDEM","Souce_Dataset_Name":"Correctional Facilities - FDEM","Source_Asset_ID":null,"Restricted_Public_Disclosure":null,"Notes":null,"Regional_Planning_Council":"Central Florida","FDEP_Regulatory_District":"Southwest District","RCP_Region":"Southwest","FDOT_District":1,"House_District_Number":83,"Senate_District_Number":27,"CTF_RL_2020":"Not Affected","CTF_RL_2040_IL":"Not Affected","CTF_RL_2040_INT":"Not Affected","CTF_RL_2070_IL":"Not Affected","CTF_RL_2070_INT":"Not Affected","SSF_RL_100YR_CURR":"Not Affected","SSF_RL_100YR_2040_IL":"Not Affected","SSF_RL_100YR_2040_INT":"Not Affected","SSF_RL_100YR_2070_IL":"Not Affected","SSF_RL_100YR_2070_INT":"Not Affected","SSF_RL_500YR_CURR":"Not Affected","SSF_RL_500YR_2040_IL":"Not Affected","SSF_RL_500YR_2040_INT":"Not Affected","SSF_RL_500YR_2070_IL":"Not Affected","SSF_RL_500YR_2070_INT":"Not Affected","RIF_RL_100YR_2020":"Not Affected","RIF_RL_100YR_2040":"Not Affected","RIF_RL_100YR_2070":"Not Affected","RIF_RL_500YR_2020":"Not Affected","RIF_RL_500YR_2040":"Not Affected","RIF_RL_500YR_2070":"Not Affected"}},{"type":"Feature","id":122,"geometry":{"type":"Point","coordinates":[-81.2599009664173,26.3101757872856]},"properties":{"OBJECTID_1":122,"OBJECTID":122,"Name":"HENDRY WORK CAMP","Address":"11569 WAINWRIGHT DR","City":"IMMOKALEE","Zip":"34142","COUNTY":"Hendry","X":-81.25990097,"Y":26.31017579,"LONGLAT":"-81.25990097,26.31017579","USNG":"17R MK 74058 10060","OWNERSHIP":"STATE","PARCELID":"1 31 48 18 A00 0001.0000","FACILITY_T":"CORRECTIONAL FACILITY","Asset_Elevation":null,"Owned_Maintained":"STATE","Asset":"CORRECTIONAL FACILITY","Asset_Sub_Type":null,"Asset_Type":"Correctional Facilities","Asset_Group":"Critical Community and Emergency Facilities","Asset_Relevancy":"Locally Significant","Asset_ID":"CF_PT_122","Municipality":null,"Water_Management_District":"South Florida Water Management District","Souce_Dataset_Entity":"FDEM","Souce_Dataset_Name":"Correctional Facilities - FDEM","Source_Asset_ID":null,"Restricted_Public_Disclosure":null,"Notes":null,"Regional_Planning_Council":"Southwest Florida","FDEP_Regulatory_District":"South District","RCP_Region":"Southwest","FDOT_District":1,"House_District_Number":82,"Senate_District_Number":28,"CTF_RL_2020":"Not Affected","CTF_RL_2040_IL":"Not Affected","CTF_RL_2040_INT":"Not Affected","CTF_RL_2070_IL":"Not Affected","CTF_RL_2070_INT":"Not Affected","SSF_RL_100YR_CURR":"Not Affected","SSF_RL_100YR_2040_IL":"Not Affected","SSF_RL_100YR_2040_INT":"Not Affected","SSF_RL_100YR_2070_IL":"Not Affected","SSF_RL_100YR_2070_INT":"Not Affected","SSF_RL_500YR_CURR":"Not Affected","SSF_RL_500YR_2040_IL":"Not Affected","SSF_RL_500YR_2040_INT":"Not Affected","SSF_RL_500YR_2070_IL":"Not Affected","SSF_RL_500YR_2070_INT":"Not Affected","RIF_RL_100YR_2020":"Not Affected","RIF_RL_100YR_2040":"Not Affected","RIF_RL_100YR_2070":"Not Affected","RIF_RL_500YR_2020":"Not Affected","RIF_RL_500YR_2040":"Not Affected","RIF_RL_500YR_2070":"Not Affected"}},{"type":"Feature","id":123,"geometry":{"type":"Point","coordinates":[-82.3752518936034,28.4372829733547]},"properties":{"OBJECTID_1":123,"OBJECTID":123,"Name":"ECKERD CHALLENGE PROGRAM","Address":"397 CULBREATH RD","City":"BROOKSVILLE","Zip":"34604","COUNTY":"Hernando","X":-82.37525189,"Y":28.43728297,"LONGLAT":"-82.37525189,28.43728297","USNG":"17R LM 65324 46413","OWNERSHIP":"COUNTY","PARCELID":"R35 423 19 0000 0020 0000","FACILITY_T":"JUVENILE CORRECTIONAL INSTITUTION","Asset_Elevation":null,"Owned_Maintained":"COUNTY","Asset":"JUVENILE CORRECTIONAL INSTITUTION","Asset_Sub_Type":null,"Asset_Type":"Correctional Facilities","Asset_Group":"Critical Community and Emergency Facilities","Asset_Relevancy":"Locally Significant","Asset_ID":"CF_PT_123","Municipality":null,"Water_Management_District":"Southwest Florida Water Management District","Souce_Dataset_Entity":"FDEM","Souce_Dataset_Name":"Correctional Facilities - FDEM","Source_Asset_ID":null,"Restricted_Public_Disclosure":null,"Notes":null,"Regional_Planning_Council":"Tampa Bay","FDEP_Regulatory_District":"Southwest District","RCP_Region":"Northwest","FDOT_District":7,"House_District_Number":52,"Senate_District_Number":11,"CTF_RL_2020":"Not Affected","CTF_RL_2040_IL":"Not Affected","CTF_RL_2040_INT":"Not Affected","CTF_RL_2070_IL":"Not Affected","CTF_RL_2070_INT":"Not Affected","SSF_RL_100YR_CURR":"Not Affected","SSF_RL_100YR_2040_IL":"Not Affected","SSF_RL_100YR_2040_INT":"Not Affected","SSF_RL_100YR_2070_IL":"Not Affected","SSF_RL_100YR_2070_INT":"Not Affected","SSF_RL_500YR_CURR":"Not Affected","SSF_RL_500YR_2040_IL":"Not Affected","SSF_RL_500YR_2040_INT":"Not Affected","SSF_RL_500YR_2070_IL":"Not Affected","SSF_RL_500YR_2070_INT":"Not Affected","RIF_RL_100YR_2020":"Not Affected","RIF_RL_100YR_2040":"Not Affected","RIF_RL_100YR_2070":"Not Affected","RIF_RL_500YR_2020":"Not Affected","RIF_RL_500YR_2040":"Not Affected","RIF_RL_500YR_2070":"Not Affected"}},{"type":"Feature","id":124,"geometry":{"type":"Point","coordinates":[-82.4510696810675,28.4834731662558]},"properties":{"OBJECTID_1":124,"OBJECTID":124,"Name":"HERNANDO COUNTY SHERIFF'S OFFICE - JAIL","Address":"16425 SPRING HILL DR","City":"BROOKSVILLE","Zip":"34604","COUNTY":"Hernando","X":-82.45106968,"Y":28.48347317,"LONGLAT":"-82.45106968,28.48347317","USNG":"17R LM 57960 51618","OWNERSHIP":"COUNTY","PARCELID":"R18 423 19 0000 0310 0010","FACILITY_T":"LOCAL CORRECTIONAL INSTITUTION","Asset_Elevation":null,"Owned_Maintained":"COUNTY","Asset":"LOCAL CORRECTIONAL INSTITUTION","Asset_Sub_Type":null,"Asset_Type":"Correctional Facilities","Asset_Group":"Critical Community and Emergency Facilities","Asset_Relevancy":"Locally Significant","Asset_ID":"CF_PT_124","Municipality":null,"Water_Management_District":"Southwest Florida Water Management District","Souce_Dataset_Entity":"FDEM","Souce_Dataset_Name":"Correctional Facilities - FDEM","Source_Asset_ID":null,"Restricted_Public_Disclosure":null,"Notes":null,"Regional_Planning_Council":"Tampa Bay","FDEP_Regulatory_District":"Southwest District","RCP_Region":"Northwest","FDOT_District":7,"House_District_Number":52,"Senate_District_Number":11,"CTF_RL_2020":"Not Affected","CTF_RL_2040_IL":"Not Affected","CTF_RL_2040_INT":"Not Affected","CTF_RL_2070_IL":"Not Affected","CTF_RL_2070_INT":"Not Affected","SSF_RL_100YR_CURR":"Not Affected","SSF_RL_100YR_2040_IL":"Not Affected","SSF_RL_100YR_2040_INT":"Not Affected","SSF_RL_100YR_2070_IL":"Not Affected","SSF_RL_100YR_2070_INT":"Not Affected","SSF_RL_500YR_CURR":"Not Affected","SSF_RL_500YR_2040_IL":"Not Affected","SSF_RL_500YR_2040_INT":"Not Affected","SSF_RL_500YR_2070_IL":"Not Affected","SSF_RL_500YR_2070_INT":"Not Affected","RIF_RL_100YR_2020":"Not Affected","RIF_RL_100YR_2040":"Not Affected","RIF_RL_100YR_2070":"Not Affected","RIF_RL_500YR_2020":"Not Affected","RIF_RL_500YR_2040":"Not Affected","RIF_RL_500YR_2070":"Not Affected"}},{"type":"Feature","id":125,"geometry":{"type":"Point","coordinates":[-82.4542521883801,28.4834557316526]},"properties":{"OBJECTID_1":125,"OBJECTID":125,"Name":"HERNANDO CORRECTIONAL INSTITUTION","Address":"16411 SPRING HILL DR","City":"BROOKSVILLE","Zip":"34604","COUNTY":"Hernando","X":-82.45425219,"Y":28.48345573,"LONGLAT":"-82.45425219,28.48345573","USNG":"17R LM 57649 51620","OWNERSHIP":"COUNTY","PARCELID":"R13 423 18 0000 0030 0000","FACILITY_T":"LOCAL CORRECTIONAL INSTITUTION","Asset_Elevation":null,"Owned_Maintained":"COUNTY","Asset":"LOCAL CORRECTIONAL INSTITUTION","Asset_Sub_Type":null,"Asset_Type":"Correctional Facilities","Asset_Group":"Critical Community and Emergency Facilities","Asset_Relevancy":"Locally Significant","Asset_ID":"CF_PT_125","Municipality":null,"Water_Management_District":"Southwest Florida Water Management District","Souce_Dataset_Entity":"FDEM","Souce_Dataset_Name":"Correctional Facilities - FDEM","Source_Asset_ID":null,"Restricted_Public_Disclosure":null,"Notes":null,"Regional_Planning_Council":"Tampa Bay","FDEP_Regulatory_District":"Southwest District","RCP_Region":"Northwest","FDOT_District":7,"House_District_Number":52,"Senate_District_Number":11,"CTF_RL_2020":"Not Affected","CTF_RL_2040_IL":"Not Affected","CTF_RL_2040_INT":"Not Affected","CTF_RL_2070_IL":"Not Affected","CTF_RL_2070_INT":"Not Affected","SSF_RL_100YR_CURR":"Not Affected","SSF_RL_100YR_2040_IL":"Not Affected","SSF_RL_100YR_2040_INT":"Not Affected","SSF_RL_100YR_2070_IL":"Not Affected","SSF_RL_100YR_2070_INT":"Not Affected","SSF_RL_500YR_CURR":"Not Affected","SSF_RL_500YR_2040_IL":"Not Affected","SSF_RL_500YR_2040_INT":"Not Affected","SSF_RL_500YR_2070_IL":"Not Affected","SSF_RL_500YR_2070_INT":"Not Affected","RIF_RL_100YR_2020":"Not Affected","RIF_RL_100YR_2040":"Not Affected","RIF_RL_100YR_2070":"Not Affected","RIF_RL_500YR_2020":"Medium","RIF_RL_500YR_2040":"High","RIF_RL_500YR_2070":"High"}},{"type":"Feature","id":126,"geometry":{"type":"Point","coordinates":[-81.4433248669886,27.043621761339]},"properties":{"OBJECTID_1":126,"OBJECTID":126,"Name":"FLORIDA ENVIRONMENTAL INST","Address":"122 RANCH RD","City":"VENUS","Zip":"33960","COUNTY":"Highlands","X":-81.44332487,"Y":27.04362176,"LONGLAT":"-81.44332487,27.04362176","USNG":"17R MK 56032 91344","OWNERSHIP":"STATE","PARCELID":"C323929A0000100000","FACILITY_T":"JUVENILE CORRECTIONAL INSTITUTION","Asset_Elevation":null,"Owned_Maintained":"STATE","Asset":"JUVENILE CORRECTIONAL INSTITUTION","Asset_Sub_Type":null,"Asset_Type":"Correctional Facilities","Asset_Group":"Critical Community and Emergency Facilities","Asset_Relevancy":"Locally Significant","Asset_ID":"CF_PT_126","Municipality":null,"Water_Management_District":"South Florida Water Management District","Souce_Dataset_Entity":"FDEM","Souce_Dataset_Name":"Correctional Facilities - FDEM","Source_Asset_ID":null,"Restricted_Public_Disclosure":null,"Notes":null,"Regional_Planning_Council":"Central Florida","FDEP_Regulatory_District":"South District","RCP_Region":"Southwest","FDOT_District":1,"House_District_Number":83,"Senate_District_Number":29,"CTF_RL_2020":"Not Affected","CTF_RL_2040_IL":"Not Affected","CTF_RL_2040_INT":"Not Affected","CTF_RL_2070_IL":"Not Affected","CTF_RL_2070_INT":"Not Affected","SSF_RL_100YR_CURR":"Not Affected","SSF_RL_100YR_2040_IL":"Not Affected","SSF_RL_100YR_2040_INT":"Not Affected","SSF_RL_100YR_2070_IL":"Not Affected","SSF_RL_100YR_2070_INT":"Not Affected","SSF_RL_500YR_CURR":"Not Affected","SSF_RL_500YR_2040_IL":"Not Affected","SSF_RL_500YR_2040_INT":"Not Affected","SSF_RL_500YR_2070_IL":"Not Affected","SSF_RL_500YR_2070_INT":"Not Affected","RIF_RL_100YR_2020":"Not Affected","RIF_RL_100YR_2040":"Not Affected","RIF_RL_100YR_2070":"Not Affected","RIF_RL_500YR_2020":"Not Affected","RIF_RL_500YR_2040":"Not Affected","RIF_RL_500YR_2070":"Not Affected"}},{"type":"Feature","id":127,"geometry":{"type":"Point","coordinates":[-81.4366199384905,27.4928551603432]},"properties":{"OBJECTID_1":127,"OBJECTID":127,"Name":"HIGHLANDS CO JAIL/SHERIFF DEPT","Address":"338 S ORANGE ST","City":"SEBRING","Zip":"33870","COUNTY":"Highlands","X":-81.43661994,"Y":27.49285516,"LONGLAT":"-81.43661994,27.49285516","USNG":"17R ML 56870 41101","OWNERSHIP":"COUNTY","PARCELID":"S29342907007400010","FACILITY_T":"LOCAL CORRECTIONAL INSTITUTION","Asset_Elevation":null,"Owned_Maintained":"COUNTY","Asset":"LOCAL CORRECTIONAL INSTITUTION","Asset_Sub_Type":null,"Asset_Type":"Correctional Facilities","Asset_Group":"Critical Community and Emergency Facilities","Asset_Relevancy":"Locally Significant","Asset_ID":"CF_PT_127","Municipality":"Sebring","Water_Management_District":"Southwest Florida Water Management District","Souce_Dataset_Entity":"FDEM","Souce_Dataset_Name":"Correctional Facilities - FDEM","Source_Asset_ID":null,"Restricted_Public_Disclosure":null,"Notes":null,"Regional_Planning_Council":"Central Florida","FDEP_Regulatory_District":"South District","RCP_Region":"Southwest","FDOT_District":1,"House_District_Number":83,"Senate_District_Number":29,"CTF_RL_2020":"Not Affected","CTF_RL_2040_IL":"Not Affected","CTF_RL_2040_INT":"Not Affected","CTF_RL_2070_IL":"Not Affected","CTF_RL_2070_INT":"Not Affected","SSF_RL_100YR_CURR":"Not Affected","SSF_RL_100YR_2040_IL":"Not Affected","SSF_RL_100YR_2040_INT":"Not Affected","SSF_RL_100YR_2070_IL":"Not Affected","SSF_RL_100YR_2070_INT":"Not Affected","SSF_RL_500YR_CURR":"Not Affected","SSF_RL_500YR_2040_IL":"Not Affected","SSF_RL_500YR_2040_INT":"Not Affected","SSF_RL_500YR_2070_IL":"Not Affected","SSF_RL_500YR_2070_INT":"Not Affected","RIF_RL_100YR_2020":"Not Affected","RIF_RL_100YR_2040":"Not Affected","RIF_RL_100YR_2070":"Not Affected","RIF_RL_500YR_2020":"Not Affected","RIF_RL_500YR_2040":"Not Affected","RIF_RL_500YR_2070":"Not Affected"}},{"type":"Feature","id":128,"geometry":{"type":"Point","coordinates":[-82.3409065988998,27.9674313093092]},"properties":{"OBJECTID_1":128,"OBJECTID":128,"Name":"HILLSBOROUGH REGIONAL JUVENILE DETENTION CENTER-EAST","Address":"9504 E COLUMBUS DR","City":"TAMPA","Zip":"33619","COUNTY":"Hillsborough","X":-82.3409066,"Y":27.96743131,"LONGLAT":"-82.34090660,27.96743131","USNG":"17R LL 68112 94318","OWNERSHIP":"COUNTY","PARCELID":"202907ZZZ000002401500U","FACILITY_T":"JUVENILE CORRECTIONAL INSTITUTION","Asset_Elevation":null,"Owned_Maintained":"COUNTY","Asset":"JUVENILE CORRECTIONAL INSTITUTION","Asset_Sub_Type":null,"Asset_Type":"Correctional Facilities","Asset_Group":"Critical Community and Emergency Facilities","Asset_Relevancy":"Locally Significant","Asset_ID":"CF_PT_128","Municipality":null,"Water_Management_District":"Southwest Florida Water Management District","Souce_Dataset_Entity":"FDEM","Souce_Dataset_Name":"Correctional Facilities - FDEM","Source_Asset_ID":null,"Restricted_Public_Disclosure":null,"Notes":null,"Regional_Planning_Council":"Tampa Bay","FDEP_Regulatory_District":"Southwest District","RCP_Region":"Southwest","FDOT_District":7,"House_District_Number":62,"Senate_District_Number":16,"CTF_RL_2020":"Not Affected","CTF_RL_2040_IL":"Not Affected","CTF_RL_2040_INT":"Not Affected","CTF_RL_2070_IL":"Not Affected","CTF_RL_2070_INT":"Not Affected","SSF_RL_100YR_CURR":"Not Affected","SSF_RL_100YR_2040_IL":"Not Affected","SSF_RL_100YR_2040_INT":"Not Affected","SSF_RL_100YR_2070_IL":"Not Affected","SSF_RL_100YR_2070_INT":"Not Affected","SSF_RL_500YR_CURR":"Not Affected","SSF_RL_500YR_2040_IL":"Not Affected","SSF_RL_500YR_2040_INT":"Not Affected","SSF_RL_500YR_2070_IL":"Not Affected","SSF_RL_500YR_2070_INT":"Not Affected","RIF_RL_100YR_2020":"Not Affected","RIF_RL_100YR_2040":"Not Affected","RIF_RL_100YR_2070":"Not Affected","RIF_RL_500YR_2020":"Not Affected","RIF_RL_500YR_2040":"Not Affected","RIF_RL_500YR_2070":"Not Affected"}},{"type":"Feature","id":129,"geometry":{"type":"Point","coordinates":[-82.3719676461745,27.9588430023049]},"properties":{"OBJECTID_1":129,"OBJECTID":129,"Name":"HILLSBOROUGH COUNTY ORIENT ROAD JAIL","Address":"1201 ORIENT RD","City":"TAMPA","Zip":"33619","COUNTY":"Hillsborough","X":-82.37196765,"Y":27.958843,"LONGLAT":"-82.37196765,27.95884300","USNG":"17R LL 65046 93400","OWNERSHIP":"COUNTY","PARCELID":"192914ZZZ000005793600A","FACILITY_T":"LOCAL CORRECTIONAL INSTITUTION","Asset_Elevation":null,"Owned_Maintained":"COUNTY","Asset":"LOCAL CORRECTIONAL INSTITUTION","Asset_Sub_Type":null,"Asset_Type":"Correctional Facilities","Asset_Group":"Critical Community and Emergency Facilities","Asset_Relevancy":"Locally Significant","Asset_ID":"CF_PT_129","Municipality":"Tampa","Water_Management_District":"Southwest Florida Water Management District","Souce_Dataset_Entity":"FDEM","Souce_Dataset_Name":"Correctional Facilities - FDEM","Source_Asset_ID":null,"Restricted_Public_Disclosure":null,"Notes":null,"Regional_Planning_Council":"Tampa Bay","FDEP_Regulatory_District":"Southwest District","RCP_Region":"Southwest","FDOT_District":7,"House_District_Number":62,"Senate_District_Number":16,"CTF_RL_2020":"Not Affected","CTF_RL_2040_IL":"Not Affected","CTF_RL_2040_INT":"Not Affected","CTF_RL_2070_IL":"Not Affected","CTF_RL_2070_INT":"Not Affected","SSF_RL_100YR_CURR":"Not Affected","SSF_RL_100YR_2040_IL":"Not Affected","SSF_RL_100YR_2040_INT":"Not Affected","SSF_RL_100YR_2070_IL":"Not Affected","SSF_RL_100YR_2070_INT":"Not Affected","SSF_RL_500YR_CURR":"Not Affected","SSF_RL_500YR_2040_IL":"Not Affected","SSF_RL_500YR_2040_INT":"Not Affected","SSF_RL_500YR_2070_IL":"Low","SSF_RL_500YR_2070_INT":"Medium","RIF_RL_100YR_2020":"Not Affected","RIF_RL_100YR_2040":"Not Affected","RIF_RL_100YR_2070":"Not Affected","RIF_RL_500YR_2020":"Not Affected","RIF_RL_500YR_2040":"Not Affected","RIF_RL_500YR_2070":"Not Affected"}},{"type":"Feature","id":130,"geometry":{"type":"Point","coordinates":[-82.3363694387623,27.9599897404055]},"properties":{"OBJECTID_1":130,"OBJECTID":130,"Name":"FALKENBURG ROAD JAIL","Address":"520 N FALKENBURG RD","City":"TAMPA","Zip":"33619","COUNTY":"Hillsborough","X":-82.33636944,"Y":27.95998974,"LONGLAT":"-82.33636944,27.95998974","USNG":"17R LL 68549 93489","OWNERSHIP":"COUNTY","PARCELID":"202918ZZZ000002512900U","FACILITY_T":"CORRECTIONAL FACILITY","Asset_Elevation":null,"Owned_Maintained":"COUNTY","Asset":"CORRECTIONAL FACILITY","Asset_Sub_Type":null,"Asset_Type":"Correctional Facilities","Asset_Group":"Critical Community and Emergency Facilities","Asset_Relevancy":"Locally Significant","Asset_ID":"CF_PT_130","Municipality":null,"Water_Management_District":"Southwest Florida Water Management District","Souce_Dataset_Entity":"FDEM","Souce_Dataset_Name":"Correctional Facilities - FDEM","Source_Asset_ID":null,"Restricted_Public_Disclosure":null,"Notes":null,"Regional_Planning_Council":"Tampa Bay","FDEP_Regulatory_District":"Southwest District","RCP_Region":"Southwest","FDOT_District":7,"House_District_Number":62,"Senate_District_Number":16,"CTF_RL_2020":"Not Affected","CTF_RL_2040_IL":"Not Affected","CTF_RL_2040_INT":"Not Affected","CTF_RL_2070_IL":"Not Affected","CTF_RL_2070_INT":"Not Affected","SSF_RL_100YR_CURR":"Not Affected","SSF_RL_100YR_2040_IL":"Not Affected","SSF_RL_100YR_2040_INT":"Not Affected","SSF_RL_100YR_2070_IL":"Not Affected","SSF_RL_100YR_2070_INT":"Not Affected","SSF_RL_500YR_CURR":"Not Affected","SSF_RL_500YR_2040_IL":"Not Affected","SSF_RL_500YR_2040_INT":"Not Affected","SSF_RL_500YR_2070_IL":"Not Affected","SSF_RL_500YR_2070_INT":"Not Affected","RIF_RL_100YR_2020":"Not Affected","RIF_RL_100YR_2040":"Not Affected","RIF_RL_100YR_2070":"Not Affected","RIF_RL_500YR_2020":"Not Affected","RIF_RL_500YR_2040":"Not Affected","RIF_RL_500YR_2070":"Not Affected"}},{"type":"Feature","id":131,"geometry":{"type":"Point","coordinates":[-82.50950265457,27.9809118693748]},"properties":{"OBJECTID_1":131,"OBJECTID":131,"Name":"LESLIE PETERS HALFWAY HOUSE","Address":"3930 W DR MARTIN LUTHER KING JR BLVD","City":"TAMPA","Zip":"33614","COUNTY":"Hillsborough","X":-82.50950265,"Y":27.98091187,"LONGLAT":"-82.50950265,27.98091187","USNG":"17R LL 51546 96005","OWNERSHIP":"STATE","PARCELID":"182909ZZZ000005460900A","FACILITY_T":"JUVENILE CORRECTIONAL INSTITUTION","Asset_Elevation":null,"Owned_Maintained":"STATE","Asset":"JUVENILE CORRECTIONAL INSTITUTION","Asset_Sub_Type":null,"Asset_Type":"Correctional Facilities","Asset_Group":"Critical Community and Emergency Facilities","Asset_Relevancy":"Locally Significant","Asset_ID":"CF_PT_131","Municipality":"Tampa","Water_Management_District":"Southwest Florida Water Management District","Souce_Dataset_Entity":"FDEM","Souce_Dataset_Name":"Correctional Facilities - FDEM","Source_Asset_ID":null,"Restricted_Public_Disclosure":null,"Notes":null,"Regional_Planning_Council":"Tampa Bay","FDEP_Regulatory_District":"Southwest District","RCP_Region":"Southwest","FDOT_District":7,"House_District_Number":64,"Senate_District_Number":14,"CTF_RL_2020":"Not Affected","CTF_RL_2040_IL":"Not Affected","CTF_RL_2040_INT":"Not Affected","CTF_RL_2070_IL":"Not Affected","CTF_RL_2070_INT":"Not Affected","SSF_RL_100YR_CURR":"Not Affected","SSF_RL_100YR_2040_IL":"Not Affected","SSF_RL_100YR_2040_INT":"Not Affected","SSF_RL_100YR_2070_IL":"Not Affected","SSF_RL_100YR_2070_INT":"Not Affected","SSF_RL_500YR_CURR":"Not Affected","SSF_RL_500YR_2040_IL":"Not Affected","SSF_RL_500YR_2040_INT":"Not Affected","SSF_RL_500YR_2070_IL":"Not Affected","SSF_RL_500YR_2070_INT":"Not Affected","RIF_RL_100YR_2020":"Not Affected","RIF_RL_100YR_2040":"Not Affected","RIF_RL_100YR_2070":"Not Affected","RIF_RL_500YR_2020":"Not Affected","RIF_RL_500YR_2040":"Not Affected","RIF_RL_500YR_2070":"Not Affected"}},{"type":"Feature","id":132,"geometry":{"type":"Point","coordinates":[-82.321286349336,27.6542858422401]},"properties":{"OBJECTID_1":132,"OBJECTID":132,"Name":"YOUTH ENVIRONMENTAL SERVICES","Address":"4337 SAFFOLD RD","City":"WIMAUMA","Zip":"33598","COUNTY":"Hillsborough","X":-82.32128635,"Y":27.65428584,"LONGLAT":"-82.32128635,27.65428584","USNG":"17R LL 69668 59604","OWNERSHIP":"STATE","PARCELID":"203232ZZZ000003271000U","FACILITY_T":"JUVENILE CORRECTIONAL INSTITUTION","Asset_Elevation":null,"Owned_Maintained":"STATE","Asset":"JUVENILE CORRECTIONAL INSTITUTION","Asset_Sub_Type":null,"Asset_Type":"Correctional Facilities","Asset_Group":"Critical Community and Emergency Facilities","Asset_Relevancy":"Locally Significant","Asset_ID":"CF_PT_132","Municipality":null,"Water_Management_District":"Southwest Florida Water Management District","Souce_Dataset_Entity":"FDEM","Souce_Dataset_Name":"Correctional Facilities - FDEM","Source_Asset_ID":null,"Restricted_Public_Disclosure":null,"Notes":null,"Regional_Planning_Council":"Tampa Bay","FDEP_Regulatory_District":"Southwest District","RCP_Region":"Southwest","FDOT_District":7,"House_District_Number":69,"Senate_District_Number":20,"CTF_RL_2020":"Not Affected","CTF_RL_2040_IL":"Not Affected","CTF_RL_2040_INT":"Not Affected","CTF_RL_2070_IL":"Not Affected","CTF_RL_2070_INT":"Not Affected","SSF_RL_100YR_CURR":"Not Affected","SSF_RL_100YR_2040_IL":"Not Affected","SSF_RL_100YR_2040_INT":"Not Affected","SSF_RL_100YR_2070_IL":"Not Affected","SSF_RL_100YR_2070_INT":"Not Affected","SSF_RL_500YR_CURR":"Not Affected","SSF_RL_500YR_2040_IL":"Not Affected","SSF_RL_500YR_2040_INT":"Not Affected","SSF_RL_500YR_2070_IL":"Not Affected","SSF_RL_500YR_2070_INT":"Not Affected","RIF_RL_100YR_2020":"Medium","RIF_RL_100YR_2040":"Medium","RIF_RL_100YR_2070":"Medium","RIF_RL_500YR_2020":"Medium","RIF_RL_500YR_2040":"Medium","RIF_RL_500YR_2070":"Medium"}},{"type":"Feature","id":133,"geometry":{"type":"Point","coordinates":[-82.3417975498296,27.9667340512161]},"properties":{"OBJECTID_1":133,"OBJECTID":133,"Name":"FLORIDA DEPARTMENT OF JUVENILE JUSTICE CENTRAL REGION - COLUMBUS JUVENILE RESIDENTIAL FACILITY","Address":"9502 E COLUMBUS DR","City":"TAMPA","Zip":"33619","COUNTY":"Hillsborough","X":-82.34179755,"Y":27.96673405,"LONGLAT":"-82.34179755,27.96673405","USNG":"17R LL 68023 94242","OWNERSHIP":"STATE","PARCELID":"202918ZZZ000002512900U","FACILITY_T":"JUVENILE CORRECTIONAL INSTITUTION","Asset_Elevation":null,"Owned_Maintained":"STATE","Asset":"JUVENILE CORRECTIONAL INSTITUTION","Asset_Sub_Type":null,"Asset_Type":"Correctional Facilities","Asset_Group":"Critical Community and Emergency Facilities","Asset_Relevancy":"Locally Significant","Asset_ID":"CF_PT_133","Municipality":null,"Water_Management_District":"Southwest Florida Water Management District","Souce_Dataset_Entity":"FDEM","Souce_Dataset_Name":"Correctional Facilities - FDEM","Source_Asset_ID":null,"Restricted_Public_Disclosure":null,"Notes":null,"Regional_Planning_Council":"Tampa Bay","FDEP_Regulatory_District":"Southwest District","RCP_Region":"Southwest","FDOT_District":7,"House_District_Number":62,"Senate_District_Number":16,"CTF_RL_2020":"Not Affected","CTF_RL_2040_IL":"Not Affected","CTF_RL_2040_INT":"Not Affected","CTF_RL_2070_IL":"Not Affected","CTF_RL_2070_INT":"Not Affected","SSF_RL_100YR_CURR":"Not Affected","SSF_RL_100YR_2040_IL":"Not Affected","SSF_RL_100YR_2040_INT":"Not Affected","SSF_RL_100YR_2070_IL":"Not Affected","SSF_RL_100YR_2070_INT":"Not Affected","SSF_RL_500YR_CURR":"Not Affected","SSF_RL_500YR_2040_IL":"Not Affected","SSF_RL_500YR_2040_INT":"Not Affected","SSF_RL_500YR_2070_IL":"Not Affected","SSF_RL_500YR_2070_INT":"Not Affected","RIF_RL_100YR_2020":"Not Affected","RIF_RL_100YR_2040":"Not Affected","RIF_RL_100YR_2070":"Not Affected","RIF_RL_500YR_2020":"Not Affected","RIF_RL_500YR_2040":"Not Affected","RIF_RL_500YR_2070":"Not Affected"}},{"type":"Feature","id":134,"geometry":{"type":"Point","coordinates":[-82.5109071935352,27.9809042426074]},"properties":{"OBJECTID_1":134,"OBJECTID":134,"Name":"HILLSBOROUGH REGIONAL JUVENILE DETENTION CENTER","Address":"3948 W DR MARTIN LUTHER KING JR BLVD","City":"TAMPA","Zip":"33614","COUNTY":"Hillsborough","X":-82.51090719,"Y":27.98090424,"LONGLAT":"-82.51090719,27.98090424","USNG":"17R LL 51407 96006","OWNERSHIP":"COUNTY","PARCELID":"182909ZZZ000005460900A","FACILITY_T":"JUVENILE CORRECTIONAL INSTITUTION","Asset_Elevation":null,"Owned_Maintained":"COUNTY","Asset":"JUVENILE CORRECTIONAL INSTITUTION","Asset_Sub_Type":null,"Asset_Type":"Correctional Facilities","Asset_Group":"Critical Community and Emergency Facilities","Asset_Relevancy":"Locally Significant","Asset_ID":"CF_PT_134","Municipality":"Tampa","Water_Management_District":"Southwest Florida Water Management District","Souce_Dataset_Entity":"FDEM","Souce_Dataset_Name":"Correctional Facilities - FDEM","Source_Asset_ID":null,"Restricted_Public_Disclosure":null,"Notes":null,"Regional_Planning_Council":"Tampa Bay","FDEP_Regulatory_District":"Southwest District","RCP_Region":"Southwest","FDOT_District":7,"House_District_Number":64,"Senate_District_Number":14,"CTF_RL_2020":"Not Affected","CTF_RL_2040_IL":"Not Affected","CTF_RL_2040_INT":"Not Affected","CTF_RL_2070_IL":"Not Affected","CTF_RL_2070_INT":"Not Affected","SSF_RL_100YR_CURR":"Not Affected","SSF_RL_100YR_2040_IL":"Not Affected","SSF_RL_100YR_2040_INT":"Not Affected","SSF_RL_100YR_2070_IL":"Not Affected","SSF_RL_100YR_2070_INT":"Not Affected","SSF_RL_500YR_CURR":"Not Affected","SSF_RL_500YR_2040_IL":"Not Affected","SSF_RL_500YR_2040_INT":"Not Affected","SSF_RL_500YR_2070_IL":"Not Affected","SSF_RL_500YR_2070_INT":"Not Affected","RIF_RL_100YR_2020":"Not Affected","RIF_RL_100YR_2040":"Not Affected","RIF_RL_100YR_2070":"Not Affected","RIF_RL_500YR_2020":"Not Affected","RIF_RL_500YR_2040":"Not Affected","RIF_RL_500YR_2070":"Not Affected"}},{"type":"Feature","id":135,"geometry":{"type":"Point","coordinates":[-82.3408183291088,27.9687664416422]},"properties":{"OBJECTID_1":135,"OBJECTID":135,"Name":"FLORIDA DEPARTMENT OF JUVENILE JUSTICE CENTRAL REGION - HILLSBOROUGH ACADEMY INTENSIVE RESIDENTIAL TREATMENT","Address":"9506 E COLUMBUS DR","City":"TAMPA","Zip":"33619","COUNTY":"Hillsborough","X":-82.34081833,"Y":27.96876644,"LONGLAT":"-82.34081833,27.96876644","USNG":"17R LL 68122 94466","OWNERSHIP":"STATE","PARCELID":"202907ZZZ000002401500U","FACILITY_T":"JUVENILE CORRECTIONAL INSTITUTION","Asset_Elevation":null,"Owned_Maintained":"STATE","Asset":"JUVENILE CORRECTIONAL INSTITUTION","Asset_Sub_Type":null,"Asset_Type":"Correctional Facilities","Asset_Group":"Critical Community and Emergency Facilities","Asset_Relevancy":"Locally Significant","Asset_ID":"CF_PT_135","Municipality":null,"Water_Management_District":"Southwest Florida Water Management District","Souce_Dataset_Entity":"FDEM","Souce_Dataset_Name":"Correctional Facilities - FDEM","Source_Asset_ID":null,"Restricted_Public_Disclosure":null,"Notes":null,"Regional_Planning_Council":"Tampa Bay","FDEP_Regulatory_District":"Southwest District","RCP_Region":"Southwest","FDOT_District":7,"House_District_Number":62,"Senate_District_Number":16,"CTF_RL_2020":"Not Affected","CTF_RL_2040_IL":"Not Affected","CTF_RL_2040_INT":"Not Affected","CTF_RL_2070_IL":"Not Affected","CTF_RL_2070_INT":"Not Affected","SSF_RL_100YR_CURR":"Not Affected","SSF_RL_100YR_2040_IL":"Not Affected","SSF_RL_100YR_2040_INT":"Not Affected","SSF_RL_100YR_2070_IL":"Not Affected","SSF_RL_100YR_2070_INT":"Not Affected","SSF_RL_500YR_CURR":"Not Affected","SSF_RL_500YR_2040_IL":"Not Affected","SSF_RL_500YR_2040_INT":"Not Affected","SSF_RL_500YR_2070_IL":"Not Affected","SSF_RL_500YR_2070_INT":"Not Affected","RIF_RL_100YR_2020":"Not Affected","RIF_RL_100YR_2040":"Not Affected","RIF_RL_100YR_2070":"Not Affected","RIF_RL_500YR_2020":"Not Affected","RIF_RL_500YR_2040":"Not Affected","RIF_RL_500YR_2070":"Not Affected"}},{"type":"Feature","id":136,"geometry":{"type":"Point","coordinates":[-82.3421632692286,27.9675556825689]},"properties":{"OBJECTID_1":136,"OBJECTID":136,"Name":"FALKENBURG ACADEMY","Address":"9508 E COLUMBUS DR","City":"TAMPA","Zip":"33619","COUNTY":"Hillsborough","X":-82.34216327,"Y":27.96755568,"LONGLAT":"-82.34216327,27.96755568","USNG":"17R LL 67988 94333","OWNERSHIP":"COUNTY","PARCELID":"202907ZZZ000002401500U","FACILITY_T":"CORRECTIONAL FACILITY","Asset_Elevation":null,"Owned_Maintained":"COUNTY","Asset":"CORRECTIONAL FACILITY","Asset_Sub_Type":null,"Asset_Type":"Correctional Facilities","Asset_Group":"Critical Community and Emergency Facilities","Asset_Relevancy":"Locally Significant","Asset_ID":"CF_PT_136","Municipality":null,"Water_Management_District":"Southwest Florida Water Management District","Souce_Dataset_Entity":"FDEM","Souce_Dataset_Name":"Correctional Facilities - FDEM","Source_Asset_ID":null,"Restricted_Public_Disclosure":null,"Notes":null,"Regional_Planning_Council":"Tampa Bay","FDEP_Regulatory_District":"Southwest District","RCP_Region":"Southwest","FDOT_District":7,"House_District_Number":62,"Senate_District_Number":16,"CTF_RL_2020":"Not Affected","CTF_RL_2040_IL":"Not Affected","CTF_RL_2040_INT":"Not Affected","CTF_RL_2070_IL":"Not Affected","CTF_RL_2070_INT":"Not Affected","SSF_RL_100YR_CURR":"Not Affected","SSF_RL_100YR_2040_IL":"Not Affected","SSF_RL_100YR_2040_INT":"Not Affected","SSF_RL_100YR_2070_IL":"Not Affected","SSF_RL_100YR_2070_INT":"Not Affected","SSF_RL_500YR_CURR":"Not Affected","SSF_RL_500YR_2040_IL":"Not Affected","SSF_RL_500YR_2040_INT":"Not Affected","SSF_RL_500YR_2070_IL":"Not Affected","SSF_RL_500YR_2070_INT":"Not Affected","RIF_RL_100YR_2020":"Not Affected","RIF_RL_100YR_2040":"Not Affected","RIF_RL_100YR_2070":"Not Affected","RIF_RL_500YR_2020":"Not Affected","RIF_RL_500YR_2040":"Not Affected","RIF_RL_500YR_2070":"Not Affected"}},{"type":"Feature","id":137,"geometry":{"type":"Point","coordinates":[-82.319270000125,27.7748799987423]},"properties":{"OBJECTID_1":137,"OBJECTID":137,"Name":"HILLSBOROUGH CNTY CORRECTIONAL INSTITUTION","Address":"11150 672 HW","City":" ","Zip":" ","COUNTY":"Hillsborough","X":-82.31927,"Y":27.77488,"LONGLAT":"-82.31927000,27.77488000","USNG":"17R LL 70010 72962","OWNERSHIP":" ","PARCELID":" ","FACILITY_T":"CORRECTIONAL FACILITY","Asset_Elevation":null,"Owned_Maintained":" ","Asset":"CORRECTIONAL FACILITY","Asset_Sub_Type":null,"Asset_Type":"Correctional Facilities","Asset_Group":"Critical Community and Emergency Facilities","Asset_Relevancy":"Locally Significant","Asset_ID":"CF_PT_137","Municipality":null,"Water_Management_District":"Southwest Florida Water Management District","Souce_Dataset_Entity":"FDEM","Souce_Dataset_Name":"Correctional Facilities - FDEM","Source_Asset_ID":null,"Restricted_Public_Disclosure":null,"Notes":null,"Regional_Planning_Council":"Tampa Bay","FDEP_Regulatory_District":"Southwest District","RCP_Region":"Southwest","FDOT_District":7,"House_District_Number":70,"Senate_District_Number":20,"CTF_RL_2020":"Not Affected","CTF_RL_2040_IL":"Not Affected","CTF_RL_2040_INT":"Not Affected","CTF_RL_2070_IL":"Not Affected","CTF_RL_2070_INT":"Not Affected","SSF_RL_100YR_CURR":"Not Affected","SSF_RL_100YR_2040_IL":"Not Affected","SSF_RL_100YR_2040_INT":"Not Affected","SSF_RL_100YR_2070_IL":"Not Affected","SSF_RL_100YR_2070_INT":"Not Affected","SSF_RL_500YR_CURR":"Not Affected","SSF_RL_500YR_2040_IL":"Not Affected","SSF_RL_500YR_2040_INT":"Not Affected","SSF_RL_500YR_2070_IL":"Not Affected","SSF_RL_500YR_2070_INT":"Not Affected","RIF_RL_100YR_2020":"Not Affected","RIF_RL_100YR_2040":"Not Affected","RIF_RL_100YR_2070":"Not Affected","RIF_RL_500YR_2020":"Not Affected","RIF_RL_500YR_2040":"Not Affected","RIF_RL_500YR_2070":"Not Affected"}},{"type":"Feature","id":138,"geometry":{"type":"Point","coordinates":[-82.4735547013775,27.9823464588303]},"properties":{"OBJECTID_1":138,"OBJECTID":138,"Name":"RIVERSIDE ACADEMY","Address":"4004 N RIVERSIDE DR","City":"TAMPA","Zip":"33603","COUNTY":"Hillsborough","X":-82.4735547,"Y":27.98234646,"LONGLAT":"-82.47355470,27.98234646","USNG":"17R LL 55083 96121","OWNERSHIP":" ","PARCELID":"182902ZZZ000005862500A","FACILITY_T":"CORRECTIONAL FACILITY","Asset_Elevation":null,"Owned_Maintained":" ","Asset":"CORRECTIONAL FACILITY","Asset_Sub_Type":null,"Asset_Type":"Correctional Facilities","Asset_Group":"Critical Community and Emergency Facilities","Asset_Relevancy":"Locally Significant","Asset_ID":"CF_PT_138","Municipality":"Tampa","Water_Management_District":"Southwest Florida Water Management District","Souce_Dataset_Entity":"FDEM","Souce_Dataset_Name":"Correctional Facilities - FDEM","Source_Asset_ID":null,"Restricted_Public_Disclosure":null,"Notes":null,"Regional_Planning_Council":"Tampa Bay","FDEP_Regulatory_District":"Southwest District","RCP_Region":"Southwest","FDOT_District":7,"House_District_Number":64,"Senate_District_Number":14,"CTF_RL_2020":"Not Affected","CTF_RL_2040_IL":"Not Affected","CTF_RL_2040_INT":"Not Affected","CTF_RL_2070_IL":"Not Affected","CTF_RL_2070_INT":"Not Affected","SSF_RL_100YR_CURR":"Not Affected","SSF_RL_100YR_2040_IL":"Not Affected","SSF_RL_100YR_2040_INT":"Not Affected","SSF_RL_100YR_2070_IL":"Not Affected","SSF_RL_100YR_2070_INT":"Not Affected","SSF_RL_500YR_CURR":"Not Affected","SSF_RL_500YR_2040_IL":"Not Affected","SSF_RL_500YR_2040_INT":"Not Affected","SSF_RL_500YR_2070_IL":"Not Affected","SSF_RL_500YR_2070_INT":"Not Affected","RIF_RL_100YR_2020":"Not Affected","RIF_RL_100YR_2040":"Not Affected","RIF_RL_100YR_2070":"Not Affected","RIF_RL_500YR_2020":"Not Affected","RIF_RL_500YR_2040":"Not Affected","RIF_RL_500YR_2070":"Not Affected"}},{"type":"Feature","id":139,"geometry":{"type":"Point","coordinates":[-82.3218152683445,27.7752593421672]},"properties":{"OBJECTID_1":139,"OBJECTID":139,"Name":"HILLSBOROUGH CORR INST","Address":"11150 COUNTY ROAD 672","City":"RIVERVIEW","Zip":"33569","COUNTY":"Hillsborough","X":-82.32181527,"Y":27.77525934,"LONGLAT":"-82.32181527,27.77525934","USNG":"17R LL 69760 73007","OWNERSHIP":"STATE OF FLORIDA TIITF","PARCELID":"203120ZZZ000003160700U","FACILITY_T":"LOCAL CORRECTIONAL INSTITUTION","Asset_Elevation":null,"Owned_Maintained":"STATE OF FLORIDA TIITF","Asset":"LOCAL CORRECTIONAL INSTITUTION","Asset_Sub_Type":null,"Asset_Type":"Correctional Facilities","Asset_Group":"Critical Community and Emergency Facilities","Asset_Relevancy":"Locally Significant","Asset_ID":"CF_PT_139","Municipality":null,"Water_Management_District":"Southwest Florida Water Management District","Souce_Dataset_Entity":"FDEM","Souce_Dataset_Name":"Correctional Facilities - FDEM","Source_Asset_ID":null,"Restricted_Public_Disclosure":null,"Notes":null,"Regional_Planning_Council":"Tampa Bay","FDEP_Regulatory_District":"Southwest District","RCP_Region":"Southwest","FDOT_District":7,"House_District_Number":70,"Senate_District_Number":20,"CTF_RL_2020":"Not Affected","CTF_RL_2040_IL":"Not Affected","CTF_RL_2040_INT":"Not Affected","CTF_RL_2070_IL":"Not Affected","CTF_RL_2070_INT":"Not Affected","SSF_RL_100YR_CURR":"Not Affected","SSF_RL_100YR_2040_IL":"Not Affected","SSF_RL_100YR_2040_INT":"Not Affected","SSF_RL_100YR_2070_IL":"Not Affected","SSF_RL_100YR_2070_INT":"Not Affected","SSF_RL_500YR_CURR":"Not Affected","SSF_RL_500YR_2040_IL":"Not Affected","SSF_RL_500YR_2040_INT":"Not Affected","SSF_RL_500YR_2070_IL":"Not Affected","SSF_RL_500YR_2070_INT":"Not Affected","RIF_RL_100YR_2020":"Not Affected","RIF_RL_100YR_2040":"Not Affected","RIF_RL_100YR_2070":"Not Affected","RIF_RL_500YR_2020":"Not Affected","RIF_RL_500YR_2040":"Not Affected","RIF_RL_500YR_2070":"Not Affected"}},{"type":"Feature","id":140,"geometry":{"type":"Point","coordinates":[-82.3735066170641,27.9599726061308]},"properties":{"OBJECTID_1":140,"OBJECTID":140,"Name":"HILLSBOROUGH COUNTY WORK RELEASE CENTER","Address":"1800 ORIENT RD","City":"TAMPA","Zip":"33619","COUNTY":"Hillsborough","X":-82.37350662,"Y":27.95997261,"LONGLAT":"-82.37350662,27.95997261","USNG":"17R LL 64896 93527","OWNERSHIP":"COUNTY","PARCELID":"1929144CE000012000010A","FACILITY_T":"LOCAL CORRECTIONAL INSTITUTION","Asset_Elevation":null,"Owned_Maintained":"COUNTY","Asset":"LOCAL CORRECTIONAL INSTITUTION","Asset_Sub_Type":null,"Asset_Type":"Correctional Facilities","Asset_Group":"Critical Community and Emergency Facilities","Asset_Relevancy":"Locally Significant","Asset_ID":"CF_PT_140","Municipality":"Tampa","Water_Management_District":"Southwest Florida Water Management District","Souce_Dataset_Entity":"FDEM","Souce_Dataset_Name":"Correctional Facilities - FDEM","Source_Asset_ID":null,"Restricted_Public_Disclosure":null,"Notes":null,"Regional_Planning_Council":"Tampa Bay","FDEP_Regulatory_District":"Southwest District","RCP_Region":"Southwest","FDOT_District":7,"House_District_Number":62,"Senate_District_Number":16,"CTF_RL_2020":"Not Affected","CTF_RL_2040_IL":"Not Affected","CTF_RL_2040_INT":"Not Affected","CTF_RL_2070_IL":"Not Affected","CTF_RL_2070_INT":"Not Affected","SSF_RL_100YR_CURR":"Not Affected","SSF_RL_100YR_2040_IL":"Not Affected","SSF_RL_100YR_2040_INT":"Not Affected","SSF_RL_100YR_2070_IL":"Not Affected","SSF_RL_100YR_2070_INT":"Not Affected","SSF_RL_500YR_CURR":"Not Affected","SSF_RL_500YR_2040_IL":"Not Affected","SSF_RL_500YR_2040_INT":"Not Affected","SSF_RL_500YR_2070_IL":"Not Affected","SSF_RL_500YR_2070_INT":"Not Affected","RIF_RL_100YR_2020":"Not Affected","RIF_RL_100YR_2040":"Not Affected","RIF_RL_100YR_2070":"Not Affected","RIF_RL_500YR_2020":"Not Affected","RIF_RL_500YR_2040":"Not Affected","RIF_RL_500YR_2070":"Not Affected"}},{"type":"Feature","id":141,"geometry":{"type":"Point","coordinates":[-85.6693197184574,30.7473838923723]},"properties":{"OBJECTID_1":141,"OBJECTID":141,"Name":"HOLMES WORK CAMP","Address":"3182 THOMAS DR","City":"BONIFAY","Zip":"32425","COUNTY":"Holmes","X":-85.66931972,"Y":30.74738389,"LONGLAT":"-85.66931972,30.74738389","USNG":"16R FV 27373 02362","OWNERSHIP":" ","PARCELID":"0618.00-000-000-003.000","FACILITY_T":"LOCAL CORRECTIONAL INSTITUTION","Asset_Elevation":null,"Owned_Maintained":" ","Asset":"LOCAL CORRECTIONAL INSTITUTION","Asset_Sub_Type":null,"Asset_Type":"Correctional Facilities","Asset_Group":"Critical Community and Emergency Facilities","Asset_Relevancy":"Locally Significant","Asset_ID":"CF_PT_141","Municipality":null,"Water_Management_District":"Northwest Florida Water Management District","Souce_Dataset_Entity":"FDEM","Souce_Dataset_Name":"Correctional Facilities - FDEM","Source_Asset_ID":null,"Restricted_Public_Disclosure":null,"Notes":null,"Regional_Planning_Council":"Emerald Coast","FDEP_Regulatory_District":"Northwest District","RCP_Region":"Northwest","FDOT_District":3,"House_District_Number":5,"Senate_District_Number":2,"CTF_RL_2020":"Not Affected","CTF_RL_2040_IL":"Not Affected","CTF_RL_2040_INT":"Not Affected","CTF_RL_2070_IL":"Not Affected","CTF_RL_2070_INT":"Not Affected","SSF_RL_100YR_CURR":"Not Affected","SSF_RL_100YR_2040_IL":"Not Affected","SSF_RL_100YR_2040_INT":"Not Affected","SSF_RL_100YR_2070_IL":"Not Affected","SSF_RL_100YR_2070_INT":"Not Affected","SSF_RL_500YR_CURR":"Not Affected","SSF_RL_500YR_2040_IL":"Not Affected","SSF_RL_500YR_2040_INT":"Not Affected","SSF_RL_500YR_2070_IL":"Not Affected","SSF_RL_500YR_2070_INT":"Not Affected","RIF_RL_100YR_2020":"Not Affected","RIF_RL_100YR_2040":"Not Affected","RIF_RL_100YR_2070":"Not Affected","RIF_RL_500YR_2020":"Not Affected","RIF_RL_500YR_2040":"Not Affected","RIF_RL_500YR_2070":"Not Affected"}},{"type":"Feature","id":142,"geometry":{"type":"Point","coordinates":[-85.6701521279734,30.7552392834287]},"properties":{"OBJECTID_1":142,"OBJECTID":142,"Name":"HOLMES CORRECTIONAL INSTITUTION","Address":"3142 THOMAS DR","City":"BONIFAY","Zip":"32425","COUNTY":"Holmes","X":-85.67015213,"Y":30.75523928,"LONGLAT":"-85.67015213,30.75523928","USNG":"16R FV 27283 03232","OWNERSHIP":"STATE","PARCELID":"0618.00-000-000-002.100","FACILITY_T":"LOCAL CORRECTIONAL INSTITUTION","Asset_Elevation":null,"Owned_Maintained":"STATE","Asset":"LOCAL CORRECTIONAL INSTITUTION","Asset_Sub_Type":null,"Asset_Type":"Correctional Facilities","Asset_Group":"Critical Community and Emergency Facilities","Asset_Relevancy":"Locally Significant","Asset_ID":"CF_PT_142","Municipality":null,"Water_Management_District":"Northwest Florida Water Management District","Souce_Dataset_Entity":"FDEM","Souce_Dataset_Name":"Correctional Facilities - FDEM","Source_Asset_ID":null,"Restricted_Public_Disclosure":null,"Notes":null,"Regional_Planning_Council":"Emerald Coast","FDEP_Regulatory_District":"Northwest District","RCP_Region":"Northwest","FDOT_District":3,"House_District_Number":5,"Senate_District_Number":2,"CTF_RL_2020":"Not Affected","CTF_RL_2040_IL":"Not Affected","CTF_RL_2040_INT":"Not Affected","CTF_RL_2070_IL":"Not Affected","CTF_RL_2070_INT":"Not Affected","SSF_RL_100YR_CURR":"Not Affected","SSF_RL_100YR_2040_IL":"Not Affected","SSF_RL_100YR_2040_INT":"Not Affected","SSF_RL_100YR_2070_IL":"Not Affected","SSF_RL_100YR_2070_INT":"Not Affected","SSF_RL_500YR_CURR":"Not Affected","SSF_RL_500YR_2040_IL":"Not Affected","SSF_RL_500YR_2040_INT":"Not Affected","SSF_RL_500YR_2070_IL":"Not Affected","SSF_RL_500YR_2070_INT":"Not Affected","RIF_RL_100YR_2020":"Not Affected","RIF_RL_100YR_2040":"Not Affected","RIF_RL_100YR_2070":"Not Affected","RIF_RL_500YR_2020":"Not Affected","RIF_RL_500YR_2040":"Not Affected","RIF_RL_500YR_2070":"Not Affected"}},{"type":"Feature","id":143,"geometry":{"type":"Point","coordinates":[-85.6644552143748,30.7511270540087]},"properties":{"OBJECTID_1":143,"OBJECTID":143,"Name":"HOLMES COUNTY JAIL/SHERIFF DEPT","Address":"3207 LONNY LINDSEY DR","City":"BONIFAY","Zip":"32425","COUNTY":"Holmes","X":-85.66445521,"Y":30.75112705,"LONGLAT":"-85.66445521,30.75112705","USNG":"16R FV 27834 02782","OWNERSHIP":"STATE","PARCELID":"0618.00-000-000-002.100","FACILITY_T":"LOCAL CORRECTIONAL INSTITUTION","Asset_Elevation":null,"Owned_Maintained":"STATE","Asset":"LOCAL CORRECTIONAL INSTITUTION","Asset_Sub_Type":null,"Asset_Type":"Correctional Facilities","Asset_Group":"Critical Community and Emergency Facilities","Asset_Relevancy":"Locally Significant","Asset_ID":"CF_PT_143","Municipality":null,"Water_Management_District":"Northwest Florida Water Management District","Souce_Dataset_Entity":"FDEM","Souce_Dataset_Name":"Correctional Facilities - FDEM","Source_Asset_ID":null,"Restricted_Public_Disclosure":null,"Notes":null,"Regional_Planning_Council":"Emerald Coast","FDEP_Regulatory_District":"Northwest District","RCP_Region":"Northwest","FDOT_District":3,"House_District_Number":5,"Senate_District_Number":2,"CTF_RL_2020":"Not Affected","CTF_RL_2040_IL":"Not Affected","CTF_RL_2040_INT":"Not Affected","CTF_RL_2070_IL":"Not Affected","CTF_RL_2070_INT":"Not Affected","SSF_RL_100YR_CURR":"Not Affected","SSF_RL_100YR_2040_IL":"Not Affected","SSF_RL_100YR_2040_INT":"Not Affected","SSF_RL_100YR_2070_IL":"Not Affected","SSF_RL_100YR_2070_INT":"Not Affected","SSF_RL_500YR_CURR":"Not Affected","SSF_RL_500YR_2040_IL":"Not Affected","SSF_RL_500YR_2040_INT":"Not Affected","SSF_RL_500YR_2070_IL":"Not Affected","SSF_RL_500YR_2070_INT":"Not Affected","RIF_RL_100YR_2020":"Not Affected","RIF_RL_100YR_2040":"Not Affected","RIF_RL_100YR_2070":"Not Affected","RIF_RL_500YR_2020":"Not Affected","RIF_RL_500YR_2040":"Not Affected","RIF_RL_500YR_2070":"Not Affected"}},{"type":"Feature","id":144,"geometry":{"type":"Point","coordinates":[-80.4275451377739,27.6649084404919]},"properties":{"OBJECTID_1":144,"OBJECTID":144,"Name":"INDIAN RIVER COUNTY JAIL","Address":"4055 41ST ST","City":"VERO BEACH","Zip":"32960","COUNTY":"Indian River","X":-80.42754514,"Y":27.66490844,"LONGLAT":"-80.42754514,27.66490844","USNG":"17R NL 56458 60214","OWNERSHIP":"COUNTY","PARCELID":"32392700009012000002.0","FACILITY_T":"LOCAL CORRECTIONAL INSTITUTION","Asset_Elevation":null,"Owned_Maintained":"COUNTY","Asset":"LOCAL CORRECTIONAL INSTITUTION","Asset_Sub_Type":null,"Asset_Type":"Correctional Facilities","Asset_Group":"Critical Community and Emergency Facilities","Asset_Relevancy":"Locally Significant","Asset_ID":"CF_PT_144","Municipality":null,"Water_Management_District":"St. Johns River Water Management District","Souce_Dataset_Entity":"FDEM","Souce_Dataset_Name":"Correctional Facilities - FDEM","Source_Asset_ID":null,"Restricted_Public_Disclosure":null,"Notes":null,"Regional_Planning_Council":"Treasure Coast","FDEP_Regulatory_District":"Southeast District","RCP_Region":"Northeast","FDOT_District":4,"House_District_Number":34,"Senate_District_Number":29,"CTF_RL_2020":"Not Affected","CTF_RL_2040_IL":"Not Affected","CTF_RL_2040_INT":"Not Affected","CTF_RL_2070_IL":"Not Affected","CTF_RL_2070_INT":"Not Affected","SSF_RL_100YR_CURR":"Not Affected","SSF_RL_100YR_2040_IL":"Not Affected","SSF_RL_100YR_2040_INT":"Not Affected","SSF_RL_100YR_2070_IL":"Not Affected","SSF_RL_100YR_2070_INT":"Not Affected","SSF_RL_500YR_CURR":"Not Affected","SSF_RL_500YR_2040_IL":"Not Affected","SSF_RL_500YR_2040_INT":"Not Affected","SSF_RL_500YR_2070_IL":"Not Affected","SSF_RL_500YR_2070_INT":"Not Affected","RIF_RL_100YR_2020":"Not Affected","RIF_RL_100YR_2040":"Not Affected","RIF_RL_100YR_2070":"Not Affected","RIF_RL_500YR_2020":"Not Affected","RIF_RL_500YR_2040":"Not Affected","RIF_RL_500YR_2070":"Not Affected"}},{"type":"Feature","id":145,"geometry":{"type":"Point","coordinates":[-85.2587768149398,30.7648420132931]},"properties":{"OBJECTID_1":145,"OBJECTID":145,"Name":"JACKSON COUNTY CORRECTIONAL FACILITY","Address":"2737 PENN AVE","City":"MARIANNA","Zip":"32448","COUNTY":"Jackson","X":-85.25877681,"Y":30.76484201,"LONGLAT":"-85.25877681,30.76484201","USNG":"16R FV 66646 04836","OWNERSHIP":"STATE","PARCELID":"08-4N-10-0000-0100-0000","FACILITY_T":"LOCAL CORRECTIONAL INSTITUTION","Asset_Elevation":null,"Owned_Maintained":"STATE","Asset":"LOCAL CORRECTIONAL INSTITUTION","Asset_Sub_Type":null,"Asset_Type":"Correctional Facilities","Asset_Group":"Critical Community and Emergency Facilities","Asset_Relevancy":"Locally Significant","Asset_ID":"CF_PT_145","Municipality":"Marianna","Water_Management_District":"Northwest Florida Water Management District","Souce_Dataset_Entity":"FDEM","Souce_Dataset_Name":"Correctional Facilities - FDEM","Source_Asset_ID":null,"Restricted_Public_Disclosure":null,"Notes":null,"Regional_Planning_Council":"Apalachee","FDEP_Regulatory_District":"Northwest District","RCP_Region":"Northwest","FDOT_District":3,"House_District_Number":5,"Senate_District_Number":2,"CTF_RL_2020":"Not Affected","CTF_RL_2040_IL":"Not Affected","CTF_RL_2040_INT":"Not Affected","CTF_RL_2070_IL":"Not Affected","CTF_RL_2070_INT":"Not Affected","SSF_RL_100YR_CURR":"Not Affected","SSF_RL_100YR_2040_IL":"Not Affected","SSF_RL_100YR_2040_INT":"Not Affected","SSF_RL_100YR_2070_IL":"Not Affected","SSF_RL_100YR_2070_INT":"Not Affected","SSF_RL_500YR_CURR":"Not Affected","SSF_RL_500YR_2040_IL":"Not Affected","SSF_RL_500YR_2040_INT":"Not Affected","SSF_RL_500YR_2070_IL":"Not Affected","SSF_RL_500YR_2070_INT":"Not Affected","RIF_RL_100YR_2020":"Not Affected","RIF_RL_100YR_2040":"Not Affected","RIF_RL_100YR_2070":"Not Affected","RIF_RL_500YR_2020":"Not Affected","RIF_RL_500YR_2040":"Not Affected","RIF_RL_500YR_2070":"Not Affected"}},{"type":"Feature","id":146,"geometry":{"type":"Point","coordinates":[-85.1690564281335,30.972184597818]},"properties":{"OBJECTID_1":146,"OBJECTID":146,"Name":"JACKSON WORK CAMP","Address":"5607 10TH ST","City":"MALONE","Zip":"32445","COUNTY":"Jackson","X":-85.16905643,"Y":30.9721846,"LONGLAT":"-85.16905643,30.97218460","USNG":"16R FV 74857 27957","OWNERSHIP":"STATE","PARCELID":"30-7N-09-0000-0120-0010","FACILITY_T":"CORRECTIONAL FACILITY","Asset_Elevation":null,"Owned_Maintained":"STATE","Asset":"CORRECTIONAL FACILITY","Asset_Sub_Type":null,"Asset_Type":"Correctional Facilities","Asset_Group":"Critical Community and Emergency Facilities","Asset_Relevancy":"Locally Significant","Asset_ID":"CF_PT_146","Municipality":null,"Water_Management_District":"Northwest Florida Water Management District","Souce_Dataset_Entity":"FDEM","Souce_Dataset_Name":"Correctional Facilities - FDEM","Source_Asset_ID":null,"Restricted_Public_Disclosure":null,"Notes":null,"Regional_Planning_Council":"Apalachee","FDEP_Regulatory_District":"Northwest District","RCP_Region":"Northwest","FDOT_District":3,"House_District_Number":5,"Senate_District_Number":2,"CTF_RL_2020":"Not Affected","CTF_RL_2040_IL":"Not Affected","CTF_RL_2040_INT":"Not Affected","CTF_RL_2070_IL":"Not Affected","CTF_RL_2070_INT":"Not Affected","SSF_RL_100YR_CURR":"Not Affected","SSF_RL_100YR_2040_IL":"Not Affected","SSF_RL_100YR_2040_INT":"Not Affected","SSF_RL_100YR_2070_IL":"Not Affected","SSF_RL_100YR_2070_INT":"Not Affected","SSF_RL_500YR_CURR":"Not Affected","SSF_RL_500YR_2040_IL":"Not Affected","SSF_RL_500YR_2040_INT":"Not Affected","SSF_RL_500YR_2070_IL":"Not Affected","SSF_RL_500YR_2070_INT":"Not Affected","RIF_RL_100YR_2020":"Not Affected","RIF_RL_100YR_2040":"Not Affected","RIF_RL_100YR_2070":"Not Affected","RIF_RL_500YR_2020":"Not Affected","RIF_RL_500YR_2040":"Not Affected","RIF_RL_500YR_2070":"Not Affected"}},{"type":"Feature","id":147,"geometry":{"type":"Point","coordinates":[-84.8886291313912,30.7107951649545]},"properties":{"OBJECTID_1":147,"OBJECTID":147,"Name":"APALACHEE CORRECTIONAL INSTITUTION WEST","Address":"52 W UNIT DR","City":"SNEADS","Zip":"32460","COUNTY":"Jackson","X":-84.88862913,"Y":30.71079517,"LONGLAT":"-84.88862913,30.71079517","USNG":"16R GU 02192 99454","OWNERSHIP":"STATE","PARCELID":"25-4N-07-0000-0020-0000","FACILITY_T":"CORRECTIONAL FACILITY","Asset_Elevation":null,"Owned_Maintained":"STATE","Asset":"CORRECTIONAL FACILITY","Asset_Sub_Type":null,"Asset_Type":"Correctional Facilities","Asset_Group":"Critical Community and Emergency Facilities","Asset_Relevancy":"Locally Significant","Asset_ID":"CF_PT_147","Municipality":null,"Water_Management_District":"Northwest Florida Water Management District","Souce_Dataset_Entity":"FDEM","Souce_Dataset_Name":"Correctional Facilities - FDEM","Source_Asset_ID":null,"Restricted_Public_Disclosure":null,"Notes":null,"Regional_Planning_Council":"Apalachee","FDEP_Regulatory_District":"Northwest District","RCP_Region":"Northwest","FDOT_District":3,"House_District_Number":5,"Senate_District_Number":2,"CTF_RL_2020":"Not Affected","CTF_RL_2040_IL":"Not Affected","CTF_RL_2040_INT":"Not Affected","CTF_RL_2070_IL":"Not Affected","CTF_RL_2070_INT":"Not Affected","SSF_RL_100YR_CURR":"Not Affected","SSF_RL_100YR_2040_IL":"Not Affected","SSF_RL_100YR_2040_INT":"Not Affected","SSF_RL_100YR_2070_IL":"Not Affected","SSF_RL_100YR_2070_INT":"Not Affected","SSF_RL_500YR_CURR":"Not Affected","SSF_RL_500YR_2040_IL":"Not Affected","SSF_RL_500YR_2040_INT":"Not Affected","SSF_RL_500YR_2070_IL":"Not Affected","SSF_RL_500YR_2070_INT":"Not Affected","RIF_RL_100YR_2020":"Not Affected","RIF_RL_100YR_2040":"Not Affected","RIF_RL_100YR_2070":"Not Affected","RIF_RL_500YR_2020":"Not Affected","RIF_RL_500YR_2040":"Not Affected","RIF_RL_500YR_2070":"Not Affected"}},{"type":"Feature","id":148,"geometry":{"type":"Point","coordinates":[-85.1688771439008,30.9687591493288]},"properties":{"OBJECTID_1":148,"OBJECTID":148,"Name":"JACKSON CORRECTIONAL INSTITUTION","Address":"5563 10TH ST","City":"MALONE","Zip":"32445","COUNTY":"Jackson","X":-85.16887714,"Y":30.96875915,"LONGLAT":"-85.16887714,30.96875915","USNG":"16R FV 74881 27577","OWNERSHIP":"STATE","PARCELID":"31-7N-09-0000-0030-0000","FACILITY_T":"CORRECTIONAL FACILITY","Asset_Elevation":null,"Owned_Maintained":"STATE","Asset":"CORRECTIONAL FACILITY","Asset_Sub_Type":null,"Asset_Type":"Correctional Facilities","Asset_Group":"Critical Community and Emergency Facilities","Asset_Relevancy":"Locally Significant","Asset_ID":"CF_PT_148","Municipality":"Malone","Water_Management_District":"Northwest Florida Water Management District","Souce_Dataset_Entity":"FDEM","Souce_Dataset_Name":"Correctional Facilities - FDEM","Source_Asset_ID":null,"Restricted_Public_Disclosure":null,"Notes":null,"Regional_Planning_Council":"Apalachee","FDEP_Regulatory_District":"Northwest District","RCP_Region":"Northwest","FDOT_District":3,"House_District_Number":5,"Senate_District_Number":2,"CTF_RL_2020":"Not Affected","CTF_RL_2040_IL":"Not Affected","CTF_RL_2040_INT":"Not Affected","CTF_RL_2070_IL":"Not Affected","CTF_RL_2070_INT":"Not Affected","SSF_RL_100YR_CURR":"Not Affected","SSF_RL_100YR_2040_IL":"Not Affected","SSF_RL_100YR_2040_INT":"Not Affected","SSF_RL_100YR_2070_IL":"Not Affected","SSF_RL_100YR_2070_INT":"Not Affected","SSF_RL_500YR_CURR":"Not Affected","SSF_RL_500YR_2040_IL":"Not Affected","SSF_RL_500YR_2040_INT":"Not Affected","SSF_RL_500YR_2070_IL":"Not Affected","SSF_RL_500YR_2070_INT":"Not Affected","RIF_RL_100YR_2020":"Not Affected","RIF_RL_100YR_2040":"Not Affected","RIF_RL_100YR_2070":"Not Affected","RIF_RL_500YR_2020":"Not Affected","RIF_RL_500YR_2040":"Not Affected","RIF_RL_500YR_2070":"Not Affected"}},{"type":"Feature","id":149,"geometry":{"type":"Point","coordinates":[-85.4921982138831,30.9482378760652]},"properties":{"OBJECTID_1":149,"OBJECTID":149,"Name":"GRACEVILLE WORK CAMP","Address":"5230 EZELL RD","City":"GRACEVILLE","Zip":"32440","COUNTY":"Jackson","X":-85.49219821,"Y":30.94823788,"LONGLAT":"-85.49219821,30.94823788","USNG":"16R FV 44029 24840","OWNERSHIP":" ","PARCELID":"01-6N-13-0000-0100-0120","FACILITY_T":"CORRECTIONAL FACILITY","Asset_Elevation":null,"Owned_Maintained":" ","Asset":"CORRECTIONAL FACILITY","Asset_Sub_Type":null,"Asset_Type":"Correctional Facilities","Asset_Group":"Critical Community and Emergency Facilities","Asset_Relevancy":"Locally Significant","Asset_ID":"CF_PT_149","Municipality":null,"Water_Management_District":"Northwest Florida Water Management District","Souce_Dataset_Entity":"FDEM","Souce_Dataset_Name":"Correctional Facilities - FDEM","Source_Asset_ID":null,"Restricted_Public_Disclosure":null,"Notes":null,"Regional_Planning_Council":"Apalachee","FDEP_Regulatory_District":"Northwest District","RCP_Region":"Northwest","FDOT_District":3,"House_District_Number":5,"Senate_District_Number":2,"CTF_RL_2020":"Not Affected","CTF_RL_2040_IL":"Not Affected","CTF_RL_2040_INT":"Not Affected","CTF_RL_2070_IL":"Not Affected","CTF_RL_2070_INT":"Not Affected","SSF_RL_100YR_CURR":"Not Affected","SSF_RL_100YR_2040_IL":"Not Affected","SSF_RL_100YR_2040_INT":"Not Affected","SSF_RL_100YR_2070_IL":"Not Affected","SSF_RL_100YR_2070_INT":"Not Affected","SSF_RL_500YR_CURR":"Not Affected","SSF_RL_500YR_2040_IL":"Not Affected","SSF_RL_500YR_2040_INT":"Not Affected","SSF_RL_500YR_2070_IL":"Not Affected","SSF_RL_500YR_2070_INT":"Not Affected","RIF_RL_100YR_2020":"Not Affected","RIF_RL_100YR_2040":"Not Affected","RIF_RL_100YR_2070":"Not Affected","RIF_RL_500YR_2020":"Not Affected","RIF_RL_500YR_2040":"Not Affected","RIF_RL_500YR_2070":"Not Affected"}},{"type":"Feature","id":150,"geometry":{"type":"Point","coordinates":[-84.8766519281846,30.7089735636869]},"properties":{"OBJECTID_1":150,"OBJECTID":150,"Name":"APALACHEE CORRECTIONAL INSTITUTION","Address":"35 APALACHEE DR","City":"SNEADS","Zip":"32460","COUNTY":"Jackson","X":-84.87665193,"Y":30.70897356,"LONGLAT":"-84.87665193,30.70897356","USNG":"16R GU 03343 99274","OWNERSHIP":" ","PARCELID":"30-4N-06-0000-0010-0000","FACILITY_T":"CORRECTIONAL FACILITY","Asset_Elevation":null,"Owned_Maintained":" ","Asset":"CORRECTIONAL FACILITY","Asset_Sub_Type":null,"Asset_Type":"Correctional Facilities","Asset_Group":"Critical Community and Emergency Facilities","Asset_Relevancy":"Locally Significant","Asset_ID":"CF_PT_150","Municipality":null,"Water_Management_District":"Northwest Florida Water Management District","Souce_Dataset_Entity":"FDEM","Souce_Dataset_Name":"Correctional Facilities - FDEM","Source_Asset_ID":null,"Restricted_Public_Disclosure":null,"Notes":null,"Regional_Planning_Council":"Apalachee","FDEP_Regulatory_District":"Northwest District","RCP_Region":"Northwest","FDOT_District":3,"House_District_Number":5,"Senate_District_Number":2,"CTF_RL_2020":"Not Affected","CTF_RL_2040_IL":"Not Affected","CTF_RL_2040_INT":"Not Affected","CTF_RL_2070_IL":"Not Affected","CTF_RL_2070_INT":"Not Affected","SSF_RL_100YR_CURR":"Not Affected","SSF_RL_100YR_2040_IL":"Not Affected","SSF_RL_100YR_2040_INT":"Not Affected","SSF_RL_100YR_2070_IL":"Not Affected","SSF_RL_100YR_2070_INT":"Not Affected","SSF_RL_500YR_CURR":"Not Affected","SSF_RL_500YR_2040_IL":"Not Affected","SSF_RL_500YR_2040_INT":"Not Affected","SSF_RL_500YR_2070_IL":"Not Affected","SSF_RL_500YR_2070_INT":"Not Affected","RIF_RL_100YR_2020":"Not Affected","RIF_RL_100YR_2040":"Not Affected","RIF_RL_100YR_2070":"Not Affected","RIF_RL_500YR_2020":"Not Affected","RIF_RL_500YR_2040":"Not Affected","RIF_RL_500YR_2070":"Not Affected"}},{"type":"Feature","id":151,"geometry":{"type":"Point","coordinates":[-85.4942439288236,30.9515165672669]},"properties":{"OBJECTID_1":151,"OBJECTID":151,"Name":"FLORIDA DOJJ NORTH REGION - DOVE VOCATIONAL ACADEMY","Address":"5270 EZELL RD","City":"GRACEVILLE","Zip":"32440","COUNTY":"Jackson","X":-85.49424393,"Y":30.95151657,"LONGLAT":"-85.49424393,30.95151657","USNG":"16R FV 43829 25200","OWNERSHIP":"STATE","PARCELID":"01-6N-13-0000-0100-0061","FACILITY_T":"JUVENILE CORRECTIONAL INSTITUTION","Asset_Elevation":null,"Owned_Maintained":"STATE","Asset":"JUVENILE CORRECTIONAL INSTITUTION","Asset_Sub_Type":null,"Asset_Type":"Correctional Facilities","Asset_Group":"Critical Community and Emergency Facilities","Asset_Relevancy":"Locally Significant","Asset_ID":"CF_PT_151","Municipality":null,"Water_Management_District":"Northwest Florida Water Management District","Souce_Dataset_Entity":"FDEM","Souce_Dataset_Name":"Correctional Facilities - FDEM","Source_Asset_ID":null,"Restricted_Public_Disclosure":null,"Notes":null,"Regional_Planning_Council":"Apalachee","FDEP_Regulatory_District":"Northwest District","RCP_Region":"Northwest","FDOT_District":3,"House_District_Number":5,"Senate_District_Number":2,"CTF_RL_2020":"Not Affected","CTF_RL_2040_IL":"Not Affected","CTF_RL_2040_INT":"Not Affected","CTF_RL_2070_IL":"Not Affected","CTF_RL_2070_INT":"Not Affected","SSF_RL_100YR_CURR":"Not Affected","SSF_RL_100YR_2040_IL":"Not Affected","SSF_RL_100YR_2040_INT":"Not Affected","SSF_RL_100YR_2070_IL":"Not Affected","SSF_RL_100YR_2070_INT":"Not Affected","SSF_RL_500YR_CURR":"Not Affected","SSF_RL_500YR_2040_IL":"Not Affected","SSF_RL_500YR_2040_INT":"Not Affected","SSF_RL_500YR_2070_IL":"Not Affected","SSF_RL_500YR_2070_INT":"Not Affected","RIF_RL_100YR_2020":"Not Affected","RIF_RL_100YR_2040":"Not Affected","RIF_RL_100YR_2070":"Not Affected","RIF_RL_500YR_2020":"Not Affected","RIF_RL_500YR_2040":"Not Affected","RIF_RL_500YR_2070":"Not Affected"}},{"type":"Feature","id":152,"geometry":{"type":"Point","coordinates":[-85.1905967243395,30.8286536839802]},"properties":{"OBJECTID_1":152,"OBJECTID":152,"Name":"FEDERAL CORRECTIONAL INSTITUTION - MARIANNA SATELLITE CAMP","Address":"3625 FCI ROAD","City":"MARIANNA","Zip":"32446","COUNTY":"Jackson","X":-85.19059672,"Y":30.82865369,"LONGLAT":"-85.19059672,30.82865369","USNG":"16R FV 73058 12013","OWNERSHIP":"FEDERAL","PARCELID":"13-5N-10-0000-0010-0010","FACILITY_T":"FEDERAL CORRECTIONAL INSTITUTION","Asset_Elevation":null,"Owned_Maintained":"FEDERAL","Asset":"FEDERAL CORRECTIONAL INSTITUTION","Asset_Sub_Type":null,"Asset_Type":"Correctional Facilities","Asset_Group":"Critical Community and Emergency Facilities","Asset_Relevancy":"Locally Significant","Asset_ID":"CF_PT_152","Municipality":"Marianna","Water_Management_District":"Northwest Florida Water Management District","Souce_Dataset_Entity":"FDEM","Souce_Dataset_Name":"Correctional Facilities - FDEM","Source_Asset_ID":null,"Restricted_Public_Disclosure":null,"Notes":null,"Regional_Planning_Council":"Apalachee","FDEP_Regulatory_District":"Northwest District","RCP_Region":"Northwest","FDOT_District":3,"House_District_Number":5,"Senate_District_Number":2,"CTF_RL_2020":"Not Affected","CTF_RL_2040_IL":"Not Affected","CTF_RL_2040_INT":"Not Affected","CTF_RL_2070_IL":"Not Affected","CTF_RL_2070_INT":"Not Affected","SSF_RL_100YR_CURR":"Not Affected","SSF_RL_100YR_2040_IL":"Not Affected","SSF_RL_100YR_2040_INT":"Not Affected","SSF_RL_100YR_2070_IL":"Not Affected","SSF_RL_100YR_2070_INT":"Not Affected","SSF_RL_500YR_CURR":"Not Affected","SSF_RL_500YR_2040_IL":"Not Affected","SSF_RL_500YR_2040_INT":"Not Affected","SSF_RL_500YR_2070_IL":"Not Affected","SSF_RL_500YR_2070_INT":"Not Affected","RIF_RL_100YR_2020":"Not Affected","RIF_RL_100YR_2040":"Not Affected","RIF_RL_100YR_2070":"Not Affected","RIF_RL_500YR_2020":"Not Affected","RIF_RL_500YR_2040":"Not Affected","RIF_RL_500YR_2070":"Not Affected"}},{"type":"Feature","id":153,"geometry":{"type":"Point","coordinates":[-85.1906353900188,30.8342865587794]},"properties":{"OBJECTID_1":153,"OBJECTID":153,"Name":"MARIANNA FEDERAL CORRECTIONAL INSTITUTION","Address":"3625 F C I RD","City":"MARIANNA","Zip":"32446","COUNTY":"Jackson","X":-85.19063539,"Y":30.83428656,"LONGLAT":"-85.19063539,30.83428656","USNG":"16R FV 73044 12637","OWNERSHIP":"FEDERAL","PARCELID":"13-5N-10-0000-0010-0010","FACILITY_T":"FEDERAL CORRECTIONAL INSTITUTION","Asset_Elevation":null,"Owned_Maintained":"FEDERAL","Asset":"FEDERAL CORRECTIONAL INSTITUTION","Asset_Sub_Type":null,"Asset_Type":"Correctional Facilities","Asset_Group":"Critical Community and Emergency Facilities","Asset_Relevancy":"Locally Significant","Asset_ID":"CF_PT_153","Municipality":"Marianna","Water_Management_District":"Northwest Florida Water Management District","Souce_Dataset_Entity":"FDEM","Souce_Dataset_Name":"Correctional Facilities - FDEM","Source_Asset_ID":null,"Restricted_Public_Disclosure":null,"Notes":null,"Regional_Planning_Council":"Apalachee","FDEP_Regulatory_District":"Northwest District","RCP_Region":"Northwest","FDOT_District":3,"House_District_Number":5,"Senate_District_Number":2,"CTF_RL_2020":"Not Affected","CTF_RL_2040_IL":"Not Affected","CTF_RL_2040_INT":"Not Affected","CTF_RL_2070_IL":"Not Affected","CTF_RL_2070_INT":"Not Affected","SSF_RL_100YR_CURR":"Not Affected","SSF_RL_100YR_2040_IL":"Not Affected","SSF_RL_100YR_2040_INT":"Not Affected","SSF_RL_100YR_2070_IL":"Not Affected","SSF_RL_100YR_2070_INT":"Not Affected","SSF_RL_500YR_CURR":"Not Affected","SSF_RL_500YR_2040_IL":"Not Affected","SSF_RL_500YR_2040_INT":"Not Affected","SSF_RL_500YR_2070_IL":"Not Affected","SSF_RL_500YR_2070_INT":"Not Affected","RIF_RL_100YR_2020":"Not Affected","RIF_RL_100YR_2040":"Not Affected","RIF_RL_100YR_2070":"Not Affected","RIF_RL_500YR_2020":"Not Affected","RIF_RL_500YR_2040":"Not Affected","RIF_RL_500YR_2070":"Not Affected"}},{"type":"Feature","id":154,"geometry":{"type":"Point","coordinates":[-85.4945734006218,30.9477461721294]},"properties":{"OBJECTID_1":154,"OBJECTID":154,"Name":"FLORIDA DOJJ NORTH REGION - GRACEVILLE VOCATIONAL YOUTH CENTER","Address":"5229 EZELL RD","City":"GRACEVILLE","Zip":"32440","COUNTY":"Jackson","X":-85.4945734,"Y":30.94774617,"LONGLAT":"-85.49457340,30.94774617","USNG":"16R FV 43803 24782","OWNERSHIP":"STATE","PARCELID":"01-6N-13-0000-0100-0000","FACILITY_T":"JUVENILE CORRECTIONAL INSTITUTION","Asset_Elevation":null,"Owned_Maintained":"STATE","Asset":"JUVENILE CORRECTIONAL INSTITUTION","Asset_Sub_Type":null,"Asset_Type":"Correctional Facilities","Asset_Group":"Critical Community and Emergency Facilities","Asset_Relevancy":"Locally Significant","Asset_ID":"CF_PT_154","Municipality":null,"Water_Management_District":"Northwest Florida Water Management District","Souce_Dataset_Entity":"FDEM","Souce_Dataset_Name":"Correctional Facilities - FDEM","Source_Asset_ID":null,"Restricted_Public_Disclosure":null,"Notes":null,"Regional_Planning_Council":"Apalachee","FDEP_Regulatory_District":"Northwest District","RCP_Region":"Northwest","FDOT_District":3,"House_District_Number":5,"Senate_District_Number":2,"CTF_RL_2020":"Not Affected","CTF_RL_2040_IL":"Not Affected","CTF_RL_2040_INT":"Not Affected","CTF_RL_2070_IL":"Not Affected","CTF_RL_2070_INT":"Not Affected","SSF_RL_100YR_CURR":"Not Affected","SSF_RL_100YR_2040_IL":"Not Affected","SSF_RL_100YR_2040_INT":"Not Affected","SSF_RL_100YR_2070_IL":"Not Affected","SSF_RL_100YR_2070_INT":"Not Affected","SSF_RL_500YR_CURR":"Not Affected","SSF_RL_500YR_2040_IL":"Not Affected","SSF_RL_500YR_2040_INT":"Not Affected","SSF_RL_500YR_2070_IL":"Not Affected","SSF_RL_500YR_2070_INT":"Not Affected","RIF_RL_100YR_2020":"Not Affected","RIF_RL_100YR_2040":"Not Affected","RIF_RL_100YR_2070":"Not Affected","RIF_RL_500YR_2020":"Not Affected","RIF_RL_500YR_2040":"Not Affected","RIF_RL_500YR_2070":"Not Affected"}},{"type":"Feature","id":155,"geometry":{"type":"Point","coordinates":[-83.8814642075622,30.5030165565735]},"properties":{"OBJECTID_1":155,"OBJECTID":155,"Name":"JEFFERSON COUNTY JAIL/SHERIFF DEPT","Address":"171 INDUSTRIAL PARK","City":"MONTICELLO","Zip":"32344","COUNTY":"Jefferson","X":-83.88146421,"Y":30.50301656,"LONGLAT":"-83.88146421,30.50301656","USNG":"17R KP 23444 78057","OWNERSHIP":"COUNTY","PARCELID":"12-1N-4E-0000-0068-0000","FACILITY_T":"LOCAL CORRECTIONAL INSTITUTION","Asset_Elevation":null,"Owned_Maintained":"COUNTY","Asset":"LOCAL CORRECTIONAL INSTITUTION","Asset_Sub_Type":null,"Asset_Type":"Correctional Facilities","Asset_Group":"Critical Community and Emergency Facilities","Asset_Relevancy":"Locally Significant","Asset_ID":"CF_PT_155","Municipality":null,"Water_Management_District":"Northwest Florida Water Management District","Souce_Dataset_Entity":"FDEM","Souce_Dataset_Name":"Correctional Facilities - FDEM","Source_Asset_ID":null,"Restricted_Public_Disclosure":null,"Notes":null,"Regional_Planning_Council":"Apalachee","FDEP_Regulatory_District":"Northwest District","RCP_Region":"Northwest","FDOT_District":3,"House_District_Number":9,"Senate_District_Number":3,"CTF_RL_2020":"Not Affected","CTF_RL_2040_IL":"Not Affected","CTF_RL_2040_INT":"Not Affected","CTF_RL_2070_IL":"Not Affected","CTF_RL_2070_INT":"Not Affected","SSF_RL_100YR_CURR":"Not Affected","SSF_RL_100YR_2040_IL":"Not Affected","SSF_RL_100YR_2040_INT":"Not Affected","SSF_RL_100YR_2070_IL":"Not Affected","SSF_RL_100YR_2070_INT":"Not Affected","SSF_RL_500YR_CURR":"Not Affected","SSF_RL_500YR_2040_IL":"Not Affected","SSF_RL_500YR_2040_INT":"Not Affected","SSF_RL_500YR_2070_IL":"Not Affected","SSF_RL_500YR_2070_INT":"Not Affected","RIF_RL_100YR_2020":"Not Affected","RIF_RL_100YR_2040":"Not Affected","RIF_RL_100YR_2070":"Not Affected","RIF_RL_500YR_2020":"Not Affected","RIF_RL_500YR_2040":"Not Affected","RIF_RL_500YR_2070":"Not Affected"}},{"type":"Feature","id":156,"geometry":{"type":"Point","coordinates":[-83.8008075064807,30.5097154503996]},"properties":{"OBJECTID_1":156,"OBJECTID":156,"Name":"JEFFERSON CORRECTIONAL INSTITUTION","Address":"1050 BIG JOE RD","City":"MONTICELLO","Zip":"32344","COUNTY":"Jefferson","X":-83.80080751,"Y":30.50971545,"LONGLAT":"-83.80080751,30.50971545","USNG":"17R KP 31207 78605","OWNERSHIP":"STATE","PARCELID":"02-1N-5E-0000-0050-0000","FACILITY_T":"LOCAL CORRECTIONAL INSTITUTION","Asset_Elevation":null,"Owned_Maintained":"STATE","Asset":"LOCAL CORRECTIONAL INSTITUTION","Asset_Sub_Type":null,"Asset_Type":"Correctional Facilities","Asset_Group":"Critical Community and Emergency Facilities","Asset_Relevancy":"Locally Significant","Asset_ID":"CF_PT_156","Municipality":null,"Water_Management_District":"Suwannee River Water Management District","Souce_Dataset_Entity":"FDEM","Souce_Dataset_Name":"Correctional Facilities - FDEM","Source_Asset_ID":null,"Restricted_Public_Disclosure":null,"Notes":null,"Regional_Planning_Council":"Apalachee","FDEP_Regulatory_District":"Northwest District","RCP_Region":"Northwest","FDOT_District":3,"House_District_Number":9,"Senate_District_Number":3,"CTF_RL_2020":"Not Affected","CTF_RL_2040_IL":"Not Affected","CTF_RL_2040_INT":"Not Affected","CTF_RL_2070_IL":"Not Affected","CTF_RL_2070_INT":"Not Affected","SSF_RL_100YR_CURR":"Not Affected","SSF_RL_100YR_2040_IL":"Not Affected","SSF_RL_100YR_2040_INT":"Not Affected","SSF_RL_100YR_2070_IL":"Not Affected","SSF_RL_100YR_2070_INT":"Not Affected","SSF_RL_500YR_CURR":"Not Affected","SSF_RL_500YR_2040_IL":"Not Affected","SSF_RL_500YR_2040_INT":"Not Affected","SSF_RL_500YR_2070_IL":"Not Affected","SSF_RL_500YR_2070_INT":"Not Affected","RIF_RL_100YR_2020":"Not Affected","RIF_RL_100YR_2040":"Not Affected","RIF_RL_100YR_2070":"Not Affected","RIF_RL_500YR_2020":"Not Affected","RIF_RL_500YR_2040":"Not Affected","RIF_RL_500YR_2070":"Not Affected"}},{"type":"Feature","id":157,"geometry":{"type":"Point","coordinates":[-83.1766178126276,30.0547847612525]},"properties":{"OBJECTID_1":157,"OBJECTID":157,"Name":"LAFAYETTE COUNTY JAIL","Address":"164 NW CRAWFORD ST","City":"MAYO","Zip":"32066","COUNTY":"Lafayette","X":-83.17661781,"Y":30.05478476,"LONGLAT":"-83.17661781,30.05478476","USNG":"17R KP 90160 26852","OWNERSHIP":"COUNTY","PARCELID":"1305110011031000010","FACILITY_T":"LOCAL CORRECTIONAL INSTITUTION","Asset_Elevation":null,"Owned_Maintained":"COUNTY","Asset":"LOCAL CORRECTIONAL INSTITUTION","Asset_Sub_Type":null,"Asset_Type":"Correctional Facilities","Asset_Group":"Critical Community and Emergency Facilities","Asset_Relevancy":"Locally Significant","Asset_ID":"CF_PT_157","Municipality":"Mayo","Water_Management_District":"Suwannee River Water Management District","Souce_Dataset_Entity":"FDEM","Souce_Dataset_Name":"Correctional Facilities - FDEM","Source_Asset_ID":null,"Restricted_Public_Disclosure":null,"Notes":null,"Regional_Planning_Council":"North Central Florida","FDEP_Regulatory_District":"Northeast District","RCP_Region":"Northwest","FDOT_District":2,"House_District_Number":7,"Senate_District_Number":3,"CTF_RL_2020":"Not Affected","CTF_RL_2040_IL":"Not Affected","CTF_RL_2040_INT":"Not Affected","CTF_RL_2070_IL":"Not Affected","CTF_RL_2070_INT":"Not Affected","SSF_RL_100YR_CURR":"Not Affected","SSF_RL_100YR_2040_IL":"Not Affected","SSF_RL_100YR_2040_INT":"Not Affected","SSF_RL_100YR_2070_IL":"Not Affected","SSF_RL_100YR_2070_INT":"Not Affected","SSF_RL_500YR_CURR":"Not Affected","SSF_RL_500YR_2040_IL":"Not Affected","SSF_RL_500YR_2040_INT":"Not Affected","SSF_RL_500YR_2070_IL":"Not Affected","SSF_RL_500YR_2070_INT":"Not Affected","RIF_RL_100YR_2020":"Not Affected","RIF_RL_100YR_2040":"Not Affected","RIF_RL_100YR_2070":"Not Affected","RIF_RL_500YR_2020":"Not Affected","RIF_RL_500YR_2040":"Not Affected","RIF_RL_500YR_2070":"Not Affected"}},{"type":"Feature","id":158,"geometry":{"type":"Point","coordinates":[-83.3096725904919,30.1327651026005]},"properties":{"OBJECTID_1":158,"OBJECTID":158,"Name":"FLORIDA DEPARTMENT OF CORRECTIONS REGION 2 - MAYO WORK CAMP","Address":"8784 W US HWY 27","City":"DAY","Zip":"32013","COUNTY":"Lafayette","X":-83.30967259,"Y":30.1327651,"LONGLAT":"-83.30967259,30.13276510","USNG":"17R KP 77504 35748","OWNERSHIP":"STATE","PARCELID":"1504100000000000500","FACILITY_T":"STATE CORRECTIONAL INSTITUTION","Asset_Elevation":null,"Owned_Maintained":"STATE","Asset":"STATE CORRECTIONAL INSTITUTION","Asset_Sub_Type":null,"Asset_Type":"Correctional Facilities","Asset_Group":"Critical Community and Emergency Facilities","Asset_Relevancy":"Locally Significant","Asset_ID":"CF_PT_158","Municipality":null,"Water_Management_District":"Suwannee River Water Management District","Souce_Dataset_Entity":"FDEM","Souce_Dataset_Name":"Correctional Facilities - FDEM","Source_Asset_ID":null,"Restricted_Public_Disclosure":null,"Notes":null,"Regional_Planning_Council":"North Central Florida","FDEP_Regulatory_District":"Northeast District","RCP_Region":"Northwest","FDOT_District":2,"House_District_Number":7,"Senate_District_Number":3,"CTF_RL_2020":"Not Affected","CTF_RL_2040_IL":"Not Affected","CTF_RL_2040_INT":"Not Affected","CTF_RL_2070_IL":"Not Affected","CTF_RL_2070_INT":"Not Affected","SSF_RL_100YR_CURR":"Not Affected","SSF_RL_100YR_2040_IL":"Not Affected","SSF_RL_100YR_2040_INT":"Not Affected","SSF_RL_100YR_2070_IL":"Not Affected","SSF_RL_100YR_2070_INT":"Not Affected","SSF_RL_500YR_CURR":"Not Affected","SSF_RL_500YR_2040_IL":"Not Affected","SSF_RL_500YR_2040_INT":"Not Affected","SSF_RL_500YR_2070_IL":"Not Affected","SSF_RL_500YR_2070_INT":"Not Affected","RIF_RL_100YR_2020":"Not Affected","RIF_RL_100YR_2040":"Not Affected","RIF_RL_100YR_2070":"Not Affected","RIF_RL_500YR_2020":"Low","RIF_RL_500YR_2040":"Medium","RIF_RL_500YR_2070":"Medium"}},{"type":"Feature","id":159,"geometry":{"type":"Point","coordinates":[-83.3048556344245,30.1327419927521]},"properties":{"OBJECTID_1":159,"OBJECTID":159,"Name":"MAYO CORRECTIONAL INSTITUTION","Address":"8784 W US HWY 27","City":"DAY","Zip":"32013","COUNTY":"Lafayette","X":-83.30485563,"Y":30.13274199,"LONGLAT":"-83.30485563,30.13274199","USNG":"17R KP 77968 35737","OWNERSHIP":"STATE","PARCELID":"1504100000000000501","FACILITY_T":"LOCAL CORRECTIONAL INSTITUTION","Asset_Elevation":null,"Owned_Maintained":"STATE","Asset":"LOCAL CORRECTIONAL INSTITUTION","Asset_Sub_Type":null,"Asset_Type":"Correctional Facilities","Asset_Group":"Critical Community and Emergency Facilities","Asset_Relevancy":"Locally Significant","Asset_ID":"CF_PT_159","Municipality":null,"Water_Management_District":"Suwannee River Water Management District","Souce_Dataset_Entity":"FDEM","Souce_Dataset_Name":"Correctional Facilities - FDEM","Source_Asset_ID":null,"Restricted_Public_Disclosure":null,"Notes":null,"Regional_Planning_Council":"North Central Florida","FDEP_Regulatory_District":"Northeast District","RCP_Region":"Northwest","FDOT_District":2,"House_District_Number":7,"Senate_District_Number":3,"CTF_RL_2020":"Not Affected","CTF_RL_2040_IL":"Not Affected","CTF_RL_2040_INT":"Not Affected","CTF_RL_2070_IL":"Not Affected","CTF_RL_2070_INT":"Not Affected","SSF_RL_100YR_CURR":"Not Affected","SSF_RL_100YR_2040_IL":"Not Affected","SSF_RL_100YR_2040_INT":"Not Affected","SSF_RL_100YR_2070_IL":"Not Affected","SSF_RL_100YR_2070_INT":"Not Affected","SSF_RL_500YR_CURR":"Not Affected","SSF_RL_500YR_2040_IL":"Not Affected","SSF_RL_500YR_2040_INT":"Not Affected","SSF_RL_500YR_2070_IL":"Not Affected","SSF_RL_500YR_2070_INT":"Not Affected","RIF_RL_100YR_2020":"Not Affected","RIF_RL_100YR_2040":"Not Affected","RIF_RL_100YR_2070":"Not Affected","RIF_RL_500YR_2020":"Not Affected","RIF_RL_500YR_2040":"Not Affected","RIF_RL_500YR_2070":"Not Affected"}},{"type":"Feature","id":160,"geometry":{"type":"Point","coordinates":[-81.765350384101,28.6221096774508]},"properties":{"OBJECTID_1":160,"OBJECTID":160,"Name":"LAKE CORRECTIONAL INSTITUTION","Address":"11110 LAKE CIRCLE DR","City":"CLERMONT","Zip":"34715","COUNTY":"Lake","X":-81.76535038,"Y":28.62210968,"LONGLAT":"-81.76535038,28.62210968","USNG":"17R MM 25184 66359","OWNERSHIP":"STATE OF FLORIDA TIITF","PARCELID":"362125000200001100","FACILITY_T":"LOCAL CORRECTIONAL INSTITUTION","Asset_Elevation":null,"Owned_Maintained":"STATE OF FLORIDA TIITF","Asset":"LOCAL CORRECTIONAL INSTITUTION","Asset_Sub_Type":null,"Asset_Type":"Correctional Facilities","Asset_Group":"Critical Community and Emergency Facilities","Asset_Relevancy":"Locally Significant","Asset_ID":"CF_PT_160","Municipality":null,"Water_Management_District":"St. Johns River Water Management District","Souce_Dataset_Entity":"FDEM","Souce_Dataset_Name":"Correctional Facilities - FDEM","Source_Asset_ID":null,"Restricted_Public_Disclosure":null,"Notes":null,"Regional_Planning_Council":"East Central Florida","FDEP_Regulatory_District":"Central District","RCP_Region":"Northeast","FDOT_District":5,"House_District_Number":25,"Senate_District_Number":13,"CTF_RL_2020":"Not Affected","CTF_RL_2040_IL":"Not Affected","CTF_RL_2040_INT":"Not Affected","CTF_RL_2070_IL":"Not Affected","CTF_RL_2070_INT":"Not Affected","SSF_RL_100YR_CURR":"Not Affected","SSF_RL_100YR_2040_IL":"Not Affected","SSF_RL_100YR_2040_INT":"Not Affected","SSF_RL_100YR_2070_IL":"Not Affected","SSF_RL_100YR_2070_INT":"Not Affected","SSF_RL_500YR_CURR":"Not Affected","SSF_RL_500YR_2040_IL":"Not Affected","SSF_RL_500YR_2040_INT":"Not Affected","SSF_RL_500YR_2070_IL":"Not Affected","SSF_RL_500YR_2070_INT":"Not Affected","RIF_RL_100YR_2020":"Not Affected","RIF_RL_100YR_2040":"Not Affected","RIF_RL_100YR_2070":"Not Affected","RIF_RL_500YR_2020":"Not Affected","RIF_RL_500YR_2040":"Not Affected","RIF_RL_500YR_2070":"Not Affected"}},{"type":"Feature","id":161,"geometry":{"type":"Point","coordinates":[-81.732925771647,28.8019289304166]},"properties":{"OBJECTID_1":161,"OBJECTID":161,"Name":"LAKE COUNTY JAIL","Address":"551 W MAIN ST","City":"TAVARES","Zip":"32778","COUNTY":"Lake","X":-81.73292577,"Y":28.80192893,"LONGLAT":"-81.73292577,28.80192893","USNG":"17R MM 28476 86261","OWNERSHIP":"COUNTY","PARCELID":"291926010004100A00","FACILITY_T":"LOCAL CORRECTIONAL INSTITUTION","Asset_Elevation":null,"Owned_Maintained":"COUNTY","Asset":"LOCAL CORRECTIONAL INSTITUTION","Asset_Sub_Type":null,"Asset_Type":"Correctional Facilities","Asset_Group":"Critical Community and Emergency Facilities","Asset_Relevancy":"Locally Significant","Asset_ID":"CF_PT_161","Municipality":"Tavares","Water_Management_District":"St. Johns River Water Management District","Souce_Dataset_Entity":"FDEM","Souce_Dataset_Name":"Correctional Facilities - FDEM","Source_Asset_ID":null,"Restricted_Public_Disclosure":null,"Notes":null,"Regional_Planning_Council":"East Central Florida","FDEP_Regulatory_District":"Central District","RCP_Region":"Northeast","FDOT_District":5,"House_District_Number":26,"Senate_District_Number":13,"CTF_RL_2020":"Not Affected","CTF_RL_2040_IL":"Not Affected","CTF_RL_2040_INT":"Not Affected","CTF_RL_2070_IL":"Not Affected","CTF_RL_2070_INT":"Not Affected","SSF_RL_100YR_CURR":"Not Affected","SSF_RL_100YR_2040_IL":"Not Affected","SSF_RL_100YR_2040_INT":"Not Affected","SSF_RL_100YR_2070_IL":"Not Affected","SSF_RL_100YR_2070_INT":"Not Affected","SSF_RL_500YR_CURR":"Not Affected","SSF_RL_500YR_2040_IL":"Not Affected","SSF_RL_500YR_2040_INT":"Not Affected","SSF_RL_500YR_2070_IL":"Not Affected","SSF_RL_500YR_2070_INT":"Not Affected","RIF_RL_100YR_2020":"Not Affected","RIF_RL_100YR_2040":"Not Affected","RIF_RL_100YR_2070":"Not Affected","RIF_RL_500YR_2020":"Medium","RIF_RL_500YR_2040":"Medium","RIF_RL_500YR_2070":"Medium"}},{"type":"Feature","id":162,"geometry":{"type":"Point","coordinates":[-81.6679557704523,28.935406792201]},"properties":{"OBJECTID_1":162,"OBJECTID":162,"Name":"UMATILLA JUVENILE RESIDENTIAL FACILITY","Address":"633 UMATILLA BLVD","City":"UMATILLA","Zip":"32784","COUNTY":"Lake","X":-81.66795577,"Y":28.93540679,"LONGLAT":"-81.66795577,28.93540679","USNG":"17R MN 34899 01012","OWNERSHIP":"COUNTY","PARCELID":"121826060001000100","FACILITY_T":"JUVENILE CORRECTIONAL INSTITUTION","Asset_Elevation":null,"Owned_Maintained":"COUNTY","Asset":"JUVENILE CORRECTIONAL INSTITUTION","Asset_Sub_Type":null,"Asset_Type":"Correctional Facilities","Asset_Group":"Critical Community and Emergency Facilities","Asset_Relevancy":"Locally Significant","Asset_ID":"CF_PT_162","Municipality":"Umatilla","Water_Management_District":"St. Johns River Water Management District","Souce_Dataset_Entity":"FDEM","Souce_Dataset_Name":"Correctional Facilities - FDEM","Source_Asset_ID":null,"Restricted_Public_Disclosure":null,"Notes":null,"Regional_Planning_Council":"East Central Florida","FDEP_Regulatory_District":"Central District","RCP_Region":"Northeast","FDOT_District":5,"House_District_Number":26,"Senate_District_Number":13,"CTF_RL_2020":"Not Affected","CTF_RL_2040_IL":"Not Affected","CTF_RL_2040_INT":"Not Affected","CTF_RL_2070_IL":"Not Affected","CTF_RL_2070_INT":"Not Affected","SSF_RL_100YR_CURR":"Not Affected","SSF_RL_100YR_2040_IL":"Not Affected","SSF_RL_100YR_2040_INT":"Not Affected","SSF_RL_100YR_2070_IL":"Not Affected","SSF_RL_100YR_2070_INT":"Not Affected","SSF_RL_500YR_CURR":"Not Affected","SSF_RL_500YR_2040_IL":"Not Affected","SSF_RL_500YR_2040_INT":"Not Affected","SSF_RL_500YR_2070_IL":"Not Affected","SSF_RL_500YR_2070_INT":"Not Affected","RIF_RL_100YR_2020":"Not Affected","RIF_RL_100YR_2040":"Not Affected","RIF_RL_100YR_2070":"Not Affected","RIF_RL_500YR_2020":"Not Affected","RIF_RL_500YR_2040":"Not Affected","RIF_RL_500YR_2070":"Not Affected"}},{"type":"Feature","id":163,"geometry":{"type":"Point","coordinates":[-81.8083085378672,26.633317611274]},"properties":{"OBJECTID_1":163,"OBJECTID":163,"Name":"SW FLORIDA REG JUVENILE DETENTION CENTER","Address":"2525 ORTIZ AVE","City":"FORT MYERS","Zip":"33905","COUNTY":"Lee","X":-81.80830854,"Y":26.63331761,"LONGLAT":"-81.80830854,26.63331761","USNG":"17R MK 19543 46077","OWNERSHIP":"MUNICIPAL","PARCELID":"214425P1001000710","FACILITY_T":"JUVENILE CORRECTIONAL INSTITUTION","Asset_Elevation":null,"Owned_Maintained":"MUNICIPAL","Asset":"JUVENILE CORRECTIONAL INSTITUTION","Asset_Sub_Type":null,"Asset_Type":"Correctional Facilities","Asset_Group":"Critical Community and Emergency Facilities","Asset_Relevancy":"Locally Significant","Asset_ID":"CF_PT_163","Municipality":"Fort Myers","Water_Management_District":"South Florida Water Management District","Souce_Dataset_Entity":"FDEM","Souce_Dataset_Name":"Correctional Facilities - FDEM","Source_Asset_ID":null,"Restricted_Public_Disclosure":null,"Notes":null,"Regional_Planning_Council":"Southwest Florida","FDEP_Regulatory_District":"South District","RCP_Region":"Southwest","FDOT_District":1,"House_District_Number":78,"Senate_District_Number":33,"CTF_RL_2020":"Not Affected","CTF_RL_2040_IL":"Not Affected","CTF_RL_2040_INT":"Not Affected","CTF_RL_2070_IL":"Not Affected","CTF_RL_2070_INT":"Not Affected","SSF_RL_100YR_CURR":"Not Affected","SSF_RL_100YR_2040_IL":"Not Affected","SSF_RL_100YR_2040_INT":"Not Affected","SSF_RL_100YR_2070_IL":"Not Affected","SSF_RL_100YR_2070_INT":"Not Affected","SSF_RL_500YR_CURR":"Not Affected","SSF_RL_500YR_2040_IL":"Not Affected","SSF_RL_500YR_2040_INT":"Not Affected","SSF_RL_500YR_2070_IL":"Not Affected","SSF_RL_500YR_2070_INT":"Not Affected","RIF_RL_100YR_2020":"Not Affected","RIF_RL_100YR_2040":"Not Affected","RIF_RL_100YR_2070":"Not Affected","RIF_RL_500YR_2020":"Not Affected","RIF_RL_500YR_2040":"Not Affected","RIF_RL_500YR_2070":"Not Affected"}},{"type":"Feature","id":164,"geometry":{"type":"Point","coordinates":[-81.8107294116296,26.6314800399915]},"properties":{"OBJECTID_1":164,"OBJECTID":164,"Name":"FORT MYERS WORK CAMP","Address":"2625 ORTIZ AVE","City":"FORT MYERS","Zip":"33905","COUNTY":"Lee","X":-81.81072941,"Y":26.63148004,"LONGLAT":"-81.81072941,26.63148004","USNG":"17R MK 19301 45875","OWNERSHIP":"STATE OF FLORIDA TIITF","PARCELID":"214425P3001000900","FACILITY_T":"CORRECTIONAL FACILITY","Asset_Elevation":null,"Owned_Maintained":"STATE OF FLORIDA TIITF","Asset":"CORRECTIONAL FACILITY","Asset_Sub_Type":null,"Asset_Type":"Correctional Facilities","Asset_Group":"Critical Community and Emergency Facilities","Asset_Relevancy":"Locally Significant","Asset_ID":"CF_PT_164","Municipality":"Fort Myers","Water_Management_District":"South Florida Water Management District","Souce_Dataset_Entity":"FDEM","Souce_Dataset_Name":"Correctional Facilities - FDEM","Source_Asset_ID":null,"Restricted_Public_Disclosure":null,"Notes":null,"Regional_Planning_Council":"Southwest Florida","FDEP_Regulatory_District":"South District","RCP_Region":"Southwest","FDOT_District":1,"House_District_Number":78,"Senate_District_Number":33,"CTF_RL_2020":"Not Affected","CTF_RL_2040_IL":"Not Affected","CTF_RL_2040_INT":"Not Affected","CTF_RL_2070_IL":"Not Affected","CTF_RL_2070_INT":"Not Affected","SSF_RL_100YR_CURR":"Not Affected","SSF_RL_100YR_2040_IL":"Not Affected","SSF_RL_100YR_2040_INT":"Not Affected","SSF_RL_100YR_2070_IL":"Not Affected","SSF_RL_100YR_2070_INT":"Not Affected","SSF_RL_500YR_CURR":"Not Affected","SSF_RL_500YR_2040_IL":"Not Affected","SSF_RL_500YR_2040_INT":"Not Affected","SSF_RL_500YR_2070_IL":"Not Affected","SSF_RL_500YR_2070_INT":"Not Affected","RIF_RL_100YR_2020":"Not Affected","RIF_RL_100YR_2040":"Not Affected","RIF_RL_100YR_2070":"Not Affected","RIF_RL_500YR_2020":"Not Affected","RIF_RL_500YR_2040":"Not Affected","RIF_RL_500YR_2070":"Not Affected"}},{"type":"Feature","id":165,"geometry":{"type":"Point","coordinates":[-81.8082140020268,26.6323301407665]},"properties":{"OBJECTID_1":165,"OBJECTID":165,"Name":"PRICE HALFWAY HOUSE","Address":"2515 ORTIZ AVE","City":"FORT MYERS","Zip":"33905","COUNTY":"Lee","X":-81.808214,"Y":26.63233014,"LONGLAT":"-81.80821400,26.63233014","USNG":"17R MK 19552 45967","OWNERSHIP":" ","PARCELID":" ","FACILITY_T":"CORRECTIONAL FACILITY","Asset_Elevation":null,"Owned_Maintained":" ","Asset":"CORRECTIONAL FACILITY","Asset_Sub_Type":null,"Asset_Type":"Correctional Facilities","Asset_Group":"Critical Community and Emergency Facilities","Asset_Relevancy":"Locally Significant","Asset_ID":"CF_PT_165","Municipality":"Fort Myers","Water_Management_District":"South Florida Water Management District","Souce_Dataset_Entity":"FDEM","Souce_Dataset_Name":"Correctional Facilities - FDEM","Source_Asset_ID":null,"Restricted_Public_Disclosure":null,"Notes":null,"Regional_Planning_Council":"Southwest Florida","FDEP_Regulatory_District":"South District","RCP_Region":"Southwest","FDOT_District":1,"House_District_Number":78,"Senate_District_Number":33,"CTF_RL_2020":"Not Affected","CTF_RL_2040_IL":"Not Affected","CTF_RL_2040_INT":"Not Affected","CTF_RL_2070_IL":"Not Affected","CTF_RL_2070_INT":"Not Affected","SSF_RL_100YR_CURR":"Not Affected","SSF_RL_100YR_2040_IL":"Not Affected","SSF_RL_100YR_2040_INT":"Not Affected","SSF_RL_100YR_2070_IL":"Not Affected","SSF_RL_100YR_2070_INT":"Not Affected","SSF_RL_500YR_CURR":"Not Affected","SSF_RL_500YR_2040_IL":"Not Affected","SSF_RL_500YR_2040_INT":"Not Affected","SSF_RL_500YR_2070_IL":"Not Affected","SSF_RL_500YR_2070_INT":"Not Affected","RIF_RL_100YR_2020":"Not Affected","RIF_RL_100YR_2040":"Not Affected","RIF_RL_100YR_2070":"Not Affected","RIF_RL_500YR_2020":"Not Affected","RIF_RL_500YR_2040":"Not Affected","RIF_RL_500YR_2070":"Not Affected"}},{"type":"Feature","id":166,"geometry":{"type":"Point","coordinates":[-81.8709130147237,26.6415148320131]},"properties":{"OBJECTID_1":166,"OBJECTID":166,"Name":"LEE COUNTY JAIL","Address":"2115 DR MARTIN LUTHER KING BLVD","City":"FORT MYERS","Zip":"33901","COUNTY":"Lee","X":-81.87091301,"Y":26.64151483,"LONGLAT":"-81.87091301,26.64151483","USNG":"17R MK 13317 47026","OWNERSHIP":"COUNTY","PARCELID":"134424P4004100020","FACILITY_T":"LOCAL CORRECTIONAL INSTITUTION","Asset_Elevation":null,"Owned_Maintained":"COUNTY","Asset":"LOCAL CORRECTIONAL INSTITUTION","Asset_Sub_Type":null,"Asset_Type":"Correctional Facilities","Asset_Group":"Critical Community and Emergency Facilities","Asset_Relevancy":"Locally Significant","Asset_ID":"CF_PT_166","Municipality":"Fort Myers","Water_Management_District":"South Florida Water Management District","Souce_Dataset_Entity":"FDEM","Souce_Dataset_Name":"Correctional Facilities - FDEM","Source_Asset_ID":null,"Restricted_Public_Disclosure":null,"Notes":null,"Regional_Planning_Council":"Southwest Florida","FDEP_Regulatory_District":"South District","RCP_Region":"Southwest","FDOT_District":1,"House_District_Number":78,"Senate_District_Number":33,"CTF_RL_2020":"Not Affected","CTF_RL_2040_IL":"Not Affected","CTF_RL_2040_INT":"Not Affected","CTF_RL_2070_IL":"Not Affected","CTF_RL_2070_INT":"Not Affected","SSF_RL_100YR_CURR":"Not Affected","SSF_RL_100YR_2040_IL":"Not Affected","SSF_RL_100YR_2040_INT":"Not Affected","SSF_RL_100YR_2070_IL":"Not Affected","SSF_RL_100YR_2070_INT":"Not Affected","SSF_RL_500YR_CURR":"Not Affected","SSF_RL_500YR_2040_IL":"Low","SSF_RL_500YR_2040_INT":"Medium","SSF_RL_500YR_2070_IL":"Medium","SSF_RL_500YR_2070_INT":"Medium","RIF_RL_100YR_2020":"Not Affected","RIF_RL_100YR_2040":"Not Affected","RIF_RL_100YR_2070":"Not Affected","RIF_RL_500YR_2020":"Not Affected","RIF_RL_500YR_2040":"Not Affected","RIF_RL_500YR_2070":"Not Affected"}},{"type":"Feature","id":167,"geometry":{"type":"Point","coordinates":[-81.8719165520839,26.641110430311]},"properties":{"OBJECTID_1":167,"OBJECTID":167,"Name":"LEE COUNTY JUSTICE CENTER ANNEX","Address":"2020 DR MARTIN LUTHER KING JR BLVD","City":"FORT MYERS","Zip":"33901","COUNTY":"Lee","X":-81.87191655,"Y":26.64111043,"LONGLAT":"-81.87191655,26.64111043","USNG":"17R MK 13217 46982","OWNERSHIP":" ","PARCELID":" ","FACILITY_T":"LOCAL CORRECTIONAL INSTITUTION","Asset_Elevation":null,"Owned_Maintained":" ","Asset":"LOCAL CORRECTIONAL INSTITUTION","Asset_Sub_Type":null,"Asset_Type":"Correctional Facilities","Asset_Group":"Critical Community and Emergency Facilities","Asset_Relevancy":"Locally Significant","Asset_ID":"CF_PT_167","Municipality":"Fort Myers","Water_Management_District":"South Florida Water Management District","Souce_Dataset_Entity":"FDEM","Souce_Dataset_Name":"Correctional Facilities - FDEM","Source_Asset_ID":null,"Restricted_Public_Disclosure":null,"Notes":null,"Regional_Planning_Council":"Southwest Florida","FDEP_Regulatory_District":"South District","RCP_Region":"Southwest","FDOT_District":1,"House_District_Number":78,"Senate_District_Number":33,"CTF_RL_2020":"Not Affected","CTF_RL_2040_IL":"Not Affected","CTF_RL_2040_INT":"Not Affected","CTF_RL_2070_IL":"Not Affected","CTF_RL_2070_INT":"Not Affected","SSF_RL_100YR_CURR":"Not Affected","SSF_RL_100YR_2040_IL":"Not Affected","SSF_RL_100YR_2040_INT":"Not Affected","SSF_RL_100YR_2070_IL":"Not Affected","SSF_RL_100YR_2070_INT":"Not Affected","SSF_RL_500YR_CURR":"Not Affected","SSF_RL_500YR_2040_IL":"Low","SSF_RL_500YR_2040_INT":"Medium","SSF_RL_500YR_2070_IL":"Medium","SSF_RL_500YR_2070_INT":"Medium","RIF_RL_100YR_2020":"Not Affected","RIF_RL_100YR_2040":"Not Affected","RIF_RL_100YR_2070":"Not Affected","RIF_RL_500YR_2020":"Not Affected","RIF_RL_500YR_2040":"Not Affected","RIF_RL_500YR_2070":"Not Affected"}},{"type":"Feature","id":168,"geometry":{"type":"Point","coordinates":[-81.8092757981063,26.6341055036828]},"properties":{"OBJECTID_1":168,"OBJECTID":168,"Name":"FORT MYERS CORRECTIONAL CENTER","Address":"2501 ORTIZ AVE","City":"FORT MYERS","Zip":"33905","COUNTY":"Lee","X":-81.8092758,"Y":26.6341055,"LONGLAT":"-81.80927580,26.63410550","USNG":"17R MK 19447 46165","OWNERSHIP":"MUNICIPAL","PARCELID":"214425P1001000710","FACILITY_T":"LOCAL CORRECTIONAL INSTITUTION","Asset_Elevation":null,"Owned_Maintained":"MUNICIPAL","Asset":"LOCAL CORRECTIONAL INSTITUTION","Asset_Sub_Type":null,"Asset_Type":"Correctional Facilities","Asset_Group":"Critical Community and Emergency Facilities","Asset_Relevancy":"Locally Significant","Asset_ID":"CF_PT_168","Municipality":"Fort Myers","Water_Management_District":"South Florida Water Management District","Souce_Dataset_Entity":"FDEM","Souce_Dataset_Name":"Correctional Facilities - FDEM","Source_Asset_ID":null,"Restricted_Public_Disclosure":null,"Notes":null,"Regional_Planning_Council":"Southwest Florida","FDEP_Regulatory_District":"South District","RCP_Region":"Southwest","FDOT_District":1,"House_District_Number":78,"Senate_District_Number":33,"CTF_RL_2020":"Not Affected","CTF_RL_2040_IL":"Not Affected","CTF_RL_2040_INT":"Not Affected","CTF_RL_2070_IL":"Not Affected","CTF_RL_2070_INT":"Not Affected","SSF_RL_100YR_CURR":"Not Affected","SSF_RL_100YR_2040_IL":"Not Affected","SSF_RL_100YR_2040_INT":"Not Affected","SSF_RL_100YR_2070_IL":"Not Affected","SSF_RL_100YR_2070_INT":"Not Affected","SSF_RL_500YR_CURR":"Not Affected","SSF_RL_500YR_2040_IL":"Not Affected","SSF_RL_500YR_2040_INT":"Not Affected","SSF_RL_500YR_2070_IL":"Not Affected","SSF_RL_500YR_2070_INT":"Not Affected","RIF_RL_100YR_2020":"Not Affected","RIF_RL_100YR_2040":"Not Affected","RIF_RL_100YR_2070":"Not Affected","RIF_RL_500YR_2020":"Not Affected","RIF_RL_500YR_2040":"Not Affected","RIF_RL_500YR_2070":"Not Affected"}},{"type":"Feature","id":169,"geometry":{"type":"Point","coordinates":[-84.3353599780506,30.4377842332954]},"properties":{"OBJECTID_1":169,"OBJECTID":169,"Name":"LEON COUNTY DETENTION FACILITY/SHERIFF DEPT","Address":"535 APPLEYARD DR","City":"TALLAHASSEE","Zip":"32304","COUNTY":"Leon","X":-84.33535998,"Y":30.43778423,"LONGLAT":"-84.33535998,30.43778423","USNG":"16R GU 55908 70313","OWNERSHIP":"COUNTY","PARCELID":"2133208510000","FACILITY_T":"LOCAL CORRECTIONAL INSTITUTION","Asset_Elevation":null,"Owned_Maintained":"COUNTY","Asset":"LOCAL CORRECTIONAL INSTITUTION","Asset_Sub_Type":null,"Asset_Type":"Correctional Facilities","Asset_Group":"Critical Community and Emergency Facilities","Asset_Relevancy":"Locally Significant","Asset_ID":"CF_PT_169","Municipality":"Tallahassee","Water_Management_District":"Northwest Florida Water Management District","Souce_Dataset_Entity":"FDEM","Souce_Dataset_Name":"Correctional Facilities - FDEM","Source_Asset_ID":null,"Restricted_Public_Disclosure":null,"Notes":null,"Regional_Planning_Council":"Apalachee","FDEP_Regulatory_District":"Northwest District","RCP_Region":"Northwest","FDOT_District":3,"House_District_Number":8,"Senate_District_Number":3,"CTF_RL_2020":"Not Affected","CTF_RL_2040_IL":"Not Affected","CTF_RL_2040_INT":"Not Affected","CTF_RL_2070_IL":"Not Affected","CTF_RL_2070_INT":"Not Affected","SSF_RL_100YR_CURR":"Not Affected","SSF_RL_100YR_2040_IL":"Not Affected","SSF_RL_100YR_2040_INT":"Not Affected","SSF_RL_100YR_2070_IL":"Not Affected","SSF_RL_100YR_2070_INT":"Not Affected","SSF_RL_500YR_CURR":"Not Affected","SSF_RL_500YR_2040_IL":"Not Affected","SSF_RL_500YR_2040_INT":"Not Affected","SSF_RL_500YR_2070_IL":"Not Affected","SSF_RL_500YR_2070_INT":"Not Affected","RIF_RL_100YR_2020":"Not Affected","RIF_RL_100YR_2040":"Not Affected","RIF_RL_100YR_2070":"Not Affected","RIF_RL_500YR_2020":"Not Affected","RIF_RL_500YR_2040":"Not Affected","RIF_RL_500YR_2070":"Not Affected"}},{"type":"Feature","id":170,"geometry":{"type":"Point","coordinates":[-84.3048949556978,30.4103145787065]},"properties":{"OBJECTID_1":170,"OBJECTID":170,"Name":"TALLAHASSEE WORK RELEASE CENTER","Address":"2616A SPRINGHILL RD","City":"TALLAHASSEE","Zip":"32310","COUNTY":"Leon","X":-84.30489496,"Y":30.41031458,"LONGLAT":"-84.30489496,30.41031458","USNG":"16R GU 58907 67336","OWNERSHIP":"STATE OF FLORIDA TIITF","PARCELID":"4111209020000","FACILITY_T":"LOCAL CORRECTIONAL INSTITUTION","Asset_Elevation":null,"Owned_Maintained":"STATE OF FLORIDA TIITF","Asset":"LOCAL CORRECTIONAL INSTITUTION","Asset_Sub_Type":null,"Asset_Type":"Correctional Facilities","Asset_Group":"Critical Community and Emergency Facilities","Asset_Relevancy":"Locally Significant","Asset_ID":"CF_PT_170","Municipality":"Tallahassee","Water_Management_District":"Northwest Florida Water Management District","Souce_Dataset_Entity":"FDEM","Souce_Dataset_Name":"Correctional Facilities - FDEM","Source_Asset_ID":null,"Restricted_Public_Disclosure":null,"Notes":null,"Regional_Planning_Council":"Apalachee","FDEP_Regulatory_District":"Northwest District","RCP_Region":"Northwest","FDOT_District":3,"House_District_Number":8,"Senate_District_Number":3,"CTF_RL_2020":"Not Affected","CTF_RL_2040_IL":"Not Affected","CTF_RL_2040_INT":"Not Affected","CTF_RL_2070_IL":"Not Affected","CTF_RL_2070_INT":"Not Affected","SSF_RL_100YR_CURR":"Not Affected","SSF_RL_100YR_2040_IL":"Not Affected","SSF_RL_100YR_2040_INT":"Not Affected","SSF_RL_100YR_2070_IL":"Not Affected","SSF_RL_100YR_2070_INT":"Not Affected","SSF_RL_500YR_CURR":"Not Affected","SSF_RL_500YR_2040_IL":"Not Affected","SSF_RL_500YR_2040_INT":"Not Affected","SSF_RL_500YR_2070_IL":"Not Affected","SSF_RL_500YR_2070_INT":"Not Affected","RIF_RL_100YR_2020":"Not Affected","RIF_RL_100YR_2040":"Not Affected","RIF_RL_100YR_2070":"Not Affected","RIF_RL_500YR_2020":"Not Affected","RIF_RL_500YR_2040":"Not Affected","RIF_RL_500YR_2070":"Not Affected"}},{"type":"Feature","id":171,"geometry":{"type":"Point","coordinates":[-84.3389901338607,30.3973340048917]},"properties":{"OBJECTID_1":171,"OBJECTID":171,"Name":"SEMINOLE WORK & LEARN CENTER","Address":"3420 CAPITAL CIR SW","City":"TALLAHASSEE","Zip":"32310","COUNTY":"Leon","X":-84.33899013,"Y":30.39733401,"LONGLAT":"-84.33899013,30.39733401","USNG":"16R GU 55664 65819","OWNERSHIP":"STATE","PARCELID":"4116209020000","FACILITY_T":"LOCAL CORRECTIONAL INSTITUTION","Asset_Elevation":null,"Owned_Maintained":"STATE","Asset":"LOCAL CORRECTIONAL INSTITUTION","Asset_Sub_Type":null,"Asset_Type":"Correctional Facilities","Asset_Group":"Critical Community and Emergency Facilities","Asset_Relevancy":"Locally Significant","Asset_ID":"CF_PT_171","Municipality":"Tallahassee","Water_Management_District":"Northwest Florida Water Management District","Souce_Dataset_Entity":"FDEM","Souce_Dataset_Name":"Correctional Facilities - FDEM","Source_Asset_ID":null,"Restricted_Public_Disclosure":null,"Notes":null,"Regional_Planning_Council":"Apalachee","FDEP_Regulatory_District":"Northwest District","RCP_Region":"Northwest","FDOT_District":3,"House_District_Number":8,"Senate_District_Number":3,"CTF_RL_2020":"Not Affected","CTF_RL_2040_IL":"Not Affected","CTF_RL_2040_INT":"Not Affected","CTF_RL_2070_IL":"Not Affected","CTF_RL_2070_INT":"Not Affected","SSF_RL_100YR_CURR":"Not Affected","SSF_RL_100YR_2040_IL":"Not Affected","SSF_RL_100YR_2040_INT":"Not Affected","SSF_RL_100YR_2070_IL":"Not Affected","SSF_RL_100YR_2070_INT":"Not Affected","SSF_RL_500YR_CURR":"Not Affected","SSF_RL_500YR_2040_IL":"Not Affected","SSF_RL_500YR_2040_INT":"Not Affected","SSF_RL_500YR_2070_IL":"Not Affected","SSF_RL_500YR_2070_INT":"Not Affected","RIF_RL_100YR_2020":"Not Affected","RIF_RL_100YR_2040":"Not Affected","RIF_RL_100YR_2070":"Not Affected","RIF_RL_500YR_2020":"Not Affected","RIF_RL_500YR_2040":"Not Affected","RIF_RL_500YR_2070":"Not Affected"}},{"type":"Feature","id":172,"geometry":{"type":"Point","coordinates":[-84.2864800463593,30.4460987946639]},"properties":{"OBJECTID_1":172,"OBJECTID":172,"Name":"SHISHA HOUSE - WEST","Address":"418 W VIRGINIA ST","City":"TALLAHASSEE","Zip":"32301","COUNTY":"Leon","X":-84.28648005,"Y":30.4460988,"LONGLAT":"-84.28648005,30.44609880","USNG":"16R GU 60582 71346","OWNERSHIP":" ","PARCELID":"2136500135300","FACILITY_T":"LOCAL CORRECTIONAL INSTITUTION","Asset_Elevation":null,"Owned_Maintained":" ","Asset":"LOCAL CORRECTIONAL INSTITUTION","Asset_Sub_Type":null,"Asset_Type":"Correctional Facilities","Asset_Group":"Critical Community and Emergency Facilities","Asset_Relevancy":"Locally Significant","Asset_ID":"CF_PT_172","Municipality":"Tallahassee","Water_Management_District":"Northwest Florida Water Management District","Souce_Dataset_Entity":"FDEM","Souce_Dataset_Name":"Correctional Facilities - FDEM","Source_Asset_ID":null,"Restricted_Public_Disclosure":null,"Notes":null,"Regional_Planning_Council":"Apalachee","FDEP_Regulatory_District":"Northwest District","RCP_Region":"Northwest","FDOT_District":3,"House_District_Number":8,"Senate_District_Number":3,"CTF_RL_2020":"Not Affected","CTF_RL_2040_IL":"Not Affected","CTF_RL_2040_INT":"Not Affected","CTF_RL_2070_IL":"Not Affected","CTF_RL_2070_INT":"Not Affected","SSF_RL_100YR_CURR":"Not Affected","SSF_RL_100YR_2040_IL":"Not Affected","SSF_RL_100YR_2040_INT":"Not Affected","SSF_RL_100YR_2070_IL":"Not Affected","SSF_RL_100YR_2070_INT":"Not Affected","SSF_RL_500YR_CURR":"Not Affected","SSF_RL_500YR_2040_IL":"Not Affected","SSF_RL_500YR_2040_INT":"Not Affected","SSF_RL_500YR_2070_IL":"Not Affected","SSF_RL_500YR_2070_INT":"Not Affected","RIF_RL_100YR_2020":"Not Affected","RIF_RL_100YR_2040":"Not Affected","RIF_RL_100YR_2070":"Not Affected","RIF_RL_500YR_2020":"Not Affected","RIF_RL_500YR_2040":"Not Affected","RIF_RL_500YR_2070":"Not Affected"}},{"type":"Feature","id":173,"geometry":{"type":"Point","coordinates":[-84.3043298454759,30.4116389164986]},"properties":{"OBJECTID_1":173,"OBJECTID":173,"Name":"TALLAHASSEE ROAD PRISON","Address":"2628 SPRINGHILL RD","City":"TALLAHASSEE","Zip":"32310","COUNTY":"Leon","X":-84.30432985,"Y":30.41163892,"LONGLAT":"-84.30432985,30.41163892","USNG":"16R GU 58958 67484","OWNERSHIP":" ","PARCELID":"4111206040000","FACILITY_T":"LOCAL CORRECTIONAL INSTITUTION","Asset_Elevation":null,"Owned_Maintained":" ","Asset":"LOCAL CORRECTIONAL INSTITUTION","Asset_Sub_Type":null,"Asset_Type":"Correctional Facilities","Asset_Group":"Critical Community and Emergency Facilities","Asset_Relevancy":"Locally Significant","Asset_ID":"CF_PT_173","Municipality":"Tallahassee","Water_Management_District":"Northwest Florida Water Management District","Souce_Dataset_Entity":"FDEM","Souce_Dataset_Name":"Correctional Facilities - FDEM","Source_Asset_ID":null,"Restricted_Public_Disclosure":null,"Notes":null,"Regional_Planning_Council":"Apalachee","FDEP_Regulatory_District":"Northwest District","RCP_Region":"Northwest","FDOT_District":3,"House_District_Number":8,"Senate_District_Number":3,"CTF_RL_2020":"Not Affected","CTF_RL_2040_IL":"Not Affected","CTF_RL_2040_INT":"Not Affected","CTF_RL_2070_IL":"Not Affected","CTF_RL_2070_INT":"Not Affected","SSF_RL_100YR_CURR":"Not Affected","SSF_RL_100YR_2040_IL":"Not Affected","SSF_RL_100YR_2040_INT":"Not Affected","SSF_RL_100YR_2070_IL":"Not Affected","SSF_RL_100YR_2070_INT":"Not Affected","SSF_RL_500YR_CURR":"Not Affected","SSF_RL_500YR_2040_IL":"Not Affected","SSF_RL_500YR_2040_INT":"Not Affected","SSF_RL_500YR_2070_IL":"Not Affected","SSF_RL_500YR_2070_INT":"Not Affected","RIF_RL_100YR_2020":"Medium","RIF_RL_100YR_2040":"Medium","RIF_RL_100YR_2070":"Medium","RIF_RL_500YR_2020":"Medium","RIF_RL_500YR_2040":"High","RIF_RL_500YR_2070":"High"}},{"type":"Feature","id":174,"geometry":{"type":"Point","coordinates":[-84.3382429574736,30.4156448614646]},"properties":{"OBJECTID_1":174,"OBJECTID":174,"Name":"LEON COUNTY REGIONAL JUVENILE DETENTION CENTER","Address":"2303 RONELLIS DR","City":"TALLAHASSEE","Zip":"32310","COUNTY":"Leon","X":-84.33824296,"Y":30.41564486,"LONGLAT":"-84.33824296,30.41564486","USNG":"16R GU 55688 67851","OWNERSHIP":"COUNTY","PARCELID":"4109208530000","FACILITY_T":"JUVENILE CORRECTIONAL INSTITUTION","Asset_Elevation":null,"Owned_Maintained":"COUNTY","Asset":"JUVENILE CORRECTIONAL INSTITUTION","Asset_Sub_Type":null,"Asset_Type":"Correctional Facilities","Asset_Group":"Critical Community and Emergency Facilities","Asset_Relevancy":"Locally Significant","Asset_ID":"CF_PT_174","Municipality":"Tallahassee","Water_Management_District":"Northwest Florida Water Management District","Souce_Dataset_Entity":"FDEM","Souce_Dataset_Name":"Correctional Facilities - FDEM","Source_Asset_ID":null,"Restricted_Public_Disclosure":null,"Notes":null,"Regional_Planning_Council":"Apalachee","FDEP_Regulatory_District":"Northwest District","RCP_Region":"Northwest","FDOT_District":3,"House_District_Number":8,"Senate_District_Number":3,"CTF_RL_2020":"Not Affected","CTF_RL_2040_IL":"Not Affected","CTF_RL_2040_INT":"Not Affected","CTF_RL_2070_IL":"Not Affected","CTF_RL_2070_INT":"Not Affected","SSF_RL_100YR_CURR":"Not Affected","SSF_RL_100YR_2040_IL":"Not Affected","SSF_RL_100YR_2040_INT":"Not Affected","SSF_RL_100YR_2070_IL":"Not Affected","SSF_RL_100YR_2070_INT":"Not Affected","SSF_RL_500YR_CURR":"Not Affected","SSF_RL_500YR_2040_IL":"Not Affected","SSF_RL_500YR_2040_INT":"Not Affected","SSF_RL_500YR_2070_IL":"Not Affected","SSF_RL_500YR_2070_INT":"Not Affected","RIF_RL_100YR_2020":"Not Affected","RIF_RL_100YR_2040":"Not Affected","RIF_RL_100YR_2070":"Not Affected","RIF_RL_500YR_2020":"Not Affected","RIF_RL_500YR_2040":"Not Affected","RIF_RL_500YR_2070":"Not Affected"}},{"type":"Feature","id":175,"geometry":{"type":"Point","coordinates":[-84.2241458239398,30.4432975418507]},"properties":{"OBJECTID_1":175,"OBJECTID":175,"Name":"TALLAHASSEE FEDERAL CORRECTIONAL INSTITUTION","Address":"501 CAPITAL CIR NE","City":"TALLAHASSEE","Zip":"32311","COUNTY":"Leon","X":-84.22414582,"Y":30.44329754,"LONGLAT":"-84.22414582,30.44329754","USNG":"16R GU 66577 71181","OWNERSHIP":"FEDERAL","PARCELID":"1134209810000","FACILITY_T":"FEDERAL CORRECTIONAL INSTITUTION","Asset_Elevation":null,"Owned_Maintained":"FEDERAL","Asset":"FEDERAL CORRECTIONAL INSTITUTION","Asset_Sub_Type":null,"Asset_Type":"Correctional Facilities","Asset_Group":"Critical Community and Emergency Facilities","Asset_Relevancy":"Locally Significant","Asset_ID":"CF_PT_175","Municipality":"Tallahassee","Water_Management_District":"Northwest Florida Water Management District","Souce_Dataset_Entity":"FDEM","Souce_Dataset_Name":"Correctional Facilities - FDEM","Source_Asset_ID":null,"Restricted_Public_Disclosure":null,"Notes":null,"Regional_Planning_Council":"Apalachee","FDEP_Regulatory_District":"Northwest District","RCP_Region":"Northwest","FDOT_District":3,"House_District_Number":9,"Senate_District_Number":3,"CTF_RL_2020":"Not Affected","CTF_RL_2040_IL":"Not Affected","CTF_RL_2040_INT":"Not Affected","CTF_RL_2070_IL":"Not Affected","CTF_RL_2070_INT":"Not Affected","SSF_RL_100YR_CURR":"Not Affected","SSF_RL_100YR_2040_IL":"Not Affected","SSF_RL_100YR_2040_INT":"Not Affected","SSF_RL_100YR_2070_IL":"Not Affected","SSF_RL_100YR_2070_INT":"Not Affected","SSF_RL_500YR_CURR":"Not Affected","SSF_RL_500YR_2040_IL":"Not Affected","SSF_RL_500YR_2040_INT":"Not Affected","SSF_RL_500YR_2070_IL":"Not Affected","SSF_RL_500YR_2070_INT":"Not Affected","RIF_RL_100YR_2020":"Not Affected","RIF_RL_100YR_2040":"Not Affected","RIF_RL_100YR_2070":"Not Affected","RIF_RL_500YR_2020":"Not Affected","RIF_RL_500YR_2040":"Not Affected","RIF_RL_500YR_2070":"Not Affected"}},{"type":"Feature","id":176,"geometry":{"type":"Point","coordinates":[-82.5842951911583,29.1257387441945]},"properties":{"OBJECTID_1":176,"OBJECTID":176,"Name":"FORESTRY YOUTH ACADEMY","Address":"14251 SE GLASS RD","City":"INGLIS","Zip":"34449","COUNTY":"Levy","X":-82.58429519,"Y":29.12573874,"LONGLAT":"-82.58429519,29.12573874","USNG":"17R LN 45866 22953","OWNERSHIP":"STATE","PARCELID":"0383500000","FACILITY_T":"JUVENILE CORRECTIONAL INSTITUTION","Asset_Elevation":null,"Owned_Maintained":"STATE","Asset":"JUVENILE CORRECTIONAL INSTITUTION","Asset_Sub_Type":null,"Asset_Type":"Correctional Facilities","Asset_Group":"Critical Community and Emergency Facilities","Asset_Relevancy":"Locally Significant","Asset_ID":"CF_PT_176","Municipality":null,"Water_Management_District":"Southwest Florida Water Management District","Souce_Dataset_Entity":"FDEM","Souce_Dataset_Name":"Correctional Facilities - FDEM","Source_Asset_ID":null,"Restricted_Public_Disclosure":null,"Notes":null,"Regional_Planning_Council":"North Central Florida","FDEP_Regulatory_District":"Northeast District","RCP_Region":"Northwest","FDOT_District":2,"House_District_Number":22,"Senate_District_Number":9,"CTF_RL_2020":"Not Affected","CTF_RL_2040_IL":"Not Affected","CTF_RL_2040_INT":"Not Affected","CTF_RL_2070_IL":"Not Affected","CTF_RL_2070_INT":"Not Affected","SSF_RL_100YR_CURR":"Not Affected","SSF_RL_100YR_2040_IL":"Not Affected","SSF_RL_100YR_2040_INT":"Not Affected","SSF_RL_100YR_2070_IL":"Not Affected","SSF_RL_100YR_2070_INT":"Not Affected","SSF_RL_500YR_CURR":"Not Affected","SSF_RL_500YR_2040_IL":"Not Affected","SSF_RL_500YR_2040_INT":"Not Affected","SSF_RL_500YR_2070_IL":"Not Affected","SSF_RL_500YR_2070_INT":"Not Affected","RIF_RL_100YR_2020":"Not Affected","RIF_RL_100YR_2040":"Not Affected","RIF_RL_100YR_2070":"Not Affected","RIF_RL_500YR_2020":"Not Affected","RIF_RL_500YR_2040":"Not Affected","RIF_RL_500YR_2070":"Not Affected"}},{"type":"Feature","id":177,"geometry":{"type":"Point","coordinates":[-82.6354239111529,29.3486113775845]},"properties":{"OBJECTID_1":177,"OBJECTID":177,"Name":"LEVY FORESTRY CAMP","Address":"1251 NE COUNTY ROAD 343","City":"BRONSON","Zip":"32621","COUNTY":"Levy","X":-82.63542391,"Y":29.34861138,"LONGLAT":"-82.63542391,29.34861138","USNG":"17R LN 41235 47720","OWNERSHIP":" ","PARCELID":"0365200100","FACILITY_T":"LOCAL CORRECTIONAL INSTITUTION","Asset_Elevation":null,"Owned_Maintained":" ","Asset":"LOCAL CORRECTIONAL INSTITUTION","Asset_Sub_Type":null,"Asset_Type":"Correctional Facilities","Asset_Group":"Critical Community and Emergency Facilities","Asset_Relevancy":"Locally Significant","Asset_ID":"CF_PT_177","Municipality":null,"Water_Management_District":"Suwannee River Water Management District","Souce_Dataset_Entity":"FDEM","Souce_Dataset_Name":"Correctional Facilities - FDEM","Source_Asset_ID":null,"Restricted_Public_Disclosure":null,"Notes":null,"Regional_Planning_Council":"North Central Florida","FDEP_Regulatory_District":"Northeast District","RCP_Region":"Northwest","FDOT_District":2,"House_District_Number":22,"Senate_District_Number":9,"CTF_RL_2020":"Not Affected","CTF_RL_2040_IL":"Not Affected","CTF_RL_2040_INT":"Not Affected","CTF_RL_2070_IL":"Not Affected","CTF_RL_2070_INT":"Not Affected","SSF_RL_100YR_CURR":"Not Affected","SSF_RL_100YR_2040_IL":"Not Affected","SSF_RL_100YR_2040_INT":"Not Affected","SSF_RL_100YR_2070_IL":"Not Affected","SSF_RL_100YR_2070_INT":"Not Affected","SSF_RL_500YR_CURR":"Not Affected","SSF_RL_500YR_2040_IL":"Not Affected","SSF_RL_500YR_2040_INT":"Not Affected","SSF_RL_500YR_2070_IL":"Not Affected","SSF_RL_500YR_2070_INT":"Not Affected","RIF_RL_100YR_2020":"Not Affected","RIF_RL_100YR_2040":"Not Affected","RIF_RL_100YR_2070":"Not Affected","RIF_RL_500YR_2020":"Not Affected","RIF_RL_500YR_2040":"Not Affected","RIF_RL_500YR_2070":"Not Affected"}},{"type":"Feature","id":178,"geometry":{"type":"Point","coordinates":[-82.6406989365665,29.4653130062056]},"properties":{"OBJECTID_1":178,"OBJECTID":178,"Name":"LEVY COUNTY JAIL/SHERIFF DEPT","Address":"9150 NE 80TH AVE","City":"BRONSON","Zip":"32621","COUNTY":"Levy","X":-82.64069894,"Y":29.46531301,"LONGLAT":"-82.64069894,29.46531301","USNG":"17R LN 40905 60660","OWNERSHIP":"COUNTY","PARCELID":"0329300200","FACILITY_T":"LOCAL CORRECTIONAL INSTITUTION","Asset_Elevation":null,"Owned_Maintained":"COUNTY","Asset":"LOCAL CORRECTIONAL INSTITUTION","Asset_Sub_Type":null,"Asset_Type":"Correctional Facilities","Asset_Group":"Critical Community and Emergency Facilities","Asset_Relevancy":"Locally Significant","Asset_ID":"CF_PT_178","Municipality":null,"Water_Management_District":"Suwannee River Water Management District","Souce_Dataset_Entity":"FDEM","Souce_Dataset_Name":"Correctional Facilities - FDEM","Source_Asset_ID":null,"Restricted_Public_Disclosure":null,"Notes":null,"Regional_Planning_Council":"North Central Florida","FDEP_Regulatory_District":"Northeast District","RCP_Region":"Northwest","FDOT_District":2,"House_District_Number":22,"Senate_District_Number":9,"CTF_RL_2020":"Not Affected","CTF_RL_2040_IL":"Not Affected","CTF_RL_2040_INT":"Not Affected","CTF_RL_2070_IL":"Not Affected","CTF_RL_2070_INT":"Not Affected","SSF_RL_100YR_CURR":"Not Affected","SSF_RL_100YR_2040_IL":"Not Affected","SSF_RL_100YR_2040_INT":"Not Affected","SSF_RL_100YR_2070_IL":"Not Affected","SSF_RL_100YR_2070_INT":"Not Affected","SSF_RL_500YR_CURR":"Not Affected","SSF_RL_500YR_2040_IL":"Not Affected","SSF_RL_500YR_2040_INT":"Not Affected","SSF_RL_500YR_2070_IL":"Not Affected","SSF_RL_500YR_2070_INT":"Not Affected","RIF_RL_100YR_2020":"Not Affected","RIF_RL_100YR_2040":"Not Affected","RIF_RL_100YR_2070":"Not Affected","RIF_RL_500YR_2020":"Not Affected","RIF_RL_500YR_2040":"Not Affected","RIF_RL_500YR_2070":"Not Affected"}},{"type":"Feature","id":179,"geometry":{"type":"Point","coordinates":[-84.8661906544522,30.4681838381522]},"properties":{"OBJECTID_1":179,"OBJECTID":179,"Name":"LIBERTY WORK CAMP","Address":"11064 NW DEMPSEY BARRON RD","City":"BRISTOL","Zip":"32321","COUNTY":"Liberty","X":-84.86619065,"Y":30.46818384,"LONGLAT":"-84.86619065,30.46818384","USNG":"16R GU 04851 72600","OWNERSHIP":" ","PARCELID":"019-1N-6W-00344 001","FACILITY_T":"LOCAL CORRECTIONAL INSTITUTION","Asset_Elevation":null,"Owned_Maintained":" ","Asset":"LOCAL CORRECTIONAL INSTITUTION","Asset_Sub_Type":null,"Asset_Type":"Correctional Facilities","Asset_Group":"Critical Community and Emergency Facilities","Asset_Relevancy":"Locally Significant","Asset_ID":"CF_PT_179","Municipality":null,"Water_Management_District":"Northwest Florida Water Management District","Souce_Dataset_Entity":"FDEM","Souce_Dataset_Name":"Correctional Facilities - FDEM","Source_Asset_ID":null,"Restricted_Public_Disclosure":null,"Notes":null,"Regional_Planning_Council":"Apalachee","FDEP_Regulatory_District":"Northwest District","RCP_Region":"Northwest","FDOT_District":3,"House_District_Number":7,"Senate_District_Number":3,"CTF_RL_2020":"Not Affected","CTF_RL_2040_IL":"Not Affected","CTF_RL_2040_INT":"Not Affected","CTF_RL_2070_IL":"Not Affected","CTF_RL_2070_INT":"Not Affected","SSF_RL_100YR_CURR":"Not Affected","SSF_RL_100YR_2040_IL":"Not Affected","SSF_RL_100YR_2040_INT":"Not Affected","SSF_RL_100YR_2070_IL":"Not Affected","SSF_RL_100YR_2070_INT":"Not Affected","SSF_RL_500YR_CURR":"Not Affected","SSF_RL_500YR_2040_IL":"Not Affected","SSF_RL_500YR_2040_INT":"Not Affected","SSF_RL_500YR_2070_IL":"Not Affected","SSF_RL_500YR_2070_INT":"Not Affected","RIF_RL_100YR_2020":"Not Affected","RIF_RL_100YR_2040":"Not Affected","RIF_RL_100YR_2070":"Not Affected","RIF_RL_500YR_2020":"Not Affected","RIF_RL_500YR_2040":"Not Affected","RIF_RL_500YR_2070":"Not Affected"}},{"type":"Feature","id":180,"geometry":{"type":"Point","coordinates":[-84.8618476248103,30.4660107790493]},"properties":{"OBJECTID_1":180,"OBJECTID":180,"Name":"LIBERTY CORRECTIONAL INSTITUTION","Address":"11064 NW DEMPSEY BARRON RD","City":"BRISTOL","Zip":"32321","COUNTY":"Liberty","X":-84.86184763,"Y":30.46601078,"LONGLAT":"-84.86184763,30.46601078","USNG":"16R GU 05272 72367","OWNERSHIP":" ","PARCELID":"019-1N-6W-00344 001","FACILITY_T":"LOCAL CORRECTIONAL INSTITUTION","Asset_Elevation":null,"Owned_Maintained":" ","Asset":"LOCAL CORRECTIONAL INSTITUTION","Asset_Sub_Type":null,"Asset_Type":"Correctional Facilities","Asset_Group":"Critical Community and Emergency Facilities","Asset_Relevancy":"Locally Significant","Asset_ID":"CF_PT_180","Municipality":null,"Water_Management_District":"Northwest Florida Water Management District","Souce_Dataset_Entity":"FDEM","Souce_Dataset_Name":"Correctional Facilities - FDEM","Source_Asset_ID":null,"Restricted_Public_Disclosure":null,"Notes":null,"Regional_Planning_Council":"Apalachee","FDEP_Regulatory_District":"Northwest District","RCP_Region":"Northwest","FDOT_District":3,"House_District_Number":7,"Senate_District_Number":3,"CTF_RL_2020":"Not Affected","CTF_RL_2040_IL":"Not Affected","CTF_RL_2040_INT":"Not Affected","CTF_RL_2070_IL":"Not Affected","CTF_RL_2070_INT":"Not Affected","SSF_RL_100YR_CURR":"Not Affected","SSF_RL_100YR_2040_IL":"Not Affected","SSF_RL_100YR_2040_INT":"Not Affected","SSF_RL_100YR_2070_IL":"Not Affected","SSF_RL_100YR_2070_INT":"Not Affected","SSF_RL_500YR_CURR":"Not Affected","SSF_RL_500YR_2040_IL":"Not Affected","SSF_RL_500YR_2040_INT":"Not Affected","SSF_RL_500YR_2070_IL":"Not Affected","SSF_RL_500YR_2070_INT":"Not Affected","RIF_RL_100YR_2020":"Not Affected","RIF_RL_100YR_2040":"Not Affected","RIF_RL_100YR_2070":"Not Affected","RIF_RL_500YR_2020":"Not Affected","RIF_RL_500YR_2040":"Not Affected","RIF_RL_500YR_2070":"Not Affected"}},{"type":"Feature","id":181,"geometry":{"type":"Point","coordinates":[-84.939915618178,30.1846299041732]},"properties":{"OBJECTID_1":181,"OBJECTID":181,"Name":"FLORIDA DOJJ NORTH REGION - J.U.S.T. PROGRAM","Address":"STATE ROAD 65","City":"BRISTOL","Zip":"32321","COUNTY":"Liberty","X":-84.93991562,"Y":30.18462991,"LONGLAT":"-84.93991562,30.18462991","USNG":"16R FU 98342 41037","OWNERSHIP":"STATE","PARCELID":"028-3S-7W-02087 000","FACILITY_T":"JUVENILE CORRECTIONAL INSTITUTION","Asset_Elevation":null,"Owned_Maintained":"STATE","Asset":"JUVENILE CORRECTIONAL INSTITUTION","Asset_Sub_Type":null,"Asset_Type":"Correctional Facilities","Asset_Group":"Critical Community and Emergency Facilities","Asset_Relevancy":"Locally Significant","Asset_ID":"CF_PT_181","Municipality":null,"Water_Management_District":"Northwest Florida Water Management District","Souce_Dataset_Entity":"FDEM","Souce_Dataset_Name":"Correctional Facilities - FDEM","Source_Asset_ID":null,"Restricted_Public_Disclosure":null,"Notes":null,"Regional_Planning_Council":"Apalachee","FDEP_Regulatory_District":"Northwest District","RCP_Region":"Northwest","FDOT_District":3,"House_District_Number":7,"Senate_District_Number":3,"CTF_RL_2020":"Not Affected","CTF_RL_2040_IL":"Not Affected","CTF_RL_2040_INT":"Not Affected","CTF_RL_2070_IL":"Not Affected","CTF_RL_2070_INT":"Not Affected","SSF_RL_100YR_CURR":"Not Affected","SSF_RL_100YR_2040_IL":"Not Affected","SSF_RL_100YR_2040_INT":"Not Affected","SSF_RL_100YR_2070_IL":"Not Affected","SSF_RL_100YR_2070_INT":"Not Affected","SSF_RL_500YR_CURR":"Not Affected","SSF_RL_500YR_2040_IL":"Not Affected","SSF_RL_500YR_2040_INT":"Not Affected","SSF_RL_500YR_2070_IL":"Not Affected","SSF_RL_500YR_2070_INT":"Not Affected","RIF_RL_100YR_2020":"Not Affected","RIF_RL_100YR_2040":"Not Affected","RIF_RL_100YR_2070":"Not Affected","RIF_RL_500YR_2020":"Not Affected","RIF_RL_500YR_2040":"Not Affected","RIF_RL_500YR_2070":"Not Affected"}},{"type":"Feature","id":182,"geometry":{"type":"Point","coordinates":[-83.61650961198,30.4541981959634]},"properties":{"OBJECTID_1":182,"OBJECTID":182,"Name":"JOANN BRIDGE ACADEMY","Address":"950 SW GREENVILLE HILLS RD","City":"GREENVILLE","Zip":"32331","COUNTY":"Madison","X":-83.61650961,"Y":30.4541982,"LONGLAT":"-83.61650961,30.45419820","USNG":"17R KP 48758 72024","OWNERSHIP":" ","PARCELID":"27-1N-07-2534-002-000","FACILITY_T":"CORRECTIONAL FACILITY","Asset_Elevation":null,"Owned_Maintained":" ","Asset":"CORRECTIONAL FACILITY","Asset_Sub_Type":null,"Asset_Type":"Correctional Facilities","Asset_Group":"Critical Community and Emergency Facilities","Asset_Relevancy":"Locally Significant","Asset_ID":"CF_PT_182","Municipality":null,"Water_Management_District":"Suwannee River Water Management District","Souce_Dataset_Entity":"FDEM","Souce_Dataset_Name":"Correctional Facilities - FDEM","Source_Asset_ID":null,"Restricted_Public_Disclosure":null,"Notes":null,"Regional_Planning_Council":"North Central Florida","FDEP_Regulatory_District":"Northeast District","RCP_Region":"Northwest","FDOT_District":2,"House_District_Number":9,"Senate_District_Number":3,"CTF_RL_2020":"Not Affected","CTF_RL_2040_IL":"Not Affected","CTF_RL_2040_INT":"Not Affected","CTF_RL_2070_IL":"Not Affected","CTF_RL_2070_INT":"Not Affected","SSF_RL_100YR_CURR":"Not Affected","SSF_RL_100YR_2040_IL":"Not Affected","SSF_RL_100YR_2040_INT":"Not Affected","SSF_RL_100YR_2070_IL":"Not Affected","SSF_RL_100YR_2070_INT":"Not Affected","SSF_RL_500YR_CURR":"Not Affected","SSF_RL_500YR_2040_IL":"Not Affected","SSF_RL_500YR_2040_INT":"Not Affected","SSF_RL_500YR_2070_IL":"Not Affected","SSF_RL_500YR_2070_INT":"Not Affected","RIF_RL_100YR_2020":"Not Affected","RIF_RL_100YR_2040":"Not Affected","RIF_RL_100YR_2070":"Not Affected","RIF_RL_500YR_2020":"Not Affected","RIF_RL_500YR_2040":"Not Affected","RIF_RL_500YR_2070":"Not Affected"}},{"type":"Feature","id":183,"geometry":{"type":"Point","coordinates":[-83.6176351631317,30.4508136642941]},"properties":{"OBJECTID_1":183,"OBJECTID":183,"Name":"GREENVILLE HILLS ACADEMY","Address":"742 SW GREENVILLE HILLS RD","City":"GREENVILLE","Zip":"32331","COUNTY":"Madison","X":-83.61763516,"Y":30.45081367,"LONGLAT":"-83.61763516,30.45081367","USNG":"17R KP 48641 71652","OWNERSHIP":" ","PARCELID":"18-1N-07-1903-001-000","FACILITY_T":"CORRECTIONAL FACILITY","Asset_Elevation":null,"Owned_Maintained":" ","Asset":"CORRECTIONAL FACILITY","Asset_Sub_Type":null,"Asset_Type":"Correctional Facilities","Asset_Group":"Critical Community and Emergency Facilities","Asset_Relevancy":"Locally Significant","Asset_ID":"CF_PT_183","Municipality":null,"Water_Management_District":"Suwannee River Water Management District","Souce_Dataset_Entity":"FDEM","Souce_Dataset_Name":"Correctional Facilities - FDEM","Source_Asset_ID":null,"Restricted_Public_Disclosure":null,"Notes":null,"Regional_Planning_Council":"North Central Florida","FDEP_Regulatory_District":"Northeast District","RCP_Region":"Northwest","FDOT_District":2,"House_District_Number":9,"Senate_District_Number":3,"CTF_RL_2020":"Not Affected","CTF_RL_2040_IL":"Not Affected","CTF_RL_2040_INT":"Not Affected","CTF_RL_2070_IL":"Not Affected","CTF_RL_2070_INT":"Not Affected","SSF_RL_100YR_CURR":"Not Affected","SSF_RL_100YR_2040_IL":"Not Affected","SSF_RL_100YR_2040_INT":"Not Affected","SSF_RL_100YR_2070_IL":"Not Affected","SSF_RL_100YR_2070_INT":"Not Affected","SSF_RL_500YR_CURR":"Not Affected","SSF_RL_500YR_2040_IL":"Not Affected","SSF_RL_500YR_2040_INT":"Not Affected","SSF_RL_500YR_2070_IL":"Not Affected","SSF_RL_500YR_2070_INT":"Not Affected","RIF_RL_100YR_2020":"Not Affected","RIF_RL_100YR_2040":"Not Affected","RIF_RL_100YR_2070":"Not Affected","RIF_RL_500YR_2020":"Not Affected","RIF_RL_500YR_2040":"Not Affected","RIF_RL_500YR_2070":"Not Affected"}},{"type":"Feature","id":184,"geometry":{"type":"Point","coordinates":[-83.4230186072525,30.4443731490556]},"properties":{"OBJECTID_1":184,"OBJECTID":184,"Name":"MADISON WORK CAMP","Address":"382 SW MCI WAY","City":"MADISON","Zip":"32340","COUNTY":"Madison","X":-83.42301861,"Y":30.44437315,"LONGLAT":"-83.42301861,30.44437315","USNG":"17R KP 67319 70521","OWNERSHIP":" ","PARCELID":"33-1N-09-5134-00A-000","FACILITY_T":"LOCAL CORRECTIONAL INSTITUTION","Asset_Elevation":null,"Owned_Maintained":" ","Asset":"LOCAL CORRECTIONAL INSTITUTION","Asset_Sub_Type":null,"Asset_Type":"Correctional Facilities","Asset_Group":"Critical Community and Emergency Facilities","Asset_Relevancy":"Locally Significant","Asset_ID":"CF_PT_184","Municipality":null,"Water_Management_District":"Suwannee River Water Management District","Souce_Dataset_Entity":"FDEM","Souce_Dataset_Name":"Correctional Facilities - FDEM","Source_Asset_ID":null,"Restricted_Public_Disclosure":null,"Notes":null,"Regional_Planning_Council":"North Central Florida","FDEP_Regulatory_District":"Northeast District","RCP_Region":"Northwest","FDOT_District":2,"House_District_Number":9,"Senate_District_Number":3,"CTF_RL_2020":"Not Affected","CTF_RL_2040_IL":"Not Affected","CTF_RL_2040_INT":"Not Affected","CTF_RL_2070_IL":"Not Affected","CTF_RL_2070_INT":"Not Affected","SSF_RL_100YR_CURR":"Not Affected","SSF_RL_100YR_2040_IL":"Not Affected","SSF_RL_100YR_2040_INT":"Not Affected","SSF_RL_100YR_2070_IL":"Not Affected","SSF_RL_100YR_2070_INT":"Not Affected","SSF_RL_500YR_CURR":"Not Affected","SSF_RL_500YR_2040_IL":"Not Affected","SSF_RL_500YR_2040_INT":"Not Affected","SSF_RL_500YR_2070_IL":"Not Affected","SSF_RL_500YR_2070_INT":"Not Affected","RIF_RL_100YR_2020":"Not Affected","RIF_RL_100YR_2040":"Not Affected","RIF_RL_100YR_2070":"Not Affected","RIF_RL_500YR_2020":"Not Affected","RIF_RL_500YR_2040":"Not Affected","RIF_RL_500YR_2070":"Not Affected"}},{"type":"Feature","id":185,"geometry":{"type":"Point","coordinates":[-83.4213882392983,30.4407008546032]},"properties":{"OBJECTID_1":185,"OBJECTID":185,"Name":"MADISON CORRECTIONAL INSTITUTION","Address":"382 SW MCI WAY","City":"MADISON","Zip":"32340","COUNTY":"Madison","X":-83.42138824,"Y":30.44070086,"LONGLAT":"-83.42138824,30.44070086","USNG":"17R KP 67467 70110","OWNERSHIP":" ","PARCELID":"33-1N-09-5134-00A-000","FACILITY_T":"LOCAL CORRECTIONAL INSTITUTION","Asset_Elevation":null,"Owned_Maintained":" ","Asset":"LOCAL CORRECTIONAL INSTITUTION","Asset_Sub_Type":null,"Asset_Type":"Correctional Facilities","Asset_Group":"Critical Community and Emergency Facilities","Asset_Relevancy":"Locally Significant","Asset_ID":"CF_PT_185","Municipality":null,"Water_Management_District":"Suwannee River Water Management District","Souce_Dataset_Entity":"FDEM","Souce_Dataset_Name":"Correctional Facilities - FDEM","Source_Asset_ID":null,"Restricted_Public_Disclosure":null,"Notes":null,"Regional_Planning_Council":"North Central Florida","FDEP_Regulatory_District":"Northeast District","RCP_Region":"Northwest","FDOT_District":2,"House_District_Number":9,"Senate_District_Number":3,"CTF_RL_2020":"Not Affected","CTF_RL_2040_IL":"Not Affected","CTF_RL_2040_INT":"Not Affected","CTF_RL_2070_IL":"Not Affected","CTF_RL_2070_INT":"Not Affected","SSF_RL_100YR_CURR":"Not Affected","SSF_RL_100YR_2040_IL":"Not Affected","SSF_RL_100YR_2040_INT":"Not Affected","SSF_RL_100YR_2070_IL":"Not Affected","SSF_RL_100YR_2070_INT":"Not Affected","SSF_RL_500YR_CURR":"Not Affected","SSF_RL_500YR_2040_IL":"Not Affected","SSF_RL_500YR_2040_INT":"Not Affected","SSF_RL_500YR_2070_IL":"Not Affected","SSF_RL_500YR_2070_INT":"Not Affected","RIF_RL_100YR_2020":"Not Affected","RIF_RL_100YR_2040":"Not Affected","RIF_RL_100YR_2070":"Not Affected","RIF_RL_500YR_2020":"Not Affected","RIF_RL_500YR_2040":"Not Affected","RIF_RL_500YR_2070":"Not Affected"}},{"type":"Feature","id":186,"geometry":{"type":"Point","coordinates":[-83.4221788644426,30.4682922263967]},"properties":{"OBJECTID_1":186,"OBJECTID":186,"Name":"MADISON COUNTY JAIL","Address":"823 SW PINCKNEY ST","City":"MADISON","Zip":"32340","COUNTY":"Madison","X":-83.42217886,"Y":30.46829223,"LONGLAT":"-83.42217886,30.46829223","USNG":"17R KP 67457 73171","OWNERSHIP":"COUNTY","PARCELID":"00-00-00-3677-000-000","FACILITY_T":"LOCAL CORRECTIONAL INSTITUTION","Asset_Elevation":null,"Owned_Maintained":"COUNTY","Asset":"LOCAL CORRECTIONAL INSTITUTION","Asset_Sub_Type":null,"Asset_Type":"Correctional Facilities","Asset_Group":"Critical Community and Emergency Facilities","Asset_Relevancy":"Locally Significant","Asset_ID":"CF_PT_186","Municipality":"Madison","Water_Management_District":"Suwannee River Water Management District","Souce_Dataset_Entity":"FDEM","Souce_Dataset_Name":"Correctional Facilities - FDEM","Source_Asset_ID":null,"Restricted_Public_Disclosure":null,"Notes":null,"Regional_Planning_Council":"North Central Florida","FDEP_Regulatory_District":"Northeast District","RCP_Region":"Northwest","FDOT_District":2,"House_District_Number":9,"Senate_District_Number":3,"CTF_RL_2020":"Not Affected","CTF_RL_2040_IL":"Not Affected","CTF_RL_2040_INT":"Not Affected","CTF_RL_2070_IL":"Not Affected","CTF_RL_2070_INT":"Not Affected","SSF_RL_100YR_CURR":"Not Affected","SSF_RL_100YR_2040_IL":"Not Affected","SSF_RL_100YR_2040_INT":"Not Affected","SSF_RL_100YR_2070_IL":"Not Affected","SSF_RL_100YR_2070_INT":"Not Affected","SSF_RL_500YR_CURR":"Not Affected","SSF_RL_500YR_2040_IL":"Not Affected","SSF_RL_500YR_2040_INT":"Not Affected","SSF_RL_500YR_2070_IL":"Not Affected","SSF_RL_500YR_2070_INT":"Not Affected","RIF_RL_100YR_2020":"Not Affected","RIF_RL_100YR_2040":"Not Affected","RIF_RL_100YR_2070":"Not Affected","RIF_RL_500YR_2020":"Not Affected","RIF_RL_500YR_2040":"Not Affected","RIF_RL_500YR_2070":"Not Affected"}},{"type":"Feature","id":187,"geometry":{"type":"Point","coordinates":[-82.6266722183567,27.497418666982]},"properties":{"OBJECTID_1":187,"OBJECTID":187,"Name":"WEST MANATEE FIRE DISTRICT ADMINISTRATION","Address":"6417 3RD AVE W","City":"WEST MANATEE","Zip":" ","COUNTY":"Manatee","X":-82.62667222,"Y":27.49741867,"LONGLAT":"-82.62667222,27.49741867","USNG":"17R LL 39313 42584","OWNERSHIP":" ","PARCELID":" ","FACILITY_T":"LOCAL CORRECTIONAL INSTITUTION","Asset_Elevation":null,"Owned_Maintained":" ","Asset":"LOCAL CORRECTIONAL INSTITUTION","Asset_Sub_Type":null,"Asset_Type":"Correctional Facilities","Asset_Group":"Critical Community and Emergency Facilities","Asset_Relevancy":"Locally Significant","Asset_ID":"CF_PT_187","Municipality":null,"Water_Management_District":"Southwest Florida Water Management District","Souce_Dataset_Entity":"FDEM","Souce_Dataset_Name":"Correctional Facilities - FDEM","Source_Asset_ID":null,"Restricted_Public_Disclosure":null,"Notes":null,"Regional_Planning_Council":"Tampa Bay","FDEP_Regulatory_District":"Southwest District","RCP_Region":"Southwest","FDOT_District":1,"House_District_Number":71,"Senate_District_Number":20,"CTF_RL_2020":"Not Affected","CTF_RL_2040_IL":"Not Affected","CTF_RL_2040_INT":"Not Affected","CTF_RL_2070_IL":"Not Affected","CTF_RL_2070_INT":"Not Affected","SSF_RL_100YR_CURR":"Not Affected","SSF_RL_100YR_2040_IL":"Not Affected","SSF_RL_100YR_2040_INT":"Not Affected","SSF_RL_100YR_2070_IL":"Not Affected","SSF_RL_100YR_2070_INT":"Not Affected","SSF_RL_500YR_CURR":"Not Affected","SSF_RL_500YR_2040_IL":"Not Affected","SSF_RL_500YR_2040_INT":"Not Affected","SSF_RL_500YR_2070_IL":"Not Affected","SSF_RL_500YR_2070_INT":"Not Affected","RIF_RL_100YR_2020":"Not Affected","RIF_RL_100YR_2040":"Not Affected","RIF_RL_100YR_2070":"Not Affected","RIF_RL_500YR_2020":"Not Affected","RIF_RL_500YR_2040":"Not Affected","RIF_RL_500YR_2070":"Not Affected"}},{"type":"Feature","id":188,"geometry":{"type":"Point","coordinates":[-82.5376630848319,27.4288110843373]},"properties":{"OBJECTID_1":188,"OBJECTID":188,"Name":"BRADENTON WORK RELEASE CENTER","Address":"2104 63RD AVENUE EAST","City":"BRADENTON","Zip":"34203","COUNTY":"Manatee","X":-82.53766309,"Y":27.42881108,"LONGLAT":"-82.53766309,27.42881108","USNG":"17R LL 48012 34871","OWNERSHIP":"STATE","PARCELID":"1849810005","FACILITY_T":"LOCAL CORRECTIONAL INSTITUTION","Asset_Elevation":null,"Owned_Maintained":"STATE","Asset":"LOCAL CORRECTIONAL INSTITUTION","Asset_Sub_Type":null,"Asset_Type":"Correctional Facilities","Asset_Group":"Critical Community and Emergency Facilities","Asset_Relevancy":"Locally Significant","Asset_ID":"CF_PT_188","Municipality":null,"Water_Management_District":"Southwest Florida Water Management District","Souce_Dataset_Entity":"FDEM","Souce_Dataset_Name":"Correctional Facilities - FDEM","Source_Asset_ID":null,"Restricted_Public_Disclosure":null,"Notes":null,"Regional_Planning_Council":"Tampa Bay","FDEP_Regulatory_District":"Southwest District","RCP_Region":"Southwest","FDOT_District":1,"House_District_Number":72,"Senate_District_Number":22,"CTF_RL_2020":"Not Affected","CTF_RL_2040_IL":"Not Affected","CTF_RL_2040_INT":"Not Affected","CTF_RL_2070_IL":"Not Affected","CTF_RL_2070_INT":"Not Affected","SSF_RL_100YR_CURR":"Not Affected","SSF_RL_100YR_2040_IL":"Not Affected","SSF_RL_100YR_2040_INT":"Not Affected","SSF_RL_100YR_2070_IL":"Not Affected","SSF_RL_100YR_2070_INT":"Not Affected","SSF_RL_500YR_CURR":"Not Affected","SSF_RL_500YR_2040_IL":"Not Affected","SSF_RL_500YR_2040_INT":"Not Affected","SSF_RL_500YR_2070_IL":"Not Affected","SSF_RL_500YR_2070_INT":"Not Affected","RIF_RL_100YR_2020":"Medium","RIF_RL_100YR_2040":"Medium","RIF_RL_100YR_2070":"Medium","RIF_RL_500YR_2020":"Medium","RIF_RL_500YR_2040":"Medium","RIF_RL_500YR_2070":"Medium"}},{"type":"Feature","id":189,"geometry":{"type":"Point","coordinates":[-82.5387723636734,27.6428312627231]},"properties":{"OBJECTID_1":189,"OBJECTID":189,"Name":"OMEGA PRISON","Address":"14490 HARLEE RD","City":"PALMETTO","Zip":"34221","COUNTY":"Manatee","X":-82.53877236,"Y":27.64283126,"LONGLAT":"-82.53877236,27.64283126","USNG":"17R LL 48197 58583","OWNERSHIP":"COUNTY","PARCELID":"593105000","FACILITY_T":"LOCAL CORRECTIONAL INSTITUTION","Asset_Elevation":null,"Owned_Maintained":"COUNTY","Asset":"LOCAL CORRECTIONAL INSTITUTION","Asset_Sub_Type":null,"Asset_Type":"Correctional Facilities","Asset_Group":"Critical Community and Emergency Facilities","Asset_Relevancy":"Locally Significant","Asset_ID":"CF_PT_189","Municipality":null,"Water_Management_District":"Southwest Florida Water Management District","Souce_Dataset_Entity":"FDEM","Souce_Dataset_Name":"Correctional Facilities - FDEM","Source_Asset_ID":null,"Restricted_Public_Disclosure":null,"Notes":null,"Regional_Planning_Council":"Tampa Bay","FDEP_Regulatory_District":"Southwest District","RCP_Region":"Southwest","FDOT_District":1,"House_District_Number":70,"Senate_District_Number":20,"CTF_RL_2020":"Not Affected","CTF_RL_2040_IL":"Not Affected","CTF_RL_2040_INT":"Not Affected","CTF_RL_2070_IL":"Not Affected","CTF_RL_2070_INT":"Not Affected","SSF_RL_100YR_CURR":"Not Affected","SSF_RL_100YR_2040_IL":"Not Affected","SSF_RL_100YR_2040_INT":"Not Affected","SSF_RL_100YR_2070_IL":"Not Affected","SSF_RL_100YR_2070_INT":"Not Affected","SSF_RL_500YR_CURR":"Not Affected","SSF_RL_500YR_2040_IL":"Not Affected","SSF_RL_500YR_2040_INT":"Not Affected","SSF_RL_500YR_2070_IL":"Low","SSF_RL_500YR_2070_INT":"Medium","RIF_RL_100YR_2020":"Not Affected","RIF_RL_100YR_2040":"Not Affected","RIF_RL_100YR_2070":"Not Affected","RIF_RL_500YR_2020":"Not Affected","RIF_RL_500YR_2040":"Not Affected","RIF_RL_500YR_2070":"Not Affected"}},{"type":"Feature","id":190,"geometry":{"type":"Point","coordinates":[-82.5357873483237,27.6412403663847]},"properties":{"OBJECTID_1":190,"OBJECTID":190,"Name":"MANATEE COUNTY JAIL","Address":"14470 HARLEE RD","City":"PALMETTO","Zip":"34221","COUNTY":"Manatee","X":-82.53578735,"Y":27.64124037,"LONGLAT":"-82.53578735,27.64124037","USNG":"17R LL 48489 58403","OWNERSHIP":"COUNTY","PARCELID":"593105000","FACILITY_T":"LOCAL CORRECTIONAL INSTITUTION","Asset_Elevation":null,"Owned_Maintained":"COUNTY","Asset":"LOCAL CORRECTIONAL INSTITUTION","Asset_Sub_Type":null,"Asset_Type":"Correctional Facilities","Asset_Group":"Critical Community and Emergency Facilities","Asset_Relevancy":"Locally Significant","Asset_ID":"CF_PT_190","Municipality":null,"Water_Management_District":"Southwest Florida Water Management District","Souce_Dataset_Entity":"FDEM","Souce_Dataset_Name":"Correctional Facilities - FDEM","Source_Asset_ID":null,"Restricted_Public_Disclosure":null,"Notes":null,"Regional_Planning_Council":"Tampa Bay","FDEP_Regulatory_District":"Southwest District","RCP_Region":"Southwest","FDOT_District":1,"House_District_Number":70,"Senate_District_Number":20,"CTF_RL_2020":"Not Affected","CTF_RL_2040_IL":"Not Affected","CTF_RL_2040_INT":"Not Affected","CTF_RL_2070_IL":"Not Affected","CTF_RL_2070_INT":"Not Affected","SSF_RL_100YR_CURR":"Not Affected","SSF_RL_100YR_2040_IL":"Not Affected","SSF_RL_100YR_2040_INT":"Not Affected","SSF_RL_100YR_2070_IL":"Not Affected","SSF_RL_100YR_2070_INT":"Not Affected","SSF_RL_500YR_CURR":"Not Affected","SSF_RL_500YR_2040_IL":"Not Affected","SSF_RL_500YR_2040_INT":"Not Affected","SSF_RL_500YR_2070_IL":"Medium","SSF_RL_500YR_2070_INT":"Medium","RIF_RL_100YR_2020":"Not Affected","RIF_RL_100YR_2040":"Not Affected","RIF_RL_100YR_2070":"Not Affected","RIF_RL_500YR_2020":"Not Affected","RIF_RL_500YR_2040":"Not Affected","RIF_RL_500YR_2070":"Not Affected"}},{"type":"Feature","id":191,"geometry":{"type":"Point","coordinates":[-82.5667000080911,27.4829999863062]},"properties":{"OBJECTID_1":191,"OBJECTID":191,"Name":"MANATEE REG JUVENILE DETENTION CENTER","Address":"1803 5TH ST W","City":"BRADENTON","Zip":"34205","COUNTY":"Manatee","X":-82.56670001,"Y":27.48299999,"LONGLAT":"-82.56670001,27.48299999","USNG":"17R LL 45218 40910","OWNERSHIP":"COUNTY","PARCELID":"4493800109","FACILITY_T":"JUVENILE CORRECTIONAL INSTITUTION","Asset_Elevation":null,"Owned_Maintained":"COUNTY","Asset":"JUVENILE CORRECTIONAL INSTITUTION","Asset_Sub_Type":null,"Asset_Type":"Correctional Facilities","Asset_Group":"Critical Community and Emergency Facilities","Asset_Relevancy":"Locally Significant","Asset_ID":"CF_PT_191","Municipality":"Bradenton","Water_Management_District":"Southwest Florida Water Management District","Souce_Dataset_Entity":"FDEM","Souce_Dataset_Name":"Correctional Facilities - FDEM","Source_Asset_ID":null,"Restricted_Public_Disclosure":null,"Notes":null,"Regional_Planning_Council":"Tampa Bay","FDEP_Regulatory_District":"Southwest District","RCP_Region":"Southwest","FDOT_District":1,"House_District_Number":71,"Senate_District_Number":20,"CTF_RL_2020":"Not Affected","CTF_RL_2040_IL":"Not Affected","CTF_RL_2040_INT":"Not Affected","CTF_RL_2070_IL":"Not Affected","CTF_RL_2070_INT":"Not Affected","SSF_RL_100YR_CURR":"Not Affected","SSF_RL_100YR_2040_IL":"Not Affected","SSF_RL_100YR_2040_INT":"Not Affected","SSF_RL_100YR_2070_IL":"Not Affected","SSF_RL_100YR_2070_INT":"Not Affected","SSF_RL_500YR_CURR":"Not Affected","SSF_RL_500YR_2040_IL":"Not Affected","SSF_RL_500YR_2040_INT":"Not Affected","SSF_RL_500YR_2070_IL":"Not Affected","SSF_RL_500YR_2070_INT":"Not Affected","RIF_RL_100YR_2020":"Not Affected","RIF_RL_100YR_2040":"Not Affected","RIF_RL_100YR_2070":"Not Affected","RIF_RL_500YR_2020":"Not Affected","RIF_RL_500YR_2040":"Not Affected","RIF_RL_500YR_2070":"Not Affected"}},{"type":"Feature","id":192,"geometry":{"type":"Point","coordinates":[-82.5368409236792,27.6434733255524]},"properties":{"OBJECTID_1":192,"OBJECTID":192,"Name":"FLORIDA DEPARTMENT OF JUVENILE JUSTICE CENTRAL REGION - PALMETTO YOUTH ACADEMY","Address":"14494 HARLEE RD","City":"PALMETTO","Zip":"34221","COUNTY":"Manatee","X":-82.53684092,"Y":27.64347333,"LONGLAT":"-82.53684092,27.64347333","USNG":"17R LL 48389 58652","OWNERSHIP":"STATE","PARCELID":"593105000","FACILITY_T":"JUVENILE CORRECTIONAL INSTITUTION","Asset_Elevation":null,"Owned_Maintained":"STATE","Asset":"JUVENILE CORRECTIONAL INSTITUTION","Asset_Sub_Type":null,"Asset_Type":"Correctional Facilities","Asset_Group":"Critical Community and Emergency Facilities","Asset_Relevancy":"Locally Significant","Asset_ID":"CF_PT_192","Municipality":null,"Water_Management_District":"Southwest Florida Water Management District","Souce_Dataset_Entity":"FDEM","Souce_Dataset_Name":"Correctional Facilities - FDEM","Source_Asset_ID":null,"Restricted_Public_Disclosure":null,"Notes":null,"Regional_Planning_Council":"Tampa Bay","FDEP_Regulatory_District":"Southwest District","RCP_Region":"Southwest","FDOT_District":1,"House_District_Number":70,"Senate_District_Number":20,"CTF_RL_2020":"Not Affected","CTF_RL_2040_IL":"Not Affected","CTF_RL_2040_INT":"Not Affected","CTF_RL_2070_IL":"Not Affected","CTF_RL_2070_INT":"Not Affected","SSF_RL_100YR_CURR":"Not Affected","SSF_RL_100YR_2040_IL":"Not Affected","SSF_RL_100YR_2040_INT":"Not Affected","SSF_RL_100YR_2070_IL":"Medium","SSF_RL_100YR_2070_INT":"Medium","SSF_RL_500YR_CURR":"High","SSF_RL_500YR_2040_IL":"High","SSF_RL_500YR_2040_INT":"High","SSF_RL_500YR_2070_IL":"High","SSF_RL_500YR_2070_INT":"High","RIF_RL_100YR_2020":"Not Affected","RIF_RL_100YR_2040":"Not Affected","RIF_RL_100YR_2070":"Low","RIF_RL_500YR_2020":"Medium","RIF_RL_500YR_2040":"Medium","RIF_RL_500YR_2070":"Medium"}},{"type":"Feature","id":193,"geometry":{"type":"Point","coordinates":[-82.5496999817251,27.4656000112715]},"properties":{"OBJECTID_1":193,"OBJECTID":193,"Name":"MANATEE ADOLESCENT TREATMENT SERVICES (MATS)","Address":"1324 37TH AVE E","City":"BRADENTON","Zip":"34208","COUNTY":"Manatee","X":-82.54969998,"Y":27.46560001,"LONGLAT":"-82.54969998,27.46560001","USNG":"17R LL 46873 38961","OWNERSHIP":"COUNTY","PARCELID":"4801400005","FACILITY_T":"JUVENILE CORRECTIONAL INSTITUTION","Asset_Elevation":null,"Owned_Maintained":"COUNTY","Asset":"JUVENILE CORRECTIONAL INSTITUTION","Asset_Sub_Type":null,"Asset_Type":"Correctional Facilities","Asset_Group":"Critical Community and Emergency Facilities","Asset_Relevancy":"Locally Significant","Asset_ID":"CF_PT_193","Municipality":null,"Water_Management_District":"Southwest Florida Water Management District","Souce_Dataset_Entity":"FDEM","Souce_Dataset_Name":"Correctional Facilities - FDEM","Source_Asset_ID":null,"Restricted_Public_Disclosure":null,"Notes":null,"Regional_Planning_Council":"Tampa Bay","FDEP_Regulatory_District":"Southwest District","RCP_Region":"Southwest","FDOT_District":1,"House_District_Number":71,"Senate_District_Number":20,"CTF_RL_2020":"Not Affected","CTF_RL_2040_IL":"Not Affected","CTF_RL_2040_INT":"Not Affected","CTF_RL_2070_IL":"Not Affected","CTF_RL_2070_INT":"Not Affected","SSF_RL_100YR_CURR":"Not Affected","SSF_RL_100YR_2040_IL":"Not Affected","SSF_RL_100YR_2040_INT":"Not Affected","SSF_RL_100YR_2070_IL":"Not Affected","SSF_RL_100YR_2070_INT":"Not Affected","SSF_RL_500YR_CURR":"Not Affected","SSF_RL_500YR_2040_IL":"Not Affected","SSF_RL_500YR_2040_INT":"Not Affected","SSF_RL_500YR_2070_IL":"Not Affected","SSF_RL_500YR_2070_INT":"Not Affected","RIF_RL_100YR_2020":"Not Affected","RIF_RL_100YR_2040":"Low","RIF_RL_100YR_2070":"Low","RIF_RL_500YR_2020":"Medium","RIF_RL_500YR_2040":"Medium","RIF_RL_500YR_2070":"Medium"}},{"type":"Feature","id":194,"geometry":{"type":"Point","coordinates":[-82.1456789608012,27.4594875543289]},"properties":{"OBJECTID_1":194,"OBJECTID":194,"Name":"MANATEE WILDERNESS CAMP","Address":"38620 STATE ROAD 64 E","City":"MYAKKA CITY","Zip":"34251","COUNTY":"Manatee","X":-82.14567896,"Y":27.45948755,"LONGLAT":"-82.14567896,27.45948755","USNG":"17R LL 86792 37851","OWNERSHIP":"STATE OF FLORIDA TIITF","PARCELID":"57520009","FACILITY_T":"LOCAL CORRECTIONAL INSTITUTION","Asset_Elevation":null,"Owned_Maintained":"STATE OF FLORIDA TIITF","Asset":"LOCAL CORRECTIONAL INSTITUTION","Asset_Sub_Type":null,"Asset_Type":"Correctional Facilities","Asset_Group":"Critical Community and Emergency Facilities","Asset_Relevancy":"Locally Significant","Asset_ID":"CF_PT_194","Municipality":null,"Water_Management_District":"Southwest Florida Water Management District","Souce_Dataset_Entity":"FDEM","Souce_Dataset_Name":"Correctional Facilities - FDEM","Source_Asset_ID":null,"Restricted_Public_Disclosure":null,"Notes":null,"Regional_Planning_Council":"Tampa Bay","FDEP_Regulatory_District":"Southwest District","RCP_Region":"Southwest","FDOT_District":1,"House_District_Number":72,"Senate_District_Number":20,"CTF_RL_2020":"Not Affected","CTF_RL_2040_IL":"Not Affected","CTF_RL_2040_INT":"Not Affected","CTF_RL_2070_IL":"Not Affected","CTF_RL_2070_INT":"Not Affected","SSF_RL_100YR_CURR":"Not Affected","SSF_RL_100YR_2040_IL":"Not Affected","SSF_RL_100YR_2040_INT":"Not Affected","SSF_RL_100YR_2070_IL":"Not Affected","SSF_RL_100YR_2070_INT":"Not Affected","SSF_RL_500YR_CURR":"Not Affected","SSF_RL_500YR_2040_IL":"Not Affected","SSF_RL_500YR_2040_INT":"Not Affected","SSF_RL_500YR_2070_IL":"Not Affected","SSF_RL_500YR_2070_INT":"Not Affected","RIF_RL_100YR_2020":"High","RIF_RL_100YR_2040":"High","RIF_RL_100YR_2070":"High","RIF_RL_500YR_2020":"High","RIF_RL_500YR_2040":"High","RIF_RL_500YR_2070":"High"}},{"type":"Feature","id":195,"geometry":{"type":"Point","coordinates":[-82.201356990345,29.3135610471558]},"properties":{"OBJECTID_1":195,"OBJECTID":195,"Name":"LOWELL WOMENS CORRECTIONAL INSTITUTION ANNEX","Address":"11120 NW GAINESVILLE RD","City":"OCALA","Zip":"34482","COUNTY":"Marion","X":-82.20135699,"Y":29.31356105,"LONGLAT":"-82.20135699,29.31356105","USNG":"17R LN 83338 43325","OWNERSHIP":" ","PARCELID":"07399-083-00","FACILITY_T":"LOCAL CORRECTIONAL INSTITUTION","Asset_Elevation":null,"Owned_Maintained":" ","Asset":"LOCAL CORRECTIONAL INSTITUTION","Asset_Sub_Type":null,"Asset_Type":"Correctional Facilities","Asset_Group":"Critical Community and Emergency Facilities","Asset_Relevancy":"Locally Significant","Asset_ID":"CF_PT_195","Municipality":null,"Water_Management_District":"St. Johns River Water Management District","Souce_Dataset_Entity":"FDEM","Souce_Dataset_Name":"Correctional Facilities - FDEM","Source_Asset_ID":null,"Restricted_Public_Disclosure":null,"Notes":null,"Regional_Planning_Council":"East Central Florida","FDEP_Regulatory_District":"Central District","RCP_Region":"Northwest","FDOT_District":5,"House_District_Number":21,"Senate_District_Number":9,"CTF_RL_2020":"Not Affected","CTF_RL_2040_IL":"Not Affected","CTF_RL_2040_INT":"Not Affected","CTF_RL_2070_IL":"Not Affected","CTF_RL_2070_INT":"Not Affected","SSF_RL_100YR_CURR":"Not Affected","SSF_RL_100YR_2040_IL":"Not Affected","SSF_RL_100YR_2040_INT":"Not Affected","SSF_RL_100YR_2070_IL":"Not Affected","SSF_RL_100YR_2070_INT":"Not Affected","SSF_RL_500YR_CURR":"Not Affected","SSF_RL_500YR_2040_IL":"Not Affected","SSF_RL_500YR_2040_INT":"Not Affected","SSF_RL_500YR_2070_IL":"Not Affected","SSF_RL_500YR_2070_INT":"Not Affected","RIF_RL_100YR_2020":"Not Affected","RIF_RL_100YR_2040":"Not Affected","RIF_RL_100YR_2070":"Not Affected","RIF_RL_500YR_2020":"Not Affected","RIF_RL_500YR_2040":"Not Affected","RIF_RL_500YR_2070":"Not Affected"}},{"type":"Feature","id":196,"geometry":{"type":"Point","coordinates":[-82.1747497760637,29.1950892125829]},"properties":{"OBJECTID_1":196,"OBJECTID":196,"Name":"MARION COUNTY JAIL / MARION COUNTY SHERIFF - FUGITIVE DIVISION","Address":"700 NW 30TH AVE","City":"OCALA","Zip":"34475","COUNTY":"Marion","X":-82.17474978,"Y":29.19508921,"LONGLAT":"-82.17474978,29.19508921","USNG":"17R LN 85790 30171","OWNERSHIP":"COUNTY","PARCELID":"21915-000-00","FACILITY_T":"LOCAL CORRECTIONAL INSTITUTION","Asset_Elevation":null,"Owned_Maintained":"COUNTY","Asset":"LOCAL CORRECTIONAL INSTITUTION","Asset_Sub_Type":null,"Asset_Type":"Correctional Facilities","Asset_Group":"Critical Community and Emergency Facilities","Asset_Relevancy":"Locally Significant","Asset_ID":"CF_PT_196","Municipality":"Ocala","Water_Management_District":"St. Johns River Water Management District","Souce_Dataset_Entity":"FDEM","Souce_Dataset_Name":"Correctional Facilities - FDEM","Source_Asset_ID":null,"Restricted_Public_Disclosure":null,"Notes":null,"Regional_Planning_Council":"East Central Florida","FDEP_Regulatory_District":"Central District","RCP_Region":"Northwest","FDOT_District":5,"House_District_Number":21,"Senate_District_Number":9,"CTF_RL_2020":"Not Affected","CTF_RL_2040_IL":"Not Affected","CTF_RL_2040_INT":"Not Affected","CTF_RL_2070_IL":"Not Affected","CTF_RL_2070_INT":"Not Affected","SSF_RL_100YR_CURR":"Not Affected","SSF_RL_100YR_2040_IL":"Not Affected","SSF_RL_100YR_2040_INT":"Not Affected","SSF_RL_100YR_2070_IL":"Not Affected","SSF_RL_100YR_2070_INT":"Not Affected","SSF_RL_500YR_CURR":"Not Affected","SSF_RL_500YR_2040_IL":"Not Affected","SSF_RL_500YR_2040_INT":"Not Affected","SSF_RL_500YR_2070_IL":"Not Affected","SSF_RL_500YR_2070_INT":"Not Affected","RIF_RL_100YR_2020":"Not Affected","RIF_RL_100YR_2040":"Not Affected","RIF_RL_100YR_2070":"Not Affected","RIF_RL_500YR_2020":"Not Affected","RIF_RL_500YR_2040":"Not Affected","RIF_RL_500YR_2070":"Not Affected"}},{"type":"Feature","id":197,"geometry":{"type":"Point","coordinates":[-82.1819446070182,29.3044436427193]},"properties":{"OBJECTID_1":197,"OBJECTID":197,"Name":"MARION WORK CAMP","Address":"3269 NW 105TH ST","City":"OCALA","Zip":"34475","COUNTY":"Marion","X":-82.18194461,"Y":29.30444364,"LONGLAT":"-82.18194461,29.30444364","USNG":"17R LN 85213 42295","OWNERSHIP":" ","PARCELID":"12678-000-00","FACILITY_T":"LOCAL CORRECTIONAL INSTITUTION","Asset_Elevation":null,"Owned_Maintained":" ","Asset":"LOCAL CORRECTIONAL INSTITUTION","Asset_Sub_Type":null,"Asset_Type":"Correctional Facilities","Asset_Group":"Critical Community and Emergency Facilities","Asset_Relevancy":"Locally Significant","Asset_ID":"CF_PT_197","Municipality":null,"Water_Management_District":"St. Johns River Water Management District","Souce_Dataset_Entity":"FDEM","Souce_Dataset_Name":"Correctional Facilities - FDEM","Source_Asset_ID":null,"Restricted_Public_Disclosure":null,"Notes":null,"Regional_Planning_Council":"East Central Florida","FDEP_Regulatory_District":"Central District","RCP_Region":"Northwest","FDOT_District":5,"House_District_Number":21,"Senate_District_Number":9,"CTF_RL_2020":"Not Affected","CTF_RL_2040_IL":"Not Affected","CTF_RL_2040_INT":"Not Affected","CTF_RL_2070_IL":"Not Affected","CTF_RL_2070_INT":"Not Affected","SSF_RL_100YR_CURR":"Not Affected","SSF_RL_100YR_2040_IL":"Not Affected","SSF_RL_100YR_2040_INT":"Not Affected","SSF_RL_100YR_2070_IL":"Not Affected","SSF_RL_100YR_2070_INT":"Not Affected","SSF_RL_500YR_CURR":"Not Affected","SSF_RL_500YR_2040_IL":"Not Affected","SSF_RL_500YR_2040_INT":"Not Affected","SSF_RL_500YR_2070_IL":"Not Affected","SSF_RL_500YR_2070_INT":"Not Affected","RIF_RL_100YR_2020":"Not Affected","RIF_RL_100YR_2040":"Not Affected","RIF_RL_100YR_2070":"Not Affected","RIF_RL_500YR_2020":"Not Affected","RIF_RL_500YR_2040":"Not Affected","RIF_RL_500YR_2070":"Not Affected"}},{"type":"Feature","id":198,"geometry":{"type":"Point","coordinates":[-81.8353615096037,29.2002648972807]},"properties":{"OBJECTID_1":198,"OBJECTID":198,"Name":"E-KEL-ETU JUVENILE CENTER","Address":"19186 NE 13TH ST","City":"SILVER SPRINGS","Zip":"34488","COUNTY":"Marion","X":-81.83536151,"Y":29.2002649,"LONGLAT":"-81.83536151,29.20026490","USNG":"17R MN 18791 30462","OWNERSHIP":"COUNTY","PARCELID":"32840-009-00","FACILITY_T":"JUVENILE CORRECTIONAL INSTITUTION","Asset_Elevation":null,"Owned_Maintained":"COUNTY","Asset":"JUVENILE CORRECTIONAL INSTITUTION","Asset_Sub_Type":null,"Asset_Type":"Correctional Facilities","Asset_Group":"Critical Community and Emergency Facilities","Asset_Relevancy":"Locally Significant","Asset_ID":"CF_PT_198","Municipality":null,"Water_Management_District":"St. Johns River Water Management District","Souce_Dataset_Entity":"FDEM","Souce_Dataset_Name":"Correctional Facilities - FDEM","Source_Asset_ID":null,"Restricted_Public_Disclosure":null,"Notes":null,"Regional_Planning_Council":"East Central Florida","FDEP_Regulatory_District":"Central District","RCP_Region":"Northwest","FDOT_District":5,"House_District_Number":20,"Senate_District_Number":9,"CTF_RL_2020":"Not Affected","CTF_RL_2040_IL":"Not Affected","CTF_RL_2040_INT":"Not Affected","CTF_RL_2070_IL":"Not Affected","CTF_RL_2070_INT":"Not Affected","SSF_RL_100YR_CURR":"Not Affected","SSF_RL_100YR_2040_IL":"Not Affected","SSF_RL_100YR_2040_INT":"Not Affected","SSF_RL_100YR_2070_IL":"Not Affected","SSF_RL_100YR_2070_INT":"Not Affected","SSF_RL_500YR_CURR":"Not Affected","SSF_RL_500YR_2040_IL":"Not Affected","SSF_RL_500YR_2040_INT":"Not Affected","SSF_RL_500YR_2070_IL":"Not Affected","SSF_RL_500YR_2070_INT":"Not Affected","RIF_RL_100YR_2020":"Not Affected","RIF_RL_100YR_2040":"Not Affected","RIF_RL_100YR_2070":"Not Affected","RIF_RL_500YR_2020":"Not Affected","RIF_RL_500YR_2040":"Not Affected","RIF_RL_500YR_2070":"Not Affected"}},{"type":"Feature","id":199,"geometry":{"type":"Point","coordinates":[-82.1884777926617,29.3042655855674]},"properties":{"OBJECTID_1":199,"OBJECTID":199,"Name":"MARION YOUTH DEVELOPMENT CENTER","Address":"4055 NW 105TH ST","City":"OCALA","Zip":"34475","COUNTY":"Marion","X":-82.18847779,"Y":29.30426559,"LONGLAT":"-82.18847779,29.30426559","USNG":"17R LN 84578 42282","OWNERSHIP":"COUNTY","PARCELID":"12683-000-00","FACILITY_T":"JUVENILE CORRECTIONAL INSTITUTION","Asset_Elevation":null,"Owned_Maintained":"COUNTY","Asset":"JUVENILE CORRECTIONAL INSTITUTION","Asset_Sub_Type":null,"Asset_Type":"Correctional Facilities","Asset_Group":"Critical Community and Emergency Facilities","Asset_Relevancy":"Locally Significant","Asset_ID":"CF_PT_199","Municipality":null,"Water_Management_District":"St. Johns River Water Management District","Souce_Dataset_Entity":"FDEM","Souce_Dataset_Name":"Correctional Facilities - FDEM","Source_Asset_ID":null,"Restricted_Public_Disclosure":null,"Notes":null,"Regional_Planning_Council":"East Central Florida","FDEP_Regulatory_District":"Central District","RCP_Region":"Northwest","FDOT_District":5,"House_District_Number":21,"Senate_District_Number":9,"CTF_RL_2020":"Not Affected","CTF_RL_2040_IL":"Not Affected","CTF_RL_2040_INT":"Not Affected","CTF_RL_2070_IL":"Not Affected","CTF_RL_2070_INT":"Not Affected","SSF_RL_100YR_CURR":"Not Affected","SSF_RL_100YR_2040_IL":"Not Affected","SSF_RL_100YR_2040_INT":"Not Affected","SSF_RL_100YR_2070_IL":"Not Affected","SSF_RL_100YR_2070_INT":"Not Affected","SSF_RL_500YR_CURR":"Not Affected","SSF_RL_500YR_2040_IL":"Not Affected","SSF_RL_500YR_2040_INT":"Not Affected","SSF_RL_500YR_2070_IL":"Not Affected","SSF_RL_500YR_2070_INT":"Not Affected","RIF_RL_100YR_2020":"Not Affected","RIF_RL_100YR_2040":"Not Affected","RIF_RL_100YR_2070":"Not Affected","RIF_RL_500YR_2020":"Not Affected","RIF_RL_500YR_2040":"Not Affected","RIF_RL_500YR_2070":"Not Affected"}},{"type":"Feature","id":200,"geometry":{"type":"Point","coordinates":[-82.1998327210735,29.311003084101]},"properties":{"OBJECTID_1":200,"OBJECTID":200,"Name":"FLORIDA DEPARTMENT OF CORRECTIONS REGION 3 - LOWELL CORRECTIONAL INSTITUTE","Address":"11120 NW GAINESVILLE RD","City":"OCALA","Zip":"34482","COUNTY":"Marion","X":-82.19983272,"Y":29.31100308,"LONGLAT":"-82.19983272,29.31100308","USNG":"17R LN 83483 43040","OWNERSHIP":" ","PARCELID":"07399-083-00","FACILITY_T":"CORRECTIONAL FACILITY","Asset_Elevation":null,"Owned_Maintained":" ","Asset":"CORRECTIONAL FACILITY","Asset_Sub_Type":null,"Asset_Type":"Correctional Facilities","Asset_Group":"Critical Community and Emergency Facilities","Asset_Relevancy":"Locally Significant","Asset_ID":"CF_PT_200","Municipality":null,"Water_Management_District":"St. Johns River Water Management District","Souce_Dataset_Entity":"FDEM","Souce_Dataset_Name":"Correctional Facilities - FDEM","Source_Asset_ID":null,"Restricted_Public_Disclosure":null,"Notes":null,"Regional_Planning_Council":"East Central Florida","FDEP_Regulatory_District":"Central District","RCP_Region":"Northwest","FDOT_District":5,"House_District_Number":21,"Senate_District_Number":9,"CTF_RL_2020":"Not Affected","CTF_RL_2040_IL":"Not Affected","CTF_RL_2040_INT":"Not Affected","CTF_RL_2070_IL":"Not Affected","CTF_RL_2070_INT":"Not Affected","SSF_RL_100YR_CURR":"Not Affected","SSF_RL_100YR_2040_IL":"Not Affected","SSF_RL_100YR_2040_INT":"Not Affected","SSF_RL_100YR_2070_IL":"Not Affected","SSF_RL_100YR_2070_INT":"Not Affected","SSF_RL_500YR_CURR":"Not Affected","SSF_RL_500YR_2040_IL":"Not Affected","SSF_RL_500YR_2040_INT":"Not Affected","SSF_RL_500YR_2070_IL":"Not Affected","SSF_RL_500YR_2070_INT":"Not Affected","RIF_RL_100YR_2020":"Not Affected","RIF_RL_100YR_2040":"Not Affected","RIF_RL_100YR_2070":"Not Affected","RIF_RL_500YR_2020":"Not Affected","RIF_RL_500YR_2040":"Not Affected","RIF_RL_500YR_2070":"Not Affected"}},{"type":"Feature","id":201,"geometry":{"type":"Point","coordinates":[-82.1939519783864,29.3010237215645]},"properties":{"OBJECTID_1":201,"OBJECTID":201,"Name":"MARION CO JUVENILE CORRECTIONAL FACILITY","Address":"10420 NW GAINESVILLE RD","City":"OCALA","Zip":"34482","COUNTY":"Marion","X":-82.19395198,"Y":29.30102372,"LONGLAT":"-82.19395198,29.30102372","USNG":"17R LN 84043 41928","OWNERSHIP":"STATE","PARCELID":"07399-083-00","FACILITY_T":"JUVENILE CORRECTIONAL INSTITUTION","Asset_Elevation":null,"Owned_Maintained":"STATE","Asset":"JUVENILE CORRECTIONAL INSTITUTION","Asset_Sub_Type":null,"Asset_Type":"Correctional Facilities","Asset_Group":"Critical Community and Emergency Facilities","Asset_Relevancy":"Locally Significant","Asset_ID":"CF_PT_201","Municipality":null,"Water_Management_District":"St. Johns River Water Management District","Souce_Dataset_Entity":"FDEM","Souce_Dataset_Name":"Correctional Facilities - FDEM","Source_Asset_ID":null,"Restricted_Public_Disclosure":null,"Notes":null,"Regional_Planning_Council":"East Central Florida","FDEP_Regulatory_District":"Central District","RCP_Region":"Northwest","FDOT_District":5,"House_District_Number":21,"Senate_District_Number":9,"CTF_RL_2020":"Not Affected","CTF_RL_2040_IL":"Not Affected","CTF_RL_2040_INT":"Not Affected","CTF_RL_2070_IL":"Not Affected","CTF_RL_2070_INT":"Not Affected","SSF_RL_100YR_CURR":"Not Affected","SSF_RL_100YR_2040_IL":"Not Affected","SSF_RL_100YR_2040_INT":"Not Affected","SSF_RL_100YR_2070_IL":"Not Affected","SSF_RL_100YR_2070_INT":"Not Affected","SSF_RL_500YR_CURR":"Not Affected","SSF_RL_500YR_2040_IL":"Not Affected","SSF_RL_500YR_2040_INT":"Not Affected","SSF_RL_500YR_2070_IL":"Not Affected","SSF_RL_500YR_2070_INT":"Not Affected","RIF_RL_100YR_2020":"Not Affected","RIF_RL_100YR_2040":"Not Affected","RIF_RL_100YR_2070":"Not Affected","RIF_RL_500YR_2020":"Not Affected","RIF_RL_500YR_2040":"Not Affected","RIF_RL_500YR_2070":"Not Affected"}},{"type":"Feature","id":202,"geometry":{"type":"Point","coordinates":[-82.1744634892873,29.1965345770005]},"properties":{"OBJECTID_1":202,"OBJECTID":202,"Name":"FLORIDA DEPARTMENT OF JUVENILE JUSTICE NORTH REGION - MARION REGIONAL JUVENILE DETENTION CENTER","Address":"3040 NW 10TH ST","City":"OCALA","Zip":"34475","COUNTY":"Marion","X":-82.17446349,"Y":29.19653458,"LONGLAT":"-82.17446349,29.19653458","USNG":"17R LN 85820 30331","OWNERSHIP":"STATE","PARCELID":"21916-000-00","FACILITY_T":"JUVENILE CORRECTIONAL INSTITUTION","Asset_Elevation":null,"Owned_Maintained":"STATE","Asset":"JUVENILE CORRECTIONAL INSTITUTION","Asset_Sub_Type":null,"Asset_Type":"Correctional Facilities","Asset_Group":"Critical Community and Emergency Facilities","Asset_Relevancy":"Locally Significant","Asset_ID":"CF_PT_202","Municipality":"Ocala","Water_Management_District":"St. Johns River Water Management District","Souce_Dataset_Entity":"FDEM","Souce_Dataset_Name":"Correctional Facilities - FDEM","Source_Asset_ID":null,"Restricted_Public_Disclosure":null,"Notes":null,"Regional_Planning_Council":"East Central Florida","FDEP_Regulatory_District":"Central District","RCP_Region":"Northwest","FDOT_District":5,"House_District_Number":21,"Senate_District_Number":9,"CTF_RL_2020":"Not Affected","CTF_RL_2040_IL":"Not Affected","CTF_RL_2040_INT":"Not Affected","CTF_RL_2070_IL":"Not Affected","CTF_RL_2070_INT":"Not Affected","SSF_RL_100YR_CURR":"Not Affected","SSF_RL_100YR_2040_IL":"Not Affected","SSF_RL_100YR_2040_INT":"Not Affected","SSF_RL_100YR_2070_IL":"Not Affected","SSF_RL_100YR_2070_INT":"Not Affected","SSF_RL_500YR_CURR":"Not Affected","SSF_RL_500YR_2040_IL":"Not Affected","SSF_RL_500YR_2040_INT":"Not Affected","SSF_RL_500YR_2070_IL":"Not Affected","SSF_RL_500YR_2070_INT":"Not Affected","RIF_RL_100YR_2020":"Low","RIF_RL_100YR_2040":"Low","RIF_RL_100YR_2070":"Low","RIF_RL_500YR_2020":"Low","RIF_RL_500YR_2040":"Low","RIF_RL_500YR_2070":"Low"}},{"type":"Feature","id":203,"geometry":{"type":"Point","coordinates":[-82.1289873479003,29.2074129984879]},"properties":{"OBJECTID_1":203,"OBJECTID":203,"Name":"RE-ENTRY OF OCALA WORK CAMP","Address":"2006 NE 8TH RD","City":"OCALA","Zip":"34470","COUNTY":"Marion","X":-82.12898735,"Y":29.207413,"LONGLAT":"-82.12898735,29.20741300","USNG":"17R LN 90253 31493","OWNERSHIP":" ","PARCELID":"2590-001-009","FACILITY_T":"LOCAL CORRECTIONAL INSTITUTION","Asset_Elevation":null,"Owned_Maintained":" ","Asset":"LOCAL CORRECTIONAL INSTITUTION","Asset_Sub_Type":null,"Asset_Type":"Correctional Facilities","Asset_Group":"Critical Community and Emergency Facilities","Asset_Relevancy":"Locally Significant","Asset_ID":"CF_PT_203","Municipality":"Ocala","Water_Management_District":"St. Johns River Water Management District","Souce_Dataset_Entity":"FDEM","Souce_Dataset_Name":"Correctional Facilities - FDEM","Source_Asset_ID":null,"Restricted_Public_Disclosure":null,"Notes":null,"Regional_Planning_Council":"East Central Florida","FDEP_Regulatory_District":"Central District","RCP_Region":"Northwest","FDOT_District":5,"House_District_Number":21,"Senate_District_Number":9,"CTF_RL_2020":"Not Affected","CTF_RL_2040_IL":"Not Affected","CTF_RL_2040_INT":"Not Affected","CTF_RL_2070_IL":"Not Affected","CTF_RL_2070_INT":"Not Affected","SSF_RL_100YR_CURR":"Not Affected","SSF_RL_100YR_2040_IL":"Not Affected","SSF_RL_100YR_2040_INT":"Not Affected","SSF_RL_100YR_2070_IL":"Not Affected","SSF_RL_100YR_2070_INT":"Not Affected","SSF_RL_500YR_CURR":"Not Affected","SSF_RL_500YR_2040_IL":"Not Affected","SSF_RL_500YR_2040_INT":"Not Affected","SSF_RL_500YR_2070_IL":"Not Affected","SSF_RL_500YR_2070_INT":"Not Affected","RIF_RL_100YR_2020":"Medium","RIF_RL_100YR_2040":"Medium","RIF_RL_100YR_2070":"Medium","RIF_RL_500YR_2020":"High","RIF_RL_500YR_2040":"High","RIF_RL_500YR_2070":"High"}},{"type":"Feature","id":204,"geometry":{"type":"Point","coordinates":[-82.1970179247663,29.309013172376]},"properties":{"OBJECTID_1":204,"OBJECTID":204,"Name":"LOWELL CORRECTIONAL INSTITUTION BOOT CAMP","Address":"11120 NW GAINESVILLE RD","City":"OCALA","Zip":"34482","COUNTY":"Marion","X":-82.19701792,"Y":29.30901317,"LONGLAT":"-82.19701792,29.30901317","USNG":"17R LN 83754 42816","OWNERSHIP":" ","PARCELID":"07399-083-00","FACILITY_T":"LOCAL CORRECTIONAL INSTITUTION","Asset_Elevation":null,"Owned_Maintained":" ","Asset":"LOCAL CORRECTIONAL INSTITUTION","Asset_Sub_Type":null,"Asset_Type":"Correctional Facilities","Asset_Group":"Critical Community and Emergency Facilities","Asset_Relevancy":"Locally Significant","Asset_ID":"CF_PT_204","Municipality":null,"Water_Management_District":"St. Johns River Water Management District","Souce_Dataset_Entity":"FDEM","Souce_Dataset_Name":"Correctional Facilities - FDEM","Source_Asset_ID":null,"Restricted_Public_Disclosure":null,"Notes":null,"Regional_Planning_Council":"East Central Florida","FDEP_Regulatory_District":"Central District","RCP_Region":"Northwest","FDOT_District":5,"House_District_Number":21,"Senate_District_Number":9,"CTF_RL_2020":"Not Affected","CTF_RL_2040_IL":"Not Affected","CTF_RL_2040_INT":"Not Affected","CTF_RL_2070_IL":"Not Affected","CTF_RL_2070_INT":"Not Affected","SSF_RL_100YR_CURR":"Not Affected","SSF_RL_100YR_2040_IL":"Not Affected","SSF_RL_100YR_2040_INT":"Not Affected","SSF_RL_100YR_2070_IL":"Not Affected","SSF_RL_100YR_2070_INT":"Not Affected","SSF_RL_500YR_CURR":"Not Affected","SSF_RL_500YR_2040_IL":"Not Affected","SSF_RL_500YR_2040_INT":"Not Affected","SSF_RL_500YR_2070_IL":"Not Affected","SSF_RL_500YR_2070_INT":"Not Affected","RIF_RL_100YR_2020":"Not Affected","RIF_RL_100YR_2040":"Not Affected","RIF_RL_100YR_2070":"Not Affected","RIF_RL_500YR_2020":"Not Affected","RIF_RL_500YR_2040":"Not Affected","RIF_RL_500YR_2070":"Not Affected"}},{"type":"Feature","id":205,"geometry":{"type":"Point","coordinates":[-82.1998327210735,29.311003084101]},"properties":{"OBJECTID_1":205,"OBJECTID":205,"Name":"FLORIDA DEPARTMENT OF CORRECTIONS REGION 3 - LOWELL CORRECTIONAL INSTITUTE","Address":"11120 NW GAINESVILLE RD","City":"OCALA","Zip":"34482","COUNTY":"Marion","X":-82.19983272,"Y":29.31100308,"LONGLAT":"-82.19983272,29.31100308","USNG":"17R LN 83483 43040","OWNERSHIP":" ","PARCELID":"07399-083-00","FACILITY_T":"LOCAL CORRECTIONAL INSTITUTION","Asset_Elevation":null,"Owned_Maintained":" ","Asset":"LOCAL CORRECTIONAL INSTITUTION","Asset_Sub_Type":null,"Asset_Type":"Correctional Facilities","Asset_Group":"Critical Community and Emergency Facilities","Asset_Relevancy":"Locally Significant","Asset_ID":"CF_PT_205","Municipality":null,"Water_Management_District":"St. Johns River Water Management District","Souce_Dataset_Entity":"FDEM","Souce_Dataset_Name":"Correctional Facilities - FDEM","Source_Asset_ID":null,"Restricted_Public_Disclosure":null,"Notes":null,"Regional_Planning_Council":"East Central Florida","FDEP_Regulatory_District":"Central District","RCP_Region":"Northwest","FDOT_District":5,"House_District_Number":21,"Senate_District_Number":9,"CTF_RL_2020":"Not Affected","CTF_RL_2040_IL":"Not Affected","CTF_RL_2040_INT":"Not Affected","CTF_RL_2070_IL":"Not Affected","CTF_RL_2070_INT":"Not Affected","SSF_RL_100YR_CURR":"Not Affected","SSF_RL_100YR_2040_IL":"Not Affected","SSF_RL_100YR_2040_INT":"Not Affected","SSF_RL_100YR_2070_IL":"Not Affected","SSF_RL_100YR_2070_INT":"Not Affected","SSF_RL_500YR_CURR":"Not Affected","SSF_RL_500YR_2040_IL":"Not Affected","SSF_RL_500YR_2040_INT":"Not Affected","SSF_RL_500YR_2070_IL":"Not Affected","SSF_RL_500YR_2070_INT":"Not Affected","RIF_RL_100YR_2020":"Not Affected","RIF_RL_100YR_2040":"Not Affected","RIF_RL_100YR_2070":"Not Affected","RIF_RL_500YR_2020":"Not Affected","RIF_RL_500YR_2040":"Not Affected","RIF_RL_500YR_2070":"Not Affected"}},{"type":"Feature","id":206,"geometry":{"type":"Point","coordinates":[-82.1762281796338,29.3086209848489]},"properties":{"OBJECTID_1":206,"OBJECTID":206,"Name":"MARION MENS CORRECTIONAL INSTITUTION","Address":"3269 NW 105TH ST","City":"OCALA","Zip":"34475","COUNTY":"Marion","X":-82.17622818,"Y":29.30862099,"LONGLAT":"-82.17622818,29.30862099","USNG":"17R LN 85773 42752","OWNERSHIP":" ","PARCELID":"12678-000-00","FACILITY_T":"LOCAL CORRECTIONAL INSTITUTION","Asset_Elevation":null,"Owned_Maintained":" ","Asset":"LOCAL CORRECTIONAL INSTITUTION","Asset_Sub_Type":null,"Asset_Type":"Correctional Facilities","Asset_Group":"Critical Community and Emergency Facilities","Asset_Relevancy":"Locally Significant","Asset_ID":"CF_PT_206","Municipality":null,"Water_Management_District":"St. Johns River Water Management District","Souce_Dataset_Entity":"FDEM","Souce_Dataset_Name":"Correctional Facilities - FDEM","Source_Asset_ID":null,"Restricted_Public_Disclosure":null,"Notes":null,"Regional_Planning_Council":"East Central Florida","FDEP_Regulatory_District":"Central District","RCP_Region":"Northwest","FDOT_District":5,"House_District_Number":21,"Senate_District_Number":9,"CTF_RL_2020":"Not Affected","CTF_RL_2040_IL":"Not Affected","CTF_RL_2040_INT":"Not Affected","CTF_RL_2070_IL":"Not Affected","CTF_RL_2070_INT":"Not Affected","SSF_RL_100YR_CURR":"Not Affected","SSF_RL_100YR_2040_IL":"Not Affected","SSF_RL_100YR_2040_INT":"Not Affected","SSF_RL_100YR_2070_IL":"Not Affected","SSF_RL_100YR_2070_INT":"Not Affected","SSF_RL_500YR_CURR":"Not Affected","SSF_RL_500YR_2040_IL":"Not Affected","SSF_RL_500YR_2040_INT":"Not Affected","SSF_RL_500YR_2070_IL":"Not Affected","SSF_RL_500YR_2070_INT":"Not Affected","RIF_RL_100YR_2020":"Not Affected","RIF_RL_100YR_2040":"Not Affected","RIF_RL_100YR_2070":"Not Affected","RIF_RL_500YR_2020":"Not Affected","RIF_RL_500YR_2040":"Not Affected","RIF_RL_500YR_2070":"Not Affected"}},{"type":"Feature","id":207,"geometry":{"type":"Point","coordinates":[-80.2429620293821,27.1701405309041]},"properties":{"OBJECTID_1":207,"OBJECTID":207,"Name":"MARTIN COUNTY JAIL","Address":"800 SE MONTEREY RD","City":"STUART","Zip":"34994","COUNTY":"Martin","X":-80.24296203,"Y":27.17014053,"LONGLAT":"-80.24296203,27.17014053","USNG":"17R NL 74997 05506","OWNERSHIP":"COUNTY","PARCELID":"163841000000000509","FACILITY_T":"LOCAL CORRECTIONAL INSTITUTION","Asset_Elevation":null,"Owned_Maintained":"COUNTY","Asset":"LOCAL CORRECTIONAL INSTITUTION","Asset_Sub_Type":null,"Asset_Type":"Correctional Facilities","Asset_Group":"Critical Community and Emergency Facilities","Asset_Relevancy":"Locally Significant","Asset_ID":"CF_PT_207","Municipality":null,"Water_Management_District":"South Florida Water Management District","Souce_Dataset_Entity":"FDEM","Souce_Dataset_Name":"Correctional Facilities - FDEM","Source_Asset_ID":null,"Restricted_Public_Disclosure":null,"Notes":null,"Regional_Planning_Council":"Treasure Coast","FDEP_Regulatory_District":"Southeast District","RCP_Region":"Northeast","FDOT_District":4,"House_District_Number":86,"Senate_District_Number":31,"CTF_RL_2020":"Not Affected","CTF_RL_2040_IL":"Not Affected","CTF_RL_2040_INT":"Not Affected","CTF_RL_2070_IL":"Not Affected","CTF_RL_2070_INT":"Not Affected","SSF_RL_100YR_CURR":"Not Affected","SSF_RL_100YR_2040_IL":"Not Affected","SSF_RL_100YR_2040_INT":"Not Affected","SSF_RL_100YR_2070_IL":"Not Affected","SSF_RL_100YR_2070_INT":"Not Affected","SSF_RL_500YR_CURR":"Not Affected","SSF_RL_500YR_2040_IL":"Not Affected","SSF_RL_500YR_2040_INT":"Not Affected","SSF_RL_500YR_2070_IL":"Not Affected","SSF_RL_500YR_2070_INT":"Not Affected","RIF_RL_100YR_2020":"Not Affected","RIF_RL_100YR_2040":"Not Affected","RIF_RL_100YR_2070":"Not Affected","RIF_RL_500YR_2020":"Not Affected","RIF_RL_500YR_2040":"Not Affected","RIF_RL_500YR_2070":"Not Affected"}},{"type":"Feature","id":208,"geometry":{"type":"Point","coordinates":[-80.1124750205039,27.0116397424813]},"properties":{"OBJECTID_1":208,"OBJECTID":208,"Name":"JONATHON DICKINSON S.T.O.P. CAMP","Address":"16450 SE FEDERAL HWY","City":"JUPITER","Zip":"33469","COUNTY":"Martin","X":-80.11247502,"Y":27.01163974,"LONGLAT":"-80.11247502,27.01163974","USNG":"17R NK 88048 88034","OWNERSHIP":" ","PARCELID":"114042000000000103","FACILITY_T":"CORRECTIONAL FACILITY","Asset_Elevation":null,"Owned_Maintained":" ","Asset":"CORRECTIONAL FACILITY","Asset_Sub_Type":null,"Asset_Type":"Correctional Facilities","Asset_Group":"Critical Community and Emergency Facilities","Asset_Relevancy":"Locally Significant","Asset_ID":"CF_PT_208","Municipality":null,"Water_Management_District":"South Florida Water Management District","Souce_Dataset_Entity":"FDEM","Souce_Dataset_Name":"Correctional Facilities - FDEM","Source_Asset_ID":null,"Restricted_Public_Disclosure":null,"Notes":null,"Regional_Planning_Council":"Treasure Coast","FDEP_Regulatory_District":"Southeast District","RCP_Region":"Northeast","FDOT_District":4,"House_District_Number":86,"Senate_District_Number":31,"CTF_RL_2020":"Not Affected","CTF_RL_2040_IL":"Not Affected","CTF_RL_2040_INT":"Not Affected","CTF_RL_2070_IL":"Not Affected","CTF_RL_2070_INT":"Not Affected","SSF_RL_100YR_CURR":"Not Affected","SSF_RL_100YR_2040_IL":"Not Affected","SSF_RL_100YR_2040_INT":"Not Affected","SSF_RL_100YR_2070_IL":"Not Affected","SSF_RL_100YR_2070_INT":"Not Affected","SSF_RL_500YR_CURR":"Not Affected","SSF_RL_500YR_2040_IL":"Not Affected","SSF_RL_500YR_2040_INT":"Not Affected","SSF_RL_500YR_2070_IL":"Not Affected","SSF_RL_500YR_2070_INT":"Low","RIF_RL_100YR_2020":"Medium","RIF_RL_100YR_2040":"Medium","RIF_RL_100YR_2070":"Medium","RIF_RL_500YR_2020":"Medium","RIF_RL_500YR_2040":"Medium","RIF_RL_500YR_2070":"Medium"}},{"type":"Feature","id":209,"geometry":{"type":"Point","coordinates":[-80.4837905600589,27.1969495467434]},"properties":{"OBJECTID_1":209,"OBJECTID":209,"Name":"MARTIN CORRECTIONAL INSTITUTION","Address":"1150 SW ALLAPATTAH RD","City":"INDIANTOWN","Zip":"34956","COUNTY":"Martin","X":-80.48379056,"Y":27.19694955,"LONGLAT":"-80.48379056,27.19694955","USNG":"17R NL 51126 08354","OWNERSHIP":" ","PARCELID":"ROW","FACILITY_T":"CORRECTIONAL FACILITY","Asset_Elevation":null,"Owned_Maintained":" ","Asset":"CORRECTIONAL FACILITY","Asset_Sub_Type":null,"Asset_Type":"Correctional Facilities","Asset_Group":"Critical Community and Emergency Facilities","Asset_Relevancy":"Locally Significant","Asset_ID":"CF_PT_209","Municipality":null,"Water_Management_District":"South Florida Water Management District","Souce_Dataset_Entity":"FDEM","Souce_Dataset_Name":"Correctional Facilities - FDEM","Source_Asset_ID":null,"Restricted_Public_Disclosure":null,"Notes":null,"Regional_Planning_Council":"Treasure Coast","FDEP_Regulatory_District":"Southeast District","RCP_Region":"Northeast","FDOT_District":4,"House_District_Number":86,"Senate_District_Number":31,"CTF_RL_2020":"Not Affected","CTF_RL_2040_IL":"Not Affected","CTF_RL_2040_INT":"Not Affected","CTF_RL_2070_IL":"Not Affected","CTF_RL_2070_INT":"Not Affected","SSF_RL_100YR_CURR":"Not Affected","SSF_RL_100YR_2040_IL":"Not Affected","SSF_RL_100YR_2040_INT":"Not Affected","SSF_RL_100YR_2070_IL":"Not Affected","SSF_RL_100YR_2070_INT":"Not Affected","SSF_RL_500YR_CURR":"Not Affected","SSF_RL_500YR_2040_IL":"Not Affected","SSF_RL_500YR_2040_INT":"Not Affected","SSF_RL_500YR_2070_IL":"Not Affected","SSF_RL_500YR_2070_INT":"Not Affected","RIF_RL_100YR_2020":"Not Affected","RIF_RL_100YR_2040":"Not Affected","RIF_RL_100YR_2070":"Not Affected","RIF_RL_500YR_2020":"Not Affected","RIF_RL_500YR_2040":"Not Affected","RIF_RL_500YR_2070":"Not Affected"}},{"type":"Feature","id":210,"geometry":{"type":"Point","coordinates":[-80.482512564819,27.2042914995877]},"properties":{"OBJECTID_1":210,"OBJECTID":210,"Name":"MARTIN WORK CAMP","Address":"1100 SW ALLAPATTAH RD","City":"INDIANTOWN","Zip":"34956","COUNTY":"Martin","X":-80.48251257,"Y":27.2042915,"LONGLAT":"-80.48251257,27.20429150","USNG":"17R NL 51249 09168","OWNERSHIP":"STATE OF FLORIDA TIITF","PARCELID":"013838000000000106","FACILITY_T":"CORRECTIONAL FACILITY","Asset_Elevation":null,"Owned_Maintained":"STATE OF FLORIDA TIITF","Asset":"CORRECTIONAL FACILITY","Asset_Sub_Type":null,"Asset_Type":"Correctional Facilities","Asset_Group":"Critical Community and Emergency Facilities","Asset_Relevancy":"Locally Significant","Asset_ID":"CF_PT_210","Municipality":null,"Water_Management_District":"South Florida Water Management District","Souce_Dataset_Entity":"FDEM","Souce_Dataset_Name":"Correctional Facilities - FDEM","Source_Asset_ID":null,"Restricted_Public_Disclosure":null,"Notes":null,"Regional_Planning_Council":"Treasure Coast","FDEP_Regulatory_District":"Southeast District","RCP_Region":"Northeast","FDOT_District":4,"House_District_Number":86,"Senate_District_Number":31,"CTF_RL_2020":"Not Affected","CTF_RL_2040_IL":"Not Affected","CTF_RL_2040_INT":"Not Affected","CTF_RL_2070_IL":"Not Affected","CTF_RL_2070_INT":"Not Affected","SSF_RL_100YR_CURR":"Not Affected","SSF_RL_100YR_2040_IL":"Not Affected","SSF_RL_100YR_2040_INT":"Not Affected","SSF_RL_100YR_2070_IL":"Not Affected","SSF_RL_100YR_2070_INT":"Not Affected","SSF_RL_500YR_CURR":"Not Affected","SSF_RL_500YR_2040_IL":"Not Affected","SSF_RL_500YR_2040_INT":"Not Affected","SSF_RL_500YR_2070_IL":"Not Affected","SSF_RL_500YR_2070_INT":"Not Affected","RIF_RL_100YR_2020":"Not Affected","RIF_RL_100YR_2040":"Not Affected","RIF_RL_100YR_2070":"Not Affected","RIF_RL_500YR_2020":"Not Affected","RIF_RL_500YR_2040":"Not Affected","RIF_RL_500YR_2070":"Not Affected"}},{"type":"Feature","id":211,"geometry":{"type":"Point","coordinates":[-80.4912318805341,25.7501076121058]},"properties":{"OBJECTID_1":211,"OBJECTID":211,"Name":"Everglades Correctional Ctr","Address":"1601 SW 187TH AV","City":"UNINCORPORATED MIAMI-DADE","Zip":"33185","COUNTY":"Miami-Dade","X":-80.49123188,"Y":25.75010761,"LONGLAT":"-80.49123188,25.75010761","USNG":"17R NJ 51023 48108","OWNERSHIP":" ","PARCELID":" ","FACILITY_T":"CORRECTIONAL FACILITY","Asset_Elevation":null,"Owned_Maintained":" ","Asset":"CORRECTIONAL FACILITY","Asset_Sub_Type":null,"Asset_Type":"Correctional Facilities","Asset_Group":"Critical Community and Emergency Facilities","Asset_Relevancy":"Locally Significant","Asset_ID":"CF_PT_211","Municipality":null,"Water_Management_District":"South Florida Water Management District","Souce_Dataset_Entity":"FDEM","Souce_Dataset_Name":"Correctional Facilities - FDEM","Source_Asset_ID":null,"Restricted_Public_Disclosure":null,"Notes":null,"Regional_Planning_Council":"South Florida","FDEP_Regulatory_District":"Southeast District","RCP_Region":"Southeast","FDOT_District":6,"House_District_Number":120,"Senate_District_Number":40,"CTF_RL_2020":"Not Affected","CTF_RL_2040_IL":"Not Affected","CTF_RL_2040_INT":"Not Affected","CTF_RL_2070_IL":"Not Affected","CTF_RL_2070_INT":"Not Affected","SSF_RL_100YR_CURR":"Not Affected","SSF_RL_100YR_2040_IL":"Not Affected","SSF_RL_100YR_2040_INT":"Not Affected","SSF_RL_100YR_2070_IL":"Not Affected","SSF_RL_100YR_2070_INT":"Not Affected","SSF_RL_500YR_CURR":"Not Affected","SSF_RL_500YR_2040_IL":"Not Affected","SSF_RL_500YR_2040_INT":"Not Affected","SSF_RL_500YR_2070_IL":"Not Affected","SSF_RL_500YR_2070_INT":"Not Affected","RIF_RL_100YR_2020":"Not Affected","RIF_RL_100YR_2040":"Not Affected","RIF_RL_100YR_2070":"Not Affected","RIF_RL_500YR_2020":"Not Affected","RIF_RL_500YR_2040":"Not Affected","RIF_RL_500YR_2070":"Not Affected"}},{"type":"Feature","id":212,"geometry":{"type":"Point","coordinates":[-80.5101266629656,25.5306367716321]},"properties":{"OBJECTID_1":212,"OBJECTID":212,"Name":"DADE GROUP HOME","Address":"25345 SW 197TH AVE","City":"HOMESTEAD","Zip":"33031","COUNTY":"Miami-Dade","X":-80.51012666,"Y":25.53063677,"LONGLAT":"-80.51012666,25.53063677","USNG":"17R NJ 49218 23797","OWNERSHIP":"STATE OF FLORIDA TIITF","PARCELID":"3068260000340","FACILITY_T":"CORRECTIONAL FACILITY","Asset_Elevation":null,"Owned_Maintained":"STATE OF FLORIDA TIITF","Asset":"CORRECTIONAL FACILITY","Asset_Sub_Type":null,"Asset_Type":"Correctional Facilities","Asset_Group":"Critical Community and Emergency Facilities","Asset_Relevancy":"Locally Significant","Asset_ID":"CF_PT_212","Municipality":null,"Water_Management_District":"South Florida Water Management District","Souce_Dataset_Entity":"FDEM","Souce_Dataset_Name":"Correctional Facilities - FDEM","Source_Asset_ID":null,"Restricted_Public_Disclosure":null,"Notes":null,"Regional_Planning_Council":"South Florida","FDEP_Regulatory_District":"Southeast District","RCP_Region":"Southeast","FDOT_District":6,"House_District_Number":120,"Senate_District_Number":40,"CTF_RL_2020":"Not Affected","CTF_RL_2040_IL":"Not Affected","CTF_RL_2040_INT":"Not Affected","CTF_RL_2070_IL":"Not Affected","CTF_RL_2070_INT":"Not Affected","SSF_RL_100YR_CURR":"Not Affected","SSF_RL_100YR_2040_IL":"Not Affected","SSF_RL_100YR_2040_INT":"Not Affected","SSF_RL_100YR_2070_IL":"Low","SSF_RL_100YR_2070_INT":"Medium","SSF_RL_500YR_CURR":"High","SSF_RL_500YR_2040_IL":"High","SSF_RL_500YR_2040_INT":"High","SSF_RL_500YR_2070_IL":"High","SSF_RL_500YR_2070_INT":"High","RIF_RL_100YR_2020":"Medium","RIF_RL_100YR_2040":"Medium","RIF_RL_100YR_2070":"Medium","RIF_RL_500YR_2020":"Medium","RIF_RL_500YR_2040":"Medium","RIF_RL_500YR_2070":"Medium"}},{"type":"Feature","id":213,"geometry":{"type":"Point","coordinates":[-80.2895245794982,25.8974136602966]},"properties":{"OBJECTID_1":213,"OBJECTID":213,"Name":"OPA LOCKA COMMUNITY CORRECTIONAL CENTER","Address":"5400 NW 135TH ST","City":"OPA LOCKA","Zip":"33054","COUNTY":"Miami-Dade","X":-80.28952458,"Y":25.89741366,"LONGLAT":"-80.28952458,25.89741366","USNG":"17R NJ 71165 64515","OWNERSHIP":"STATE","PARCELID":"3021190020030","FACILITY_T":"CORRECTIONAL FACILITY","Asset_Elevation":null,"Owned_Maintained":"STATE","Asset":"CORRECTIONAL FACILITY","Asset_Sub_Type":null,"Asset_Type":"Correctional Facilities","Asset_Group":"Critical Community and Emergency Facilities","Asset_Relevancy":"Locally Significant","Asset_ID":"CF_PT_213","Municipality":null,"Water_Management_District":"South Florida Water Management District","Souce_Dataset_Entity":"FDEM","Souce_Dataset_Name":"Correctional Facilities - FDEM","Source_Asset_ID":null,"Restricted_Public_Disclosure":null,"Notes":null,"Regional_Planning_Council":"South Florida","FDEP_Regulatory_District":"Southeast District","RCP_Region":"Southeast","FDOT_District":6,"House_District_Number":110,"Senate_District_Number":39,"CTF_RL_2020":"Not Affected","CTF_RL_2040_IL":"Not Affected","CTF_RL_2040_INT":"Not Affected","CTF_RL_2070_IL":"Not Affected","CTF_RL_2070_INT":"Not Affected","SSF_RL_100YR_CURR":"Not Affected","SSF_RL_100YR_2040_IL":"Not Affected","SSF_RL_100YR_2040_INT":"Not Affected","SSF_RL_100YR_2070_IL":"Not Affected","SSF_RL_100YR_2070_INT":"Not Affected","SSF_RL_500YR_CURR":"Not Affected","SSF_RL_500YR_2040_IL":"Low","SSF_RL_500YR_2040_INT":"Medium","SSF_RL_500YR_2070_IL":"Medium","SSF_RL_500YR_2070_INT":"Medium","RIF_RL_100YR_2020":"Medium","RIF_RL_100YR_2040":"Medium","RIF_RL_100YR_2070":"Medium","RIF_RL_500YR_2020":"Medium","RIF_RL_500YR_2040":"Medium","RIF_RL_500YR_2070":"Medium"}},{"type":"Feature","id":214,"geometry":{"type":"Point","coordinates":[-80.406287633964,25.53438794222]},"properties":{"OBJECTID_1":214,"OBJECTID":214,"Name":"BAYPOINT SCHOOL WEST","Address":"25005 SW 133RD AVE","City":"HOMESTEAD","Zip":"33032","COUNTY":"Miami-Dade","X":-80.40628763,"Y":25.53438794,"LONGLAT":"-80.40628763,25.53438794","USNG":"17R NJ 59650 24255","OWNERSHIP":"COUNTY","PARCELID":"3069260000044","FACILITY_T":"CORRECTIONAL FACILITY","Asset_Elevation":null,"Owned_Maintained":"COUNTY","Asset":"CORRECTIONAL FACILITY","Asset_Sub_Type":null,"Asset_Type":"Correctional Facilities","Asset_Group":"Critical Community and Emergency Facilities","Asset_Relevancy":"Locally Significant","Asset_ID":"CF_PT_214","Municipality":null,"Water_Management_District":"South Florida Water Management District","Souce_Dataset_Entity":"FDEM","Souce_Dataset_Name":"Correctional Facilities - FDEM","Source_Asset_ID":null,"Restricted_Public_Disclosure":null,"Notes":null,"Regional_Planning_Council":"South Florida","FDEP_Regulatory_District":"Southeast District","RCP_Region":"Southeast","FDOT_District":6,"House_District_Number":117,"Senate_District_Number":38,"CTF_RL_2020":"Not Affected","CTF_RL_2040_IL":"Not Affected","CTF_RL_2040_INT":"Not Affected","CTF_RL_2070_IL":"Not Affected","CTF_RL_2070_INT":"Not Affected","SSF_RL_100YR_CURR":"Not Affected","SSF_RL_100YR_2040_IL":"Not Affected","SSF_RL_100YR_2040_INT":"Not Affected","SSF_RL_100YR_2070_IL":"Not Affected","SSF_RL_100YR_2070_INT":"Not Affected","SSF_RL_500YR_CURR":"Medium","SSF_RL_500YR_2040_IL":"High","SSF_RL_500YR_2040_INT":"High","SSF_RL_500YR_2070_IL":"High","SSF_RL_500YR_2070_INT":"High","RIF_RL_100YR_2020":"Not Affected","RIF_RL_100YR_2040":"Not Affected","RIF_RL_100YR_2070":"Not Affected","RIF_RL_500YR_2020":"Low","RIF_RL_500YR_2040":"Low","RIF_RL_500YR_2070":"Low"}},{"type":"Feature","id":215,"geometry":{"type":"Point","coordinates":[-80.567106426966,25.3857207188832]},"properties":{"OBJECTID_1":215,"OBJECTID":215,"Name":"SOUTHERN GLADES YOUTH CAMP","Address":"41600 SW 232ND AVE","City":"HOMESTEAD","Zip":"33034","COUNTY":"Miami-Dade","X":-80.56710643,"Y":25.38572072,"LONGLAT":"-80.56710643,25.38572072","USNG":"17R NJ 43546 07729","OWNERSHIP":" ","PARCELID":" ","FACILITY_T":"CORRECTIONAL FACILITY","Asset_Elevation":null,"Owned_Maintained":" ","Asset":"CORRECTIONAL FACILITY","Asset_Sub_Type":null,"Asset_Type":"Correctional Facilities","Asset_Group":"Critical Community and Emergency Facilities","Asset_Relevancy":"Locally Significant","Asset_ID":"CF_PT_215","Municipality":null,"Water_Management_District":"South Florida Water Management District","Souce_Dataset_Entity":"FDEM","Souce_Dataset_Name":"Correctional Facilities - FDEM","Source_Asset_ID":null,"Restricted_Public_Disclosure":null,"Notes":null,"Regional_Planning_Council":"South Florida","FDEP_Regulatory_District":"Southeast District","RCP_Region":"Southeast","FDOT_District":6,"House_District_Number":120,"Senate_District_Number":40,"CTF_RL_2020":"Not Affected","CTF_RL_2040_IL":"Not Affected","CTF_RL_2040_INT":"Not Affected","CTF_RL_2070_IL":"Not Affected","CTF_RL_2070_INT":"Not Affected","SSF_RL_100YR_CURR":"Not Affected","SSF_RL_100YR_2040_IL":"Not Affected","SSF_RL_100YR_2040_INT":"Not Affected","SSF_RL_100YR_2070_IL":"Not Affected","SSF_RL_100YR_2070_INT":"Not Affected","SSF_RL_500YR_CURR":"Low","SSF_RL_500YR_2040_IL":"Medium","SSF_RL_500YR_2040_INT":"Medium","SSF_RL_500YR_2070_IL":"Medium","SSF_RL_500YR_2070_INT":"High","RIF_RL_100YR_2020":"Not Affected","RIF_RL_100YR_2040":"Not Affected","RIF_RL_100YR_2070":"Not Affected","RIF_RL_500YR_2020":"Not Affected","RIF_RL_500YR_2040":"Not Affected","RIF_RL_500YR_2070":"Not Affected"}},{"type":"Feature","id":216,"geometry":{"type":"Point","coordinates":[-80.4255851978281,25.8069066270009]},"properties":{"OBJECTID_1":216,"OBJECTID":216,"Name":"SOUTH FLORIDA RECEPTION CENTER","Address":"14000 NW 41ST ST","City":"MIAMI","Zip":"33178","COUNTY":"Miami-Dade","X":-80.4255852,"Y":25.80690663,"LONGLAT":"-80.42558520,25.80690663","USNG":"17R NJ 57580 54425","OWNERSHIP":"STATE OF FLORIDA TIITF","PARCELID":"3039270000040","FACILITY_T":"CORRECTIONAL FACILITY","Asset_Elevation":null,"Owned_Maintained":"STATE OF FLORIDA TIITF","Asset":"CORRECTIONAL FACILITY","Asset_Sub_Type":null,"Asset_Type":"Correctional Facilities","Asset_Group":"Critical Community and Emergency Facilities","Asset_Relevancy":"Locally Significant","Asset_ID":"CF_PT_216","Municipality":null,"Water_Management_District":"South Florida Water Management District","Souce_Dataset_Entity":"FDEM","Souce_Dataset_Name":"Correctional Facilities - FDEM","Source_Asset_ID":null,"Restricted_Public_Disclosure":null,"Notes":null,"Regional_Planning_Council":"South Florida","FDEP_Regulatory_District":"Southeast District","RCP_Region":"Southeast","FDOT_District":6,"House_District_Number":111,"Senate_District_Number":39,"CTF_RL_2020":"Not Affected","CTF_RL_2040_IL":"Not Affected","CTF_RL_2040_INT":"Not Affected","CTF_RL_2070_IL":"Not Affected","CTF_RL_2070_INT":"Not Affected","SSF_RL_100YR_CURR":"Not Affected","SSF_RL_100YR_2040_IL":"Not Affected","SSF_RL_100YR_2040_INT":"Not Affected","SSF_RL_100YR_2070_IL":"Not Affected","SSF_RL_100YR_2070_INT":"Not Affected","SSF_RL_500YR_CURR":"Not Affected","SSF_RL_500YR_2040_IL":"Not Affected","SSF_RL_500YR_2040_INT":"Not Affected","SSF_RL_500YR_2070_IL":"Not Affected","SSF_RL_500YR_2070_INT":"Not Affected","RIF_RL_100YR_2020":"Not Affected","RIF_RL_100YR_2040":"Not Affected","RIF_RL_100YR_2070":"Not Affected","RIF_RL_500YR_2020":"Not Affected","RIF_RL_500YR_2040":"Not Affected","RIF_RL_500YR_2070":"Not Affected"}},{"type":"Feature","id":217,"geometry":{"type":"Point","coordinates":[-80.4809075510553,25.3724320427931]},"properties":{"OBJECTID_1":217,"OBJECTID":217,"Name":"EVERGLADES YOUTH DEV CTR","Address":"18500 SW 424TH ST","City":"HOMESTEAD","Zip":"33034","COUNTY":"Miami-Dade","X":-80.48090755,"Y":25.37243204,"LONGLAT":"-80.48090755,25.37243204","USNG":"17R NJ 52222 06289","OWNERSHIP":"STATE","PARCELID":"3088240000040","FACILITY_T":"CORRECTIONAL FACILITY","Asset_Elevation":null,"Owned_Maintained":"STATE","Asset":"CORRECTIONAL FACILITY","Asset_Sub_Type":null,"Asset_Type":"Correctional Facilities","Asset_Group":"Critical Community and Emergency Facilities","Asset_Relevancy":"Locally Significant","Asset_ID":"CF_PT_217","Municipality":null,"Water_Management_District":"South Florida Water Management District","Souce_Dataset_Entity":"FDEM","Souce_Dataset_Name":"Correctional Facilities - FDEM","Source_Asset_ID":null,"Restricted_Public_Disclosure":null,"Notes":null,"Regional_Planning_Council":"South Florida","FDEP_Regulatory_District":"Southeast District","RCP_Region":"Southeast","FDOT_District":6,"House_District_Number":120,"Senate_District_Number":40,"CTF_RL_2020":"Not Affected","CTF_RL_2040_IL":"Not Affected","CTF_RL_2040_INT":"Not Affected","CTF_RL_2070_IL":"Not Affected","CTF_RL_2070_INT":"Not Affected","SSF_RL_100YR_CURR":"Not Affected","SSF_RL_100YR_2040_IL":"Not Affected","SSF_RL_100YR_2040_INT":"Not Affected","SSF_RL_100YR_2070_IL":"Medium","SSF_RL_100YR_2070_INT":"Medium","SSF_RL_500YR_CURR":"High","SSF_RL_500YR_2040_IL":"High","SSF_RL_500YR_2040_INT":"High","SSF_RL_500YR_2070_IL":"High","SSF_RL_500YR_2070_INT":"High","RIF_RL_100YR_2020":"Not Affected","RIF_RL_100YR_2040":"Not Affected","RIF_RL_100YR_2070":"Not Affected","RIF_RL_500YR_2020":"Not Affected","RIF_RL_500YR_2040":"Not Affected","RIF_RL_500YR_2070":"Not Affected"}},{"type":"Feature","id":218,"geometry":{"type":"Point","coordinates":[-80.3124466966688,25.8109971613338]},"properties":{"OBJECTID_1":218,"OBJECTID":218,"Name":"MIAMI NORTH WORK RELEASE CENTER","Address":"7090 NW 41ST ST","City":"MIAMI","Zip":"33166","COUNTY":"Miami-Dade","X":-80.3124467,"Y":25.81099716,"LONGLAT":"-80.31244670,25.81099716","USNG":"17R NJ 68919 54933","OWNERSHIP":"STATE","PARCELID":"3030260000020","FACILITY_T":"CORRECTIONAL FACILITY","Asset_Elevation":null,"Owned_Maintained":"STATE","Asset":"CORRECTIONAL FACILITY","Asset_Sub_Type":null,"Asset_Type":"Correctional Facilities","Asset_Group":"Critical Community and Emergency Facilities","Asset_Relevancy":"Locally Significant","Asset_ID":"CF_PT_218","Municipality":null,"Water_Management_District":"South Florida Water Management District","Souce_Dataset_Entity":"FDEM","Souce_Dataset_Name":"Correctional Facilities - FDEM","Source_Asset_ID":null,"Restricted_Public_Disclosure":null,"Notes":null,"Regional_Planning_Council":"South Florida","FDEP_Regulatory_District":"Southeast District","RCP_Region":"Southeast","FDOT_District":6,"House_District_Number":112,"Senate_District_Number":39,"CTF_RL_2020":"Not Affected","CTF_RL_2040_IL":"Not Affected","CTF_RL_2040_INT":"Not Affected","CTF_RL_2070_IL":"Not Affected","CTF_RL_2070_INT":"Not Affected","SSF_RL_100YR_CURR":"Low","SSF_RL_100YR_2040_IL":"Medium","SSF_RL_100YR_2040_INT":"Medium","SSF_RL_100YR_2070_IL":"Medium","SSF_RL_100YR_2070_INT":"High","SSF_RL_500YR_CURR":"Medium","SSF_RL_500YR_2040_IL":"High","SSF_RL_500YR_2040_INT":"High","SSF_RL_500YR_2070_IL":"High","SSF_RL_500YR_2070_INT":"High","RIF_RL_100YR_2020":"Low","RIF_RL_100YR_2040":"Medium","RIF_RL_100YR_2070":"Medium","RIF_RL_500YR_2020":"Medium","RIF_RL_500YR_2040":"Medium","RIF_RL_500YR_2070":"Medium"}},{"type":"Feature","id":219,"geometry":{"type":"Point","coordinates":[-80.4891045134136,25.7543100837488]},"properties":{"OBJECTID_1":219,"OBJECTID":219,"Name":"KROME REGIONAL DETENTION CENTER","Address":"18201 SW 12TH ST","City":"MIAMI","Zip":"33194","COUNTY":"Miami-Dade","X":-80.48910451,"Y":25.75431008,"LONGLAT":"-80.48910451,25.75431008","USNG":"17R NJ 51235 48574","OWNERSHIP":" ","PARCELID":"3048110000015","FACILITY_T":"CORRECTIONAL FACILITY","Asset_Elevation":null,"Owned_Maintained":" ","Asset":"CORRECTIONAL FACILITY","Asset_Sub_Type":null,"Asset_Type":"Correctional Facilities","Asset_Group":"Critical Community and Emergency Facilities","Asset_Relevancy":"Locally Significant","Asset_ID":"CF_PT_219","Municipality":null,"Water_Management_District":"South Florida Water Management District","Souce_Dataset_Entity":"FDEM","Souce_Dataset_Name":"Correctional Facilities - FDEM","Source_Asset_ID":null,"Restricted_Public_Disclosure":null,"Notes":null,"Regional_Planning_Council":"South Florida","FDEP_Regulatory_District":"Southeast District","RCP_Region":"Southeast","FDOT_District":6,"House_District_Number":120,"Senate_District_Number":40,"CTF_RL_2020":"Not Affected","CTF_RL_2040_IL":"Not Affected","CTF_RL_2040_INT":"Not Affected","CTF_RL_2070_IL":"Not Affected","CTF_RL_2070_INT":"Not Affected","SSF_RL_100YR_CURR":"Not Affected","SSF_RL_100YR_2040_IL":"Not Affected","SSF_RL_100YR_2040_INT":"Not Affected","SSF_RL_100YR_2070_IL":"Not Affected","SSF_RL_100YR_2070_INT":"Not Affected","SSF_RL_500YR_CURR":"Not Affected","SSF_RL_500YR_2040_IL":"Not Affected","SSF_RL_500YR_2040_INT":"Not Affected","SSF_RL_500YR_2070_IL":"Not Affected","SSF_RL_500YR_2070_INT":"Not Affected","RIF_RL_100YR_2020":"Not Affected","RIF_RL_100YR_2040":"Not Affected","RIF_RL_100YR_2070":"Not Affected","RIF_RL_500YR_2020":"Not Affected","RIF_RL_500YR_2040":"Not Affected","RIF_RL_500YR_2070":"Not Affected"}},{"type":"Feature","id":220,"geometry":{"type":"Point","coordinates":[-80.2815112511113,25.9636239633498]},"properties":{"OBJECTID_1":220,"OBJECTID":220,"Name":"BAY POINT SCHOOL NORTH","Address":"20660 NW 47TH AVE","City":"OPA LOCKA","Zip":"33055","COUNTY":"Miami-Dade","X":-80.28151125,"Y":25.96362396,"LONGLAT":"-80.28151125,25.96362396","USNG":"17R NJ 71927 71852","OWNERSHIP":"STATE","PARCELID":"3011310010020","FACILITY_T":"CORRECTIONAL FACILITY","Asset_Elevation":null,"Owned_Maintained":"STATE","Asset":"CORRECTIONAL FACILITY","Asset_Sub_Type":null,"Asset_Type":"Correctional Facilities","Asset_Group":"Critical Community and Emergency Facilities","Asset_Relevancy":"Locally Significant","Asset_ID":"CF_PT_220","Municipality":null,"Water_Management_District":"South Florida Water Management District","Souce_Dataset_Entity":"FDEM","Souce_Dataset_Name":"Correctional Facilities - FDEM","Source_Asset_ID":null,"Restricted_Public_Disclosure":null,"Notes":null,"Regional_Planning_Council":"South Florida","FDEP_Regulatory_District":"Southeast District","RCP_Region":"Southeast","FDOT_District":6,"House_District_Number":104,"Senate_District_Number":39,"CTF_RL_2020":"Not Affected","CTF_RL_2040_IL":"Not Affected","CTF_RL_2040_INT":"Not Affected","CTF_RL_2070_IL":"Not Affected","CTF_RL_2070_INT":"Not Affected","SSF_RL_100YR_CURR":"Not Affected","SSF_RL_100YR_2040_IL":"Not Affected","SSF_RL_100YR_2040_INT":"Not Affected","SSF_RL_100YR_2070_IL":"Not Affected","SSF_RL_100YR_2070_INT":"Not Affected","SSF_RL_500YR_CURR":"Not Affected","SSF_RL_500YR_2040_IL":"Medium","SSF_RL_500YR_2040_INT":"Medium","SSF_RL_500YR_2070_IL":"Medium","SSF_RL_500YR_2070_INT":"Medium","RIF_RL_100YR_2020":"Not Affected","RIF_RL_100YR_2040":"Not Affected","RIF_RL_100YR_2070":"Not Affected","RIF_RL_500YR_2020":"Medium","RIF_RL_500YR_2040":"Medium","RIF_RL_500YR_2070":"Medium"}},{"type":"Feature","id":221,"geometry":{"type":"Point","coordinates":[-80.4974614381551,25.412994706713]},"properties":{"OBJECTID_1":221,"OBJECTID":221,"Name":"DADE CORRECTIONAL INST","Address":"19000 SW 377TH ST","City":"HOMESTEAD","Zip":"33034","COUNTY":"Miami-Dade","X":-80.49746144,"Y":25.41299471,"LONGLAT":"-80.49746144,25.41299471","USNG":"17R NJ 50540 10774","OWNERSHIP":"STATE","PARCELID":"3088020000040","FACILITY_T":"CORRECTIONAL FACILITY","Asset_Elevation":null,"Owned_Maintained":"STATE","Asset":"CORRECTIONAL FACILITY","Asset_Sub_Type":null,"Asset_Type":"Correctional Facilities","Asset_Group":"Critical Community and Emergency Facilities","Asset_Relevancy":"Locally Significant","Asset_ID":"CF_PT_221","Municipality":null,"Water_Management_District":"South Florida Water Management District","Souce_Dataset_Entity":"FDEM","Souce_Dataset_Name":"Correctional Facilities - FDEM","Source_Asset_ID":null,"Restricted_Public_Disclosure":null,"Notes":null,"Regional_Planning_Council":"South Florida","FDEP_Regulatory_District":"Southeast District","RCP_Region":"Southeast","FDOT_District":6,"House_District_Number":120,"Senate_District_Number":40,"CTF_RL_2020":"Not Affected","CTF_RL_2040_IL":"Not Affected","CTF_RL_2040_INT":"Not Affected","CTF_RL_2070_IL":"Not Affected","CTF_RL_2070_INT":"Not Affected","SSF_RL_100YR_CURR":"Not Affected","SSF_RL_100YR_2040_IL":"Not Affected","SSF_RL_100YR_2040_INT":"Not Affected","SSF_RL_100YR_2070_IL":"Medium","SSF_RL_100YR_2070_INT":"Medium","SSF_RL_500YR_CURR":"High","SSF_RL_500YR_2040_IL":"High","SSF_RL_500YR_2040_INT":"High","SSF_RL_500YR_2070_IL":"High","SSF_RL_500YR_2070_INT":"High","RIF_RL_100YR_2020":"Not Affected","RIF_RL_100YR_2040":"Not Affected","RIF_RL_100YR_2070":"Not Affected","RIF_RL_500YR_2020":"Not Affected","RIF_RL_500YR_2040":"Not Affected","RIF_RL_500YR_2070":"Not Affected"}},{"type":"Feature","id":222,"geometry":{"type":"Point","coordinates":[-80.4999131293629,25.4154882760423]},"properties":{"OBJECTID_1":222,"OBJECTID":222,"Name":"HOMESTEAD CORRECTIONAL INSTITUTION","Address":"19000 SW 377TH ST","City":"HOMESTEAD","Zip":"33034","COUNTY":"Miami-Dade","X":-80.49991313,"Y":25.41548828,"LONGLAT":"-80.49991313,25.41548828","USNG":"17R NJ 50293 11049","OWNERSHIP":" ","PARCELID":"3088020000030","FACILITY_T":"CORRECTIONAL FACILITY","Asset_Elevation":null,"Owned_Maintained":" ","Asset":"CORRECTIONAL FACILITY","Asset_Sub_Type":null,"Asset_Type":"Correctional Facilities","Asset_Group":"Critical Community and Emergency Facilities","Asset_Relevancy":"Locally Significant","Asset_ID":"CF_PT_222","Municipality":null,"Water_Management_District":"South Florida Water Management District","Souce_Dataset_Entity":"FDEM","Souce_Dataset_Name":"Correctional Facilities - FDEM","Source_Asset_ID":null,"Restricted_Public_Disclosure":null,"Notes":null,"Regional_Planning_Council":"South Florida","FDEP_Regulatory_District":"Southeast District","RCP_Region":"Southeast","FDOT_District":6,"House_District_Number":120,"Senate_District_Number":40,"CTF_RL_2020":"Not Affected","CTF_RL_2040_IL":"Not Affected","CTF_RL_2040_INT":"Not Affected","CTF_RL_2070_IL":"Not Affected","CTF_RL_2070_INT":"Not Affected","SSF_RL_100YR_CURR":"Not Affected","SSF_RL_100YR_2040_IL":"Not Affected","SSF_RL_100YR_2040_INT":"Not Affected","SSF_RL_100YR_2070_IL":"Not Affected","SSF_RL_100YR_2070_INT":"Not Affected","SSF_RL_500YR_CURR":"Not Affected","SSF_RL_500YR_2040_IL":"Not Affected","SSF_RL_500YR_2040_INT":"Not Affected","SSF_RL_500YR_2070_IL":"Not Affected","SSF_RL_500YR_2070_INT":"Low","RIF_RL_100YR_2020":"Not Affected","RIF_RL_100YR_2040":"Not Affected","RIF_RL_100YR_2070":"Not Affected","RIF_RL_500YR_2020":"Not Affected","RIF_RL_500YR_2040":"Not Affected","RIF_RL_500YR_2070":"Not Affected"}},{"type":"Feature","id":223,"geometry":{"type":"Point","coordinates":[-80.3693571734781,25.5621150711653]},"properties":{"OBJECTID_1":223,"OBJECTID":223,"Name":"WINGS FOR LIFE JUV CTR","Address":"11000 SW 220TH ST","City":"MIAMI","Zip":"33170","COUNTY":"Miami-Dade","X":-80.36935717,"Y":25.56211507,"LONGLAT":"-80.36935717,25.56211507","USNG":"17R NJ 63346 27342","OWNERSHIP":"STATE","PARCELID":"3060180000021","FACILITY_T":"CORRECTIONAL FACILITY","Asset_Elevation":null,"Owned_Maintained":"STATE","Asset":"CORRECTIONAL FACILITY","Asset_Sub_Type":null,"Asset_Type":"Correctional Facilities","Asset_Group":"Critical Community and Emergency Facilities","Asset_Relevancy":"Locally Significant","Asset_ID":"CF_PT_223","Municipality":null,"Water_Management_District":"South Florida Water Management District","Souce_Dataset_Entity":"FDEM","Souce_Dataset_Name":"Correctional Facilities - FDEM","Source_Asset_ID":null,"Restricted_Public_Disclosure":null,"Notes":null,"Regional_Planning_Council":"South Florida","FDEP_Regulatory_District":"Southeast District","RCP_Region":"Southeast","FDOT_District":6,"House_District_Number":117,"Senate_District_Number":38,"CTF_RL_2020":"Not Affected","CTF_RL_2040_IL":"Not Affected","CTF_RL_2040_INT":"Not Affected","CTF_RL_2070_IL":"Not Affected","CTF_RL_2070_INT":"Not Affected","SSF_RL_100YR_CURR":"Medium","SSF_RL_100YR_2040_IL":"High","SSF_RL_100YR_2040_INT":"High","SSF_RL_100YR_2070_IL":"High","SSF_RL_100YR_2070_INT":"High","SSF_RL_500YR_CURR":"High","SSF_RL_500YR_2040_IL":"High","SSF_RL_500YR_2040_INT":"High","SSF_RL_500YR_2070_IL":"High","SSF_RL_500YR_2070_INT":"High","RIF_RL_100YR_2020":"Not Affected","RIF_RL_100YR_2040":"Not Affected","RIF_RL_100YR_2070":"Not Affected","RIF_RL_500YR_2020":"Not Affected","RIF_RL_500YR_2040":"Not Affected","RIF_RL_500YR_2070":"Not Affected"}},{"type":"Feature","id":224,"geometry":{"type":"Point","coordinates":[-80.2415849106426,25.8062035679376]},"properties":{"OBJECTID_1":224,"OBJECTID":224,"Name":"MIAMI DADE REGIONAL JUVENILE DETENTION CENTER","Address":"3300 NW 27TH AVE","City":"MIAMI","Zip":"33142","COUNTY":"Miami-Dade","X":-80.24158491,"Y":25.80620357,"LONGLAT":"-80.24158491,25.80620357","USNG":"17R NJ 76025 54441","OWNERSHIP":"COUNTY","PARCELID":"3031280160010","FACILITY_T":"JUVENILE CORRECTIONAL INSTITUTION","Asset_Elevation":null,"Owned_Maintained":"COUNTY","Asset":"JUVENILE CORRECTIONAL INSTITUTION","Asset_Sub_Type":null,"Asset_Type":"Correctional Facilities","Asset_Group":"Critical Community and Emergency Facilities","Asset_Relevancy":"Locally Significant","Asset_ID":"CF_PT_224","Municipality":null,"Water_Management_District":"South Florida Water Management District","Souce_Dataset_Entity":"FDEM","Souce_Dataset_Name":"Correctional Facilities - FDEM","Source_Asset_ID":null,"Restricted_Public_Disclosure":null,"Notes":null,"Regional_Planning_Council":"South Florida","FDEP_Regulatory_District":"Southeast District","RCP_Region":"Southeast","FDOT_District":6,"House_District_Number":109,"Senate_District_Number":39,"CTF_RL_2020":"Not Affected","CTF_RL_2040_IL":"Not Affected","CTF_RL_2040_INT":"Not Affected","CTF_RL_2070_IL":"Not Affected","CTF_RL_2070_INT":"Not Affected","SSF_RL_100YR_CURR":"Not Affected","SSF_RL_100YR_2040_IL":"Not Affected","SSF_RL_100YR_2040_INT":"Not Affected","SSF_RL_100YR_2070_IL":"Not Affected","SSF_RL_100YR_2070_INT":"Not Affected","SSF_RL_500YR_CURR":"Low","SSF_RL_500YR_2040_IL":"Medium","SSF_RL_500YR_2040_INT":"Medium","SSF_RL_500YR_2070_IL":"Medium","SSF_RL_500YR_2070_INT":"High","RIF_RL_100YR_2020":"Not Affected","RIF_RL_100YR_2040":"Not Affected","RIF_RL_100YR_2070":"Not Affected","RIF_RL_500YR_2020":"Not Affected","RIF_RL_500YR_2040":"Not Affected","RIF_RL_500YR_2070":"Not Affected"}},{"type":"Feature","id":225,"geometry":{"type":"Point","coordinates":[-80.1929639009656,25.7784571797382]},"properties":{"OBJECTID_1":225,"OBJECTID":225,"Name":"FDC MIAMI","Address":"33 NE 4TH ST","City":"MIAMI","Zip":"33132","COUNTY":"Miami-Dade","X":-80.1929639,"Y":25.77845718,"LONGLAT":"-80.19296390,25.77845718","USNG":"17R NJ 80918 51397","OWNERSHIP":"STATE OF FLORIDA TIITF","PARCELID":"0141370400030","FACILITY_T":"FEDERAL CORRECTIONAL INSTITUTION","Asset_Elevation":null,"Owned_Maintained":"STATE OF FLORIDA TIITF","Asset":"FEDERAL CORRECTIONAL INSTITUTION","Asset_Sub_Type":null,"Asset_Type":"Correctional Facilities","Asset_Group":"Critical Community and Emergency Facilities","Asset_Relevancy":"Locally Significant","Asset_ID":"CF_PT_225","Municipality":"Miami","Water_Management_District":"South Florida Water Management District","Souce_Dataset_Entity":"FDEM","Souce_Dataset_Name":"Correctional Facilities - FDEM","Source_Asset_ID":null,"Restricted_Public_Disclosure":null,"Notes":null,"Regional_Planning_Council":"South Florida","FDEP_Regulatory_District":"Southeast District","RCP_Region":"Southeast","FDOT_District":6,"House_District_Number":109,"Senate_District_Number":36,"CTF_RL_2020":"Not Affected","CTF_RL_2040_IL":"Not Affected","CTF_RL_2040_INT":"Not Affected","CTF_RL_2070_IL":"Not Affected","CTF_RL_2070_INT":"Not Affected","SSF_RL_100YR_CURR":"Not Affected","SSF_RL_100YR_2040_IL":"Not Affected","SSF_RL_100YR_2040_INT":"Not Affected","SSF_RL_100YR_2070_IL":"Not Affected","SSF_RL_100YR_2070_INT":"Not Affected","SSF_RL_500YR_CURR":"Not Affected","SSF_RL_500YR_2040_IL":"Not Affected","SSF_RL_500YR_2040_INT":"Not Affected","SSF_RL_500YR_2070_IL":"Not Affected","SSF_RL_500YR_2070_INT":"Not Affected","RIF_RL_100YR_2020":"Not Affected","RIF_RL_100YR_2040":"Low","RIF_RL_100YR_2070":"Low","RIF_RL_500YR_2020":"Low","RIF_RL_500YR_2040":"Low","RIF_RL_500YR_2070":"Low"}},{"type":"Feature","id":226,"geometry":{"type":"Point","coordinates":[-80.4141357857244,25.6207856740843]},"properties":{"OBJECTID_1":226,"OBJECTID":226,"Name":"FCI MIAMI","Address":"15801 SW 137TH AVE","City":"MIAMI","Zip":"33177","COUNTY":"Miami-Dade","X":-80.41413579,"Y":25.62078568,"LONGLAT":"-80.41413579,25.62078568","USNG":"17R NJ 58819 33819","OWNERSHIP":" ","PARCELID":"3059260160001","FACILITY_T":"FEDERAL CORRECTIONAL INSTITUTION","Asset_Elevation":null,"Owned_Maintained":" ","Asset":"FEDERAL CORRECTIONAL INSTITUTION","Asset_Sub_Type":null,"Asset_Type":"Correctional Facilities","Asset_Group":"Critical Community and Emergency Facilities","Asset_Relevancy":"Locally Significant","Asset_ID":"CF_PT_226","Municipality":null,"Water_Management_District":"South Florida Water Management District","Souce_Dataset_Entity":"FDEM","Souce_Dataset_Name":"Correctional Facilities - FDEM","Source_Asset_ID":null,"Restricted_Public_Disclosure":null,"Notes":null,"Regional_Planning_Council":"South Florida","FDEP_Regulatory_District":"Southeast District","RCP_Region":"Southeast","FDOT_District":6,"House_District_Number":118,"Senate_District_Number":40,"CTF_RL_2020":"Not Affected","CTF_RL_2040_IL":"Not Affected","CTF_RL_2040_INT":"Not Affected","CTF_RL_2070_IL":"Not Affected","CTF_RL_2070_INT":"Not Affected","SSF_RL_100YR_CURR":"Not Affected","SSF_RL_100YR_2040_IL":"Not Affected","SSF_RL_100YR_2040_INT":"Not Affected","SSF_RL_100YR_2070_IL":"Not Affected","SSF_RL_100YR_2070_INT":"Not Affected","SSF_RL_500YR_CURR":"Low","SSF_RL_500YR_2040_IL":"Medium","SSF_RL_500YR_2040_INT":"Medium","SSF_RL_500YR_2070_IL":"Medium","SSF_RL_500YR_2070_INT":"High","RIF_RL_100YR_2020":"Low","RIF_RL_100YR_2040":"Low","RIF_RL_100YR_2070":"Low","RIF_RL_500YR_2020":"Medium","RIF_RL_500YR_2040":"Medium","RIF_RL_500YR_2070":"Medium"}},{"type":"Feature","id":227,"geometry":{"type":"Point","coordinates":[-80.4182181994007,25.8099997495287]},"properties":{"OBJECTID_1":227,"OBJECTID":227,"Name":"MIAMI-DADE COUNTY METRO W DET CENTER","Address":"13850 NW 41ST ST","City":"MIAMI","Zip":"33178","COUNTY":"Miami-Dade","X":-80.4182182,"Y":25.80999975,"LONGLAT":"-80.41821820,25.80999975","USNG":"17R NJ 58317 54771","OWNERSHIP":"STATE OF FLORIDA TIITF","PARCELID":"3039270000010","FACILITY_T":"LOCAL CORRECTIONAL INSTITUTION","Asset_Elevation":null,"Owned_Maintained":"STATE OF FLORIDA TIITF","Asset":"LOCAL CORRECTIONAL INSTITUTION","Asset_Sub_Type":null,"Asset_Type":"Correctional Facilities","Asset_Group":"Critical Community and Emergency Facilities","Asset_Relevancy":"Locally Significant","Asset_ID":"CF_PT_227","Municipality":null,"Water_Management_District":"South Florida Water Management District","Souce_Dataset_Entity":"FDEM","Souce_Dataset_Name":"Correctional Facilities - FDEM","Source_Asset_ID":null,"Restricted_Public_Disclosure":null,"Notes":null,"Regional_Planning_Council":"South Florida","FDEP_Regulatory_District":"Southeast District","RCP_Region":"Southeast","FDOT_District":6,"House_District_Number":111,"Senate_District_Number":39,"CTF_RL_2020":"Not Affected","CTF_RL_2040_IL":"Not Affected","CTF_RL_2040_INT":"Not Affected","CTF_RL_2070_IL":"Not Affected","CTF_RL_2070_INT":"Not Affected","SSF_RL_100YR_CURR":"Not Affected","SSF_RL_100YR_2040_IL":"Not Affected","SSF_RL_100YR_2040_INT":"Not Affected","SSF_RL_100YR_2070_IL":"Not Affected","SSF_RL_100YR_2070_INT":"Not Affected","SSF_RL_500YR_CURR":"Not Affected","SSF_RL_500YR_2040_IL":"Not Affected","SSF_RL_500YR_2040_INT":"Not Affected","SSF_RL_500YR_2070_IL":"Medium","SSF_RL_500YR_2070_INT":"Medium","RIF_RL_100YR_2020":"Not Affected","RIF_RL_100YR_2040":"Not Affected","RIF_RL_100YR_2070":"Not Affected","RIF_RL_500YR_2020":"Not Affected","RIF_RL_500YR_2040":"Low","RIF_RL_500YR_2070":"Low"}},{"type":"Feature","id":228,"geometry":{"type":"Point","coordinates":[-80.3102107991716,25.8102972572614]},"properties":{"OBJECTID_1":228,"OBJECTID":228,"Name":"MIAMI-DADE COUNTY TRAINING/TREATMENT CENTER","Address":"6950 NW 41ST ST","City":"MIAMI","Zip":"33166","COUNTY":"Miami-Dade","X":-80.3102108,"Y":25.81029726,"LONGLAT":"-80.31021080,25.81029726","USNG":"17R NJ 69144 54856","OWNERSHIP":"COUNTY","PARCELID":"3030260000020","FACILITY_T":"LOCAL CORRECTIONAL INSTITUTION","Asset_Elevation":null,"Owned_Maintained":"COUNTY","Asset":"LOCAL CORRECTIONAL INSTITUTION","Asset_Sub_Type":null,"Asset_Type":"Correctional Facilities","Asset_Group":"Critical Community and Emergency Facilities","Asset_Relevancy":"Locally Significant","Asset_ID":"CF_PT_228","Municipality":null,"Water_Management_District":"South Florida Water Management District","Souce_Dataset_Entity":"FDEM","Souce_Dataset_Name":"Correctional Facilities - FDEM","Source_Asset_ID":null,"Restricted_Public_Disclosure":null,"Notes":null,"Regional_Planning_Council":"South Florida","FDEP_Regulatory_District":"Southeast District","RCP_Region":"Southeast","FDOT_District":6,"House_District_Number":112,"Senate_District_Number":39,"CTF_RL_2020":"Not Affected","CTF_RL_2040_IL":"Not Affected","CTF_RL_2040_INT":"Not Affected","CTF_RL_2070_IL":"Not Affected","CTF_RL_2070_INT":"Not Affected","SSF_RL_100YR_CURR":"Not Affected","SSF_RL_100YR_2040_IL":"Medium","SSF_RL_100YR_2040_INT":"Medium","SSF_RL_100YR_2070_IL":"Medium","SSF_RL_100YR_2070_INT":"Medium","SSF_RL_500YR_CURR":"Medium","SSF_RL_500YR_2040_IL":"Medium","SSF_RL_500YR_2040_INT":"Medium","SSF_RL_500YR_2070_IL":"High","SSF_RL_500YR_2070_INT":"High","RIF_RL_100YR_2020":"Not Affected","RIF_RL_100YR_2040":"Not Affected","RIF_RL_100YR_2070":"Not Affected","RIF_RL_500YR_2020":"Medium","RIF_RL_500YR_2040":"Medium","RIF_RL_500YR_2070":"Medium"}},{"type":"Feature","id":229,"geometry":{"type":"Point","coordinates":[-80.2168570456143,25.786653206859]},"properties":{"OBJECTID_1":229,"OBJECTID":229,"Name":"MIAMI-DADE COUNTY DETENTION CENTER","Address":"1321 NW 13TH ST","City":"MIAMI","Zip":"33125","COUNTY":"Miami-Dade","X":-80.21685705,"Y":25.78665321,"LONGLAT":"-80.21685705,25.78665321","USNG":"17R NJ 78517 52290","OWNERSHIP":"COUNTY","PARCELID":"0131350370050","FACILITY_T":"LOCAL CORRECTIONAL INSTITUTION","Asset_Elevation":null,"Owned_Maintained":"COUNTY","Asset":"LOCAL CORRECTIONAL INSTITUTION","Asset_Sub_Type":null,"Asset_Type":"Correctional Facilities","Asset_Group":"Critical Community and Emergency Facilities","Asset_Relevancy":"Locally Significant","Asset_ID":"CF_PT_229","Municipality":"Miami","Water_Management_District":"South Florida Water Management District","Souce_Dataset_Entity":"FDEM","Souce_Dataset_Name":"Correctional Facilities - FDEM","Source_Asset_ID":null,"Restricted_Public_Disclosure":null,"Notes":null,"Regional_Planning_Council":"South Florida","FDEP_Regulatory_District":"Southeast District","RCP_Region":"Southeast","FDOT_District":6,"House_District_Number":109,"Senate_District_Number":36,"CTF_RL_2020":"Not Affected","CTF_RL_2040_IL":"Not Affected","CTF_RL_2040_INT":"Not Affected","CTF_RL_2070_IL":"Not Affected","CTF_RL_2070_INT":"Not Affected","SSF_RL_100YR_CURR":"Medium","SSF_RL_100YR_2040_IL":"Medium","SSF_RL_100YR_2040_INT":"Medium","SSF_RL_100YR_2070_IL":"High","SSF_RL_100YR_2070_INT":"High","SSF_RL_500YR_CURR":"High","SSF_RL_500YR_2040_IL":"High","SSF_RL_500YR_2040_INT":"High","SSF_RL_500YR_2070_IL":"High","SSF_RL_500YR_2070_INT":"High","RIF_RL_100YR_2020":"Not Affected","RIF_RL_100YR_2040":"Not Affected","RIF_RL_100YR_2070":"Not Affected","RIF_RL_500YR_2020":"Medium","RIF_RL_500YR_2040":"Medium","RIF_RL_500YR_2070":"Medium"}},{"type":"Feature","id":230,"geometry":{"type":"Point","coordinates":[-80.3114693828565,25.8101513879283]},"properties":{"OBJECTID_1":230,"OBJECTID":230,"Name":"T G KNIGHT CORRECTIONS CENTER","Address":"7000 NW 41ST ST","City":"MIAMI","Zip":"33166","COUNTY":"Miami-Dade","X":-80.31146938,"Y":25.81015139,"LONGLAT":"-80.31146938,25.81015139","USNG":"17R NJ 69017 54840","OWNERSHIP":"COUNTY","PARCELID":"3030260000020","FACILITY_T":"LOCAL CORRECTIONAL INSTITUTION","Asset_Elevation":null,"Owned_Maintained":"COUNTY","Asset":"LOCAL CORRECTIONAL INSTITUTION","Asset_Sub_Type":null,"Asset_Type":"Correctional Facilities","Asset_Group":"Critical Community and Emergency Facilities","Asset_Relevancy":"Locally Significant","Asset_ID":"CF_PT_230","Municipality":null,"Water_Management_District":"South Florida Water Management District","Souce_Dataset_Entity":"FDEM","Souce_Dataset_Name":"Correctional Facilities - FDEM","Source_Asset_ID":null,"Restricted_Public_Disclosure":null,"Notes":null,"Regional_Planning_Council":"South Florida","FDEP_Regulatory_District":"Southeast District","RCP_Region":"Southeast","FDOT_District":6,"House_District_Number":112,"Senate_District_Number":39,"CTF_RL_2020":"Not Affected","CTF_RL_2040_IL":"Not Affected","CTF_RL_2040_INT":"Not Affected","CTF_RL_2070_IL":"Not Affected","CTF_RL_2070_INT":"Not Affected","SSF_RL_100YR_CURR":"Low","SSF_RL_100YR_2040_IL":"Medium","SSF_RL_100YR_2040_INT":"Medium","SSF_RL_100YR_2070_IL":"Medium","SSF_RL_100YR_2070_INT":"High","SSF_RL_500YR_CURR":"Medium","SSF_RL_500YR_2040_IL":"Medium","SSF_RL_500YR_2040_INT":"High","SSF_RL_500YR_2070_IL":"High","SSF_RL_500YR_2070_INT":"High","RIF_RL_100YR_2020":"Low","RIF_RL_100YR_2040":"Low","RIF_RL_100YR_2070":"Low","RIF_RL_500YR_2020":"Medium","RIF_RL_500YR_2040":"Medium","RIF_RL_500YR_2070":"Medium"}},{"type":"Feature","id":231,"geometry":{"type":"Point","coordinates":[-80.217931862078,25.9190169315401]},"properties":{"OBJECTID_1":231,"OBJECTID":231,"Name":"NORTH MIAMI-DADE COUNTY DETENTION CENTER","Address":"15801 NW 7TH AVE","City":"MIAMI","Zip":"33169","COUNTY":"Miami-Dade","X":-80.21793186,"Y":25.91901693,"LONGLAT":"-80.21793186,25.91901693","USNG":"17R NJ 78322 66949","OWNERSHIP":"COUNTY","PARCELID":"3021140000120","FACILITY_T":"LOCAL CORRECTIONAL INSTITUTION","Asset_Elevation":null,"Owned_Maintained":"COUNTY","Asset":"LOCAL CORRECTIONAL INSTITUTION","Asset_Sub_Type":null,"Asset_Type":"Correctional Facilities","Asset_Group":"Critical Community and Emergency Facilities","Asset_Relevancy":"Locally Significant","Asset_ID":"CF_PT_231","Municipality":null,"Water_Management_District":"South Florida Water Management District","Souce_Dataset_Entity":"FDEM","Souce_Dataset_Name":"Correctional Facilities - FDEM","Source_Asset_ID":null,"Restricted_Public_Disclosure":null,"Notes":null,"Regional_Planning_Council":"South Florida","FDEP_Regulatory_District":"Southeast District","RCP_Region":"Southeast","FDOT_District":6,"House_District_Number":107,"Senate_District_Number":34,"CTF_RL_2020":"Not Affected","CTF_RL_2040_IL":"Not Affected","CTF_RL_2040_INT":"Not Affected","CTF_RL_2070_IL":"Not Affected","CTF_RL_2070_INT":"Not Affected","SSF_RL_100YR_CURR":"Low","SSF_RL_100YR_2040_IL":"Medium","SSF_RL_100YR_2040_INT":"Medium","SSF_RL_100YR_2070_IL":"Medium","SSF_RL_100YR_2070_INT":"High","SSF_RL_500YR_CURR":"High","SSF_RL_500YR_2040_IL":"High","SSF_RL_500YR_2040_INT":"High","SSF_RL_500YR_2070_IL":"High","SSF_RL_500YR_2070_INT":"High","RIF_RL_100YR_2020":"Medium","RIF_RL_100YR_2040":"Medium","RIF_RL_100YR_2070":"Medium","RIF_RL_500YR_2020":"High","RIF_RL_500YR_2040":"High","RIF_RL_500YR_2070":"High"}},{"type":"Feature","id":232,"geometry":{"type":"Point","coordinates":[-80.3355782226492,25.7692325237938]},"properties":{"OBJECTID_1":232,"OBJECTID":232,"Name":"MIAMI-DADE COUNTY CORR/REHAB HDQTRS","Address":"8660 W FLAGLER ST","City":"MIAMI","Zip":"33144","COUNTY":"Miami-Dade","X":-80.33557822,"Y":25.76923252,"LONGLAT":"-80.33557822,25.76923252","USNG":"17R NJ 66624 50296","OWNERSHIP":" ","PARCELID":"3040030060395","FACILITY_T":"LOCAL CORRECTIONAL INSTITUTION","Asset_Elevation":null,"Owned_Maintained":" ","Asset":"LOCAL CORRECTIONAL INSTITUTION","Asset_Sub_Type":null,"Asset_Type":"Correctional Facilities","Asset_Group":"Critical Community and Emergency Facilities","Asset_Relevancy":"Locally Significant","Asset_ID":"CF_PT_232","Municipality":null,"Water_Management_District":"South Florida Water Management District","Souce_Dataset_Entity":"FDEM","Souce_Dataset_Name":"Correctional Facilities - FDEM","Source_Asset_ID":null,"Restricted_Public_Disclosure":null,"Notes":null,"Regional_Planning_Council":"South Florida","FDEP_Regulatory_District":"Southeast District","RCP_Region":"Southeast","FDOT_District":6,"House_District_Number":114,"Senate_District_Number":36,"CTF_RL_2020":"Not Affected","CTF_RL_2040_IL":"Not Affected","CTF_RL_2040_INT":"Not Affected","CTF_RL_2070_IL":"Not Affected","CTF_RL_2070_INT":"Not Affected","SSF_RL_100YR_CURR":"Low","SSF_RL_100YR_2040_IL":"Medium","SSF_RL_100YR_2040_INT":"Medium","SSF_RL_100YR_2070_IL":"Medium","SSF_RL_100YR_2070_INT":"High","SSF_RL_500YR_CURR":"High","SSF_RL_500YR_2040_IL":"High","SSF_RL_500YR_2040_INT":"High","SSF_RL_500YR_2070_IL":"High","SSF_RL_500YR_2070_INT":"High","RIF_RL_100YR_2020":"Medium","RIF_RL_100YR_2040":"Medium","RIF_RL_100YR_2070":"Medium","RIF_RL_500YR_2020":"Medium","RIF_RL_500YR_2040":"Medium","RIF_RL_500YR_2070":"Medium"}},{"type":"Feature","id":233,"geometry":{"type":"Point","coordinates":[-80.3102107991716,25.8102972572614]},"properties":{"OBJECTID_1":233,"OBJECTID":233,"Name":"MIAMI-DADE COUNTY BOOT CAMP","Address":"6950 NW 41ST ST","City":"MIAMI","Zip":"33166","COUNTY":"Miami-Dade","X":-80.3102108,"Y":25.81029726,"LONGLAT":"-80.31021080,25.81029726","USNG":"17R NJ 69144 54856","OWNERSHIP":"COUNTY","PARCELID":"3030260000020","FACILITY_T":"LOCAL CORRECTIONAL INSTITUTION","Asset_Elevation":null,"Owned_Maintained":"COUNTY","Asset":"LOCAL CORRECTIONAL INSTITUTION","Asset_Sub_Type":null,"Asset_Type":"Correctional Facilities","Asset_Group":"Critical Community and Emergency Facilities","Asset_Relevancy":"Locally Significant","Asset_ID":"CF_PT_233","Municipality":null,"Water_Management_District":"South Florida Water Management District","Souce_Dataset_Entity":"FDEM","Souce_Dataset_Name":"Correctional Facilities - FDEM","Source_Asset_ID":null,"Restricted_Public_Disclosure":null,"Notes":null,"Regional_Planning_Council":"South Florida","FDEP_Regulatory_District":"Southeast District","RCP_Region":"Southeast","FDOT_District":6,"House_District_Number":112,"Senate_District_Number":39,"CTF_RL_2020":"Not Affected","CTF_RL_2040_IL":"Not Affected","CTF_RL_2040_INT":"Not Affected","CTF_RL_2070_IL":"Not Affected","CTF_RL_2070_INT":"Not Affected","SSF_RL_100YR_CURR":"Not Affected","SSF_RL_100YR_2040_IL":"Medium","SSF_RL_100YR_2040_INT":"Medium","SSF_RL_100YR_2070_IL":"Medium","SSF_RL_100YR_2070_INT":"Medium","SSF_RL_500YR_CURR":"Medium","SSF_RL_500YR_2040_IL":"Medium","SSF_RL_500YR_2040_INT":"Medium","SSF_RL_500YR_2070_IL":"High","SSF_RL_500YR_2070_INT":"High","RIF_RL_100YR_2020":"Not Affected","RIF_RL_100YR_2040":"Not Affected","RIF_RL_100YR_2070":"Not Affected","RIF_RL_500YR_2020":"Medium","RIF_RL_500YR_2040":"Medium","RIF_RL_500YR_2070":"Medium"}},{"type":"Feature","id":234,"geometry":{"type":"Point","coordinates":[-80.2064857831081,25.7881922540942]},"properties":{"OBJECTID_1":234,"OBJECTID":234,"Name":"MIAMI-DADE COUNTY WOMENS DETENTION CENTER","Address":"1401 NW 7TH AVE","City":"MIAMI","Zip":"33136","COUNTY":"Miami-Dade","X":-80.20648578,"Y":25.78819225,"LONGLAT":"-80.20648578,25.78819225","USNG":"17R NJ 79556 52467","OWNERSHIP":"COUNTY","PARCELID":"0131360350010","FACILITY_T":"LOCAL CORRECTIONAL INSTITUTION","Asset_Elevation":null,"Owned_Maintained":"COUNTY","Asset":"LOCAL CORRECTIONAL INSTITUTION","Asset_Sub_Type":null,"Asset_Type":"Correctional Facilities","Asset_Group":"Critical Community and Emergency Facilities","Asset_Relevancy":"Locally Significant","Asset_ID":"CF_PT_234","Municipality":"Miami","Water_Management_District":"South Florida Water Management District","Souce_Dataset_Entity":"FDEM","Souce_Dataset_Name":"Correctional Facilities - FDEM","Source_Asset_ID":null,"Restricted_Public_Disclosure":null,"Notes":null,"Regional_Planning_Council":"South Florida","FDEP_Regulatory_District":"Southeast District","RCP_Region":"Southeast","FDOT_District":6,"House_District_Number":109,"Senate_District_Number":36,"CTF_RL_2020":"Not Affected","CTF_RL_2040_IL":"Not Affected","CTF_RL_2040_INT":"Not Affected","CTF_RL_2070_IL":"Not Affected","CTF_RL_2070_INT":"Not Affected","SSF_RL_100YR_CURR":"Not Affected","SSF_RL_100YR_2040_IL":"Not Affected","SSF_RL_100YR_2040_INT":"Not Affected","SSF_RL_100YR_2070_IL":"Not Affected","SSF_RL_100YR_2070_INT":"Not Affected","SSF_RL_500YR_CURR":"Not Affected","SSF_RL_500YR_2040_IL":"Not Affected","SSF_RL_500YR_2040_INT":"Not Affected","SSF_RL_500YR_2070_IL":"Not Affected","SSF_RL_500YR_2070_INT":"Not Affected","RIF_RL_100YR_2020":"Not Affected","RIF_RL_100YR_2040":"Not Affected","RIF_RL_100YR_2070":"Not Affected","RIF_RL_500YR_2020":"Not Affected","RIF_RL_500YR_2040":"Not Affected","RIF_RL_500YR_2070":"Not Affected"}},{"type":"Feature","id":235,"geometry":{"type":"Point","coordinates":[-80.2396470207207,25.8315789105655]},"properties":{"OBJECTID_1":235,"OBJECTID":235,"Name":"MIAMI-DADE COUNTY DOC AND REHABILITATION","Address":"2525 N.W. 62ND STREET","City":"MIAMI","Zip":"33147","COUNTY":"Miami-Dade","X":-80.23964702,"Y":25.83157891,"LONGLAT":"-80.23964702,25.83157891","USNG":"17R NJ 76203 57252","OWNERSHIP":"COUNTY","PARCELID":"3031150530010","FACILITY_T":"LOCAL CORRECTIONAL INSTITUTION","Asset_Elevation":null,"Owned_Maintained":"COUNTY","Asset":"LOCAL CORRECTIONAL INSTITUTION","Asset_Sub_Type":null,"Asset_Type":"Correctional Facilities","Asset_Group":"Critical Community and Emergency Facilities","Asset_Relevancy":"Locally Significant","Asset_ID":"CF_PT_235","Municipality":null,"Water_Management_District":"South Florida Water Management District","Souce_Dataset_Entity":"FDEM","Souce_Dataset_Name":"Correctional Facilities - FDEM","Source_Asset_ID":null,"Restricted_Public_Disclosure":null,"Notes":null,"Regional_Planning_Council":"South Florida","FDEP_Regulatory_District":"Southeast District","RCP_Region":"Southeast","FDOT_District":6,"House_District_Number":109,"Senate_District_Number":34,"CTF_RL_2020":"Not Affected","CTF_RL_2040_IL":"Not Affected","CTF_RL_2040_INT":"Not Affected","CTF_RL_2070_IL":"Not Affected","CTF_RL_2070_INT":"Not Affected","SSF_RL_100YR_CURR":"Not Affected","SSF_RL_100YR_2040_IL":"Not Affected","SSF_RL_100YR_2040_INT":"Not Affected","SSF_RL_100YR_2070_IL":"Not Affected","SSF_RL_100YR_2070_INT":"Not Affected","SSF_RL_500YR_CURR":"Not Affected","SSF_RL_500YR_2040_IL":"Not Affected","SSF_RL_500YR_2040_INT":"Not Affected","SSF_RL_500YR_2070_IL":"Not Affected","SSF_RL_500YR_2070_INT":"Not Affected","RIF_RL_100YR_2020":"Not Affected","RIF_RL_100YR_2040":"Not Affected","RIF_RL_100YR_2070":"Not Affected","RIF_RL_500YR_2020":"Not Affected","RIF_RL_500YR_2040":"Not Affected","RIF_RL_500YR_2070":"Not Affected"}},{"type":"Feature","id":236,"geometry":{"type":"Point","coordinates":[-81.7513128596365,24.576537588686]},"properties":{"OBJECTID_1":236,"OBJECTID":236,"Name":"MONROE COUNTY JUVENILE JUSTICE CENTER","Address":"5501 COLLEGE RD","City":"KEY WEST","Zip":"33040","COUNTY":"Monroe","X":-81.75131286,"Y":24.57653759,"LONGLAT":"-81.75131286,24.57653759","USNG":"17R MH 23926 18267","OWNERSHIP":"COUNTY","PARCELID":"2767 25 00072080000101","FACILITY_T":"JUVENILE CORRECTIONAL INSTITUTION","Asset_Elevation":null,"Owned_Maintained":"COUNTY","Asset":"JUVENILE CORRECTIONAL INSTITUTION","Asset_Sub_Type":null,"Asset_Type":"Correctional Facilities","Asset_Group":"Critical Community and Emergency Facilities","Asset_Relevancy":"Locally Significant","Asset_ID":"CF_PT_236","Municipality":"Key West","Water_Management_District":"South Florida Water Management District","Souce_Dataset_Entity":"FDEM","Souce_Dataset_Name":"Correctional Facilities - FDEM","Source_Asset_ID":null,"Restricted_Public_Disclosure":null,"Notes":null,"Regional_Planning_Council":"South Florida","FDEP_Regulatory_District":"Southeast District","RCP_Region":"Southeast","FDOT_District":6,"House_District_Number":120,"Senate_District_Number":40,"CTF_RL_2020":"Not Affected","CTF_RL_2040_IL":"Not Affected","CTF_RL_2040_INT":"Not Affected","CTF_RL_2070_IL":"Not Affected","CTF_RL_2070_INT":"Not Affected","SSF_RL_100YR_CURR":"High","SSF_RL_100YR_2040_IL":"High","SSF_RL_100YR_2040_INT":"High","SSF_RL_100YR_2070_IL":"High","SSF_RL_100YR_2070_INT":"High","SSF_RL_500YR_CURR":"High","SSF_RL_500YR_2040_IL":"High","SSF_RL_500YR_2040_INT":"High","SSF_RL_500YR_2070_IL":"High","SSF_RL_500YR_2070_INT":"High","RIF_RL_100YR_2020":"Not Affected","RIF_RL_100YR_2040":"Not Affected","RIF_RL_100YR_2070":"Not Affected","RIF_RL_500YR_2020":"Not Affected","RIF_RL_500YR_2040":"Not Affected","RIF_RL_500YR_2070":"Not Affected"}},{"type":"Feature","id":237,"geometry":{"type":"Point","coordinates":[-80.5516287857701,24.9802350107288]},"properties":{"OBJECTID_1":237,"OBJECTID":237,"Name":"PLANTATION DETENTION CENTER","Address":"53 HIGHPOINT RD","City":"TAVERNIER","Zip":"33070","COUNTY":"Monroe","X":-80.55162879,"Y":24.98023501,"LONGLAT":"-80.55162879,24.98023501","USNG":"17R NH 45252 62833","OWNERSHIP":"COUNTY","PARCELID":"0563 38 00418900000000","FACILITY_T":"CORRECTIONAL FACILITY","Asset_Elevation":null,"Owned_Maintained":"COUNTY","Asset":"CORRECTIONAL FACILITY","Asset_Sub_Type":null,"Asset_Type":"Correctional Facilities","Asset_Group":"Critical Community and Emergency Facilities","Asset_Relevancy":"Locally Significant","Asset_ID":"CF_PT_237","Municipality":"Islamorada, Village of Islands","Water_Management_District":"South Florida Water Management District","Souce_Dataset_Entity":"FDEM","Souce_Dataset_Name":"Correctional Facilities - FDEM","Source_Asset_ID":null,"Restricted_Public_Disclosure":null,"Notes":null,"Regional_Planning_Council":"South Florida","FDEP_Regulatory_District":"Southeast District","RCP_Region":"Southeast","FDOT_District":6,"House_District_Number":120,"Senate_District_Number":40,"CTF_RL_2020":"Not Affected","CTF_RL_2040_IL":"Not Affected","CTF_RL_2040_INT":"Not Affected","CTF_RL_2070_IL":"Not Affected","CTF_RL_2070_INT":"Not Affected","SSF_RL_100YR_CURR":"Not Affected","SSF_RL_100YR_2040_IL":"Not Affected","SSF_RL_100YR_2040_INT":"Not Affected","SSF_RL_100YR_2070_IL":"Not Affected","SSF_RL_100YR_2070_INT":"Not Affected","SSF_RL_500YR_CURR":"Medium","SSF_RL_500YR_2040_IL":"High","SSF_RL_500YR_2040_INT":"High","SSF_RL_500YR_2070_IL":"High","SSF_RL_500YR_2070_INT":"High","RIF_RL_100YR_2020":"Not Affected","RIF_RL_100YR_2040":"Not Affected","RIF_RL_100YR_2070":"Not Affected","RIF_RL_500YR_2020":"Low","RIF_RL_500YR_2040":"Medium","RIF_RL_500YR_2070":"Low"}},{"type":"Feature","id":238,"geometry":{"type":"Point","coordinates":[-81.0878107262351,24.711547519326]},"properties":{"OBJECTID_1":238,"OBJECTID":238,"Name":"MARATHON DETENTION FACILITY","Address":"3981 OCEAN TER","City":"MARATHON","Zip":"33050","COUNTY":"Monroe","X":-81.08781073,"Y":24.71154752,"LONGLAT":"-81.08781073,24.71154752","USNG":"17R MH 91118 33011","OWNERSHIP":"COUNTY","PARCELID":"1066 32 00103350000100","FACILITY_T":"CORRECTIONAL FACILITY","Asset_Elevation":null,"Owned_Maintained":"COUNTY","Asset":"CORRECTIONAL FACILITY","Asset_Sub_Type":null,"Asset_Type":"Correctional Facilities","Asset_Group":"Critical Community and Emergency Facilities","Asset_Relevancy":"Locally Significant","Asset_ID":"CF_PT_238","Municipality":"Marathon","Water_Management_District":"South Florida Water Management District","Souce_Dataset_Entity":"FDEM","Souce_Dataset_Name":"Correctional Facilities - FDEM","Source_Asset_ID":null,"Restricted_Public_Disclosure":null,"Notes":null,"Regional_Planning_Council":"South Florida","FDEP_Regulatory_District":"Southeast District","RCP_Region":"Southeast","FDOT_District":6,"House_District_Number":120,"Senate_District_Number":40,"CTF_RL_2020":"Not Affected","CTF_RL_2040_IL":"Not Affected","CTF_RL_2040_INT":"Not Affected","CTF_RL_2070_IL":"Not Affected","CTF_RL_2070_INT":"Not Affected","SSF_RL_100YR_CURR":"Medium","SSF_RL_100YR_2040_IL":"High","SSF_RL_100YR_2040_INT":"High","SSF_RL_100YR_2070_IL":"High","SSF_RL_100YR_2070_INT":"High","SSF_RL_500YR_CURR":"High","SSF_RL_500YR_2040_IL":"High","SSF_RL_500YR_2040_INT":"High","SSF_RL_500YR_2070_IL":"High","SSF_RL_500YR_2070_INT":"High","RIF_RL_100YR_2020":"Not Affected","RIF_RL_100YR_2040":"Not Affected","RIF_RL_100YR_2070":"Not Affected","RIF_RL_500YR_2020":"Not Affected","RIF_RL_500YR_2040":"Not Affected","RIF_RL_500YR_2070":"Not Affected"}},{"type":"Feature","id":239,"geometry":{"type":"Point","coordinates":[-81.3617947941393,24.6758533228191]},"properties":{"OBJECTID_1":239,"OBJECTID":239,"Name":"BIG PINE KEY ROAD PRISON (MALE)","Address":"450 KEY DEER BLVD","City":"BIG PINE KEY","Zip":"33043","COUNTY":"Monroe","X":-81.36179479,"Y":24.67585332,"LONGLAT":"-81.36179479,24.67585332","USNG":"17R MH 63396 29104","OWNERSHIP":"STATE","PARCELID":"2666 29 00111650000000","FACILITY_T":"CORRECTIONAL FACILITY","Asset_Elevation":null,"Owned_Maintained":"STATE","Asset":"CORRECTIONAL FACILITY","Asset_Sub_Type":null,"Asset_Type":"Correctional Facilities","Asset_Group":"Critical Community and Emergency Facilities","Asset_Relevancy":"Locally Significant","Asset_ID":"CF_PT_239","Municipality":null,"Water_Management_District":"South Florida Water Management District","Souce_Dataset_Entity":"FDEM","Souce_Dataset_Name":"Correctional Facilities - FDEM","Source_Asset_ID":null,"Restricted_Public_Disclosure":null,"Notes":null,"Regional_Planning_Council":"South Florida","FDEP_Regulatory_District":"Southeast District","RCP_Region":"Southeast","FDOT_District":6,"House_District_Number":120,"Senate_District_Number":40,"CTF_RL_2020":"Not Affected","CTF_RL_2040_IL":"Not Affected","CTF_RL_2040_INT":"Not Affected","CTF_RL_2070_IL":"Not Affected","CTF_RL_2070_INT":"Not Affected","SSF_RL_100YR_CURR":"High","SSF_RL_100YR_2040_IL":"High","SSF_RL_100YR_2040_INT":"High","SSF_RL_100YR_2070_IL":"High","SSF_RL_100YR_2070_INT":"High","SSF_RL_500YR_CURR":"High","SSF_RL_500YR_2040_IL":"High","SSF_RL_500YR_2040_INT":"High","SSF_RL_500YR_2070_IL":"High","SSF_RL_500YR_2070_INT":"High","RIF_RL_100YR_2020":"Not Affected","RIF_RL_100YR_2040":"Not Affected","RIF_RL_100YR_2070":"Not Affected","RIF_RL_500YR_2020":"Not Affected","RIF_RL_500YR_2040":"Not Affected","RIF_RL_500YR_2070":"Not Affected"}},{"type":"Feature","id":240,"geometry":{"type":"Point","coordinates":[-81.5613148393667,30.6906048946817]},"properties":{"OBJECTID_1":240,"OBJECTID":240,"Name":"FLORIDA DEPARTMENT OF JUVENILE JUSTICE NORTH REGION - OUTWARD BOUND","Address":"87692 BELL RIVER ESTATES RD","City":"YULEE","Zip":"32097","COUNTY":"Nassau","X":-81.56131484,"Y":30.6906049,"LONGLAT":"-81.56131484,30.69060490","USNG":"17R MP 46240 95448","OWNERSHIP":"STATE","PARCELID":"39-3N-27-0000-0001-0110","FACILITY_T":"JUVENILE CORRECTIONAL INSTITUTION","Asset_Elevation":null,"Owned_Maintained":"STATE","Asset":"JUVENILE CORRECTIONAL INSTITUTION","Asset_Sub_Type":null,"Asset_Type":"Correctional Facilities","Asset_Group":"Critical Community and Emergency Facilities","Asset_Relevancy":"Locally Significant","Asset_ID":"CF_PT_240","Municipality":null,"Water_Management_District":"St. Johns River Water Management District","Souce_Dataset_Entity":"FDEM","Souce_Dataset_Name":"Correctional Facilities - FDEM","Source_Asset_ID":null,"Restricted_Public_Disclosure":null,"Notes":null,"Regional_Planning_Council":"Northeast Florida","FDEP_Regulatory_District":"Northeast District","RCP_Region":"Northeast","FDOT_District":2,"House_District_Number":15,"Senate_District_Number":4,"CTF_RL_2020":"Not Affected","CTF_RL_2040_IL":"Not Affected","CTF_RL_2040_INT":"Not Affected","CTF_RL_2070_IL":"Not Affected","CTF_RL_2070_INT":"Not Affected","SSF_RL_100YR_CURR":"Not Affected","SSF_RL_100YR_2040_IL":"Not Affected","SSF_RL_100YR_2040_INT":"Not Affected","SSF_RL_100YR_2070_IL":"Not Affected","SSF_RL_100YR_2070_INT":"Not Affected","SSF_RL_500YR_CURR":"Not Affected","SSF_RL_500YR_2040_IL":"Not Affected","SSF_RL_500YR_2040_INT":"Not Affected","SSF_RL_500YR_2070_IL":"Not Affected","SSF_RL_500YR_2070_INT":"Not Affected","RIF_RL_100YR_2020":"Not Affected","RIF_RL_100YR_2040":"Not Affected","RIF_RL_100YR_2070":"Not Affected","RIF_RL_500YR_2020":"Not Affected","RIF_RL_500YR_2040":"Not Affected","RIF_RL_500YR_2070":"Not Affected"}},{"type":"Feature","id":241,"geometry":{"type":"Point","coordinates":[-81.4339698865339,30.6915051527652]},"properties":{"OBJECTID_1":241,"OBJECTID":241,"Name":"NASSAU HALFWAY HOUSE","Address":"1781 LISA AVE","City":"FERNANDINA BEACH","Zip":"32034","COUNTY":"Nassau","X":-81.43396989,"Y":30.69150515,"LONGLAT":"-81.43396989,30.69150515","USNG":"17R MP 58437 95494","OWNERSHIP":"COUNTY","PARCELID":"09-3N-29-0000-0001-0000","FACILITY_T":"JUVENILE CORRECTIONAL INSTITUTION","Asset_Elevation":null,"Owned_Maintained":"COUNTY","Asset":"JUVENILE CORRECTIONAL INSTITUTION","Asset_Sub_Type":null,"Asset_Type":"Correctional Facilities","Asset_Group":"Critical Community and Emergency Facilities","Asset_Relevancy":"Locally Significant","Asset_ID":"CF_PT_241","Municipality":"Fernandina Beach","Water_Management_District":"St. Johns River Water Management District","Souce_Dataset_Entity":"FDEM","Souce_Dataset_Name":"Correctional Facilities - FDEM","Source_Asset_ID":null,"Restricted_Public_Disclosure":null,"Notes":null,"Regional_Planning_Council":"Northeast Florida","FDEP_Regulatory_District":"Northeast District","RCP_Region":"Northeast","FDOT_District":2,"House_District_Number":15,"Senate_District_Number":4,"CTF_RL_2020":"Not Affected","CTF_RL_2040_IL":"Not Affected","CTF_RL_2040_INT":"Not Affected","CTF_RL_2070_IL":"Not Affected","CTF_RL_2070_INT":"Not Affected","SSF_RL_100YR_CURR":"Not Affected","SSF_RL_100YR_2040_IL":"Not Affected","SSF_RL_100YR_2040_INT":"Not Affected","SSF_RL_100YR_2070_IL":"Medium","SSF_RL_100YR_2070_INT":"Medium","SSF_RL_500YR_CURR":"High","SSF_RL_500YR_2040_IL":"High","SSF_RL_500YR_2040_INT":"High","SSF_RL_500YR_2070_IL":"High","SSF_RL_500YR_2070_INT":"High","RIF_RL_100YR_2020":"Not Affected","RIF_RL_100YR_2040":"Not Affected","RIF_RL_100YR_2070":"Not Affected","RIF_RL_500YR_2020":"Not Affected","RIF_RL_500YR_2040":"Not Affected","RIF_RL_500YR_2070":"Not Affected"}},{"type":"Feature","id":242,"geometry":{"type":"Point","coordinates":[-81.6309735900754,30.6110266433466]},"properties":{"OBJECTID_1":242,"OBJECTID":242,"Name":"NASSAU COUNTY DETENTION FACILITY/SHERIFF DEPT","Address":"76212 NICHOLAS CUTINHA RD","City":"YULEE","Zip":"32097","COUNTY":"Nassau","X":-81.63097359,"Y":30.61102664,"LONGLAT":"-81.63097359,30.61102664","USNG":"17R MP 39519 86664","OWNERSHIP":"COUNTY","PARCELID":"07-2N-27-0000-0001-0060","FACILITY_T":"LOCAL CORRECTIONAL INSTITUTION","Asset_Elevation":null,"Owned_Maintained":"COUNTY","Asset":"LOCAL CORRECTIONAL INSTITUTION","Asset_Sub_Type":null,"Asset_Type":"Correctional Facilities","Asset_Group":"Critical Community and Emergency Facilities","Asset_Relevancy":"Locally Significant","Asset_ID":"CF_PT_242","Municipality":null,"Water_Management_District":"St. Johns River Water Management District","Souce_Dataset_Entity":"FDEM","Souce_Dataset_Name":"Correctional Facilities - FDEM","Source_Asset_ID":null,"Restricted_Public_Disclosure":null,"Notes":null,"Regional_Planning_Council":"Northeast Florida","FDEP_Regulatory_District":"Northeast District","RCP_Region":"Northeast","FDOT_District":2,"House_District_Number":15,"Senate_District_Number":4,"CTF_RL_2020":"Not Affected","CTF_RL_2040_IL":"Not Affected","CTF_RL_2040_INT":"Not Affected","CTF_RL_2070_IL":"Not Affected","CTF_RL_2070_INT":"Not Affected","SSF_RL_100YR_CURR":"Not Affected","SSF_RL_100YR_2040_IL":"Not Affected","SSF_RL_100YR_2040_INT":"Not Affected","SSF_RL_100YR_2070_IL":"Not Affected","SSF_RL_100YR_2070_INT":"Not Affected","SSF_RL_500YR_CURR":"Not Affected","SSF_RL_500YR_2040_IL":"Not Affected","SSF_RL_500YR_2040_INT":"Not Affected","SSF_RL_500YR_2070_IL":"Not Affected","SSF_RL_500YR_2070_INT":"Not Affected","RIF_RL_100YR_2020":"Not Affected","RIF_RL_100YR_2040":"Not Affected","RIF_RL_100YR_2070":"Not Affected","RIF_RL_500YR_2020":"Not Affected","RIF_RL_500YR_2040":"Not Affected","RIF_RL_500YR_2070":"Not Affected"}},{"type":"Feature","id":243,"geometry":{"type":"Point","coordinates":[-86.5580164049234,30.7628364107385]},"properties":{"OBJECTID_1":243,"OBJECTID":243,"Name":"OKALOOSA COUNTY JAIL","Address":"1200 E JAMES LEE BLVD","City":"CRESTVIEW","Zip":"32539","COUNTY":"Okaloosa","X":-86.5580164,"Y":30.76283641,"LONGLAT":"-86.55801640,30.76283641","USNG":"16R EV 42298 03402","OWNERSHIP":"COUNTY","PARCELID":"16-3N-23-0000-0005-0000","FACILITY_T":"LOCAL CORRECTIONAL INSTITUTION","Asset_Elevation":null,"Owned_Maintained":"COUNTY","Asset":"LOCAL CORRECTIONAL INSTITUTION","Asset_Sub_Type":null,"Asset_Type":"Correctional Facilities","Asset_Group":"Critical Community and Emergency Facilities","Asset_Relevancy":"Locally Significant","Asset_ID":"CF_PT_243","Municipality":"Crestview","Water_Management_District":"Northwest Florida Water Management District","Souce_Dataset_Entity":"FDEM","Souce_Dataset_Name":"Correctional Facilities - FDEM","Source_Asset_ID":null,"Restricted_Public_Disclosure":null,"Notes":null,"Regional_Planning_Council":"Emerald Coast","FDEP_Regulatory_District":"Northwest District","RCP_Region":"Northwest","FDOT_District":3,"House_District_Number":4,"Senate_District_Number":2,"CTF_RL_2020":"Not Affected","CTF_RL_2040_IL":"Not Affected","CTF_RL_2040_INT":"Not Affected","CTF_RL_2070_IL":"Not Affected","CTF_RL_2070_INT":"Not Affected","SSF_RL_100YR_CURR":"Not Affected","SSF_RL_100YR_2040_IL":"Not Affected","SSF_RL_100YR_2040_INT":"Not Affected","SSF_RL_100YR_2070_IL":"Not Affected","SSF_RL_100YR_2070_INT":"Not Affected","SSF_RL_500YR_CURR":"Not Affected","SSF_RL_500YR_2040_IL":"Not Affected","SSF_RL_500YR_2040_INT":"Not Affected","SSF_RL_500YR_2070_IL":"Not Affected","SSF_RL_500YR_2070_INT":"Not Affected","RIF_RL_100YR_2020":"Not Affected","RIF_RL_100YR_2040":"Low","RIF_RL_100YR_2070":"Not Affected","RIF_RL_500YR_2020":"High","RIF_RL_500YR_2040":"High","RIF_RL_500YR_2070":"High"}},{"type":"Feature","id":244,"geometry":{"type":"Point","coordinates":[-86.5243999601351,30.6960752124168]},"properties":{"OBJECTID_1":244,"OBJECTID":244,"Name":"OKALOOSA WORK CAMP","Address":"3189 LITTLE SILVER RD","City":"CRESTVIEW","Zip":"32539","COUNTY":"Okaloosa","X":-86.52439996,"Y":30.69607521,"LONGLAT":"-86.52439996,30.69607521","USNG":"16R EU 45547 96016","OWNERSHIP":" ","PARCELID":"02-2N-23-0000-0005-0010","FACILITY_T":"LOCAL CORRECTIONAL INSTITUTION","Asset_Elevation":null,"Owned_Maintained":" ","Asset":"LOCAL CORRECTIONAL INSTITUTION","Asset_Sub_Type":null,"Asset_Type":"Correctional Facilities","Asset_Group":"Critical Community and Emergency Facilities","Asset_Relevancy":"Locally Significant","Asset_ID":"CF_PT_244","Municipality":null,"Water_Management_District":"Northwest Florida Water Management District","Souce_Dataset_Entity":"FDEM","Souce_Dataset_Name":"Correctional Facilities - FDEM","Source_Asset_ID":null,"Restricted_Public_Disclosure":null,"Notes":null,"Regional_Planning_Council":"Emerald Coast","FDEP_Regulatory_District":"Northwest District","RCP_Region":"Northwest","FDOT_District":3,"House_District_Number":4,"Senate_District_Number":2,"CTF_RL_2020":"Not Affected","CTF_RL_2040_IL":"Not Affected","CTF_RL_2040_INT":"Not Affected","CTF_RL_2070_IL":"Not Affected","CTF_RL_2070_INT":"Not Affected","SSF_RL_100YR_CURR":"Not Affected","SSF_RL_100YR_2040_IL":"Not Affected","SSF_RL_100YR_2040_INT":"Not Affected","SSF_RL_100YR_2070_IL":"Not Affected","SSF_RL_100YR_2070_INT":"Not Affected","SSF_RL_500YR_CURR":"Not Affected","SSF_RL_500YR_2040_IL":"Not Affected","SSF_RL_500YR_2040_INT":"Not Affected","SSF_RL_500YR_2070_IL":"Not Affected","SSF_RL_500YR_2070_INT":"Not Affected","RIF_RL_100YR_2020":"Not Affected","RIF_RL_100YR_2040":"Not Affected","RIF_RL_100YR_2070":"Not Affected","RIF_RL_500YR_2020":"Not Affected","RIF_RL_500YR_2040":"Not Affected","RIF_RL_500YR_2070":"Not Affected"}},{"type":"Feature","id":245,"geometry":{"type":"Point","coordinates":[-86.5273286536939,30.6968079034367]},"properties":{"OBJECTID_1":245,"OBJECTID":245,"Name":"OSKALOOSA CORRECTIONAL INSTITUTION","Address":"3189 LITTLE SILVER RD","City":"CRESTVIEW","Zip":"32539","COUNTY":"Okaloosa","X":-86.52732865,"Y":30.6968079,"LONGLAT":"-86.52732865,30.69680790","USNG":"16R EU 45266 96096","OWNERSHIP":" ","PARCELID":"03-2N-23-0000-0002-0000","FACILITY_T":"LOCAL CORRECTIONAL INSTITUTION","Asset_Elevation":null,"Owned_Maintained":" ","Asset":"LOCAL CORRECTIONAL INSTITUTION","Asset_Sub_Type":null,"Asset_Type":"Correctional Facilities","Asset_Group":"Critical Community and Emergency Facilities","Asset_Relevancy":"Locally Significant","Asset_ID":"CF_PT_245","Municipality":null,"Water_Management_District":"Northwest Florida Water Management District","Souce_Dataset_Entity":"FDEM","Souce_Dataset_Name":"Correctional Facilities - FDEM","Source_Asset_ID":null,"Restricted_Public_Disclosure":null,"Notes":null,"Regional_Planning_Council":"Emerald Coast","FDEP_Regulatory_District":"Northwest District","RCP_Region":"Northwest","FDOT_District":3,"House_District_Number":4,"Senate_District_Number":2,"CTF_RL_2020":"Not Affected","CTF_RL_2040_IL":"Not Affected","CTF_RL_2040_INT":"Not Affected","CTF_RL_2070_IL":"Not Affected","CTF_RL_2070_INT":"Not Affected","SSF_RL_100YR_CURR":"Not Affected","SSF_RL_100YR_2040_IL":"Not Affected","SSF_RL_100YR_2040_INT":"Not Affected","SSF_RL_100YR_2070_IL":"Not Affected","SSF_RL_100YR_2070_INT":"Not Affected","SSF_RL_500YR_CURR":"Not Affected","SSF_RL_500YR_2040_IL":"Not Affected","SSF_RL_500YR_2040_INT":"Not Affected","SSF_RL_500YR_2070_IL":"Not Affected","SSF_RL_500YR_2070_INT":"Not Affected","RIF_RL_100YR_2020":"Not Affected","RIF_RL_100YR_2040":"Not Affected","RIF_RL_100YR_2070":"Not Affected","RIF_RL_500YR_2020":"Not Affected","RIF_RL_500YR_2040":"Not Affected","RIF_RL_500YR_2070":"Not Affected"}},{"type":"Feature","id":246,"geometry":{"type":"Point","coordinates":[-86.4915702248404,30.4779983871705]},"properties":{"OBJECTID_1":246,"OBJECTID":246,"Name":"FPC EGLIN","Address":"504 INVERNESS RD","City":"EGLIN AFB","Zip":"32542","COUNTY":"Okaloosa","X":-86.49157022,"Y":30.47799839,"LONGLAT":"-86.49157022,30.47799839","USNG":"16R EU 48800 71863","OWNERSHIP":" ","PARCELID":"19-1S-22-0000-0006-0000","FACILITY_T":"FEDERAL CORRECTIONAL INSTITUTION","Asset_Elevation":null,"Owned_Maintained":" ","Asset":"FEDERAL CORRECTIONAL INSTITUTION","Asset_Sub_Type":null,"Asset_Type":"Correctional Facilities","Asset_Group":"Critical Community and Emergency Facilities","Asset_Relevancy":"Locally Significant","Asset_ID":"CF_PT_246","Municipality":"Valparaiso","Water_Management_District":"Northwest Florida Water Management District","Souce_Dataset_Entity":"FDEM","Souce_Dataset_Name":"Correctional Facilities - FDEM","Source_Asset_ID":null,"Restricted_Public_Disclosure":null,"Notes":null,"Regional_Planning_Council":"Emerald Coast","FDEP_Regulatory_District":"Northwest District","RCP_Region":"Northwest","FDOT_District":3,"House_District_Number":4,"Senate_District_Number":2,"CTF_RL_2020":"Not Affected","CTF_RL_2040_IL":"Not Affected","CTF_RL_2040_INT":"Not Affected","CTF_RL_2070_IL":"Not Affected","CTF_RL_2070_INT":"Not Affected","SSF_RL_100YR_CURR":"Not Affected","SSF_RL_100YR_2040_IL":"Not Affected","SSF_RL_100YR_2040_INT":"Not Affected","SSF_RL_100YR_2070_IL":"Not Affected","SSF_RL_100YR_2070_INT":"Not Affected","SSF_RL_500YR_CURR":"Not Affected","SSF_RL_500YR_2040_IL":"Not Affected","SSF_RL_500YR_2040_INT":"Not Affected","SSF_RL_500YR_2070_IL":"Not Affected","SSF_RL_500YR_2070_INT":"Not Affected","RIF_RL_100YR_2020":"Not Affected","RIF_RL_100YR_2040":"Not Affected","RIF_RL_100YR_2070":"Not Affected","RIF_RL_500YR_2020":"Not Affected","RIF_RL_500YR_2040":"Not Affected","RIF_RL_500YR_2070":"Not Affected"}},{"type":"Feature","id":247,"geometry":{"type":"Point","coordinates":[-86.5229995371612,30.7007581240477]},"properties":{"OBJECTID_1":247,"OBJECTID":247,"Name":"OKALOOSA YOUTH DEVELOPMENT CENTER","Address":"4449 STRAIGHT LINE RD","City":"CRESTVIEW","Zip":"32539","COUNTY":"Okaloosa","X":-86.52299954,"Y":30.70075812,"LONGLAT":"-86.52299954,30.70075812","USNG":"16R EU 45679 96536","OWNERSHIP":"STATE","PARCELID":"02-2N-23-0000-0001-0030","FACILITY_T":"JUVENILE CORRECTIONAL INSTITUTION","Asset_Elevation":null,"Owned_Maintained":"STATE","Asset":"JUVENILE CORRECTIONAL INSTITUTION","Asset_Sub_Type":null,"Asset_Type":"Correctional Facilities","Asset_Group":"Critical Community and Emergency Facilities","Asset_Relevancy":"Locally Significant","Asset_ID":"CF_PT_247","Municipality":null,"Water_Management_District":"Northwest Florida Water Management District","Souce_Dataset_Entity":"FDEM","Souce_Dataset_Name":"Correctional Facilities - FDEM","Source_Asset_ID":null,"Restricted_Public_Disclosure":null,"Notes":null,"Regional_Planning_Council":"Emerald Coast","FDEP_Regulatory_District":"Northwest District","RCP_Region":"Northwest","FDOT_District":3,"House_District_Number":4,"Senate_District_Number":2,"CTF_RL_2020":"Not Affected","CTF_RL_2040_IL":"Not Affected","CTF_RL_2040_INT":"Not Affected","CTF_RL_2070_IL":"Not Affected","CTF_RL_2070_INT":"Not Affected","SSF_RL_100YR_CURR":"Not Affected","SSF_RL_100YR_2040_IL":"Not Affected","SSF_RL_100YR_2040_INT":"Not Affected","SSF_RL_100YR_2070_IL":"Not Affected","SSF_RL_100YR_2070_INT":"Not Affected","SSF_RL_500YR_CURR":"Not Affected","SSF_RL_500YR_2040_IL":"Not Affected","SSF_RL_500YR_2040_INT":"Not Affected","SSF_RL_500YR_2070_IL":"Not Affected","SSF_RL_500YR_2070_INT":"Not Affected","RIF_RL_100YR_2020":"Not Affected","RIF_RL_100YR_2040":"Not Affected","RIF_RL_100YR_2070":"Not Affected","RIF_RL_500YR_2020":"Not Affected","RIF_RL_500YR_2040":"Not Affected","RIF_RL_500YR_2070":"Not Affected"}},{"type":"Feature","id":248,"geometry":{"type":"Point","coordinates":[-86.5213647004614,30.7003161457268]},"properties":{"OBJECTID_1":248,"OBJECTID":248,"Name":"OKALOOSA YOUTH ACADEMY","Address":"4455 STRAIGHT LINE RD","City":"CRESTVIEW","Zip":"32539","COUNTY":"Okaloosa","X":-86.5213647,"Y":30.70031615,"LONGLAT":"-86.52136470,30.70031615","USNG":"16R EU 45835 96487","OWNERSHIP":"STATE","PARCELID":"02-2N-23-0000-0001-0030","FACILITY_T":"JUVENILE CORRECTIONAL INSTITUTION","Asset_Elevation":null,"Owned_Maintained":"STATE","Asset":"JUVENILE CORRECTIONAL INSTITUTION","Asset_Sub_Type":null,"Asset_Type":"Correctional Facilities","Asset_Group":"Critical Community and Emergency Facilities","Asset_Relevancy":"Locally Significant","Asset_ID":"CF_PT_248","Municipality":null,"Water_Management_District":"Northwest Florida Water Management District","Souce_Dataset_Entity":"FDEM","Souce_Dataset_Name":"Correctional Facilities - FDEM","Source_Asset_ID":null,"Restricted_Public_Disclosure":null,"Notes":null,"Regional_Planning_Council":"Emerald Coast","FDEP_Regulatory_District":"Northwest District","RCP_Region":"Northwest","FDOT_District":3,"House_District_Number":4,"Senate_District_Number":2,"CTF_RL_2020":"Not Affected","CTF_RL_2040_IL":"Not Affected","CTF_RL_2040_INT":"Not Affected","CTF_RL_2070_IL":"Not Affected","CTF_RL_2070_INT":"Not Affected","SSF_RL_100YR_CURR":"Not Affected","SSF_RL_100YR_2040_IL":"Not Affected","SSF_RL_100YR_2040_INT":"Not Affected","SSF_RL_100YR_2070_IL":"Not Affected","SSF_RL_100YR_2070_INT":"Not Affected","SSF_RL_500YR_CURR":"Not Affected","SSF_RL_500YR_2040_IL":"Not Affected","SSF_RL_500YR_2040_INT":"Not Affected","SSF_RL_500YR_2070_IL":"Not Affected","SSF_RL_500YR_2070_INT":"Not Affected","RIF_RL_100YR_2020":"Not Affected","RIF_RL_100YR_2040":"Not Affected","RIF_RL_100YR_2070":"Not Affected","RIF_RL_500YR_2020":"Not Affected","RIF_RL_500YR_2040":"Not Affected","RIF_RL_500YR_2070":"Not Affected"}},{"type":"Feature","id":249,"geometry":{"type":"Point","coordinates":[-80.7760252003372,27.3940652842275]},"properties":{"OBJECTID_1":249,"OBJECTID":249,"Name":"OKEECHOBEE JUVENILE CORR CTR","Address":"5050 NE 168TH ST","City":"OKEECHOBEE","Zip":"34972","COUNTY":"Okeechobee","X":-80.7760252,"Y":27.39406529,"LONGLAT":"-80.77602520,27.39406529","USNG":"17R NL 22143 30102","OWNERSHIP":"STATE","PARCELID":"1-30-35-36-0A00-00003-0000","FACILITY_T":"JUVENILE CORRECTIONAL INSTITUTION","Asset_Elevation":null,"Owned_Maintained":"STATE","Asset":"JUVENILE CORRECTIONAL INSTITUTION","Asset_Sub_Type":null,"Asset_Type":"Correctional Facilities","Asset_Group":"Critical Community and Emergency Facilities","Asset_Relevancy":"Locally Significant","Asset_ID":"CF_PT_249","Municipality":null,"Water_Management_District":"South Florida Water Management District","Souce_Dataset_Entity":"FDEM","Souce_Dataset_Name":"Correctional Facilities - FDEM","Source_Asset_ID":null,"Restricted_Public_Disclosure":null,"Notes":null,"Regional_Planning_Council":"Central Florida","FDEP_Regulatory_District":"Southeast District","RCP_Region":"Northeast","FDOT_District":1,"House_District_Number":83,"Senate_District_Number":29,"CTF_RL_2020":"Not Affected","CTF_RL_2040_IL":"Not Affected","CTF_RL_2040_INT":"Not Affected","CTF_RL_2070_IL":"Not Affected","CTF_RL_2070_INT":"Not Affected","SSF_RL_100YR_CURR":"Not Affected","SSF_RL_100YR_2040_IL":"Not Affected","SSF_RL_100YR_2040_INT":"Not Affected","SSF_RL_100YR_2070_IL":"Not Affected","SSF_RL_100YR_2070_INT":"Not Affected","SSF_RL_500YR_CURR":"Not Affected","SSF_RL_500YR_2040_IL":"Not Affected","SSF_RL_500YR_2040_INT":"Not Affected","SSF_RL_500YR_2070_IL":"Not Affected","SSF_RL_500YR_2070_INT":"Not Affected","RIF_RL_100YR_2020":"Not Affected","RIF_RL_100YR_2040":"Not Affected","RIF_RL_100YR_2070":"Not Affected","RIF_RL_500YR_2020":"Not Affected","RIF_RL_500YR_2040":"Not Affected","RIF_RL_500YR_2070":"Not Affected"}},{"type":"Feature","id":250,"geometry":{"type":"Point","coordinates":[-80.8239082086152,27.3073243185847]},"properties":{"OBJECTID_1":250,"OBJECTID":250,"Name":"FLORIDA DEPARTMENT OF JUVENILE JUSTICE SOUTH REGION - ECKERD YOUTH DEVELOPMENT CENTER","Address":"7200 UNITED STATES HIGHWAY 441","City":"OKEECHOBEE","Zip":"34972","COUNTY":"Okeechobee","X":-80.82390821,"Y":27.30732432,"LONGLAT":"-80.82390821,27.30732432","USNG":"17R NL 17423 20487","OWNERSHIP":"STATE","PARCELID":"1-27-36-35-0A00-00003-0000","FACILITY_T":"JUVENILE CORRECTIONAL INSTITUTION","Asset_Elevation":null,"Owned_Maintained":"STATE","Asset":"JUVENILE CORRECTIONAL INSTITUTION","Asset_Sub_Type":null,"Asset_Type":"Correctional Facilities","Asset_Group":"Critical Community and Emergency Facilities","Asset_Relevancy":"Locally Significant","Asset_ID":"CF_PT_250","Municipality":null,"Water_Management_District":"South Florida Water Management District","Souce_Dataset_Entity":"FDEM","Souce_Dataset_Name":"Correctional Facilities - FDEM","Source_Asset_ID":null,"Restricted_Public_Disclosure":null,"Notes":null,"Regional_Planning_Council":"Central Florida","FDEP_Regulatory_District":"Southeast District","RCP_Region":"Northeast","FDOT_District":1,"House_District_Number":83,"Senate_District_Number":29,"CTF_RL_2020":"Not Affected","CTF_RL_2040_IL":"Not Affected","CTF_RL_2040_INT":"Not Affected","CTF_RL_2070_IL":"Not Affected","CTF_RL_2070_INT":"Not Affected","SSF_RL_100YR_CURR":"Not Affected","SSF_RL_100YR_2040_IL":"Not Affected","SSF_RL_100YR_2040_INT":"Not Affected","SSF_RL_100YR_2070_IL":"Not Affected","SSF_RL_100YR_2070_INT":"Not Affected","SSF_RL_500YR_CURR":"Not Affected","SSF_RL_500YR_2040_IL":"Not Affected","SSF_RL_500YR_2040_INT":"Not Affected","SSF_RL_500YR_2070_IL":"Not Affected","SSF_RL_500YR_2070_INT":"Not Affected","RIF_RL_100YR_2020":"Not Affected","RIF_RL_100YR_2040":"Not Affected","RIF_RL_100YR_2070":"Not Affected","RIF_RL_500YR_2020":"Not Affected","RIF_RL_500YR_2040":"Not Affected","RIF_RL_500YR_2070":"Not Affected"}},{"type":"Feature","id":251,"geometry":{"type":"Point","coordinates":[-80.8628292539316,27.6381196517177]},"properties":{"OBJECTID_1":251,"OBJECTID":251,"Name":"VISION QUEST CTR","Address":"42660 US HIGHWAY 441 N","City":"OKEECHOBEE","Zip":"34972","COUNTY":"Okeechobee","X":-80.86282925,"Y":27.63811965,"LONGLAT":"-80.86282925,27.63811965","USNG":"17R NL 13531 57123","OWNERSHIP":" ","PARCELID":"1-06-33-35-0A00-00032-0000","FACILITY_T":"CORRECTIONAL FACILITY","Asset_Elevation":null,"Owned_Maintained":" ","Asset":"CORRECTIONAL FACILITY","Asset_Sub_Type":null,"Asset_Type":"Correctional Facilities","Asset_Group":"Critical Community and Emergency Facilities","Asset_Relevancy":"Locally Significant","Asset_ID":"CF_PT_251","Municipality":null,"Water_Management_District":"St. Johns River Water Management District","Souce_Dataset_Entity":"FDEM","Souce_Dataset_Name":"Correctional Facilities - FDEM","Source_Asset_ID":null,"Restricted_Public_Disclosure":null,"Notes":null,"Regional_Planning_Council":"Central Florida","FDEP_Regulatory_District":"Southeast District","RCP_Region":"Northeast","FDOT_District":1,"House_District_Number":83,"Senate_District_Number":29,"CTF_RL_2020":"Not Affected","CTF_RL_2040_IL":"Not Affected","CTF_RL_2040_INT":"Not Affected","CTF_RL_2070_IL":"Not Affected","CTF_RL_2070_INT":"Not Affected","SSF_RL_100YR_CURR":"Not Affected","SSF_RL_100YR_2040_IL":"Not Affected","SSF_RL_100YR_2040_INT":"Not Affected","SSF_RL_100YR_2070_IL":"Not Affected","SSF_RL_100YR_2070_INT":"Not Affected","SSF_RL_500YR_CURR":"Not Affected","SSF_RL_500YR_2040_IL":"Not Affected","SSF_RL_500YR_2040_INT":"Not Affected","SSF_RL_500YR_2070_IL":"Not Affected","SSF_RL_500YR_2070_INT":"Not Affected","RIF_RL_100YR_2020":"Not Affected","RIF_RL_100YR_2040":"Not Affected","RIF_RL_100YR_2070":"Not Affected","RIF_RL_500YR_2020":"Not Affected","RIF_RL_500YR_2040":"Not Affected","RIF_RL_500YR_2070":"Not Affected"}},{"type":"Feature","id":252,"geometry":{"type":"Point","coordinates":[-80.836029545117,27.2474315151846]},"properties":{"OBJECTID_1":252,"OBJECTID":252,"Name":"OKEECHOBEE COUNTY JAIL","Address":"499 NW 5TH AVE","City":"OKEECHOBEE","Zip":"34972","COUNTY":"Okeechobee","X":-80.83602955,"Y":27.24743152,"LONGLAT":"-80.83602955,27.24743152","USNG":"17R NL 16232 13851","OWNERSHIP":"COUNTY","PARCELID":"3-15-37-35-0010-00950-0070","FACILITY_T":"LOCAL CORRECTIONAL INSTITUTION","Asset_Elevation":null,"Owned_Maintained":"COUNTY","Asset":"LOCAL CORRECTIONAL INSTITUTION","Asset_Sub_Type":null,"Asset_Type":"Correctional Facilities","Asset_Group":"Critical Community and Emergency Facilities","Asset_Relevancy":"Locally Significant","Asset_ID":"CF_PT_252","Municipality":"Okeechobee","Water_Management_District":"South Florida Water Management District","Souce_Dataset_Entity":"FDEM","Souce_Dataset_Name":"Correctional Facilities - FDEM","Source_Asset_ID":null,"Restricted_Public_Disclosure":null,"Notes":null,"Regional_Planning_Council":"Central Florida","FDEP_Regulatory_District":"Southeast District","RCP_Region":"Northeast","FDOT_District":1,"House_District_Number":83,"Senate_District_Number":29,"CTF_RL_2020":"Not Affected","CTF_RL_2040_IL":"Not Affected","CTF_RL_2040_INT":"Not Affected","CTF_RL_2070_IL":"Not Affected","CTF_RL_2070_INT":"Not Affected","SSF_RL_100YR_CURR":"Not Affected","SSF_RL_100YR_2040_IL":"Not Affected","SSF_RL_100YR_2040_INT":"Not Affected","SSF_RL_100YR_2070_IL":"Not Affected","SSF_RL_100YR_2070_INT":"Not Affected","SSF_RL_500YR_CURR":"Not Affected","SSF_RL_500YR_2040_IL":"Not Affected","SSF_RL_500YR_2040_INT":"Not Affected","SSF_RL_500YR_2070_IL":"Not Affected","SSF_RL_500YR_2070_INT":"Not Affected","RIF_RL_100YR_2020":"Not Affected","RIF_RL_100YR_2040":"Not Affected","RIF_RL_100YR_2070":"Not Affected","RIF_RL_500YR_2020":"Not Affected","RIF_RL_500YR_2040":"Not Affected","RIF_RL_500YR_2070":"Not Affected"}},{"type":"Feature","id":253,"geometry":{"type":"Point","coordinates":[-80.8195017266244,27.2945639636904]},"properties":{"OBJECTID_1":253,"OBJECTID":253,"Name":"FLORIDA DEPARTMENT OF JUVENILE JUSTICE SOUTH REGION - RED ROAD ACADEMY","Address":"1117 NE 39TH BLVD","City":"OKEECHOBEE","Zip":"34972","COUNTY":"Okeechobee","X":-80.81950173,"Y":27.29456396,"LONGLAT":"-80.81950173,27.29456396","USNG":"17R NL 17861 19074","OWNERSHIP":"STATE","PARCELID":"1-34-36-35-0A00-00001-0000","FACILITY_T":"JUVENILE CORRECTIONAL INSTITUTION","Asset_Elevation":null,"Owned_Maintained":"STATE","Asset":"JUVENILE CORRECTIONAL INSTITUTION","Asset_Sub_Type":null,"Asset_Type":"Correctional Facilities","Asset_Group":"Critical Community and Emergency Facilities","Asset_Relevancy":"Locally Significant","Asset_ID":"CF_PT_253","Municipality":null,"Water_Management_District":"South Florida Water Management District","Souce_Dataset_Entity":"FDEM","Souce_Dataset_Name":"Correctional Facilities - FDEM","Source_Asset_ID":null,"Restricted_Public_Disclosure":null,"Notes":null,"Regional_Planning_Council":"Central Florida","FDEP_Regulatory_District":"Southeast District","RCP_Region":"Northeast","FDOT_District":1,"House_District_Number":83,"Senate_District_Number":29,"CTF_RL_2020":"Not Affected","CTF_RL_2040_IL":"Not Affected","CTF_RL_2040_INT":"Not Affected","CTF_RL_2070_IL":"Not Affected","CTF_RL_2070_INT":"Not Affected","SSF_RL_100YR_CURR":"Not Affected","SSF_RL_100YR_2040_IL":"Not Affected","SSF_RL_100YR_2040_INT":"Not Affected","SSF_RL_100YR_2070_IL":"Not Affected","SSF_RL_100YR_2070_INT":"Not Affected","SSF_RL_500YR_CURR":"Not Affected","SSF_RL_500YR_2040_IL":"Not Affected","SSF_RL_500YR_2040_INT":"Not Affected","SSF_RL_500YR_2070_IL":"Not Affected","SSF_RL_500YR_2070_INT":"Not Affected","RIF_RL_100YR_2020":"Not Affected","RIF_RL_100YR_2040":"Not Affected","RIF_RL_100YR_2070":"Not Affected","RIF_RL_500YR_2020":"Not Affected","RIF_RL_500YR_2040":"Not Affected","RIF_RL_500YR_2070":"Not Affected"}},{"type":"Feature","id":254,"geometry":{"type":"Point","coordinates":[-80.8201957761657,27.3071302965291]},"properties":{"OBJECTID_1":254,"OBJECTID":254,"Name":"FLORIDA DEPARTMENT OF JUVENILE JUSTICE SOUTH REGION - ECKARD INTENSIVE HALFWAY HOUSE","Address":"800 NORTHEAST 72ND CIRCLE NORTH","City":"OKEECHOBEE","Zip":"34972","COUNTY":"Okeechobee","X":-80.82019578,"Y":27.3071303,"LONGLAT":"-80.82019578,27.30713030","USNG":"17R NL 17790 20466","OWNERSHIP":" ","PARCELID":"1-27-36-35-0A00-00003-0000","FACILITY_T":"LOCAL CORRECTIONAL INSTITUTION","Asset_Elevation":null,"Owned_Maintained":" ","Asset":"LOCAL CORRECTIONAL INSTITUTION","Asset_Sub_Type":null,"Asset_Type":"Correctional Facilities","Asset_Group":"Critical Community and Emergency Facilities","Asset_Relevancy":"Locally Significant","Asset_ID":"CF_PT_254","Municipality":null,"Water_Management_District":"South Florida Water Management District","Souce_Dataset_Entity":"FDEM","Souce_Dataset_Name":"Correctional Facilities - FDEM","Source_Asset_ID":null,"Restricted_Public_Disclosure":null,"Notes":null,"Regional_Planning_Council":"Central Florida","FDEP_Regulatory_District":"Southeast District","RCP_Region":"Northeast","FDOT_District":1,"House_District_Number":83,"Senate_District_Number":29,"CTF_RL_2020":"Not Affected","CTF_RL_2040_IL":"Not Affected","CTF_RL_2040_INT":"Not Affected","CTF_RL_2070_IL":"Not Affected","CTF_RL_2070_INT":"Not Affected","SSF_RL_100YR_CURR":"Not Affected","SSF_RL_100YR_2040_IL":"Not Affected","SSF_RL_100YR_2040_INT":"Not Affected","SSF_RL_100YR_2070_IL":"Not Affected","SSF_RL_100YR_2070_INT":"Not Affected","SSF_RL_500YR_CURR":"Not Affected","SSF_RL_500YR_2040_IL":"Not Affected","SSF_RL_500YR_2040_INT":"Not Affected","SSF_RL_500YR_2070_IL":"Not Affected","SSF_RL_500YR_2070_INT":"Not Affected","RIF_RL_100YR_2020":"Not Affected","RIF_RL_100YR_2040":"Not Affected","RIF_RL_100YR_2070":"Not Affected","RIF_RL_500YR_2020":"Not Affected","RIF_RL_500YR_2040":"Not Affected","RIF_RL_500YR_2070":"Not Affected"}},{"type":"Feature","id":255,"geometry":{"type":"Point","coordinates":[-80.7844110481188,27.39609997045]},"properties":{"OBJECTID_1":255,"OBJECTID":255,"Name":"OKEECHOBEE CORR INSTITUTION","Address":"3420 NE 168TH ST","City":"OKEECHOBEE","Zip":"34972","COUNTY":"Okeechobee","X":-80.78441105,"Y":27.39609997,"LONGLAT":"-80.78441105,27.39609997","USNG":"17R NL 21314 30326","OWNERSHIP":"STATE","PARCELID":"1-25-35-35-0A00-00002-0000","FACILITY_T":"STATE CORRECTIONAL INSTITUTION","Asset_Elevation":null,"Owned_Maintained":"STATE","Asset":"STATE CORRECTIONAL INSTITUTION","Asset_Sub_Type":null,"Asset_Type":"Correctional Facilities","Asset_Group":"Critical Community and Emergency Facilities","Asset_Relevancy":"Locally Significant","Asset_ID":"CF_PT_255","Municipality":null,"Water_Management_District":"South Florida Water Management District","Souce_Dataset_Entity":"FDEM","Souce_Dataset_Name":"Correctional Facilities - FDEM","Source_Asset_ID":null,"Restricted_Public_Disclosure":null,"Notes":null,"Regional_Planning_Council":"Central Florida","FDEP_Regulatory_District":"Southeast District","RCP_Region":"Northeast","FDOT_District":1,"House_District_Number":83,"Senate_District_Number":29,"CTF_RL_2020":"Not Affected","CTF_RL_2040_IL":"Not Affected","CTF_RL_2040_INT":"Not Affected","CTF_RL_2070_IL":"Not Affected","CTF_RL_2070_INT":"Not Affected","SSF_RL_100YR_CURR":"Not Affected","SSF_RL_100YR_2040_IL":"Not Affected","SSF_RL_100YR_2040_INT":"Not Affected","SSF_RL_100YR_2070_IL":"Not Affected","SSF_RL_100YR_2070_INT":"Not Affected","SSF_RL_500YR_CURR":"Not Affected","SSF_RL_500YR_2040_IL":"Not Affected","SSF_RL_500YR_2040_INT":"Not Affected","SSF_RL_500YR_2070_IL":"Not Affected","SSF_RL_500YR_2070_INT":"Not Affected","RIF_RL_100YR_2020":"Not Affected","RIF_RL_100YR_2040":"Not Affected","RIF_RL_100YR_2070":"Not Affected","RIF_RL_500YR_2020":"Not Affected","RIF_RL_500YR_2040":"Not Affected","RIF_RL_500YR_2070":"Not Affected"}},{"type":"Feature","id":256,"geometry":{"type":"Point","coordinates":[-81.1595285079326,28.45309867676]},"properties":{"OBJECTID_1":256,"OBJECTID":256,"Name":"CENTRAL FLORIDA RECEPTION CENTER","Address":"7000 HC KELLEY RD","City":"ORLANDO","Zip":"32831","COUNTY":"Orange","X":-81.15952851,"Y":28.45309868,"LONGLAT":"-81.15952851,28.45309868","USNG":"17R MM 84380 47406","OWNERSHIP":"STATE","PARCELID":"322330000000001","FACILITY_T":"STATE CORRECTIONAL INSTITUTION","Asset_Elevation":null,"Owned_Maintained":"STATE","Asset":"STATE CORRECTIONAL INSTITUTION","Asset_Sub_Type":null,"Asset_Type":"Correctional Facilities","Asset_Group":"Critical Community and Emergency Facilities","Asset_Relevancy":"Locally Significant","Asset_ID":"CF_PT_256","Municipality":null,"Water_Management_District":"St. Johns River Water Management District","Souce_Dataset_Entity":"FDEM","Souce_Dataset_Name":"Correctional Facilities - FDEM","Source_Asset_ID":null,"Restricted_Public_Disclosure":null,"Notes":null,"Regional_Planning_Council":"East Central Florida","FDEP_Regulatory_District":"Central District","RCP_Region":"Northeast","FDOT_District":5,"House_District_Number":35,"Senate_District_Number":17,"CTF_RL_2020":"Not Affected","CTF_RL_2040_IL":"Not Affected","CTF_RL_2040_INT":"Not Affected","CTF_RL_2070_IL":"Not Affected","CTF_RL_2070_INT":"Not Affected","SSF_RL_100YR_CURR":"Not Affected","SSF_RL_100YR_2040_IL":"Not Affected","SSF_RL_100YR_2040_INT":"Not Affected","SSF_RL_100YR_2070_IL":"Not Affected","SSF_RL_100YR_2070_INT":"Not Affected","SSF_RL_500YR_CURR":"Not Affected","SSF_RL_500YR_2040_IL":"Not Affected","SSF_RL_500YR_2040_INT":"Not Affected","SSF_RL_500YR_2070_IL":"Not Affected","SSF_RL_500YR_2070_INT":"Not Affected","RIF_RL_100YR_2020":"Not Affected","RIF_RL_100YR_2040":"Not Affected","RIF_RL_100YR_2070":"Not Affected","RIF_RL_500YR_2020":"Not Affected","RIF_RL_500YR_2040":"Not Affected","RIF_RL_500YR_2070":"Not Affected"}},{"type":"Feature","id":257,"geometry":{"type":"Point","coordinates":[-81.4163772502568,28.5038006076883]},"properties":{"OBJECTID_1":257,"OBJECTID":257,"Name":"ORANGE COUNTY HORIZON FACILITY","Address":"3851 VISION BLVD","City":"ORLANDO","Zip":"32839","COUNTY":"Orange","X":-81.41637725,"Y":28.50380061,"LONGLAT":"-81.41637725,28.50380061","USNG":"17R MM 59252 53083","OWNERSHIP":"COUNTY","PARCELID":"292309862000000","FACILITY_T":"LOCAL CORRECTIONAL INSTITUTION","Asset_Elevation":null,"Owned_Maintained":"COUNTY","Asset":"LOCAL CORRECTIONAL INSTITUTION","Asset_Sub_Type":null,"Asset_Type":"Correctional Facilities","Asset_Group":"Critical Community and Emergency Facilities","Asset_Relevancy":"Locally Significant","Asset_ID":"CF_PT_257","Municipality":null,"Water_Management_District":"South Florida Water Management District","Souce_Dataset_Entity":"FDEM","Souce_Dataset_Name":"Correctional Facilities - FDEM","Source_Asset_ID":null,"Restricted_Public_Disclosure":null,"Notes":null,"Regional_Planning_Council":"East Central Florida","FDEP_Regulatory_District":"Central District","RCP_Region":"Northeast","FDOT_District":5,"House_District_Number":41,"Senate_District_Number":15,"CTF_RL_2020":"Not Affected","CTF_RL_2040_IL":"Not Affected","CTF_RL_2040_INT":"Not Affected","CTF_RL_2070_IL":"Not Affected","CTF_RL_2070_INT":"Not Affected","SSF_RL_100YR_CURR":"Not Affected","SSF_RL_100YR_2040_IL":"Not Affected","SSF_RL_100YR_2040_INT":"Not Affected","SSF_RL_100YR_2070_IL":"Not Affected","SSF_RL_100YR_2070_INT":"Not Affected","SSF_RL_500YR_CURR":"Not Affected","SSF_RL_500YR_2040_IL":"Not Affected","SSF_RL_500YR_2040_INT":"Not Affected","SSF_RL_500YR_2070_IL":"Not Affected","SSF_RL_500YR_2070_INT":"Not Affected","RIF_RL_100YR_2020":"Not Affected","RIF_RL_100YR_2040":"Not Affected","RIF_RL_100YR_2070":"Not Affected","RIF_RL_500YR_2020":"Not Affected","RIF_RL_500YR_2040":"Not Affected","RIF_RL_500YR_2070":"Not Affected"}},{"type":"Feature","id":258,"geometry":{"type":"Point","coordinates":[-81.3548752804803,28.5127887275771]},"properties":{"OBJECTID_1":258,"OBJECTID":258,"Name":"JUVENILE JUSTICE CENTER","Address":"2000 E MICHIGAN STREET","City":"ORLANDO","Zip":"32806","COUNTY":"Orange","X":-81.35487528,"Y":28.51278873,"LONGLAT":"-81.35487528,28.51278873","USNG":"17R MM 65274 54060","OWNERSHIP":" ","PARCELID":" ","FACILITY_T":"JUVENILE CORRECTIONAL INSTITUTION","Asset_Elevation":null,"Owned_Maintained":" ","Asset":"JUVENILE CORRECTIONAL INSTITUTION","Asset_Sub_Type":null,"Asset_Type":"Correctional Facilities","Asset_Group":"Critical Community and Emergency Facilities","Asset_Relevancy":"Locally Significant","Asset_ID":"CF_PT_258","Municipality":null,"Water_Management_District":"St. Johns River Water Management District","Souce_Dataset_Entity":"FDEM","Souce_Dataset_Name":"Correctional Facilities - FDEM","Source_Asset_ID":null,"Restricted_Public_Disclosure":null,"Notes":null,"Regional_Planning_Council":"East Central Florida","FDEP_Regulatory_District":"Central District","RCP_Region":"Northeast","FDOT_District":5,"House_District_Number":42,"Senate_District_Number":17,"CTF_RL_2020":"Not Affected","CTF_RL_2040_IL":"Not Affected","CTF_RL_2040_INT":"Not Affected","CTF_RL_2070_IL":"Not Affected","CTF_RL_2070_INT":"Not Affected","SSF_RL_100YR_CURR":"Not Affected","SSF_RL_100YR_2040_IL":"Not Affected","SSF_RL_100YR_2040_INT":"Not Affected","SSF_RL_100YR_2070_IL":"Not Affected","SSF_RL_100YR_2070_INT":"Not Affected","SSF_RL_500YR_CURR":"Not Affected","SSF_RL_500YR_2040_IL":"Not Affected","SSF_RL_500YR_2040_INT":"Not Affected","SSF_RL_500YR_2070_IL":"Not Affected","SSF_RL_500YR_2070_INT":"Not Affected","RIF_RL_100YR_2020":"Not Affected","RIF_RL_100YR_2040":"Not Affected","RIF_RL_100YR_2070":"Not Affected","RIF_RL_500YR_2020":"Not Affected","RIF_RL_500YR_2040":"Not Affected","RIF_RL_500YR_2070":"Not Affected"}},{"type":"Feature","id":259,"geometry":{"type":"Point","coordinates":[-81.4807191859346,28.5689700325096]},"properties":{"OBJECTID_1":259,"OBJECTID":259,"Name":"ORLANDO WORK RELEASE CENTER","Address":"7300 LAUREL HILL RD","City":"ORLANDO","Zip":"32818","COUNTY":"Orange","X":-81.48071919,"Y":28.56897003,"LONGLAT":"-81.48071919,28.56897003","USNG":"17R MM 52984 60327","OWNERSHIP":"STATE","PARCELID":"282214000000009","FACILITY_T":"LOCAL CORRECTIONAL INSTITUTION","Asset_Elevation":null,"Owned_Maintained":"STATE","Asset":"LOCAL CORRECTIONAL INSTITUTION","Asset_Sub_Type":null,"Asset_Type":"Correctional Facilities","Asset_Group":"Critical Community and Emergency Facilities","Asset_Relevancy":"Locally Significant","Asset_ID":"CF_PT_259","Municipality":null,"Water_Management_District":"St. Johns River Water Management District","Souce_Dataset_Entity":"FDEM","Souce_Dataset_Name":"Correctional Facilities - FDEM","Source_Asset_ID":null,"Restricted_Public_Disclosure":null,"Notes":null,"Regional_Planning_Council":"East Central Florida","FDEP_Regulatory_District":"Central District","RCP_Region":"Northeast","FDOT_District":5,"House_District_Number":40,"Senate_District_Number":15,"CTF_RL_2020":"Not Affected","CTF_RL_2040_IL":"Not Affected","CTF_RL_2040_INT":"Not Affected","CTF_RL_2070_IL":"Not Affected","CTF_RL_2070_INT":"Not Affected","SSF_RL_100YR_CURR":"Not Affected","SSF_RL_100YR_2040_IL":"Not Affected","SSF_RL_100YR_2040_INT":"Not Affected","SSF_RL_100YR_2070_IL":"Not Affected","SSF_RL_100YR_2070_INT":"Not Affected","SSF_RL_500YR_CURR":"Not Affected","SSF_RL_500YR_2040_IL":"Not Affected","SSF_RL_500YR_2040_INT":"Not Affected","SSF_RL_500YR_2070_IL":"Not Affected","SSF_RL_500YR_2070_INT":"Not Affected","RIF_RL_100YR_2020":"Medium","RIF_RL_100YR_2040":"Medium","RIF_RL_100YR_2070":"Medium","RIF_RL_500YR_2020":"Medium","RIF_RL_500YR_2040":"Medium","RIF_RL_500YR_2070":"Medium"}},{"type":"Feature","id":260,"geometry":{"type":"Point","coordinates":[-81.3803239254635,28.519773349678]},"properties":{"OBJECTID_1":260,"OBJECTID":260,"Name":"ORANGE CO WORK RELEASE CTR","Address":"130 W KALEY ST","City":"ORLANDO","Zip":"32806","COUNTY":"Orange","X":-81.38032393,"Y":28.51977335,"LONGLAT":"-81.38032393,28.51977335","USNG":"17R MM 62786 54841","OWNERSHIP":"MUNICIPAL","PARCELID":"292302944900010","FACILITY_T":"LOCAL CORRECTIONAL INSTITUTION","Asset_Elevation":null,"Owned_Maintained":"MUNICIPAL","Asset":"LOCAL CORRECTIONAL INSTITUTION","Asset_Sub_Type":null,"Asset_Type":"Correctional Facilities","Asset_Group":"Critical Community and Emergency Facilities","Asset_Relevancy":"Locally Significant","Asset_ID":"CF_PT_260","Municipality":"Orlando","Water_Management_District":"St. Johns River Water Management District","Souce_Dataset_Entity":"FDEM","Souce_Dataset_Name":"Correctional Facilities - FDEM","Source_Asset_ID":null,"Restricted_Public_Disclosure":null,"Notes":null,"Regional_Planning_Council":"East Central Florida","FDEP_Regulatory_District":"Central District","RCP_Region":"Northeast","FDOT_District":5,"House_District_Number":42,"Senate_District_Number":17,"CTF_RL_2020":"Not Affected","CTF_RL_2040_IL":"Not Affected","CTF_RL_2040_INT":"Not Affected","CTF_RL_2070_IL":"Not Affected","CTF_RL_2070_INT":"Not Affected","SSF_RL_100YR_CURR":"Not Affected","SSF_RL_100YR_2040_IL":"Not Affected","SSF_RL_100YR_2040_INT":"Not Affected","SSF_RL_100YR_2070_IL":"Not Affected","SSF_RL_100YR_2070_INT":"Not Affected","SSF_RL_500YR_CURR":"Not Affected","SSF_RL_500YR_2040_IL":"Not Affected","SSF_RL_500YR_2040_INT":"Not Affected","SSF_RL_500YR_2070_IL":"Not Affected","SSF_RL_500YR_2070_INT":"Not Affected","RIF_RL_100YR_2020":"Not Affected","RIF_RL_100YR_2040":"Not Affected","RIF_RL_100YR_2070":"Not Affected","RIF_RL_500YR_2020":"Not Affected","RIF_RL_500YR_2040":"Not Affected","RIF_RL_500YR_2070":"Not Affected"}},{"type":"Feature","id":261,"geometry":{"type":"Point","coordinates":[-81.4290559304732,28.5694989651765]},"properties":{"OBJECTID_1":261,"OBJECTID":261,"Name":"ORLANDO BRIDGE WORK RELEASE","Address":"2025 NORTH MERCY DRIVE","City":"ORLANDO","Zip":"32808","COUNTY":"Orange","X":-81.42905593,"Y":28.56949897,"LONGLAT":"-81.42905593,28.56949897","USNG":"17R MM 58037 60366","OWNERSHIP":" ","PARCELID":"292217133100010","FACILITY_T":"LOCAL CORRECTIONAL INSTITUTION","Asset_Elevation":null,"Owned_Maintained":" ","Asset":"LOCAL CORRECTIONAL INSTITUTION","Asset_Sub_Type":null,"Asset_Type":"Correctional Facilities","Asset_Group":"Critical Community and Emergency Facilities","Asset_Relevancy":"Locally Significant","Asset_ID":"CF_PT_261","Municipality":"Orlando","Water_Management_District":"St. Johns River Water Management District","Souce_Dataset_Entity":"FDEM","Souce_Dataset_Name":"Correctional Facilities - FDEM","Source_Asset_ID":null,"Restricted_Public_Disclosure":null,"Notes":null,"Regional_Planning_Council":"East Central Florida","FDEP_Regulatory_District":"Central District","RCP_Region":"Northeast","FDOT_District":5,"House_District_Number":40,"Senate_District_Number":15,"CTF_RL_2020":"Not Affected","CTF_RL_2040_IL":"Not Affected","CTF_RL_2040_INT":"Not Affected","CTF_RL_2070_IL":"Not Affected","CTF_RL_2070_INT":"Not Affected","SSF_RL_100YR_CURR":"Not Affected","SSF_RL_100YR_2040_IL":"Not Affected","SSF_RL_100YR_2040_INT":"Not Affected","SSF_RL_100YR_2070_IL":"Not Affected","SSF_RL_100YR_2070_INT":"Not Affected","SSF_RL_500YR_CURR":"Not Affected","SSF_RL_500YR_2040_IL":"Not Affected","SSF_RL_500YR_2040_INT":"Not Affected","SSF_RL_500YR_2070_IL":"Not Affected","SSF_RL_500YR_2070_INT":"Not Affected","RIF_RL_100YR_2020":"Not Affected","RIF_RL_100YR_2040":"Not Affected","RIF_RL_100YR_2070":"Not Affected","RIF_RL_500YR_2020":"Not Affected","RIF_RL_500YR_2040":"Not Affected","RIF_RL_500YR_2070":"Not Affected"}},{"type":"Feature","id":262,"geometry":{"type":"Point","coordinates":[-81.4145824856596,28.504831035781]},"properties":{"OBJECTID_1":262,"OBJECTID":262,"Name":"ORANGE COUNTY JAIL","Address":"3883 VISION BLVD","City":"ORLANDO","Zip":"32839","COUNTY":"Orange","X":-81.41458249,"Y":28.50483104,"LONGLAT":"-81.41458249,28.50483104","USNG":"17R MM 59428 53197","OWNERSHIP":"COUNTY","PARCELID":"292309862000000","FACILITY_T":"LOCAL CORRECTIONAL INSTITUTION","Asset_Elevation":null,"Owned_Maintained":"COUNTY","Asset":"LOCAL CORRECTIONAL INSTITUTION","Asset_Sub_Type":null,"Asset_Type":"Correctional Facilities","Asset_Group":"Critical Community and Emergency Facilities","Asset_Relevancy":"Locally Significant","Asset_ID":"CF_PT_262","Municipality":null,"Water_Management_District":"South Florida Water Management District","Souce_Dataset_Entity":"FDEM","Souce_Dataset_Name":"Correctional Facilities - FDEM","Source_Asset_ID":null,"Restricted_Public_Disclosure":null,"Notes":null,"Regional_Planning_Council":"East Central Florida","FDEP_Regulatory_District":"Central District","RCP_Region":"Northeast","FDOT_District":5,"House_District_Number":41,"Senate_District_Number":15,"CTF_RL_2020":"Not Affected","CTF_RL_2040_IL":"Not Affected","CTF_RL_2040_INT":"Not Affected","CTF_RL_2070_IL":"Not Affected","CTF_RL_2070_INT":"Not Affected","SSF_RL_100YR_CURR":"Not Affected","SSF_RL_100YR_2040_IL":"Not Affected","SSF_RL_100YR_2040_INT":"Not Affected","SSF_RL_100YR_2070_IL":"Not Affected","SSF_RL_100YR_2070_INT":"Not Affected","SSF_RL_500YR_CURR":"Not Affected","SSF_RL_500YR_2040_IL":"Not Affected","SSF_RL_500YR_2040_INT":"Not Affected","SSF_RL_500YR_2070_IL":"Not Affected","SSF_RL_500YR_2070_INT":"Not Affected","RIF_RL_100YR_2020":"Not Affected","RIF_RL_100YR_2040":"Not Affected","RIF_RL_100YR_2070":"Not Affected","RIF_RL_500YR_2020":"Not Affected","RIF_RL_500YR_2040":"Not Affected","RIF_RL_500YR_2070":"Not Affected"}},{"type":"Feature","id":263,"geometry":{"type":"Point","coordinates":[-81.4153599552888,28.5041431763567]},"properties":{"OBJECTID_1":263,"OBJECTID":263,"Name":"ORANGE COUNTY PHOENIX FACILITY","Address":"3883 VISION BLVD","City":"ORLANDO","Zip":"32839","COUNTY":"Orange","X":-81.41535996,"Y":28.50414318,"LONGLAT":"-81.41535996,28.50414318","USNG":"17R MM 59352 53121","OWNERSHIP":"COUNTY","PARCELID":"292309862000000","FACILITY_T":"LOCAL CORRECTIONAL INSTITUTION","Asset_Elevation":null,"Owned_Maintained":"COUNTY","Asset":"LOCAL CORRECTIONAL INSTITUTION","Asset_Sub_Type":null,"Asset_Type":"Correctional Facilities","Asset_Group":"Critical Community and Emergency Facilities","Asset_Relevancy":"Locally Significant","Asset_ID":"CF_PT_263","Municipality":null,"Water_Management_District":"South Florida Water Management District","Souce_Dataset_Entity":"FDEM","Souce_Dataset_Name":"Correctional Facilities - FDEM","Source_Asset_ID":null,"Restricted_Public_Disclosure":null,"Notes":null,"Regional_Planning_Council":"East Central Florida","FDEP_Regulatory_District":"Central District","RCP_Region":"Northeast","FDOT_District":5,"House_District_Number":41,"Senate_District_Number":15,"CTF_RL_2020":"Not Affected","CTF_RL_2040_IL":"Not Affected","CTF_RL_2040_INT":"Not Affected","CTF_RL_2070_IL":"Not Affected","CTF_RL_2070_INT":"Not Affected","SSF_RL_100YR_CURR":"Not Affected","SSF_RL_100YR_2040_IL":"Not Affected","SSF_RL_100YR_2040_INT":"Not Affected","SSF_RL_100YR_2070_IL":"Not Affected","SSF_RL_100YR_2070_INT":"Not Affected","SSF_RL_500YR_CURR":"Not Affected","SSF_RL_500YR_2040_IL":"Not Affected","SSF_RL_500YR_2040_INT":"Not Affected","SSF_RL_500YR_2070_IL":"Not Affected","SSF_RL_500YR_2070_INT":"Not Affected","RIF_RL_100YR_2020":"Not Affected","RIF_RL_100YR_2040":"Not Affected","RIF_RL_100YR_2070":"Not Affected","RIF_RL_500YR_2020":"Not Affected","RIF_RL_500YR_2040":"Not Affected","RIF_RL_500YR_2070":"Not Affected"}},{"type":"Feature","id":264,"geometry":{"type":"Point","coordinates":[-81.352362209696,28.5101607130645]},"properties":{"OBJECTID_1":264,"OBJECTID":264,"Name":"ORANGE REGIONAL JUVENILE DETENTION CENTER","Address":"2800 S BUMBY AVE","City":"ORLANDO","Zip":"32806","COUNTY":"Orange","X":-81.35236221,"Y":28.51016071,"LONGLAT":"-81.35236221,28.51016071","USNG":"17R MM 65519 53768","OWNERSHIP":"COUNTY","PARCELID":"302306000000025","FACILITY_T":"JUVENILE CORRECTIONAL INSTITUTION","Asset_Elevation":null,"Owned_Maintained":"COUNTY","Asset":"JUVENILE CORRECTIONAL INSTITUTION","Asset_Sub_Type":null,"Asset_Type":"Correctional Facilities","Asset_Group":"Critical Community and Emergency Facilities","Asset_Relevancy":"Locally Significant","Asset_ID":"CF_PT_264","Municipality":null,"Water_Management_District":"St. Johns River Water Management District","Souce_Dataset_Entity":"FDEM","Souce_Dataset_Name":"Correctional Facilities - FDEM","Source_Asset_ID":null,"Restricted_Public_Disclosure":null,"Notes":null,"Regional_Planning_Council":"East Central Florida","FDEP_Regulatory_District":"Central District","RCP_Region":"Northeast","FDOT_District":5,"House_District_Number":42,"Senate_District_Number":17,"CTF_RL_2020":"Not Affected","CTF_RL_2040_IL":"Not Affected","CTF_RL_2040_INT":"Not Affected","CTF_RL_2070_IL":"Not Affected","CTF_RL_2070_INT":"Not Affected","SSF_RL_100YR_CURR":"Not Affected","SSF_RL_100YR_2040_IL":"Not Affected","SSF_RL_100YR_2040_INT":"Not Affected","SSF_RL_100YR_2070_IL":"Not Affected","SSF_RL_100YR_2070_INT":"Not Affected","SSF_RL_500YR_CURR":"Not Affected","SSF_RL_500YR_2040_IL":"Not Affected","SSF_RL_500YR_2040_INT":"Not Affected","SSF_RL_500YR_2070_IL":"Not Affected","SSF_RL_500YR_2070_INT":"Not Affected","RIF_RL_100YR_2020":"Not Affected","RIF_RL_100YR_2040":"Not Affected","RIF_RL_100YR_2070":"Not Affected","RIF_RL_500YR_2020":"Not Affected","RIF_RL_500YR_2040":"Not Affected","RIF_RL_500YR_2070":"Not Affected"}},{"type":"Feature","id":265,"geometry":{"type":"Point","coordinates":[-80.9866062778771,28.5446259466849]},"properties":{"OBJECTID_1":265,"OBJECTID":265,"Name":"ECKERD ACADEMY","Address":"451 ST NICHOLAS AVE","City":"CHRISTMAS","Zip":"32709","COUNTY":"Orange","X":-80.98660628,"Y":28.54462595,"LONGLAT":"-80.98660628,28.54462595","USNG":"17R NM 01310 57535","OWNERSHIP":"COUNTY","PARCELID":"332226000000001","FACILITY_T":"JUVENILE CORRECTIONAL INSTITUTION","Asset_Elevation":null,"Owned_Maintained":"COUNTY","Asset":"JUVENILE CORRECTIONAL INSTITUTION","Asset_Sub_Type":null,"Asset_Type":"Correctional Facilities","Asset_Group":"Critical Community and Emergency Facilities","Asset_Relevancy":"Locally Significant","Asset_ID":"CF_PT_265","Municipality":null,"Water_Management_District":"St. Johns River Water Management District","Souce_Dataset_Entity":"FDEM","Souce_Dataset_Name":"Correctional Facilities - FDEM","Source_Asset_ID":null,"Restricted_Public_Disclosure":null,"Notes":null,"Regional_Planning_Council":"East Central Florida","FDEP_Regulatory_District":"Central District","RCP_Region":"Northeast","FDOT_District":5,"House_District_Number":35,"Senate_District_Number":17,"CTF_RL_2020":"Not Affected","CTF_RL_2040_IL":"Not Affected","CTF_RL_2040_INT":"Not Affected","CTF_RL_2070_IL":"Not Affected","CTF_RL_2070_INT":"Not Affected","SSF_RL_100YR_CURR":"Not Affected","SSF_RL_100YR_2040_IL":"Not Affected","SSF_RL_100YR_2040_INT":"Not Affected","SSF_RL_100YR_2070_IL":"Not Affected","SSF_RL_100YR_2070_INT":"Not Affected","SSF_RL_500YR_CURR":"Not Affected","SSF_RL_500YR_2040_IL":"Not Affected","SSF_RL_500YR_2040_INT":"Not Affected","SSF_RL_500YR_2070_IL":"Not Affected","SSF_RL_500YR_2070_INT":"Not Affected","RIF_RL_100YR_2020":"Not Affected","RIF_RL_100YR_2040":"Not Affected","RIF_RL_100YR_2070":"Not Affected","RIF_RL_500YR_2020":"Not Affected","RIF_RL_500YR_2040":"Not Affected","RIF_RL_500YR_2070":"Not Affected"}},{"type":"Feature","id":266,"geometry":{"type":"Point","coordinates":[-81.4206202950274,28.5026963047995]},"properties":{"OBJECTID_1":266,"OBJECTID":266,"Name":"ORLANDO YOUTH ACADEMY","Address":"3150 39TH ST","City":"ORLANDO","Zip":"32839","COUNTY":"Orange","X":-81.42062029,"Y":28.50269631,"LONGLAT":"-81.42062029,28.50269631","USNG":"17R MM 58836 52962","OWNERSHIP":"STATE","PARCELID":"292309000000021","FACILITY_T":"JUVENILE CORRECTIONAL INSTITUTION","Asset_Elevation":null,"Owned_Maintained":"STATE","Asset":"JUVENILE CORRECTIONAL INSTITUTION","Asset_Sub_Type":null,"Asset_Type":"Correctional Facilities","Asset_Group":"Critical Community and Emergency Facilities","Asset_Relevancy":"Locally Significant","Asset_ID":"CF_PT_266","Municipality":null,"Water_Management_District":"South Florida Water Management District","Souce_Dataset_Entity":"FDEM","Souce_Dataset_Name":"Correctional Facilities - FDEM","Source_Asset_ID":null,"Restricted_Public_Disclosure":null,"Notes":null,"Regional_Planning_Council":"East Central Florida","FDEP_Regulatory_District":"Central District","RCP_Region":"Northeast","FDOT_District":5,"House_District_Number":41,"Senate_District_Number":15,"CTF_RL_2020":"Not Affected","CTF_RL_2040_IL":"Not Affected","CTF_RL_2040_INT":"Not Affected","CTF_RL_2070_IL":"Not Affected","CTF_RL_2070_INT":"Not Affected","SSF_RL_100YR_CURR":"Not Affected","SSF_RL_100YR_2040_IL":"Not Affected","SSF_RL_100YR_2040_INT":"Not Affected","SSF_RL_100YR_2070_IL":"Not Affected","SSF_RL_100YR_2070_INT":"Not Affected","SSF_RL_500YR_CURR":"Not Affected","SSF_RL_500YR_2040_IL":"Not Affected","SSF_RL_500YR_2040_INT":"Not Affected","SSF_RL_500YR_2070_IL":"Not Affected","SSF_RL_500YR_2070_INT":"Not Affected","RIF_RL_100YR_2020":"Not Affected","RIF_RL_100YR_2040":"Not Affected","RIF_RL_100YR_2070":"Not Affected","RIF_RL_500YR_2020":"Not Affected","RIF_RL_500YR_2040":"Not Affected","RIF_RL_500YR_2070":"Not Affected"}},{"type":"Feature","id":267,"geometry":{"type":"Point","coordinates":[-81.5233559355584,28.2621624118977]},"properties":{"OBJECTID_1":267,"OBJECTID":267,"Name":"ARC HALFWAY HOUSE A & B","Address":"5970 S ORANGE BLOSSOM TRL","City":"KISSIMMEE","Zip":"34758","COUNTY":"Osceola","X":-81.52335594,"Y":28.26216241,"LONGLAT":"-81.52335594,28.26216241","USNG":"17R MM 48667 26355","OWNERSHIP":"SPECIAL TAXING DISTRICT","PARCELID":"33-25-28-0000-0350-0000","FACILITY_T":"CORRECTIONAL FACILITY","Asset_Elevation":null,"Owned_Maintained":"SPECIAL TAXING DISTRICT","Asset":"CORRECTIONAL FACILITY","Asset_Sub_Type":null,"Asset_Type":"Correctional Facilities","Asset_Group":"Critical Community and Emergency Facilities","Asset_Relevancy":"Locally Significant","Asset_ID":"CF_PT_267","Municipality":null,"Water_Management_District":"South Florida Water Management District","Souce_Dataset_Entity":"FDEM","Souce_Dataset_Name":"Correctional Facilities - FDEM","Source_Asset_ID":null,"Restricted_Public_Disclosure":null,"Notes":null,"Regional_Planning_Council":"East Central Florida","FDEP_Regulatory_District":"Central District","RCP_Region":"Northeast","FDOT_District":5,"House_District_Number":46,"Senate_District_Number":25,"CTF_RL_2020":"Not Affected","CTF_RL_2040_IL":"Not Affected","CTF_RL_2040_INT":"Not Affected","CTF_RL_2070_IL":"Not Affected","CTF_RL_2070_INT":"Not Affected","SSF_RL_100YR_CURR":"Not Affected","SSF_RL_100YR_2040_IL":"Not Affected","SSF_RL_100YR_2040_INT":"Not Affected","SSF_RL_100YR_2070_IL":"Not Affected","SSF_RL_100YR_2070_INT":"Not Affected","SSF_RL_500YR_CURR":"Not Affected","SSF_RL_500YR_2040_IL":"Not Affected","SSF_RL_500YR_2040_INT":"Not Affected","SSF_RL_500YR_2070_IL":"Not Affected","SSF_RL_500YR_2070_INT":"Not Affected","RIF_RL_100YR_2020":"Not Affected","RIF_RL_100YR_2040":"Not Affected","RIF_RL_100YR_2070":"Not Affected","RIF_RL_500YR_2020":"Not Affected","RIF_RL_500YR_2040":"Not Affected","RIF_RL_500YR_2070":"Not Affected"}},{"type":"Feature","id":268,"geometry":{"type":"Point","coordinates":[-81.3523895373722,28.2954057421041]},"properties":{"OBJECTID_1":268,"OBJECTID":268,"Name":"OSCEOLA COUNTY JAIL","Address":"402 SIMPSON RD","City":"KISSIMMEE","Zip":"34744","COUNTY":"Osceola","X":-81.35238954,"Y":28.29540574,"LONGLAT":"-81.35238954,28.29540574","USNG":"17R MM 65446 29977","OWNERSHIP":"COUNTY","PARCELID":"19-25-30-0000-0130-0000","FACILITY_T":"LOCAL CORRECTIONAL INSTITUTION","Asset_Elevation":null,"Owned_Maintained":"COUNTY","Asset":"LOCAL CORRECTIONAL INSTITUTION","Asset_Sub_Type":null,"Asset_Type":"Correctional Facilities","Asset_Group":"Critical Community and Emergency Facilities","Asset_Relevancy":"Locally Significant","Asset_ID":"CF_PT_268","Municipality":null,"Water_Management_District":"South Florida Water Management District","Souce_Dataset_Entity":"FDEM","Souce_Dataset_Name":"Correctional Facilities - FDEM","Source_Asset_ID":null,"Restricted_Public_Disclosure":null,"Notes":null,"Regional_Planning_Council":"East Central Florida","FDEP_Regulatory_District":"Central District","RCP_Region":"Northeast","FDOT_District":5,"House_District_Number":47,"Senate_District_Number":25,"CTF_RL_2020":"Not Affected","CTF_RL_2040_IL":"Not Affected","CTF_RL_2040_INT":"Not Affected","CTF_RL_2070_IL":"Not Affected","CTF_RL_2070_INT":"Not Affected","SSF_RL_100YR_CURR":"Not Affected","SSF_RL_100YR_2040_IL":"Not Affected","SSF_RL_100YR_2040_INT":"Not Affected","SSF_RL_100YR_2070_IL":"Not Affected","SSF_RL_100YR_2070_INT":"Not Affected","SSF_RL_500YR_CURR":"Not Affected","SSF_RL_500YR_2040_IL":"Not Affected","SSF_RL_500YR_2040_INT":"Not Affected","SSF_RL_500YR_2070_IL":"Not Affected","SSF_RL_500YR_2070_INT":"Not Affected","RIF_RL_100YR_2020":"Not Affected","RIF_RL_100YR_2040":"Not Affected","RIF_RL_100YR_2070":"Not Affected","RIF_RL_500YR_2020":"Not Affected","RIF_RL_500YR_2040":"Not Affected","RIF_RL_500YR_2070":"Not Affected"}},{"type":"Feature","id":269,"geometry":{"type":"Point","coordinates":[-81.389159055048,28.3350142772899]},"properties":{"OBJECTID_1":269,"OBJECTID":269,"Name":"KISSIMMEE WORK RELEASE CENTER","Address":"2925 MICHIGAN AVE","City":"KISSIMMEE","Zip":"34744","COUNTY":"Osceola","X":-81.38915906,"Y":28.33501428,"LONGLAT":"-81.38915906,28.33501428","USNG":"17R MM 61855 34376","OWNERSHIP":"STATE","PARCELID":"02-25-29-1557-0001-0010","FACILITY_T":"LOCAL CORRECTIONAL INSTITUTION","Asset_Elevation":null,"Owned_Maintained":"STATE","Asset":"LOCAL CORRECTIONAL INSTITUTION","Asset_Sub_Type":null,"Asset_Type":"Correctional Facilities","Asset_Group":"Critical Community and Emergency Facilities","Asset_Relevancy":"Locally Significant","Asset_ID":"CF_PT_269","Municipality":"Kissimmee","Water_Management_District":"South Florida Water Management District","Souce_Dataset_Entity":"FDEM","Souce_Dataset_Name":"Correctional Facilities - FDEM","Source_Asset_ID":null,"Restricted_Public_Disclosure":null,"Notes":null,"Regional_Planning_Council":"East Central Florida","FDEP_Regulatory_District":"Central District","RCP_Region":"Northeast","FDOT_District":5,"House_District_Number":46,"Senate_District_Number":25,"CTF_RL_2020":"Not Affected","CTF_RL_2040_IL":"Not Affected","CTF_RL_2040_INT":"Not Affected","CTF_RL_2070_IL":"Not Affected","CTF_RL_2070_INT":"Not Affected","SSF_RL_100YR_CURR":"Not Affected","SSF_RL_100YR_2040_IL":"Not Affected","SSF_RL_100YR_2040_INT":"Not Affected","SSF_RL_100YR_2070_IL":"Not Affected","SSF_RL_100YR_2070_INT":"Not Affected","SSF_RL_500YR_CURR":"Not Affected","SSF_RL_500YR_2040_IL":"Not Affected","SSF_RL_500YR_2040_INT":"Not Affected","SSF_RL_500YR_2070_IL":"Not Affected","SSF_RL_500YR_2070_INT":"Not Affected","RIF_RL_100YR_2020":"Not Affected","RIF_RL_100YR_2040":"Not Affected","RIF_RL_100YR_2070":"Not Affected","RIF_RL_500YR_2020":"Not Affected","RIF_RL_500YR_2040":"Not Affected","RIF_RL_500YR_2070":"Not Affected"}},{"type":"Feature","id":270,"geometry":{"type":"Point","coordinates":[-81.3496300000313,28.2940899985965]},"properties":{"OBJECTID_1":270,"OBJECTID":270,"Name":"OSCEOLA JUVENILE DETENTION CENTER","Address":"2330 NEW BEGINNINGS RD","City":"KISSIMMEE","Zip":"34744","COUNTY":"Osceola","X":-81.34963,"Y":28.29409,"LONGLAT":"-81.34963000,28.29409000","USNG":"17R MM 65717 29830","OWNERSHIP":"COUNTY","PARCELID":"19-25-30-0000-0040-0000","FACILITY_T":"JUVENILE CORRECTIONAL INSTITUTION","Asset_Elevation":null,"Owned_Maintained":"COUNTY","Asset":"JUVENILE CORRECTIONAL INSTITUTION","Asset_Sub_Type":null,"Asset_Type":"Correctional Facilities","Asset_Group":"Critical Community and Emergency Facilities","Asset_Relevancy":"Locally Significant","Asset_ID":"CF_PT_270","Municipality":null,"Water_Management_District":"South Florida Water Management District","Souce_Dataset_Entity":"FDEM","Souce_Dataset_Name":"Correctional Facilities - FDEM","Source_Asset_ID":null,"Restricted_Public_Disclosure":null,"Notes":null,"Regional_Planning_Council":"East Central Florida","FDEP_Regulatory_District":"Central District","RCP_Region":"Northeast","FDOT_District":5,"House_District_Number":47,"Senate_District_Number":25,"CTF_RL_2020":"Not Affected","CTF_RL_2040_IL":"Not Affected","CTF_RL_2040_INT":"Not Affected","CTF_RL_2070_IL":"Not Affected","CTF_RL_2070_INT":"Not Affected","SSF_RL_100YR_CURR":"Not Affected","SSF_RL_100YR_2040_IL":"Not Affected","SSF_RL_100YR_2040_INT":"Not Affected","SSF_RL_100YR_2070_IL":"Not Affected","SSF_RL_100YR_2070_INT":"Not Affected","SSF_RL_500YR_CURR":"Not Affected","SSF_RL_500YR_2040_IL":"Not Affected","SSF_RL_500YR_2040_INT":"Not Affected","SSF_RL_500YR_2070_IL":"Not Affected","SSF_RL_500YR_2070_INT":"Not Affected","RIF_RL_100YR_2020":"Not Affected","RIF_RL_100YR_2040":"Not Affected","RIF_RL_100YR_2070":"Not Affected","RIF_RL_500YR_2020":"Not Affected","RIF_RL_500YR_2040":"Not Affected","RIF_RL_500YR_2070":"Not Affected"}},{"type":"Feature","id":271,"geometry":{"type":"Point","coordinates":[-81.3957268366093,28.3037172688144]},"properties":{"OBJECTID_1":271,"OBJECTID":271,"Name":"THE TRANSITION HOUSE","Address":"900 E VINE ST","City":"KISSIMMEE","Zip":"34744","COUNTY":"Osceola","X":-81.39572684,"Y":28.30371727,"LONGLAT":"-81.39572684,28.30371727","USNG":"17R MM 61200 30910","OWNERSHIP":"STATE","PARCELID":"22-25-29-00U0-0020-0000","FACILITY_T":"LOCAL CORRECTIONAL INSTITUTION","Asset_Elevation":null,"Owned_Maintained":"STATE","Asset":"LOCAL CORRECTIONAL INSTITUTION","Asset_Sub_Type":null,"Asset_Type":"Correctional Facilities","Asset_Group":"Critical Community and Emergency Facilities","Asset_Relevancy":"Locally Significant","Asset_ID":"CF_PT_271","Municipality":"Kissimmee","Water_Management_District":"South Florida Water Management District","Souce_Dataset_Entity":"FDEM","Souce_Dataset_Name":"Correctional Facilities - FDEM","Source_Asset_ID":null,"Restricted_Public_Disclosure":null,"Notes":null,"Regional_Planning_Council":"East Central Florida","FDEP_Regulatory_District":"Central District","RCP_Region":"Northeast","FDOT_District":5,"House_District_Number":46,"Senate_District_Number":25,"CTF_RL_2020":"Not Affected","CTF_RL_2040_IL":"Not Affected","CTF_RL_2040_INT":"Not Affected","CTF_RL_2070_IL":"Not Affected","CTF_RL_2070_INT":"Not Affected","SSF_RL_100YR_CURR":"Not Affected","SSF_RL_100YR_2040_IL":"Not Affected","SSF_RL_100YR_2040_INT":"Not Affected","SSF_RL_100YR_2070_IL":"Not Affected","SSF_RL_100YR_2070_INT":"Not Affected","SSF_RL_500YR_CURR":"Not Affected","SSF_RL_500YR_2040_IL":"Not Affected","SSF_RL_500YR_2040_INT":"Not Affected","SSF_RL_500YR_2070_IL":"Not Affected","SSF_RL_500YR_2070_INT":"Not Affected","RIF_RL_100YR_2020":"Not Affected","RIF_RL_100YR_2040":"Not Affected","RIF_RL_100YR_2070":"Not Affected","RIF_RL_500YR_2020":"Not Affected","RIF_RL_500YR_2040":"Not Affected","RIF_RL_500YR_2070":"Not Affected"}},{"type":"Feature","id":272,"geometry":{"type":"Point","coordinates":[-80.067528446528,26.7513628701436]},"properties":{"OBJECTID_1":272,"OBJECTID":272,"Name":"PALM BEACH REGIONAL JUVENILE DETENTION CENTER","Address":"1100 45TH ST","City":"WEST PALM BEACH","Zip":"33407","COUNTY":"Palm Beach","X":-80.06752845,"Y":26.75136287,"LONGLAT":"-80.06752845,26.75136287","USNG":"17R NK 92720 59236","OWNERSHIP":"STATE OF FLORIDA TIITF","PARCELID":"74434304150000093","FACILITY_T":"JUVENILE CORRECTIONAL INSTITUTION","Asset_Elevation":null,"Owned_Maintained":"STATE OF FLORIDA TIITF","Asset":"JUVENILE CORRECTIONAL INSTITUTION","Asset_Sub_Type":null,"Asset_Type":"Correctional Facilities","Asset_Group":"Critical Community and Emergency Facilities","Asset_Relevancy":"Locally Significant","Asset_ID":"CF_PT_272","Municipality":"West Palm Beach","Water_Management_District":"South Florida Water Management District","Souce_Dataset_Entity":"FDEM","Souce_Dataset_Name":"Correctional Facilities - FDEM","Source_Asset_ID":null,"Restricted_Public_Disclosure":null,"Notes":null,"Regional_Planning_Council":"Treasure Coast","FDEP_Regulatory_District":"Southeast District","RCP_Region":"Southeast","FDOT_District":4,"House_District_Number":88,"Senate_District_Number":24,"CTF_RL_2020":"Not Affected","CTF_RL_2040_IL":"Not Affected","CTF_RL_2040_INT":"Not Affected","CTF_RL_2070_IL":"Not Affected","CTF_RL_2070_INT":"Not Affected","SSF_RL_100YR_CURR":"Not Affected","SSF_RL_100YR_2040_IL":"Not Affected","SSF_RL_100YR_2040_INT":"Not Affected","SSF_RL_100YR_2070_IL":"Not Affected","SSF_RL_100YR_2070_INT":"Not Affected","SSF_RL_500YR_CURR":"Not Affected","SSF_RL_500YR_2040_IL":"Not Affected","SSF_RL_500YR_2040_INT":"Not Affected","SSF_RL_500YR_2070_IL":"Not Affected","SSF_RL_500YR_2070_INT":"Not Affected","RIF_RL_100YR_2020":"Medium","RIF_RL_100YR_2040":"Medium","RIF_RL_100YR_2070":"Medium","RIF_RL_500YR_2020":"High","RIF_RL_500YR_2040":"High","RIF_RL_500YR_2070":"High"}},{"type":"Feature","id":273,"geometry":{"type":"Point","coordinates":[-80.0924378978657,26.6701124223091]},"properties":{"OBJECTID_1":273,"OBJECTID":273,"Name":"PALM BEACH COUNTY JAIL","Address":"3228 GUN CLUB RD","City":"WEST PALM BEACH","Zip":"33406","COUNTY":"Palm Beach","X":-80.0924379,"Y":26.67011242,"LONGLAT":"-80.09243790,26.67011242","USNG":"17R NK 90307 50219","OWNERSHIP":"COUNTY","PARCELID":"00434406000001050","FACILITY_T":"LOCAL CORRECTIONAL INSTITUTION","Asset_Elevation":null,"Owned_Maintained":"COUNTY","Asset":"LOCAL CORRECTIONAL INSTITUTION","Asset_Sub_Type":null,"Asset_Type":"Correctional Facilities","Asset_Group":"Critical Community and Emergency Facilities","Asset_Relevancy":"Locally Significant","Asset_ID":"CF_PT_273","Municipality":null,"Water_Management_District":"South Florida Water Management District","Souce_Dataset_Entity":"FDEM","Souce_Dataset_Name":"Correctional Facilities - FDEM","Source_Asset_ID":null,"Restricted_Public_Disclosure":null,"Notes":null,"Regional_Planning_Council":"Treasure Coast","FDEP_Regulatory_District":"Southeast District","RCP_Region":"Southeast","FDOT_District":4,"House_District_Number":88,"Senate_District_Number":24,"CTF_RL_2020":"Not Affected","CTF_RL_2040_IL":"Not Affected","CTF_RL_2040_INT":"Not Affected","CTF_RL_2070_IL":"Not Affected","CTF_RL_2070_INT":"Not Affected","SSF_RL_100YR_CURR":"Not Affected","SSF_RL_100YR_2040_IL":"Not Affected","SSF_RL_100YR_2040_INT":"Not Affected","SSF_RL_100YR_2070_IL":"Not Affected","SSF_RL_100YR_2070_INT":"Not Affected","SSF_RL_500YR_CURR":"Not Affected","SSF_RL_500YR_2040_IL":"Not Affected","SSF_RL_500YR_2040_INT":"Not Affected","SSF_RL_500YR_2070_IL":"Not Affected","SSF_RL_500YR_2070_INT":"Not Affected","RIF_RL_100YR_2020":"Not Affected","RIF_RL_100YR_2040":"Not Affected","RIF_RL_100YR_2070":"Not Affected","RIF_RL_500YR_2020":"Not Affected","RIF_RL_500YR_2040":"Not Affected","RIF_RL_500YR_2070":"Not Affected"}},{"type":"Feature","id":274,"geometry":{"type":"Point","coordinates":[-80.6742368911559,26.7173623488171]},"properties":{"OBJECTID_1":274,"OBJECTID":274,"Name":"GLADES CORRECTIONAL INSTITUTION","Address":"500 ORANGE AVENUE CIR","City":"BELLE GLADE","Zip":"33430","COUNTY":"Palm Beach","X":-80.67423689,"Y":26.71736235,"LONGLAT":"-80.67423689,26.71736235","USNG":"17R NK 32401 55172","OWNERSHIP":"STATE OF FLORIDA TIITF","PARCELID":"00374319000005010","FACILITY_T":"LOCAL CORRECTIONAL INSTITUTION","Asset_Elevation":null,"Owned_Maintained":"STATE OF FLORIDA TIITF","Asset":"LOCAL CORRECTIONAL INSTITUTION","Asset_Sub_Type":null,"Asset_Type":"Correctional Facilities","Asset_Group":"Critical Community and Emergency Facilities","Asset_Relevancy":"Locally Significant","Asset_ID":"CF_PT_274","Municipality":"Belle Glade","Water_Management_District":"South Florida Water Management District","Souce_Dataset_Entity":"FDEM","Souce_Dataset_Name":"Correctional Facilities - FDEM","Source_Asset_ID":null,"Restricted_Public_Disclosure":null,"Notes":null,"Regional_Planning_Council":"Treasure Coast","FDEP_Regulatory_District":"Southeast District","RCP_Region":"Southeast","FDOT_District":4,"House_District_Number":94,"Senate_District_Number":26,"CTF_RL_2020":"Not Affected","CTF_RL_2040_IL":"Not Affected","CTF_RL_2040_INT":"Not Affected","CTF_RL_2070_IL":"Not Affected","CTF_RL_2070_INT":"Not Affected","SSF_RL_100YR_CURR":"Not Affected","SSF_RL_100YR_2040_IL":"Not Affected","SSF_RL_100YR_2040_INT":"Not Affected","SSF_RL_100YR_2070_IL":"Not Affected","SSF_RL_100YR_2070_INT":"Not Affected","SSF_RL_500YR_CURR":"Not Affected","SSF_RL_500YR_2040_IL":"Not Affected","SSF_RL_500YR_2040_INT":"Not Affected","SSF_RL_500YR_2070_IL":"Not Affected","SSF_RL_500YR_2070_INT":"Not Affected","RIF_RL_100YR_2020":"Not Affected","RIF_RL_100YR_2040":"Not Affected","RIF_RL_100YR_2070":"Not Affected","RIF_RL_500YR_2020":"Not Affected","RIF_RL_500YR_2040":"Not Affected","RIF_RL_500YR_2070":"Not Affected"}},{"type":"Feature","id":275,"geometry":{"type":"Point","coordinates":[-80.7203197260885,26.6730804917469]},"properties":{"OBJECTID_1":275,"OBJECTID":275,"Name":"PALM BEACH COUNTY FIRE RESCUE STATION #74","Address":"530 US HIGHWAY 27 N","City":"SOUTH BAY","Zip":"33493","COUNTY":"Palm Beach","X":-80.72031973,"Y":26.67308049,"LONGLAT":"-80.72031973,26.67308049","USNG":"17R NK 27828 50257","OWNERSHIP":" ","PARCELID":" ","FACILITY_T":"FEDERAL CORRECTIONAL INSTITUTION","Asset_Elevation":null,"Owned_Maintained":" ","Asset":"FEDERAL CORRECTIONAL INSTITUTION","Asset_Sub_Type":null,"Asset_Type":"Correctional Facilities","Asset_Group":"Critical Community and Emergency Facilities","Asset_Relevancy":"Locally Significant","Asset_ID":"CF_PT_275","Municipality":"South Bay","Water_Management_District":"South Florida Water Management District","Souce_Dataset_Entity":"FDEM","Souce_Dataset_Name":"Correctional Facilities - FDEM","Source_Asset_ID":null,"Restricted_Public_Disclosure":null,"Notes":null,"Regional_Planning_Council":"Treasure Coast","FDEP_Regulatory_District":"Southeast District","RCP_Region":"Southeast","FDOT_District":4,"House_District_Number":94,"Senate_District_Number":26,"CTF_RL_2020":"Not Affected","CTF_RL_2040_IL":"Not Affected","CTF_RL_2040_INT":"Not Affected","CTF_RL_2070_IL":"Not Affected","CTF_RL_2070_INT":"Not Affected","SSF_RL_100YR_CURR":"Not Affected","SSF_RL_100YR_2040_IL":"Not Affected","SSF_RL_100YR_2040_INT":"Not Affected","SSF_RL_100YR_2070_IL":"Not Affected","SSF_RL_100YR_2070_INT":"Not Affected","SSF_RL_500YR_CURR":"Not Affected","SSF_RL_500YR_2040_IL":"Not Affected","SSF_RL_500YR_2040_INT":"Not Affected","SSF_RL_500YR_2070_IL":"Not Affected","SSF_RL_500YR_2070_INT":"Not Affected","RIF_RL_100YR_2020":"Not Affected","RIF_RL_100YR_2040":"Not Affected","RIF_RL_100YR_2070":"Not Affected","RIF_RL_500YR_2020":"Not Affected","RIF_RL_500YR_2040":"Not Affected","RIF_RL_500YR_2070":"Not Affected"}},{"type":"Feature","id":276,"geometry":{"type":"Point","coordinates":[-80.6356107876385,26.8401820378234]},"properties":{"OBJECTID_1":276,"OBJECTID":276,"Name":"SAGO PALM ACADEMY","Address":"500 BAY BOTTOM RD","City":"PAHOKEE","Zip":"33476","COUNTY":"Palm Beach","X":-80.63561079,"Y":26.84018204,"LONGLAT":"-80.63561079,26.84018204","USNG":"17R NK 36204 68786","OWNERSHIP":" ","PARCELID":"48374209010000022","FACILITY_T":"CORRECTIONAL FACILITY","Asset_Elevation":null,"Owned_Maintained":" ","Asset":"CORRECTIONAL FACILITY","Asset_Sub_Type":null,"Asset_Type":"Correctional Facilities","Asset_Group":"Critical Community and Emergency Facilities","Asset_Relevancy":"Locally Significant","Asset_ID":"CF_PT_276","Municipality":"Pahokee","Water_Management_District":"South Florida Water Management District","Souce_Dataset_Entity":"FDEM","Souce_Dataset_Name":"Correctional Facilities - FDEM","Source_Asset_ID":null,"Restricted_Public_Disclosure":null,"Notes":null,"Regional_Planning_Council":"Treasure Coast","FDEP_Regulatory_District":"Southeast District","RCP_Region":"Southeast","FDOT_District":4,"House_District_Number":94,"Senate_District_Number":31,"CTF_RL_2020":"Not Affected","CTF_RL_2040_IL":"Not Affected","CTF_RL_2040_INT":"Not Affected","CTF_RL_2070_IL":"Not Affected","CTF_RL_2070_INT":"Not Affected","SSF_RL_100YR_CURR":"Not Affected","SSF_RL_100YR_2040_IL":"Not Affected","SSF_RL_100YR_2040_INT":"Not Affected","SSF_RL_100YR_2070_IL":"Not Affected","SSF_RL_100YR_2070_INT":"Not Affected","SSF_RL_500YR_CURR":"Not Affected","SSF_RL_500YR_2040_IL":"Not Affected","SSF_RL_500YR_2040_INT":"Not Affected","SSF_RL_500YR_2070_IL":"Not Affected","SSF_RL_500YR_2070_INT":"Not Affected","RIF_RL_100YR_2020":"Low","RIF_RL_100YR_2040":"Low","RIF_RL_100YR_2070":"Low","RIF_RL_500YR_2020":"Medium","RIF_RL_500YR_2040":"Medium","RIF_RL_500YR_2070":"Medium"}},{"type":"Feature","id":277,"geometry":{"type":"Point","coordinates":[-80.1928039871095,26.6827178494516]},"properties":{"OBJECTID_1":277,"OBJECTID":277,"Name":"WEST PALM BEACH WORK RELEASE CENTER (MALE)","Address":"261 FAIRGROUNDS RD","City":"WEST PALM BEACH","Zip":"33411","COUNTY":"Palm Beach","X":-80.19280399,"Y":26.68271785,"LONGLAT":"-80.19280399,26.68271785","USNG":"17R NK 80311 51548","OWNERSHIP":"STATE OF FLORIDA TIITF","PARCELID":"00424327050080132","FACILITY_T":"CORRECTIONAL FACILITY","Asset_Elevation":null,"Owned_Maintained":"STATE OF FLORIDA TIITF","Asset":"CORRECTIONAL FACILITY","Asset_Sub_Type":null,"Asset_Type":"Correctional Facilities","Asset_Group":"Critical Community and Emergency Facilities","Asset_Relevancy":"Locally Significant","Asset_ID":"CF_PT_277","Municipality":null,"Water_Management_District":"South Florida Water Management District","Souce_Dataset_Entity":"FDEM","Souce_Dataset_Name":"Correctional Facilities - FDEM","Source_Asset_ID":null,"Restricted_Public_Disclosure":null,"Notes":null,"Regional_Planning_Council":"Treasure Coast","FDEP_Regulatory_District":"Southeast District","RCP_Region":"Southeast","FDOT_District":4,"House_District_Number":88,"Senate_District_Number":31,"CTF_RL_2020":"Not Affected","CTF_RL_2040_IL":"Not Affected","CTF_RL_2040_INT":"Not Affected","CTF_RL_2070_IL":"Not Affected","CTF_RL_2070_INT":"Not Affected","SSF_RL_100YR_CURR":"Not Affected","SSF_RL_100YR_2040_IL":"Not Affected","SSF_RL_100YR_2040_INT":"Not Affected","SSF_RL_100YR_2070_IL":"Not Affected","SSF_RL_100YR_2070_INT":"Not Affected","SSF_RL_500YR_CURR":"Not Affected","SSF_RL_500YR_2040_IL":"Not Affected","SSF_RL_500YR_2040_INT":"Not Affected","SSF_RL_500YR_2070_IL":"Not Affected","SSF_RL_500YR_2070_INT":"Not Affected","RIF_RL_100YR_2020":"Not Affected","RIF_RL_100YR_2040":"Not Affected","RIF_RL_100YR_2070":"Not Affected","RIF_RL_500YR_2020":"Not Affected","RIF_RL_500YR_2040":"Not Affected","RIF_RL_500YR_2070":"Not Affected"}},{"type":"Feature","id":278,"geometry":{"type":"Point","coordinates":[-80.7182989140538,26.6575302236404]},"properties":{"OBJECTID_1":278,"OBJECTID":278,"Name":"SOUTH BAY CORRECTIONAL FACILITY (MALE)","Address":"600 US HIGHWAY 27 S","City":"SOUTH BAY","Zip":"33493","COUNTY":"Palm Beach","X":-80.71829891,"Y":26.65753022,"LONGLAT":"-80.71829891,26.65753022","USNG":"17R NK 28033 48535","OWNERSHIP":"STATE","PARCELID":"58364414150700050","FACILITY_T":"CORRECTIONAL FACILITY","Asset_Elevation":null,"Owned_Maintained":"STATE","Asset":"CORRECTIONAL FACILITY","Asset_Sub_Type":null,"Asset_Type":"Correctional Facilities","Asset_Group":"Critical Community and Emergency Facilities","Asset_Relevancy":"Locally Significant","Asset_ID":"CF_PT_278","Municipality":"South Bay","Water_Management_District":"South Florida Water Management District","Souce_Dataset_Entity":"FDEM","Souce_Dataset_Name":"Correctional Facilities - FDEM","Source_Asset_ID":null,"Restricted_Public_Disclosure":null,"Notes":null,"Regional_Planning_Council":"Treasure Coast","FDEP_Regulatory_District":"Southeast District","RCP_Region":"Southeast","FDOT_District":4,"House_District_Number":94,"Senate_District_Number":26,"CTF_RL_2020":"Not Affected","CTF_RL_2040_IL":"Not Affected","CTF_RL_2040_INT":"Not Affected","CTF_RL_2070_IL":"Not Affected","CTF_RL_2070_INT":"Not Affected","SSF_RL_100YR_CURR":"Not Affected","SSF_RL_100YR_2040_IL":"Not Affected","SSF_RL_100YR_2040_INT":"Not Affected","SSF_RL_100YR_2070_IL":"Not Affected","SSF_RL_100YR_2070_INT":"Not Affected","SSF_RL_500YR_CURR":"Not Affected","SSF_RL_500YR_2040_IL":"Not Affected","SSF_RL_500YR_2040_INT":"Not Affected","SSF_RL_500YR_2070_IL":"Not Affected","SSF_RL_500YR_2070_INT":"Not Affected","RIF_RL_100YR_2020":"Not Affected","RIF_RL_100YR_2040":"Not Affected","RIF_RL_100YR_2070":"Not Affected","RIF_RL_500YR_2020":"Not Affected","RIF_RL_500YR_2040":"Not Affected","RIF_RL_500YR_2070":"Not Affected"}},{"type":"Feature","id":279,"geometry":{"type":"Point","coordinates":[-80.1937347666735,26.6834831373042]},"properties":{"OBJECTID_1":279,"OBJECTID":279,"Name":"LOXAHATCHEE ROAD PRISON","Address":"230 SUNSHINE RD","City":"WEST PALM BEACH","Zip":"33411","COUNTY":"Palm Beach","X":-80.19373477,"Y":26.68348314,"LONGLAT":"-80.19373477,26.68348314","USNG":"17R NK 80218 51632","OWNERSHIP":"STATE","PARCELID":"00424327050080132","FACILITY_T":"CORRECTIONAL FACILITY","Asset_Elevation":null,"Owned_Maintained":"STATE","Asset":"CORRECTIONAL FACILITY","Asset_Sub_Type":null,"Asset_Type":"Correctional Facilities","Asset_Group":"Critical Community and Emergency Facilities","Asset_Relevancy":"Locally Significant","Asset_ID":"CF_PT_279","Municipality":null,"Water_Management_District":"South Florida Water Management District","Souce_Dataset_Entity":"FDEM","Souce_Dataset_Name":"Correctional Facilities - FDEM","Source_Asset_ID":null,"Restricted_Public_Disclosure":null,"Notes":null,"Regional_Planning_Council":"Treasure Coast","FDEP_Regulatory_District":"Southeast District","RCP_Region":"Southeast","FDOT_District":4,"House_District_Number":88,"Senate_District_Number":31,"CTF_RL_2020":"Not Affected","CTF_RL_2040_IL":"Not Affected","CTF_RL_2040_INT":"Not Affected","CTF_RL_2070_IL":"Not Affected","CTF_RL_2070_INT":"Not Affected","SSF_RL_100YR_CURR":"Not Affected","SSF_RL_100YR_2040_IL":"Not Affected","SSF_RL_100YR_2040_INT":"Not Affected","SSF_RL_100YR_2070_IL":"Not Affected","SSF_RL_100YR_2070_INT":"Not Affected","SSF_RL_500YR_CURR":"Not Affected","SSF_RL_500YR_2040_IL":"Not Affected","SSF_RL_500YR_2040_INT":"Not Affected","SSF_RL_500YR_2070_IL":"Not Affected","SSF_RL_500YR_2070_INT":"Not Affected","RIF_RL_100YR_2020":"Not Affected","RIF_RL_100YR_2040":"Not Affected","RIF_RL_100YR_2070":"Not Affected","RIF_RL_500YR_2020":"Not Affected","RIF_RL_500YR_2040":"Not Affected","RIF_RL_500YR_2070":"Not Affected"}},{"type":"Feature","id":280,"geometry":{"type":"Point","coordinates":[-80.1927634859186,26.6834378937849]},"properties":{"OBJECTID_1":280,"OBJECTID":280,"Name":"ATLANTIC WORK RELEASE CENTER (FEMALE)","Address":"263 FAIRGROUNDS RD","City":"WEST PALM BEACH","Zip":"33411","COUNTY":"Palm Beach","X":-80.19276349,"Y":26.68343789,"LONGLAT":"-80.19276349,26.68343789","USNG":"17R NK 80314 51627","OWNERSHIP":"STATE OF FLORIDA TIITF","PARCELID":"00424327050080132","FACILITY_T":"CORRECTIONAL FACILITY","Asset_Elevation":null,"Owned_Maintained":"STATE OF FLORIDA TIITF","Asset":"CORRECTIONAL FACILITY","Asset_Sub_Type":null,"Asset_Type":"Correctional Facilities","Asset_Group":"Critical Community and Emergency Facilities","Asset_Relevancy":"Locally Significant","Asset_ID":"CF_PT_280","Municipality":null,"Water_Management_District":"South Florida Water Management District","Souce_Dataset_Entity":"FDEM","Souce_Dataset_Name":"Correctional Facilities - FDEM","Source_Asset_ID":null,"Restricted_Public_Disclosure":null,"Notes":null,"Regional_Planning_Council":"Treasure Coast","FDEP_Regulatory_District":"Southeast District","RCP_Region":"Southeast","FDOT_District":4,"House_District_Number":88,"Senate_District_Number":31,"CTF_RL_2020":"Not Affected","CTF_RL_2040_IL":"Not Affected","CTF_RL_2040_INT":"Not Affected","CTF_RL_2070_IL":"Not Affected","CTF_RL_2070_INT":"Not Affected","SSF_RL_100YR_CURR":"Not Affected","SSF_RL_100YR_2040_IL":"Not Affected","SSF_RL_100YR_2040_INT":"Not Affected","SSF_RL_100YR_2070_IL":"Not Affected","SSF_RL_100YR_2070_INT":"Not Affected","SSF_RL_500YR_CURR":"Not Affected","SSF_RL_500YR_2040_IL":"Not Affected","SSF_RL_500YR_2040_INT":"Not Affected","SSF_RL_500YR_2070_IL":"Not Affected","SSF_RL_500YR_2070_INT":"Not Affected","RIF_RL_100YR_2020":"Not Affected","RIF_RL_100YR_2040":"Not Affected","RIF_RL_100YR_2070":"Not Affected","RIF_RL_500YR_2020":"Not Affected","RIF_RL_500YR_2040":"Not Affected","RIF_RL_500YR_2070":"Not Affected"}},{"type":"Feature","id":281,"geometry":{"type":"Point","coordinates":[-80.6671790864416,26.7199016562766]},"properties":{"OBJECTID_1":281,"OBJECTID":281,"Name":"GLADES WORK CAMP","Address":"2600 N MAIN ST","City":"BELLE GLADE","Zip":"33430","COUNTY":"Palm Beach","X":-80.66717909,"Y":26.71990166,"LONGLAT":"-80.66717909,26.71990166","USNG":"17R NK 33102 55455","OWNERSHIP":"STATE OF FLORIDA TIITF","PARCELID":"00374320000001000","FACILITY_T":"CORRECTIONAL FACILITY","Asset_Elevation":null,"Owned_Maintained":"STATE OF FLORIDA TIITF","Asset":"CORRECTIONAL FACILITY","Asset_Sub_Type":null,"Asset_Type":"Correctional Facilities","Asset_Group":"Critical Community and Emergency Facilities","Asset_Relevancy":"Locally Significant","Asset_ID":"CF_PT_281","Municipality":"Belle Glade","Water_Management_District":"South Florida Water Management District","Souce_Dataset_Entity":"FDEM","Souce_Dataset_Name":"Correctional Facilities - FDEM","Source_Asset_ID":null,"Restricted_Public_Disclosure":null,"Notes":null,"Regional_Planning_Council":"Treasure Coast","FDEP_Regulatory_District":"Southeast District","RCP_Region":"Southeast","FDOT_District":4,"House_District_Number":94,"Senate_District_Number":26,"CTF_RL_2020":"Not Affected","CTF_RL_2040_IL":"Not Affected","CTF_RL_2040_INT":"Not Affected","CTF_RL_2070_IL":"Not Affected","CTF_RL_2070_INT":"Not Affected","SSF_RL_100YR_CURR":"Not Affected","SSF_RL_100YR_2040_IL":"Not Affected","SSF_RL_100YR_2040_INT":"Not Affected","SSF_RL_100YR_2070_IL":"Not Affected","SSF_RL_100YR_2070_INT":"Not Affected","SSF_RL_500YR_CURR":"Not Affected","SSF_RL_500YR_2040_IL":"Not Affected","SSF_RL_500YR_2040_INT":"Not Affected","SSF_RL_500YR_2070_IL":"Not Affected","SSF_RL_500YR_2070_INT":"Not Affected","RIF_RL_100YR_2020":"Not Affected","RIF_RL_100YR_2040":"Not Affected","RIF_RL_100YR_2070":"Not Affected","RIF_RL_500YR_2020":"Not Affected","RIF_RL_500YR_2040":"Not Affected","RIF_RL_500YR_2070":"Not Affected"}},{"type":"Feature","id":282,"geometry":{"type":"Point","coordinates":[-80.1977647889984,26.6874265552674]},"properties":{"OBJECTID_1":282,"OBJECTID":282,"Name":"PALM BEACH JUVENILE CORRECTIONAL FACILITY","Address":"9680 FAIRGROUNDS RD","City":"WEST PALM BEACH","Zip":"33411","COUNTY":"Palm Beach","X":-80.19776479,"Y":26.68742656,"LONGLAT":"-80.19776479,26.68742656","USNG":"17R NK 79814 52066","OWNERSHIP":"STATE","PARCELID":"00424327050080081","FACILITY_T":"JUVENILE CORRECTIONAL INSTITUTION","Asset_Elevation":null,"Owned_Maintained":"STATE","Asset":"JUVENILE CORRECTIONAL INSTITUTION","Asset_Sub_Type":null,"Asset_Type":"Correctional Facilities","Asset_Group":"Critical Community and Emergency Facilities","Asset_Relevancy":"Locally Significant","Asset_ID":"CF_PT_282","Municipality":null,"Water_Management_District":"South Florida Water Management District","Souce_Dataset_Entity":"FDEM","Souce_Dataset_Name":"Correctional Facilities - FDEM","Source_Asset_ID":null,"Restricted_Public_Disclosure":null,"Notes":null,"Regional_Planning_Council":"Treasure Coast","FDEP_Regulatory_District":"Southeast District","RCP_Region":"Southeast","FDOT_District":4,"House_District_Number":88,"Senate_District_Number":31,"CTF_RL_2020":"Not Affected","CTF_RL_2040_IL":"Not Affected","CTF_RL_2040_INT":"Not Affected","CTF_RL_2070_IL":"Not Affected","CTF_RL_2070_INT":"Not Affected","SSF_RL_100YR_CURR":"Not Affected","SSF_RL_100YR_2040_IL":"Not Affected","SSF_RL_100YR_2040_INT":"Not Affected","SSF_RL_100YR_2070_IL":"Not Affected","SSF_RL_100YR_2070_INT":"Not Affected","SSF_RL_500YR_CURR":"Not Affected","SSF_RL_500YR_2040_IL":"Not Affected","SSF_RL_500YR_2040_INT":"Not Affected","SSF_RL_500YR_2070_IL":"Not Affected","SSF_RL_500YR_2070_INT":"Not Affected","RIF_RL_100YR_2020":"Not Affected","RIF_RL_100YR_2040":"Not Affected","RIF_RL_100YR_2070":"Not Affected","RIF_RL_500YR_2020":"Medium","RIF_RL_500YR_2040":"Medium","RIF_RL_500YR_2070":"Medium"}},{"type":"Feature","id":283,"geometry":{"type":"Point","coordinates":[-82.4773710404108,28.2006588792377]},"properties":{"OBJECTID_1":283,"OBJECTID":283,"Name":"WILSON YOUTH ACADEMY","Address":"2953 WILSON RD","City":"LAND O LAKES","Zip":"34638","COUNTY":"Pasco","X":-82.47737104,"Y":28.20065888,"LONGLAT":"-82.47737104,28.20065888","USNG":"17R LM 55002 20314","OWNERSHIP":"COUNTY","PARCELID":"182626    49900","FACILITY_T":"JUVENILE CORRECTIONAL INSTITUTION","Asset_Elevation":null,"Owned_Maintained":"COUNTY","Asset":"JUVENILE CORRECTIONAL INSTITUTION","Asset_Sub_Type":null,"Asset_Type":"Correctional Facilities","Asset_Group":"Critical Community and Emergency Facilities","Asset_Relevancy":"Locally Significant","Asset_ID":"CF_PT_283","Municipality":null,"Water_Management_District":"Southwest Florida Water Management District","Souce_Dataset_Entity":"FDEM","Souce_Dataset_Name":"Correctional Facilities - FDEM","Source_Asset_ID":null,"Restricted_Public_Disclosure":null,"Notes":null,"Regional_Planning_Council":"Tampa Bay","FDEP_Regulatory_District":"Southwest District","RCP_Region":"Southwest","FDOT_District":7,"House_District_Number":55,"Senate_District_Number":23,"CTF_RL_2020":"Not Affected","CTF_RL_2040_IL":"Not Affected","CTF_RL_2040_INT":"Not Affected","CTF_RL_2070_IL":"Not Affected","CTF_RL_2070_INT":"Not Affected","SSF_RL_100YR_CURR":"Not Affected","SSF_RL_100YR_2040_IL":"Not Affected","SSF_RL_100YR_2040_INT":"Not Affected","SSF_RL_100YR_2070_IL":"Not Affected","SSF_RL_100YR_2070_INT":"Not Affected","SSF_RL_500YR_CURR":"Not Affected","SSF_RL_500YR_2040_IL":"Not Affected","SSF_RL_500YR_2040_INT":"Not Affected","SSF_RL_500YR_2070_IL":"Not Affected","SSF_RL_500YR_2070_INT":"Not Affected","RIF_RL_100YR_2020":"Not Affected","RIF_RL_100YR_2040":"Not Affected","RIF_RL_100YR_2070":"Not Affected","RIF_RL_500YR_2020":"Not Affected","RIF_RL_500YR_2040":"Not Affected","RIF_RL_500YR_2070":"Not Affected"}},{"type":"Feature","id":284,"geometry":{"type":"Point","coordinates":[-82.6782429290524,28.2745642686261]},"properties":{"OBJECTID_1":284,"OBJECTID":284,"Name":"MANDALA JUVENILE JUSTICE FACILITY","Address":"8005 KING HELIE BLVD","City":"NEW PORT RICHEY","Zip":"34653","COUNTY":"Pasco","X":-82.67824293,"Y":28.27456427,"LONGLAT":"-82.67824293,28.27456427","USNG":"17R LM 35397 28760","OWNERSHIP":"COUNTY","PARCELID":"1625260000002000000","FACILITY_T":"JUVENILE CORRECTIONAL INSTITUTION","Asset_Elevation":null,"Owned_Maintained":"COUNTY","Asset":"JUVENILE CORRECTIONAL INSTITUTION","Asset_Sub_Type":null,"Asset_Type":"Correctional Facilities","Asset_Group":"Critical Community and Emergency Facilities","Asset_Relevancy":"Locally Significant","Asset_ID":"CF_PT_284","Municipality":null,"Water_Management_District":"Southwest Florida Water Management District","Souce_Dataset_Entity":"FDEM","Souce_Dataset_Name":"Correctional Facilities - FDEM","Source_Asset_ID":null,"Restricted_Public_Disclosure":null,"Notes":null,"Regional_Planning_Council":"Tampa Bay","FDEP_Regulatory_District":"Southwest District","RCP_Region":"Southwest","FDOT_District":7,"House_District_Number":56,"Senate_District_Number":21,"CTF_RL_2020":"Not Affected","CTF_RL_2040_IL":"Not Affected","CTF_RL_2040_INT":"Not Affected","CTF_RL_2070_IL":"Not Affected","CTF_RL_2070_INT":"Not Affected","SSF_RL_100YR_CURR":"Not Affected","SSF_RL_100YR_2040_IL":"Not Affected","SSF_RL_100YR_2040_INT":"Not Affected","SSF_RL_100YR_2070_IL":"Not Affected","SSF_RL_100YR_2070_INT":"Not Affected","SSF_RL_500YR_CURR":"Not Affected","SSF_RL_500YR_2040_IL":"Not Affected","SSF_RL_500YR_2040_INT":"Not Affected","SSF_RL_500YR_2070_IL":"Not Affected","SSF_RL_500YR_2070_INT":"Not Affected","RIF_RL_100YR_2020":"Not Affected","RIF_RL_100YR_2040":"Not Affected","RIF_RL_100YR_2070":"Not Affected","RIF_RL_500YR_2020":"Not Affected","RIF_RL_500YR_2040":"Not Affected","RIF_RL_500YR_2070":"Not Affected"}},{"type":"Feature","id":285,"geometry":{"type":"Point","coordinates":[-82.3436270865722,28.3234143815073]},"properties":{"OBJECTID_1":285,"OBJECTID":285,"Name":"PASCO REGIONAL JUVENILE DETENTION CENTER","Address":"28534 STATE ROAD 52","City":"SAN ANTONIO","Zip":"33576","COUNTY":"Pasco","X":-82.34362709,"Y":28.32341438,"LONGLAT":"-82.34362709,28.32341438","USNG":"17R LM 68281 33762","OWNERSHIP":"COUNTY","PARCELID":"2025070000003000000","FACILITY_T":"JUVENILE CORRECTIONAL INSTITUTION","Asset_Elevation":null,"Owned_Maintained":"COUNTY","Asset":"JUVENILE CORRECTIONAL INSTITUTION","Asset_Sub_Type":null,"Asset_Type":"Correctional Facilities","Asset_Group":"Critical Community and Emergency Facilities","Asset_Relevancy":"Locally Significant","Asset_ID":"CF_PT_285","Municipality":null,"Water_Management_District":"Southwest Florida Water Management District","Souce_Dataset_Entity":"FDEM","Souce_Dataset_Name":"Correctional Facilities - FDEM","Source_Asset_ID":null,"Restricted_Public_Disclosure":null,"Notes":null,"Regional_Planning_Council":"Tampa Bay","FDEP_Regulatory_District":"Southwest District","RCP_Region":"Southwest","FDOT_District":7,"House_District_Number":55,"Senate_District_Number":23,"CTF_RL_2020":"Not Affected","CTF_RL_2040_IL":"Not Affected","CTF_RL_2040_INT":"Not Affected","CTF_RL_2070_IL":"Not Affected","CTF_RL_2070_INT":"Not Affected","SSF_RL_100YR_CURR":"Not Affected","SSF_RL_100YR_2040_IL":"Not Affected","SSF_RL_100YR_2040_INT":"Not Affected","SSF_RL_100YR_2070_IL":"Not Affected","SSF_RL_100YR_2070_INT":"Not Affected","SSF_RL_500YR_CURR":"Not Affected","SSF_RL_500YR_2040_IL":"Not Affected","SSF_RL_500YR_2040_INT":"Not Affected","SSF_RL_500YR_2070_IL":"Not Affected","SSF_RL_500YR_2070_INT":"Not Affected","RIF_RL_100YR_2020":"Not Affected","RIF_RL_100YR_2040":"Not Affected","RIF_RL_100YR_2070":"Not Affected","RIF_RL_500YR_2020":"Low","RIF_RL_500YR_2040":"Medium","RIF_RL_500YR_2070":"Medium"}},{"type":"Feature","id":286,"geometry":{"type":"Point","coordinates":[-82.6703366564553,28.2670082605275]},"properties":{"OBJECTID_1":286,"OBJECTID":286,"Name":"WEST PASCO COUNTY JAIL","Address":"8700 CITIZEN DR","City":"NEW PORT RICHEY","Zip":"34654","COUNTY":"Pasco","X":-82.67033666,"Y":28.26700826,"LONGLAT":"-82.67033666,28.26700826","USNG":"17R LM 36161 27912","OWNERSHIP":"COUNTY","PARCELID":"1625350030010000000","FACILITY_T":"CORRECTIONAL FACILITY","Asset_Elevation":null,"Owned_Maintained":"COUNTY","Asset":"CORRECTIONAL FACILITY","Asset_Sub_Type":null,"Asset_Type":"Correctional Facilities","Asset_Group":"Critical Community and Emergency Facilities","Asset_Relevancy":"Locally Significant","Asset_ID":"CF_PT_286","Municipality":null,"Water_Management_District":"Southwest Florida Water Management District","Souce_Dataset_Entity":"FDEM","Souce_Dataset_Name":"Correctional Facilities - FDEM","Source_Asset_ID":null,"Restricted_Public_Disclosure":null,"Notes":null,"Regional_Planning_Council":"Tampa Bay","FDEP_Regulatory_District":"Southwest District","RCP_Region":"Southwest","FDOT_District":7,"House_District_Number":55,"Senate_District_Number":21,"CTF_RL_2020":"Not Affected","CTF_RL_2040_IL":"Not Affected","CTF_RL_2040_INT":"Not Affected","CTF_RL_2070_IL":"Not Affected","CTF_RL_2070_INT":"Not Affected","SSF_RL_100YR_CURR":"Not Affected","SSF_RL_100YR_2040_IL":"Not Affected","SSF_RL_100YR_2040_INT":"Not Affected","SSF_RL_100YR_2070_IL":"Not Affected","SSF_RL_100YR_2070_INT":"Not Affected","SSF_RL_500YR_CURR":"Not Affected","SSF_RL_500YR_2040_IL":"Not Affected","SSF_RL_500YR_2040_INT":"Not Affected","SSF_RL_500YR_2070_IL":"Not Affected","SSF_RL_500YR_2070_INT":"Not Affected","RIF_RL_100YR_2020":"Not Affected","RIF_RL_100YR_2040":"Not Affected","RIF_RL_100YR_2070":"Not Affected","RIF_RL_500YR_2020":"Not Affected","RIF_RL_500YR_2040":"Not Affected","RIF_RL_500YR_2070":"Not Affected"}},{"type":"Feature","id":287,"geometry":{"type":"Point","coordinates":[-82.4838479444683,28.3075004997105]},"properties":{"OBJECTID_1":287,"OBJECTID":287,"Name":"PASCO COUNTY DETENTION CENTER","Address":"20101 CENTRAL BLVD","City":"LAND O LAKES","Zip":"34637","COUNTY":"Pasco","X":-82.48384794,"Y":28.3075005,"LONGLAT":"-82.48384794,28.30750050","USNG":"17R LM 54511 32160","OWNERSHIP":"COUNTY","PARCELID":"1825140000002000000","FACILITY_T":"LOCAL CORRECTIONAL INSTITUTION","Asset_Elevation":null,"Owned_Maintained":"COUNTY","Asset":"LOCAL CORRECTIONAL INSTITUTION","Asset_Sub_Type":null,"Asset_Type":"Correctional Facilities","Asset_Group":"Critical Community and Emergency Facilities","Asset_Relevancy":"Locally Significant","Asset_ID":"CF_PT_287","Municipality":null,"Water_Management_District":"Southwest Florida Water Management District","Souce_Dataset_Entity":"FDEM","Souce_Dataset_Name":"Correctional Facilities - FDEM","Source_Asset_ID":null,"Restricted_Public_Disclosure":null,"Notes":null,"Regional_Planning_Council":"Tampa Bay","FDEP_Regulatory_District":"Southwest District","RCP_Region":"Southwest","FDOT_District":7,"House_District_Number":55,"Senate_District_Number":23,"CTF_RL_2020":"Not Affected","CTF_RL_2040_IL":"Not Affected","CTF_RL_2040_INT":"Not Affected","CTF_RL_2070_IL":"Not Affected","CTF_RL_2070_INT":"Not Affected","SSF_RL_100YR_CURR":"Not Affected","SSF_RL_100YR_2040_IL":"Not Affected","SSF_RL_100YR_2040_INT":"Not Affected","SSF_RL_100YR_2070_IL":"Not Affected","SSF_RL_100YR_2070_INT":"Not Affected","SSF_RL_500YR_CURR":"Not Affected","SSF_RL_500YR_2040_IL":"Not Affected","SSF_RL_500YR_2040_INT":"Not Affected","SSF_RL_500YR_2070_IL":"Not Affected","SSF_RL_500YR_2070_INT":"Not Affected","RIF_RL_100YR_2020":"Not Affected","RIF_RL_100YR_2040":"Low","RIF_RL_100YR_2070":"Low","RIF_RL_500YR_2020":"Medium","RIF_RL_500YR_2040":"Medium","RIF_RL_500YR_2070":"Medium"}},{"type":"Feature","id":288,"geometry":{"type":"Point","coordinates":[-82.2765306295077,28.3259786473323]},"properties":{"OBJECTID_1":288,"OBJECTID":288,"Name":"SAN ANTONIO BOYS VILLAGE","Address":"11609 BOYS VILLAGE DR","City":"SAN ANTONIO","Zip":"33576","COUNTY":"Pasco","X":-82.27653063,"Y":28.32597865,"LONGLAT":"-82.27653063,28.32597865","USNG":"17R LM 74862 33975","OWNERSHIP":"COUNTY","PARCELID":"2025110000011000000","FACILITY_T":"JUVENILE CORRECTIONAL INSTITUTION","Asset_Elevation":null,"Owned_Maintained":"COUNTY","Asset":"JUVENILE CORRECTIONAL INSTITUTION","Asset_Sub_Type":null,"Asset_Type":"Correctional Facilities","Asset_Group":"Critical Community and Emergency Facilities","Asset_Relevancy":"Locally Significant","Asset_ID":"CF_PT_288","Municipality":null,"Water_Management_District":"Southwest Florida Water Management District","Souce_Dataset_Entity":"FDEM","Souce_Dataset_Name":"Correctional Facilities - FDEM","Source_Asset_ID":null,"Restricted_Public_Disclosure":null,"Notes":null,"Regional_Planning_Council":"Tampa Bay","FDEP_Regulatory_District":"Southwest District","RCP_Region":"Southwest","FDOT_District":7,"House_District_Number":54,"Senate_District_Number":23,"CTF_RL_2020":"Not Affected","CTF_RL_2040_IL":"Not Affected","CTF_RL_2040_INT":"Not Affected","CTF_RL_2070_IL":"Not Affected","CTF_RL_2070_INT":"Not Affected","SSF_RL_100YR_CURR":"Not Affected","SSF_RL_100YR_2040_IL":"Not Affected","SSF_RL_100YR_2040_INT":"Not Affected","SSF_RL_100YR_2070_IL":"Not Affected","SSF_RL_100YR_2070_INT":"Not Affected","SSF_RL_500YR_CURR":"Not Affected","SSF_RL_500YR_2040_IL":"Not Affected","SSF_RL_500YR_2040_INT":"Not Affected","SSF_RL_500YR_2070_IL":"Not Affected","SSF_RL_500YR_2070_INT":"Not Affected","RIF_RL_100YR_2020":"Not Affected","RIF_RL_100YR_2040":"Not Affected","RIF_RL_100YR_2070":"Not Affected","RIF_RL_500YR_2020":"Not Affected","RIF_RL_500YR_2040":"Not Affected","RIF_RL_500YR_2070":"Not Affected"}},{"type":"Feature","id":289,"geometry":{"type":"Point","coordinates":[-82.1992644751166,28.1985212960389]},"properties":{"OBJECTID_1":289,"OBJECTID":289,"Name":"ZEPHYRHILLS CORRECTIONAL INSTITUTE","Address":"2739 GALL BLVD","City":"ZEPHYRHILLS","Zip":"33541","COUNTY":"Pasco","X":-82.19926448,"Y":28.1985213,"LONGLAT":"-82.19926448,28.19852130","USNG":"17R LM 82297 19776","OWNERSHIP":" ","PARCELID":"2126270000001000000","FACILITY_T":"LOCAL CORRECTIONAL INSTITUTION","Asset_Elevation":null,"Owned_Maintained":" ","Asset":"LOCAL CORRECTIONAL INSTITUTION","Asset_Sub_Type":null,"Asset_Type":"Correctional Facilities","Asset_Group":"Critical Community and Emergency Facilities","Asset_Relevancy":"Locally Significant","Asset_ID":"CF_PT_289","Municipality":null,"Water_Management_District":"Southwest Florida Water Management District","Souce_Dataset_Entity":"FDEM","Souce_Dataset_Name":"Correctional Facilities - FDEM","Source_Asset_ID":null,"Restricted_Public_Disclosure":null,"Notes":null,"Regional_Planning_Council":"Tampa Bay","FDEP_Regulatory_District":"Southwest District","RCP_Region":"Southwest","FDOT_District":7,"House_District_Number":54,"Senate_District_Number":23,"CTF_RL_2020":"Not Affected","CTF_RL_2040_IL":"Not Affected","CTF_RL_2040_INT":"Not Affected","CTF_RL_2070_IL":"Not Affected","CTF_RL_2070_INT":"Not Affected","SSF_RL_100YR_CURR":"Not Affected","SSF_RL_100YR_2040_IL":"Not Affected","SSF_RL_100YR_2040_INT":"Not Affected","SSF_RL_100YR_2070_IL":"Not Affected","SSF_RL_100YR_2070_INT":"Not Affected","SSF_RL_500YR_CURR":"Not Affected","SSF_RL_500YR_2040_IL":"Not Affected","SSF_RL_500YR_2040_INT":"Not Affected","SSF_RL_500YR_2070_IL":"Not Affected","SSF_RL_500YR_2070_INT":"Not Affected","RIF_RL_100YR_2020":"Not Affected","RIF_RL_100YR_2040":"Not Affected","RIF_RL_100YR_2070":"Not Affected","RIF_RL_500YR_2020":"Not Affected","RIF_RL_500YR_2040":"Not Affected","RIF_RL_500YR_2070":"Not Affected"}},{"type":"Feature","id":290,"geometry":{"type":"Point","coordinates":[-82.7056949695111,27.9021131540443]},"properties":{"OBJECTID_1":290,"OBJECTID":290,"Name":"PINELLAS COUNTY JAIL","Address":"14400 49TH ST N","City":"CLEARWATER","Zip":"33760","COUNTY":"Pinellas","X":-82.70569497,"Y":27.90211316,"LONGLAT":"-82.70569497,27.90211316","USNG":"17R LL 32126 87528","OWNERSHIP":"COUNTY","PARCELID":"16 30 04 00000 130 0000","FACILITY_T":"LOCAL CORRECTIONAL INSTITUTION","Asset_Elevation":null,"Owned_Maintained":"COUNTY","Asset":"LOCAL CORRECTIONAL INSTITUTION","Asset_Sub_Type":null,"Asset_Type":"Correctional Facilities","Asset_Group":"Critical Community and Emergency Facilities","Asset_Relevancy":"Locally Significant","Asset_ID":"CF_PT_290","Municipality":null,"Water_Management_District":"Southwest Florida Water Management District","Souce_Dataset_Entity":"FDEM","Souce_Dataset_Name":"Correctional Facilities - FDEM","Source_Asset_ID":null,"Restricted_Public_Disclosure":null,"Notes":null,"Regional_Planning_Council":"Tampa Bay","FDEP_Regulatory_District":"Southwest District","RCP_Region":"Southwest","FDOT_District":7,"House_District_Number":59,"Senate_District_Number":18,"CTF_RL_2020":"Not Affected","CTF_RL_2040_IL":"Not Affected","CTF_RL_2040_INT":"Not Affected","CTF_RL_2070_IL":"Not Affected","CTF_RL_2070_INT":"Not Affected","SSF_RL_100YR_CURR":"Not Affected","SSF_RL_100YR_2040_IL":"Not Affected","SSF_RL_100YR_2040_INT":"Not Affected","SSF_RL_100YR_2070_IL":"Not Affected","SSF_RL_100YR_2070_INT":"Not Affected","SSF_RL_500YR_CURR":"Not Affected","SSF_RL_500YR_2040_IL":"Not Affected","SSF_RL_500YR_2040_INT":"Not Affected","SSF_RL_500YR_2070_IL":"Not Affected","SSF_RL_500YR_2070_INT":"Low","RIF_RL_100YR_2020":"Not Affected","RIF_RL_100YR_2040":"Not Affected","RIF_RL_100YR_2070":"Not Affected","RIF_RL_500YR_2020":"Low","RIF_RL_500YR_2040":"Low","RIF_RL_500YR_2070":"Low"}},{"type":"Feature","id":291,"geometry":{"type":"Point","coordinates":[-82.7686676916237,28.1678042359173]},"properties":{"OBJECTID_1":291,"OBJECTID":291,"Name":"TARPON SPRINGS WORK RELEASE CENTER (MALE)","Address":"566 BRADY RD","City":"TARPON SPRINGS","Zip":"34689","COUNTY":"Pinellas","X":-82.76866769,"Y":28.16780424,"LONGLAT":"-82.76866769,28.16780424","USNG":"17R LM 26354 17056","OWNERSHIP":"STATE OF FLORIDA TIITF","PARCELID":"15 27 02 89154 000 0100","FACILITY_T":"LOCAL CORRECTIONAL INSTITUTION","Asset_Elevation":null,"Owned_Maintained":"STATE OF FLORIDA TIITF","Asset":"LOCAL CORRECTIONAL INSTITUTION","Asset_Sub_Type":null,"Asset_Type":"Correctional Facilities","Asset_Group":"Critical Community and Emergency Facilities","Asset_Relevancy":"Locally Significant","Asset_ID":"CF_PT_291","Municipality":"Tarpon Springs","Water_Management_District":"Southwest Florida Water Management District","Souce_Dataset_Entity":"FDEM","Souce_Dataset_Name":"Correctional Facilities - FDEM","Source_Asset_ID":null,"Restricted_Public_Disclosure":null,"Notes":null,"Regional_Planning_Council":"Tampa Bay","FDEP_Regulatory_District":"Southwest District","RCP_Region":"Southwest","FDOT_District":7,"House_District_Number":57,"Senate_District_Number":21,"CTF_RL_2020":"Not Affected","CTF_RL_2040_IL":"Not Affected","CTF_RL_2040_INT":"Not Affected","CTF_RL_2070_IL":"Not Affected","CTF_RL_2070_INT":"Not Affected","SSF_RL_100YR_CURR":"Not Affected","SSF_RL_100YR_2040_IL":"Not Affected","SSF_RL_100YR_2040_INT":"Not Affected","SSF_RL_100YR_2070_IL":"Not Affected","SSF_RL_100YR_2070_INT":"Not Affected","SSF_RL_500YR_CURR":"Not Affected","SSF_RL_500YR_2040_IL":"Low","SSF_RL_500YR_2040_INT":"Medium","SSF_RL_500YR_2070_IL":"Medium","SSF_RL_500YR_2070_INT":"Medium","RIF_RL_100YR_2020":"Not Affected","RIF_RL_100YR_2040":"Not Affected","RIF_RL_100YR_2070":"Not Affected","RIF_RL_500YR_2020":"Not Affected","RIF_RL_500YR_2040":"Not Affected","RIF_RL_500YR_2070":"Not Affected"}},{"type":"Feature","id":292,"geometry":{"type":"Point","coordinates":[-82.7049254428976,27.8945702209607]},"properties":{"OBJECTID_1":292,"OBJECTID":292,"Name":"PINELLAS WORK RELEASE CENTER","Address":"5205 ULMERTON RD","City":"CLEARWATER","Zip":"33760","COUNTY":"Pinellas","X":-82.70492544,"Y":27.89457022,"LONGLAT":"-82.70492544,27.89457022","USNG":"17R LL 32190 86691","OWNERSHIP":"STATE OF FLORIDA TIITF","PARCELID":"16 30 04 70902 300 1400","FACILITY_T":"LOCAL CORRECTIONAL INSTITUTION","Asset_Elevation":null,"Owned_Maintained":"STATE OF FLORIDA TIITF","Asset":"LOCAL CORRECTIONAL INSTITUTION","Asset_Sub_Type":null,"Asset_Type":"Correctional Facilities","Asset_Group":"Critical Community and Emergency Facilities","Asset_Relevancy":"Locally Significant","Asset_ID":"CF_PT_292","Municipality":"Largo","Water_Management_District":"Southwest Florida Water Management District","Souce_Dataset_Entity":"FDEM","Souce_Dataset_Name":"Correctional Facilities - FDEM","Source_Asset_ID":null,"Restricted_Public_Disclosure":null,"Notes":null,"Regional_Planning_Council":"Tampa Bay","FDEP_Regulatory_District":"Southwest District","RCP_Region":"Southwest","FDOT_District":7,"House_District_Number":59,"Senate_District_Number":18,"CTF_RL_2020":"Not Affected","CTF_RL_2040_IL":"Not Affected","CTF_RL_2040_INT":"Not Affected","CTF_RL_2070_IL":"Not Affected","CTF_RL_2070_INT":"Not Affected","SSF_RL_100YR_CURR":"Not Affected","SSF_RL_100YR_2040_IL":"Not Affected","SSF_RL_100YR_2040_INT":"Not Affected","SSF_RL_100YR_2070_IL":"Not Affected","SSF_RL_100YR_2070_INT":"Not Affected","SSF_RL_500YR_CURR":"Not Affected","SSF_RL_500YR_2040_IL":"Not Affected","SSF_RL_500YR_2040_INT":"Not Affected","SSF_RL_500YR_2070_IL":"Not Affected","SSF_RL_500YR_2070_INT":"Not Affected","RIF_RL_100YR_2020":"Not Affected","RIF_RL_100YR_2040":"Not Affected","RIF_RL_100YR_2070":"Not Affected","RIF_RL_500YR_2020":"Not Affected","RIF_RL_500YR_2040":"Not Affected","RIF_RL_500YR_2070":"Not Affected"}},{"type":"Feature","id":293,"geometry":{"type":"Point","coordinates":[-82.7313501193069,27.9218281815143]},"properties":{"OBJECTID_1":293,"OBJECTID":293,"Name":"FLORIDA DEPARTMENT OF CORRECTIONS REGION 3 - LARGO RESIDENTIAL RE-ENTRY CENTER","Address":"16432 UNITED STATES HIGHWAY 19 NORTH","City":"CLEARWATER","Zip":"33764","COUNTY":"Pinellas","X":-82.73135012,"Y":27.92182818,"LONGLAT":"-82.73135012,27.92182818","USNG":"17R LL 29631 89748","OWNERSHIP":"STATE","PARCELID":"16 29 31 70344 100 0105","FACILITY_T":"STATE CORRECTIONAL INSTITUTION","Asset_Elevation":null,"Owned_Maintained":"STATE","Asset":"STATE CORRECTIONAL INSTITUTION","Asset_Sub_Type":null,"Asset_Type":"Correctional Facilities","Asset_Group":"Critical Community and Emergency Facilities","Asset_Relevancy":"Locally Significant","Asset_ID":"CF_PT_293","Municipality":"Largo","Water_Management_District":"Southwest Florida Water Management District","Souce_Dataset_Entity":"FDEM","Souce_Dataset_Name":"Correctional Facilities - FDEM","Source_Asset_ID":null,"Restricted_Public_Disclosure":null,"Notes":null,"Regional_Planning_Council":"Tampa Bay","FDEP_Regulatory_District":"Southwest District","RCP_Region":"Southwest","FDOT_District":7,"House_District_Number":59,"Senate_District_Number":18,"CTF_RL_2020":"Not Affected","CTF_RL_2040_IL":"Not Affected","CTF_RL_2040_INT":"Not Affected","CTF_RL_2070_IL":"Not Affected","CTF_RL_2070_INT":"Not Affected","SSF_RL_100YR_CURR":"Not Affected","SSF_RL_100YR_2040_IL":"Not Affected","SSF_RL_100YR_2040_INT":"Not Affected","SSF_RL_100YR_2070_IL":"Not Affected","SSF_RL_100YR_2070_INT":"Not Affected","SSF_RL_500YR_CURR":"Not Affected","SSF_RL_500YR_2040_IL":"Not Affected","SSF_RL_500YR_2040_INT":"Not Affected","SSF_RL_500YR_2070_IL":"Not Affected","SSF_RL_500YR_2070_INT":"Not Affected","RIF_RL_100YR_2020":"Not Affected","RIF_RL_100YR_2040":"Not Affected","RIF_RL_100YR_2070":"Not Affected","RIF_RL_500YR_2020":"Not Affected","RIF_RL_500YR_2040":"Not Affected","RIF_RL_500YR_2070":"Not Affected"}},{"type":"Feature","id":294,"geometry":{"type":"Point","coordinates":[-82.7047044795432,27.8997328538132]},"properties":{"OBJECTID_1":294,"OBJECTID":294,"Name":"PINELLAS REGIONAL JUVENILE DETENTION CENTER","Address":"5255 140TH AVE N","City":"CLEARWATER","Zip":"33760","COUNTY":"Pinellas","X":-82.70470448,"Y":27.89973285,"LONGLAT":"-82.70470448,27.89973285","USNG":"17R LL 32220 87263","OWNERSHIP":"COUNTY","PARCELID":"16 30 04 00116 000 0100","FACILITY_T":"JUVENILE CORRECTIONAL INSTITUTION","Asset_Elevation":null,"Owned_Maintained":"COUNTY","Asset":"JUVENILE CORRECTIONAL INSTITUTION","Asset_Sub_Type":null,"Asset_Type":"Correctional Facilities","Asset_Group":"Critical Community and Emergency Facilities","Asset_Relevancy":"Locally Significant","Asset_ID":"CF_PT_294","Municipality":null,"Water_Management_District":"Southwest Florida Water Management District","Souce_Dataset_Entity":"FDEM","Souce_Dataset_Name":"Correctional Facilities - FDEM","Source_Asset_ID":null,"Restricted_Public_Disclosure":null,"Notes":null,"Regional_Planning_Council":"Tampa Bay","FDEP_Regulatory_District":"Southwest District","RCP_Region":"Southwest","FDOT_District":7,"House_District_Number":59,"Senate_District_Number":18,"CTF_RL_2020":"Not Affected","CTF_RL_2040_IL":"Not Affected","CTF_RL_2040_INT":"Not Affected","CTF_RL_2070_IL":"Not Affected","CTF_RL_2070_INT":"Not Affected","SSF_RL_100YR_CURR":"Not Affected","SSF_RL_100YR_2040_IL":"Not Affected","SSF_RL_100YR_2040_INT":"Not Affected","SSF_RL_100YR_2070_IL":"Not Affected","SSF_RL_100YR_2070_INT":"Not Affected","SSF_RL_500YR_CURR":"Not Affected","SSF_RL_500YR_2040_IL":"Not Affected","SSF_RL_500YR_2040_INT":"Not Affected","SSF_RL_500YR_2070_IL":"Not Affected","SSF_RL_500YR_2070_INT":"Not Affected","RIF_RL_100YR_2020":"Not Affected","RIF_RL_100YR_2040":"Not Affected","RIF_RL_100YR_2070":"Not Affected","RIF_RL_500YR_2020":"Not Affected","RIF_RL_500YR_2040":"Not Affected","RIF_RL_500YR_2070":"Not Affected"}},{"type":"Feature","id":295,"geometry":{"type":"Point","coordinates":[-82.6907759864928,27.762082966877]},"properties":{"OBJECTID_1":295,"OBJECTID":295,"Name":"ST PETERSBURG WORK RELEASE CENTER (MALE)","Address":"4237 8TH AVE S","City":"SAINT PETERSBURG","Zip":"33711","COUNTY":"Pinellas","X":-82.69077599,"Y":27.76208297,"LONGLAT":"-82.69077599,27.76208297","USNG":"17R LL 33381 71992","OWNERSHIP":"STATE OF FLORIDA TIITF","PARCELID":"16 31 27 17740 001 0010","FACILITY_T":"LOCAL CORRECTIONAL INSTITUTION","Asset_Elevation":null,"Owned_Maintained":"STATE OF FLORIDA TIITF","Asset":"LOCAL CORRECTIONAL INSTITUTION","Asset_Sub_Type":null,"Asset_Type":"Correctional Facilities","Asset_Group":"Critical Community and Emergency Facilities","Asset_Relevancy":"Locally Significant","Asset_ID":"CF_PT_295","Municipality":"St. Petersburg","Water_Management_District":"Southwest Florida Water Management District","Souce_Dataset_Entity":"FDEM","Souce_Dataset_Name":"Correctional Facilities - FDEM","Source_Asset_ID":null,"Restricted_Public_Disclosure":null,"Notes":null,"Regional_Planning_Council":"Tampa Bay","FDEP_Regulatory_District":"Southwest District","RCP_Region":"Southwest","FDOT_District":7,"House_District_Number":62,"Senate_District_Number":16,"CTF_RL_2020":"Not Affected","CTF_RL_2040_IL":"Not Affected","CTF_RL_2040_INT":"Not Affected","CTF_RL_2070_IL":"Not Affected","CTF_RL_2070_INT":"Not Affected","SSF_RL_100YR_CURR":"Not Affected","SSF_RL_100YR_2040_IL":"Not Affected","SSF_RL_100YR_2040_INT":"Not Affected","SSF_RL_100YR_2070_IL":"Not Affected","SSF_RL_100YR_2070_INT":"Not Affected","SSF_RL_500YR_CURR":"Not Affected","SSF_RL_500YR_2040_IL":"Not Affected","SSF_RL_500YR_2040_INT":"Not Affected","SSF_RL_500YR_2070_IL":"Not Affected","SSF_RL_500YR_2070_INT":"Not Affected","RIF_RL_100YR_2020":"Not Affected","RIF_RL_100YR_2040":"Not Affected","RIF_RL_100YR_2070":"Not Affected","RIF_RL_500YR_2020":"Not Affected","RIF_RL_500YR_2040":"Not Affected","RIF_RL_500YR_2070":"Not Affected"}},{"type":"Feature","id":296,"geometry":{"type":"Point","coordinates":[-82.7054209068949,27.8956282684219]},"properties":{"OBJECTID_1":296,"OBJECTID":296,"Name":"LARGO ROAD PRISON","Address":"5201 ULMERTON RD","City":"CLEARWATER","Zip":"33760","COUNTY":"Pinellas","X":-82.70542091,"Y":27.89562827,"LONGLAT":"-82.70542091,27.89562827","USNG":"17R LL 32143 86809","OWNERSHIP":"STATE OF FLORIDA TIITF","PARCELID":"16 30 04 70902 300 1400","FACILITY_T":"LOCAL CORRECTIONAL INSTITUTION","Asset_Elevation":null,"Owned_Maintained":"STATE OF FLORIDA TIITF","Asset":"LOCAL CORRECTIONAL INSTITUTION","Asset_Sub_Type":null,"Asset_Type":"Correctional Facilities","Asset_Group":"Critical Community and Emergency Facilities","Asset_Relevancy":"Locally Significant","Asset_ID":"CF_PT_296","Municipality":"Largo","Water_Management_District":"Southwest Florida Water Management District","Souce_Dataset_Entity":"FDEM","Souce_Dataset_Name":"Correctional Facilities - FDEM","Source_Asset_ID":null,"Restricted_Public_Disclosure":null,"Notes":null,"Regional_Planning_Council":"Tampa Bay","FDEP_Regulatory_District":"Southwest District","RCP_Region":"Southwest","FDOT_District":7,"House_District_Number":59,"Senate_District_Number":18,"CTF_RL_2020":"Not Affected","CTF_RL_2040_IL":"Not Affected","CTF_RL_2040_INT":"Not Affected","CTF_RL_2070_IL":"Not Affected","CTF_RL_2070_INT":"Not Affected","SSF_RL_100YR_CURR":"Not Affected","SSF_RL_100YR_2040_IL":"Not Affected","SSF_RL_100YR_2040_INT":"Not Affected","SSF_RL_100YR_2070_IL":"Not Affected","SSF_RL_100YR_2070_INT":"Not Affected","SSF_RL_500YR_CURR":"Not Affected","SSF_RL_500YR_2040_IL":"Not Affected","SSF_RL_500YR_2040_INT":"Not Affected","SSF_RL_500YR_2070_IL":"Not Affected","SSF_RL_500YR_2070_INT":"Not Affected","RIF_RL_100YR_2020":"Not Affected","RIF_RL_100YR_2040":"Not Affected","RIF_RL_100YR_2070":"Not Affected","RIF_RL_500YR_2020":"Not Affected","RIF_RL_500YR_2040":"Not Affected","RIF_RL_500YR_2070":"Not Affected"}},{"type":"Feature","id":297,"geometry":{"type":"Point","coordinates":[-82.7010502147182,27.9038624489593]},"properties":{"OBJECTID_1":297,"OBJECTID":297,"Name":"PINELLAS COUNTY BOOT CAMP","Address":"14500 49TH ST N","City":"CLEARWATER","Zip":"33760","COUNTY":"Pinellas","X":-82.70105021,"Y":27.90386245,"LONGLAT":"-82.70105021,27.90386245","USNG":"17R LL 32586 87716","OWNERSHIP":"COUNTY","PARCELID":"16 30 04 00000 130 0000","FACILITY_T":"LOCAL CORRECTIONAL INSTITUTION","Asset_Elevation":null,"Owned_Maintained":"COUNTY","Asset":"LOCAL CORRECTIONAL INSTITUTION","Asset_Sub_Type":null,"Asset_Type":"Correctional Facilities","Asset_Group":"Critical Community and Emergency Facilities","Asset_Relevancy":"Locally Significant","Asset_ID":"CF_PT_297","Municipality":null,"Water_Management_District":"Southwest Florida Water Management District","Souce_Dataset_Entity":"FDEM","Souce_Dataset_Name":"Correctional Facilities - FDEM","Source_Asset_ID":null,"Restricted_Public_Disclosure":null,"Notes":null,"Regional_Planning_Council":"Tampa Bay","FDEP_Regulatory_District":"Southwest District","RCP_Region":"Southwest","FDOT_District":7,"House_District_Number":59,"Senate_District_Number":18,"CTF_RL_2020":"Not Affected","CTF_RL_2040_IL":"Not Affected","CTF_RL_2040_INT":"Not Affected","CTF_RL_2070_IL":"Not Affected","CTF_RL_2070_INT":"Not Affected","SSF_RL_100YR_CURR":"Not Affected","SSF_RL_100YR_2040_IL":"Not Affected","SSF_RL_100YR_2040_INT":"Not Affected","SSF_RL_100YR_2070_IL":"Not Affected","SSF_RL_100YR_2070_INT":"Not Affected","SSF_RL_500YR_CURR":"Not Affected","SSF_RL_500YR_2040_IL":"Not Affected","SSF_RL_500YR_2040_INT":"Not Affected","SSF_RL_500YR_2070_IL":"Not Affected","SSF_RL_500YR_2070_INT":"Not Affected","RIF_RL_100YR_2020":"Not Affected","RIF_RL_100YR_2040":"Not Affected","RIF_RL_100YR_2070":"Not Affected","RIF_RL_500YR_2020":"Not Affected","RIF_RL_500YR_2040":"Not Affected","RIF_RL_500YR_2070":"Not Affected"}},{"type":"Feature","id":298,"geometry":{"type":"Point","coordinates":[-82.6247703800466,27.865690425644]},"properties":{"OBJECTID_1":298,"OBJECTID":298,"Name":"SUNCOAST WORK RELEASE CENTER\r\n","Address":"10596 GANDY BOULEVARD","City":"SAINT PETERSBURG","Zip":"33702","COUNTY":"Pinellas","X":-82.62477038,"Y":27.86569043,"LONGLAT":"-82.62477038,27.86569043","USNG":"17R LL 40038 83384","OWNERSHIP":" ","PARCELID":"17 30 17 00000 340 0700","FACILITY_T":"CORRECTIONAL FACILITY","Asset_Elevation":null,"Owned_Maintained":" ","Asset":"CORRECTIONAL FACILITY","Asset_Sub_Type":null,"Asset_Type":"Correctional Facilities","Asset_Group":"Critical Community and Emergency Facilities","Asset_Relevancy":"Locally Significant","Asset_ID":"CF_PT_298","Municipality":null,"Water_Management_District":"Southwest Florida Water Management District","Souce_Dataset_Entity":"FDEM","Souce_Dataset_Name":"Correctional Facilities - FDEM","Source_Asset_ID":null,"Restricted_Public_Disclosure":null,"Notes":null,"Regional_Planning_Council":"Tampa Bay","FDEP_Regulatory_District":"Southwest District","RCP_Region":"Southwest","FDOT_District":7,"House_District_Number":60,"Senate_District_Number":18,"CTF_RL_2020":"Not Affected","CTF_RL_2040_IL":"Not Affected","CTF_RL_2040_INT":"Not Affected","CTF_RL_2070_IL":"Not Affected","CTF_RL_2070_INT":"Not Affected","SSF_RL_100YR_CURR":"High","SSF_RL_100YR_2040_IL":"High","SSF_RL_100YR_2040_INT":"High","SSF_RL_100YR_2070_IL":"High","SSF_RL_100YR_2070_INT":"High","SSF_RL_500YR_CURR":"High","SSF_RL_500YR_2040_IL":"High","SSF_RL_500YR_2040_INT":"High","SSF_RL_500YR_2070_IL":"High","SSF_RL_500YR_2070_INT":"High","RIF_RL_100YR_2020":"Not Affected","RIF_RL_100YR_2040":"Not Affected","RIF_RL_100YR_2070":"Not Affected","RIF_RL_500YR_2020":"Not Affected","RIF_RL_500YR_2040":"Not Affected","RIF_RL_500YR_2070":"Not Affected"}},{"type":"Feature","id":299,"geometry":{"type":"Point","coordinates":[-82.6739022518497,27.7452632673872]},"properties":{"OBJECTID_1":299,"OBJECTID":299,"Name":"CHARLES BRITT HALFWAY HOUSE","Address":"3001 26TH AVE S","City":"SAINT PETERSBURG","Zip":"33712","COUNTY":"Pinellas","X":-82.67390225,"Y":27.74526327,"LONGLAT":"-82.67390225,27.74526327","USNG":"17R LL 35018 70106","OWNERSHIP":"STATE","PARCELID":"16 31 35 00000 210 0900","FACILITY_T":"JUVENILE CORRECTIONAL INSTITUTION","Asset_Elevation":null,"Owned_Maintained":"STATE","Asset":"JUVENILE CORRECTIONAL INSTITUTION","Asset_Sub_Type":null,"Asset_Type":"Correctional Facilities","Asset_Group":"Critical Community and Emergency Facilities","Asset_Relevancy":"Locally Significant","Asset_ID":"CF_PT_299","Municipality":"St. Petersburg","Water_Management_District":"Southwest Florida Water Management District","Souce_Dataset_Entity":"FDEM","Souce_Dataset_Name":"Correctional Facilities - FDEM","Source_Asset_ID":null,"Restricted_Public_Disclosure":null,"Notes":null,"Regional_Planning_Council":"Tampa Bay","FDEP_Regulatory_District":"Southwest District","RCP_Region":"Southwest","FDOT_District":7,"House_District_Number":62,"Senate_District_Number":16,"CTF_RL_2020":"Not Affected","CTF_RL_2040_IL":"Not Affected","CTF_RL_2040_INT":"Not Affected","CTF_RL_2070_IL":"Not Affected","CTF_RL_2070_INT":"Not Affected","SSF_RL_100YR_CURR":"Not Affected","SSF_RL_100YR_2040_IL":"Not Affected","SSF_RL_100YR_2040_INT":"Not Affected","SSF_RL_100YR_2070_IL":"Not Affected","SSF_RL_100YR_2070_INT":"Not Affected","SSF_RL_500YR_CURR":"Not Affected","SSF_RL_500YR_2040_IL":"Not Affected","SSF_RL_500YR_2040_INT":"Not Affected","SSF_RL_500YR_2070_IL":"Not Affected","SSF_RL_500YR_2070_INT":"Not Affected","RIF_RL_100YR_2020":"Not Affected","RIF_RL_100YR_2040":"Not Affected","RIF_RL_100YR_2070":"Not Affected","RIF_RL_500YR_2020":"Low","RIF_RL_500YR_2040":"Low","RIF_RL_500YR_2070":"Low"}},{"type":"Feature","id":300,"geometry":{"type":"Point","coordinates":[-82.7866930876204,27.8902156911538]},"properties":{"OBJECTID_1":300,"OBJECTID":300,"Name":"FLORDIA YOUTH ACADEMY","Address":"12891 SEMINOLE BLVD","City":"LARGO","Zip":"33773","COUNTY":"Pinellas","X":-82.78669309,"Y":27.89021569,"LONGLAT":"-82.78669309,27.89021569","USNG":"17R LL 24133 86324","OWNERSHIP":"STATE","PARCELID":"15 30 10 00000 130 0300","FACILITY_T":"JUVENILE CORRECTIONAL INSTITUTION","Asset_Elevation":null,"Owned_Maintained":"STATE","Asset":"JUVENILE CORRECTIONAL INSTITUTION","Asset_Sub_Type":null,"Asset_Type":"Correctional Facilities","Asset_Group":"Critical Community and Emergency Facilities","Asset_Relevancy":"Locally Significant","Asset_ID":"CF_PT_300","Municipality":"Largo","Water_Management_District":"Southwest Florida Water Management District","Souce_Dataset_Entity":"FDEM","Souce_Dataset_Name":"Correctional Facilities - FDEM","Source_Asset_ID":null,"Restricted_Public_Disclosure":null,"Notes":null,"Regional_Planning_Council":"Tampa Bay","FDEP_Regulatory_District":"Southwest District","RCP_Region":"Southwest","FDOT_District":7,"House_District_Number":59,"Senate_District_Number":18,"CTF_RL_2020":"Not Affected","CTF_RL_2040_IL":"Not Affected","CTF_RL_2040_INT":"Not Affected","CTF_RL_2070_IL":"Not Affected","CTF_RL_2070_INT":"Not Affected","SSF_RL_100YR_CURR":"Not Affected","SSF_RL_100YR_2040_IL":"Not Affected","SSF_RL_100YR_2040_INT":"Not Affected","SSF_RL_100YR_2070_IL":"Not Affected","SSF_RL_100YR_2070_INT":"Not Affected","SSF_RL_500YR_CURR":"Not Affected","SSF_RL_500YR_2040_IL":"Not Affected","SSF_RL_500YR_2040_INT":"Not Affected","SSF_RL_500YR_2070_IL":"Not Affected","SSF_RL_500YR_2070_INT":"Not Affected","RIF_RL_100YR_2020":"Not Affected","RIF_RL_100YR_2040":"Not Affected","RIF_RL_100YR_2070":"Not Affected","RIF_RL_500YR_2020":"Not Affected","RIF_RL_500YR_2040":"Low","RIF_RL_500YR_2070":"Low"}},{"type":"Feature","id":301,"geometry":{"type":"Point","coordinates":[-81.8225120017372,27.8800375769366]},"properties":{"OBJECTID_1":301,"OBJECTID":301,"Name":"POLK HALFWAY HOUSE","Address":"2145 BOB PHILLIPS RD","City":"BARTOW","Zip":"33830","COUNTY":"Polk","X":-81.822512,"Y":27.88003758,"LONGLAT":"-81.82251200,27.88003758","USNG":"17R ML 19037 84185","OWNERSHIP":"STATE","PARCELID":"253009000000042020","FACILITY_T":"JUVENILE CORRECTIONAL INSTITUTION","Asset_Elevation":null,"Owned_Maintained":"STATE","Asset":"JUVENILE CORRECTIONAL INSTITUTION","Asset_Sub_Type":null,"Asset_Type":"Correctional Facilities","Asset_Group":"Critical Community and Emergency Facilities","Asset_Relevancy":"Locally Significant","Asset_ID":"CF_PT_301","Municipality":"Bartow","Water_Management_District":"Southwest Florida Water Management District","Souce_Dataset_Entity":"FDEM","Souce_Dataset_Name":"Correctional Facilities - FDEM","Source_Asset_ID":null,"Restricted_Public_Disclosure":null,"Notes":null,"Regional_Planning_Council":"Central Florida","FDEP_Regulatory_District":"Southwest District","RCP_Region":"Southwest","FDOT_District":1,"House_District_Number":49,"Senate_District_Number":27,"CTF_RL_2020":"Not Affected","CTF_RL_2040_IL":"Not Affected","CTF_RL_2040_INT":"Not Affected","CTF_RL_2070_IL":"Not Affected","CTF_RL_2070_INT":"Not Affected","SSF_RL_100YR_CURR":"Not Affected","SSF_RL_100YR_2040_IL":"Not Affected","SSF_RL_100YR_2040_INT":"Not Affected","SSF_RL_100YR_2070_IL":"Not Affected","SSF_RL_100YR_2070_INT":"Not Affected","SSF_RL_500YR_CURR":"Not Affected","SSF_RL_500YR_2040_IL":"Not Affected","SSF_RL_500YR_2040_INT":"Not Affected","SSF_RL_500YR_2070_IL":"Not Affected","SSF_RL_500YR_2070_INT":"Not Affected","RIF_RL_100YR_2020":"Not Affected","RIF_RL_100YR_2040":"Not Affected","RIF_RL_100YR_2070":"Not Affected","RIF_RL_500YR_2020":"Not Affected","RIF_RL_500YR_2040":"Not Affected","RIF_RL_500YR_2070":"Not Affected"}},{"type":"Feature","id":302,"geometry":{"type":"Point","coordinates":[-81.3692490386562,27.6650205159106]},"properties":{"OBJECTID_1":302,"OBJECTID":302,"Name":"FLORIDA DEPARTMENT OF JUVENILE JUSTICE CENTRAL REGION - AVON PARK YOUTH ACADEMY-DOD","Address":"242 SOUTH BLVD","City":"FROSTPROOF","Zip":"33843","COUNTY":"Polk","X":-81.36924904,"Y":27.66502052,"LONGLAT":"-81.36924904,27.66502052","USNG":"17R ML 63582 60150","OWNERSHIP":"STATE","PARCELID":"293225000000021030","FACILITY_T":"JUVENILE CORRECTIONAL INSTITUTION","Asset_Elevation":null,"Owned_Maintained":"STATE","Asset":"JUVENILE CORRECTIONAL INSTITUTION","Asset_Sub_Type":null,"Asset_Type":"Correctional Facilities","Asset_Group":"Critical Community and Emergency Facilities","Asset_Relevancy":"Locally Significant","Asset_ID":"CF_PT_302","Municipality":null,"Water_Management_District":"South Florida Water Management District","Souce_Dataset_Entity":"FDEM","Souce_Dataset_Name":"Correctional Facilities - FDEM","Source_Asset_ID":null,"Restricted_Public_Disclosure":null,"Notes":null,"Regional_Planning_Council":"Central Florida","FDEP_Regulatory_District":"Southwest District","RCP_Region":"Southwest","FDOT_District":1,"House_District_Number":48,"Senate_District_Number":27,"CTF_RL_2020":"Not Affected","CTF_RL_2040_IL":"Not Affected","CTF_RL_2040_INT":"Not Affected","CTF_RL_2070_IL":"Not Affected","CTF_RL_2070_INT":"Not Affected","SSF_RL_100YR_CURR":"Not Affected","SSF_RL_100YR_2040_IL":"Not Affected","SSF_RL_100YR_2040_INT":"Not Affected","SSF_RL_100YR_2070_IL":"Not Affected","SSF_RL_100YR_2070_INT":"Not Affected","SSF_RL_500YR_CURR":"Not Affected","SSF_RL_500YR_2040_IL":"Not Affected","SSF_RL_500YR_2040_INT":"Not Affected","SSF_RL_500YR_2070_IL":"Not Affected","SSF_RL_500YR_2070_INT":"Not Affected","RIF_RL_100YR_2020":"Not Affected","RIF_RL_100YR_2040":"Not Affected","RIF_RL_100YR_2070":"Not Affected","RIF_RL_500YR_2020":"Not Affected","RIF_RL_500YR_2040":"Not Affected","RIF_RL_500YR_2070":"Not Affected"}},{"type":"Feature","id":303,"geometry":{"type":"Point","coordinates":[-81.532292070017,27.7443079087988]},"properties":{"OBJECTID_1":303,"OBJECTID":303,"Name":"POLK COUNTY SHERIFFS OFFICE - FROSTPROOF","Address":"111 WEST 1ST STREET","City":"FROSTPROOF","Zip":"33843","COUNTY":"Polk","X":-81.53229207,"Y":27.74430791,"LONGLAT":"-81.53229207,27.74430791","USNG":"17R ML 47540 68992","OWNERSHIP":" ","PARCELID":"283132968600002010","FACILITY_T":"LOCAL CORRECTIONAL INSTITUTION","Asset_Elevation":null,"Owned_Maintained":" ","Asset":"LOCAL CORRECTIONAL INSTITUTION","Asset_Sub_Type":null,"Asset_Type":"Correctional Facilities","Asset_Group":"Critical Community and Emergency Facilities","Asset_Relevancy":"Locally Significant","Asset_ID":"CF_PT_303","Municipality":"Frostproof","Water_Management_District":"Southwest Florida Water Management District","Souce_Dataset_Entity":"FDEM","Souce_Dataset_Name":"Correctional Facilities - FDEM","Source_Asset_ID":null,"Restricted_Public_Disclosure":null,"Notes":null,"Regional_Planning_Council":"Central Florida","FDEP_Regulatory_District":"Southwest District","RCP_Region":"Southwest","FDOT_District":1,"House_District_Number":48,"Senate_District_Number":27,"CTF_RL_2020":"Not Affected","CTF_RL_2040_IL":"Not Affected","CTF_RL_2040_INT":"Not Affected","CTF_RL_2070_IL":"Not Affected","CTF_RL_2070_INT":"Not Affected","SSF_RL_100YR_CURR":"Not Affected","SSF_RL_100YR_2040_IL":"Not Affected","SSF_RL_100YR_2040_INT":"Not Affected","SSF_RL_100YR_2070_IL":"Not Affected","SSF_RL_100YR_2070_INT":"Not Affected","SSF_RL_500YR_CURR":"Not Affected","SSF_RL_500YR_2040_IL":"Not Affected","SSF_RL_500YR_2040_INT":"Not Affected","SSF_RL_500YR_2070_IL":"Not Affected","SSF_RL_500YR_2070_INT":"Not Affected","RIF_RL_100YR_2020":"Not Affected","RIF_RL_100YR_2040":"Not Affected","RIF_RL_100YR_2070":"Not Affected","RIF_RL_500YR_2020":"Not Affected","RIF_RL_500YR_2040":"Not Affected","RIF_RL_500YR_2070":"Not Affected"}},{"type":"Feature","id":304,"geometry":{"type":"Point","coordinates":[-81.3605991818143,27.6617346635115]},"properties":{"OBJECTID_1":304,"OBJECTID":304,"Name":"AVON PARK CORRECTIONAL INSTITUTION","Address":"COUNTY ROAD 64 E","City":"FROSTPROOF","Zip":"33843","COUNTY":"Polk","X":-81.36059918,"Y":27.66173466,"LONGLAT":"-81.36059918,27.66173466","USNG":"17R ML 64434 59783","OWNERSHIP":" ","PARCELID":"303230000000013010","FACILITY_T":"LOCAL CORRECTIONAL INSTITUTION","Asset_Elevation":null,"Owned_Maintained":" ","Asset":"LOCAL CORRECTIONAL INSTITUTION","Asset_Sub_Type":null,"Asset_Type":"Correctional Facilities","Asset_Group":"Critical Community and Emergency Facilities","Asset_Relevancy":"Locally Significant","Asset_ID":"CF_PT_304","Municipality":null,"Water_Management_District":"South Florida Water Management District","Souce_Dataset_Entity":"FDEM","Souce_Dataset_Name":"Correctional Facilities - FDEM","Source_Asset_ID":null,"Restricted_Public_Disclosure":null,"Notes":null,"Regional_Planning_Council":"Central Florida","FDEP_Regulatory_District":"Southwest District","RCP_Region":"Southwest","FDOT_District":1,"House_District_Number":48,"Senate_District_Number":27,"CTF_RL_2020":"Not Affected","CTF_RL_2040_IL":"Not Affected","CTF_RL_2040_INT":"Not Affected","CTF_RL_2070_IL":"Not Affected","CTF_RL_2070_INT":"Not Affected","SSF_RL_100YR_CURR":"Not Affected","SSF_RL_100YR_2040_IL":"Not Affected","SSF_RL_100YR_2040_INT":"Not Affected","SSF_RL_100YR_2070_IL":"Not Affected","SSF_RL_100YR_2070_INT":"Not Affected","SSF_RL_500YR_CURR":"Not Affected","SSF_RL_500YR_2040_IL":"Not Affected","SSF_RL_500YR_2040_INT":"Not Affected","SSF_RL_500YR_2070_IL":"Not Affected","SSF_RL_500YR_2070_INT":"Not Affected","RIF_RL_100YR_2020":"Not Affected","RIF_RL_100YR_2040":"Not Affected","RIF_RL_100YR_2070":"Not Affected","RIF_RL_500YR_2020":"Not Affected","RIF_RL_500YR_2040":"Not Affected","RIF_RL_500YR_2070":"Not Affected"}},{"type":"Feature","id":305,"geometry":{"type":"Point","coordinates":[-81.7878263371866,28.198232198126]},"properties":{"OBJECTID_1":305,"OBJECTID":305,"Name":"POLK JUVENILE CORRECTIONAL FACILITY","Address":"10980 DEMILLEY RD","City":"POLK CITY","Zip":"33868","COUNTY":"Polk","X":-81.78782634,"Y":28.1982322,"LONGLAT":"-81.78782634,28.19823220","USNG":"17R MM 22679 19413","OWNERSHIP":"COUNTY","PARCELID":"252626000000033020","FACILITY_T":"JUVENILE CORRECTIONAL INSTITUTION","Asset_Elevation":null,"Owned_Maintained":"COUNTY","Asset":"JUVENILE CORRECTIONAL INSTITUTION","Asset_Sub_Type":null,"Asset_Type":"Correctional Facilities","Asset_Group":"Critical Community and Emergency Facilities","Asset_Relevancy":"Locally Significant","Asset_ID":"CF_PT_305","Municipality":null,"Water_Management_District":"Southwest Florida Water Management District","Souce_Dataset_Entity":"FDEM","Souce_Dataset_Name":"Correctional Facilities - FDEM","Source_Asset_ID":null,"Restricted_Public_Disclosure":null,"Notes":null,"Regional_Planning_Council":"Central Florida","FDEP_Regulatory_District":"Southwest District","RCP_Region":"Southwest","FDOT_District":1,"House_District_Number":51,"Senate_District_Number":12,"CTF_RL_2020":"Not Affected","CTF_RL_2040_IL":"Not Affected","CTF_RL_2040_INT":"Not Affected","CTF_RL_2070_IL":"Not Affected","CTF_RL_2070_INT":"Not Affected","SSF_RL_100YR_CURR":"Not Affected","SSF_RL_100YR_2040_IL":"Not Affected","SSF_RL_100YR_2040_INT":"Not Affected","SSF_RL_100YR_2070_IL":"Not Affected","SSF_RL_100YR_2070_INT":"Not Affected","SSF_RL_500YR_CURR":"Not Affected","SSF_RL_500YR_2040_IL":"Not Affected","SSF_RL_500YR_2040_INT":"Not Affected","SSF_RL_500YR_2070_IL":"Not Affected","SSF_RL_500YR_2070_INT":"Not Affected","RIF_RL_100YR_2020":"Not Affected","RIF_RL_100YR_2040":"Not Affected","RIF_RL_100YR_2070":"Not Affected","RIF_RL_500YR_2020":"Not Affected","RIF_RL_500YR_2040":"Not Affected","RIF_RL_500YR_2070":"Not Affected"}},{"type":"Feature","id":306,"geometry":{"type":"Point","coordinates":[-81.8214964922913,27.8799427792082]},"properties":{"OBJECTID_1":306,"OBJECTID":306,"Name":"POLK REGIONAL JUVENILE DETENTION CENTER","Address":"2155 BOB PHILLIPS RD","City":"BARTOW","Zip":"33830","COUNTY":"Polk","X":-81.82149649,"Y":27.87994278,"LONGLAT":"-81.82149649,27.87994278","USNG":"17R ML 19137 84174","OWNERSHIP":"COUNTY","PARCELID":"253009000000042010","FACILITY_T":"JUVENILE CORRECTIONAL INSTITUTION","Asset_Elevation":null,"Owned_Maintained":"COUNTY","Asset":"JUVENILE CORRECTIONAL INSTITUTION","Asset_Sub_Type":null,"Asset_Type":"Correctional Facilities","Asset_Group":"Critical Community and Emergency Facilities","Asset_Relevancy":"Locally Significant","Asset_ID":"CF_PT_306","Municipality":"Bartow","Water_Management_District":"Southwest Florida Water Management District","Souce_Dataset_Entity":"FDEM","Souce_Dataset_Name":"Correctional Facilities - FDEM","Source_Asset_ID":null,"Restricted_Public_Disclosure":null,"Notes":null,"Regional_Planning_Council":"Central Florida","FDEP_Regulatory_District":"Southwest District","RCP_Region":"Southwest","FDOT_District":1,"House_District_Number":49,"Senate_District_Number":27,"CTF_RL_2020":"Not Affected","CTF_RL_2040_IL":"Not Affected","CTF_RL_2040_INT":"Not Affected","CTF_RL_2070_IL":"Not Affected","CTF_RL_2070_INT":"Not Affected","SSF_RL_100YR_CURR":"Not Affected","SSF_RL_100YR_2040_IL":"Not Affected","SSF_RL_100YR_2040_INT":"Not Affected","SSF_RL_100YR_2070_IL":"Not Affected","SSF_RL_100YR_2070_INT":"Not Affected","SSF_RL_500YR_CURR":"Not Affected","SSF_RL_500YR_2040_IL":"Not Affected","SSF_RL_500YR_2040_INT":"Not Affected","SSF_RL_500YR_2070_IL":"Not Affected","SSF_RL_500YR_2070_INT":"Not Affected","RIF_RL_100YR_2020":"Not Affected","RIF_RL_100YR_2040":"Not Affected","RIF_RL_100YR_2070":"Not Affected","RIF_RL_500YR_2020":"Not Affected","RIF_RL_500YR_2040":"Not Affected","RIF_RL_500YR_2070":"Not Affected"}},{"type":"Feature","id":307,"geometry":{"type":"Point","coordinates":[-81.7881103020593,28.1956748618819]},"properties":{"OBJECTID_1":307,"OBJECTID":307,"Name":"POLK WORK CAMP","Address":"10800 EVANS RD","City":"POLK CITY","Zip":"33868","COUNTY":"Polk","X":-81.7881103,"Y":28.19567486,"LONGLAT":"-81.78811030,28.19567486","USNG":"17R MM 22650 19129","OWNERSHIP":"STATE OF FLORIDA TIITF","PARCELID":"252626000000034010","FACILITY_T":"LOCAL CORRECTIONAL INSTITUTION","Asset_Elevation":null,"Owned_Maintained":"STATE OF FLORIDA TIITF","Asset":"LOCAL CORRECTIONAL INSTITUTION","Asset_Sub_Type":null,"Asset_Type":"Correctional Facilities","Asset_Group":"Critical Community and Emergency Facilities","Asset_Relevancy":"Locally Significant","Asset_ID":"CF_PT_307","Municipality":null,"Water_Management_District":"Southwest Florida Water Management District","Souce_Dataset_Entity":"FDEM","Souce_Dataset_Name":"Correctional Facilities - FDEM","Source_Asset_ID":null,"Restricted_Public_Disclosure":null,"Notes":null,"Regional_Planning_Council":"Central Florida","FDEP_Regulatory_District":"Southwest District","RCP_Region":"Southwest","FDOT_District":1,"House_District_Number":51,"Senate_District_Number":12,"CTF_RL_2020":"Not Affected","CTF_RL_2040_IL":"Not Affected","CTF_RL_2040_INT":"Not Affected","CTF_RL_2070_IL":"Not Affected","CTF_RL_2070_INT":"Not Affected","SSF_RL_100YR_CURR":"Not Affected","SSF_RL_100YR_2040_IL":"Not Affected","SSF_RL_100YR_2040_INT":"Not Affected","SSF_RL_100YR_2070_IL":"Not Affected","SSF_RL_100YR_2070_INT":"Not Affected","SSF_RL_500YR_CURR":"Not Affected","SSF_RL_500YR_2040_IL":"Not Affected","SSF_RL_500YR_2040_INT":"Not Affected","SSF_RL_500YR_2070_IL":"Not Affected","SSF_RL_500YR_2070_INT":"Not Affected","RIF_RL_100YR_2020":"Not Affected","RIF_RL_100YR_2040":"Not Affected","RIF_RL_100YR_2070":"Not Affected","RIF_RL_500YR_2020":"Not Affected","RIF_RL_500YR_2040":"Not Affected","RIF_RL_500YR_2070":"Not Affected"}},{"type":"Feature","id":308,"geometry":{"type":"Point","coordinates":[-81.8196269899749,27.8830316083088]},"properties":{"OBJECTID_1":308,"OBJECTID":308,"Name":"POLK COUNTY JAIL/SHERIFF DEPT","Address":"2390 BOB PHILLIPS RD","City":"BARTOW","Zip":"33830","COUNTY":"Polk","X":-81.81962699,"Y":27.88303161,"LONGLAT":"-81.81962699,27.88303161","USNG":"17R ML 19323 84515","OWNERSHIP":"COUNTY","PARCELID":"253009000000024010","FACILITY_T":"LOCAL CORRECTIONAL INSTITUTION","Asset_Elevation":null,"Owned_Maintained":"COUNTY","Asset":"LOCAL CORRECTIONAL INSTITUTION","Asset_Sub_Type":null,"Asset_Type":"Correctional Facilities","Asset_Group":"Critical Community and Emergency Facilities","Asset_Relevancy":"Locally Significant","Asset_ID":"CF_PT_308","Municipality":"Bartow","Water_Management_District":"Southwest Florida Water Management District","Souce_Dataset_Entity":"FDEM","Souce_Dataset_Name":"Correctional Facilities - FDEM","Source_Asset_ID":null,"Restricted_Public_Disclosure":null,"Notes":null,"Regional_Planning_Council":"Central Florida","FDEP_Regulatory_District":"Southwest District","RCP_Region":"Southwest","FDOT_District":1,"House_District_Number":49,"Senate_District_Number":27,"CTF_RL_2020":"Not Affected","CTF_RL_2040_IL":"Not Affected","CTF_RL_2040_INT":"Not Affected","CTF_RL_2070_IL":"Not Affected","CTF_RL_2070_INT":"Not Affected","SSF_RL_100YR_CURR":"Not Affected","SSF_RL_100YR_2040_IL":"Not Affected","SSF_RL_100YR_2040_INT":"Not Affected","SSF_RL_100YR_2070_IL":"Not Affected","SSF_RL_100YR_2070_INT":"Not Affected","SSF_RL_500YR_CURR":"Not Affected","SSF_RL_500YR_2040_IL":"Not Affected","SSF_RL_500YR_2040_INT":"Not Affected","SSF_RL_500YR_2070_IL":"Not Affected","SSF_RL_500YR_2070_INT":"Not Affected","RIF_RL_100YR_2020":"Medium","RIF_RL_100YR_2040":"Medium","RIF_RL_100YR_2070":"Medium","RIF_RL_500YR_2020":"Medium","RIF_RL_500YR_2040":"Medium","RIF_RL_500YR_2070":"Medium"}},{"type":"Feature","id":309,"geometry":{"type":"Point","coordinates":[-81.3589035531916,27.6591388013583]},"properties":{"OBJECTID_1":309,"OBJECTID":309,"Name":"AVON PARK WORK CAMP","Address":"COUNTY ROAD 64 E","City":"FROSTPROOF","Zip":"33843","COUNTY":"Polk","X":-81.35890355,"Y":27.6591388,"LONGLAT":"-81.35890355,27.65913880","USNG":"17R ML 64601 59495","OWNERSHIP":" ","PARCELID":"303231000000011020","FACILITY_T":"LOCAL CORRECTIONAL INSTITUTION","Asset_Elevation":null,"Owned_Maintained":" ","Asset":"LOCAL CORRECTIONAL INSTITUTION","Asset_Sub_Type":null,"Asset_Type":"Correctional Facilities","Asset_Group":"Critical Community and Emergency Facilities","Asset_Relevancy":"Locally Significant","Asset_ID":"CF_PT_309","Municipality":null,"Water_Management_District":"South Florida Water Management District","Souce_Dataset_Entity":"FDEM","Souce_Dataset_Name":"Correctional Facilities - FDEM","Source_Asset_ID":null,"Restricted_Public_Disclosure":null,"Notes":null,"Regional_Planning_Council":"Central Florida","FDEP_Regulatory_District":"Southwest District","RCP_Region":"Southwest","FDOT_District":1,"House_District_Number":48,"Senate_District_Number":27,"CTF_RL_2020":"Not Affected","CTF_RL_2040_IL":"Not Affected","CTF_RL_2040_INT":"Not Affected","CTF_RL_2070_IL":"Not Affected","CTF_RL_2070_INT":"Not Affected","SSF_RL_100YR_CURR":"Not Affected","SSF_RL_100YR_2040_IL":"Not Affected","SSF_RL_100YR_2040_INT":"Not Affected","SSF_RL_100YR_2070_IL":"Not Affected","SSF_RL_100YR_2070_INT":"Not Affected","SSF_RL_500YR_CURR":"Not Affected","SSF_RL_500YR_2040_IL":"Not Affected","SSF_RL_500YR_2040_INT":"Not Affected","SSF_RL_500YR_2070_IL":"Not Affected","SSF_RL_500YR_2070_INT":"Not Affected","RIF_RL_100YR_2020":"Not Affected","RIF_RL_100YR_2040":"Not Affected","RIF_RL_100YR_2070":"Not Affected","RIF_RL_500YR_2020":"Not Affected","RIF_RL_500YR_2040":"Not Affected","RIF_RL_500YR_2070":"Not Affected"}},{"type":"Feature","id":310,"geometry":{"type":"Point","coordinates":[-81.8217667084564,27.9020599903848]},"properties":{"OBJECTID_1":310,"OBJECTID":310,"Name":"BARTOW WORK RELEASE CENTER","Address":"550 N RESTWOOD AVE","City":"BARTOW","Zip":"33830","COUNTY":"Polk","X":-81.82176671,"Y":27.90205999,"LONGLAT":"-81.82176671,27.90205999","USNG":"17R ML 19127 86624","OWNERSHIP":"STATE OF FLORIDA TIITF","PARCELID":"253004000000032010","FACILITY_T":"LOCAL CORRECTIONAL INSTITUTION","Asset_Elevation":null,"Owned_Maintained":"STATE OF FLORIDA TIITF","Asset":"LOCAL CORRECTIONAL INSTITUTION","Asset_Sub_Type":null,"Asset_Type":"Correctional Facilities","Asset_Group":"Critical Community and Emergency Facilities","Asset_Relevancy":"Locally Significant","Asset_ID":"CF_PT_310","Municipality":"Bartow","Water_Management_District":"Southwest Florida Water Management District","Souce_Dataset_Entity":"FDEM","Souce_Dataset_Name":"Correctional Facilities - FDEM","Source_Asset_ID":null,"Restricted_Public_Disclosure":null,"Notes":null,"Regional_Planning_Council":"Central Florida","FDEP_Regulatory_District":"Southwest District","RCP_Region":"Southwest","FDOT_District":1,"House_District_Number":49,"Senate_District_Number":27,"CTF_RL_2020":"Not Affected","CTF_RL_2040_IL":"Not Affected","CTF_RL_2040_INT":"Not Affected","CTF_RL_2070_IL":"Not Affected","CTF_RL_2070_INT":"Not Affected","SSF_RL_100YR_CURR":"Not Affected","SSF_RL_100YR_2040_IL":"Not Affected","SSF_RL_100YR_2040_INT":"Not Affected","SSF_RL_100YR_2070_IL":"Not Affected","SSF_RL_100YR_2070_INT":"Not Affected","SSF_RL_500YR_CURR":"Not Affected","SSF_RL_500YR_2040_IL":"Not Affected","SSF_RL_500YR_2040_INT":"Not Affected","SSF_RL_500YR_2070_IL":"Not Affected","SSF_RL_500YR_2070_INT":"Not Affected","RIF_RL_100YR_2020":"Not Affected","RIF_RL_100YR_2040":"Not Affected","RIF_RL_100YR_2070":"Not Affected","RIF_RL_500YR_2020":"Not Affected","RIF_RL_500YR_2040":"Not Affected","RIF_RL_500YR_2070":"Not Affected"}},{"type":"Feature","id":311,"geometry":{"type":"Point","coordinates":[-81.7866859128467,28.1921948417637]},"properties":{"OBJECTID_1":311,"OBJECTID":311,"Name":"POLK CORRECTIONAL INSTITUTE","Address":"10800 EVANS RD","City":"POLK CITY","Zip":"33868","COUNTY":"Polk","X":-81.78668591,"Y":28.19219484,"LONGLAT":"-81.78668591,28.19219484","USNG":"17R MM 22787 18743","OWNERSHIP":"STATE OF FLORIDA TIITF","PARCELID":"252626000000034010","FACILITY_T":"LOCAL CORRECTIONAL INSTITUTION","Asset_Elevation":null,"Owned_Maintained":"STATE OF FLORIDA TIITF","Asset":"LOCAL CORRECTIONAL INSTITUTION","Asset_Sub_Type":null,"Asset_Type":"Correctional Facilities","Asset_Group":"Critical Community and Emergency Facilities","Asset_Relevancy":"Locally Significant","Asset_ID":"CF_PT_311","Municipality":null,"Water_Management_District":"Southwest Florida Water Management District","Souce_Dataset_Entity":"FDEM","Souce_Dataset_Name":"Correctional Facilities - FDEM","Source_Asset_ID":null,"Restricted_Public_Disclosure":null,"Notes":null,"Regional_Planning_Council":"Central Florida","FDEP_Regulatory_District":"Southwest District","RCP_Region":"Southwest","FDOT_District":1,"House_District_Number":51,"Senate_District_Number":12,"CTF_RL_2020":"Not Affected","CTF_RL_2040_IL":"Not Affected","CTF_RL_2040_INT":"Not Affected","CTF_RL_2070_IL":"Not Affected","CTF_RL_2070_INT":"Not Affected","SSF_RL_100YR_CURR":"Not Affected","SSF_RL_100YR_2040_IL":"Not Affected","SSF_RL_100YR_2040_INT":"Not Affected","SSF_RL_100YR_2070_IL":"Not Affected","SSF_RL_100YR_2070_INT":"Not Affected","SSF_RL_500YR_CURR":"Not Affected","SSF_RL_500YR_2040_IL":"Not Affected","SSF_RL_500YR_2040_INT":"Not Affected","SSF_RL_500YR_2070_IL":"Not Affected","SSF_RL_500YR_2070_INT":"Not Affected","RIF_RL_100YR_2020":"Not Affected","RIF_RL_100YR_2040":"Not Affected","RIF_RL_100YR_2070":"Not Affected","RIF_RL_500YR_2020":"Not Affected","RIF_RL_500YR_2040":"Not Affected","RIF_RL_500YR_2070":"Not Affected"}},{"type":"Feature","id":312,"geometry":{"type":"Point","coordinates":[-81.5932343993138,27.7313115207374]},"properties":{"OBJECTID_1":312,"OBJECTID":312,"Name":"POLK COUNTY SOUTH JAIL","Address":"1103 US HWY 98 W","City":"FROSTPROOF","Zip":"33843","COUNTY":"Polk","X":-81.5932344,"Y":27.73131152,"LONGLAT":"-81.59323440,27.73131152","USNG":"17R ML 41527 67579","OWNERSHIP":" ","PARCELID":"273202000000031010","FACILITY_T":"LOCAL CORRECTIONAL INSTITUTION","Asset_Elevation":null,"Owned_Maintained":" ","Asset":"LOCAL CORRECTIONAL INSTITUTION","Asset_Sub_Type":null,"Asset_Type":"Correctional Facilities","Asset_Group":"Critical Community and Emergency Facilities","Asset_Relevancy":"Locally Significant","Asset_ID":"CF_PT_312","Municipality":null,"Water_Management_District":"Southwest Florida Water Management District","Souce_Dataset_Entity":"FDEM","Souce_Dataset_Name":"Correctional Facilities - FDEM","Source_Asset_ID":null,"Restricted_Public_Disclosure":null,"Notes":null,"Regional_Planning_Council":"Central Florida","FDEP_Regulatory_District":"Southwest District","RCP_Region":"Southwest","FDOT_District":1,"House_District_Number":49,"Senate_District_Number":27,"CTF_RL_2020":"Not Affected","CTF_RL_2040_IL":"Not Affected","CTF_RL_2040_INT":"Not Affected","CTF_RL_2070_IL":"Not Affected","CTF_RL_2070_INT":"Not Affected","SSF_RL_100YR_CURR":"Not Affected","SSF_RL_100YR_2040_IL":"Not Affected","SSF_RL_100YR_2040_INT":"Not Affected","SSF_RL_100YR_2070_IL":"Not Affected","SSF_RL_100YR_2070_INT":"Not Affected","SSF_RL_500YR_CURR":"Not Affected","SSF_RL_500YR_2040_IL":"Not Affected","SSF_RL_500YR_2040_INT":"Not Affected","SSF_RL_500YR_2070_IL":"Not Affected","SSF_RL_500YR_2070_INT":"Not Affected","RIF_RL_100YR_2020":"Not Affected","RIF_RL_100YR_2040":"Not Affected","RIF_RL_100YR_2070":"Not Affected","RIF_RL_500YR_2020":"Not Affected","RIF_RL_500YR_2040":"Not Affected","RIF_RL_500YR_2070":"Not Affected"}},{"type":"Feature","id":313,"geometry":{"type":"Point","coordinates":[-81.8198098196246,27.8803414217227]},"properties":{"OBJECTID_1":313,"OBJECTID":313,"Name":"POLK CO SHERIFF DEPT BOOT CAMP","Address":"2325 BOB PHILLIPS RD","City":"BARTOW","Zip":"33830","COUNTY":"Polk","X":-81.81980982,"Y":27.88034142,"LONGLAT":"-81.81980982,27.88034142","USNG":"17R ML 19303 84217","OWNERSHIP":"COUNTY","PARCELID":"253009000000024010","FACILITY_T":"LOCAL CORRECTIONAL INSTITUTION","Asset_Elevation":null,"Owned_Maintained":"COUNTY","Asset":"LOCAL CORRECTIONAL INSTITUTION","Asset_Sub_Type":null,"Asset_Type":"Correctional Facilities","Asset_Group":"Critical Community and Emergency Facilities","Asset_Relevancy":"Locally Significant","Asset_ID":"CF_PT_313","Municipality":"Bartow","Water_Management_District":"Southwest Florida Water Management District","Souce_Dataset_Entity":"FDEM","Souce_Dataset_Name":"Correctional Facilities - FDEM","Source_Asset_ID":null,"Restricted_Public_Disclosure":null,"Notes":null,"Regional_Planning_Council":"Central Florida","FDEP_Regulatory_District":"Southwest District","RCP_Region":"Southwest","FDOT_District":1,"House_District_Number":49,"Senate_District_Number":27,"CTF_RL_2020":"Not Affected","CTF_RL_2040_IL":"Not Affected","CTF_RL_2040_INT":"Not Affected","CTF_RL_2070_IL":"Not Affected","CTF_RL_2070_INT":"Not Affected","SSF_RL_100YR_CURR":"Not Affected","SSF_RL_100YR_2040_IL":"Not Affected","SSF_RL_100YR_2040_INT":"Not Affected","SSF_RL_100YR_2070_IL":"Not Affected","SSF_RL_100YR_2070_INT":"Not Affected","SSF_RL_500YR_CURR":"Not Affected","SSF_RL_500YR_2040_IL":"Not Affected","SSF_RL_500YR_2040_INT":"Not Affected","SSF_RL_500YR_2070_IL":"Not Affected","SSF_RL_500YR_2070_INT":"Not Affected","RIF_RL_100YR_2020":"Not Affected","RIF_RL_100YR_2040":"Not Affected","RIF_RL_100YR_2070":"Not Affected","RIF_RL_500YR_2020":"Not Affected","RIF_RL_500YR_2040":"Not Affected","RIF_RL_500YR_2070":"Not Affected"}},{"type":"Feature","id":314,"geometry":{"type":"Point","coordinates":[-81.6619842954719,29.6690712621156]},"properties":{"OBJECTID_1":314,"OBJECTID":314,"Name":"PUTNAM COUNTY JAIL","Address":"130 ORIE GRIFFIN BLVD","City":"PALATKA","Zip":"32177","COUNTY":"Putnam","X":-81.6619843,"Y":29.66907126,"LONGLAT":"-81.66198430,29.66907126","USNG":"17R MN 35941 82299","OWNERSHIP":"COUNTY","PARCELID":"37-09-26-0000-0070-0000","FACILITY_T":"LOCAL CORRECTIONAL INSTITUTION","Asset_Elevation":null,"Owned_Maintained":"COUNTY","Asset":"LOCAL CORRECTIONAL INSTITUTION","Asset_Sub_Type":null,"Asset_Type":"Correctional Facilities","Asset_Group":"Critical Community and Emergency Facilities","Asset_Relevancy":"Locally Significant","Asset_ID":"CF_PT_314","Municipality":"Palatka","Water_Management_District":"St. Johns River Water Management District","Souce_Dataset_Entity":"FDEM","Souce_Dataset_Name":"Correctional Facilities - FDEM","Source_Asset_ID":null,"Restricted_Public_Disclosure":null,"Notes":null,"Regional_Planning_Council":"Northeast Florida","FDEP_Regulatory_District":"Northeast District","RCP_Region":"Northeast","FDOT_District":2,"House_District_Number":20,"Senate_District_Number":7,"CTF_RL_2020":"Not Affected","CTF_RL_2040_IL":"Not Affected","CTF_RL_2040_INT":"Not Affected","CTF_RL_2070_IL":"Not Affected","CTF_RL_2070_INT":"Not Affected","SSF_RL_100YR_CURR":"Not Affected","SSF_RL_100YR_2040_IL":"Not Affected","SSF_RL_100YR_2040_INT":"Not Affected","SSF_RL_100YR_2070_IL":"Not Affected","SSF_RL_100YR_2070_INT":"Not Affected","SSF_RL_500YR_CURR":"Not Affected","SSF_RL_500YR_2040_IL":"Not Affected","SSF_RL_500YR_2040_INT":"Not Affected","SSF_RL_500YR_2070_IL":"Not Affected","SSF_RL_500YR_2070_INT":"Not Affected","RIF_RL_100YR_2020":"Not Affected","RIF_RL_100YR_2040":"Not Affected","RIF_RL_100YR_2070":"Not Affected","RIF_RL_500YR_2020":"Not Affected","RIF_RL_500YR_2040":"Not Affected","RIF_RL_500YR_2070":"Not Affected"}},{"type":"Feature","id":315,"geometry":{"type":"Point","coordinates":[-81.5879574824065,29.6460838452556]},"properties":{"OBJECTID_1":315,"OBJECTID":315,"Name":"PUTNAM CORRECTIONAL INSTITUTION","Address":"126 YELVINGTON RD","City":"EAST PALATKA","Zip":"32131","COUNTY":"Putnam","X":-81.58795748,"Y":29.64608385,"LONGLAT":"-81.58795748,29.64608385","USNG":"17R MN 43092 79714","OWNERSHIP":"STATE","PARCELID":"39-10-27-0000-0640-0000","FACILITY_T":"LOCAL CORRECTIONAL INSTITUTION","Asset_Elevation":null,"Owned_Maintained":"STATE","Asset":"LOCAL CORRECTIONAL INSTITUTION","Asset_Sub_Type":null,"Asset_Type":"Correctional Facilities","Asset_Group":"Critical Community and Emergency Facilities","Asset_Relevancy":"Locally Significant","Asset_ID":"CF_PT_315","Municipality":null,"Water_Management_District":"St. Johns River Water Management District","Souce_Dataset_Entity":"FDEM","Souce_Dataset_Name":"Correctional Facilities - FDEM","Source_Asset_ID":null,"Restricted_Public_Disclosure":null,"Notes":null,"Regional_Planning_Council":"Northeast Florida","FDEP_Regulatory_District":"Northeast District","RCP_Region":"Northeast","FDOT_District":2,"House_District_Number":20,"Senate_District_Number":7,"CTF_RL_2020":"Not Affected","CTF_RL_2040_IL":"Not Affected","CTF_RL_2040_INT":"Not Affected","CTF_RL_2070_IL":"Not Affected","CTF_RL_2070_INT":"Not Affected","SSF_RL_100YR_CURR":"Not Affected","SSF_RL_100YR_2040_IL":"Not Affected","SSF_RL_100YR_2040_INT":"Not Affected","SSF_RL_100YR_2070_IL":"Not Affected","SSF_RL_100YR_2070_INT":"Not Affected","SSF_RL_500YR_CURR":"Not Affected","SSF_RL_500YR_2040_IL":"Not Affected","SSF_RL_500YR_2040_INT":"Not Affected","SSF_RL_500YR_2070_IL":"Not Affected","SSF_RL_500YR_2070_INT":"Not Affected","RIF_RL_100YR_2020":"Not Affected","RIF_RL_100YR_2040":"Not Affected","RIF_RL_100YR_2070":"Not Affected","RIF_RL_500YR_2020":"Not Affected","RIF_RL_500YR_2040":"Not Affected","RIF_RL_500YR_2070":"Not Affected"}},{"type":"Feature","id":316,"geometry":{"type":"Point","coordinates":[-81.4896188301443,29.7223928664919]},"properties":{"OBJECTID_1":316,"OBJECTID":316,"Name":"HASTINGS JUVENILE CENTER/YOUTH ACADEMY","Address":"765 E ST JOHNS AVE","City":"ELKTON","Zip":"32033","COUNTY":"St. Johns","X":-81.48961883,"Y":29.72239287,"LONGLAT":"-81.48961883,29.72239287","USNG":"17R MN 52646 88125","OWNERSHIP":"COUNTY","PARCELID":"0384800050","FACILITY_T":"JUVENILE CORRECTIONAL INSTITUTION","Asset_Elevation":null,"Owned_Maintained":"COUNTY","Asset":"JUVENILE CORRECTIONAL INSTITUTION","Asset_Sub_Type":null,"Asset_Type":"Correctional Facilities","Asset_Group":"Critical Community and Emergency Facilities","Asset_Relevancy":"Locally Significant","Asset_ID":"CF_PT_316","Municipality":null,"Water_Management_District":"St. Johns River Water Management District","Souce_Dataset_Entity":"FDEM","Souce_Dataset_Name":"Correctional Facilities - FDEM","Source_Asset_ID":null,"Restricted_Public_Disclosure":null,"Notes":null,"Regional_Planning_Council":"Northeast Florida","FDEP_Regulatory_District":"Northeast District","RCP_Region":"Northeast","FDOT_District":2,"House_District_Number":20,"Senate_District_Number":7,"CTF_RL_2020":"Not Affected","CTF_RL_2040_IL":"Not Affected","CTF_RL_2040_INT":"Not Affected","CTF_RL_2070_IL":"Not Affected","CTF_RL_2070_INT":"Not Affected","SSF_RL_100YR_CURR":"Not Affected","SSF_RL_100YR_2040_IL":"Not Affected","SSF_RL_100YR_2040_INT":"Not Affected","SSF_RL_100YR_2070_IL":"Not Affected","SSF_RL_100YR_2070_INT":"Not Affected","SSF_RL_500YR_CURR":"Not Affected","SSF_RL_500YR_2040_IL":"Not Affected","SSF_RL_500YR_2040_INT":"Not Affected","SSF_RL_500YR_2070_IL":"Not Affected","SSF_RL_500YR_2070_INT":"Not Affected","RIF_RL_100YR_2020":"Medium","RIF_RL_100YR_2040":"Medium","RIF_RL_100YR_2070":"Medium","RIF_RL_500YR_2020":"High","RIF_RL_500YR_2040":"High","RIF_RL_500YR_2070":"High"}},{"type":"Feature","id":317,"geometry":{"type":"Point","coordinates":[-81.3379982013864,29.9404223659769]},"properties":{"OBJECTID_1":317,"OBJECTID":317,"Name":"ST JOHN'S COUNTY DETENTION CENTER","Address":"4015 LEWIS SPEEDWAY","City":"SAINT AUGUSTINE","Zip":"32095","COUNTY":"St. Johns","X":-81.3379982,"Y":29.94042237,"LONGLAT":"-81.33799820,29.94042237","USNG":"17R MP 67381 12231","OWNERSHIP":"COUNTY","PARCELID":"0734150000","FACILITY_T":"LOCAL CORRECTIONAL INSTITUTION","Asset_Elevation":null,"Owned_Maintained":"COUNTY","Asset":"LOCAL CORRECTIONAL INSTITUTION","Asset_Sub_Type":null,"Asset_Type":"Correctional Facilities","Asset_Group":"Critical Community and Emergency Facilities","Asset_Relevancy":"Locally Significant","Asset_ID":"CF_PT_317","Municipality":null,"Water_Management_District":"St. Johns River Water Management District","Souce_Dataset_Entity":"FDEM","Souce_Dataset_Name":"Correctional Facilities - FDEM","Source_Asset_ID":null,"Restricted_Public_Disclosure":null,"Notes":null,"Regional_Planning_Council":"Northeast Florida","FDEP_Regulatory_District":"Northeast District","RCP_Region":"Northeast","FDOT_District":2,"House_District_Number":18,"Senate_District_Number":7,"CTF_RL_2020":"Not Affected","CTF_RL_2040_IL":"Not Affected","CTF_RL_2040_INT":"Not Affected","CTF_RL_2070_IL":"Not Affected","CTF_RL_2070_INT":"Not Affected","SSF_RL_100YR_CURR":"Not Affected","SSF_RL_100YR_2040_IL":"Not Affected","SSF_RL_100YR_2040_INT":"Not Affected","SSF_RL_100YR_2070_IL":"Not Affected","SSF_RL_100YR_2070_INT":"Not Affected","SSF_RL_500YR_CURR":"Not Affected","SSF_RL_500YR_2040_IL":"Not Affected","SSF_RL_500YR_2040_INT":"Not Affected","SSF_RL_500YR_2070_IL":"Not Affected","SSF_RL_500YR_2070_INT":"Not Affected","RIF_RL_100YR_2020":"Not Affected","RIF_RL_100YR_2040":"Not Affected","RIF_RL_100YR_2070":"Not Affected","RIF_RL_500YR_2020":"Not Affected","RIF_RL_500YR_2040":"Not Affected","RIF_RL_500YR_2070":"Not Affected"}},{"type":"Feature","id":318,"geometry":{"type":"Point","coordinates":[-81.3394240884241,29.9420889297673]},"properties":{"OBJECTID_1":318,"OBJECTID":318,"Name":"ST JOHNS REGIONAL JUVENILE DETENTION CENTER","Address":"4500 AVENUE D","City":"SAINT AUGUSTINE","Zip":"32095","COUNTY":"St. Johns","X":-81.33942409,"Y":29.94208893,"LONGLAT":"-81.33942409,29.94208893","USNG":"17R MP 67244 12416","OWNERSHIP":"STATE","PARCELID":"0734000000","FACILITY_T":"JUVENILE CORRECTIONAL INSTITUTION","Asset_Elevation":null,"Owned_Maintained":"STATE","Asset":"JUVENILE CORRECTIONAL INSTITUTION","Asset_Sub_Type":null,"Asset_Type":"Correctional Facilities","Asset_Group":"Critical Community and Emergency Facilities","Asset_Relevancy":"Locally Significant","Asset_ID":"CF_PT_318","Municipality":null,"Water_Management_District":"St. Johns River Water Management District","Souce_Dataset_Entity":"FDEM","Souce_Dataset_Name":"Correctional Facilities - FDEM","Source_Asset_ID":null,"Restricted_Public_Disclosure":null,"Notes":null,"Regional_Planning_Council":"Northeast Florida","FDEP_Regulatory_District":"Northeast District","RCP_Region":"Northeast","FDOT_District":2,"House_District_Number":18,"Senate_District_Number":7,"CTF_RL_2020":"Not Affected","CTF_RL_2040_IL":"Not Affected","CTF_RL_2040_INT":"Not Affected","CTF_RL_2070_IL":"Not Affected","CTF_RL_2070_INT":"Not Affected","SSF_RL_100YR_CURR":"Not Affected","SSF_RL_100YR_2040_IL":"Not Affected","SSF_RL_100YR_2040_INT":"Not Affected","SSF_RL_100YR_2070_IL":"Not Affected","SSF_RL_100YR_2070_INT":"Not Affected","SSF_RL_500YR_CURR":"Not Affected","SSF_RL_500YR_2040_IL":"Not Affected","SSF_RL_500YR_2040_INT":"Not Affected","SSF_RL_500YR_2070_IL":"Not Affected","SSF_RL_500YR_2070_INT":"Not Affected","RIF_RL_100YR_2020":"Not Affected","RIF_RL_100YR_2040":"Not Affected","RIF_RL_100YR_2070":"Not Affected","RIF_RL_500YR_2020":"Not Affected","RIF_RL_500YR_2040":"Not Affected","RIF_RL_500YR_2070":"Not Affected"}},{"type":"Feature","id":319,"geometry":{"type":"Point","coordinates":[-80.3372767843425,27.3946764964902]},"properties":{"OBJECTID_1":319,"OBJECTID":319,"Name":"ST LUCIE REGIONAL JUVENILE DETENTION CENTER","Address":"1301 BELL AVE","City":"FORT PIERCE","Zip":"34982","COUNTY":"St. Lucie","X":-80.33727678,"Y":27.3946765,"LONGLAT":"-80.33727678,27.39467650","USNG":"17R NL 65521 30324","OWNERSHIP":"COUNTY","PARCELID":"2433-111-0001-000-4","FACILITY_T":"JUVENILE CORRECTIONAL INSTITUTION","Asset_Elevation":null,"Owned_Maintained":"COUNTY","Asset":"JUVENILE CORRECTIONAL INSTITUTION","Asset_Sub_Type":null,"Asset_Type":"Correctional Facilities","Asset_Group":"Critical Community and Emergency Facilities","Asset_Relevancy":"Locally Significant","Asset_ID":"CF_PT_319","Municipality":"Fort Pierce","Water_Management_District":"South Florida Water Management District","Souce_Dataset_Entity":"FDEM","Souce_Dataset_Name":"Correctional Facilities - FDEM","Source_Asset_ID":null,"Restricted_Public_Disclosure":null,"Notes":null,"Regional_Planning_Council":"Treasure Coast","FDEP_Regulatory_District":"Southeast District","RCP_Region":"Northeast","FDOT_District":4,"House_District_Number":84,"Senate_District_Number":29,"CTF_RL_2020":"Not Affected","CTF_RL_2040_IL":"Not Affected","CTF_RL_2040_INT":"Not Affected","CTF_RL_2070_IL":"Not Affected","CTF_RL_2070_INT":"Not Affected","SSF_RL_100YR_CURR":"Not Affected","SSF_RL_100YR_2040_IL":"Not Affected","SSF_RL_100YR_2040_INT":"Not Affected","SSF_RL_100YR_2070_IL":"Not Affected","SSF_RL_100YR_2070_INT":"Not Affected","SSF_RL_500YR_CURR":"Not Affected","SSF_RL_500YR_2040_IL":"Not Affected","SSF_RL_500YR_2040_INT":"Not Affected","SSF_RL_500YR_2070_IL":"Not Affected","SSF_RL_500YR_2070_INT":"Not Affected","RIF_RL_100YR_2020":"Medium","RIF_RL_100YR_2040":"Medium","RIF_RL_100YR_2070":"Medium","RIF_RL_500YR_2020":"Medium","RIF_RL_500YR_2040":"Medium","RIF_RL_500YR_2070":"Medium"}},{"type":"Feature","id":320,"geometry":{"type":"Point","coordinates":[-80.3430255241338,27.2756365375922]},"properties":{"OBJECTID_1":320,"OBJECTID":320,"Name":"PORT ST LUCIE JAIL","Address":"121 SW PORT ST LUCIE BLVD","City":"PORT SAINT LUCIE","Zip":"34984","COUNTY":"St. Lucie","X":-80.34302552,"Y":27.27563654,"LONGLAT":"-80.34302552,27.27563654","USNG":"17R NL 65023 17135","OWNERSHIP":"MUNICIPAL","PARCELID":"3420-585-0005-000-2","FACILITY_T":"LOCAL CORRECTIONAL INSTITUTION","Asset_Elevation":null,"Owned_Maintained":"MUNICIPAL","Asset":"LOCAL CORRECTIONAL INSTITUTION","Asset_Sub_Type":null,"Asset_Type":"Correctional Facilities","Asset_Group":"Critical Community and Emergency Facilities","Asset_Relevancy":"Locally Significant","Asset_ID":"CF_PT_320","Municipality":"Port St. Lucie","Water_Management_District":"South Florida Water Management District","Souce_Dataset_Entity":"FDEM","Souce_Dataset_Name":"Correctional Facilities - FDEM","Source_Asset_ID":null,"Restricted_Public_Disclosure":null,"Notes":null,"Regional_Planning_Council":"Treasure Coast","FDEP_Regulatory_District":"Southeast District","RCP_Region":"Northeast","FDOT_District":4,"House_District_Number":85,"Senate_District_Number":29,"CTF_RL_2020":"Not Affected","CTF_RL_2040_IL":"Not Affected","CTF_RL_2040_INT":"Not Affected","CTF_RL_2070_IL":"Not Affected","CTF_RL_2070_INT":"Not Affected","SSF_RL_100YR_CURR":"Not Affected","SSF_RL_100YR_2040_IL":"Not Affected","SSF_RL_100YR_2040_INT":"Not Affected","SSF_RL_100YR_2070_IL":"Not Affected","SSF_RL_100YR_2070_INT":"Not Affected","SSF_RL_500YR_CURR":"Not Affected","SSF_RL_500YR_2040_IL":"Not Affected","SSF_RL_500YR_2040_INT":"Not Affected","SSF_RL_500YR_2070_IL":"Not Affected","SSF_RL_500YR_2070_INT":"Not Affected","RIF_RL_100YR_2020":"Not Affected","RIF_RL_100YR_2040":"Not Affected","RIF_RL_100YR_2070":"Not Affected","RIF_RL_500YR_2020":"Not Affected","RIF_RL_500YR_2040":"Not Affected","RIF_RL_500YR_2070":"Not Affected"}},{"type":"Feature","id":321,"geometry":{"type":"Point","coordinates":[-80.4097945254001,27.4533668484599]},"properties":{"OBJECTID_1":321,"OBJECTID":321,"Name":"ST LUCIE COUNTY JAIL","Address":"900 N ROCK RD","City":"FORT PIERCE","Zip":"34945","COUNTY":"St. Lucie","X":-80.40979453,"Y":27.45336685,"LONGLAT":"-80.40979453,27.45336685","USNG":"17R NL 58321 36789","OWNERSHIP":"COUNTY","PARCELID":"2311-210-0000-000-6","FACILITY_T":"LOCAL CORRECTIONAL INSTITUTION","Asset_Elevation":null,"Owned_Maintained":"COUNTY","Asset":"LOCAL CORRECTIONAL INSTITUTION","Asset_Sub_Type":null,"Asset_Type":"Correctional Facilities","Asset_Group":"Critical Community and Emergency Facilities","Asset_Relevancy":"Locally Significant","Asset_ID":"CF_PT_321","Municipality":null,"Water_Management_District":"South Florida Water Management District","Souce_Dataset_Entity":"FDEM","Souce_Dataset_Name":"Correctional Facilities - FDEM","Source_Asset_ID":null,"Restricted_Public_Disclosure":null,"Notes":null,"Regional_Planning_Council":"Treasure Coast","FDEP_Regulatory_District":"Southeast District","RCP_Region":"Northeast","FDOT_District":4,"House_District_Number":84,"Senate_District_Number":29,"CTF_RL_2020":"Not Affected","CTF_RL_2040_IL":"Not Affected","CTF_RL_2040_INT":"Not Affected","CTF_RL_2070_IL":"Not Affected","CTF_RL_2070_INT":"Not Affected","SSF_RL_100YR_CURR":"Not Affected","SSF_RL_100YR_2040_IL":"Not Affected","SSF_RL_100YR_2040_INT":"Not Affected","SSF_RL_100YR_2070_IL":"Not Affected","SSF_RL_100YR_2070_INT":"Not Affected","SSF_RL_500YR_CURR":"Not Affected","SSF_RL_500YR_2040_IL":"Not Affected","SSF_RL_500YR_2040_INT":"Not Affected","SSF_RL_500YR_2070_IL":"Not Affected","SSF_RL_500YR_2070_INT":"Not Affected","RIF_RL_100YR_2020":"Not Affected","RIF_RL_100YR_2040":"Not Affected","RIF_RL_100YR_2070":"Not Affected","RIF_RL_500YR_2020":"Not Affected","RIF_RL_500YR_2040":"Not Affected","RIF_RL_500YR_2070":"Not Affected"}},{"type":"Feature","id":322,"geometry":{"type":"Point","coordinates":[-80.3373915107357,27.3958790871148]},"properties":{"OBJECTID_1":322,"OBJECTID":322,"Name":"FT PIERCE WORK RELEASE CENTER","Address":"1203 BELL AVE","City":"FORT PIERCE","Zip":"34982","COUNTY":"St. Lucie","X":-80.33739151,"Y":27.39587909,"LONGLAT":"-80.33739151,27.39587909","USNG":"17R NL 65509 30458","OWNERSHIP":"STATE OF FLORIDA TIITF","PARCELID":"2433-111-0001-000-4","FACILITY_T":"LOCAL CORRECTIONAL INSTITUTION","Asset_Elevation":null,"Owned_Maintained":"STATE OF FLORIDA TIITF","Asset":"LOCAL CORRECTIONAL INSTITUTION","Asset_Sub_Type":null,"Asset_Type":"Correctional Facilities","Asset_Group":"Critical Community and Emergency Facilities","Asset_Relevancy":"Locally Significant","Asset_ID":"CF_PT_322","Municipality":"Fort Pierce","Water_Management_District":"South Florida Water Management District","Souce_Dataset_Entity":"FDEM","Souce_Dataset_Name":"Correctional Facilities - FDEM","Source_Asset_ID":null,"Restricted_Public_Disclosure":null,"Notes":null,"Regional_Planning_Council":"Treasure Coast","FDEP_Regulatory_District":"Southeast District","RCP_Region":"Northeast","FDOT_District":4,"House_District_Number":84,"Senate_District_Number":29,"CTF_RL_2020":"Not Affected","CTF_RL_2040_IL":"Not Affected","CTF_RL_2040_INT":"Not Affected","CTF_RL_2070_IL":"Not Affected","CTF_RL_2070_INT":"Not Affected","SSF_RL_100YR_CURR":"Not Affected","SSF_RL_100YR_2040_IL":"Not Affected","SSF_RL_100YR_2040_INT":"Not Affected","SSF_RL_100YR_2070_IL":"Not Affected","SSF_RL_100YR_2070_INT":"Not Affected","SSF_RL_500YR_CURR":"Not Affected","SSF_RL_500YR_2040_IL":"Not Affected","SSF_RL_500YR_2040_INT":"Not Affected","SSF_RL_500YR_2070_IL":"Not Affected","SSF_RL_500YR_2070_INT":"Not Affected","RIF_RL_100YR_2020":"Not Affected","RIF_RL_100YR_2040":"Not Affected","RIF_RL_100YR_2070":"Not Affected","RIF_RL_500YR_2020":"Not Affected","RIF_RL_500YR_2040":"Not Affected","RIF_RL_500YR_2070":"Not Affected"}},{"type":"Feature","id":323,"geometry":{"type":"Point","coordinates":[-86.9520294467358,30.6458233392424]},"properties":{"OBJECTID_1":323,"OBJECTID":323,"Name":"BLACKWATER RIVER CORRECTIONAL FACILITY","Address":"5914 JEFF ATES RD","City":"MILTON","Zip":"32583","COUNTY":"Santa Rosa","X":-86.95202945,"Y":30.64582334,"LONGLAT":"-86.95202945,30.64582334","USNG":"16R EU 04596 90352","OWNERSHIP":" ","PARCELID":" ","FACILITY_T":"STATE CORRECTIONAL INSTITUTION","Asset_Elevation":null,"Owned_Maintained":" ","Asset":"STATE CORRECTIONAL INSTITUTION","Asset_Sub_Type":null,"Asset_Type":"Correctional Facilities","Asset_Group":"Critical Community and Emergency Facilities","Asset_Relevancy":"Locally Significant","Asset_ID":"CF_PT_323","Municipality":null,"Water_Management_District":"Northwest Florida Water Management District","Souce_Dataset_Entity":"FDEM","Souce_Dataset_Name":"Correctional Facilities - FDEM","Source_Asset_ID":null,"Restricted_Public_Disclosure":null,"Notes":null,"Regional_Planning_Council":"Emerald Coast","FDEP_Regulatory_District":"Northwest District","RCP_Region":"Northwest","FDOT_District":3,"House_District_Number":3,"Senate_District_Number":1,"CTF_RL_2020":"Not Affected","CTF_RL_2040_IL":"Not Affected","CTF_RL_2040_INT":"Not Affected","CTF_RL_2070_IL":"Not Affected","CTF_RL_2070_INT":"Not Affected","SSF_RL_100YR_CURR":"Not Affected","SSF_RL_100YR_2040_IL":"Not Affected","SSF_RL_100YR_2040_INT":"Not Affected","SSF_RL_100YR_2070_IL":"Not Affected","SSF_RL_100YR_2070_INT":"Not Affected","SSF_RL_500YR_CURR":"Not Affected","SSF_RL_500YR_2040_IL":"Not Affected","SSF_RL_500YR_2040_INT":"Not Affected","SSF_RL_500YR_2070_IL":"Not Affected","SSF_RL_500YR_2070_INT":"Not Affected","RIF_RL_100YR_2020":"Not Affected","RIF_RL_100YR_2040":"Not Affected","RIF_RL_100YR_2070":"Not Affected","RIF_RL_500YR_2020":"Not Affected","RIF_RL_500YR_2040":"Not Affected","RIF_RL_500YR_2070":"Not Affected"}},{"type":"Feature","id":324,"geometry":{"type":"Point","coordinates":[-86.9742685223823,30.6434602247499]},"properties":{"OBJECTID_1":324,"OBJECTID":324,"Name":"SANTA ROSA COUNTY JAIL","Address":"5755 E MILTON RD","City":"MILTON","Zip":"32583","COUNTY":"Santa Rosa","X":-86.97426852,"Y":30.64346023,"LONGLAT":"-86.97426852,30.64346023","USNG":"16R EU 02465 90089","OWNERSHIP":"COUNTY","PARCELID":"32-2N-27-0000-00100-0000","FACILITY_T":"LOCAL CORRECTIONAL INSTITUTION","Asset_Elevation":null,"Owned_Maintained":"COUNTY","Asset":"LOCAL CORRECTIONAL INSTITUTION","Asset_Sub_Type":null,"Asset_Type":"Correctional Facilities","Asset_Group":"Critical Community and Emergency Facilities","Asset_Relevancy":"Locally Significant","Asset_ID":"CF_PT_324","Municipality":null,"Water_Management_District":"Northwest Florida Water Management District","Souce_Dataset_Entity":"FDEM","Souce_Dataset_Name":"Correctional Facilities - FDEM","Source_Asset_ID":null,"Restricted_Public_Disclosure":null,"Notes":null,"Regional_Planning_Council":"Emerald Coast","FDEP_Regulatory_District":"Northwest District","RCP_Region":"Northwest","FDOT_District":3,"House_District_Number":3,"Senate_District_Number":1,"CTF_RL_2020":"Not Affected","CTF_RL_2040_IL":"Not Affected","CTF_RL_2040_INT":"Not Affected","CTF_RL_2070_IL":"Not Affected","CTF_RL_2070_INT":"Not Affected","SSF_RL_100YR_CURR":"Not Affected","SSF_RL_100YR_2040_IL":"Not Affected","SSF_RL_100YR_2040_INT":"Not Affected","SSF_RL_100YR_2070_IL":"Not Affected","SSF_RL_100YR_2070_INT":"Not Affected","SSF_RL_500YR_CURR":"Not Affected","SSF_RL_500YR_2040_IL":"Not Affected","SSF_RL_500YR_2040_INT":"Not Affected","SSF_RL_500YR_2070_IL":"Not Affected","SSF_RL_500YR_2070_INT":"Not Affected","RIF_RL_100YR_2020":"Not Affected","RIF_RL_100YR_2040":"Not Affected","RIF_RL_100YR_2070":"Not Affected","RIF_RL_500YR_2020":"Not Affected","RIF_RL_500YR_2040":"Not Affected","RIF_RL_500YR_2070":"Not Affected"}},{"type":"Feature","id":325,"geometry":{"type":"Point","coordinates":[-86.8018793883736,30.7730976508509]},"properties":{"OBJECTID_1":325,"OBJECTID":325,"Name":"SANTA ROSA JUVENILE CORRECTIONAL FACILITY","Address":"12364 ENVIRONMENTAL CENTER RD","City":"HOLT","Zip":"32564","COUNTY":"Santa Rosa","X":-86.80187939,"Y":30.77309765,"LONGLAT":"-86.80187939,30.77309765","USNG":"16R EV 18958 04472","OWNERSHIP":"COUNTY","PARCELID":"12-3N-26-0000-00100-0000","FACILITY_T":"JUVENILE CORRECTIONAL INSTITUTION","Asset_Elevation":null,"Owned_Maintained":"COUNTY","Asset":"JUVENILE CORRECTIONAL INSTITUTION","Asset_Sub_Type":null,"Asset_Type":"Correctional Facilities","Asset_Group":"Critical Community and Emergency Facilities","Asset_Relevancy":"Locally Significant","Asset_ID":"CF_PT_325","Municipality":null,"Water_Management_District":"Northwest Florida Water Management District","Souce_Dataset_Entity":"FDEM","Souce_Dataset_Name":"Correctional Facilities - FDEM","Source_Asset_ID":null,"Restricted_Public_Disclosure":null,"Notes":null,"Regional_Planning_Council":"Emerald Coast","FDEP_Regulatory_District":"Northwest District","RCP_Region":"Northwest","FDOT_District":3,"House_District_Number":3,"Senate_District_Number":1,"CTF_RL_2020":"Not Affected","CTF_RL_2040_IL":"Not Affected","CTF_RL_2040_INT":"Not Affected","CTF_RL_2070_IL":"Not Affected","CTF_RL_2070_INT":"Not Affected","SSF_RL_100YR_CURR":"Not Affected","SSF_RL_100YR_2040_IL":"Not Affected","SSF_RL_100YR_2040_INT":"Not Affected","SSF_RL_100YR_2070_IL":"Not Affected","SSF_RL_100YR_2070_INT":"Not Affected","SSF_RL_500YR_CURR":"Not Affected","SSF_RL_500YR_2040_IL":"Not Affected","SSF_RL_500YR_2040_INT":"Not Affected","SSF_RL_500YR_2070_IL":"Not Affected","SSF_RL_500YR_2070_INT":"Not Affected","RIF_RL_100YR_2020":"Not Affected","RIF_RL_100YR_2040":"Not Affected","RIF_RL_100YR_2070":"Not Affected","RIF_RL_500YR_2020":"Not Affected","RIF_RL_500YR_2040":"Not Affected","RIF_RL_500YR_2070":"Not Affected"}},{"type":"Feature","id":326,"geometry":{"type":"Point","coordinates":[-86.9747502984215,30.6462424077349]},"properties":{"OBJECTID_1":326,"OBJECTID":326,"Name":"MILTON GIRLS JUVENILE RESIDENTIAL FACILITY","Address":"5770 E MILTON RD","City":"MILTON","Zip":"32583","COUNTY":"Santa Rosa","X":-86.9747503,"Y":30.64624241,"LONGLAT":"-86.97475030,30.64624241","USNG":"16R EU 02419 90398","OWNERSHIP":"COUNTY","PARCELID":"29-2N-27-0000-00101-0000","FACILITY_T":"JUVENILE CORRECTIONAL INSTITUTION","Asset_Elevation":null,"Owned_Maintained":"COUNTY","Asset":"JUVENILE CORRECTIONAL INSTITUTION","Asset_Sub_Type":null,"Asset_Type":"Correctional Facilities","Asset_Group":"Critical Community and Emergency Facilities","Asset_Relevancy":"Locally Significant","Asset_ID":"CF_PT_326","Municipality":null,"Water_Management_District":"Northwest Florida Water Management District","Souce_Dataset_Entity":"FDEM","Souce_Dataset_Name":"Correctional Facilities - FDEM","Source_Asset_ID":null,"Restricted_Public_Disclosure":null,"Notes":null,"Regional_Planning_Council":"Emerald Coast","FDEP_Regulatory_District":"Northwest District","RCP_Region":"Northwest","FDOT_District":3,"House_District_Number":3,"Senate_District_Number":1,"CTF_RL_2020":"Not Affected","CTF_RL_2040_IL":"Not Affected","CTF_RL_2040_INT":"Not Affected","CTF_RL_2070_IL":"Not Affected","CTF_RL_2070_INT":"Not Affected","SSF_RL_100YR_CURR":"Not Affected","SSF_RL_100YR_2040_IL":"Not Affected","SSF_RL_100YR_2040_INT":"Not Affected","SSF_RL_100YR_2070_IL":"Not Affected","SSF_RL_100YR_2070_INT":"Not Affected","SSF_RL_500YR_CURR":"Not Affected","SSF_RL_500YR_2040_IL":"Not Affected","SSF_RL_500YR_2040_INT":"Not Affected","SSF_RL_500YR_2070_IL":"Not Affected","SSF_RL_500YR_2070_INT":"Not Affected","RIF_RL_100YR_2020":"Not Affected","RIF_RL_100YR_2040":"Not Affected","RIF_RL_100YR_2070":"Not Affected","RIF_RL_500YR_2020":"Not Affected","RIF_RL_500YR_2040":"Not Affected","RIF_RL_500YR_2070":"Not Affected"}},{"type":"Feature","id":327,"geometry":{"type":"Point","coordinates":[-86.9695566964483,30.868917996714]},"properties":{"OBJECTID_1":327,"OBJECTID":327,"Name":"CAMP E-MA-CHAMEE CENTER","Address":"3112 FRIENDSHIP RD","City":"MILTON","Zip":"32570","COUNTY":"Santa Rosa","X":-86.9695567,"Y":30.868918,"LONGLAT":"-86.96955670,30.86891800","USNG":"16R EV 02910 15075","OWNERSHIP":"STATE","PARCELID":"08-4N-27-0000-00100-0000","FACILITY_T":"CORRECTIONAL FACILITY","Asset_Elevation":null,"Owned_Maintained":"STATE","Asset":"CORRECTIONAL FACILITY","Asset_Sub_Type":null,"Asset_Type":"Correctional Facilities","Asset_Group":"Critical Community and Emergency Facilities","Asset_Relevancy":"Locally Significant","Asset_ID":"CF_PT_327","Municipality":null,"Water_Management_District":"Northwest Florida Water Management District","Souce_Dataset_Entity":"FDEM","Souce_Dataset_Name":"Correctional Facilities - FDEM","Source_Asset_ID":null,"Restricted_Public_Disclosure":null,"Notes":null,"Regional_Planning_Council":"Emerald Coast","FDEP_Regulatory_District":"Northwest District","RCP_Region":"Northwest","FDOT_District":3,"House_District_Number":3,"Senate_District_Number":1,"CTF_RL_2020":"Not Affected","CTF_RL_2040_IL":"Not Affected","CTF_RL_2040_INT":"Not Affected","CTF_RL_2070_IL":"Not Affected","CTF_RL_2070_INT":"Not Affected","SSF_RL_100YR_CURR":"Not Affected","SSF_RL_100YR_2040_IL":"Not Affected","SSF_RL_100YR_2040_INT":"Not Affected","SSF_RL_100YR_2070_IL":"Not Affected","SSF_RL_100YR_2070_INT":"Not Affected","SSF_RL_500YR_CURR":"Not Affected","SSF_RL_500YR_2040_IL":"Not Affected","SSF_RL_500YR_2040_INT":"Not Affected","SSF_RL_500YR_2070_IL":"Not Affected","SSF_RL_500YR_2070_INT":"Not Affected","RIF_RL_100YR_2020":"Not Affected","RIF_RL_100YR_2040":"Not Affected","RIF_RL_100YR_2070":"Not Affected","RIF_RL_500YR_2020":"Not Affected","RIF_RL_500YR_2040":"Not Affected","RIF_RL_500YR_2070":"Not Affected"}},{"type":"Feature","id":328,"geometry":{"type":"Point","coordinates":[-86.9673849942173,30.6455755475177]},"properties":{"OBJECTID_1":328,"OBJECTID":328,"Name":"SANTA ROSA CORRECTIONAL INSTITUTION","Address":"5850 E MILTON RD","City":"MILTON","Zip":"32583","COUNTY":"Santa Rosa","X":-86.96738499,"Y":30.64557555,"LONGLAT":"-86.96738499,30.64557555","USNG":"16R EU 03125 90324","OWNERSHIP":" ","PARCELID":"29-2N-27-0000-00102-0000","FACILITY_T":"CORRECTIONAL FACILITY","Asset_Elevation":null,"Owned_Maintained":" ","Asset":"CORRECTIONAL FACILITY","Asset_Sub_Type":null,"Asset_Type":"Correctional Facilities","Asset_Group":"Critical Community and Emergency Facilities","Asset_Relevancy":"Locally Significant","Asset_ID":"CF_PT_328","Municipality":null,"Water_Management_District":"Northwest Florida Water Management District","Souce_Dataset_Entity":"FDEM","Souce_Dataset_Name":"Correctional Facilities - FDEM","Source_Asset_ID":null,"Restricted_Public_Disclosure":null,"Notes":null,"Regional_Planning_Council":"Emerald Coast","FDEP_Regulatory_District":"Northwest District","RCP_Region":"Northwest","FDOT_District":3,"House_District_Number":3,"Senate_District_Number":1,"CTF_RL_2020":"Not Affected","CTF_RL_2040_IL":"Not Affected","CTF_RL_2040_INT":"Not Affected","CTF_RL_2070_IL":"Not Affected","CTF_RL_2070_INT":"Not Affected","SSF_RL_100YR_CURR":"Not Affected","SSF_RL_100YR_2040_IL":"Not Affected","SSF_RL_100YR_2040_INT":"Not Affected","SSF_RL_100YR_2070_IL":"Not Affected","SSF_RL_100YR_2070_INT":"Not Affected","SSF_RL_500YR_CURR":"Not Affected","SSF_RL_500YR_2040_IL":"Not Affected","SSF_RL_500YR_2040_INT":"Not Affected","SSF_RL_500YR_2070_IL":"Not Affected","SSF_RL_500YR_2070_INT":"Not Affected","RIF_RL_100YR_2020":"Not Affected","RIF_RL_100YR_2040":"Not Affected","RIF_RL_100YR_2070":"Not Affected","RIF_RL_500YR_2020":"Not Affected","RIF_RL_500YR_2040":"Not Affected","RIF_RL_500YR_2070":"Not Affected"}},{"type":"Feature","id":329,"geometry":{"type":"Point","coordinates":[-87.0260130155549,30.9011253357125]},"properties":{"OBJECTID_1":329,"OBJECTID":329,"Name":"BERRYDALE FORESTRY CAMP","Address":"6920 STATE HWY 4","City":"JAY","Zip":"32565","COUNTY":"Santa Rosa","X":-87.02601302,"Y":30.90112534,"LONGLAT":"-87.02601302,30.90112534","USNG":"16R DV 97514 18644","OWNERSHIP":" ","PARCELID":"34-5N-28-0000-00400-0000","FACILITY_T":"CORRECTIONAL FACILITY","Asset_Elevation":null,"Owned_Maintained":" ","Asset":"CORRECTIONAL FACILITY","Asset_Sub_Type":null,"Asset_Type":"Correctional Facilities","Asset_Group":"Critical Community and Emergency Facilities","Asset_Relevancy":"Locally Significant","Asset_ID":"CF_PT_329","Municipality":null,"Water_Management_District":"Northwest Florida Water Management District","Souce_Dataset_Entity":"FDEM","Souce_Dataset_Name":"Correctional Facilities - FDEM","Source_Asset_ID":null,"Restricted_Public_Disclosure":null,"Notes":null,"Regional_Planning_Council":"Emerald Coast","FDEP_Regulatory_District":"Northwest District","RCP_Region":"Northwest","FDOT_District":3,"House_District_Number":3,"Senate_District_Number":1,"CTF_RL_2020":"Not Affected","CTF_RL_2040_IL":"Not Affected","CTF_RL_2040_INT":"Not Affected","CTF_RL_2070_IL":"Not Affected","CTF_RL_2070_INT":"Not Affected","SSF_RL_100YR_CURR":"Not Affected","SSF_RL_100YR_2040_IL":"Not Affected","SSF_RL_100YR_2040_INT":"Not Affected","SSF_RL_100YR_2070_IL":"Not Affected","SSF_RL_100YR_2070_INT":"Not Affected","SSF_RL_500YR_CURR":"Not Affected","SSF_RL_500YR_2040_IL":"Not Affected","SSF_RL_500YR_2040_INT":"Not Affected","SSF_RL_500YR_2070_IL":"Not Affected","SSF_RL_500YR_2070_INT":"Not Affected","RIF_RL_100YR_2020":"Not Affected","RIF_RL_100YR_2040":"Not Affected","RIF_RL_100YR_2070":"Not Affected","RIF_RL_500YR_2020":"Not Affected","RIF_RL_500YR_2040":"Not Affected","RIF_RL_500YR_2070":"Not Affected"}},{"type":"Feature","id":330,"geometry":{"type":"Point","coordinates":[-86.880188787319,30.8395334865071]},"properties":{"OBJECTID_1":330,"OBJECTID":330,"Name":"BLACKWATER STOP CAMP","Address":"2451 STOP CAMP RD","City":"MILTON","Zip":"32570","COUNTY":"Santa Rosa","X":-86.88018879,"Y":30.83953349,"LONGLAT":"-86.88018879,30.83953349","USNG":"16R EV 11457 11824","OWNERSHIP":" ","PARCELID":"19-4N-26-0000-00200-0000","FACILITY_T":"CORRECTIONAL FACILITY","Asset_Elevation":null,"Owned_Maintained":" ","Asset":"CORRECTIONAL FACILITY","Asset_Sub_Type":null,"Asset_Type":"Correctional Facilities","Asset_Group":"Critical Community and Emergency Facilities","Asset_Relevancy":"Locally Significant","Asset_ID":"CF_PT_330","Municipality":null,"Water_Management_District":"Northwest Florida Water Management District","Souce_Dataset_Entity":"FDEM","Souce_Dataset_Name":"Correctional Facilities - FDEM","Source_Asset_ID":null,"Restricted_Public_Disclosure":null,"Notes":null,"Regional_Planning_Council":"Emerald Coast","FDEP_Regulatory_District":"Northwest District","RCP_Region":"Northwest","FDOT_District":3,"House_District_Number":3,"Senate_District_Number":1,"CTF_RL_2020":"Not Affected","CTF_RL_2040_IL":"Not Affected","CTF_RL_2040_INT":"Not Affected","CTF_RL_2070_IL":"Not Affected","CTF_RL_2070_INT":"Not Affected","SSF_RL_100YR_CURR":"Not Affected","SSF_RL_100YR_2040_IL":"Not Affected","SSF_RL_100YR_2040_INT":"Not Affected","SSF_RL_100YR_2070_IL":"Not Affected","SSF_RL_100YR_2070_INT":"Not Affected","SSF_RL_500YR_CURR":"Not Affected","SSF_RL_500YR_2040_IL":"Not Affected","SSF_RL_500YR_2040_INT":"Not Affected","SSF_RL_500YR_2070_IL":"Not Affected","SSF_RL_500YR_2070_INT":"Not Affected","RIF_RL_100YR_2020":"Not Affected","RIF_RL_100YR_2040":"Not Affected","RIF_RL_100YR_2070":"Not Affected","RIF_RL_500YR_2020":"Not Affected","RIF_RL_500YR_2040":"Not Affected","RIF_RL_500YR_2070":"Not Affected"}},{"type":"Feature","id":331,"geometry":{"type":"Point","coordinates":[-82.529154441207,27.3360344592432]},"properties":{"OBJECTID_1":331,"OBJECTID":331,"Name":"SARASOTA COUNTY JAIL - NORTH","Address":"2050 RINGLING BLVD","City":"SARASOTA","Zip":"34237","COUNTY":"Sarasota","X":-82.52915444,"Y":27.33603446,"LONGLAT":"-82.52915444,27.33603446","USNG":"17R LL 48727 24582","OWNERSHIP":"COUNTY","PARCELID":"2027-01-0080","FACILITY_T":"LOCAL CORRECTIONAL INSTITUTION","Asset_Elevation":null,"Owned_Maintained":"COUNTY","Asset":"LOCAL CORRECTIONAL INSTITUTION","Asset_Sub_Type":null,"Asset_Type":"Correctional Facilities","Asset_Group":"Critical Community and Emergency Facilities","Asset_Relevancy":"Locally Significant","Asset_ID":"CF_PT_331","Municipality":"Sarasota","Water_Management_District":"Southwest Florida Water Management District","Souce_Dataset_Entity":"FDEM","Souce_Dataset_Name":"Correctional Facilities - FDEM","Source_Asset_ID":null,"Restricted_Public_Disclosure":null,"Notes":null,"Regional_Planning_Council":"Southwest Florida","FDEP_Regulatory_District":"South District","RCP_Region":"Southwest","FDOT_District":1,"House_District_Number":73,"Senate_District_Number":22,"CTF_RL_2020":"Not Affected","CTF_RL_2040_IL":"Not Affected","CTF_RL_2040_INT":"Not Affected","CTF_RL_2070_IL":"Not Affected","CTF_RL_2070_INT":"Not Affected","SSF_RL_100YR_CURR":"Not Affected","SSF_RL_100YR_2040_IL":"Not Affected","SSF_RL_100YR_2040_INT":"Not Affected","SSF_RL_100YR_2070_IL":"Not Affected","SSF_RL_100YR_2070_INT":"Not Affected","SSF_RL_500YR_CURR":"Not Affected","SSF_RL_500YR_2040_IL":"Not Affected","SSF_RL_500YR_2040_INT":"Not Affected","SSF_RL_500YR_2070_IL":"Not Affected","SSF_RL_500YR_2070_INT":"Not Affected","RIF_RL_100YR_2020":"Medium","RIF_RL_100YR_2040":"Medium","RIF_RL_100YR_2070":"Medium","RIF_RL_500YR_2020":"Medium","RIF_RL_500YR_2040":"Medium","RIF_RL_500YR_2070":"Medium"}},{"type":"Feature","id":332,"geometry":{"type":"Point","coordinates":[-82.4136450608193,27.1017576395972]},"properties":{"OBJECTID_1":332,"OBJECTID":332,"Name":"SARASOTA COUNTY JAIL - SOUTH","Address":"1350 RIDGEWOOD AVE","City":"VENICE","Zip":"34285","COUNTY":"Sarasota","X":-82.41364506,"Y":27.10175764,"LONGLAT":"-82.41364506,27.10175764","USNG":"17R LK 59863 98493","OWNERSHIP":"MUNICIPAL","PARCELID":"0411-04-0001","FACILITY_T":"LOCAL CORRECTIONAL INSTITUTION","Asset_Elevation":null,"Owned_Maintained":"MUNICIPAL","Asset":"LOCAL CORRECTIONAL INSTITUTION","Asset_Sub_Type":null,"Asset_Type":"Correctional Facilities","Asset_Group":"Critical Community and Emergency Facilities","Asset_Relevancy":"Locally Significant","Asset_ID":"CF_PT_332","Municipality":"Venice","Water_Management_District":"Southwest Florida Water Management District","Souce_Dataset_Entity":"FDEM","Souce_Dataset_Name":"Correctional Facilities - FDEM","Source_Asset_ID":null,"Restricted_Public_Disclosure":null,"Notes":null,"Regional_Planning_Council":"Southwest Florida","FDEP_Regulatory_District":"South District","RCP_Region":"Southwest","FDOT_District":1,"House_District_Number":73,"Senate_District_Number":22,"CTF_RL_2020":"Not Affected","CTF_RL_2040_IL":"Not Affected","CTF_RL_2040_INT":"Not Affected","CTF_RL_2070_IL":"Not Affected","CTF_RL_2070_INT":"Not Affected","SSF_RL_100YR_CURR":"Not Affected","SSF_RL_100YR_2040_IL":"Not Affected","SSF_RL_100YR_2040_INT":"Not Affected","SSF_RL_100YR_2070_IL":"Not Affected","SSF_RL_100YR_2070_INT":"Not Affected","SSF_RL_500YR_CURR":"Not Affected","SSF_RL_500YR_2040_IL":"Not Affected","SSF_RL_500YR_2040_INT":"Not Affected","SSF_RL_500YR_2070_IL":"Not Affected","SSF_RL_500YR_2070_INT":"Not Affected","RIF_RL_100YR_2020":"Not Affected","RIF_RL_100YR_2040":"Not Affected","RIF_RL_100YR_2070":"Not Affected","RIF_RL_500YR_2020":"Not Affected","RIF_RL_500YR_2040":"Not Affected","RIF_RL_500YR_2070":"Not Affected"}},{"type":"Feature","id":333,"geometry":{"type":"Point","coordinates":[-82.5294799799848,27.3361206051231]},"properties":{"OBJECTID_1":333,"OBJECTID":333,"Name":"SARASOTA COUNTY JAIL - WEST","Address":"2020 MAIN ST","City":"SARASOTA","Zip":"34237","COUNTY":"Sarasota","X":0,"Y":0,"LONGLAT":" ","USNG":" ","OWNERSHIP":" ","PARCELID":" ","FACILITY_T":"LOCAL CORRECTIONAL INSTITUTION","Asset_Elevation":null,"Owned_Maintained":" ","Asset":"LOCAL CORRECTIONAL INSTITUTION","Asset_Sub_Type":null,"Asset_Type":"Correctional Facilities","Asset_Group":"Critical Community and Emergency Facilities","Asset_Relevancy":"Locally Significant","Asset_ID":"CF_PT_333","Municipality":"Sarasota","Water_Management_District":"Southwest Florida Water Management District","Souce_Dataset_Entity":"FDEM","Souce_Dataset_Name":"Correctional Facilities - FDEM","Source_Asset_ID":null,"Restricted_Public_Disclosure":null,"Notes":null,"Regional_Planning_Council":"Southwest Florida","FDEP_Regulatory_District":"South District","RCP_Region":"Southwest","FDOT_District":1,"House_District_Number":73,"Senate_District_Number":22,"CTF_RL_2020":"Not Affected","CTF_RL_2040_IL":"Not Affected","CTF_RL_2040_INT":"Not Affected","CTF_RL_2070_IL":"Not Affected","CTF_RL_2070_INT":"Not Affected","SSF_RL_100YR_CURR":"Not Affected","SSF_RL_100YR_2040_IL":"Not Affected","SSF_RL_100YR_2040_INT":"Not Affected","SSF_RL_100YR_2070_IL":"Not Affected","SSF_RL_100YR_2070_INT":"Not Affected","SSF_RL_500YR_CURR":"Not Affected","SSF_RL_500YR_2040_IL":"Not Affected","SSF_RL_500YR_2040_INT":"Not Affected","SSF_RL_500YR_2070_IL":"Not Affected","SSF_RL_500YR_2070_INT":"Not Affected","RIF_RL_100YR_2020":"Medium","RIF_RL_100YR_2040":"Medium","RIF_RL_100YR_2070":"Medium","RIF_RL_500YR_2020":"Medium","RIF_RL_500YR_2040":"Medium","RIF_RL_500YR_2070":"Medium"}},{"type":"Feature","id":334,"geometry":{"type":"Point","coordinates":[-81.2995354805302,28.7447655259443]},"properties":{"OBJECTID_1":334,"OBJECTID":334,"Name":"SEMINOLE COUNTY SHERIFFS OFFICE - JUVENILE ASSESSMENT CENTER","Address":"181 BUSH LOOP","City":"SANFORD","Zip":"32773","COUNTY":"Seminole","X":-81.29953548,"Y":28.74476553,"LONGLAT":"-81.29953548,28.74476553","USNG":"17R MM 70753 79745","OWNERSHIP":"COUNTY","PARCELID":"15203030004400000","FACILITY_T":"LOCAL CORRECTIONAL INSTITUTION","Asset_Elevation":null,"Owned_Maintained":"COUNTY","Asset":"LOCAL CORRECTIONAL INSTITUTION","Asset_Sub_Type":null,"Asset_Type":"Correctional Facilities","Asset_Group":"Critical Community and Emergency Facilities","Asset_Relevancy":"Locally Significant","Asset_ID":"CF_PT_334","Municipality":"Sanford","Water_Management_District":"St. Johns River Water Management District","Souce_Dataset_Entity":"FDEM","Souce_Dataset_Name":"Correctional Facilities - FDEM","Source_Asset_ID":null,"Restricted_Public_Disclosure":null,"Notes":null,"Regional_Planning_Council":"East Central Florida","FDEP_Regulatory_District":"Central District","RCP_Region":"Northeast","FDOT_District":5,"House_District_Number":36,"Senate_District_Number":10,"CTF_RL_2020":"Not Affected","CTF_RL_2040_IL":"Not Affected","CTF_RL_2040_INT":"Not Affected","CTF_RL_2070_IL":"Not Affected","CTF_RL_2070_INT":"Not Affected","SSF_RL_100YR_CURR":"Not Affected","SSF_RL_100YR_2040_IL":"Not Affected","SSF_RL_100YR_2040_INT":"Not Affected","SSF_RL_100YR_2070_IL":"Not Affected","SSF_RL_100YR_2070_INT":"Not Affected","SSF_RL_500YR_CURR":"Not Affected","SSF_RL_500YR_2040_IL":"Not Affected","SSF_RL_500YR_2040_INT":"Not Affected","SSF_RL_500YR_2070_IL":"Not Affected","SSF_RL_500YR_2070_INT":"Not Affected","RIF_RL_100YR_2020":"Not Affected","RIF_RL_100YR_2040":"Not Affected","RIF_RL_100YR_2070":"Not Affected","RIF_RL_500YR_2020":"Not Affected","RIF_RL_500YR_2040":"Not Affected","RIF_RL_500YR_2070":"Not Affected"}},{"type":"Feature","id":335,"geometry":{"type":"Point","coordinates":[-81.3008195718528,28.7471560847032]},"properties":{"OBJECTID_1":335,"OBJECTID":335,"Name":"SEMINOLE COUNTY JAIL","Address":"211 BUSH BLVD","City":"SANFORD","Zip":"32773","COUNTY":"Seminole","X":-81.30081957,"Y":28.74715609,"LONGLAT":"-81.30081957,28.74715609","USNG":"17R MM 70629 80010","OWNERSHIP":"COUNTY","PARCELID":"15203030004400000","FACILITY_T":"LOCAL CORRECTIONAL INSTITUTION","Asset_Elevation":null,"Owned_Maintained":"COUNTY","Asset":"LOCAL CORRECTIONAL INSTITUTION","Asset_Sub_Type":null,"Asset_Type":"Correctional Facilities","Asset_Group":"Critical Community and Emergency Facilities","Asset_Relevancy":"Locally Significant","Asset_ID":"CF_PT_335","Municipality":"Sanford","Water_Management_District":"St. Johns River Water Management District","Souce_Dataset_Entity":"FDEM","Souce_Dataset_Name":"Correctional Facilities - FDEM","Source_Asset_ID":null,"Restricted_Public_Disclosure":null,"Notes":null,"Regional_Planning_Council":"East Central Florida","FDEP_Regulatory_District":"Central District","RCP_Region":"Northeast","FDOT_District":5,"House_District_Number":36,"Senate_District_Number":10,"CTF_RL_2020":"Not Affected","CTF_RL_2040_IL":"Not Affected","CTF_RL_2040_INT":"Not Affected","CTF_RL_2070_IL":"Not Affected","CTF_RL_2070_INT":"Not Affected","SSF_RL_100YR_CURR":"Not Affected","SSF_RL_100YR_2040_IL":"Not Affected","SSF_RL_100YR_2040_INT":"Not Affected","SSF_RL_100YR_2070_IL":"Not Affected","SSF_RL_100YR_2070_INT":"Not Affected","SSF_RL_500YR_CURR":"Not Affected","SSF_RL_500YR_2040_IL":"Not Affected","SSF_RL_500YR_2040_INT":"Not Affected","SSF_RL_500YR_2070_IL":"Not Affected","SSF_RL_500YR_2070_INT":"Not Affected","RIF_RL_100YR_2020":"Not Affected","RIF_RL_100YR_2040":"Not Affected","RIF_RL_100YR_2070":"Not Affected","RIF_RL_500YR_2020":"Not Affected","RIF_RL_500YR_2040":"Not Affected","RIF_RL_500YR_2070":"Not Affected"}},{"type":"Feature","id":336,"geometry":{"type":"Point","coordinates":[-81.2981535297319,28.7486316499538]},"properties":{"OBJECTID_1":336,"OBJECTID":336,"Name":"SEMINOLE REGIONAL JUVENILE DETENTION CENTER","Address":"200 BUSH BLVD","City":"SANFORD","Zip":"32773","COUNTY":"Seminole","X":-81.29815353,"Y":28.74863165,"LONGLAT":"-81.29815353,28.74863165","USNG":"17R MM 70889 80173","OWNERSHIP":"COUNTY","PARCELID":"15203030004400000","FACILITY_T":"JUVENILE CORRECTIONAL INSTITUTION","Asset_Elevation":null,"Owned_Maintained":"COUNTY","Asset":"JUVENILE CORRECTIONAL INSTITUTION","Asset_Sub_Type":null,"Asset_Type":"Correctional Facilities","Asset_Group":"Critical Community and Emergency Facilities","Asset_Relevancy":"Locally Significant","Asset_ID":"CF_PT_336","Municipality":"Sanford","Water_Management_District":"St. Johns River Water Management District","Souce_Dataset_Entity":"FDEM","Souce_Dataset_Name":"Correctional Facilities - FDEM","Source_Asset_ID":null,"Restricted_Public_Disclosure":null,"Notes":null,"Regional_Planning_Council":"East Central Florida","FDEP_Regulatory_District":"Central District","RCP_Region":"Northeast","FDOT_District":5,"House_District_Number":36,"Senate_District_Number":10,"CTF_RL_2020":"Not Affected","CTF_RL_2040_IL":"Not Affected","CTF_RL_2040_INT":"Not Affected","CTF_RL_2070_IL":"Not Affected","CTF_RL_2070_INT":"Not Affected","SSF_RL_100YR_CURR":"Not Affected","SSF_RL_100YR_2040_IL":"Not Affected","SSF_RL_100YR_2040_INT":"Not Affected","SSF_RL_100YR_2070_IL":"Not Affected","SSF_RL_100YR_2070_INT":"Not Affected","SSF_RL_500YR_CURR":"Not Affected","SSF_RL_500YR_2040_IL":"Not Affected","SSF_RL_500YR_2040_INT":"Not Affected","SSF_RL_500YR_2070_IL":"Not Affected","SSF_RL_500YR_2070_INT":"Not Affected","RIF_RL_100YR_2020":"Not Affected","RIF_RL_100YR_2040":"Not Affected","RIF_RL_100YR_2070":"Not Affected","RIF_RL_500YR_2020":"Not Affected","RIF_RL_500YR_2040":"Not Affected","RIF_RL_500YR_2070":"Not Affected"}},{"type":"Feature","id":337,"geometry":{"type":"Point","coordinates":[-81.2987924362347,28.7477877172688]},"properties":{"OBJECTID_1":337,"OBJECTID":337,"Name":"JOHN E POLK CORRECTIONAL FACILITY","Address":"211 N BUSH BLVD","City":"SANFORD","Zip":"32773","COUNTY":"Seminole","X":-81.29879244,"Y":28.74778772,"LONGLAT":"-81.29879244,28.74778772","USNG":"17R MM 70827 80079","OWNERSHIP":"COUNTY","PARCELID":"15203030004400000","FACILITY_T":"CORRECTIONAL FACILITY","Asset_Elevation":null,"Owned_Maintained":"COUNTY","Asset":"CORRECTIONAL FACILITY","Asset_Sub_Type":null,"Asset_Type":"Correctional Facilities","Asset_Group":"Critical Community and Emergency Facilities","Asset_Relevancy":"Locally Significant","Asset_ID":"CF_PT_337","Municipality":"Sanford","Water_Management_District":"St. Johns River Water Management District","Souce_Dataset_Entity":"FDEM","Souce_Dataset_Name":"Correctional Facilities - FDEM","Source_Asset_ID":null,"Restricted_Public_Disclosure":null,"Notes":null,"Regional_Planning_Council":"East Central Florida","FDEP_Regulatory_District":"Central District","RCP_Region":"Northeast","FDOT_District":5,"House_District_Number":36,"Senate_District_Number":10,"CTF_RL_2020":"Not Affected","CTF_RL_2040_IL":"Not Affected","CTF_RL_2040_INT":"Not Affected","CTF_RL_2070_IL":"Not Affected","CTF_RL_2070_INT":"Not Affected","SSF_RL_100YR_CURR":"Not Affected","SSF_RL_100YR_2040_IL":"Not Affected","SSF_RL_100YR_2040_INT":"Not Affected","SSF_RL_100YR_2070_IL":"Not Affected","SSF_RL_100YR_2070_INT":"Not Affected","SSF_RL_500YR_CURR":"Not Affected","SSF_RL_500YR_2040_IL":"Not Affected","SSF_RL_500YR_2040_INT":"Not Affected","SSF_RL_500YR_2070_IL":"Not Affected","SSF_RL_500YR_2070_INT":"Not Affected","RIF_RL_100YR_2020":"Not Affected","RIF_RL_100YR_2040":"Not Affected","RIF_RL_100YR_2070":"Not Affected","RIF_RL_500YR_2020":"Not Affected","RIF_RL_500YR_2040":"Not Affected","RIF_RL_500YR_2070":"Not Affected"}},{"type":"Feature","id":338,"geometry":{"type":"Point","coordinates":[-82.1097832203426,28.6637637173747]},"properties":{"OBJECTID_1":338,"OBJECTID":338,"Name":"New Jail Immediate Housing","Address":"225 E MCCOLLUM AVE","City":"BUSHNELL","Zip":"33513","COUNTY":"Sumter","X":-82.10978322,"Y":28.66376372,"LONGLAT":"-82.10978322,28.66376372","USNG":"17R LM 91555 71238","OWNERSHIP":"COUNTY","PARCELID":"N16A243","FACILITY_T":"CORRECTIONAL FACILITY","Asset_Elevation":null,"Owned_Maintained":"COUNTY","Asset":"CORRECTIONAL FACILITY","Asset_Sub_Type":null,"Asset_Type":"Correctional Facilities","Asset_Group":"Critical Community and Emergency Facilities","Asset_Relevancy":"Locally Significant","Asset_ID":"CF_PT_338","Municipality":"Bushnell","Water_Management_District":"Southwest Florida Water Management District","Souce_Dataset_Entity":"FDEM","Souce_Dataset_Name":"Correctional Facilities - FDEM","Source_Asset_ID":null,"Restricted_Public_Disclosure":null,"Notes":null,"Regional_Planning_Council":"East Central Florida","FDEP_Regulatory_District":"Central District","RCP_Region":"Northwest","FDOT_District":5,"House_District_Number":52,"Senate_District_Number":11,"CTF_RL_2020":"Not Affected","CTF_RL_2040_IL":"Not Affected","CTF_RL_2040_INT":"Not Affected","CTF_RL_2070_IL":"Not Affected","CTF_RL_2070_INT":"Not Affected","SSF_RL_100YR_CURR":"Not Affected","SSF_RL_100YR_2040_IL":"Not Affected","SSF_RL_100YR_2040_INT":"Not Affected","SSF_RL_100YR_2070_IL":"Not Affected","SSF_RL_100YR_2070_INT":"Not Affected","SSF_RL_500YR_CURR":"Not Affected","SSF_RL_500YR_2040_IL":"Not Affected","SSF_RL_500YR_2040_INT":"Not Affected","SSF_RL_500YR_2070_IL":"Not Affected","SSF_RL_500YR_2070_INT":"Not Affected","RIF_RL_100YR_2020":"Not Affected","RIF_RL_100YR_2040":"Not Affected","RIF_RL_100YR_2070":"Not Affected","RIF_RL_500YR_2020":"Not Affected","RIF_RL_500YR_2040":"Not Affected","RIF_RL_500YR_2070":"Not Affected"}},{"type":"Feature","id":339,"geometry":{"type":"Point","coordinates":[-82.0045068351915,28.7736176207572]},"properties":{"OBJECTID_1":339,"OBJECTID":339,"Name":"UNITED STATES PENITENTIARY - COLEMAN I","Address":"846 NE 54TH TER","City":"SUMTERVILLE","Zip":"34785","COUNTY":"Sumter","X":-82.00450683,"Y":28.77361762,"LONGLAT":"-82.00450683,28.77361762","USNG":"17R MM 01945 83318","OWNERSHIP":"FEDERAL","PARCELID":"K04=004","FACILITY_T":"FEDERAL CORRECTIONAL INSTITUTION","Asset_Elevation":null,"Owned_Maintained":"FEDERAL","Asset":"FEDERAL CORRECTIONAL INSTITUTION","Asset_Sub_Type":null,"Asset_Type":"Correctional Facilities","Asset_Group":"Critical Community and Emergency Facilities","Asset_Relevancy":"Locally Significant","Asset_ID":"CF_PT_339","Municipality":null,"Water_Management_District":"Southwest Florida Water Management District","Souce_Dataset_Entity":"FDEM","Souce_Dataset_Name":"Correctional Facilities - FDEM","Source_Asset_ID":null,"Restricted_Public_Disclosure":null,"Notes":null,"Regional_Planning_Council":"East Central Florida","FDEP_Regulatory_District":"Central District","RCP_Region":"Northwest","FDOT_District":5,"House_District_Number":52,"Senate_District_Number":11,"CTF_RL_2020":"Not Affected","CTF_RL_2040_IL":"Not Affected","CTF_RL_2040_INT":"Not Affected","CTF_RL_2070_IL":"Not Affected","CTF_RL_2070_INT":"Not Affected","SSF_RL_100YR_CURR":"Not Affected","SSF_RL_100YR_2040_IL":"Not Affected","SSF_RL_100YR_2040_INT":"Not Affected","SSF_RL_100YR_2070_IL":"Not Affected","SSF_RL_100YR_2070_INT":"Not Affected","SSF_RL_500YR_CURR":"Not Affected","SSF_RL_500YR_2040_IL":"Not Affected","SSF_RL_500YR_2040_INT":"Not Affected","SSF_RL_500YR_2070_IL":"Not Affected","SSF_RL_500YR_2070_INT":"Not Affected","RIF_RL_100YR_2020":"Not Affected","RIF_RL_100YR_2040":"Not Affected","RIF_RL_100YR_2070":"Not Affected","RIF_RL_500YR_2020":"Not Affected","RIF_RL_500YR_2040":"Not Affected","RIF_RL_500YR_2070":"Not Affected"}},{"type":"Feature","id":340,"geometry":{"type":"Point","coordinates":[-81.9999573343293,28.7642170300952]},"properties":{"OBJECTID_1":340,"OBJECTID":340,"Name":"UNITED STATES PENITENTIARY - COLEMAN II","Address":"846 NE 54TH TER","City":"SUMTERVILLE","Zip":"34785","COUNTY":"Sumter","X":-81.99995733,"Y":28.76421703,"LONGLAT":"-81.99995733,28.76421703","USNG":"17R MM 02381 82273","OWNERSHIP":"FEDERAL","PARCELID":"K10=004","FACILITY_T":"FEDERAL CORRECTIONAL INSTITUTION","Asset_Elevation":null,"Owned_Maintained":"FEDERAL","Asset":"FEDERAL CORRECTIONAL INSTITUTION","Asset_Sub_Type":null,"Asset_Type":"Correctional Facilities","Asset_Group":"Critical Community and Emergency Facilities","Asset_Relevancy":"Locally Significant","Asset_ID":"CF_PT_340","Municipality":null,"Water_Management_District":"Southwest Florida Water Management District","Souce_Dataset_Entity":"FDEM","Souce_Dataset_Name":"Correctional Facilities - FDEM","Source_Asset_ID":null,"Restricted_Public_Disclosure":null,"Notes":null,"Regional_Planning_Council":"East Central Florida","FDEP_Regulatory_District":"Central District","RCP_Region":"Northwest","FDOT_District":5,"House_District_Number":52,"Senate_District_Number":11,"CTF_RL_2020":"Not Affected","CTF_RL_2040_IL":"Not Affected","CTF_RL_2040_INT":"Not Affected","CTF_RL_2070_IL":"Not Affected","CTF_RL_2070_INT":"Not Affected","SSF_RL_100YR_CURR":"Not Affected","SSF_RL_100YR_2040_IL":"Not Affected","SSF_RL_100YR_2040_INT":"Not Affected","SSF_RL_100YR_2070_IL":"Not Affected","SSF_RL_100YR_2070_INT":"Not Affected","SSF_RL_500YR_CURR":"Not Affected","SSF_RL_500YR_2040_IL":"Not Affected","SSF_RL_500YR_2040_INT":"Not Affected","SSF_RL_500YR_2070_IL":"Not Affected","SSF_RL_500YR_2070_INT":"Not Affected","RIF_RL_100YR_2020":"Medium","RIF_RL_100YR_2040":"Medium","RIF_RL_100YR_2070":"Medium","RIF_RL_500YR_2020":"Medium","RIF_RL_500YR_2040":"Medium","RIF_RL_500YR_2070":"Medium"}},{"type":"Feature","id":341,"geometry":{"type":"Point","coordinates":[-82.2062981677304,28.6157044105239]},"properties":{"OBJECTID_1":341,"OBJECTID":341,"Name":"Sumter BTU Central Office","Address":"9544 CR 476B","City":"Bushnell","Zip":"33513","COUNTY":"Sumter","X":-82.20629817,"Y":28.61570441,"LONGLAT":"-82.20629817,28.61570441","USNG":"17R LM 82069 66004","OWNERSHIP":" ","PARCELID":" ","FACILITY_T":"CORRECTIONAL FACILITY","Asset_Elevation":null,"Owned_Maintained":" ","Asset":"CORRECTIONAL FACILITY","Asset_Sub_Type":null,"Asset_Type":"Correctional Facilities","Asset_Group":"Critical Community and Emergency Facilities","Asset_Relevancy":"Locally Significant","Asset_ID":"CF_PT_341","Municipality":null,"Water_Management_District":"Southwest Florida Water Management District","Souce_Dataset_Entity":"FDEM","Souce_Dataset_Name":"Correctional Facilities - FDEM","Source_Asset_ID":null,"Restricted_Public_Disclosure":null,"Notes":null,"Regional_Planning_Council":"East Central Florida","FDEP_Regulatory_District":"Central District","RCP_Region":"Northwest","FDOT_District":5,"House_District_Number":52,"Senate_District_Number":11,"CTF_RL_2020":"Not Affected","CTF_RL_2040_IL":"Not Affected","CTF_RL_2040_INT":"Not Affected","CTF_RL_2070_IL":"Not Affected","CTF_RL_2070_INT":"Not Affected","SSF_RL_100YR_CURR":"Not Affected","SSF_RL_100YR_2040_IL":"Not Affected","SSF_RL_100YR_2040_INT":"Not Affected","SSF_RL_100YR_2070_IL":"Not Affected","SSF_RL_100YR_2070_INT":"Not Affected","SSF_RL_500YR_CURR":"Not Affected","SSF_RL_500YR_2040_IL":"Not Affected","SSF_RL_500YR_2040_INT":"Not Affected","SSF_RL_500YR_2070_IL":"Not Affected","SSF_RL_500YR_2070_INT":"Not Affected","RIF_RL_100YR_2020":"Not Affected","RIF_RL_100YR_2040":"Not Affected","RIF_RL_100YR_2070":"Not Affected","RIF_RL_500YR_2020":"Not Affected","RIF_RL_500YR_2040":"Not Affected","RIF_RL_500YR_2070":"Not Affected"}},{"type":"Feature","id":342,"geometry":{"type":"Point","coordinates":[-82.0073489723429,28.7664083618477]},"properties":{"OBJECTID_1":342,"OBJECTID":342,"Name":"FEDERAL CORRECTIONAL INSTITUTION - COLEMAN MEDIUM","Address":"846 NE 54TH TER","City":"SUMTERVILLE","Zip":"33585","COUNTY":"Sumter","X":-82.00734897,"Y":28.76640836,"LONGLAT":"-82.00734897,28.76640836","USNG":"17R MM 01661 82522","OWNERSHIP":"FEDERAL","PARCELID":"K09=100","FACILITY_T":"FEDERAL CORRECTIONAL INSTITUTION","Asset_Elevation":null,"Owned_Maintained":"FEDERAL","Asset":"FEDERAL CORRECTIONAL INSTITUTION","Asset_Sub_Type":null,"Asset_Type":"Correctional Facilities","Asset_Group":"Critical Community and Emergency Facilities","Asset_Relevancy":"Locally Significant","Asset_ID":"CF_PT_342","Municipality":null,"Water_Management_District":"Southwest Florida Water Management District","Souce_Dataset_Entity":"FDEM","Souce_Dataset_Name":"Correctional Facilities - FDEM","Source_Asset_ID":null,"Restricted_Public_Disclosure":null,"Notes":null,"Regional_Planning_Council":"East Central Florida","FDEP_Regulatory_District":"Central District","RCP_Region":"Northwest","FDOT_District":5,"House_District_Number":52,"Senate_District_Number":11,"CTF_RL_2020":"Not Affected","CTF_RL_2040_IL":"Not Affected","CTF_RL_2040_INT":"Not Affected","CTF_RL_2070_IL":"Not Affected","CTF_RL_2070_INT":"Not Affected","SSF_RL_100YR_CURR":"Not Affected","SSF_RL_100YR_2040_IL":"Not Affected","SSF_RL_100YR_2040_INT":"Not Affected","SSF_RL_100YR_2070_IL":"Not Affected","SSF_RL_100YR_2070_INT":"Not Affected","SSF_RL_500YR_CURR":"Not Affected","SSF_RL_500YR_2040_IL":"Not Affected","SSF_RL_500YR_2040_INT":"Not Affected","SSF_RL_500YR_2070_IL":"Not Affected","SSF_RL_500YR_2070_INT":"Not Affected","RIF_RL_100YR_2020":"Not Affected","RIF_RL_100YR_2040":"Not Affected","RIF_RL_100YR_2070":"Not Affected","RIF_RL_500YR_2020":"Not Affected","RIF_RL_500YR_2040":"Not Affected","RIF_RL_500YR_2070":"Not Affected"}},{"type":"Feature","id":343,"geometry":{"type":"Point","coordinates":[-82.011779326484,28.7704394408089]},"properties":{"OBJECTID_1":343,"OBJECTID":343,"Name":"FEDERAL CORRECTIONAL INSTITUTION - COLEMAN LOW","Address":"846 NE 54TH TER","City":"SUMTERVILLE","Zip":"33585","COUNTY":"Sumter","X":-82.01177933,"Y":28.77043944,"LONGLAT":"-82.01177933,28.77043944","USNG":"17R MM 01233 82972","OWNERSHIP":"FEDERAL","PARCELID":"K09=100","FACILITY_T":"FEDERAL CORRECTIONAL INSTITUTION","Asset_Elevation":null,"Owned_Maintained":"FEDERAL","Asset":"FEDERAL CORRECTIONAL INSTITUTION","Asset_Sub_Type":null,"Asset_Type":"Correctional Facilities","Asset_Group":"Critical Community and Emergency Facilities","Asset_Relevancy":"Locally Significant","Asset_ID":"CF_PT_343","Municipality":null,"Water_Management_District":"Southwest Florida Water Management District","Souce_Dataset_Entity":"FDEM","Souce_Dataset_Name":"Correctional Facilities - FDEM","Source_Asset_ID":null,"Restricted_Public_Disclosure":null,"Notes":null,"Regional_Planning_Council":"East Central Florida","FDEP_Regulatory_District":"Central District","RCP_Region":"Northwest","FDOT_District":5,"House_District_Number":52,"Senate_District_Number":11,"CTF_RL_2020":"Not Affected","CTF_RL_2040_IL":"Not Affected","CTF_RL_2040_INT":"Not Affected","CTF_RL_2070_IL":"Not Affected","CTF_RL_2070_INT":"Not Affected","SSF_RL_100YR_CURR":"Not Affected","SSF_RL_100YR_2040_IL":"Not Affected","SSF_RL_100YR_2040_INT":"Not Affected","SSF_RL_100YR_2070_IL":"Not Affected","SSF_RL_100YR_2070_INT":"Not Affected","SSF_RL_500YR_CURR":"Not Affected","SSF_RL_500YR_2040_IL":"Not Affected","SSF_RL_500YR_2040_INT":"Not Affected","SSF_RL_500YR_2070_IL":"Not Affected","SSF_RL_500YR_2070_INT":"Not Affected","RIF_RL_100YR_2020":"Not Affected","RIF_RL_100YR_2040":"Not Affected","RIF_RL_100YR_2070":"Not Affected","RIF_RL_500YR_2020":"Not Affected","RIF_RL_500YR_2040":"Not Affected","RIF_RL_500YR_2070":"Not Affected"}},{"type":"Feature","id":344,"geometry":{"type":"Point","coordinates":[-82.0150235145419,28.7624683349032]},"properties":{"OBJECTID_1":344,"OBJECTID":344,"Name":"FCC COLEMAN COMPLEX","Address":"846 NE 54TH TER","City":"SUMTERVILLE","Zip":"34785","COUNTY":"Sumter","X":-82.01502351,"Y":28.76246834,"LONGLAT":"-82.01502351,28.76246834","USNG":"17R MM 00908 82091","OWNERSHIP":"FEDERAL","PARCELID":"K09=100","FACILITY_T":"FEDERAL CORRECTIONAL INSTITUTION","Asset_Elevation":null,"Owned_Maintained":"FEDERAL","Asset":"FEDERAL CORRECTIONAL INSTITUTION","Asset_Sub_Type":null,"Asset_Type":"Correctional Facilities","Asset_Group":"Critical Community and Emergency Facilities","Asset_Relevancy":"Locally Significant","Asset_ID":"CF_PT_344","Municipality":null,"Water_Management_District":"Southwest Florida Water Management District","Souce_Dataset_Entity":"FDEM","Souce_Dataset_Name":"Correctional Facilities - FDEM","Source_Asset_ID":null,"Restricted_Public_Disclosure":null,"Notes":null,"Regional_Planning_Council":"East Central Florida","FDEP_Regulatory_District":"Central District","RCP_Region":"Northwest","FDOT_District":5,"House_District_Number":52,"Senate_District_Number":11,"CTF_RL_2020":"Not Affected","CTF_RL_2040_IL":"Not Affected","CTF_RL_2040_INT":"Not Affected","CTF_RL_2070_IL":"Not Affected","CTF_RL_2070_INT":"Not Affected","SSF_RL_100YR_CURR":"Not Affected","SSF_RL_100YR_2040_IL":"Not Affected","SSF_RL_100YR_2040_INT":"Not Affected","SSF_RL_100YR_2070_IL":"Not Affected","SSF_RL_100YR_2070_INT":"Not Affected","SSF_RL_500YR_CURR":"Not Affected","SSF_RL_500YR_2040_IL":"Not Affected","SSF_RL_500YR_2040_INT":"Not Affected","SSF_RL_500YR_2070_IL":"Not Affected","SSF_RL_500YR_2070_INT":"Not Affected","RIF_RL_100YR_2020":"Not Affected","RIF_RL_100YR_2040":"Not Affected","RIF_RL_100YR_2070":"Not Affected","RIF_RL_500YR_2020":"Not Affected","RIF_RL_500YR_2040":"Not Affected","RIF_RL_500YR_2070":"Not Affected"}},{"type":"Feature","id":345,"geometry":{"type":"Point","coordinates":[-82.205127993396,28.6137822301376]},"properties":{"OBJECTID_1":345,"OBJECTID":345,"Name":"SUMTER FORESTRY BOOT CAMP","Address":"9544 COUNTY ROAD 476B","City":"BUSHNELL","Zip":"33513","COUNTY":"Sumter","X":-82.20512799,"Y":28.61378223,"LONGLAT":"-82.20512799,28.61378223","USNG":"17R LM 82182 65790","OWNERSHIP":"STATE","PARCELID":"M33=002","FACILITY_T":"LOCAL CORRECTIONAL INSTITUTION","Asset_Elevation":null,"Owned_Maintained":"STATE","Asset":"LOCAL CORRECTIONAL INSTITUTION","Asset_Sub_Type":null,"Asset_Type":"Correctional Facilities","Asset_Group":"Critical Community and Emergency Facilities","Asset_Relevancy":"Locally Significant","Asset_ID":"CF_PT_345","Municipality":null,"Water_Management_District":"Southwest Florida Water Management District","Souce_Dataset_Entity":"FDEM","Souce_Dataset_Name":"Correctional Facilities - FDEM","Source_Asset_ID":null,"Restricted_Public_Disclosure":null,"Notes":null,"Regional_Planning_Council":"East Central Florida","FDEP_Regulatory_District":"Central District","RCP_Region":"Northwest","FDOT_District":5,"House_District_Number":52,"Senate_District_Number":11,"CTF_RL_2020":"Not Affected","CTF_RL_2040_IL":"Not Affected","CTF_RL_2040_INT":"Not Affected","CTF_RL_2070_IL":"Not Affected","CTF_RL_2070_INT":"Not Affected","SSF_RL_100YR_CURR":"Not Affected","SSF_RL_100YR_2040_IL":"Not Affected","SSF_RL_100YR_2040_INT":"Not Affected","SSF_RL_100YR_2070_IL":"Not Affected","SSF_RL_100YR_2070_INT":"Not Affected","SSF_RL_500YR_CURR":"Not Affected","SSF_RL_500YR_2040_IL":"Not Affected","SSF_RL_500YR_2040_INT":"Not Affected","SSF_RL_500YR_2070_IL":"Not Affected","SSF_RL_500YR_2070_INT":"Not Affected","RIF_RL_100YR_2020":"Not Affected","RIF_RL_100YR_2040":"Not Affected","RIF_RL_100YR_2070":"Not Affected","RIF_RL_500YR_2020":"Not Affected","RIF_RL_500YR_2040":"Not Affected","RIF_RL_500YR_2070":"Not Affected"}},{"type":"Feature","id":346,"geometry":{"type":"Point","coordinates":[-82.2044729613815,28.6174210313384]},"properties":{"OBJECTID_1":346,"OBJECTID":346,"Name":"SUMTER CORRECTIONAL INSTITION","Address":"9544 COUNTY ROAD 476B","City":"BUSHNELL","Zip":"33513","COUNTY":"Sumter","X":-82.20447296,"Y":28.61742103,"LONGLAT":"-82.20447296,28.61742103","USNG":"17R LM 82250 66193","OWNERSHIP":"STATE","PARCELID":"M33=001","FACILITY_T":"LOCAL CORRECTIONAL INSTITUTION","Asset_Elevation":null,"Owned_Maintained":"STATE","Asset":"LOCAL CORRECTIONAL INSTITUTION","Asset_Sub_Type":null,"Asset_Type":"Correctional Facilities","Asset_Group":"Critical Community and Emergency Facilities","Asset_Relevancy":"Locally Significant","Asset_ID":"CF_PT_346","Municipality":null,"Water_Management_District":"Southwest Florida Water Management District","Souce_Dataset_Entity":"FDEM","Souce_Dataset_Name":"Correctional Facilities - FDEM","Source_Asset_ID":null,"Restricted_Public_Disclosure":null,"Notes":null,"Regional_Planning_Council":"East Central Florida","FDEP_Regulatory_District":"Central District","RCP_Region":"Northwest","FDOT_District":5,"House_District_Number":52,"Senate_District_Number":11,"CTF_RL_2020":"Not Affected","CTF_RL_2040_IL":"Not Affected","CTF_RL_2040_INT":"Not Affected","CTF_RL_2070_IL":"Not Affected","CTF_RL_2070_INT":"Not Affected","SSF_RL_100YR_CURR":"Not Affected","SSF_RL_100YR_2040_IL":"Not Affected","SSF_RL_100YR_2040_INT":"Not Affected","SSF_RL_100YR_2070_IL":"Not Affected","SSF_RL_100YR_2070_INT":"Not Affected","SSF_RL_500YR_CURR":"Not Affected","SSF_RL_500YR_2040_IL":"Not Affected","SSF_RL_500YR_2040_INT":"Not Affected","SSF_RL_500YR_2070_IL":"Not Affected","SSF_RL_500YR_2070_INT":"Not Affected","RIF_RL_100YR_2020":"Not Affected","RIF_RL_100YR_2040":"Not Affected","RIF_RL_100YR_2070":"Not Affected","RIF_RL_500YR_2020":"Not Affected","RIF_RL_500YR_2040":"Not Affected","RIF_RL_500YR_2070":"Not Affected"}},{"type":"Feature","id":347,"geometry":{"type":"Point","coordinates":[-82.1094212391984,28.6630151098328]},"properties":{"OBJECTID_1":347,"OBJECTID":347,"Name":"SUMTER COUNTY DETENTION CENTER/SHERIFF DEPT","Address":"219 E ANDERSON AVE","City":"BUSHNELL","Zip":"33513","COUNTY":"Sumter","X":-82.10942124,"Y":28.66301511,"LONGLAT":"-82.10942124,28.66301511","USNG":"17R LM 91590 71154","OWNERSHIP":" ","PARCELID":"N16A249","FACILITY_T":"LOCAL CORRECTIONAL INSTITUTION","Asset_Elevation":null,"Owned_Maintained":" ","Asset":"LOCAL CORRECTIONAL INSTITUTION","Asset_Sub_Type":null,"Asset_Type":"Correctional Facilities","Asset_Group":"Critical Community and Emergency Facilities","Asset_Relevancy":"Locally Significant","Asset_ID":"CF_PT_347","Municipality":"Bushnell","Water_Management_District":"Southwest Florida Water Management District","Souce_Dataset_Entity":"FDEM","Souce_Dataset_Name":"Correctional Facilities - FDEM","Source_Asset_ID":null,"Restricted_Public_Disclosure":null,"Notes":null,"Regional_Planning_Council":"East Central Florida","FDEP_Regulatory_District":"Central District","RCP_Region":"Northwest","FDOT_District":5,"House_District_Number":52,"Senate_District_Number":11,"CTF_RL_2020":"Not Affected","CTF_RL_2040_IL":"Not Affected","CTF_RL_2040_INT":"Not Affected","CTF_RL_2070_IL":"Not Affected","CTF_RL_2070_INT":"Not Affected","SSF_RL_100YR_CURR":"Not Affected","SSF_RL_100YR_2040_IL":"Not Affected","SSF_RL_100YR_2040_INT":"Not Affected","SSF_RL_100YR_2070_IL":"Not Affected","SSF_RL_100YR_2070_INT":"Not Affected","SSF_RL_500YR_CURR":"Not Affected","SSF_RL_500YR_2040_IL":"Not Affected","SSF_RL_500YR_2040_INT":"Not Affected","SSF_RL_500YR_2070_IL":"Not Affected","SSF_RL_500YR_2070_INT":"Not Affected","RIF_RL_100YR_2020":"Not Affected","RIF_RL_100YR_2040":"Not Affected","RIF_RL_100YR_2070":"Not Affected","RIF_RL_500YR_2020":"Not Affected","RIF_RL_500YR_2040":"Not Affected","RIF_RL_500YR_2070":"Not Affected"}},{"type":"Feature","id":348,"geometry":{"type":"Point","coordinates":[-82.8690916401152,30.2373251169394]},"properties":{"OBJECTID_1":348,"OBJECTID":348,"Name":"SUWANNEE COUNTY CORRECTIONAL INSTITUTION","Address":"63RD RD","City":"LIVE OAK","Zip":"32060","COUNTY":"Suwannee","X":-82.86909164,"Y":30.23732512,"LONGLAT":"-82.86909164,30.23732512","USNG":"17R LP 20145 46561","OWNERSHIP":" ","PARCELID":"1203S14E02714001010","FACILITY_T":"LOCAL CORRECTIONAL INSTITUTION","Asset_Elevation":null,"Owned_Maintained":" ","Asset":"LOCAL CORRECTIONAL INSTITUTION","Asset_Sub_Type":null,"Asset_Type":"Correctional Facilities","Asset_Group":"Critical Community and Emergency Facilities","Asset_Relevancy":"Locally Significant","Asset_ID":"CF_PT_348","Municipality":null,"Water_Management_District":"Suwannee River Water Management District","Souce_Dataset_Entity":"FDEM","Souce_Dataset_Name":"Correctional Facilities - FDEM","Source_Asset_ID":null,"Restricted_Public_Disclosure":null,"Notes":null,"Regional_Planning_Council":"North Central Florida","FDEP_Regulatory_District":"Northeast District","RCP_Region":"Northwest","FDOT_District":2,"House_District_Number":7,"Senate_District_Number":3,"CTF_RL_2020":"Not Affected","CTF_RL_2040_IL":"Not Affected","CTF_RL_2040_INT":"Not Affected","CTF_RL_2070_IL":"Not Affected","CTF_RL_2070_INT":"Not Affected","SSF_RL_100YR_CURR":"Not Affected","SSF_RL_100YR_2040_IL":"Not Affected","SSF_RL_100YR_2040_INT":"Not Affected","SSF_RL_100YR_2070_IL":"Not Affected","SSF_RL_100YR_2070_INT":"Not Affected","SSF_RL_500YR_CURR":"Not Affected","SSF_RL_500YR_2040_IL":"Not Affected","SSF_RL_500YR_2040_INT":"Not Affected","SSF_RL_500YR_2070_IL":"Not Affected","SSF_RL_500YR_2070_INT":"Not Affected","RIF_RL_100YR_2020":"Not Affected","RIF_RL_100YR_2040":"Not Affected","RIF_RL_100YR_2070":"Not Affected","RIF_RL_500YR_2020":"Not Affected","RIF_RL_500YR_2040":"Not Affected","RIF_RL_500YR_2070":"Not Affected"}},{"type":"Feature","id":349,"geometry":{"type":"Point","coordinates":[-82.9858790519909,30.2951673418608]},"properties":{"OBJECTID_1":349,"OBJECTID":349,"Name":"SUWANNEE COUNTY DET CTR/SHERIFF DEPT","Address":"305 SW PINE AVE","City":"LIVE OAK","Zip":"32064","COUNTY":"Suwannee","X":-82.98587905,"Y":30.29516734,"LONGLAT":"-82.98587905,30.29516734","USNG":"17R LP 09016 53163","OWNERSHIP":"COUNTY","PARCELID":"2302S13E06409090040","FACILITY_T":"LOCAL CORRECTIONAL INSTITUTION","Asset_Elevation":null,"Owned_Maintained":"COUNTY","Asset":"LOCAL CORRECTIONAL INSTITUTION","Asset_Sub_Type":null,"Asset_Type":"Correctional Facilities","Asset_Group":"Critical Community and Emergency Facilities","Asset_Relevancy":"Locally Significant","Asset_ID":"CF_PT_349","Municipality":"Live Oak","Water_Management_District":"Suwannee River Water Management District","Souce_Dataset_Entity":"FDEM","Souce_Dataset_Name":"Correctional Facilities - FDEM","Source_Asset_ID":null,"Restricted_Public_Disclosure":null,"Notes":null,"Regional_Planning_Council":"North Central Florida","FDEP_Regulatory_District":"Northeast District","RCP_Region":"Northwest","FDOT_District":2,"House_District_Number":7,"Senate_District_Number":3,"CTF_RL_2020":"Not Affected","CTF_RL_2040_IL":"Not Affected","CTF_RL_2040_INT":"Not Affected","CTF_RL_2070_IL":"Not Affected","CTF_RL_2070_INT":"Not Affected","SSF_RL_100YR_CURR":"Not Affected","SSF_RL_100YR_2040_IL":"Not Affected","SSF_RL_100YR_2040_INT":"Not Affected","SSF_RL_100YR_2070_IL":"Not Affected","SSF_RL_100YR_2070_INT":"Not Affected","SSF_RL_500YR_CURR":"Not Affected","SSF_RL_500YR_2040_IL":"Not Affected","SSF_RL_500YR_2040_INT":"Not Affected","SSF_RL_500YR_2070_IL":"Not Affected","SSF_RL_500YR_2070_INT":"Not Affected","RIF_RL_100YR_2020":"Not Affected","RIF_RL_100YR_2040":"Not Affected","RIF_RL_100YR_2070":"Not Affected","RIF_RL_500YR_2020":"Not Affected","RIF_RL_500YR_2040":"Not Affected","RIF_RL_500YR_2070":"Not Affected"}},{"type":"Feature","id":350,"geometry":{"type":"Point","coordinates":[-83.7139491779589,30.0389036576273]},"properties":{"OBJECTID_1":350,"OBJECTID":350,"Name":"TAYLOR CORRECTIONAL INSTITUTION","Address":"8501 HAMPTON SPRINGS RD","City":"PERRY","Zip":"32347","COUNTY":"Taylor","X":-83.71394918,"Y":30.03890366,"LONGLAT":"-83.71394918,30.03890366","USNG":"17R KP 38298 26200","OWNERSHIP":" ","PARCELID":"15050601622000","FACILITY_T":"LOCAL CORRECTIONAL INSTITUTION","Asset_Elevation":null,"Owned_Maintained":" ","Asset":"LOCAL CORRECTIONAL INSTITUTION","Asset_Sub_Type":null,"Asset_Type":"Correctional Facilities","Asset_Group":"Critical Community and Emergency Facilities","Asset_Relevancy":"Locally Significant","Asset_ID":"CF_PT_350","Municipality":null,"Water_Management_District":"Suwannee River Water Management District","Souce_Dataset_Entity":"FDEM","Souce_Dataset_Name":"Correctional Facilities - FDEM","Source_Asset_ID":null,"Restricted_Public_Disclosure":null,"Notes":null,"Regional_Planning_Council":"North Central Florida","FDEP_Regulatory_District":"Northeast District","RCP_Region":"Northwest","FDOT_District":2,"House_District_Number":7,"Senate_District_Number":3,"CTF_RL_2020":"Not Affected","CTF_RL_2040_IL":"Not Affected","CTF_RL_2040_INT":"Not Affected","CTF_RL_2070_IL":"Not Affected","CTF_RL_2070_INT":"Not Affected","SSF_RL_100YR_CURR":"Not Affected","SSF_RL_100YR_2040_IL":"Not Affected","SSF_RL_100YR_2040_INT":"Not Affected","SSF_RL_100YR_2070_IL":"Not Affected","SSF_RL_100YR_2070_INT":"Not Affected","SSF_RL_500YR_CURR":"Not Affected","SSF_RL_500YR_2040_IL":"Not Affected","SSF_RL_500YR_2040_INT":"Not Affected","SSF_RL_500YR_2070_IL":"Not Affected","SSF_RL_500YR_2070_INT":"Not Affected","RIF_RL_100YR_2020":"Not Affected","RIF_RL_100YR_2040":"Not Affected","RIF_RL_100YR_2070":"Not Affected","RIF_RL_500YR_2020":"Not Affected","RIF_RL_500YR_2040":"Not Affected","RIF_RL_500YR_2070":"Not Affected"}},{"type":"Feature","id":351,"geometry":{"type":"Point","coordinates":[-83.7148299870305,30.0365021888597]},"properties":{"OBJECTID_1":351,"OBJECTID":351,"Name":"FLORIDA DEPARTMENT OF CORRECTIONS REGION 2 - TAYLOR ANNEX","Address":"8629 HAMPTON SPRINGS RD","City":"PERRY","Zip":"32347","COUNTY":"Taylor","X":-83.71482999,"Y":30.03650219,"LONGLAT":"-83.71482999,30.03650219","USNG":"17R KP 38207 25936","OWNERSHIP":"STATE","PARCELID":"22050601646200","FACILITY_T":"STATE CORRECTIONAL INSTITUTION","Asset_Elevation":null,"Owned_Maintained":"STATE","Asset":"STATE CORRECTIONAL INSTITUTION","Asset_Sub_Type":null,"Asset_Type":"Correctional Facilities","Asset_Group":"Critical Community and Emergency Facilities","Asset_Relevancy":"Locally Significant","Asset_ID":"CF_PT_351","Municipality":null,"Water_Management_District":"Suwannee River Water Management District","Souce_Dataset_Entity":"FDEM","Souce_Dataset_Name":"Correctional Facilities - FDEM","Source_Asset_ID":null,"Restricted_Public_Disclosure":null,"Notes":null,"Regional_Planning_Council":"North Central Florida","FDEP_Regulatory_District":"Northeast District","RCP_Region":"Northwest","FDOT_District":2,"House_District_Number":7,"Senate_District_Number":3,"CTF_RL_2020":"Not Affected","CTF_RL_2040_IL":"Not Affected","CTF_RL_2040_INT":"Not Affected","CTF_RL_2070_IL":"Not Affected","CTF_RL_2070_INT":"Not Affected","SSF_RL_100YR_CURR":"Not Affected","SSF_RL_100YR_2040_IL":"Not Affected","SSF_RL_100YR_2040_INT":"Not Affected","SSF_RL_100YR_2070_IL":"Not Affected","SSF_RL_100YR_2070_INT":"Not Affected","SSF_RL_500YR_CURR":"Not Affected","SSF_RL_500YR_2040_IL":"Not Affected","SSF_RL_500YR_2040_INT":"Not Affected","SSF_RL_500YR_2070_IL":"Not Affected","SSF_RL_500YR_2070_INT":"Not Affected","RIF_RL_100YR_2020":"Not Affected","RIF_RL_100YR_2040":"Not Affected","RIF_RL_100YR_2070":"Not Affected","RIF_RL_500YR_2020":"Not Affected","RIF_RL_500YR_2040":"Not Affected","RIF_RL_500YR_2070":"Not Affected"}},{"type":"Feature","id":352,"geometry":{"type":"Point","coordinates":[-83.7110099696983,30.0414777755684]},"properties":{"OBJECTID_1":352,"OBJECTID":352,"Name":"FLORIDA DEPARTMENT OF CORRECTIONS REGION 2 - TAYLOR WORK CAMP","Address":"8311 HAMPTON SPRINGS RD","City":"PERRY","Zip":"32347","COUNTY":"Taylor","X":-83.71100997,"Y":30.04147778,"LONGLAT":"-83.71100997,30.04147778","USNG":"17R KP 38589 26479","OWNERSHIP":"STATE","PARCELID":"15050601624600","FACILITY_T":"STATE CORRECTIONAL INSTITUTION","Asset_Elevation":null,"Owned_Maintained":"STATE","Asset":"STATE CORRECTIONAL INSTITUTION","Asset_Sub_Type":null,"Asset_Type":"Correctional Facilities","Asset_Group":"Critical Community and Emergency Facilities","Asset_Relevancy":"Locally Significant","Asset_ID":"CF_PT_352","Municipality":null,"Water_Management_District":"Suwannee River Water Management District","Souce_Dataset_Entity":"FDEM","Souce_Dataset_Name":"Correctional Facilities - FDEM","Source_Asset_ID":null,"Restricted_Public_Disclosure":null,"Notes":null,"Regional_Planning_Council":"North Central Florida","FDEP_Regulatory_District":"Northeast District","RCP_Region":"Northwest","FDOT_District":2,"House_District_Number":7,"Senate_District_Number":3,"CTF_RL_2020":"Not Affected","CTF_RL_2040_IL":"Not Affected","CTF_RL_2040_INT":"Not Affected","CTF_RL_2070_IL":"Not Affected","CTF_RL_2070_INT":"Not Affected","SSF_RL_100YR_CURR":"Not Affected","SSF_RL_100YR_2040_IL":"Not Affected","SSF_RL_100YR_2040_INT":"Not Affected","SSF_RL_100YR_2070_IL":"Not Affected","SSF_RL_100YR_2070_INT":"Not Affected","SSF_RL_500YR_CURR":"Not Affected","SSF_RL_500YR_2040_IL":"Not Affected","SSF_RL_500YR_2040_INT":"Not Affected","SSF_RL_500YR_2070_IL":"Not Affected","SSF_RL_500YR_2070_INT":"Not Affected","RIF_RL_100YR_2020":"Not Affected","RIF_RL_100YR_2040":"Not Affected","RIF_RL_100YR_2070":"Not Affected","RIF_RL_500YR_2020":"Not Affected","RIF_RL_500YR_2040":"Not Affected","RIF_RL_500YR_2070":"Not Affected"}},{"type":"Feature","id":353,"geometry":{"type":"Point","coordinates":[-83.7126502312872,30.0375744030279]},"properties":{"OBJECTID_1":353,"OBJECTID":353,"Name":"FLORIDA DEPARTMENT OF CORRECTIONS REGION 2 - TAYLOR CORRECTIONAL INSTITUTE","Address":"8515 HAMPTON SPRINGS RD","City":"PERRY","Zip":"32347","COUNTY":"Taylor","X":-83.71265023,"Y":30.0375744,"LONGLAT":"-83.71265023,30.03757440","USNG":"17R KP 38420 26049","OWNERSHIP":"STATE","PARCELID":"22050601646200","FACILITY_T":"STATE CORRECTIONAL INSTITUTION","Asset_Elevation":null,"Owned_Maintained":"STATE","Asset":"STATE CORRECTIONAL INSTITUTION","Asset_Sub_Type":null,"Asset_Type":"Correctional Facilities","Asset_Group":"Critical Community and Emergency Facilities","Asset_Relevancy":"Locally Significant","Asset_ID":"CF_PT_353","Municipality":null,"Water_Management_District":"Suwannee River Water Management District","Souce_Dataset_Entity":"FDEM","Souce_Dataset_Name":"Correctional Facilities - FDEM","Source_Asset_ID":null,"Restricted_Public_Disclosure":null,"Notes":null,"Regional_Planning_Council":"North Central Florida","FDEP_Regulatory_District":"Northeast District","RCP_Region":"Northwest","FDOT_District":2,"House_District_Number":7,"Senate_District_Number":3,"CTF_RL_2020":"Not Affected","CTF_RL_2040_IL":"Not Affected","CTF_RL_2040_INT":"Not Affected","CTF_RL_2070_IL":"Not Affected","CTF_RL_2070_INT":"Not Affected","SSF_RL_100YR_CURR":"Not Affected","SSF_RL_100YR_2040_IL":"Not Affected","SSF_RL_100YR_2040_INT":"Not Affected","SSF_RL_100YR_2070_IL":"Not Affected","SSF_RL_100YR_2070_INT":"Not Affected","SSF_RL_500YR_CURR":"Not Affected","SSF_RL_500YR_2040_IL":"Not Affected","SSF_RL_500YR_2040_INT":"Not Affected","SSF_RL_500YR_2070_IL":"Not Affected","SSF_RL_500YR_2070_INT":"Not Affected","RIF_RL_100YR_2020":"Not Affected","RIF_RL_100YR_2040":"Not Affected","RIF_RL_100YR_2070":"Not Affected","RIF_RL_500YR_2020":"Not Affected","RIF_RL_500YR_2040":"Not Affected","RIF_RL_500YR_2070":"Not Affected"}},{"type":"Feature","id":354,"geometry":{"type":"Point","coordinates":[-83.5737210378484,30.1102343375747]},"properties":{"OBJECTID_1":354,"OBJECTID":354,"Name":"TAYLOR COUNTY JAIL","Address":"591 E US HWY 27","City":"PERRY","Zip":"32348","COUNTY":"Taylor","X":-83.57372104,"Y":30.11023434,"LONGLAT":"-83.57372104,30.11023434","USNG":"17R KP 52003 33795","OWNERSHIP":"COUNTY","PARCELID":"25040704834000","FACILITY_T":"CORRECTIONAL FACILITY","Asset_Elevation":null,"Owned_Maintained":"COUNTY","Asset":"CORRECTIONAL FACILITY","Asset_Sub_Type":null,"Asset_Type":"Correctional Facilities","Asset_Group":"Critical Community and Emergency Facilities","Asset_Relevancy":"Locally Significant","Asset_ID":"CF_PT_354","Municipality":"Perry","Water_Management_District":"Suwannee River Water Management District","Souce_Dataset_Entity":"FDEM","Souce_Dataset_Name":"Correctional Facilities - FDEM","Source_Asset_ID":null,"Restricted_Public_Disclosure":null,"Notes":null,"Regional_Planning_Council":"North Central Florida","FDEP_Regulatory_District":"Northeast District","RCP_Region":"Northwest","FDOT_District":2,"House_District_Number":7,"Senate_District_Number":3,"CTF_RL_2020":"Not Affected","CTF_RL_2040_IL":"Not Affected","CTF_RL_2040_INT":"Not Affected","CTF_RL_2070_IL":"Not Affected","CTF_RL_2070_INT":"Not Affected","SSF_RL_100YR_CURR":"Not Affected","SSF_RL_100YR_2040_IL":"Not Affected","SSF_RL_100YR_2040_INT":"Not Affected","SSF_RL_100YR_2070_IL":"Not Affected","SSF_RL_100YR_2070_INT":"Not Affected","SSF_RL_500YR_CURR":"Not Affected","SSF_RL_500YR_2040_IL":"Not Affected","SSF_RL_500YR_2040_INT":"Not Affected","SSF_RL_500YR_2070_IL":"Not Affected","SSF_RL_500YR_2070_INT":"Not Affected","RIF_RL_100YR_2020":"Not Affected","RIF_RL_100YR_2040":"Not Affected","RIF_RL_100YR_2070":"Not Affected","RIF_RL_500YR_2020":"Not Affected","RIF_RL_500YR_2040":"Not Affected","RIF_RL_500YR_2070":"Not Affected"}},{"type":"Feature","id":355,"geometry":{"type":"Point","coordinates":[-82.3547794382565,29.9934451788229]},"properties":{"OBJECTID_1":355,"OBJECTID":355,"Name":"NORTH FLORIDA RMC WORK CAMP","Address":"COUNTY RD 231","City":"LAKE BUTLER","Zip":"32054","COUNTY":"Union","X":-82.35477944,"Y":29.99344518,"LONGLAT":"-82.35477944,29.99344518","USNG":"17R LP 69319 18831","OWNERSHIP":" ","PARCELID":"06-06-20-00-000-0300-0","FACILITY_T":"CORRECTIONAL FACILITY","Asset_Elevation":null,"Owned_Maintained":" ","Asset":"CORRECTIONAL FACILITY","Asset_Sub_Type":null,"Asset_Type":"Correctional Facilities","Asset_Group":"Critical Community and Emergency Facilities","Asset_Relevancy":"Locally Significant","Asset_ID":"CF_PT_355","Municipality":null,"Water_Management_District":"Suwannee River Water Management District","Souce_Dataset_Entity":"FDEM","Souce_Dataset_Name":"Correctional Facilities - FDEM","Source_Asset_ID":null,"Restricted_Public_Disclosure":null,"Notes":null,"Regional_Planning_Council":"North Central Florida","FDEP_Regulatory_District":"Northeast District","RCP_Region":"Northwest","FDOT_District":2,"House_District_Number":10,"Senate_District_Number":6,"CTF_RL_2020":"Not Affected","CTF_RL_2040_IL":"Not Affected","CTF_RL_2040_INT":"Not Affected","CTF_RL_2070_IL":"Not Affected","CTF_RL_2070_INT":"Not Affected","SSF_RL_100YR_CURR":"Not Affected","SSF_RL_100YR_2040_IL":"Not Affected","SSF_RL_100YR_2040_INT":"Not Affected","SSF_RL_100YR_2070_IL":"Not Affected","SSF_RL_100YR_2070_INT":"Not Affected","SSF_RL_500YR_CURR":"Not Affected","SSF_RL_500YR_2040_IL":"Not Affected","SSF_RL_500YR_2040_INT":"Not Affected","SSF_RL_500YR_2070_IL":"Not Affected","SSF_RL_500YR_2070_INT":"Not Affected","RIF_RL_100YR_2020":"Not Affected","RIF_RL_100YR_2040":"Not Affected","RIF_RL_100YR_2070":"Not Affected","RIF_RL_500YR_2020":"Not Affected","RIF_RL_500YR_2040":"Not Affected","RIF_RL_500YR_2070":"Not Affected"}},{"type":"Feature","id":356,"geometry":{"type":"Point","coordinates":[-82.1937702410554,30.0856772159043]},"properties":{"OBJECTID_1":356,"OBJECTID":356,"Name":"UNION JUVENILE RESIDENTIAL FACILITY","Address":"14692 NE COUNTY ROAD 199","City":"RAIFORD","Zip":"32083","COUNTY":"Union","X":-82.19377024,"Y":30.08567722,"LONGLAT":"-82.19377024,30.08567722","USNG":"17R LP 84958 28879","OWNERSHIP":"COUNTY","PARCELID":"03-05-21-00-000-0040-0","FACILITY_T":"JUVENILE CORRECTIONAL INSTITUTION","Asset_Elevation":null,"Owned_Maintained":"COUNTY","Asset":"JUVENILE CORRECTIONAL INSTITUTION","Asset_Sub_Type":null,"Asset_Type":"Correctional Facilities","Asset_Group":"Critical Community and Emergency Facilities","Asset_Relevancy":"Locally Significant","Asset_ID":"CF_PT_356","Municipality":null,"Water_Management_District":"Suwannee River Water Management District","Souce_Dataset_Entity":"FDEM","Souce_Dataset_Name":"Correctional Facilities - FDEM","Source_Asset_ID":null,"Restricted_Public_Disclosure":null,"Notes":null,"Regional_Planning_Council":"North Central Florida","FDEP_Regulatory_District":"Northeast District","RCP_Region":"Northwest","FDOT_District":2,"House_District_Number":10,"Senate_District_Number":6,"CTF_RL_2020":"Not Affected","CTF_RL_2040_IL":"Not Affected","CTF_RL_2040_INT":"Not Affected","CTF_RL_2070_IL":"Not Affected","CTF_RL_2070_INT":"Not Affected","SSF_RL_100YR_CURR":"Not Affected","SSF_RL_100YR_2040_IL":"Not Affected","SSF_RL_100YR_2040_INT":"Not Affected","SSF_RL_100YR_2070_IL":"Not Affected","SSF_RL_100YR_2070_INT":"Not Affected","SSF_RL_500YR_CURR":"Not Affected","SSF_RL_500YR_2040_IL":"Not Affected","SSF_RL_500YR_2040_INT":"Not Affected","SSF_RL_500YR_2070_IL":"Not Affected","SSF_RL_500YR_2070_INT":"Not Affected","RIF_RL_100YR_2020":"Not Affected","RIF_RL_100YR_2040":"Not Affected","RIF_RL_100YR_2070":"Not Affected","RIF_RL_500YR_2020":"Not Affected","RIF_RL_500YR_2040":"Not Affected","RIF_RL_500YR_2070":"Not Affected"}},{"type":"Feature","id":357,"geometry":{"type":"Point","coordinates":[-82.3385549057621,30.0236807328986]},"properties":{"OBJECTID_1":357,"OBJECTID":357,"Name":"UNION COUNTY JAIL/SHERIFF DEPT","Address":"55 W MAIN ST","City":"LAKE BUTLER","Zip":"32054","COUNTY":"Union","X":-82.33855491,"Y":30.02368073,"LONGLAT":"-82.33855491,30.02368073","USNG":"17R LP 70924 22163","OWNERSHIP":"COUNTY","PARCELID":"30-05-20-13-000-0010-0","FACILITY_T":"LOCAL CORRECTIONAL INSTITUTION","Asset_Elevation":null,"Owned_Maintained":"COUNTY","Asset":"LOCAL CORRECTIONAL INSTITUTION","Asset_Sub_Type":null,"Asset_Type":"Correctional Facilities","Asset_Group":"Critical Community and Emergency Facilities","Asset_Relevancy":"Locally Significant","Asset_ID":"CF_PT_357","Municipality":"Lake Butler","Water_Management_District":"Suwannee River Water Management District","Souce_Dataset_Entity":"FDEM","Souce_Dataset_Name":"Correctional Facilities - FDEM","Source_Asset_ID":null,"Restricted_Public_Disclosure":null,"Notes":null,"Regional_Planning_Council":"North Central Florida","FDEP_Regulatory_District":"Northeast District","RCP_Region":"Northwest","FDOT_District":2,"House_District_Number":10,"Senate_District_Number":6,"CTF_RL_2020":"Not Affected","CTF_RL_2040_IL":"Not Affected","CTF_RL_2040_INT":"Not Affected","CTF_RL_2070_IL":"Not Affected","CTF_RL_2070_INT":"Not Affected","SSF_RL_100YR_CURR":"Not Affected","SSF_RL_100YR_2040_IL":"Not Affected","SSF_RL_100YR_2040_INT":"Not Affected","SSF_RL_100YR_2070_IL":"Not Affected","SSF_RL_100YR_2070_INT":"Not Affected","SSF_RL_500YR_CURR":"Not Affected","SSF_RL_500YR_2040_IL":"Not Affected","SSF_RL_500YR_2040_INT":"Not Affected","SSF_RL_500YR_2070_IL":"Not Affected","SSF_RL_500YR_2070_INT":"Not Affected","RIF_RL_100YR_2020":"Not Affected","RIF_RL_100YR_2040":"Not Affected","RIF_RL_100YR_2070":"Not Affected","RIF_RL_500YR_2020":"Not Affected","RIF_RL_500YR_2040":"Not Affected","RIF_RL_500YR_2070":"Not Affected"}},{"type":"Feature","id":358,"geometry":{"type":"Point","coordinates":[-82.3677673019555,29.9919155023071]},"properties":{"OBJECTID_1":358,"OBJECTID":358,"Name":"RECEPTION AND MEDICAL CENTER - WEST UNIT","Address":"8183 SW 152ND LOOP","City":"LAKE BUTLER","Zip":"32054","COUNTY":"Union","X":-82.3677673,"Y":29.9919155,"LONGLAT":"-82.36776730,29.99191550","USNG":"17R LP 68065 18676","OWNERSHIP":"STATE","PARCELID":"01-06-19-00-000-0211-0","FACILITY_T":"STATE CORRECTIONAL INSTITUTION","Asset_Elevation":null,"Owned_Maintained":"STATE","Asset":"STATE CORRECTIONAL INSTITUTION","Asset_Sub_Type":null,"Asset_Type":"Correctional Facilities","Asset_Group":"Critical Community and Emergency Facilities","Asset_Relevancy":"Locally Significant","Asset_ID":"CF_PT_358","Municipality":null,"Water_Management_District":"Suwannee River Water Management District","Souce_Dataset_Entity":"FDEM","Souce_Dataset_Name":"Correctional Facilities - FDEM","Source_Asset_ID":null,"Restricted_Public_Disclosure":null,"Notes":null,"Regional_Planning_Council":"North Central Florida","FDEP_Regulatory_District":"Northeast District","RCP_Region":"Northwest","FDOT_District":2,"House_District_Number":10,"Senate_District_Number":6,"CTF_RL_2020":"Not Affected","CTF_RL_2040_IL":"Not Affected","CTF_RL_2040_INT":"Not Affected","CTF_RL_2070_IL":"Not Affected","CTF_RL_2070_INT":"Not Affected","SSF_RL_100YR_CURR":"Not Affected","SSF_RL_100YR_2040_IL":"Not Affected","SSF_RL_100YR_2040_INT":"Not Affected","SSF_RL_100YR_2070_IL":"Not Affected","SSF_RL_100YR_2070_INT":"Not Affected","SSF_RL_500YR_CURR":"Not Affected","SSF_RL_500YR_2040_IL":"Not Affected","SSF_RL_500YR_2040_INT":"Not Affected","SSF_RL_500YR_2070_IL":"Not Affected","SSF_RL_500YR_2070_INT":"Not Affected","RIF_RL_100YR_2020":"Not Affected","RIF_RL_100YR_2040":"Not Affected","RIF_RL_100YR_2070":"Not Affected","RIF_RL_500YR_2020":"Not Affected","RIF_RL_500YR_2040":"Not Affected","RIF_RL_500YR_2070":"Not Affected"}},{"type":"Feature","id":359,"geometry":{"type":"Point","coordinates":[-82.3587902828954,29.9893284721686]},"properties":{"OBJECTID_1":359,"OBJECTID":359,"Name":"NORTH FLORIDA RECEPTION CENTER","Address":"COUNTY RD 231","City":"LAKE BUTLER","Zip":"32054","COUNTY":"Union","X":-82.35879028,"Y":29.98932847,"LONGLAT":"-82.35879028,29.98932847","USNG":"17R LP 68927 18379","OWNERSHIP":"STATE","PARCELID":"12-06-19-00-000-0010-0","FACILITY_T":"STATE CORRECTIONAL INSTITUTION","Asset_Elevation":null,"Owned_Maintained":"STATE","Asset":"STATE CORRECTIONAL INSTITUTION","Asset_Sub_Type":null,"Asset_Type":"Correctional Facilities","Asset_Group":"Critical Community and Emergency Facilities","Asset_Relevancy":"Locally Significant","Asset_ID":"CF_PT_359","Municipality":null,"Water_Management_District":"Suwannee River Water Management District","Souce_Dataset_Entity":"FDEM","Souce_Dataset_Name":"Correctional Facilities - FDEM","Source_Asset_ID":null,"Restricted_Public_Disclosure":null,"Notes":null,"Regional_Planning_Council":"North Central Florida","FDEP_Regulatory_District":"Northeast District","RCP_Region":"Northwest","FDOT_District":2,"House_District_Number":10,"Senate_District_Number":6,"CTF_RL_2020":"Not Affected","CTF_RL_2040_IL":"Not Affected","CTF_RL_2040_INT":"Not Affected","CTF_RL_2070_IL":"Not Affected","CTF_RL_2070_INT":"Not Affected","SSF_RL_100YR_CURR":"Not Affected","SSF_RL_100YR_2040_IL":"Not Affected","SSF_RL_100YR_2040_INT":"Not Affected","SSF_RL_100YR_2070_IL":"Not Affected","SSF_RL_100YR_2070_INT":"Not Affected","SSF_RL_500YR_CURR":"Not Affected","SSF_RL_500YR_2040_IL":"Not Affected","SSF_RL_500YR_2040_INT":"Not Affected","SSF_RL_500YR_2070_IL":"Not Affected","SSF_RL_500YR_2070_INT":"Not Affected","RIF_RL_100YR_2020":"Not Affected","RIF_RL_100YR_2040":"Not Affected","RIF_RL_100YR_2070":"Not Affected","RIF_RL_500YR_2020":"Not Affected","RIF_RL_500YR_2040":"Not Affected","RIF_RL_500YR_2070":"Not Affected"}},{"type":"Feature","id":360,"geometry":{"type":"Point","coordinates":[-82.1927478921209,30.0664448393024]},"properties":{"OBJECTID_1":360,"OBJECTID":360,"Name":"UNION CORRECTIONAL INSTITUTION","Address":"7819 NW 228TH ST","City":"RAIFORD","Zip":"32083","COUNTY":"Union","X":-82.19274789,"Y":30.06644484,"LONGLAT":"-82.19274789,30.06644484","USNG":"17R LP 85034 26747","OWNERSHIP":" ","PARCELID":"15-05-21-00-000-0010-0","FACILITY_T":"LOCAL CORRECTIONAL INSTITUTION","Asset_Elevation":null,"Owned_Maintained":" ","Asset":"LOCAL CORRECTIONAL INSTITUTION","Asset_Sub_Type":null,"Asset_Type":"Correctional Facilities","Asset_Group":"Critical Community and Emergency Facilities","Asset_Relevancy":"Locally Significant","Asset_ID":"CF_PT_360","Municipality":null,"Water_Management_District":"Suwannee River Water Management District","Souce_Dataset_Entity":"FDEM","Souce_Dataset_Name":"Correctional Facilities - FDEM","Source_Asset_ID":null,"Restricted_Public_Disclosure":null,"Notes":null,"Regional_Planning_Council":"North Central Florida","FDEP_Regulatory_District":"Northeast District","RCP_Region":"Northwest","FDOT_District":2,"House_District_Number":10,"Senate_District_Number":6,"CTF_RL_2020":"Not Affected","CTF_RL_2040_IL":"Not Affected","CTF_RL_2040_INT":"Not Affected","CTF_RL_2070_IL":"Not Affected","CTF_RL_2070_INT":"Not Affected","SSF_RL_100YR_CURR":"Not Affected","SSF_RL_100YR_2040_IL":"Not Affected","SSF_RL_100YR_2040_INT":"Not Affected","SSF_RL_100YR_2070_IL":"Not Affected","SSF_RL_100YR_2070_INT":"Not Affected","SSF_RL_500YR_CURR":"Not Affected","SSF_RL_500YR_2040_IL":"Not Affected","SSF_RL_500YR_2040_INT":"Not Affected","SSF_RL_500YR_2070_IL":"Not Affected","SSF_RL_500YR_2070_INT":"Not Affected","RIF_RL_100YR_2020":"Not Affected","RIF_RL_100YR_2040":"Not Affected","RIF_RL_100YR_2070":"Not Affected","RIF_RL_500YR_2020":"Not Affected","RIF_RL_500YR_2040":"Not Affected","RIF_RL_500YR_2070":"Not Affected"}},{"type":"Feature","id":361,"geometry":{"type":"Point","coordinates":[-81.1267984449265,29.1391299159489]},"properties":{"OBJECTID_1":361,"OBJECTID":361,"Name":"DAYTONA BEACH WORK RELEASE CTR","Address":"3601 US HIGHWAY 92","City":"DAYTONA BEACH","Zip":"32124","COUNTY":"Volusia","X":-81.12679844,"Y":29.13912992,"LONGLAT":"-81.12679844,29.13912992","USNG":"17R MN 87666 23406","OWNERSHIP":"STATE","PARCELID":"32160500000067","FACILITY_T":"LOCAL CORRECTIONAL INSTITUTION","Asset_Elevation":null,"Owned_Maintained":"STATE","Asset":"LOCAL CORRECTIONAL INSTITUTION","Asset_Sub_Type":null,"Asset_Type":"Correctional Facilities","Asset_Group":"Critical Community and Emergency Facilities","Asset_Relevancy":"Locally Significant","Asset_ID":"CF_PT_361","Municipality":null,"Water_Management_District":"St. Johns River Water Management District","Souce_Dataset_Entity":"FDEM","Souce_Dataset_Name":"Correctional Facilities - FDEM","Source_Asset_ID":null,"Restricted_Public_Disclosure":null,"Notes":null,"Regional_Planning_Council":"East Central Florida","FDEP_Regulatory_District":"Central District","RCP_Region":"Northeast","FDOT_District":5,"House_District_Number":29,"Senate_District_Number":8,"CTF_RL_2020":"Not Affected","CTF_RL_2040_IL":"Not Affected","CTF_RL_2040_INT":"Not Affected","CTF_RL_2070_IL":"Not Affected","CTF_RL_2070_INT":"Not Affected","SSF_RL_100YR_CURR":"Not Affected","SSF_RL_100YR_2040_IL":"Not Affected","SSF_RL_100YR_2040_INT":"Not Affected","SSF_RL_100YR_2070_IL":"Not Affected","SSF_RL_100YR_2070_INT":"Not Affected","SSF_RL_500YR_CURR":"Not Affected","SSF_RL_500YR_2040_IL":"Not Affected","SSF_RL_500YR_2040_INT":"Not Affected","SSF_RL_500YR_2070_IL":"Not Affected","SSF_RL_500YR_2070_INT":"Not Affected","RIF_RL_100YR_2020":"Not Affected","RIF_RL_100YR_2040":"Not Affected","RIF_RL_100YR_2070":"Not Affected","RIF_RL_500YR_2020":"Not Affected","RIF_RL_500YR_2040":"Not Affected","RIF_RL_500YR_2070":"Not Affected"}},{"type":"Feature","id":362,"geometry":{"type":"Point","coordinates":[-81.1493808879041,29.1405432596774]},"properties":{"OBJECTID_1":362,"OBJECTID":362,"Name":"VOLUSIA COUNTY BRANCH JAIL","Address":"1300 RED JOHN DR","City":"DAYTONA BEACH","Zip":"32124","COUNTY":"Volusia","X":-81.14938089,"Y":29.14054326,"LONGLAT":"-81.14938089,29.14054326","USNG":"17R MN 85470 23565","OWNERSHIP":"COUNTY","PARCELID":"31160100000011","FACILITY_T":"LOCAL CORRECTIONAL INSTITUTION","Asset_Elevation":null,"Owned_Maintained":"COUNTY","Asset":"LOCAL CORRECTIONAL INSTITUTION","Asset_Sub_Type":null,"Asset_Type":"Correctional Facilities","Asset_Group":"Critical Community and Emergency Facilities","Asset_Relevancy":"Locally Significant","Asset_ID":"CF_PT_362","Municipality":null,"Water_Management_District":"St. Johns River Water Management District","Souce_Dataset_Entity":"FDEM","Souce_Dataset_Name":"Correctional Facilities - FDEM","Source_Asset_ID":null,"Restricted_Public_Disclosure":null,"Notes":null,"Regional_Planning_Council":"East Central Florida","FDEP_Regulatory_District":"Central District","RCP_Region":"Northeast","FDOT_District":5,"House_District_Number":28,"Senate_District_Number":8,"CTF_RL_2020":"Not Affected","CTF_RL_2040_IL":"Not Affected","CTF_RL_2040_INT":"Not Affected","CTF_RL_2070_IL":"Not Affected","CTF_RL_2070_INT":"Not Affected","SSF_RL_100YR_CURR":"Not Affected","SSF_RL_100YR_2040_IL":"Not Affected","SSF_RL_100YR_2040_INT":"Not Affected","SSF_RL_100YR_2070_IL":"Not Affected","SSF_RL_100YR_2070_INT":"Not Affected","SSF_RL_500YR_CURR":"Not Affected","SSF_RL_500YR_2040_IL":"Not Affected","SSF_RL_500YR_2040_INT":"Not Affected","SSF_RL_500YR_2070_IL":"Not Affected","SSF_RL_500YR_2070_INT":"Not Affected","RIF_RL_100YR_2020":"Not Affected","RIF_RL_100YR_2040":"Not Affected","RIF_RL_100YR_2070":"Not Affected","RIF_RL_500YR_2020":"Not Affected","RIF_RL_500YR_2040":"Not Affected","RIF_RL_500YR_2070":"Not Affected"}},{"type":"Feature","id":363,"geometry":{"type":"Point","coordinates":[-81.1516792945406,29.145258091386]},"properties":{"OBJECTID_1":363,"OBJECTID":363,"Name":"PINES HOUSE","Address":"3875 TIGER BAY RD","City":"DAYTONA BEACH","Zip":"32124","COUNTY":"Volusia","X":-81.15167929,"Y":29.14525809,"LONGLAT":"-81.15167929,29.14525809","USNG":"17R MN 85247 24088","OWNERSHIP":" ","PARCELID":"31160100000012","FACILITY_T":"LOCAL CORRECTIONAL INSTITUTION","Asset_Elevation":null,"Owned_Maintained":" ","Asset":"LOCAL CORRECTIONAL INSTITUTION","Asset_Sub_Type":null,"Asset_Type":"Correctional Facilities","Asset_Group":"Critical Community and Emergency Facilities","Asset_Relevancy":"Locally Significant","Asset_ID":"CF_PT_363","Municipality":null,"Water_Management_District":"St. Johns River Water Management District","Souce_Dataset_Entity":"FDEM","Souce_Dataset_Name":"Correctional Facilities - FDEM","Source_Asset_ID":null,"Restricted_Public_Disclosure":null,"Notes":null,"Regional_Planning_Council":"East Central Florida","FDEP_Regulatory_District":"Central District","RCP_Region":"Northeast","FDOT_District":5,"House_District_Number":28,"Senate_District_Number":8,"CTF_RL_2020":"Not Affected","CTF_RL_2040_IL":"Not Affected","CTF_RL_2040_INT":"Not Affected","CTF_RL_2070_IL":"Not Affected","CTF_RL_2070_INT":"Not Affected","SSF_RL_100YR_CURR":"Not Affected","SSF_RL_100YR_2040_IL":"Not Affected","SSF_RL_100YR_2040_INT":"Not Affected","SSF_RL_100YR_2070_IL":"Not Affected","SSF_RL_100YR_2070_INT":"Not Affected","SSF_RL_500YR_CURR":"Not Affected","SSF_RL_500YR_2040_IL":"Not Affected","SSF_RL_500YR_2040_INT":"Not Affected","SSF_RL_500YR_2070_IL":"Not Affected","SSF_RL_500YR_2070_INT":"Not Affected","RIF_RL_100YR_2020":"Low","RIF_RL_100YR_2040":"Low","RIF_RL_100YR_2070":"Low","RIF_RL_500YR_2020":"Low","RIF_RL_500YR_2040":"Low","RIF_RL_500YR_2070":"Low"}},{"type":"Feature","id":364,"geometry":{"type":"Point","coordinates":[-81.1459513342469,29.1386733885543]},"properties":{"OBJECTID_1":364,"OBJECTID":364,"Name":"VOLUSIA COUNTY CORRECTIONAL FACILITY","Address":"1354 INDIAN LAKE RD","City":"DAYTONA BEACH","Zip":"32124","COUNTY":"Volusia","X":-81.14595133,"Y":29.13867339,"LONGLAT":"-81.14595133,29.13867339","USNG":"17R MN 85803 23358","OWNERSHIP":"COUNTY","PARCELID":"31160100000011","FACILITY_T":"LOCAL CORRECTIONAL INSTITUTION","Asset_Elevation":null,"Owned_Maintained":"COUNTY","Asset":"LOCAL CORRECTIONAL INSTITUTION","Asset_Sub_Type":null,"Asset_Type":"Correctional Facilities","Asset_Group":"Critical Community and Emergency Facilities","Asset_Relevancy":"Locally Significant","Asset_ID":"CF_PT_364","Municipality":null,"Water_Management_District":"St. Johns River Water Management District","Souce_Dataset_Entity":"FDEM","Souce_Dataset_Name":"Correctional Facilities - FDEM","Source_Asset_ID":null,"Restricted_Public_Disclosure":null,"Notes":null,"Regional_Planning_Council":"East Central Florida","FDEP_Regulatory_District":"Central District","RCP_Region":"Northeast","FDOT_District":5,"House_District_Number":28,"Senate_District_Number":8,"CTF_RL_2020":"Not Affected","CTF_RL_2040_IL":"Not Affected","CTF_RL_2040_INT":"Not Affected","CTF_RL_2070_IL":"Not Affected","CTF_RL_2070_INT":"Not Affected","SSF_RL_100YR_CURR":"Not Affected","SSF_RL_100YR_2040_IL":"Not Affected","SSF_RL_100YR_2040_INT":"Not Affected","SSF_RL_100YR_2070_IL":"Not Affected","SSF_RL_100YR_2070_INT":"Not Affected","SSF_RL_500YR_CURR":"Not Affected","SSF_RL_500YR_2040_IL":"Not Affected","SSF_RL_500YR_2040_INT":"Not Affected","SSF_RL_500YR_2070_IL":"Not Affected","SSF_RL_500YR_2070_INT":"Not Affected","RIF_RL_100YR_2020":"Not Affected","RIF_RL_100YR_2040":"Not Affected","RIF_RL_100YR_2070":"Not Affected","RIF_RL_500YR_2020":"Not Affected","RIF_RL_500YR_2040":"Not Affected","RIF_RL_500YR_2070":"Not Affected"}},{"type":"Feature","id":365,"geometry":{"type":"Point","coordinates":[-81.1505260689238,29.1348392039148]},"properties":{"OBJECTID_1":365,"OBJECTID":365,"Name":"VOLUSIA COUNTY BRANCH JAIL","Address":"1300 RED JOHN DR","City":"DAYTONA BEACH","Zip":"32124","COUNTY":"Volusia","X":-81.15052607,"Y":29.1348392,"LONGLAT":"-81.15052607,29.13483920","USNG":"17R MN 85357 22934","OWNERSHIP":"SPECIAL TAXING DISTRICT","PARCELID":"31160100000015","FACILITY_T":"LOCAL CORRECTIONAL INSTITUTION","Asset_Elevation":null,"Owned_Maintained":"SPECIAL TAXING DISTRICT","Asset":"LOCAL CORRECTIONAL INSTITUTION","Asset_Sub_Type":null,"Asset_Type":"Correctional Facilities","Asset_Group":"Critical Community and Emergency Facilities","Asset_Relevancy":"Locally Significant","Asset_ID":"CF_PT_365","Municipality":null,"Water_Management_District":"St. Johns River Water Management District","Souce_Dataset_Entity":"FDEM","Souce_Dataset_Name":"Correctional Facilities - FDEM","Source_Asset_ID":null,"Restricted_Public_Disclosure":null,"Notes":null,"Regional_Planning_Council":"East Central Florida","FDEP_Regulatory_District":"Central District","RCP_Region":"Northeast","FDOT_District":5,"House_District_Number":28,"Senate_District_Number":8,"CTF_RL_2020":"Not Affected","CTF_RL_2040_IL":"Not Affected","CTF_RL_2040_INT":"Not Affected","CTF_RL_2070_IL":"Not Affected","CTF_RL_2070_INT":"Not Affected","SSF_RL_100YR_CURR":"Not Affected","SSF_RL_100YR_2040_IL":"Not Affected","SSF_RL_100YR_2040_INT":"Not Affected","SSF_RL_100YR_2070_IL":"Not Affected","SSF_RL_100YR_2070_INT":"Not Affected","SSF_RL_500YR_CURR":"Not Affected","SSF_RL_500YR_2040_IL":"Not Affected","SSF_RL_500YR_2040_INT":"Not Affected","SSF_RL_500YR_2070_IL":"Not Affected","SSF_RL_500YR_2070_INT":"Not Affected","RIF_RL_100YR_2020":"Not Affected","RIF_RL_100YR_2040":"Not Affected","RIF_RL_100YR_2070":"Not Affected","RIF_RL_500YR_2020":"Not Affected","RIF_RL_500YR_2040":"Not Affected","RIF_RL_500YR_2070":"Not Affected"}},{"type":"Feature","id":366,"geometry":{"type":"Point","coordinates":[-81.1596266793493,29.1560179295124]},"properties":{"OBJECTID_1":366,"OBJECTID":366,"Name":"TOMOKA WORK CAMP","Address":"3950 TIGER BAY RD","City":"DAYTONA BEACH","Zip":"32124","COUNTY":"Volusia","X":-81.15962668,"Y":29.15601793,"LONGLAT":"-81.15962668,29.15601793","USNG":"17R MN 84475 25281","OWNERSHIP":"STATE","PARCELID":"31153600000090","FACILITY_T":"LOCAL CORRECTIONAL INSTITUTION","Asset_Elevation":null,"Owned_Maintained":"STATE","Asset":"LOCAL CORRECTIONAL INSTITUTION","Asset_Sub_Type":null,"Asset_Type":"Correctional Facilities","Asset_Group":"Critical Community and Emergency Facilities","Asset_Relevancy":"Locally Significant","Asset_ID":"CF_PT_366","Municipality":null,"Water_Management_District":"St. Johns River Water Management District","Souce_Dataset_Entity":"FDEM","Souce_Dataset_Name":"Correctional Facilities - FDEM","Source_Asset_ID":null,"Restricted_Public_Disclosure":null,"Notes":null,"Regional_Planning_Council":"East Central Florida","FDEP_Regulatory_District":"Central District","RCP_Region":"Northeast","FDOT_District":5,"House_District_Number":28,"Senate_District_Number":8,"CTF_RL_2020":"Not Affected","CTF_RL_2040_IL":"Not Affected","CTF_RL_2040_INT":"Not Affected","CTF_RL_2070_IL":"Not Affected","CTF_RL_2070_INT":"Not Affected","SSF_RL_100YR_CURR":"Not Affected","SSF_RL_100YR_2040_IL":"Not Affected","SSF_RL_100YR_2040_INT":"Not Affected","SSF_RL_100YR_2070_IL":"Not Affected","SSF_RL_100YR_2070_INT":"Not Affected","SSF_RL_500YR_CURR":"Not Affected","SSF_RL_500YR_2040_IL":"Not Affected","SSF_RL_500YR_2040_INT":"Not Affected","SSF_RL_500YR_2070_IL":"Not Affected","SSF_RL_500YR_2070_INT":"Not Affected","RIF_RL_100YR_2020":"Not Affected","RIF_RL_100YR_2040":"Low","RIF_RL_100YR_2070":"Low","RIF_RL_500YR_2020":"Low","RIF_RL_500YR_2040":"Low","RIF_RL_500YR_2070":"Low"}},{"type":"Feature","id":367,"geometry":{"type":"Point","coordinates":[-81.1520017353485,29.1445542290071]},"properties":{"OBJECTID_1":367,"OBJECTID":367,"Name":"OAKS HALFWAY HOUSE","Address":"3875 TIGER BAY RD","City":"DAYTONA BEACH","Zip":"32124","COUNTY":"Volusia","X":-81.15200173,"Y":29.14455423,"LONGLAT":"-81.15200173,29.14455423","USNG":"17R MN 85215 24010","OWNERSHIP":" ","PARCELID":"31160100000012","FACILITY_T":"LOCAL CORRECTIONAL INSTITUTION","Asset_Elevation":null,"Owned_Maintained":" ","Asset":"LOCAL CORRECTIONAL INSTITUTION","Asset_Sub_Type":null,"Asset_Type":"Correctional Facilities","Asset_Group":"Critical Community and Emergency Facilities","Asset_Relevancy":"Locally Significant","Asset_ID":"CF_PT_367","Municipality":null,"Water_Management_District":"St. Johns River Water Management District","Souce_Dataset_Entity":"FDEM","Souce_Dataset_Name":"Correctional Facilities - FDEM","Source_Asset_ID":null,"Restricted_Public_Disclosure":null,"Notes":null,"Regional_Planning_Council":"East Central Florida","FDEP_Regulatory_District":"Central District","RCP_Region":"Northeast","FDOT_District":5,"House_District_Number":28,"Senate_District_Number":8,"CTF_RL_2020":"Not Affected","CTF_RL_2040_IL":"Not Affected","CTF_RL_2040_INT":"Not Affected","CTF_RL_2070_IL":"Not Affected","CTF_RL_2070_INT":"Not Affected","SSF_RL_100YR_CURR":"Not Affected","SSF_RL_100YR_2040_IL":"Not Affected","SSF_RL_100YR_2040_INT":"Not Affected","SSF_RL_100YR_2070_IL":"Not Affected","SSF_RL_100YR_2070_INT":"Not Affected","SSF_RL_500YR_CURR":"Not Affected","SSF_RL_500YR_2040_IL":"Not Affected","SSF_RL_500YR_2040_INT":"Not Affected","SSF_RL_500YR_2070_IL":"Not Affected","SSF_RL_500YR_2070_INT":"Not Affected","RIF_RL_100YR_2020":"Not Affected","RIF_RL_100YR_2040":"Not Affected","RIF_RL_100YR_2070":"Not Affected","RIF_RL_500YR_2020":"Not Affected","RIF_RL_500YR_2040":"Not Affected","RIF_RL_500YR_2070":"Not Affected"}},{"type":"Feature","id":368,"geometry":{"type":"Point","coordinates":[-81.0487763866506,29.2154950992644]},"properties":{"OBJECTID_1":368,"OBJECTID":368,"Name":"VOLUSIA HALFWAY HOUSE","Address":"1047 MADISON AVE","City":"DAYTONA BEACH","Zip":"32114","COUNTY":"Volusia","X":-81.04877639,"Y":29.2154951,"LONGLAT":"-81.04877639,29.21549510","USNG":"17R MN 95259 31861","OWNERSHIP":"STATE","PARCELID":"33153801180065","FACILITY_T":"LOCAL CORRECTIONAL INSTITUTION","Asset_Elevation":null,"Owned_Maintained":"STATE","Asset":"LOCAL CORRECTIONAL INSTITUTION","Asset_Sub_Type":null,"Asset_Type":"Correctional Facilities","Asset_Group":"Critical Community and Emergency Facilities","Asset_Relevancy":"Locally Significant","Asset_ID":"CF_PT_368","Municipality":"Daytona Beach","Water_Management_District":"St. Johns River Water Management District","Souce_Dataset_Entity":"FDEM","Souce_Dataset_Name":"Correctional Facilities - FDEM","Source_Asset_ID":null,"Restricted_Public_Disclosure":null,"Notes":null,"Regional_Planning_Council":"East Central Florida","FDEP_Regulatory_District":"Central District","RCP_Region":"Northeast","FDOT_District":5,"House_District_Number":28,"Senate_District_Number":8,"CTF_RL_2020":"Not Affected","CTF_RL_2040_IL":"Not Affected","CTF_RL_2040_INT":"Not Affected","CTF_RL_2070_IL":"Not Affected","CTF_RL_2070_INT":"Not Affected","SSF_RL_100YR_CURR":"Not Affected","SSF_RL_100YR_2040_IL":"Not Affected","SSF_RL_100YR_2040_INT":"Not Affected","SSF_RL_100YR_2070_IL":"Not Affected","SSF_RL_100YR_2070_INT":"Not Affected","SSF_RL_500YR_CURR":"Not Affected","SSF_RL_500YR_2040_IL":"Not Affected","SSF_RL_500YR_2040_INT":"Not Affected","SSF_RL_500YR_2070_IL":"Not Affected","SSF_RL_500YR_2070_INT":"Not Affected","RIF_RL_100YR_2020":"Not Affected","RIF_RL_100YR_2040":"Not Affected","RIF_RL_100YR_2070":"Not Affected","RIF_RL_500YR_2020":"Not Affected","RIF_RL_500YR_2040":"Not Affected","RIF_RL_500YR_2070":"Not Affected"}},{"type":"Feature","id":369,"geometry":{"type":"Point","coordinates":[-81.157343901853,29.1510044017398]},"properties":{"OBJECTID_1":369,"OBJECTID":369,"Name":"TOMOKA CORRECTIONAL INSTITUTION (MALE)","Address":"3950 TIGER BAY RD","City":"DAYTONA BEACH","Zip":"32124","COUNTY":"Volusia","X":-81.1573439,"Y":29.1510044,"LONGLAT":"-81.15734390,29.15100440","USNG":"17R MN 84697 24726","OWNERSHIP":"STATE","PARCELID":"31153600000090","FACILITY_T":"LOCAL CORRECTIONAL INSTITUTION","Asset_Elevation":null,"Owned_Maintained":"STATE","Asset":"LOCAL CORRECTIONAL INSTITUTION","Asset_Sub_Type":null,"Asset_Type":"Correctional Facilities","Asset_Group":"Critical Community and Emergency Facilities","Asset_Relevancy":"Locally Significant","Asset_ID":"CF_PT_369","Municipality":null,"Water_Management_District":"St. Johns River Water Management District","Souce_Dataset_Entity":"FDEM","Souce_Dataset_Name":"Correctional Facilities - FDEM","Source_Asset_ID":null,"Restricted_Public_Disclosure":null,"Notes":null,"Regional_Planning_Council":"East Central Florida","FDEP_Regulatory_District":"Central District","RCP_Region":"Northeast","FDOT_District":5,"House_District_Number":28,"Senate_District_Number":8,"CTF_RL_2020":"Not Affected","CTF_RL_2040_IL":"Not Affected","CTF_RL_2040_INT":"Not Affected","CTF_RL_2070_IL":"Not Affected","CTF_RL_2070_INT":"Not Affected","SSF_RL_100YR_CURR":"Not Affected","SSF_RL_100YR_2040_IL":"Not Affected","SSF_RL_100YR_2040_INT":"Not Affected","SSF_RL_100YR_2070_IL":"Not Affected","SSF_RL_100YR_2070_INT":"Not Affected","SSF_RL_500YR_CURR":"Not Affected","SSF_RL_500YR_2040_IL":"Not Affected","SSF_RL_500YR_2040_INT":"Not Affected","SSF_RL_500YR_2070_IL":"Not Affected","SSF_RL_500YR_2070_INT":"Not Affected","RIF_RL_100YR_2020":"Not Affected","RIF_RL_100YR_2040":"Not Affected","RIF_RL_100YR_2070":"Not Affected","RIF_RL_500YR_2020":"Not Affected","RIF_RL_500YR_2040":"Not Affected","RIF_RL_500YR_2070":"Not Affected"}},{"type":"Feature","id":370,"geometry":{"type":"Point","coordinates":[-81.1450825352025,29.1363965913925]},"properties":{"OBJECTID_1":370,"OBJECTID":370,"Name":"VOLUSIA REG JUVENILE DETENTION CENTER","Address":"3840 OLD DELAND RD","City":"DAYTONA BEACH","Zip":"32124","COUNTY":"Volusia","X":-81.14508254,"Y":29.13639659,"LONGLAT":"-81.14508254,29.13639659","USNG":"17R MN 85887 23106","OWNERSHIP":"COUNTY","PARCELID":"31160100000041","FACILITY_T":"JUVENILE CORRECTIONAL INSTITUTION","Asset_Elevation":null,"Owned_Maintained":"COUNTY","Asset":"JUVENILE CORRECTIONAL INSTITUTION","Asset_Sub_Type":null,"Asset_Type":"Correctional Facilities","Asset_Group":"Critical Community and Emergency Facilities","Asset_Relevancy":"Locally Significant","Asset_ID":"CF_PT_370","Municipality":null,"Water_Management_District":"St. Johns River Water Management District","Souce_Dataset_Entity":"FDEM","Souce_Dataset_Name":"Correctional Facilities - FDEM","Source_Asset_ID":null,"Restricted_Public_Disclosure":null,"Notes":null,"Regional_Planning_Council":"East Central Florida","FDEP_Regulatory_District":"Central District","RCP_Region":"Northeast","FDOT_District":5,"House_District_Number":28,"Senate_District_Number":8,"CTF_RL_2020":"Not Affected","CTF_RL_2040_IL":"Not Affected","CTF_RL_2040_INT":"Not Affected","CTF_RL_2070_IL":"Not Affected","CTF_RL_2070_INT":"Not Affected","SSF_RL_100YR_CURR":"Not Affected","SSF_RL_100YR_2040_IL":"Not Affected","SSF_RL_100YR_2040_INT":"Not Affected","SSF_RL_100YR_2070_IL":"Not Affected","SSF_RL_100YR_2070_INT":"Not Affected","SSF_RL_500YR_CURR":"Not Affected","SSF_RL_500YR_2040_IL":"Not Affected","SSF_RL_500YR_2040_INT":"Not Affected","SSF_RL_500YR_2070_IL":"Not Affected","SSF_RL_500YR_2070_INT":"Not Affected","RIF_RL_100YR_2020":"Not Affected","RIF_RL_100YR_2040":"Not Affected","RIF_RL_100YR_2070":"Not Affected","RIF_RL_500YR_2020":"Not Affected","RIF_RL_500YR_2040":"Not Affected","RIF_RL_500YR_2070":"Not Affected"}},{"type":"Feature","id":371,"geometry":{"type":"Point","coordinates":[-81.1459513342469,29.1386733885543]},"properties":{"OBJECTID_1":371,"OBJECTID":371,"Name":"VOLUSIA COUNTY CORRECTIONAL FACILITY","Address":"1354 INDIAN LAKE RD","City":"DAYTONA BEACH","Zip":"32124","COUNTY":"Volusia","X":-81.14595133,"Y":29.13867339,"LONGLAT":"-81.14595133,29.13867339","USNG":"17R MN 85803 23358","OWNERSHIP":"COUNTY","PARCELID":"31160100000011","FACILITY_T":"JUVENILE CORRECTIONAL INSTITUTION","Asset_Elevation":null,"Owned_Maintained":"COUNTY","Asset":"JUVENILE CORRECTIONAL INSTITUTION","Asset_Sub_Type":null,"Asset_Type":"Correctional Facilities","Asset_Group":"Critical Community and Emergency Facilities","Asset_Relevancy":"Locally Significant","Asset_ID":"CF_PT_371","Municipality":null,"Water_Management_District":"St. Johns River Water Management District","Souce_Dataset_Entity":"FDEM","Souce_Dataset_Name":"Correctional Facilities - FDEM","Source_Asset_ID":null,"Restricted_Public_Disclosure":null,"Notes":null,"Regional_Planning_Council":"East Central Florida","FDEP_Regulatory_District":"Central District","RCP_Region":"Northeast","FDOT_District":5,"House_District_Number":28,"Senate_District_Number":8,"CTF_RL_2020":"Not Affected","CTF_RL_2040_IL":"Not Affected","CTF_RL_2040_INT":"Not Affected","CTF_RL_2070_IL":"Not Affected","CTF_RL_2070_INT":"Not Affected","SSF_RL_100YR_CURR":"Not Affected","SSF_RL_100YR_2040_IL":"Not Affected","SSF_RL_100YR_2040_INT":"Not Affected","SSF_RL_100YR_2070_IL":"Not Affected","SSF_RL_100YR_2070_INT":"Not Affected","SSF_RL_500YR_CURR":"Not Affected","SSF_RL_500YR_2040_IL":"Not Affected","SSF_RL_500YR_2040_INT":"Not Affected","SSF_RL_500YR_2070_IL":"Not Affected","SSF_RL_500YR_2070_INT":"Not Affected","RIF_RL_100YR_2020":"Not Affected","RIF_RL_100YR_2040":"Not Affected","RIF_RL_100YR_2070":"Not Affected","RIF_RL_500YR_2020":"Not Affected","RIF_RL_500YR_2040":"Not Affected","RIF_RL_500YR_2070":"Not Affected"}},{"type":"Feature","id":372,"geometry":{"type":"Point","coordinates":[-81.1434019198647,29.1411827278035]},"properties":{"OBJECTID_1":372,"OBJECTID":372,"Name":"REALITY HOUSE","Address":"1341 INDIAN LAKE RD","City":"DAYTONA BEACH","Zip":"32124","COUNTY":"Volusia","X":-81.14340192,"Y":29.14118273,"LONGLAT":"-81.14340192,29.14118273","USNG":"17R MN 86051 23636","OWNERSHIP":" ","PARCELID":"31160100000013","FACILITY_T":"CORRECTIONAL FACILITY","Asset_Elevation":null,"Owned_Maintained":" ","Asset":"CORRECTIONAL FACILITY","Asset_Sub_Type":null,"Asset_Type":"Correctional Facilities","Asset_Group":"Critical Community and Emergency Facilities","Asset_Relevancy":"Locally Significant","Asset_ID":"CF_PT_372","Municipality":null,"Water_Management_District":"St. Johns River Water Management District","Souce_Dataset_Entity":"FDEM","Souce_Dataset_Name":"Correctional Facilities - FDEM","Source_Asset_ID":null,"Restricted_Public_Disclosure":null,"Notes":null,"Regional_Planning_Council":"East Central Florida","FDEP_Regulatory_District":"Central District","RCP_Region":"Northeast","FDOT_District":5,"House_District_Number":28,"Senate_District_Number":8,"CTF_RL_2020":"Not Affected","CTF_RL_2040_IL":"Not Affected","CTF_RL_2040_INT":"Not Affected","CTF_RL_2070_IL":"Not Affected","CTF_RL_2070_INT":"Not Affected","SSF_RL_100YR_CURR":"Not Affected","SSF_RL_100YR_2040_IL":"Not Affected","SSF_RL_100YR_2040_INT":"Not Affected","SSF_RL_100YR_2070_IL":"Not Affected","SSF_RL_100YR_2070_INT":"Not Affected","SSF_RL_500YR_CURR":"Not Affected","SSF_RL_500YR_2040_IL":"Not Affected","SSF_RL_500YR_2040_INT":"Not Affected","SSF_RL_500YR_2070_IL":"Not Affected","SSF_RL_500YR_2070_INT":"Not Affected","RIF_RL_100YR_2020":"Not Affected","RIF_RL_100YR_2040":"Not Affected","RIF_RL_100YR_2070":"Not Affected","RIF_RL_500YR_2020":"Not Affected","RIF_RL_500YR_2040":"Not Affected","RIF_RL_500YR_2070":"Not Affected"}},{"type":"Feature","id":373,"geometry":{"type":"Point","coordinates":[-81.1427644121249,29.1367427165747]},"properties":{"OBJECTID_1":373,"OBJECTID":373,"Name":"THREE SPRINGS JUVENILE DETENTION CENTER","Address":"1386 INDIAN LAKE RD","City":"DAYTONA BEACH","Zip":"32124","COUNTY":"Volusia","X":-81.14276441,"Y":29.13674272,"LONGLAT":"-81.14276441,29.13674272","USNG":"17R MN 86113 23144","OWNERSHIP":"STATE","PARCELID":"32160600000030","FACILITY_T":"CORRECTIONAL FACILITY","Asset_Elevation":null,"Owned_Maintained":"STATE","Asset":"CORRECTIONAL FACILITY","Asset_Sub_Type":null,"Asset_Type":"Correctional Facilities","Asset_Group":"Critical Community and Emergency Facilities","Asset_Relevancy":"Locally Significant","Asset_ID":"CF_PT_373","Municipality":null,"Water_Management_District":"St. Johns River Water Management District","Souce_Dataset_Entity":"FDEM","Souce_Dataset_Name":"Correctional Facilities - FDEM","Source_Asset_ID":null,"Restricted_Public_Disclosure":null,"Notes":null,"Regional_Planning_Council":"East Central Florida","FDEP_Regulatory_District":"Central District","RCP_Region":"Northeast","FDOT_District":5,"House_District_Number":28,"Senate_District_Number":8,"CTF_RL_2020":"Not Affected","CTF_RL_2040_IL":"Not Affected","CTF_RL_2040_INT":"Not Affected","CTF_RL_2070_IL":"Not Affected","CTF_RL_2070_INT":"Not Affected","SSF_RL_100YR_CURR":"Not Affected","SSF_RL_100YR_2040_IL":"Not Affected","SSF_RL_100YR_2040_INT":"Not Affected","SSF_RL_100YR_2070_IL":"Not Affected","SSF_RL_100YR_2070_INT":"Not Affected","SSF_RL_500YR_CURR":"Not Affected","SSF_RL_500YR_2040_IL":"Not Affected","SSF_RL_500YR_2040_INT":"Not Affected","SSF_RL_500YR_2070_IL":"Not Affected","SSF_RL_500YR_2070_INT":"Not Affected","RIF_RL_100YR_2020":"Not Affected","RIF_RL_100YR_2040":"Not Affected","RIF_RL_100YR_2070":"Not Affected","RIF_RL_500YR_2020":"Not Affected","RIF_RL_500YR_2040":"Not Affected","RIF_RL_500YR_2070":"Not Affected"}},{"type":"Feature","id":374,"geometry":{"type":"Point","coordinates":[-84.3772582667503,30.1966093504345]},"properties":{"OBJECTID_1":374,"OBJECTID":374,"Name":"WAKULLA COUNTY JAIL","Address":"15 OAK ST","City":"CRAWFORDVILLE","Zip":"32327","COUNTY":"Wakulla","X":-84.37725827,"Y":30.19660935,"LONGLAT":"-84.37725827,30.19660935","USNG":"16R GU 52501 43479","OWNERSHIP":"COUNTY","PARCELID":"00-00-075-000-10242-000","FACILITY_T":"CORRECTIONAL FACILITY","Asset_Elevation":null,"Owned_Maintained":"COUNTY","Asset":"CORRECTIONAL FACILITY","Asset_Sub_Type":null,"Asset_Type":"Correctional Facilities","Asset_Group":"Critical Community and Emergency Facilities","Asset_Relevancy":"Locally Significant","Asset_ID":"CF_PT_374","Municipality":null,"Water_Management_District":"Northwest Florida Water Management District","Souce_Dataset_Entity":"FDEM","Souce_Dataset_Name":"Correctional Facilities - FDEM","Source_Asset_ID":null,"Restricted_Public_Disclosure":null,"Notes":null,"Regional_Planning_Council":"Apalachee","FDEP_Regulatory_District":"Northwest District","RCP_Region":"Northwest","FDOT_District":3,"House_District_Number":7,"Senate_District_Number":3,"CTF_RL_2020":"Not Affected","CTF_RL_2040_IL":"Not Affected","CTF_RL_2040_INT":"Not Affected","CTF_RL_2070_IL":"Not Affected","CTF_RL_2070_INT":"Not Affected","SSF_RL_100YR_CURR":"Not Affected","SSF_RL_100YR_2040_IL":"Not Affected","SSF_RL_100YR_2040_INT":"Not Affected","SSF_RL_100YR_2070_IL":"Not Affected","SSF_RL_100YR_2070_INT":"Not Affected","SSF_RL_500YR_CURR":"Not Affected","SSF_RL_500YR_2040_IL":"Not Affected","SSF_RL_500YR_2040_INT":"Not Affected","SSF_RL_500YR_2070_IL":"Not Affected","SSF_RL_500YR_2070_INT":"Not Affected","RIF_RL_100YR_2020":"Not Affected","RIF_RL_100YR_2040":"Not Affected","RIF_RL_100YR_2070":"Not Affected","RIF_RL_500YR_2020":"Not Affected","RIF_RL_500YR_2040":"Not Affected","RIF_RL_500YR_2070":"Not Affected"}},{"type":"Feature","id":375,"geometry":{"type":"Point","coordinates":[-84.1768409121393,30.2632828843778]},"properties":{"OBJECTID_1":375,"OBJECTID":375,"Name":"WAKULLA WORK CAMP","Address":"110 MELALEUCA DR","City":"CRAWFORDVILLE","Zip":"32327","COUNTY":"Wakulla","X":-84.17684091,"Y":30.26328288,"LONGLAT":"-84.17684091,30.26328288","USNG":"16R GU 71620 51334","OWNERSHIP":" ","PARCELID":"31-2S-02E-000-05864-002","FACILITY_T":"LOCAL CORRECTIONAL INSTITUTION","Asset_Elevation":null,"Owned_Maintained":" ","Asset":"LOCAL CORRECTIONAL INSTITUTION","Asset_Sub_Type":null,"Asset_Type":"Correctional Facilities","Asset_Group":"Critical Community and Emergency Facilities","Asset_Relevancy":"Locally Significant","Asset_ID":"CF_PT_375","Municipality":null,"Water_Management_District":"Northwest Florida Water Management District","Souce_Dataset_Entity":"FDEM","Souce_Dataset_Name":"Correctional Facilities - FDEM","Source_Asset_ID":null,"Restricted_Public_Disclosure":null,"Notes":null,"Regional_Planning_Council":"Apalachee","FDEP_Regulatory_District":"Northwest District","RCP_Region":"Northwest","FDOT_District":3,"House_District_Number":7,"Senate_District_Number":3,"CTF_RL_2020":"Not Affected","CTF_RL_2040_IL":"Not Affected","CTF_RL_2040_INT":"Not Affected","CTF_RL_2070_IL":"Not Affected","CTF_RL_2070_INT":"Not Affected","SSF_RL_100YR_CURR":"Not Affected","SSF_RL_100YR_2040_IL":"Not Affected","SSF_RL_100YR_2040_INT":"Not Affected","SSF_RL_100YR_2070_IL":"Not Affected","SSF_RL_100YR_2070_INT":"Not Affected","SSF_RL_500YR_CURR":"Not Affected","SSF_RL_500YR_2040_IL":"Not Affected","SSF_RL_500YR_2040_INT":"Not Affected","SSF_RL_500YR_2070_IL":"Not Affected","SSF_RL_500YR_2070_INT":"Not Affected","RIF_RL_100YR_2020":"Not Affected","RIF_RL_100YR_2040":"Not Affected","RIF_RL_100YR_2070":"Not Affected","RIF_RL_500YR_2020":"Not Affected","RIF_RL_500YR_2040":"Not Affected","RIF_RL_500YR_2070":"Not Affected"}},{"type":"Feature","id":376,"geometry":{"type":"Point","coordinates":[-84.178305230142,30.2607397701973]},"properties":{"OBJECTID_1":376,"OBJECTID":376,"Name":"WAKULLA CORRECTIONAL INSTITUTION","Address":"110 MELALEUCA DR","City":"CRAWFORDVILLE","Zip":"32327","COUNTY":"Wakulla","X":-84.17830523,"Y":30.26073977,"LONGLAT":"-84.17830523,30.26073977","USNG":"16R GU 71486 51048","OWNERSHIP":" ","PARCELID":"31-2S-02E-000-05864-002","FACILITY_T":"LOCAL CORRECTIONAL INSTITUTION","Asset_Elevation":null,"Owned_Maintained":" ","Asset":"LOCAL CORRECTIONAL INSTITUTION","Asset_Sub_Type":null,"Asset_Type":"Correctional Facilities","Asset_Group":"Critical Community and Emergency Facilities","Asset_Relevancy":"Locally Significant","Asset_ID":"CF_PT_376","Municipality":null,"Water_Management_District":"Northwest Florida Water Management District","Souce_Dataset_Entity":"FDEM","Souce_Dataset_Name":"Correctional Facilities - FDEM","Source_Asset_ID":null,"Restricted_Public_Disclosure":null,"Notes":null,"Regional_Planning_Council":"Apalachee","FDEP_Regulatory_District":"Northwest District","RCP_Region":"Northwest","FDOT_District":3,"House_District_Number":7,"Senate_District_Number":3,"CTF_RL_2020":"Not Affected","CTF_RL_2040_IL":"Not Affected","CTF_RL_2040_INT":"Not Affected","CTF_RL_2070_IL":"Not Affected","CTF_RL_2070_INT":"Not Affected","SSF_RL_100YR_CURR":"Not Affected","SSF_RL_100YR_2040_IL":"Not Affected","SSF_RL_100YR_2040_INT":"Not Affected","SSF_RL_100YR_2070_IL":"Not Affected","SSF_RL_100YR_2070_INT":"Not Affected","SSF_RL_500YR_CURR":"Not Affected","SSF_RL_500YR_2040_IL":"Not Affected","SSF_RL_500YR_2040_INT":"Not Affected","SSF_RL_500YR_2070_IL":"Not Affected","SSF_RL_500YR_2070_INT":"Not Affected","RIF_RL_100YR_2020":"Not Affected","RIF_RL_100YR_2040":"Not Affected","RIF_RL_100YR_2070":"Not Affected","RIF_RL_500YR_2020":"Not Affected","RIF_RL_500YR_2040":"Not Affected","RIF_RL_500YR_2070":"Not Affected"}},{"type":"Feature","id":377,"geometry":{"type":"Point","coordinates":[-84.1752239441353,30.2574995718633]},"properties":{"OBJECTID_1":377,"OBJECTID":377,"Name":"FLORIDA DEPARTMENT OF CORRECTIONS REGION 1 - WAKULLA ANNEX","Address":"110 MELALEUCA DR","City":"CRAWFORDVILLE","Zip":"32327","COUNTY":"Wakulla","X":-84.17522394,"Y":30.25749957,"LONGLAT":"-84.17522394,30.25749957","USNG":"16R GU 71791 50696","OWNERSHIP":"STATE","PARCELID":"31-2S-02E-000-05864-002","FACILITY_T":"STATE CORRECTIONAL INSTITUTION","Asset_Elevation":null,"Owned_Maintained":"STATE","Asset":"STATE CORRECTIONAL INSTITUTION","Asset_Sub_Type":null,"Asset_Type":"Correctional Facilities","Asset_Group":"Critical Community and Emergency Facilities","Asset_Relevancy":"Locally Significant","Asset_ID":"CF_PT_377","Municipality":null,"Water_Management_District":"Northwest Florida Water Management District","Souce_Dataset_Entity":"FDEM","Souce_Dataset_Name":"Correctional Facilities - FDEM","Source_Asset_ID":null,"Restricted_Public_Disclosure":null,"Notes":null,"Regional_Planning_Council":"Apalachee","FDEP_Regulatory_District":"Northwest District","RCP_Region":"Northwest","FDOT_District":3,"House_District_Number":7,"Senate_District_Number":3,"CTF_RL_2020":"Not Affected","CTF_RL_2040_IL":"Not Affected","CTF_RL_2040_INT":"Not Affected","CTF_RL_2070_IL":"Not Affected","CTF_RL_2070_INT":"Not Affected","SSF_RL_100YR_CURR":"Not Affected","SSF_RL_100YR_2040_IL":"Not Affected","SSF_RL_100YR_2040_INT":"Not Affected","SSF_RL_100YR_2070_IL":"Not Affected","SSF_RL_100YR_2070_INT":"Not Affected","SSF_RL_500YR_CURR":"Not Affected","SSF_RL_500YR_2040_IL":"Not Affected","SSF_RL_500YR_2040_INT":"Not Affected","SSF_RL_500YR_2070_IL":"Not Affected","SSF_RL_500YR_2070_INT":"Not Affected","RIF_RL_100YR_2020":"Not Affected","RIF_RL_100YR_2040":"Not Affected","RIF_RL_100YR_2070":"Not Affected","RIF_RL_500YR_2020":"Not Affected","RIF_RL_500YR_2040":"Not Affected","RIF_RL_500YR_2070":"Not Affected"}},{"type":"Feature","id":378,"geometry":{"type":"Point","coordinates":[-86.164091004972,30.7342600467878]},"properties":{"OBJECTID_1":378,"OBJECTID":378,"Name":"FLORIDA DOJJ NORTH REGION - NORTH AMERICA FAMILY INSTITUTE SHOP","Address":"286 GENE HURLEY RD","City":"DEFUNIAK SPRINGS","Zip":"32435","COUNTY":"Walton","X":-86.164091,"Y":30.73426005,"LONGLAT":"-86.16409100,30.73426005","USNG":"16R EV 80022 00450","OWNERSHIP":"STATE","PARCELID":"29-3N-19-19000-008-0020","FACILITY_T":"STATE CORRECTIONAL INSTITUTION","Asset_Elevation":null,"Owned_Maintained":"STATE","Asset":"STATE CORRECTIONAL INSTITUTION","Asset_Sub_Type":null,"Asset_Type":"Correctional Facilities","Asset_Group":"Critical Community and Emergency Facilities","Asset_Relevancy":"Locally Significant","Asset_ID":"CF_PT_378","Municipality":null,"Water_Management_District":"Northwest Florida Water Management District","Souce_Dataset_Entity":"FDEM","Souce_Dataset_Name":"Correctional Facilities - FDEM","Source_Asset_ID":null,"Restricted_Public_Disclosure":null,"Notes":null,"Regional_Planning_Council":"Emerald Coast","FDEP_Regulatory_District":"Northwest District","RCP_Region":"Northwest","FDOT_District":3,"House_District_Number":5,"Senate_District_Number":2,"CTF_RL_2020":"Not Affected","CTF_RL_2040_IL":"Not Affected","CTF_RL_2040_INT":"Not Affected","CTF_RL_2070_IL":"Not Affected","CTF_RL_2070_INT":"Not Affected","SSF_RL_100YR_CURR":"Not Affected","SSF_RL_100YR_2040_IL":"Not Affected","SSF_RL_100YR_2040_INT":"Not Affected","SSF_RL_100YR_2070_IL":"Not Affected","SSF_RL_100YR_2070_INT":"Not Affected","SSF_RL_500YR_CURR":"Not Affected","SSF_RL_500YR_2040_IL":"Not Affected","SSF_RL_500YR_2040_INT":"Not Affected","SSF_RL_500YR_2070_IL":"Not Affected","SSF_RL_500YR_2070_INT":"Not Affected","RIF_RL_100YR_2020":"Not Affected","RIF_RL_100YR_2040":"Not Affected","RIF_RL_100YR_2070":"Not Affected","RIF_RL_500YR_2020":"Not Affected","RIF_RL_500YR_2040":"Not Affected","RIF_RL_500YR_2070":"Not Affected"}},{"type":"Feature","id":379,"geometry":{"type":"Point","coordinates":[-86.1852108053609,30.3744325286076]},"properties":{"OBJECTID_1":379,"OBJECTID":379,"Name":"WALTON COUNTY ROAD OFFICE DISTRICT 5, ZONE 3","Address":"142 COMMUNITY WAY","City":"SANTA ROSA BEACH","Zip":"32459","COUNTY":"Walton","X":-86.18521081,"Y":30.37443253,"LONGLAT":"-86.18521081,30.37443253","USNG":"16R EU 78289 60558","OWNERSHIP":" ","PARCELID":" ","FACILITY_T":"LOCAL CORRECTIONAL INSTITUTION","Asset_Elevation":null,"Owned_Maintained":" ","Asset":"LOCAL CORRECTIONAL INSTITUTION","Asset_Sub_Type":null,"Asset_Type":"Correctional Facilities","Asset_Group":"Critical Community and Emergency Facilities","Asset_Relevancy":"Locally Significant","Asset_ID":"CF_PT_379","Municipality":null,"Water_Management_District":"Northwest Florida Water Management District","Souce_Dataset_Entity":"FDEM","Souce_Dataset_Name":"Correctional Facilities - FDEM","Source_Asset_ID":null,"Restricted_Public_Disclosure":null,"Notes":null,"Regional_Planning_Council":"Emerald Coast","FDEP_Regulatory_District":"Northwest District","RCP_Region":"Northwest","FDOT_District":3,"House_District_Number":5,"Senate_District_Number":2,"CTF_RL_2020":"Not Affected","CTF_RL_2040_IL":"Not Affected","CTF_RL_2040_INT":"Not Affected","CTF_RL_2070_IL":"Not Affected","CTF_RL_2070_INT":"Not Affected","SSF_RL_100YR_CURR":"Not Affected","SSF_RL_100YR_2040_IL":"Not Affected","SSF_RL_100YR_2040_INT":"Not Affected","SSF_RL_100YR_2070_IL":"Not Affected","SSF_RL_100YR_2070_INT":"Not Affected","SSF_RL_500YR_CURR":"Not Affected","SSF_RL_500YR_2040_IL":"Not Affected","SSF_RL_500YR_2040_INT":"Not Affected","SSF_RL_500YR_2070_IL":"Not Affected","SSF_RL_500YR_2070_INT":"Not Affected","RIF_RL_100YR_2020":"Not Affected","RIF_RL_100YR_2040":"Not Affected","RIF_RL_100YR_2070":"Not Affected","RIF_RL_500YR_2020":"Not Affected","RIF_RL_500YR_2040":"Not Affected","RIF_RL_500YR_2070":"Not Affected"}},{"type":"Feature","id":380,"geometry":{"type":"Point","coordinates":[-86.1087639164658,30.7837859033651]},"properties":{"OBJECTID_1":380,"OBJECTID":380,"Name":"WALTON COUNTY DEPARTMENT OF CORRECTIONS","Address":"796 TRIPLE G RD","City":"DEFUNIAK SPRINGS","Zip":"32433","COUNTY":"Walton","X":-86.10876392,"Y":30.7837859,"LONGLAT":"-86.10876392,30.78378590","USNG":"16R EV 85275 05979","OWNERSHIP":"STATE","PARCELID":"01-3N-19-19000-006-0020","FACILITY_T":"LOCAL CORRECTIONAL INSTITUTION","Asset_Elevation":null,"Owned_Maintained":"STATE","Asset":"LOCAL CORRECTIONAL INSTITUTION","Asset_Sub_Type":null,"Asset_Type":"Correctional Facilities","Asset_Group":"Critical Community and Emergency Facilities","Asset_Relevancy":"Locally Significant","Asset_ID":"CF_PT_380","Municipality":null,"Water_Management_District":"Northwest Florida Water Management District","Souce_Dataset_Entity":"FDEM","Souce_Dataset_Name":"Correctional Facilities - FDEM","Source_Asset_ID":null,"Restricted_Public_Disclosure":null,"Notes":null,"Regional_Planning_Council":"Emerald Coast","FDEP_Regulatory_District":"Northwest District","RCP_Region":"Northwest","FDOT_District":3,"House_District_Number":5,"Senate_District_Number":2,"CTF_RL_2020":"Not Affected","CTF_RL_2040_IL":"Not Affected","CTF_RL_2040_INT":"Not Affected","CTF_RL_2070_IL":"Not Affected","CTF_RL_2070_INT":"Not Affected","SSF_RL_100YR_CURR":"Not Affected","SSF_RL_100YR_2040_IL":"Not Affected","SSF_RL_100YR_2040_INT":"Not Affected","SSF_RL_100YR_2070_IL":"Not Affected","SSF_RL_100YR_2070_INT":"Not Affected","SSF_RL_500YR_CURR":"Not Affected","SSF_RL_500YR_2040_IL":"Not Affected","SSF_RL_500YR_2040_INT":"Not Affected","SSF_RL_500YR_2070_IL":"Not Affected","SSF_RL_500YR_2070_INT":"Not Affected","RIF_RL_100YR_2020":"Not Affected","RIF_RL_100YR_2040":"Not Affected","RIF_RL_100YR_2070":"Not Affected","RIF_RL_500YR_2020":"Not Affected","RIF_RL_500YR_2040":"Not Affected","RIF_RL_500YR_2070":"Not Affected"}},{"type":"Feature","id":381,"geometry":{"type":"Point","coordinates":[-86.164091004972,30.7342600467878]},"properties":{"OBJECTID_1":381,"OBJECTID":381,"Name":"NAFI HALFWAY HOUSE","Address":"286 GENE HURLEY RD","City":"DEFUNIAK SPRINGS","Zip":"32435","COUNTY":"Walton","X":-86.164091,"Y":30.73426005,"LONGLAT":"-86.16409100,30.73426005","USNG":"16R EV 80022 00450","OWNERSHIP":"STATE","PARCELID":"29-3N-19-19000-008-0020","FACILITY_T":"CORRECTIONAL FACILITY","Asset_Elevation":null,"Owned_Maintained":"STATE","Asset":"CORRECTIONAL FACILITY","Asset_Sub_Type":null,"Asset_Type":"Correctional Facilities","Asset_Group":"Critical Community and Emergency Facilities","Asset_Relevancy":"Locally Significant","Asset_ID":"CF_PT_381","Municipality":null,"Water_Management_District":"Northwest Florida Water Management District","Souce_Dataset_Entity":"FDEM","Souce_Dataset_Name":"Correctional Facilities - FDEM","Source_Asset_ID":null,"Restricted_Public_Disclosure":null,"Notes":null,"Regional_Planning_Council":"Emerald Coast","FDEP_Regulatory_District":"Northwest District","RCP_Region":"Northwest","FDOT_District":3,"House_District_Number":5,"Senate_District_Number":2,"CTF_RL_2020":"Not Affected","CTF_RL_2040_IL":"Not Affected","CTF_RL_2040_INT":"Not Affected","CTF_RL_2070_IL":"Not Affected","CTF_RL_2070_INT":"Not Affected","SSF_RL_100YR_CURR":"Not Affected","SSF_RL_100YR_2040_IL":"Not Affected","SSF_RL_100YR_2040_INT":"Not Affected","SSF_RL_100YR_2070_IL":"Not Affected","SSF_RL_100YR_2070_INT":"Not Affected","SSF_RL_500YR_CURR":"Not Affected","SSF_RL_500YR_2040_IL":"Not Affected","SSF_RL_500YR_2040_INT":"Not Affected","SSF_RL_500YR_2070_IL":"Not Affected","SSF_RL_500YR_2070_INT":"Not Affected","RIF_RL_100YR_2020":"Not Affected","RIF_RL_100YR_2040":"Not Affected","RIF_RL_100YR_2070":"Not Affected","RIF_RL_500YR_2020":"Not Affected","RIF_RL_500YR_2040":"Not Affected","RIF_RL_500YR_2070":"Not Affected"}},{"type":"Feature","id":382,"geometry":{"type":"Point","coordinates":[-86.164091004972,30.7342600467878]},"properties":{"OBJECTID_1":382,"OBJECTID":382,"Name":"NAFI HALFWAY HOUSE","Address":"286 GENE HURLEY RD","City":"DEFUNIAK SPRINGS","Zip":"32435","COUNTY":"Walton","X":-86.164091,"Y":30.73426005,"LONGLAT":"-86.16409100,30.73426005","USNG":"16R EV 80022 00450","OWNERSHIP":"STATE","PARCELID":"29-3N-19-19000-008-0020","FACILITY_T":"CORRECTIONAL FACILITY","Asset_Elevation":null,"Owned_Maintained":"STATE","Asset":"CORRECTIONAL FACILITY","Asset_Sub_Type":null,"Asset_Type":"Correctional Facilities","Asset_Group":"Critical Community and Emergency Facilities","Asset_Relevancy":"Locally Significant","Asset_ID":"CF_PT_381","Municipality":null,"Water_Management_District":"Northwest Florida Water Management District","Souce_Dataset_Entity":"FDEM","Souce_Dataset_Name":"Correctional Facilities - FDEM","Source_Asset_ID":null,"Restricted_Public_Disclosure":null,"Notes":null,"Regional_Planning_Council":"Emerald Coast","FDEP_Regulatory_District":"Northwest District","RCP_Region":"Northwest","FDOT_District":3,"House_District_Number":5,"Senate_District_Number":2,"CTF_RL_2020":"Not Affected","CTF_RL_2040_IL":"Not Affected","CTF_RL_2040_INT":"Not Affected","CTF_RL_2070_IL":"Not Affected","CTF_RL_2070_INT":"Not Affected","SSF_RL_100YR_CURR":"Not Affected","SSF_RL_100YR_2040_IL":"Not Affected","SSF_RL_100YR_2040_INT":"Not Affected","SSF_RL_100YR_2070_IL":"Not Affected","SSF_RL_100YR_2070_INT":"Not Affected","SSF_RL_500YR_CURR":"Not Affected","SSF_RL_500YR_2040_IL":"Not Affected","SSF_RL_500YR_2040_INT":"Not Affected","SSF_RL_500YR_2070_IL":"Not Affected","SSF_RL_500YR_2070_INT":"Not Affected","RIF_RL_100YR_2020":"Not Affected","RIF_RL_100YR_2040":"Not Affected","RIF_RL_100YR_2070":"Not Affected","RIF_RL_500YR_2020":"Not Affected","RIF_RL_500YR_2040":"Not Affected","RIF_RL_500YR_2070":"Not Affected"}},{"type":"Feature","id":383,"geometry":{"type":"Point","coordinates":[-86.1073754236747,30.7789336422721]},"properties":{"OBJECTID_1":383,"OBJECTID":383,"Name":"WALTON WORK CAMP","Address":"301 WORLD WAR II VETERANS LN","City":"DEFUNIAK SPRINGS","Zip":"32433","COUNTY":"Walton","X":-86.10737542,"Y":30.77893364,"LONGLAT":"-86.10737542,30.77893364","USNG":"16R EV 85412 05443","OWNERSHIP":"STATE","PARCELID":"01-3N-19-19000-006-0020","FACILITY_T":"LOCAL CORRECTIONAL INSTITUTION","Asset_Elevation":null,"Owned_Maintained":"STATE","Asset":"LOCAL CORRECTIONAL INSTITUTION","Asset_Sub_Type":null,"Asset_Type":"Correctional Facilities","Asset_Group":"Critical Community and Emergency Facilities","Asset_Relevancy":"Locally Significant","Asset_ID":"CF_PT_383","Municipality":null,"Water_Management_District":"Northwest Florida Water Management District","Souce_Dataset_Entity":"FDEM","Souce_Dataset_Name":"Correctional Facilities - FDEM","Source_Asset_ID":null,"Restricted_Public_Disclosure":null,"Notes":null,"Regional_Planning_Council":"Emerald Coast","FDEP_Regulatory_District":"Northwest District","RCP_Region":"Northwest","FDOT_District":3,"House_District_Number":5,"Senate_District_Number":2,"CTF_RL_2020":"Not Affected","CTF_RL_2040_IL":"Not Affected","CTF_RL_2040_INT":"Not Affected","CTF_RL_2070_IL":"Not Affected","CTF_RL_2070_INT":"Not Affected","SSF_RL_100YR_CURR":"Not Affected","SSF_RL_100YR_2040_IL":"Not Affected","SSF_RL_100YR_2040_INT":"Not Affected","SSF_RL_100YR_2070_IL":"Not Affected","SSF_RL_100YR_2070_INT":"Not Affected","SSF_RL_500YR_CURR":"Not Affected","SSF_RL_500YR_2040_IL":"Not Affected","SSF_RL_500YR_2040_INT":"Not Affected","SSF_RL_500YR_2070_IL":"Not Affected","SSF_RL_500YR_2070_INT":"Not Affected","RIF_RL_100YR_2020":"Not Affected","RIF_RL_100YR_2040":"Not Affected","RIF_RL_100YR_2070":"Not Affected","RIF_RL_500YR_2020":"Not Affected","RIF_RL_500YR_2040":"Not Affected","RIF_RL_500YR_2070":"Not Affected"}},{"type":"Feature","id":384,"geometry":{"type":"Point","coordinates":[-86.1032034500819,30.7789764885329]},"properties":{"OBJECTID_1":384,"OBJECTID":384,"Name":"WALTON CORRECTIONAL INSTITUTION","Address":"691 WORLD WAR II VETERANS LN","City":"DEFUNIAK SPRINGS","Zip":"32433","COUNTY":"Walton","X":-86.10320345,"Y":30.77897649,"LONGLAT":"-86.10320345,30.77897649","USNG":"16R EV 85812 05451","OWNERSHIP":"STATE","PARCELID":"01-3N-19-19000-006-0020","FACILITY_T":"LOCAL CORRECTIONAL INSTITUTION","Asset_Elevation":null,"Owned_Maintained":"STATE","Asset":"LOCAL CORRECTIONAL INSTITUTION","Asset_Sub_Type":null,"Asset_Type":"Correctional Facilities","Asset_Group":"Critical Community and Emergency Facilities","Asset_Relevancy":"Locally Significant","Asset_ID":"CF_PT_384","Municipality":null,"Water_Management_District":"Northwest Florida Water Management District","Souce_Dataset_Entity":"FDEM","Souce_Dataset_Name":"Correctional Facilities - FDEM","Source_Asset_ID":null,"Restricted_Public_Disclosure":null,"Notes":null,"Regional_Planning_Council":"Emerald Coast","FDEP_Regulatory_District":"Northwest District","RCP_Region":"Northwest","FDOT_District":3,"House_District_Number":5,"Senate_District_Number":2,"CTF_RL_2020":"Not Affected","CTF_RL_2040_IL":"Not Affected","CTF_RL_2040_INT":"Not Affected","CTF_RL_2070_IL":"Not Affected","CTF_RL_2070_INT":"Not Affected","SSF_RL_100YR_CURR":"Not Affected","SSF_RL_100YR_2040_IL":"Not Affected","SSF_RL_100YR_2040_INT":"Not Affected","SSF_RL_100YR_2070_IL":"Not Affected","SSF_RL_100YR_2070_INT":"Not Affected","SSF_RL_500YR_CURR":"Not Affected","SSF_RL_500YR_2040_IL":"Not Affected","SSF_RL_500YR_2040_INT":"Not Affected","SSF_RL_500YR_2070_IL":"Not Affected","SSF_RL_500YR_2070_INT":"Not Affected","RIF_RL_100YR_2020":"Not Affected","RIF_RL_100YR_2040":"Not Affected","RIF_RL_100YR_2070":"Not Affected","RIF_RL_500YR_2020":"Not Affected","RIF_RL_500YR_2040":"Not Affected","RIF_RL_500YR_2070":"Not Affected"}},{"type":"Feature","id":385,"geometry":{"type":"Point","coordinates":[-85.5223155964104,30.7651396105573]},"properties":{"OBJECTID_1":385,"OBJECTID":385,"Name":"WASHINGTON COUNTY JAIL","Address":"1100 BRICKYARD RD","City":"CHIPLEY","Zip":"32428","COUNTY":"Washington","X":-85.5223156,"Y":30.76513961,"LONGLAT":"-85.52231560,30.76513961","USNG":"16R FV 41420 04506","OWNERSHIP":" ","PARCELID":"00000000-00-2259-0015","FACILITY_T":"LOCAL CORRECTIONAL INSTITUTION","Asset_Elevation":null,"Owned_Maintained":" ","Asset":"LOCAL CORRECTIONAL INSTITUTION","Asset_Sub_Type":null,"Asset_Type":"Correctional Facilities","Asset_Group":"Critical Community and Emergency Facilities","Asset_Relevancy":"Locally Significant","Asset_ID":"CF_PT_385","Municipality":"Chipley","Water_Management_District":"Northwest Florida Water Management District","Souce_Dataset_Entity":"FDEM","Souce_Dataset_Name":"Correctional Facilities - FDEM","Source_Asset_ID":null,"Restricted_Public_Disclosure":null,"Notes":null,"Regional_Planning_Council":"Emerald Coast","FDEP_Regulatory_District":"Northwest District","RCP_Region":"Northwest","FDOT_District":3,"House_District_Number":5,"Senate_District_Number":2,"CTF_RL_2020":"Not Affected","CTF_RL_2040_IL":"Not Affected","CTF_RL_2040_INT":"Not Affected","CTF_RL_2070_IL":"Not Affected","CTF_RL_2070_INT":"Not Affected","SSF_RL_100YR_CURR":"Not Affected","SSF_RL_100YR_2040_IL":"Not Affected","SSF_RL_100YR_2040_INT":"Not Affected","SSF_RL_100YR_2070_IL":"Not Affected","SSF_RL_100YR_2070_INT":"Not Affected","SSF_RL_500YR_CURR":"Not Affected","SSF_RL_500YR_2040_IL":"Not Affected","SSF_RL_500YR_2040_INT":"Not Affected","SSF_RL_500YR_2070_IL":"Not Affected","SSF_RL_500YR_2070_INT":"Not Affected","RIF_RL_100YR_2020":"Low","RIF_RL_100YR_2040":"Low","RIF_RL_100YR_2070":"Low","RIF_RL_500YR_2020":"Low","RIF_RL_500YR_2040":"Low","RIF_RL_500YR_2070":"Low"}},{"type":"Feature","id":386,"geometry":{"type":"Point","coordinates":[-85.6593931612935,30.5193336353732]},"properties":{"OBJECTID_1":386,"OBJECTID":386,"Name":"WASHINGTON COUNTY CORRECTIONAL INSTITUTION","Address":"4455 SAM MITCHELL RD","City":"CHIPLEY","Zip":"32428","COUNTY":"Washington","X":-85.65939316,"Y":30.51933364,"LONGLAT":"-85.65939316,30.51933364","USNG":"16R FU 28625 77098","OWNERSHIP":"STATE","PARCELID":"00000000-00-3032-0002","FACILITY_T":"LOCAL CORRECTIONAL INSTITUTION","Asset_Elevation":null,"Owned_Maintained":"STATE","Asset":"LOCAL CORRECTIONAL INSTITUTION","Asset_Sub_Type":null,"Asset_Type":"Correctional Facilities","Asset_Group":"Critical Community and Emergency Facilities","Asset_Relevancy":"Locally Significant","Asset_ID":"CF_PT_386","Municipality":null,"Water_Management_District":"Northwest Florida Water Management District","Souce_Dataset_Entity":"FDEM","Souce_Dataset_Name":"Correctional Facilities - FDEM","Source_Asset_ID":null,"Restricted_Public_Disclosure":null,"Notes":null,"Regional_Planning_Council":"Emerald Coast","FDEP_Regulatory_District":"Northwest District","RCP_Region":"Northwest","FDOT_District":3,"House_District_Number":5,"Senate_District_Number":2,"CTF_RL_2020":"Not Affected","CTF_RL_2040_IL":"Not Affected","CTF_RL_2040_INT":"Not Affected","CTF_RL_2070_IL":"Not Affected","CTF_RL_2070_INT":"Not Affected","SSF_RL_100YR_CURR":"Not Affected","SSF_RL_100YR_2040_IL":"Not Affected","SSF_RL_100YR_2040_INT":"Not Affected","SSF_RL_100YR_2070_IL":"Not Affected","SSF_RL_100YR_2070_INT":"Not Affected","SSF_RL_500YR_CURR":"Not Affected","SSF_RL_500YR_2040_IL":"Not Affected","SSF_RL_500YR_2040_INT":"Not Affected","SSF_RL_500YR_2070_IL":"Not Affected","SSF_RL_500YR_2070_INT":"Not Affected","RIF_RL_100YR_2020":"Not Affected","RIF_RL_100YR_2040":"Not Affected","RIF_RL_100YR_2070":"Not Affected","RIF_RL_500YR_2020":"Not Affected","RIF_RL_500YR_2040":"Not Affected","RIF_RL_500YR_2070":"Not Affected"}},{"type":"Feature","id":387,"geometry":{"type":"Point","coordinates":[-85.6905121782736,30.6034173126243]},"properties":{"OBJECTID_1":387,"OBJECTID":387,"Name":"ECKERD YOUTH ALTERNATIVE - VERNON PLACE","Address":"3242 MOSS HILL RD","City":"VERNON","Zip":"32462","COUNTY":"Washington","X":-85.69051218,"Y":30.60341731,"LONGLAT":"-85.69051218,30.60341731","USNG":"16R FU 25531 86382","OWNERSHIP":"STATE","PARCELID":"00000000-00-4182-0002","FACILITY_T":"CORRECTIONAL FACILITY","Asset_Elevation":null,"Owned_Maintained":"STATE","Asset":"CORRECTIONAL FACILITY","Asset_Sub_Type":null,"Asset_Type":"Correctional Facilities","Asset_Group":"Critical Community and Emergency Facilities","Asset_Relevancy":"Locally Significant","Asset_ID":"CF_PT_387","Municipality":null,"Water_Management_District":"Northwest Florida Water Management District","Souce_Dataset_Entity":"FDEM","Souce_Dataset_Name":"Correctional Facilities - FDEM","Source_Asset_ID":null,"Restricted_Public_Disclosure":null,"Notes":null,"Regional_Planning_Council":"Emerald Coast","FDEP_Regulatory_District":"Northwest District","RCP_Region":"Northwest","FDOT_District":3,"House_District_Number":5,"Senate_District_Number":2,"CTF_RL_2020":"Not Affected","CTF_RL_2040_IL":"Not Affected","CTF_RL_2040_INT":"Not Affected","CTF_RL_2070_IL":"Not Affected","CTF_RL_2070_INT":"Not Affected","SSF_RL_100YR_CURR":"Not Affected","SSF_RL_100YR_2040_IL":"Not Affected","SSF_RL_100YR_2040_INT":"Not Affected","SSF_RL_100YR_2070_IL":"Not Affected","SSF_RL_100YR_2070_INT":"Not Affected","SSF_RL_500YR_CURR":"Not Affected","SSF_RL_500YR_2040_IL":"Not Affected","SSF_RL_500YR_2040_INT":"Not Affected","SSF_RL_500YR_2070_IL":"Not Affected","SSF_RL_500YR_2070_INT":"Not Affected","RIF_RL_100YR_2020":"Not Affected","RIF_RL_100YR_2040":"Not Affected","RIF_RL_100YR_2070":"Not Affected","RIF_RL_500YR_2020":"Not Affected","RIF_RL_500YR_2040":"Not Affected","RIF_RL_500YR_2070":"Not Affected"}},{"type":"Feature","id":388,"geometry":{"type":"Point","coordinates":[-85.810342749526,30.7628193632179]},"properties":{"OBJECTID_1":388,"OBJECTID":388,"Name":"CARYVILLE WORK CAMP","Address":"1005 WAITS AVE","City":"CARYVILLE","Zip":"32427","COUNTY":"Washington","X":-85.81034275,"Y":30.76281936,"LONGLAT":"-85.81034275,30.76281936","USNG":"16R FV 13855 03921","OWNERSHIP":"STATE","PARCELID":"00000000-00-5903-0001","FACILITY_T":"LOCAL CORRECTIONAL INSTITUTION","Asset_Elevation":null,"Owned_Maintained":"STATE","Asset":"LOCAL CORRECTIONAL INSTITUTION","Asset_Sub_Type":null,"Asset_Type":"Correctional Facilities","Asset_Group":"Critical Community and Emergency Facilities","Asset_Relevancy":"Locally Significant","Asset_ID":"CF_PT_388","Municipality":"Caryville","Water_Management_District":"Northwest Florida Water Management District","Souce_Dataset_Entity":"FDEM","Souce_Dataset_Name":"Correctional Facilities - FDEM","Source_Asset_ID":null,"Restricted_Public_Disclosure":null,"Notes":null,"Regional_Planning_Council":"Emerald Coast","FDEP_Regulatory_District":"Northwest District","RCP_Region":"Northwest","FDOT_District":3,"House_District_Number":5,"Senate_District_Number":2,"CTF_RL_2020":"Not Affected","CTF_RL_2040_IL":"Not Affected","CTF_RL_2040_INT":"Not Affected","CTF_RL_2070_IL":"Not Affected","CTF_RL_2070_INT":"Not Affected","SSF_RL_100YR_CURR":"Not Affected","SSF_RL_100YR_2040_IL":"Not Affected","SSF_RL_100YR_2040_INT":"Not Affected","SSF_RL_100YR_2070_IL":"Not Affected","SSF_RL_100YR_2070_INT":"Not Affected","SSF_RL_500YR_CURR":"Not Affected","SSF_RL_500YR_2040_IL":"Not Affected","SSF_RL_500YR_2040_INT":"Not Affected","SSF_RL_500YR_2070_IL":"Not Affected","SSF_RL_500YR_2070_INT":"Not Affected","RIF_RL_100YR_2020":"Not Affected","RIF_RL_100YR_2040":"Not Affected","RIF_RL_100YR_2070":"Not Affected","RIF_RL_500YR_2020":"Not Affected","RIF_RL_500YR_2040":"Not Affected","RIF_RL_500YR_2070":"Not Affected"}},{"type":"Feature","id":389,"geometry":{"type":"Point","coordinates":[-85.6593931612935,30.5193336353732]},"properties":{"OBJECTID_1":389,"OBJECTID":389,"Name":"FLORIDA DEPARTMENT OF CORRECTIONS REGION 1 - WASHINGTON CORRECTIONAL INSTITUTION - ANNEX","Address":"4455 SAM MITCHELL RD","City":"CHIPLEY","Zip":"32428","COUNTY":"Washington","X":-85.65939316,"Y":30.51933364,"LONGLAT":"-85.65939316,30.51933364","USNG":"16R FU 28625 77098","OWNERSHIP":"STATE","PARCELID":"00000000-00-3032-0002","FACILITY_T":"STATE CORRECTIONAL INSTITUTION","Asset_Elevation":null,"Owned_Maintained":"STATE","Asset":"STATE CORRECTIONAL INSTITUTION","Asset_Sub_Type":null,"Asset_Type":"Correctional Facilities","Asset_Group":"Critical Community and Emergency Facilities","Asset_Relevancy":"Locally Significant","Asset_ID":"CF_PT_389","Municipality":null,"Water_Management_District":"Northwest Florida Water Management District","Souce_Dataset_Entity":"FDEM","Souce_Dataset_Name":"Correctional Facilities - FDEM","Source_Asset_ID":null,"Restricted_Public_Disclosure":null,"Notes":null,"Regional_Planning_Council":"Emerald Coast","FDEP_Regulatory_District":"Northwest District","RCP_Region":"Northwest","FDOT_District":3,"House_District_Number":5,"Senate_District_Number":2,"CTF_RL_2020":"Not Affected","CTF_RL_2040_IL":"Not Affected","CTF_RL_2040_INT":"Not Affected","CTF_RL_2070_IL":"Not Affected","CTF_RL_2070_INT":"Not Affected","SSF_RL_100YR_CURR":"Not Affected","SSF_RL_100YR_2040_IL":"Not Affected","SSF_RL_100YR_2040_INT":"Not Affected","SSF_RL_100YR_2070_IL":"Not Affected","SSF_RL_100YR_2070_INT":"Not Affected","SSF_RL_500YR_CURR":"Not Affected","SSF_RL_500YR_2040_IL":"Not Affected","SSF_RL_500YR_2040_INT":"Not Affected","SSF_RL_500YR_2070_IL":"Not Affected","SSF_RL_500YR_2070_INT":"Not Affected","RIF_RL_100YR_2020":"Not Affected","RIF_RL_100YR_2040":"Not Affected","RIF_RL_100YR_2070":"Not Affected","RIF_RL_500YR_2020":"Not Affected","RIF_RL_500YR_2040":"Not Affected","RIF_RL_500YR_2070":"Not Affected"}}]}