{"type":"FeatureCollection","crs":{"type":"name","properties":{"name":"EPSG:4326"}},"features":[{"type":"Feature","id":1,"geometry":{"type":"Point","coordinates":[-82.2908484629659,29.6422068684467]},"properties":{"OBJECTID_1":1,"OBJECTID":1,"Name":"ALACHUA COUNTY EOC","HAZUSID":" ","Address":"1100 SE 27TH ST","City":"GAINESVILLE","Zip":"32641","County":"Alachua","X":-82.29084846,"Y":29.64220687,"LONGLAT":"-82.29084846,29.64220687","USNG":"17R LN 75051 79836","OWNERSHIP":"C","PARCELID":"16073 001 000","FACILITY_T":"EMERGENCY OPERATIONS CENTER","EFCLASS":"EFEO","AREA_SQ_FT":0,"BACKUP_POW":"NO","KITCHENS":"NO","REPLACEMEN":900,"EQ_DESIGN_":"PC","EQ_BUILD_T":"C3L","EQ_DF_TYPE":0,"LD_SUS":0,"LIQU_SUS":0,"SOIL_TYPE":"D","WATER_DEPT":5,"STRUC_DAMA":640,"FLOOD_BLDG":"Concrete","CONTENT_DA":477,"FIRST_FLOO":1,"FLOOD_RETU":0,"FLOOD_STR_":7,"Asset_Elevation":null,"Owned_Maintained":"C","Asset":"EMERGENCY OPERATIONS CENTER","Asset_Sub_Type":null,"Asset_Type":"Emergency Operation Centers","Asset_Group":"Critical Community and Emergency Facilities","Asset_Relevancy":"Regionally Significant","Asset_ID":"EOC_PT_1","Municipality":"Gainesville","Water_Management_District":"St. Johns River Water Management District","Souce_Dataset_Entity":"FDEM","Souce_Dataset_Name":"Emergency Operations Center - FDEM","Source_Asset_ID":null,"Restricted_Public_Disclosure":null,"Notes":null,"Regional_Planning_Council":"North Central Florida","FDEP_Regulatory_District":"Northeast District","RCP_Region":"Northwest","FDOT_District":2,"House_District_Number":21,"Senate_District_Number":9,"CTF_RL_2020":"Not Affected","CTF_RL_2040_IL":"Not Affected","CTF_RL_2040_INT":"Not Affected","CTF_RL_2070_IL":"Not Affected","CTF_RL_2070_INT":"Not Affected","SSF_RL_100YR_CURR":"Not Affected","SSF_RL_100YR_2040_IL":"Not Affected","SSF_RL_100YR_2040_INT":"Not Affected","SSF_RL_100YR_2070_IL":"Not Affected","SSF_RL_100YR_2070_INT":"Not Affected","SSF_RL_500YR_CURR":"Not Affected","SSF_RL_500YR_2040_IL":"Not Affected","SSF_RL_500YR_2040_INT":"Not Affected","SSF_RL_500YR_2070_IL":"Not Affected","SSF_RL_500YR_2070_INT":"Not Affected","RIF_RL_100YR_2020":"Not Affected","RIF_RL_100YR_2040":"Not Affected","RIF_RL_100YR_2070":"Not Affected","RIF_RL_500YR_2020":"Not Affected","RIF_RL_500YR_2040":"Not Affected","RIF_RL_500YR_2070":"Not Affected"}},{"type":"Feature","id":2,"geometry":{"type":"Point","coordinates":[-82.1216504950678,30.2959686411118]},"properties":{"OBJECTID_1":2,"OBJECTID":2,"Name":"BAKER COUNTY EOC","HAZUSID":"FL000086","Address":"1 SHERIFF'S OFFICE DR","City":"MACCLENNY","Zip":"32063","County":"Baker","X":-82.1216505,"Y":30.29596864,"LONGLAT":"-82.12165050,30.29596864","USNG":"17R LP 92138 52114","OWNERSHIP":"C","PARCELID":"312S22000000000387","FACILITY_T":"EMERGENCY OPERATIONS CENTER","EFCLASS":"EFEO","AREA_SQ_FT":0,"BACKUP_POW":"NO","KITCHENS":"NO","REPLACEMEN":900,"EQ_DESIGN_":"PC","EQ_BUILD_T":"C3L","EQ_DF_TYPE":0,"LD_SUS":0,"LIQU_SUS":0,"SOIL_TYPE":"D","WATER_DEPT":5,"STRUC_DAMA":640,"FLOOD_BLDG":"Concrete","CONTENT_DA":477,"FIRST_FLOO":1,"FLOOD_RETU":0,"FLOOD_STR_":7,"Asset_Elevation":null,"Owned_Maintained":"C","Asset":"EMERGENCY OPERATIONS CENTER","Asset_Sub_Type":null,"Asset_Type":"Emergency Operation Centers","Asset_Group":"Critical Community and Emergency Facilities","Asset_Relevancy":"Regionally Significant","Asset_ID":"EOC_PT_2","Municipality":"Macclenny","Water_Management_District":"St. Johns River Water Management District","Souce_Dataset_Entity":"FDEM","Souce_Dataset_Name":"Emergency Operations Center - FDEM","Source_Asset_ID":null,"Restricted_Public_Disclosure":null,"Notes":null,"Regional_Planning_Council":"Northeast Florida","FDEP_Regulatory_District":"Northeast District","RCP_Region":"Northwest","FDOT_District":2,"House_District_Number":10,"Senate_District_Number":6,"CTF_RL_2020":"Not Affected","CTF_RL_2040_IL":"Not Affected","CTF_RL_2040_INT":"Not Affected","CTF_RL_2070_IL":"Not Affected","CTF_RL_2070_INT":"Not Affected","SSF_RL_100YR_CURR":"Not Affected","SSF_RL_100YR_2040_IL":"Not Affected","SSF_RL_100YR_2040_INT":"Not Affected","SSF_RL_100YR_2070_IL":"Not Affected","SSF_RL_100YR_2070_INT":"Not Affected","SSF_RL_500YR_CURR":"Not Affected","SSF_RL_500YR_2040_IL":"Not Affected","SSF_RL_500YR_2040_INT":"Not Affected","SSF_RL_500YR_2070_IL":"Not Affected","SSF_RL_500YR_2070_INT":"Not Affected","RIF_RL_100YR_2020":"Not Affected","RIF_RL_100YR_2040":"Not Affected","RIF_RL_100YR_2070":"Not Affected","RIF_RL_500YR_2020":"Not Affected","RIF_RL_500YR_2040":"Not Affected","RIF_RL_500YR_2070":"Not Affected"}},{"type":"Feature","id":3,"geometry":{"type":"Point","coordinates":[-85.6623614240613,30.2992702304998]},"properties":{"OBJECTID_1":3,"OBJECTID":3,"Name":"BAY COUNTY EOC","HAZUSID":"FL000087","Address":"700 HIGHWAY 2300","City":"PANAMA CITY","Zip":"32409","County":"Bay","X":-85.66236142,"Y":30.29927023,"LONGLAT":"-85.66236142,30.29927023","USNG":"16R FU 28629 52705","OWNERSHIP":"C","PARCELID":"07674-015-000","FACILITY_T":"EMERGENCY OPERATIONS CENTER","EFCLASS":"EFEO","AREA_SQ_FT":0,"BACKUP_POW":"NO","KITCHENS":"NO","REPLACEMEN":900,"EQ_DESIGN_":"PC","EQ_BUILD_T":"C3L","EQ_DF_TYPE":0,"LD_SUS":0,"LIQU_SUS":0,"SOIL_TYPE":"D","WATER_DEPT":5,"STRUC_DAMA":640,"FLOOD_BLDG":"Concrete","CONTENT_DA":477,"FIRST_FLOO":1,"FLOOD_RETU":0,"FLOOD_STR_":7,"Asset_Elevation":null,"Owned_Maintained":"C","Asset":"EMERGENCY OPERATIONS CENTER","Asset_Sub_Type":null,"Asset_Type":"Emergency Operation Centers","Asset_Group":"Critical Community and Emergency Facilities","Asset_Relevancy":"Regionally Significant","Asset_ID":"EOC_PT_3","Municipality":null,"Water_Management_District":"Northwest Florida Water Management District","Souce_Dataset_Entity":"FDEM","Souce_Dataset_Name":"Emergency Operations Center - FDEM","Source_Asset_ID":null,"Restricted_Public_Disclosure":null,"Notes":null,"Regional_Planning_Council":"Emerald Coast","FDEP_Regulatory_District":"Northwest District","RCP_Region":"Northwest","FDOT_District":3,"House_District_Number":6,"Senate_District_Number":2,"CTF_RL_2020":"Not Affected","CTF_RL_2040_IL":"Not Affected","CTF_RL_2040_INT":"Not Affected","CTF_RL_2070_IL":"Not Affected","CTF_RL_2070_INT":"Not Affected","SSF_RL_100YR_CURR":"Not Affected","SSF_RL_100YR_2040_IL":"Not Affected","SSF_RL_100YR_2040_INT":"Not Affected","SSF_RL_100YR_2070_IL":"Not Affected","SSF_RL_100YR_2070_INT":"Not Affected","SSF_RL_500YR_CURR":"Not Affected","SSF_RL_500YR_2040_IL":"Not Affected","SSF_RL_500YR_2040_INT":"Not Affected","SSF_RL_500YR_2070_IL":"Not Affected","SSF_RL_500YR_2070_INT":"Not Affected","RIF_RL_100YR_2020":"Not Affected","RIF_RL_100YR_2040":"Not Affected","RIF_RL_100YR_2070":"Not Affected","RIF_RL_500YR_2020":"Not Affected","RIF_RL_500YR_2040":"Not Affected","RIF_RL_500YR_2070":"Not Affected"}},{"type":"Feature","id":4,"geometry":{"type":"Point","coordinates":[-82.1095124729266,29.9543151388254]},"properties":{"OBJECTID_1":4,"OBJECTID":4,"Name":"BRADFORD COUNTY EOC","HAZUSID":"FL000088","Address":"945B N TEMPLE AVE","City":"STARKE","Zip":"32091","County":"Bradford","X":-82.10951247,"Y":29.95431514,"LONGLAT":"-82.10951247,29.95431514","USNG":"17R LP 92937 14240","OWNERSHIP":"C","PARCELID":"02405-0-00000","FACILITY_T":"EMERGENCY OPERATIONS CENTER","EFCLASS":"EFEO","AREA_SQ_FT":0,"BACKUP_POW":"NO","KITCHENS":"NO","REPLACEMEN":900,"EQ_DESIGN_":"PC","EQ_BUILD_T":"C3L","EQ_DF_TYPE":0,"LD_SUS":0,"LIQU_SUS":0,"SOIL_TYPE":"D","WATER_DEPT":5,"STRUC_DAMA":640,"FLOOD_BLDG":"Concrete","CONTENT_DA":477,"FIRST_FLOO":1,"FLOOD_RETU":0,"FLOOD_STR_":7,"Asset_Elevation":null,"Owned_Maintained":"C","Asset":"EMERGENCY OPERATIONS CENTER","Asset_Sub_Type":null,"Asset_Type":"Emergency Operation Centers","Asset_Group":"Critical Community and Emergency Facilities","Asset_Relevancy":"Regionally Significant","Asset_ID":"EOC_PT_4","Municipality":"Starke","Water_Management_District":"Suwannee River Water Management District","Souce_Dataset_Entity":"FDEM","Souce_Dataset_Name":"Emergency Operations Center - FDEM","Source_Asset_ID":null,"Restricted_Public_Disclosure":null,"Notes":null,"Regional_Planning_Council":"North Central Florida","FDEP_Regulatory_District":"Northeast District","RCP_Region":"Northwest","FDOT_District":2,"House_District_Number":10,"Senate_District_Number":6,"CTF_RL_2020":"Not Affected","CTF_RL_2040_IL":"Not Affected","CTF_RL_2040_INT":"Not Affected","CTF_RL_2070_IL":"Not Affected","CTF_RL_2070_INT":"Not Affected","SSF_RL_100YR_CURR":"Not Affected","SSF_RL_100YR_2040_IL":"Not Affected","SSF_RL_100YR_2040_INT":"Not Affected","SSF_RL_100YR_2070_IL":"Not Affected","SSF_RL_100YR_2070_INT":"Not Affected","SSF_RL_500YR_CURR":"Not Affected","SSF_RL_500YR_2040_IL":"Not Affected","SSF_RL_500YR_2040_INT":"Not Affected","SSF_RL_500YR_2070_IL":"Not Affected","SSF_RL_500YR_2070_INT":"Not Affected","RIF_RL_100YR_2020":"Not Affected","RIF_RL_100YR_2040":"Not Affected","RIF_RL_100YR_2070":"Not Affected","RIF_RL_500YR_2020":"Not Affected","RIF_RL_500YR_2040":"Not Affected","RIF_RL_500YR_2070":"Not Affected"}},{"type":"Feature","id":5,"geometry":{"type":"Point","coordinates":[-80.7376253810337,28.3272170240623]},"properties":{"OBJECTID_1":5,"OBJECTID":5,"Name":"BREVARD COUNTY EOC","HAZUSID":"FL000089","Address":"1746 CEDAR ST","City":"ROCKLEDGE","Zip":"32955","County":"Brevard","X":-80.73762538,"Y":28.32721702,"LONGLAT":"-80.73762538,28.32721702","USNG":"17R NM 25719 33478","OWNERSHIP":"C","PARCELID":"25 360900  274","FACILITY_T":"EMERGENCY OPERATIONS CENTER","EFCLASS":"EFEO","AREA_SQ_FT":0,"BACKUP_POW":"NO","KITCHENS":"NO","REPLACEMEN":900,"EQ_DESIGN_":"PC","EQ_BUILD_T":"C3L","EQ_DF_TYPE":0,"LD_SUS":0,"LIQU_SUS":0,"SOIL_TYPE":"D","WATER_DEPT":5,"STRUC_DAMA":640,"FLOOD_BLDG":"Concrete","CONTENT_DA":477,"FIRST_FLOO":1,"FLOOD_RETU":0,"FLOOD_STR_":7,"Asset_Elevation":null,"Owned_Maintained":"C","Asset":"EMERGENCY OPERATIONS CENTER","Asset_Sub_Type":null,"Asset_Type":"Emergency Operation Centers","Asset_Group":"Critical Community and Emergency Facilities","Asset_Relevancy":"Regionally Significant","Asset_ID":"EOC_PT_5","Municipality":"Rockledge","Water_Management_District":"St. Johns River Water Management District","Souce_Dataset_Entity":"FDEM","Souce_Dataset_Name":"Emergency Operations Center - FDEM","Source_Asset_ID":null,"Restricted_Public_Disclosure":null,"Notes":null,"Regional_Planning_Council":"East Central Florida","FDEP_Regulatory_District":"Central District","RCP_Region":"Northeast","FDOT_District":5,"House_District_Number":32,"Senate_District_Number":19,"CTF_RL_2020":"Not Affected","CTF_RL_2040_IL":"Not Affected","CTF_RL_2040_INT":"Not Affected","CTF_RL_2070_IL":"Not Affected","CTF_RL_2070_INT":"Not Affected","SSF_RL_100YR_CURR":"Not Affected","SSF_RL_100YR_2040_IL":"Not Affected","SSF_RL_100YR_2040_INT":"Not Affected","SSF_RL_100YR_2070_IL":"Not Affected","SSF_RL_100YR_2070_INT":"Not Affected","SSF_RL_500YR_CURR":"Not Affected","SSF_RL_500YR_2040_IL":"Not Affected","SSF_RL_500YR_2040_INT":"Not Affected","SSF_RL_500YR_2070_IL":"Not Affected","SSF_RL_500YR_2070_INT":"Not Affected","RIF_RL_100YR_2020":"Not Affected","RIF_RL_100YR_2040":"Not Affected","RIF_RL_100YR_2070":"Not Affected","RIF_RL_500YR_2020":"Not Affected","RIF_RL_500YR_2040":"Not Affected","RIF_RL_500YR_2070":"Not Affected"}},{"type":"Feature","id":6,"geometry":{"type":"Point","coordinates":[-80.2612777791296,26.1228299824509]},"properties":{"OBJECTID_1":6,"OBJECTID":6,"Name":"BROWARD COUNTY EOC","HAZUSID":"FL000093","Address":"201 NORTHWEST 84TH AVENUE","City":"FORT LAUDERDALE","Zip":"33324","County":"Broward","X":-80.26127778,"Y":26.12282998,"LONGLAT":"-80.26127778,26.12282998","USNG":"17R NJ 73853 89496","OWNERSHIP":"C","PARCELID":"504104400010","FACILITY_T":"EMERGENCY OPERATIONS CENTER","EFCLASS":"EFEO","AREA_SQ_FT":0,"BACKUP_POW":"NO","KITCHENS":"NO","REPLACEMEN":900,"EQ_DESIGN_":"PC","EQ_BUILD_T":"C3L","EQ_DF_TYPE":0,"LD_SUS":0,"LIQU_SUS":0,"SOIL_TYPE":"D","WATER_DEPT":5,"STRUC_DAMA":640,"FLOOD_BLDG":"Concrete","CONTENT_DA":477,"FIRST_FLOO":1,"FLOOD_RETU":0,"FLOOD_STR_":7,"Asset_Elevation":null,"Owned_Maintained":"C","Asset":"EMERGENCY OPERATIONS CENTER","Asset_Sub_Type":null,"Asset_Type":"Emergency Operation Centers","Asset_Group":"Critical Community and Emergency Facilities","Asset_Relevancy":"Regionally Significant","Asset_ID":"EOC_PT_6","Municipality":"Plantation","Water_Management_District":"South Florida Water Management District","Souce_Dataset_Entity":"FDEM","Souce_Dataset_Name":"Emergency Operations Center - FDEM","Source_Asset_ID":null,"Restricted_Public_Disclosure":null,"Notes":null,"Regional_Planning_Council":"South Florida","FDEP_Regulatory_District":"Southeast District","RCP_Region":"Southeast","FDOT_District":4,"House_District_Number":102,"Senate_District_Number":32,"CTF_RL_2020":"Not Affected","CTF_RL_2040_IL":"Not Affected","CTF_RL_2040_INT":"Not Affected","CTF_RL_2070_IL":"Not Affected","CTF_RL_2070_INT":"Not Affected","SSF_RL_100YR_CURR":"Not Affected","SSF_RL_100YR_2040_IL":"Not Affected","SSF_RL_100YR_2040_INT":"Not Affected","SSF_RL_100YR_2070_IL":"Not Affected","SSF_RL_100YR_2070_INT":"Not Affected","SSF_RL_500YR_CURR":"Not Affected","SSF_RL_500YR_2040_IL":"Low","SSF_RL_500YR_2040_INT":"Medium","SSF_RL_500YR_2070_IL":"Medium","SSF_RL_500YR_2070_INT":"Medium","RIF_RL_100YR_2020":"Medium","RIF_RL_100YR_2040":"Medium","RIF_RL_100YR_2070":"Medium","RIF_RL_500YR_2020":"High","RIF_RL_500YR_2040":"High","RIF_RL_500YR_2070":"High"}},{"type":"Feature","id":7,"geometry":{"type":"Point","coordinates":[-85.0419393173325,30.442738331429]},"properties":{"OBJECTID_1":7,"OBJECTID":7,"Name":"CALHOUN COUNTY EOC","HAZUSID":"FL000095","Address":"20859 E CENTRAL AVE","City":"BLOUNTSTOWN","Zip":"32424","County":"Calhoun","X":-85.04193932,"Y":30.44273833,"LONGLAT":"-85.04193932,30.44273833","USNG":"16R FU 88024 69474","OWNERSHIP":"C","PARCELID":"33-1N-08-1200-0007-0100","FACILITY_T":"EMERGENCY OPERATIONS CENTER","EFCLASS":"EFEO","AREA_SQ_FT":0,"BACKUP_POW":"NO","KITCHENS":"NO","REPLACEMEN":900,"EQ_DESIGN_":"PC","EQ_BUILD_T":"C3L","EQ_DF_TYPE":0,"LD_SUS":0,"LIQU_SUS":0,"SOIL_TYPE":"D","WATER_DEPT":5,"STRUC_DAMA":640,"FLOOD_BLDG":"Concrete","CONTENT_DA":477,"FIRST_FLOO":1,"FLOOD_RETU":0,"FLOOD_STR_":7,"Asset_Elevation":null,"Owned_Maintained":"C","Asset":"EMERGENCY OPERATIONS CENTER","Asset_Sub_Type":null,"Asset_Type":"Emergency Operation Centers","Asset_Group":"Critical Community and Emergency Facilities","Asset_Relevancy":"Regionally Significant","Asset_ID":"EOC_PT_7","Municipality":"Blountstown","Water_Management_District":"Northwest Florida Water Management District","Souce_Dataset_Entity":"FDEM","Souce_Dataset_Name":"Emergency Operations Center - FDEM","Source_Asset_ID":null,"Restricted_Public_Disclosure":null,"Notes":null,"Regional_Planning_Council":"Apalachee","FDEP_Regulatory_District":"Northwest District","RCP_Region":"Northwest","FDOT_District":3,"House_District_Number":5,"Senate_District_Number":2,"CTF_RL_2020":"Not Affected","CTF_RL_2040_IL":"Not Affected","CTF_RL_2040_INT":"Not Affected","CTF_RL_2070_IL":"Not Affected","CTF_RL_2070_INT":"Not Affected","SSF_RL_100YR_CURR":"Not Affected","SSF_RL_100YR_2040_IL":"Not Affected","SSF_RL_100YR_2040_INT":"Not Affected","SSF_RL_100YR_2070_IL":"Not Affected","SSF_RL_100YR_2070_INT":"Not Affected","SSF_RL_500YR_CURR":"Not Affected","SSF_RL_500YR_2040_IL":"Not Affected","SSF_RL_500YR_2040_INT":"Not Affected","SSF_RL_500YR_2070_IL":"Not Affected","SSF_RL_500YR_2070_INT":"Not Affected","RIF_RL_100YR_2020":"Not Affected","RIF_RL_100YR_2040":"Not Affected","RIF_RL_100YR_2070":"Not Affected","RIF_RL_500YR_2020":"Not Affected","RIF_RL_500YR_2040":"Not Affected","RIF_RL_500YR_2070":"Not Affected"}},{"type":"Feature","id":8,"geometry":{"type":"Point","coordinates":[-82.008512667293,26.9164254970938]},"properties":{"OBJECTID_1":8,"OBJECTID":8,"Name":"CHARLOTTE COUNTY EOC","HAZUSID":" ","Address":"26571 AIRPORT RD","City":"PUNTA GORDA","Zip":"33982","County":"Charlotte","X":-82.00851267,"Y":26.9164255,"LONGLAT":"-82.00851267,26.91642550","USNG":"17R LK 99863 77577","OWNERSHIP":"M","PARCELID":"412316200006","FACILITY_T":"EMERGENCY OPERATIONS CENTER","EFCLASS":"EFEO","AREA_SQ_FT":0,"BACKUP_POW":"NO","KITCHENS":"NO","REPLACEMEN":900,"EQ_DESIGN_":"PC","EQ_BUILD_T":"C3L","EQ_DF_TYPE":0,"LD_SUS":0,"LIQU_SUS":0,"SOIL_TYPE":"D","WATER_DEPT":5,"STRUC_DAMA":640,"FLOOD_BLDG":"Concrete","CONTENT_DA":477,"FIRST_FLOO":1,"FLOOD_RETU":0,"FLOOD_STR_":7,"Asset_Elevation":null,"Owned_Maintained":"M","Asset":"EMERGENCY OPERATIONS CENTER","Asset_Sub_Type":null,"Asset_Type":"Emergency Operation Centers","Asset_Group":"Critical Community and Emergency Facilities","Asset_Relevancy":"Regionally Significant","Asset_ID":"EOC_PT_8","Municipality":null,"Water_Management_District":"Southwest Florida Water Management District","Souce_Dataset_Entity":"FDEM","Souce_Dataset_Name":"Emergency Operations Center - FDEM","Source_Asset_ID":null,"Restricted_Public_Disclosure":null,"Notes":null,"Regional_Planning_Council":"Southwest Florida","FDEP_Regulatory_District":"South District","RCP_Region":"Southwest","FDOT_District":1,"House_District_Number":76,"Senate_District_Number":27,"CTF_RL_2020":"Not Affected","CTF_RL_2040_IL":"Not Affected","CTF_RL_2040_INT":"Not Affected","CTF_RL_2070_IL":"Not Affected","CTF_RL_2070_INT":"Not Affected","SSF_RL_100YR_CURR":"Not Affected","SSF_RL_100YR_2040_IL":"Not Affected","SSF_RL_100YR_2040_INT":"Not Affected","SSF_RL_100YR_2070_IL":"Not Affected","SSF_RL_100YR_2070_INT":"Not Affected","SSF_RL_500YR_CURR":"Not Affected","SSF_RL_500YR_2040_IL":"Not Affected","SSF_RL_500YR_2040_INT":"Not Affected","SSF_RL_500YR_2070_IL":"Not Affected","SSF_RL_500YR_2070_INT":"Not Affected","RIF_RL_100YR_2020":"Not Affected","RIF_RL_100YR_2040":"Not Affected","RIF_RL_100YR_2070":"Not Affected","RIF_RL_500YR_2020":"Not Affected","RIF_RL_500YR_2040":"Not Affected","RIF_RL_500YR_2070":"Not Affected"}},{"type":"Feature","id":9,"geometry":{"type":"Point","coordinates":[-82.4910035677395,28.8236003495395]},"properties":{"OBJECTID_1":9,"OBJECTID":9,"Name":"CITRUS COUNTY EOC","HAZUSID":"FL000097","Address":"3549 SAUNDERS WAY","City":"LECANTO","Zip":"34461","County":"Citrus","X":-82.49100357,"Y":28.82360035,"LONGLAT":"-82.49100357,28.82360035","USNG":"17R LM 54521 89355","OWNERSHIP":"C","PARCELID":"18E19S16      24000","FACILITY_T":"EMERGENCY OPERATIONS CENTER","EFCLASS":"EFEO","AREA_SQ_FT":0,"BACKUP_POW":"NO","KITCHENS":"NO","REPLACEMEN":900,"EQ_DESIGN_":"PC","EQ_BUILD_T":"C3L","EQ_DF_TYPE":0,"LD_SUS":0,"LIQU_SUS":0,"SOIL_TYPE":"D","WATER_DEPT":5,"STRUC_DAMA":640,"FLOOD_BLDG":"Concrete","CONTENT_DA":477,"FIRST_FLOO":1,"FLOOD_RETU":0,"FLOOD_STR_":7,"Asset_Elevation":null,"Owned_Maintained":"C","Asset":"EMERGENCY OPERATIONS CENTER","Asset_Sub_Type":null,"Asset_Type":"Emergency Operation Centers","Asset_Group":"Critical Community and Emergency Facilities","Asset_Relevancy":"Regionally Significant","Asset_ID":"EOC_PT_9","Municipality":null,"Water_Management_District":"Southwest Florida Water Management District","Souce_Dataset_Entity":"FDEM","Souce_Dataset_Name":"Emergency Operations Center - FDEM","Source_Asset_ID":null,"Restricted_Public_Disclosure":null,"Notes":null,"Regional_Planning_Council":"Tampa Bay","FDEP_Regulatory_District":"Southwest District","RCP_Region":"Northwest","FDOT_District":7,"House_District_Number":23,"Senate_District_Number":11,"CTF_RL_2020":"Not Affected","CTF_RL_2040_IL":"Not Affected","CTF_RL_2040_INT":"Not Affected","CTF_RL_2070_IL":"Not Affected","CTF_RL_2070_INT":"Not Affected","SSF_RL_100YR_CURR":"Not Affected","SSF_RL_100YR_2040_IL":"Not Affected","SSF_RL_100YR_2040_INT":"Not Affected","SSF_RL_100YR_2070_IL":"Not Affected","SSF_RL_100YR_2070_INT":"Not Affected","SSF_RL_500YR_CURR":"Not Affected","SSF_RL_500YR_2040_IL":"Not Affected","SSF_RL_500YR_2040_INT":"Not Affected","SSF_RL_500YR_2070_IL":"Not Affected","SSF_RL_500YR_2070_INT":"Not Affected","RIF_RL_100YR_2020":"Not Affected","RIF_RL_100YR_2040":"Not Affected","RIF_RL_100YR_2070":"Not Affected","RIF_RL_500YR_2020":"Not Affected","RIF_RL_500YR_2040":"Not Affected","RIF_RL_500YR_2070":"Not Affected"}},{"type":"Feature","id":10,"geometry":{"type":"Point","coordinates":[-81.7442654624279,29.978480624289]},"properties":{"OBJECTID_1":10,"OBJECTID":10,"Name":"CLAY COUNTY EOC","HAZUSID":"FL000099","Address":"2519 STATE ROAD 16 W","City":"GREEN COVE SPRINGS","Zip":"32043","County":"Clay","X":-81.74426546,"Y":29.97848062,"LONGLAT":"-81.74426546,29.97848062","USNG":"17R MP 28200 16633","OWNERSHIP":"C","PARCELID":"18-06-26-015602-005-00","FACILITY_T":"EMERGENCY OPERATIONS CENTER","EFCLASS":"EFEO","AREA_SQ_FT":0,"BACKUP_POW":"NO","KITCHENS":"NO","REPLACEMEN":900,"EQ_DESIGN_":"PC","EQ_BUILD_T":"C3L","EQ_DF_TYPE":0,"LD_SUS":0,"LIQU_SUS":0,"SOIL_TYPE":"D","WATER_DEPT":5,"STRUC_DAMA":640,"FLOOD_BLDG":"Concrete","CONTENT_DA":477,"FIRST_FLOO":1,"FLOOD_RETU":0,"FLOOD_STR_":7,"Asset_Elevation":null,"Owned_Maintained":"C","Asset":"EMERGENCY OPERATIONS CENTER","Asset_Sub_Type":null,"Asset_Type":"Emergency Operation Centers","Asset_Group":"Critical Community and Emergency Facilities","Asset_Relevancy":"Regionally Significant","Asset_ID":"EOC_PT_10","Municipality":null,"Water_Management_District":"St. Johns River Water Management District","Souce_Dataset_Entity":"FDEM","Souce_Dataset_Name":"Emergency Operations Center - FDEM","Source_Asset_ID":null,"Restricted_Public_Disclosure":null,"Notes":null,"Regional_Planning_Council":"Northeast Florida","FDEP_Regulatory_District":"Northeast District","RCP_Region":"Northeast","FDOT_District":2,"House_District_Number":20,"Senate_District_Number":6,"CTF_RL_2020":"Not Affected","CTF_RL_2040_IL":"Not Affected","CTF_RL_2040_INT":"Not Affected","CTF_RL_2070_IL":"Not Affected","CTF_RL_2070_INT":"Not Affected","SSF_RL_100YR_CURR":"Not Affected","SSF_RL_100YR_2040_IL":"Not Affected","SSF_RL_100YR_2040_INT":"Not Affected","SSF_RL_100YR_2070_IL":"Not Affected","SSF_RL_100YR_2070_INT":"Not Affected","SSF_RL_500YR_CURR":"Not Affected","SSF_RL_500YR_2040_IL":"Not Affected","SSF_RL_500YR_2040_INT":"Not Affected","SSF_RL_500YR_2070_IL":"Not Affected","SSF_RL_500YR_2070_INT":"Not Affected","RIF_RL_100YR_2020":"Not Affected","RIF_RL_100YR_2040":"Not Affected","RIF_RL_100YR_2070":"Not Affected","RIF_RL_500YR_2020":"Not Affected","RIF_RL_500YR_2040":"Not Affected","RIF_RL_500YR_2070":"Not Affected"}},{"type":"Feature","id":11,"geometry":{"type":"Point","coordinates":[-81.694726193433,26.1052743475111]},"properties":{"OBJECTID_1":11,"OBJECTID":11,"Name":"COLLIER COUNTY EOC","HAZUSID":"FL000100","Address":"8075 LELY CULTURAL PKWY","City":"NAPLES","Zip":"34113","County":"Collier","X":-81.69472619,"Y":26.10527435,"LONGLAT":"-81.69472619,26.10527435","USNG":"17R MJ 30534 87527","OWNERSHIP":"C","PARCELID":"55425014105","FACILITY_T":"EMERGENCY OPERATIONS CENTER","EFCLASS":"EFEO","AREA_SQ_FT":0,"BACKUP_POW":"NO","KITCHENS":"NO","REPLACEMEN":900,"EQ_DESIGN_":"PC","EQ_BUILD_T":"C3L","EQ_DF_TYPE":0,"LD_SUS":0,"LIQU_SUS":0,"SOIL_TYPE":"D","WATER_DEPT":5,"STRUC_DAMA":640,"FLOOD_BLDG":"Concrete","CONTENT_DA":477,"FIRST_FLOO":1,"FLOOD_RETU":0,"FLOOD_STR_":7,"Asset_Elevation":null,"Owned_Maintained":"C","Asset":"EMERGENCY OPERATIONS CENTER","Asset_Sub_Type":null,"Asset_Type":"Emergency Operation Centers","Asset_Group":"Critical Community and Emergency Facilities","Asset_Relevancy":"Regionally Significant","Asset_ID":"EOC_PT_11","Municipality":null,"Water_Management_District":"South Florida Water Management District","Souce_Dataset_Entity":"FDEM","Souce_Dataset_Name":"Emergency Operations Center - FDEM","Source_Asset_ID":null,"Restricted_Public_Disclosure":null,"Notes":null,"Regional_Planning_Council":"Southwest Florida","FDEP_Regulatory_District":"South District","RCP_Region":"Southwest","FDOT_District":1,"House_District_Number":81,"Senate_District_Number":28,"CTF_RL_2020":"Not Affected","CTF_RL_2040_IL":"Not Affected","CTF_RL_2040_INT":"Not Affected","CTF_RL_2070_IL":"Not Affected","CTF_RL_2070_INT":"Not Affected","SSF_RL_100YR_CURR":"Not Affected","SSF_RL_100YR_2040_IL":"Not Affected","SSF_RL_100YR_2040_INT":"Not Affected","SSF_RL_100YR_2070_IL":"Not Affected","SSF_RL_100YR_2070_INT":"Not Affected","SSF_RL_500YR_CURR":"Not Affected","SSF_RL_500YR_2040_IL":"Not Affected","SSF_RL_500YR_2040_INT":"Not Affected","SSF_RL_500YR_2070_IL":"Not Affected","SSF_RL_500YR_2070_INT":"Not Affected","RIF_RL_100YR_2020":"Not Affected","RIF_RL_100YR_2040":"Not Affected","RIF_RL_100YR_2070":"Not Affected","RIF_RL_500YR_2020":"Not Affected","RIF_RL_500YR_2040":"Not Affected","RIF_RL_500YR_2070":"Not Affected"}},{"type":"Feature","id":12,"geometry":{"type":"Point","coordinates":[-82.700676895451,30.1835149103628]},"properties":{"OBJECTID_1":12,"OBJECTID":12,"Name":"COLUMBIA COUNTY EOC","HAZUSID":"FL000101","Address":"263 NW LAKE CITY AVE","City":"LAKE CITY","Zip":"32055","County":"Columbia","X":-82.7006769,"Y":30.18351491,"LONGLAT":"-82.70067690,30.18351491","USNG":"17R LP 36264 40342","OWNERSHIP":"C","PARCELID":"34-3S-16-02464-005","FACILITY_T":"EMERGENCY OPERATIONS CENTER","EFCLASS":"EFEO","AREA_SQ_FT":0,"BACKUP_POW":"NO","KITCHENS":"NO","REPLACEMEN":900,"EQ_DESIGN_":"PC","EQ_BUILD_T":"C3L","EQ_DF_TYPE":0,"LD_SUS":0,"LIQU_SUS":0,"SOIL_TYPE":"D","WATER_DEPT":5,"STRUC_DAMA":640,"FLOOD_BLDG":"Concrete","CONTENT_DA":477,"FIRST_FLOO":1,"FLOOD_RETU":0,"FLOOD_STR_":7,"Asset_Elevation":null,"Owned_Maintained":"C","Asset":"EMERGENCY OPERATIONS CENTER","Asset_Sub_Type":null,"Asset_Type":"Emergency Operation Centers","Asset_Group":"Critical Community and Emergency Facilities","Asset_Relevancy":"Regionally Significant","Asset_ID":"EOC_PT_12","Municipality":"Lake City","Water_Management_District":"Suwannee River Water Management District","Souce_Dataset_Entity":"FDEM","Souce_Dataset_Name":"Emergency Operations Center - FDEM","Source_Asset_ID":null,"Restricted_Public_Disclosure":null,"Notes":null,"Regional_Planning_Council":"North Central Florida","FDEP_Regulatory_District":"Northeast District","RCP_Region":"Northwest","FDOT_District":2,"House_District_Number":10,"Senate_District_Number":6,"CTF_RL_2020":"Not Affected","CTF_RL_2040_IL":"Not Affected","CTF_RL_2040_INT":"Not Affected","CTF_RL_2070_IL":"Not Affected","CTF_RL_2070_INT":"Not Affected","SSF_RL_100YR_CURR":"Not Affected","SSF_RL_100YR_2040_IL":"Not Affected","SSF_RL_100YR_2040_INT":"Not Affected","SSF_RL_100YR_2070_IL":"Not Affected","SSF_RL_100YR_2070_INT":"Not Affected","SSF_RL_500YR_CURR":"Not Affected","SSF_RL_500YR_2040_IL":"Not Affected","SSF_RL_500YR_2040_INT":"Not Affected","SSF_RL_500YR_2070_IL":"Not Affected","SSF_RL_500YR_2070_INT":"Not Affected","RIF_RL_100YR_2020":"Not Affected","RIF_RL_100YR_2040":"Not Affected","RIF_RL_100YR_2070":"Not Affected","RIF_RL_500YR_2020":"Not Affected","RIF_RL_500YR_2040":"Not Affected","RIF_RL_500YR_2070":"Not Affected"}},{"type":"Feature","id":13,"geometry":{"type":"Point","coordinates":[-81.8378792628805,27.2250297259964]},"properties":{"OBJECTID_1":13,"OBJECTID":13,"Name":"DESOTO COUNTY EOC","HAZUSID":"FL000102","Address":"2200 NE ROAN ST","City":"ARCADIA","Zip":"34266","County":"DeSoto","X":-81.83787926,"Y":27.22502973,"LONGLAT":"-81.83787926,27.22502973","USNG":"17R ML 17034 11637","OWNERSHIP":"C","PARCELID":"29-37-25-0000-0014-0000","FACILITY_T":"EMERGENCY OPERATIONS CENTER","EFCLASS":"EFEO","AREA_SQ_FT":0,"BACKUP_POW":"NO","KITCHENS":"NO","REPLACEMEN":900,"EQ_DESIGN_":"PC","EQ_BUILD_T":"C3L","EQ_DF_TYPE":0,"LD_SUS":0,"LIQU_SUS":0,"SOIL_TYPE":"D","WATER_DEPT":5,"STRUC_DAMA":640,"FLOOD_BLDG":"Concrete","CONTENT_DA":477,"FIRST_FLOO":1,"FLOOD_RETU":0,"FLOOD_STR_":7,"Asset_Elevation":null,"Owned_Maintained":"C","Asset":"EMERGENCY OPERATIONS CENTER","Asset_Sub_Type":null,"Asset_Type":"Emergency Operation Centers","Asset_Group":"Critical Community and Emergency Facilities","Asset_Relevancy":"Regionally Significant","Asset_ID":"EOC_PT_13","Municipality":null,"Water_Management_District":"Southwest Florida Water Management District","Souce_Dataset_Entity":"FDEM","Souce_Dataset_Name":"Emergency Operations Center - FDEM","Source_Asset_ID":null,"Restricted_Public_Disclosure":null,"Notes":null,"Regional_Planning_Council":"Central Florida","FDEP_Regulatory_District":"South District","RCP_Region":"Southwest","FDOT_District":1,"House_District_Number":76,"Senate_District_Number":27,"CTF_RL_2020":"Not Affected","CTF_RL_2040_IL":"Not Affected","CTF_RL_2040_INT":"Not Affected","CTF_RL_2070_IL":"Not Affected","CTF_RL_2070_INT":"Not Affected","SSF_RL_100YR_CURR":"Not Affected","SSF_RL_100YR_2040_IL":"Not Affected","SSF_RL_100YR_2040_INT":"Not Affected","SSF_RL_100YR_2070_IL":"Not Affected","SSF_RL_100YR_2070_INT":"Not Affected","SSF_RL_500YR_CURR":"Not Affected","SSF_RL_500YR_2040_IL":"Not Affected","SSF_RL_500YR_2040_INT":"Not Affected","SSF_RL_500YR_2070_IL":"Not Affected","SSF_RL_500YR_2070_INT":"Not Affected","RIF_RL_100YR_2020":"Not Affected","RIF_RL_100YR_2040":"Not Affected","RIF_RL_100YR_2070":"Not Affected","RIF_RL_500YR_2020":"Not Affected","RIF_RL_500YR_2040":"Not Affected","RIF_RL_500YR_2070":"Not Affected"}},{"type":"Feature","id":14,"geometry":{"type":"Point","coordinates":[-83.111670417161,29.625290640291]},"properties":{"OBJECTID_1":14,"OBJECTID":14,"Name":"DIXIE COUNTY EOC","HAZUSID":"FL000103","Address":"17600 SE US HWY 19","City":"OLD TOWN","Zip":"32680","County":"Dixie","X":-83.11167042,"Y":29.62529064,"LONGLAT":"-83.11167042,29.62529064","USNG":"17R KN 95549 79128","OWNERSHIP":"C","PARCELID":"101012000026000000","FACILITY_T":"EMERGENCY OPERATIONS CENTER","EFCLASS":"EFEO","AREA_SQ_FT":0,"BACKUP_POW":"NO","KITCHENS":"NO","REPLACEMEN":900,"EQ_DESIGN_":"PC","EQ_BUILD_T":"C3L","EQ_DF_TYPE":0,"LD_SUS":0,"LIQU_SUS":0,"SOIL_TYPE":"D","WATER_DEPT":5,"STRUC_DAMA":640,"FLOOD_BLDG":"Concrete","CONTENT_DA":477,"FIRST_FLOO":1,"FLOOD_RETU":0,"FLOOD_STR_":7,"Asset_Elevation":null,"Owned_Maintained":"C","Asset":"EMERGENCY OPERATIONS CENTER","Asset_Sub_Type":null,"Asset_Type":"Emergency Operation Centers","Asset_Group":"Critical Community and Emergency Facilities","Asset_Relevancy":"Regionally Significant","Asset_ID":"EOC_PT_14","Municipality":null,"Water_Management_District":"Suwannee River Water Management District","Souce_Dataset_Entity":"FDEM","Souce_Dataset_Name":"Emergency Operations Center - FDEM","Source_Asset_ID":null,"Restricted_Public_Disclosure":null,"Notes":null,"Regional_Planning_Council":"North Central Florida","FDEP_Regulatory_District":"Northeast District","RCP_Region":"Northwest","FDOT_District":2,"House_District_Number":7,"Senate_District_Number":3,"CTF_RL_2020":"Not Affected","CTF_RL_2040_IL":"Not Affected","CTF_RL_2040_INT":"Not Affected","CTF_RL_2070_IL":"Not Affected","CTF_RL_2070_INT":"Not Affected","SSF_RL_100YR_CURR":"Not Affected","SSF_RL_100YR_2040_IL":"Not Affected","SSF_RL_100YR_2040_INT":"Not Affected","SSF_RL_100YR_2070_IL":"Not Affected","SSF_RL_100YR_2070_INT":"Not Affected","SSF_RL_500YR_CURR":"Not Affected","SSF_RL_500YR_2040_IL":"Not Affected","SSF_RL_500YR_2040_INT":"Not Affected","SSF_RL_500YR_2070_IL":"Not Affected","SSF_RL_500YR_2070_INT":"Not Affected","RIF_RL_100YR_2020":"Not Affected","RIF_RL_100YR_2040":"Not Affected","RIF_RL_100YR_2070":"Not Affected","RIF_RL_500YR_2020":"Not Affected","RIF_RL_500YR_2040":"Not Affected","RIF_RL_500YR_2070":"Not Affected"}},{"type":"Feature","id":15,"geometry":{"type":"Point","coordinates":[-81.6602024046774,30.3311321930076]},"properties":{"OBJECTID_1":15,"OBJECTID":15,"Name":"DUVAL COUNTY EOC","HAZUSID":"FL000105","Address":"515 N JULIA ST","City":"JACKSONVILLE","Zip":"32202","County":"Duval","X":-81.6602024,"Y":30.33113219,"LONGLAT":"-81.66020240,30.33113219","USNG":"17R MP 36536 55663","OWNERSHIP":"C","PARCELID":"0738540000R","FACILITY_T":"EMERGENCY OPERATIONS CENTER","EFCLASS":"EFEO","AREA_SQ_FT":0,"BACKUP_POW":"NO","KITCHENS":"NO","REPLACEMEN":900,"EQ_DESIGN_":"PC","EQ_BUILD_T":"C3L","EQ_DF_TYPE":0,"LD_SUS":0,"LIQU_SUS":0,"SOIL_TYPE":"D","WATER_DEPT":5,"STRUC_DAMA":640,"FLOOD_BLDG":"Concrete","CONTENT_DA":477,"FIRST_FLOO":1,"FLOOD_RETU":0,"FLOOD_STR_":7,"Asset_Elevation":null,"Owned_Maintained":"C","Asset":"EMERGENCY OPERATIONS CENTER","Asset_Sub_Type":null,"Asset_Type":"Emergency Operation Centers","Asset_Group":"Critical Community and Emergency Facilities","Asset_Relevancy":"Regionally Significant","Asset_ID":"EOC_PT_15","Municipality":"Jacksonville","Water_Management_District":"St. Johns River Water Management District","Souce_Dataset_Entity":"FDEM","Souce_Dataset_Name":"Emergency Operations Center - FDEM","Source_Asset_ID":null,"Restricted_Public_Disclosure":null,"Notes":null,"Regional_Planning_Council":"Northeast Florida","FDEP_Regulatory_District":"Northeast District","RCP_Region":"Northeast","FDOT_District":2,"House_District_Number":14,"Senate_District_Number":5,"CTF_RL_2020":"Not Affected","CTF_RL_2040_IL":"Not Affected","CTF_RL_2040_INT":"Not Affected","CTF_RL_2070_IL":"Not Affected","CTF_RL_2070_INT":"Not Affected","SSF_RL_100YR_CURR":"Not Affected","SSF_RL_100YR_2040_IL":"Not Affected","SSF_RL_100YR_2040_INT":"Not Affected","SSF_RL_100YR_2070_IL":"Not Affected","SSF_RL_100YR_2070_INT":"Not Affected","SSF_RL_500YR_CURR":"Not Affected","SSF_RL_500YR_2040_IL":"Not Affected","SSF_RL_500YR_2040_INT":"Not Affected","SSF_RL_500YR_2070_IL":"Not Affected","SSF_RL_500YR_2070_INT":"Not Affected","RIF_RL_100YR_2020":"Not Affected","RIF_RL_100YR_2040":"Not Affected","RIF_RL_100YR_2070":"Not Affected","RIF_RL_500YR_2020":"Not Affected","RIF_RL_500YR_2040":"Not Affected","RIF_RL_500YR_2070":"Not Affected"}},{"type":"Feature","id":16,"geometry":{"type":"Point","coordinates":[-87.2614383996998,30.4838353231669]},"properties":{"OBJECTID_1":16,"OBJECTID":16,"Name":"ESCAMBIA COUNTY EOC","HAZUSID":"FL000106","Address":"6575 N W ST","City":"PENSACOLA","Zip":"32505","County":"Escambia","X":-87.2614384,"Y":30.48383532,"LONGLAT":"-87.26143840,30.48383532","USNG":"16R DU 74908 72429","OWNERSHIP":"C","PARCELID":"391S301106000002","FACILITY_T":"EMERGENCY OPERATIONS CENTER","EFCLASS":"EFEO","AREA_SQ_FT":0,"BACKUP_POW":"NO","KITCHENS":"NO","REPLACEMEN":900,"EQ_DESIGN_":"PC","EQ_BUILD_T":"C3L","EQ_DF_TYPE":0,"LD_SUS":0,"LIQU_SUS":0,"SOIL_TYPE":"D","WATER_DEPT":5,"STRUC_DAMA":640,"FLOOD_BLDG":"Concrete","CONTENT_DA":477,"FIRST_FLOO":1,"FLOOD_RETU":0,"FLOOD_STR_":7,"Asset_Elevation":null,"Owned_Maintained":"C","Asset":"EMERGENCY OPERATIONS CENTER","Asset_Sub_Type":null,"Asset_Type":"Emergency Operation Centers","Asset_Group":"Critical Community and Emergency Facilities","Asset_Relevancy":"Regionally Significant","Asset_ID":"EOC_PT_16","Municipality":null,"Water_Management_District":"Northwest Florida Water Management District","Souce_Dataset_Entity":"FDEM","Souce_Dataset_Name":"Emergency Operations Center - FDEM","Source_Asset_ID":null,"Restricted_Public_Disclosure":null,"Notes":null,"Regional_Planning_Council":"Emerald Coast","FDEP_Regulatory_District":"Northwest District","RCP_Region":"Northwest","FDOT_District":3,"House_District_Number":1,"Senate_District_Number":1,"CTF_RL_2020":"Not Affected","CTF_RL_2040_IL":"Not Affected","CTF_RL_2040_INT":"Not Affected","CTF_RL_2070_IL":"Not Affected","CTF_RL_2070_INT":"Not Affected","SSF_RL_100YR_CURR":"Not Affected","SSF_RL_100YR_2040_IL":"Not Affected","SSF_RL_100YR_2040_INT":"Not Affected","SSF_RL_100YR_2070_IL":"Not Affected","SSF_RL_100YR_2070_INT":"Not Affected","SSF_RL_500YR_CURR":"Not Affected","SSF_RL_500YR_2040_IL":"Not Affected","SSF_RL_500YR_2040_INT":"Not Affected","SSF_RL_500YR_2070_IL":"Not Affected","SSF_RL_500YR_2070_INT":"Not Affected","RIF_RL_100YR_2020":"Not Affected","RIF_RL_100YR_2040":"Not Affected","RIF_RL_100YR_2070":"Not Affected","RIF_RL_500YR_2020":"Not Affected","RIF_RL_500YR_2040":"Not Affected","RIF_RL_500YR_2070":"Not Affected"}},{"type":"Feature","id":17,"geometry":{"type":"Point","coordinates":[-85.0264684245883,29.7223219938218]},"properties":{"OBJECTID_1":17,"OBJECTID":17,"Name":"FRANKLIN COUNTY EOC","HAZUSID":"FL000109","Address":"28 AIRPORT RD","City":"APALACHICOLA","Zip":"32320","County":"Franklin","X":-85.02646842,"Y":29.72232199,"LONGLAT":"-85.02646842,29.72232199","USNG":"16R FT 90889 89647","OWNERSHIP":"C","PARCELID":"03-09S-08W-0000-0020-0000","FACILITY_T":"EMERGENCY OPERATIONS CENTER","EFCLASS":"EFEO","AREA_SQ_FT":0,"BACKUP_POW":"NO","KITCHENS":"NO","REPLACEMEN":900,"EQ_DESIGN_":"PC","EQ_BUILD_T":"C3L","EQ_DF_TYPE":0,"LD_SUS":0,"LIQU_SUS":0,"SOIL_TYPE":"D","WATER_DEPT":5,"STRUC_DAMA":640,"FLOOD_BLDG":"Concrete","CONTENT_DA":477,"FIRST_FLOO":1,"FLOOD_RETU":0,"FLOOD_STR_":7,"Asset_Elevation":null,"Owned_Maintained":"C","Asset":"EMERGENCY OPERATIONS CENTER","Asset_Sub_Type":null,"Asset_Type":"Emergency Operation Centers","Asset_Group":"Critical Community and Emergency Facilities","Asset_Relevancy":"Regionally Significant","Asset_ID":"EOC_PT_17","Municipality":null,"Water_Management_District":"Northwest Florida Water Management District","Souce_Dataset_Entity":"FDEM","Souce_Dataset_Name":"Emergency Operations Center - FDEM","Source_Asset_ID":null,"Restricted_Public_Disclosure":null,"Notes":null,"Regional_Planning_Council":"Apalachee","FDEP_Regulatory_District":"Northwest District","RCP_Region":"Northwest","FDOT_District":3,"House_District_Number":7,"Senate_District_Number":3,"CTF_RL_2020":"Not Affected","CTF_RL_2040_IL":"Not Affected","CTF_RL_2040_INT":"Not Affected","CTF_RL_2070_IL":"Not Affected","CTF_RL_2070_INT":"Not Affected","SSF_RL_100YR_CURR":"Not Affected","SSF_RL_100YR_2040_IL":"Not Affected","SSF_RL_100YR_2040_INT":"Not Affected","SSF_RL_100YR_2070_IL":"Not Affected","SSF_RL_100YR_2070_INT":"Not Affected","SSF_RL_500YR_CURR":"Not Affected","SSF_RL_500YR_2040_IL":"Not Affected","SSF_RL_500YR_2040_INT":"Not Affected","SSF_RL_500YR_2070_IL":"Not Affected","SSF_RL_500YR_2070_INT":"Not Affected","RIF_RL_100YR_2020":"Not Affected","RIF_RL_100YR_2040":"Not Affected","RIF_RL_100YR_2070":"Not Affected","RIF_RL_500YR_2020":"Not Affected","RIF_RL_500YR_2040":"Not Affected","RIF_RL_500YR_2070":"Not Affected"}},{"type":"Feature","id":18,"geometry":{"type":"Point","coordinates":[-84.5712014982088,30.5873080363578]},"properties":{"OBJECTID_1":18,"OBJECTID":18,"Name":"GADSDEN COUNTY EOC","HAZUSID":"FL000079","Address":"339 E JEFFERSON ST","City":"QUINCY","Zip":"32351","County":"Gadsden","X":-84.5712015,"Y":30.58730804,"LONGLAT":"-84.57120150,30.58730804","USNG":"16R GU 32894 86379","OWNERSHIP":"C","PARCELID":"3-07-2N-3W-0000-00132-0300","FACILITY_T":"EMERGENCY OPERATIONS CENTER","EFCLASS":"EFEO","AREA_SQ_FT":0,"BACKUP_POW":"NO","KITCHENS":"NO","REPLACEMEN":900,"EQ_DESIGN_":"PC","EQ_BUILD_T":"C3L","EQ_DF_TYPE":0,"LD_SUS":0,"LIQU_SUS":0,"SOIL_TYPE":"D","WATER_DEPT":5,"STRUC_DAMA":640,"FLOOD_BLDG":"Concrete","CONTENT_DA":477,"FIRST_FLOO":1,"FLOOD_RETU":0,"FLOOD_STR_":7,"Asset_Elevation":null,"Owned_Maintained":"C","Asset":"EMERGENCY OPERATIONS CENTER","Asset_Sub_Type":null,"Asset_Type":"Emergency Operation Centers","Asset_Group":"Critical Community and Emergency Facilities","Asset_Relevancy":"Regionally Significant","Asset_ID":"EOC_PT_18","Municipality":"Quincy","Water_Management_District":"Northwest Florida Water Management District","Souce_Dataset_Entity":"FDEM","Souce_Dataset_Name":"Emergency Operations Center - FDEM","Source_Asset_ID":null,"Restricted_Public_Disclosure":null,"Notes":null,"Regional_Planning_Council":"Apalachee","FDEP_Regulatory_District":"Northwest District","RCP_Region":"Northwest","FDOT_District":3,"House_District_Number":8,"Senate_District_Number":3,"CTF_RL_2020":"Not Affected","CTF_RL_2040_IL":"Not Affected","CTF_RL_2040_INT":"Not Affected","CTF_RL_2070_IL":"Not Affected","CTF_RL_2070_INT":"Not Affected","SSF_RL_100YR_CURR":"Not Affected","SSF_RL_100YR_2040_IL":"Not Affected","SSF_RL_100YR_2040_INT":"Not Affected","SSF_RL_100YR_2070_IL":"Not Affected","SSF_RL_100YR_2070_INT":"Not Affected","SSF_RL_500YR_CURR":"Not Affected","SSF_RL_500YR_2040_IL":"Not Affected","SSF_RL_500YR_2040_INT":"Not Affected","SSF_RL_500YR_2070_IL":"Not Affected","SSF_RL_500YR_2070_INT":"Not Affected","RIF_RL_100YR_2020":"High","RIF_RL_100YR_2040":"High","RIF_RL_100YR_2070":"High","RIF_RL_500YR_2020":"High","RIF_RL_500YR_2040":"High","RIF_RL_500YR_2070":"High"}},{"type":"Feature","id":19,"geometry":{"type":"Point","coordinates":[-82.8659627316309,29.784336737207]},"properties":{"OBJECTID_1":19,"OBJECTID":19,"Name":"GILCHRIST COUNTY EOC","HAZUSID":"FL000111","Address":"3270 N US HWY 129","City":"BELL","Zip":"32619","County":"Gilchrist","X":-82.86596273,"Y":29.78433674,"LONGLAT":"-82.86596273,29.78433674","USNG":"17R LN 19628 96347","OWNERSHIP":"C","PARCELID":"13-08-14-0000-0003-0010","FACILITY_T":"EMERGENCY OPERATIONS CENTER","EFCLASS":"EFEO","AREA_SQ_FT":0,"BACKUP_POW":"NO","KITCHENS":"NO","REPLACEMEN":900,"EQ_DESIGN_":"PC","EQ_BUILD_T":"C3L","EQ_DF_TYPE":0,"LD_SUS":0,"LIQU_SUS":0,"SOIL_TYPE":"D","WATER_DEPT":5,"STRUC_DAMA":640,"FLOOD_BLDG":"Concrete","CONTENT_DA":477,"FIRST_FLOO":1,"FLOOD_RETU":0,"FLOOD_STR_":7,"Asset_Elevation":null,"Owned_Maintained":"C","Asset":"EMERGENCY OPERATIONS CENTER","Asset_Sub_Type":null,"Asset_Type":"Emergency Operation Centers","Asset_Group":"Critical Community and Emergency Facilities","Asset_Relevancy":"Regionally Significant","Asset_ID":"EOC_PT_19","Municipality":null,"Water_Management_District":"Suwannee River Water Management District","Souce_Dataset_Entity":"FDEM","Souce_Dataset_Name":"Emergency Operations Center - FDEM","Source_Asset_ID":null,"Restricted_Public_Disclosure":null,"Notes":null,"Regional_Planning_Council":"North Central Florida","FDEP_Regulatory_District":"Northeast District","RCP_Region":"Northwest","FDOT_District":2,"House_District_Number":22,"Senate_District_Number":6,"CTF_RL_2020":"Not Affected","CTF_RL_2040_IL":"Not Affected","CTF_RL_2040_INT":"Not Affected","CTF_RL_2070_IL":"Not Affected","CTF_RL_2070_INT":"Not Affected","SSF_RL_100YR_CURR":"Not Affected","SSF_RL_100YR_2040_IL":"Not Affected","SSF_RL_100YR_2040_INT":"Not Affected","SSF_RL_100YR_2070_IL":"Not Affected","SSF_RL_100YR_2070_INT":"Not Affected","SSF_RL_500YR_CURR":"Not Affected","SSF_RL_500YR_2040_IL":"Not Affected","SSF_RL_500YR_2040_INT":"Not Affected","SSF_RL_500YR_2070_IL":"Not Affected","SSF_RL_500YR_2070_INT":"Not Affected","RIF_RL_100YR_2020":"Not Affected","RIF_RL_100YR_2040":"Not Affected","RIF_RL_100YR_2070":"Not Affected","RIF_RL_500YR_2020":"Not Affected","RIF_RL_500YR_2040":"Not Affected","RIF_RL_500YR_2070":"Not Affected"}},{"type":"Feature","id":20,"geometry":{"type":"Point","coordinates":[-81.1253649170688,26.8401187182503]},"properties":{"OBJECTID_1":20,"OBJECTID":20,"Name":"GLADES COUNTY EOC","HAZUSID":"FL000112","Address":"1097 HEALTH PARK DRIVE","City":"MOORE HAVEN","Zip":"33471","County":"Glades","X":-81.12536492,"Y":26.84011872,"LONGLAT":"-81.12536492,26.84011872","USNG":"17R MK 87544 68733","OWNERSHIP":"C","PARCELID":"A27-42-32-A00-0020-0000","FACILITY_T":"EMERGENCY OPERATIONS CENTER","EFCLASS":"EFEO","AREA_SQ_FT":0,"BACKUP_POW":"NO","KITCHENS":"NO","REPLACEMEN":900,"EQ_DESIGN_":"PC","EQ_BUILD_T":"C3L","EQ_DF_TYPE":0,"LD_SUS":0,"LIQU_SUS":0,"SOIL_TYPE":"D","WATER_DEPT":5,"STRUC_DAMA":640,"FLOOD_BLDG":"Concrete","CONTENT_DA":477,"FIRST_FLOO":1,"FLOOD_RETU":0,"FLOOD_STR_":7,"Asset_Elevation":null,"Owned_Maintained":"C","Asset":"EMERGENCY OPERATIONS CENTER","Asset_Sub_Type":null,"Asset_Type":"Emergency Operation Centers","Asset_Group":"Critical Community and Emergency Facilities","Asset_Relevancy":"Regionally Significant","Asset_ID":"EOC_PT_20","Municipality":null,"Water_Management_District":"South Florida Water Management District","Souce_Dataset_Entity":"FDEM","Souce_Dataset_Name":"Emergency Operations Center - FDEM","Source_Asset_ID":null,"Restricted_Public_Disclosure":null,"Notes":null,"Regional_Planning_Council":"Southwest Florida","FDEP_Regulatory_District":"South District","RCP_Region":"Southwest","FDOT_District":1,"House_District_Number":83,"Senate_District_Number":29,"CTF_RL_2020":"Not Affected","CTF_RL_2040_IL":"Not Affected","CTF_RL_2040_INT":"Not Affected","CTF_RL_2070_IL":"Not Affected","CTF_RL_2070_INT":"Not Affected","SSF_RL_100YR_CURR":"Not Affected","SSF_RL_100YR_2040_IL":"Not Affected","SSF_RL_100YR_2040_INT":"Not Affected","SSF_RL_100YR_2070_IL":"Not Affected","SSF_RL_100YR_2070_INT":"Not Affected","SSF_RL_500YR_CURR":"Not Affected","SSF_RL_500YR_2040_IL":"Not Affected","SSF_RL_500YR_2040_INT":"Not Affected","SSF_RL_500YR_2070_IL":"Not Affected","SSF_RL_500YR_2070_INT":"Not Affected","RIF_RL_100YR_2020":"Not Affected","RIF_RL_100YR_2040":"Not Affected","RIF_RL_100YR_2070":"Not Affected","RIF_RL_500YR_2020":"Not Affected","RIF_RL_500YR_2040":"Not Affected","RIF_RL_500YR_2070":"Not Affected"}},{"type":"Feature","id":21,"geometry":{"type":"Point","coordinates":[-85.290038797675,29.8147302151846]},"properties":{"OBJECTID_1":21,"OBJECTID":21,"Name":"GULF COUNTY EOC","HAZUSID":"FL000113","Address":"1000 CECIL G COSTIN SR BLVD","City":"PORT SAINT JOE","Zip":"32456","County":"Gulf","X":-85.2900388,"Y":29.81473022,"LONGLAT":"-85.29003880,29.81473022","USNG":"16R FT 65239 99482","OWNERSHIP":"C","PARCELID":"04589-000R","FACILITY_T":"EMERGENCY OPERATIONS CENTER","EFCLASS":"EFEO","AREA_SQ_FT":0,"BACKUP_POW":"NO","KITCHENS":"NO","REPLACEMEN":900,"EQ_DESIGN_":"PC","EQ_BUILD_T":"C3L","EQ_DF_TYPE":0,"LD_SUS":0,"LIQU_SUS":0,"SOIL_TYPE":"D","WATER_DEPT":5,"STRUC_DAMA":640,"FLOOD_BLDG":"Concrete","CONTENT_DA":477,"FIRST_FLOO":1,"FLOOD_RETU":0,"FLOOD_STR_":7,"Asset_Elevation":null,"Owned_Maintained":"C","Asset":"EMERGENCY OPERATIONS CENTER","Asset_Sub_Type":null,"Asset_Type":"Emergency Operation Centers","Asset_Group":"Critical Community and Emergency Facilities","Asset_Relevancy":"Regionally Significant","Asset_ID":"EOC_PT_21","Municipality":"Port St. Joe","Water_Management_District":"Northwest Florida Water Management District","Souce_Dataset_Entity":"FDEM","Souce_Dataset_Name":"Emergency Operations Center - FDEM","Source_Asset_ID":null,"Restricted_Public_Disclosure":null,"Notes":null,"Regional_Planning_Council":"Apalachee","FDEP_Regulatory_District":"Northwest District","RCP_Region":"Northwest","FDOT_District":3,"House_District_Number":7,"Senate_District_Number":3,"CTF_RL_2020":"Not Affected","CTF_RL_2040_IL":"Not Affected","CTF_RL_2040_INT":"Not Affected","CTF_RL_2070_IL":"Not Affected","CTF_RL_2070_INT":"Not Affected","SSF_RL_100YR_CURR":"Not Affected","SSF_RL_100YR_2040_IL":"Not Affected","SSF_RL_100YR_2040_INT":"Not Affected","SSF_RL_100YR_2070_IL":"Not Affected","SSF_RL_100YR_2070_INT":"Not Affected","SSF_RL_500YR_CURR":"Not Affected","SSF_RL_500YR_2040_IL":"Not Affected","SSF_RL_500YR_2040_INT":"Not Affected","SSF_RL_500YR_2070_IL":"Not Affected","SSF_RL_500YR_2070_INT":"Not Affected","RIF_RL_100YR_2020":"Not Affected","RIF_RL_100YR_2040":"Not Affected","RIF_RL_100YR_2070":"Not Affected","RIF_RL_500YR_2020":"Not Affected","RIF_RL_500YR_2040":"Not Affected","RIF_RL_500YR_2070":"Not Affected"}},{"type":"Feature","id":22,"geometry":{"type":"Point","coordinates":[-82.9577739290998,30.5244431417384]},"properties":{"OBJECTID_1":22,"OBJECTID":22,"Name":"HAMILTON COUNTY EOC","HAZUSID":"FL000114","Address":"1133 US HWY 41 NW","City":"JASPER","Zip":"32052","County":"Hamilton","X":-82.95777393,"Y":30.52444314,"LONGLAT":"-82.95777393,30.52444314","USNG":"17R LP 12160 78530","OWNERSHIP":"C","PARCELID":"6176-010","FACILITY_T":"EMERGENCY OPERATIONS CENTER","EFCLASS":"EFEO","AREA_SQ_FT":0,"BACKUP_POW":"NO","KITCHENS":"NO","REPLACEMEN":900,"EQ_DESIGN_":"PC","EQ_BUILD_T":"C3L","EQ_DF_TYPE":0,"LD_SUS":0,"LIQU_SUS":0,"SOIL_TYPE":"D","WATER_DEPT":5,"STRUC_DAMA":640,"FLOOD_BLDG":"Concrete","CONTENT_DA":477,"FIRST_FLOO":1,"FLOOD_RETU":0,"FLOOD_STR_":7,"Asset_Elevation":null,"Owned_Maintained":"C","Asset":"EMERGENCY OPERATIONS CENTER","Asset_Sub_Type":null,"Asset_Type":"Emergency Operation Centers","Asset_Group":"Critical Community and Emergency Facilities","Asset_Relevancy":"Regionally Significant","Asset_ID":"EOC_PT_22","Municipality":"Jasper","Water_Management_District":"Suwannee River Water Management District","Souce_Dataset_Entity":"FDEM","Souce_Dataset_Name":"Emergency Operations Center - FDEM","Source_Asset_ID":null,"Restricted_Public_Disclosure":null,"Notes":null,"Regional_Planning_Council":"North Central Florida","FDEP_Regulatory_District":"Northeast District","RCP_Region":"Northwest","FDOT_District":2,"House_District_Number":7,"Senate_District_Number":3,"CTF_RL_2020":"Not Affected","CTF_RL_2040_IL":"Not Affected","CTF_RL_2040_INT":"Not Affected","CTF_RL_2070_IL":"Not Affected","CTF_RL_2070_INT":"Not Affected","SSF_RL_100YR_CURR":"Not Affected","SSF_RL_100YR_2040_IL":"Not Affected","SSF_RL_100YR_2040_INT":"Not Affected","SSF_RL_100YR_2070_IL":"Not Affected","SSF_RL_100YR_2070_INT":"Not Affected","SSF_RL_500YR_CURR":"Not Affected","SSF_RL_500YR_2040_IL":"Not Affected","SSF_RL_500YR_2040_INT":"Not Affected","SSF_RL_500YR_2070_IL":"Not Affected","SSF_RL_500YR_2070_INT":"Not Affected","RIF_RL_100YR_2020":"Not Affected","RIF_RL_100YR_2040":"Not Affected","RIF_RL_100YR_2070":"Not Affected","RIF_RL_500YR_2020":"Not Affected","RIF_RL_500YR_2040":"Not Affected","RIF_RL_500YR_2070":"Not Affected"}},{"type":"Feature","id":23,"geometry":{"type":"Point","coordinates":[-81.8151590914584,27.5459863763064]},"properties":{"OBJECTID_1":23,"OBJECTID":23,"Name":"HARDEE COUNTY EOC","HAZUSID":"FL000115","Address":"404 W ORANGE ST","City":"WAUCHULA","Zip":"33873","County":"Hardee","X":-81.81515909,"Y":27.54598638,"LONGLAT":"-81.81515909,27.54598638","USNG":"17R ML 19516 47175","OWNERSHIP":"C","PARCELID":"04-34-25-0260-00028-0001","FACILITY_T":"EMERGENCY OPERATIONS CENTER","EFCLASS":"EFEO","AREA_SQ_FT":0,"BACKUP_POW":"NO","KITCHENS":"NO","REPLACEMEN":900,"EQ_DESIGN_":"PC","EQ_BUILD_T":"C3L","EQ_DF_TYPE":0,"LD_SUS":0,"LIQU_SUS":0,"SOIL_TYPE":"D","WATER_DEPT":5,"STRUC_DAMA":640,"FLOOD_BLDG":"Concrete","CONTENT_DA":477,"FIRST_FLOO":1,"FLOOD_RETU":0,"FLOOD_STR_":7,"Asset_Elevation":null,"Owned_Maintained":"C","Asset":"EMERGENCY OPERATIONS CENTER","Asset_Sub_Type":null,"Asset_Type":"Emergency Operation Centers","Asset_Group":"Critical Community and Emergency Facilities","Asset_Relevancy":"Regionally Significant","Asset_ID":"EOC_PT_23","Municipality":"Wauchula","Water_Management_District":"Southwest Florida Water Management District","Souce_Dataset_Entity":"FDEM","Souce_Dataset_Name":"Emergency Operations Center - FDEM","Source_Asset_ID":null,"Restricted_Public_Disclosure":null,"Notes":null,"Regional_Planning_Council":"Central Florida","FDEP_Regulatory_District":"Southwest District","RCP_Region":"Southwest","FDOT_District":1,"House_District_Number":83,"Senate_District_Number":27,"CTF_RL_2020":"Not Affected","CTF_RL_2040_IL":"Not Affected","CTF_RL_2040_INT":"Not Affected","CTF_RL_2070_IL":"Not Affected","CTF_RL_2070_INT":"Not Affected","SSF_RL_100YR_CURR":"Not Affected","SSF_RL_100YR_2040_IL":"Not Affected","SSF_RL_100YR_2040_INT":"Not Affected","SSF_RL_100YR_2070_IL":"Not Affected","SSF_RL_100YR_2070_INT":"Not Affected","SSF_RL_500YR_CURR":"Not Affected","SSF_RL_500YR_2040_IL":"Not Affected","SSF_RL_500YR_2040_INT":"Not Affected","SSF_RL_500YR_2070_IL":"Not Affected","SSF_RL_500YR_2070_INT":"Not Affected","RIF_RL_100YR_2020":"Not Affected","RIF_RL_100YR_2040":"Not Affected","RIF_RL_100YR_2070":"Not Affected","RIF_RL_500YR_2020":"Not Affected","RIF_RL_500YR_2040":"Not Affected","RIF_RL_500YR_2070":"Not Affected"}},{"type":"Feature","id":24,"geometry":{"type":"Point","coordinates":[-81.5078773896529,26.7089484577576]},"properties":{"OBJECTID_1":24,"OBJECTID":24,"Name":"HENDRY COUNTY EOC","HAZUSID":"FL000116","Address":"4425 WEST STATE ROAD 80","City":"ALVA","Zip":"33920","County":"Hendry","X":-81.50787739,"Y":26.70894846,"LONGLAT":"-81.50787739,26.70894846","USNG":"17R MK 49481 54299","OWNERSHIP":"C","PARCELID":"1 28 43 27 A00 0007.0000","FACILITY_T":"EMERGENCY OPERATIONS CENTER","EFCLASS":"EFEO","AREA_SQ_FT":0,"BACKUP_POW":"NO","KITCHENS":"NO","REPLACEMEN":900,"EQ_DESIGN_":"PC","EQ_BUILD_T":"C3L","EQ_DF_TYPE":0,"LD_SUS":0,"LIQU_SUS":0,"SOIL_TYPE":"D","WATER_DEPT":5,"STRUC_DAMA":640,"FLOOD_BLDG":"Concrete","CONTENT_DA":477,"FIRST_FLOO":1,"FLOOD_RETU":0,"FLOOD_STR_":7,"Asset_Elevation":null,"Owned_Maintained":"C","Asset":"EMERGENCY OPERATIONS CENTER","Asset_Sub_Type":null,"Asset_Type":"Emergency Operation Centers","Asset_Group":"Critical Community and Emergency Facilities","Asset_Relevancy":"Regionally Significant","Asset_ID":"EOC_PT_24","Municipality":null,"Water_Management_District":"South Florida Water Management District","Souce_Dataset_Entity":"FDEM","Souce_Dataset_Name":"Emergency Operations Center - FDEM","Source_Asset_ID":null,"Restricted_Public_Disclosure":null,"Notes":null,"Regional_Planning_Council":"Southwest Florida","FDEP_Regulatory_District":"South District","RCP_Region":"Southwest","FDOT_District":1,"House_District_Number":82,"Senate_District_Number":28,"CTF_RL_2020":"Not Affected","CTF_RL_2040_IL":"Not Affected","CTF_RL_2040_INT":"Not Affected","CTF_RL_2070_IL":"Not Affected","CTF_RL_2070_INT":"Not Affected","SSF_RL_100YR_CURR":"Not Affected","SSF_RL_100YR_2040_IL":"Not Affected","SSF_RL_100YR_2040_INT":"Not Affected","SSF_RL_100YR_2070_IL":"Not Affected","SSF_RL_100YR_2070_INT":"Not Affected","SSF_RL_500YR_CURR":"Not Affected","SSF_RL_500YR_2040_IL":"Not Affected","SSF_RL_500YR_2040_INT":"Not Affected","SSF_RL_500YR_2070_IL":"Not Affected","SSF_RL_500YR_2070_INT":"Not Affected","RIF_RL_100YR_2020":"Not Affected","RIF_RL_100YR_2040":"Not Affected","RIF_RL_100YR_2070":"Not Affected","RIF_RL_500YR_2020":"Not Affected","RIF_RL_500YR_2040":"Not Affected","RIF_RL_500YR_2070":"Not Affected"}},{"type":"Feature","id":25,"geometry":{"type":"Point","coordinates":[-82.4219406206471,28.5472971363735]},"properties":{"OBJECTID_1":25,"OBJECTID":25,"Name":"HERNANDO COUNTY EOC","HAZUSID":"FL000117","Address":"18900 CORTEZ BLVD","City":"BROOKSVILLE","Zip":"34601","County":"Hernando","X":-82.42194062,"Y":28.54729714,"LONGLAT":"-82.42194062,28.54729714","USNG":"17R LM 60896 58656","OWNERSHIP":"C","PARCELID":"R29 422 19 0000 0380 0030","FACILITY_T":"EMERGENCY OPERATIONS CENTER","EFCLASS":"EFEO","AREA_SQ_FT":0,"BACKUP_POW":"NO","KITCHENS":"NO","REPLACEMEN":900,"EQ_DESIGN_":"PC","EQ_BUILD_T":"C3L","EQ_DF_TYPE":0,"LD_SUS":0,"LIQU_SUS":0,"SOIL_TYPE":"D","WATER_DEPT":5,"STRUC_DAMA":640,"FLOOD_BLDG":"Concrete","CONTENT_DA":477,"FIRST_FLOO":1,"FLOOD_RETU":0,"FLOOD_STR_":7,"Asset_Elevation":null,"Owned_Maintained":"C","Asset":"EMERGENCY OPERATIONS CENTER","Asset_Sub_Type":null,"Asset_Type":"Emergency Operation Centers","Asset_Group":"Critical Community and Emergency Facilities","Asset_Relevancy":"Regionally Significant","Asset_ID":"EOC_PT_25","Municipality":"Brooksville","Water_Management_District":"Southwest Florida Water Management District","Souce_Dataset_Entity":"FDEM","Souce_Dataset_Name":"Emergency Operations Center - FDEM","Source_Asset_ID":null,"Restricted_Public_Disclosure":null,"Notes":null,"Regional_Planning_Council":"Tampa Bay","FDEP_Regulatory_District":"Southwest District","RCP_Region":"Northwest","FDOT_District":7,"House_District_Number":52,"Senate_District_Number":11,"CTF_RL_2020":"Not Affected","CTF_RL_2040_IL":"Not Affected","CTF_RL_2040_INT":"Not Affected","CTF_RL_2070_IL":"Not Affected","CTF_RL_2070_INT":"Not Affected","SSF_RL_100YR_CURR":"Not Affected","SSF_RL_100YR_2040_IL":"Not Affected","SSF_RL_100YR_2040_INT":"Not Affected","SSF_RL_100YR_2070_IL":"Not Affected","SSF_RL_100YR_2070_INT":"Not Affected","SSF_RL_500YR_CURR":"Not Affected","SSF_RL_500YR_2040_IL":"Not Affected","SSF_RL_500YR_2040_INT":"Not Affected","SSF_RL_500YR_2070_IL":"Not Affected","SSF_RL_500YR_2070_INT":"Not Affected","RIF_RL_100YR_2020":"Not Affected","RIF_RL_100YR_2040":"Not Affected","RIF_RL_100YR_2070":"Not Affected","RIF_RL_500YR_2020":"Not Affected","RIF_RL_500YR_2040":"Not Affected","RIF_RL_500YR_2070":"Not Affected"}},{"type":"Feature","id":26,"geometry":{"type":"Point","coordinates":[-81.4214383528667,27.4377957290158]},"properties":{"OBJECTID_1":26,"OBJECTID":26,"Name":"HIGHLANDS COUNTY EOC","HAZUSID":"FL000118","Address":"6850 W GEORGE BLVD","City":"SEBRING","Zip":"33875","County":"Highlands","X":-81.42143835,"Y":27.43779573,"LONGLAT":"-81.42143835,27.43779573","USNG":"17R ML 58349 34997","OWNERSHIP":"C","PARCELID":"C163529A0000110000","FACILITY_T":"EMERGENCY OPERATIONS CENTER","EFCLASS":"EFEO","AREA_SQ_FT":0,"BACKUP_POW":"NO","KITCHENS":"NO","REPLACEMEN":900,"EQ_DESIGN_":"PC","EQ_BUILD_T":"C3L","EQ_DF_TYPE":0,"LD_SUS":0,"LIQU_SUS":0,"SOIL_TYPE":"D","WATER_DEPT":5,"STRUC_DAMA":640,"FLOOD_BLDG":"Concrete","CONTENT_DA":477,"FIRST_FLOO":1,"FLOOD_RETU":0,"FLOOD_STR_":7,"Asset_Elevation":null,"Owned_Maintained":"C","Asset":"EMERGENCY OPERATIONS CENTER","Asset_Sub_Type":null,"Asset_Type":"Emergency Operation Centers","Asset_Group":"Critical Community and Emergency Facilities","Asset_Relevancy":"Regionally Significant","Asset_ID":"EOC_PT_26","Municipality":null,"Water_Management_District":"Southwest Florida Water Management District","Souce_Dataset_Entity":"FDEM","Souce_Dataset_Name":"Emergency Operations Center - FDEM","Source_Asset_ID":null,"Restricted_Public_Disclosure":null,"Notes":null,"Regional_Planning_Council":"Central Florida","FDEP_Regulatory_District":"South District","RCP_Region":"Southwest","FDOT_District":1,"House_District_Number":83,"Senate_District_Number":29,"CTF_RL_2020":"Not Affected","CTF_RL_2040_IL":"Not Affected","CTF_RL_2040_INT":"Not Affected","CTF_RL_2070_IL":"Not Affected","CTF_RL_2070_INT":"Not Affected","SSF_RL_100YR_CURR":"Not Affected","SSF_RL_100YR_2040_IL":"Not Affected","SSF_RL_100YR_2040_INT":"Not Affected","SSF_RL_100YR_2070_IL":"Not Affected","SSF_RL_100YR_2070_INT":"Not Affected","SSF_RL_500YR_CURR":"Not Affected","SSF_RL_500YR_2040_IL":"Not Affected","SSF_RL_500YR_2040_INT":"Not Affected","SSF_RL_500YR_2070_IL":"Not Affected","SSF_RL_500YR_2070_INT":"Not Affected","RIF_RL_100YR_2020":"Not Affected","RIF_RL_100YR_2040":"Not Affected","RIF_RL_100YR_2070":"Not Affected","RIF_RL_500YR_2020":"Not Affected","RIF_RL_500YR_2040":"Not Affected","RIF_RL_500YR_2070":"Not Affected"}},{"type":"Feature","id":27,"geometry":{"type":"Point","coordinates":[-82.3458148321186,27.9672691237702]},"properties":{"OBJECTID_1":27,"OBJECTID":27,"Name":"HILLSBOROUGH COUNTY EOC","HAZUSID":"FL000119","Address":"9450 E COLUMBUS DR","City":"TAMPA","Zip":"33619","County":"Hillsborough","X":-82.34581483,"Y":27.96726912,"LONGLAT":"-82.34581483,27.96726912","USNG":"17R LL 67629 94305","OWNERSHIP":"C","PARCELID":"192832ZZZ000005673700A","FACILITY_T":"EMERGENCY OPERATIONS CENTER","EFCLASS":"EFEO","AREA_SQ_FT":0,"BACKUP_POW":"NO","KITCHENS":"NO","REPLACEMEN":900,"EQ_DESIGN_":"PC","EQ_BUILD_T":"C3L","EQ_DF_TYPE":0,"LD_SUS":0,"LIQU_SUS":0,"SOIL_TYPE":"D","WATER_DEPT":5,"STRUC_DAMA":640,"FLOOD_BLDG":"Concrete","CONTENT_DA":477,"FIRST_FLOO":1,"FLOOD_RETU":0,"FLOOD_STR_":7,"Asset_Elevation":null,"Owned_Maintained":"C","Asset":"EMERGENCY OPERATIONS CENTER","Asset_Sub_Type":null,"Asset_Type":"Emergency Operation Centers","Asset_Group":"Critical Community and Emergency Facilities","Asset_Relevancy":"Regionally Significant","Asset_ID":"EOC_PT_27","Municipality":null,"Water_Management_District":"Southwest Florida Water Management District","Souce_Dataset_Entity":"FDEM","Souce_Dataset_Name":"Emergency Operations Center - FDEM","Source_Asset_ID":null,"Restricted_Public_Disclosure":null,"Notes":null,"Regional_Planning_Council":"Tampa Bay","FDEP_Regulatory_District":"Southwest District","RCP_Region":"Southwest","FDOT_District":7,"House_District_Number":62,"Senate_District_Number":16,"CTF_RL_2020":"Not Affected","CTF_RL_2040_IL":"Not Affected","CTF_RL_2040_INT":"Not Affected","CTF_RL_2070_IL":"Not Affected","CTF_RL_2070_INT":"Not Affected","SSF_RL_100YR_CURR":"Not Affected","SSF_RL_100YR_2040_IL":"Not Affected","SSF_RL_100YR_2040_INT":"Not Affected","SSF_RL_100YR_2070_IL":"Not Affected","SSF_RL_100YR_2070_INT":"Not Affected","SSF_RL_500YR_CURR":"Not Affected","SSF_RL_500YR_2040_IL":"Not Affected","SSF_RL_500YR_2040_INT":"Not Affected","SSF_RL_500YR_2070_IL":"Not Affected","SSF_RL_500YR_2070_INT":"Not Affected","RIF_RL_100YR_2020":"Not Affected","RIF_RL_100YR_2040":"Not Affected","RIF_RL_100YR_2070":"Not Affected","RIF_RL_500YR_2020":"Not Affected","RIF_RL_500YR_2040":"Not Affected","RIF_RL_500YR_2070":"Not Affected"}},{"type":"Feature","id":28,"geometry":{"type":"Point","coordinates":[-85.6629818277611,30.7865721327824]},"properties":{"OBJECTID_1":28,"OBJECTID":28,"Name":"HOLMES COUNTY EOC","HAZUSID":"FL000121","Address":"1001 E HWY 90","City":"BONIFAY","Zip":"32425","County":"Holmes","X":-85.66298183,"Y":30.78657213,"LONGLAT":"-85.66298183,30.78657213","USNG":"16R FV 27928 06713","OWNERSHIP":"C","PARCELID":"0531.03-003-015-003.000","FACILITY_T":"EMERGENCY OPERATIONS CENTER","EFCLASS":"EFEO","AREA_SQ_FT":0,"BACKUP_POW":"NO","KITCHENS":"NO","REPLACEMEN":900,"EQ_DESIGN_":"PC","EQ_BUILD_T":"C3L","EQ_DF_TYPE":0,"LD_SUS":0,"LIQU_SUS":0,"SOIL_TYPE":"D","WATER_DEPT":5,"STRUC_DAMA":640,"FLOOD_BLDG":"Concrete","CONTENT_DA":477,"FIRST_FLOO":1,"FLOOD_RETU":0,"FLOOD_STR_":7,"Asset_Elevation":null,"Owned_Maintained":"C","Asset":"EMERGENCY OPERATIONS CENTER","Asset_Sub_Type":null,"Asset_Type":"Emergency Operation Centers","Asset_Group":"Critical Community and Emergency Facilities","Asset_Relevancy":"Regionally Significant","Asset_ID":"EOC_PT_28","Municipality":null,"Water_Management_District":"Northwest Florida Water Management District","Souce_Dataset_Entity":"FDEM","Souce_Dataset_Name":"Emergency Operations Center - FDEM","Source_Asset_ID":null,"Restricted_Public_Disclosure":null,"Notes":null,"Regional_Planning_Council":"Emerald Coast","FDEP_Regulatory_District":"Northwest District","RCP_Region":"Northwest","FDOT_District":3,"House_District_Number":5,"Senate_District_Number":2,"CTF_RL_2020":"Not Affected","CTF_RL_2040_IL":"Not Affected","CTF_RL_2040_INT":"Not Affected","CTF_RL_2070_IL":"Not Affected","CTF_RL_2070_INT":"Not Affected","SSF_RL_100YR_CURR":"Not Affected","SSF_RL_100YR_2040_IL":"Not Affected","SSF_RL_100YR_2040_INT":"Not Affected","SSF_RL_100YR_2070_IL":"Not Affected","SSF_RL_100YR_2070_INT":"Not Affected","SSF_RL_500YR_CURR":"Not Affected","SSF_RL_500YR_2040_IL":"Not Affected","SSF_RL_500YR_2040_INT":"Not Affected","SSF_RL_500YR_2070_IL":"Not Affected","SSF_RL_500YR_2070_INT":"Not Affected","RIF_RL_100YR_2020":"Not Affected","RIF_RL_100YR_2040":"Not Affected","RIF_RL_100YR_2070":"Not Affected","RIF_RL_500YR_2020":"Not Affected","RIF_RL_500YR_2040":"Not Affected","RIF_RL_500YR_2070":"Not Affected"}},{"type":"Feature","id":29,"geometry":{"type":"Point","coordinates":[-80.4303129581433,27.672672589265]},"properties":{"OBJECTID_1":29,"OBJECTID":29,"Name":"INDIAN RIVER COUNTY EOC","HAZUSID":"FL000123","Address":"4225 43RD AVE","City":"VERO BEACH","Zip":"32967","County":"Indian River","X":-80.43031296,"Y":27.67267259,"LONGLAT":"-80.43031296,27.67267259","USNG":"17R NL 56181 61073","OWNERSHIP":"C","PARCELID":"32392800001001000001.0","FACILITY_T":"EMERGENCY OPERATIONS CENTER","EFCLASS":"EFEO","AREA_SQ_FT":0,"BACKUP_POW":"NO","KITCHENS":"NO","REPLACEMEN":900,"EQ_DESIGN_":"PC","EQ_BUILD_T":"C3L","EQ_DF_TYPE":0,"LD_SUS":0,"LIQU_SUS":0,"SOIL_TYPE":"D","WATER_DEPT":5,"STRUC_DAMA":640,"FLOOD_BLDG":"Concrete","CONTENT_DA":477,"FIRST_FLOO":1,"FLOOD_RETU":0,"FLOOD_STR_":7,"Asset_Elevation":null,"Owned_Maintained":"C","Asset":"EMERGENCY OPERATIONS CENTER","Asset_Sub_Type":null,"Asset_Type":"Emergency Operation Centers","Asset_Group":"Critical Community and Emergency Facilities","Asset_Relevancy":"Regionally Significant","Asset_ID":"EOC_PT_29","Municipality":null,"Water_Management_District":"St. Johns River Water Management District","Souce_Dataset_Entity":"FDEM","Souce_Dataset_Name":"Emergency Operations Center - FDEM","Source_Asset_ID":null,"Restricted_Public_Disclosure":null,"Notes":null,"Regional_Planning_Council":"Treasure Coast","FDEP_Regulatory_District":"Southeast District","RCP_Region":"Northeast","FDOT_District":4,"House_District_Number":34,"Senate_District_Number":29,"CTF_RL_2020":"Not Affected","CTF_RL_2040_IL":"Not Affected","CTF_RL_2040_INT":"Not Affected","CTF_RL_2070_IL":"Not Affected","CTF_RL_2070_INT":"Not Affected","SSF_RL_100YR_CURR":"Not Affected","SSF_RL_100YR_2040_IL":"Not Affected","SSF_RL_100YR_2040_INT":"Not Affected","SSF_RL_100YR_2070_IL":"Not Affected","SSF_RL_100YR_2070_INT":"Not Affected","SSF_RL_500YR_CURR":"Not Affected","SSF_RL_500YR_2040_IL":"Not Affected","SSF_RL_500YR_2040_INT":"Not Affected","SSF_RL_500YR_2070_IL":"Not Affected","SSF_RL_500YR_2070_INT":"Not Affected","RIF_RL_100YR_2020":"Not Affected","RIF_RL_100YR_2040":"Not Affected","RIF_RL_100YR_2070":"Not Affected","RIF_RL_500YR_2020":"Not Affected","RIF_RL_500YR_2040":"Not Affected","RIF_RL_500YR_2070":"Not Affected"}},{"type":"Feature","id":30,"geometry":{"type":"Point","coordinates":[-80.4309618118019,27.670573138646]},"properties":{"OBJECTID_1":30,"OBJECTID":30,"Name":"INDIAN RIVER COUNTY EOC","HAZUSID":"FL000122","Address":"4055 41ST AVE","City":"VERO BEACH","Zip":"32960","County":"Indian River","X":-80.43096181,"Y":27.67057314,"LONGLAT":"-80.43096181,27.67057314","USNG":"17R NL 56119 60840","OWNERSHIP":"C","PARCELID":"32392700009012000002.0","FACILITY_T":"EMERGENCY OPERATIONS CENTER","EFCLASS":"EFEO","AREA_SQ_FT":0,"BACKUP_POW":"NO","KITCHENS":"NO","REPLACEMEN":900,"EQ_DESIGN_":"PC","EQ_BUILD_T":"C3L","EQ_DF_TYPE":0,"LD_SUS":0,"LIQU_SUS":0,"SOIL_TYPE":"D","WATER_DEPT":5,"STRUC_DAMA":640,"FLOOD_BLDG":"Concrete","CONTENT_DA":477,"FIRST_FLOO":1,"FLOOD_RETU":0,"FLOOD_STR_":7,"Asset_Elevation":null,"Owned_Maintained":"C","Asset":"EMERGENCY OPERATIONS CENTER","Asset_Sub_Type":null,"Asset_Type":"Emergency Operation Centers","Asset_Group":"Critical Community and Emergency Facilities","Asset_Relevancy":"Regionally Significant","Asset_ID":"EOC_PT_30","Municipality":null,"Water_Management_District":"St. Johns River Water Management District","Souce_Dataset_Entity":"FDEM","Souce_Dataset_Name":"Emergency Operations Center - FDEM","Source_Asset_ID":null,"Restricted_Public_Disclosure":null,"Notes":null,"Regional_Planning_Council":"Treasure Coast","FDEP_Regulatory_District":"Southeast District","RCP_Region":"Northeast","FDOT_District":4,"House_District_Number":34,"Senate_District_Number":29,"CTF_RL_2020":"Not Affected","CTF_RL_2040_IL":"Not Affected","CTF_RL_2040_INT":"Not Affected","CTF_RL_2070_IL":"Not Affected","CTF_RL_2070_INT":"Not Affected","SSF_RL_100YR_CURR":"Not Affected","SSF_RL_100YR_2040_IL":"Not Affected","SSF_RL_100YR_2040_INT":"Not Affected","SSF_RL_100YR_2070_IL":"Not Affected","SSF_RL_100YR_2070_INT":"Not Affected","SSF_RL_500YR_CURR":"Not Affected","SSF_RL_500YR_2040_IL":"Not Affected","SSF_RL_500YR_2040_INT":"Not Affected","SSF_RL_500YR_2070_IL":"Not Affected","SSF_RL_500YR_2070_INT":"Not Affected","RIF_RL_100YR_2020":"Not Affected","RIF_RL_100YR_2040":"Not Affected","RIF_RL_100YR_2070":"Not Affected","RIF_RL_500YR_2020":"Not Affected","RIF_RL_500YR_2040":"Not Affected","RIF_RL_500YR_2070":"Not Affected"}},{"type":"Feature","id":31,"geometry":{"type":"Point","coordinates":[-85.1976099735185,30.7700838025631]},"properties":{"OBJECTID_1":31,"OBJECTID":31,"Name":"JACKSON COUNTY EOC","HAZUSID":"FL000124","Address":"2819 PANHANDLE RD","City":"MARIANNA","Zip":"32446","County":"Jackson","X":-85.19760997,"Y":30.7700838,"LONGLAT":"-85.19760997,30.77008380","USNG":"16R FV 72492 05510","OWNERSHIP":"C","PARCELID":"02-4N-10-0000-0110-0000","FACILITY_T":"EMERGENCY OPERATIONS CENTER","EFCLASS":"EFEO","AREA_SQ_FT":0,"BACKUP_POW":"NO","KITCHENS":"NO","REPLACEMEN":900,"EQ_DESIGN_":"PC","EQ_BUILD_T":"C3L","EQ_DF_TYPE":0,"LD_SUS":0,"LIQU_SUS":0,"SOIL_TYPE":"D","WATER_DEPT":5,"STRUC_DAMA":640,"FLOOD_BLDG":"Concrete","CONTENT_DA":477,"FIRST_FLOO":1,"FLOOD_RETU":0,"FLOOD_STR_":7,"Asset_Elevation":null,"Owned_Maintained":"C","Asset":"EMERGENCY OPERATIONS CENTER","Asset_Sub_Type":null,"Asset_Type":"Emergency Operation Centers","Asset_Group":"Critical Community and Emergency Facilities","Asset_Relevancy":"Regionally Significant","Asset_ID":"EOC_PT_31","Municipality":null,"Water_Management_District":"Northwest Florida Water Management District","Souce_Dataset_Entity":"FDEM","Souce_Dataset_Name":"Emergency Operations Center - FDEM","Source_Asset_ID":null,"Restricted_Public_Disclosure":null,"Notes":null,"Regional_Planning_Council":"Apalachee","FDEP_Regulatory_District":"Northwest District","RCP_Region":"Northwest","FDOT_District":3,"House_District_Number":5,"Senate_District_Number":2,"CTF_RL_2020":"Not Affected","CTF_RL_2040_IL":"Not Affected","CTF_RL_2040_INT":"Not Affected","CTF_RL_2070_IL":"Not Affected","CTF_RL_2070_INT":"Not Affected","SSF_RL_100YR_CURR":"Not Affected","SSF_RL_100YR_2040_IL":"Not Affected","SSF_RL_100YR_2040_INT":"Not Affected","SSF_RL_100YR_2070_IL":"Not Affected","SSF_RL_100YR_2070_INT":"Not Affected","SSF_RL_500YR_CURR":"Not Affected","SSF_RL_500YR_2040_IL":"Not Affected","SSF_RL_500YR_2040_INT":"Not Affected","SSF_RL_500YR_2070_IL":"Not Affected","SSF_RL_500YR_2070_INT":"Not Affected","RIF_RL_100YR_2020":"Not Affected","RIF_RL_100YR_2040":"Not Affected","RIF_RL_100YR_2070":"Not Affected","RIF_RL_500YR_2020":"Not Affected","RIF_RL_500YR_2040":"Not Affected","RIF_RL_500YR_2070":"Not Affected"}},{"type":"Feature","id":32,"geometry":{"type":"Point","coordinates":[-83.8811982528292,30.5025341525152]},"properties":{"OBJECTID_1":32,"OBJECTID":32,"Name":"JEFFERSON COUNTY EOC","HAZUSID":"FL000125","Address":"169 INDUSTRIAL PARK BLVD","City":"MONTICELLO","Zip":"32344","County":"Jefferson","X":-83.88119825,"Y":30.50253415,"LONGLAT":"-83.88119825,30.50253415","USNG":"17R KP 23468 78003","OWNERSHIP":"C","PARCELID":"12-1N-4E-0000-006I-0000","FACILITY_T":"EMERGENCY OPERATIONS CENTER","EFCLASS":"EFEO","AREA_SQ_FT":0,"BACKUP_POW":"NO","KITCHENS":"NO","REPLACEMEN":900,"EQ_DESIGN_":"PC","EQ_BUILD_T":"C3L","EQ_DF_TYPE":0,"LD_SUS":0,"LIQU_SUS":0,"SOIL_TYPE":"D","WATER_DEPT":5,"STRUC_DAMA":640,"FLOOD_BLDG":"Concrete","CONTENT_DA":477,"FIRST_FLOO":1,"FLOOD_RETU":0,"FLOOD_STR_":7,"Asset_Elevation":null,"Owned_Maintained":"C","Asset":"EMERGENCY OPERATIONS CENTER","Asset_Sub_Type":null,"Asset_Type":"Emergency Operation Centers","Asset_Group":"Critical Community and Emergency Facilities","Asset_Relevancy":"Regionally Significant","Asset_ID":"EOC_PT_32","Municipality":null,"Water_Management_District":"Northwest Florida Water Management District","Souce_Dataset_Entity":"FDEM","Souce_Dataset_Name":"Emergency Operations Center - FDEM","Source_Asset_ID":null,"Restricted_Public_Disclosure":null,"Notes":null,"Regional_Planning_Council":"Apalachee","FDEP_Regulatory_District":"Northwest District","RCP_Region":"Northwest","FDOT_District":3,"House_District_Number":9,"Senate_District_Number":3,"CTF_RL_2020":"Not Affected","CTF_RL_2040_IL":"Not Affected","CTF_RL_2040_INT":"Not Affected","CTF_RL_2070_IL":"Not Affected","CTF_RL_2070_INT":"Not Affected","SSF_RL_100YR_CURR":"Not Affected","SSF_RL_100YR_2040_IL":"Not Affected","SSF_RL_100YR_2040_INT":"Not Affected","SSF_RL_100YR_2070_IL":"Not Affected","SSF_RL_100YR_2070_INT":"Not Affected","SSF_RL_500YR_CURR":"Not Affected","SSF_RL_500YR_2040_IL":"Not Affected","SSF_RL_500YR_2040_INT":"Not Affected","SSF_RL_500YR_2070_IL":"Not Affected","SSF_RL_500YR_2070_INT":"Not Affected","RIF_RL_100YR_2020":"Not Affected","RIF_RL_100YR_2040":"Not Affected","RIF_RL_100YR_2070":"Not Affected","RIF_RL_500YR_2020":"Not Affected","RIF_RL_500YR_2040":"Not Affected","RIF_RL_500YR_2070":"Not Affected"}},{"type":"Feature","id":33,"geometry":{"type":"Point","coordinates":[-83.185676739118,30.0567975166397]},"properties":{"OBJECTID_1":33,"OBJECTID":33,"Name":"LAFAYETTE COUNTY EOC","HAZUSID":" ","Address":"194 SW VIRGINIA CIR","City":"MAYO","Zip":"32066","County":"Lafayette","X":-83.18567674,"Y":30.05679752,"LONGLAT":"-83.18567674,30.05679752","USNG":"17R KP 89291 27092","OWNERSHIP":" ","PARCELID":" ","FACILITY_T":"EMERGENCY OPERATIONS CENTER","EFCLASS":"EFEO","AREA_SQ_FT":0,"BACKUP_POW":"NO","KITCHENS":"NO","REPLACEMEN":900,"EQ_DESIGN_":"PC","EQ_BUILD_T":"C3L","EQ_DF_TYPE":0,"LD_SUS":0,"LIQU_SUS":0,"SOIL_TYPE":"D","WATER_DEPT":5,"STRUC_DAMA":640,"FLOOD_BLDG":"Concrete","CONTENT_DA":477,"FIRST_FLOO":1,"FLOOD_RETU":0,"FLOOD_STR_":7,"Asset_Elevation":null,"Owned_Maintained":" ","Asset":"EMERGENCY OPERATIONS CENTER","Asset_Sub_Type":null,"Asset_Type":"Emergency Operation Centers","Asset_Group":"Critical Community and Emergency Facilities","Asset_Relevancy":"Regionally Significant","Asset_ID":"EOC_PT_33","Municipality":"Mayo","Water_Management_District":"Suwannee River Water Management District","Souce_Dataset_Entity":"FDEM","Souce_Dataset_Name":"Emergency Operations Center - FDEM","Source_Asset_ID":null,"Restricted_Public_Disclosure":null,"Notes":null,"Regional_Planning_Council":"North Central Florida","FDEP_Regulatory_District":"Northeast District","RCP_Region":"Northwest","FDOT_District":2,"House_District_Number":7,"Senate_District_Number":3,"CTF_RL_2020":"Not Affected","CTF_RL_2040_IL":"Not Affected","CTF_RL_2040_INT":"Not Affected","CTF_RL_2070_IL":"Not Affected","CTF_RL_2070_INT":"Not Affected","SSF_RL_100YR_CURR":"Not Affected","SSF_RL_100YR_2040_IL":"Not Affected","SSF_RL_100YR_2040_INT":"Not Affected","SSF_RL_100YR_2070_IL":"Not Affected","SSF_RL_100YR_2070_INT":"Not Affected","SSF_RL_500YR_CURR":"Not Affected","SSF_RL_500YR_2040_IL":"Not Affected","SSF_RL_500YR_2040_INT":"Not Affected","SSF_RL_500YR_2070_IL":"Not Affected","SSF_RL_500YR_2070_INT":"Not Affected","RIF_RL_100YR_2020":"Not Affected","RIF_RL_100YR_2040":"Not Affected","RIF_RL_100YR_2070":"Not Affected","RIF_RL_500YR_2020":"Not Affected","RIF_RL_500YR_2040":"Not Affected","RIF_RL_500YR_2070":"Not Affected"}},{"type":"Feature","id":34,"geometry":{"type":"Point","coordinates":[-81.732944861666,28.8033377687378]},"properties":{"OBJECTID_1":34,"OBJECTID":34,"Name":"LAKE COUNTY EOC","HAZUSID":"FL000127","Address":"425 W ALFRED STREET","City":"TAVARES","Zip":"32778","County":"Lake","X":-81.73294486,"Y":28.80333777,"LONGLAT":"-81.73294486,28.80333777","USNG":"17R MM 28475 86417","OWNERSHIP":"C","PARCELID":"291926010000500000","FACILITY_T":"EMERGENCY OPERATIONS CENTER","EFCLASS":"EFEO","AREA_SQ_FT":0,"BACKUP_POW":"NO","KITCHENS":"NO","REPLACEMEN":900,"EQ_DESIGN_":"PC","EQ_BUILD_T":"C3L","EQ_DF_TYPE":0,"LD_SUS":0,"LIQU_SUS":0,"SOIL_TYPE":"D","WATER_DEPT":5,"STRUC_DAMA":640,"FLOOD_BLDG":"Concrete","CONTENT_DA":477,"FIRST_FLOO":1,"FLOOD_RETU":0,"FLOOD_STR_":7,"Asset_Elevation":null,"Owned_Maintained":"C","Asset":"EMERGENCY OPERATIONS CENTER","Asset_Sub_Type":null,"Asset_Type":"Emergency Operation Centers","Asset_Group":"Critical Community and Emergency Facilities","Asset_Relevancy":"Regionally Significant","Asset_ID":"EOC_PT_34","Municipality":"Tavares","Water_Management_District":"St. Johns River Water Management District","Souce_Dataset_Entity":"FDEM","Souce_Dataset_Name":"Emergency Operations Center - FDEM","Source_Asset_ID":null,"Restricted_Public_Disclosure":null,"Notes":null,"Regional_Planning_Council":"East Central Florida","FDEP_Regulatory_District":"Central District","RCP_Region":"Northeast","FDOT_District":5,"House_District_Number":26,"Senate_District_Number":13,"CTF_RL_2020":"Not Affected","CTF_RL_2040_IL":"Not Affected","CTF_RL_2040_INT":"Not Affected","CTF_RL_2070_IL":"Not Affected","CTF_RL_2070_INT":"Not Affected","SSF_RL_100YR_CURR":"Not Affected","SSF_RL_100YR_2040_IL":"Not Affected","SSF_RL_100YR_2040_INT":"Not Affected","SSF_RL_100YR_2070_IL":"Not Affected","SSF_RL_100YR_2070_INT":"Not Affected","SSF_RL_500YR_CURR":"Not Affected","SSF_RL_500YR_2040_IL":"Not Affected","SSF_RL_500YR_2040_INT":"Not Affected","SSF_RL_500YR_2070_IL":"Not Affected","SSF_RL_500YR_2070_INT":"Not Affected","RIF_RL_100YR_2020":"Not Affected","RIF_RL_100YR_2040":"Not Affected","RIF_RL_100YR_2070":"Not Affected","RIF_RL_500YR_2020":"Not Affected","RIF_RL_500YR_2040":"Not Affected","RIF_RL_500YR_2070":"Not Affected"}},{"type":"Feature","id":35,"geometry":{"type":"Point","coordinates":[-81.8100490013752,26.6281020563593]},"properties":{"OBJECTID_1":35,"OBJECTID":35,"Name":"LEE COUNTY EOC","HAZUSID":" ","Address":"2665 ORTIZ AVE","City":"FORT MYERS","Zip":"33905","County":"Lee","X":-81.810049,"Y":26.62810206,"LONGLAT":"-81.81004900,26.62810206","USNG":"17R MK 19366 45500","OWNERSHIP":"C","PARCELID":" ","FACILITY_T":"EMERGENCY OPERATIONS CENTER","EFCLASS":"EFEO","AREA_SQ_FT":0,"BACKUP_POW":"NO","KITCHENS":"NO","REPLACEMEN":900,"EQ_DESIGN_":"PC","EQ_BUILD_T":"C3L","EQ_DF_TYPE":0,"LD_SUS":0,"LIQU_SUS":0,"SOIL_TYPE":"D","WATER_DEPT":5,"STRUC_DAMA":640,"FLOOD_BLDG":"Concrete","CONTENT_DA":477,"FIRST_FLOO":1,"FLOOD_RETU":0,"FLOOD_STR_":7,"Asset_Elevation":null,"Owned_Maintained":"C","Asset":"EMERGENCY OPERATIONS CENTER","Asset_Sub_Type":null,"Asset_Type":"Emergency Operation Centers","Asset_Group":"Critical Community and Emergency Facilities","Asset_Relevancy":"Regionally Significant","Asset_ID":"EOC_PT_35","Municipality":"Fort Myers","Water_Management_District":"South Florida Water Management District","Souce_Dataset_Entity":"FDEM","Souce_Dataset_Name":"Emergency Operations Center - FDEM","Source_Asset_ID":null,"Restricted_Public_Disclosure":null,"Notes":null,"Regional_Planning_Council":"Southwest Florida","FDEP_Regulatory_District":"South District","RCP_Region":"Southwest","FDOT_District":1,"House_District_Number":78,"Senate_District_Number":33,"CTF_RL_2020":"Not Affected","CTF_RL_2040_IL":"Not Affected","CTF_RL_2040_INT":"Not Affected","CTF_RL_2070_IL":"Not Affected","CTF_RL_2070_INT":"Not Affected","SSF_RL_100YR_CURR":"Not Affected","SSF_RL_100YR_2040_IL":"Not Affected","SSF_RL_100YR_2040_INT":"Not Affected","SSF_RL_100YR_2070_IL":"Not Affected","SSF_RL_100YR_2070_INT":"Not Affected","SSF_RL_500YR_CURR":"Not Affected","SSF_RL_500YR_2040_IL":"Not Affected","SSF_RL_500YR_2040_INT":"Not Affected","SSF_RL_500YR_2070_IL":"Not Affected","SSF_RL_500YR_2070_INT":"Not Affected","RIF_RL_100YR_2020":"Not Affected","RIF_RL_100YR_2040":"Not Affected","RIF_RL_100YR_2070":"Not Affected","RIF_RL_500YR_2020":"Not Affected","RIF_RL_500YR_2040":"Not Affected","RIF_RL_500YR_2070":"Not Affected"}},{"type":"Feature","id":36,"geometry":{"type":"Point","coordinates":[-84.2229592042738,30.4515599756024]},"properties":{"OBJECTID_1":36,"OBJECTID":36,"Name":"LEON COUNTY EOC","HAZUSID":"FL000129","Address":"911 EASTERWOOD DR","City":"TALLAHASSEE","Zip":"32311","County":"Leon","X":-84.2229592,"Y":30.45155998,"LONGLAT":"-84.22295920,30.45155998","USNG":"16R GU 66669 72100","OWNERSHIP":"C","PARCELID":"2133208510000","FACILITY_T":"EMERGENCY OPERATIONS CENTER","EFCLASS":"EFEO","AREA_SQ_FT":0,"BACKUP_POW":"NO","KITCHENS":"NO","REPLACEMEN":900,"EQ_DESIGN_":"PC","EQ_BUILD_T":"C3L","EQ_DF_TYPE":0,"LD_SUS":0,"LIQU_SUS":0,"SOIL_TYPE":"D","WATER_DEPT":5,"STRUC_DAMA":640,"FLOOD_BLDG":"Concrete","CONTENT_DA":477,"FIRST_FLOO":1,"FLOOD_RETU":0,"FLOOD_STR_":7,"Asset_Elevation":null,"Owned_Maintained":"C","Asset":"EMERGENCY OPERATIONS CENTER","Asset_Sub_Type":null,"Asset_Type":"Emergency Operation Centers","Asset_Group":"Critical Community and Emergency Facilities","Asset_Relevancy":"Regionally Significant","Asset_ID":"EOC_PT_36","Municipality":"Tallahassee","Water_Management_District":"Northwest Florida Water Management District","Souce_Dataset_Entity":"FDEM","Souce_Dataset_Name":"Emergency Operations Center - FDEM","Source_Asset_ID":null,"Restricted_Public_Disclosure":null,"Notes":null,"Regional_Planning_Council":"Apalachee","FDEP_Regulatory_District":"Northwest District","RCP_Region":"Northwest","FDOT_District":3,"House_District_Number":9,"Senate_District_Number":3,"CTF_RL_2020":"Not Affected","CTF_RL_2040_IL":"Not Affected","CTF_RL_2040_INT":"Not Affected","CTF_RL_2070_IL":"Not Affected","CTF_RL_2070_INT":"Not Affected","SSF_RL_100YR_CURR":"Not Affected","SSF_RL_100YR_2040_IL":"Not Affected","SSF_RL_100YR_2040_INT":"Not Affected","SSF_RL_100YR_2070_IL":"Not Affected","SSF_RL_100YR_2070_INT":"Not Affected","SSF_RL_500YR_CURR":"Not Affected","SSF_RL_500YR_2040_IL":"Not Affected","SSF_RL_500YR_2040_INT":"Not Affected","SSF_RL_500YR_2070_IL":"Not Affected","SSF_RL_500YR_2070_INT":"Not Affected","RIF_RL_100YR_2020":"Medium","RIF_RL_100YR_2040":"Medium","RIF_RL_100YR_2070":"Medium","RIF_RL_500YR_2020":"Medium","RIF_RL_500YR_2040":"Medium","RIF_RL_500YR_2070":"Medium"}},{"type":"Feature","id":37,"geometry":{"type":"Point","coordinates":[-84.2316985400667,30.3863119380417]},"properties":{"OBJECTID_1":37,"OBJECTID":37,"Name":"STATE OF FLORIDA EOC","HAZUSID":"FL000130","Address":"2575 SHUMARD OAK BLVD","City":"TALLAHASSEE","Zip":"32311","County":"Leon","X":-84.23169854,"Y":30.38631194,"LONGLAT":"-84.23169854,30.38631194","USNG":"16R GU 66006 64845","OWNERSHIP":"S","PARCELID":"3462 38 00479100000000","FACILITY_T":"EMERGENCY OPERATIONS CENTER","EFCLASS":"EFEO","AREA_SQ_FT":0,"BACKUP_POW":"NO","KITCHENS":"NO","REPLACEMEN":900,"EQ_DESIGN_":"PC","EQ_BUILD_T":"C3L","EQ_DF_TYPE":0,"LD_SUS":0,"LIQU_SUS":0,"SOIL_TYPE":"D","WATER_DEPT":5,"STRUC_DAMA":640,"FLOOD_BLDG":"Concrete","CONTENT_DA":477,"FIRST_FLOO":1,"FLOOD_RETU":0,"FLOOD_STR_":7,"Asset_Elevation":null,"Owned_Maintained":"S","Asset":"EMERGENCY OPERATIONS CENTER","Asset_Sub_Type":null,"Asset_Type":"Emergency Operation Centers","Asset_Group":"Critical Community and Emergency Facilities","Asset_Relevancy":"Regionally Significant","Asset_ID":"EOC_PT_37","Municipality":"Tallahassee","Water_Management_District":"Northwest Florida Water Management District","Souce_Dataset_Entity":"FDEM","Souce_Dataset_Name":"Emergency Operations Center - FDEM","Source_Asset_ID":null,"Restricted_Public_Disclosure":null,"Notes":null,"Regional_Planning_Council":"Apalachee","FDEP_Regulatory_District":"Northwest District","RCP_Region":"Northwest","FDOT_District":3,"House_District_Number":9,"Senate_District_Number":3,"CTF_RL_2020":"Not Affected","CTF_RL_2040_IL":"Not Affected","CTF_RL_2040_INT":"Not Affected","CTF_RL_2070_IL":"Not Affected","CTF_RL_2070_INT":"Not Affected","SSF_RL_100YR_CURR":"Not Affected","SSF_RL_100YR_2040_IL":"Not Affected","SSF_RL_100YR_2040_INT":"Not Affected","SSF_RL_100YR_2070_IL":"Not Affected","SSF_RL_100YR_2070_INT":"Not Affected","SSF_RL_500YR_CURR":"Not Affected","SSF_RL_500YR_2040_IL":"Not Affected","SSF_RL_500YR_2040_INT":"Not Affected","SSF_RL_500YR_2070_IL":"Not Affected","SSF_RL_500YR_2070_INT":"Not Affected","RIF_RL_100YR_2020":"Not Affected","RIF_RL_100YR_2040":"Not Affected","RIF_RL_100YR_2070":"Not Affected","RIF_RL_500YR_2020":"Not Affected","RIF_RL_500YR_2040":"Not Affected","RIF_RL_500YR_2070":"Not Affected"}},{"type":"Feature","id":38,"geometry":{"type":"Point","coordinates":[-82.641442023098,29.4636365907522]},"properties":{"OBJECTID_1":38,"OBJECTID":38,"Name":"LEVY COUNTY EOC","HAZUSID":"FL000131","Address":"7911 NE 90TH ST","City":"BRONSON","Zip":"32621","County":"Levy","X":-82.64144202,"Y":29.46363659,"LONGLAT":"-82.64144202,29.46363659","USNG":"17R LN 40831 60476","OWNERSHIP":"C","PARCELID":"0329300200","FACILITY_T":"EMERGENCY OPERATIONS CENTER","EFCLASS":"EFEO","AREA_SQ_FT":0,"BACKUP_POW":"NO","KITCHENS":"NO","REPLACEMEN":900,"EQ_DESIGN_":"PC","EQ_BUILD_T":"C3L","EQ_DF_TYPE":0,"LD_SUS":0,"LIQU_SUS":0,"SOIL_TYPE":"D","WATER_DEPT":5,"STRUC_DAMA":640,"FLOOD_BLDG":"Concrete","CONTENT_DA":477,"FIRST_FLOO":1,"FLOOD_RETU":0,"FLOOD_STR_":7,"Asset_Elevation":null,"Owned_Maintained":"C","Asset":"EMERGENCY OPERATIONS CENTER","Asset_Sub_Type":null,"Asset_Type":"Emergency Operation Centers","Asset_Group":"Critical Community and Emergency Facilities","Asset_Relevancy":"Regionally Significant","Asset_ID":"EOC_PT_38","Municipality":null,"Water_Management_District":"Suwannee River Water Management District","Souce_Dataset_Entity":"FDEM","Souce_Dataset_Name":"Emergency Operations Center - FDEM","Source_Asset_ID":null,"Restricted_Public_Disclosure":null,"Notes":null,"Regional_Planning_Council":"North Central Florida","FDEP_Regulatory_District":"Northeast District","RCP_Region":"Northwest","FDOT_District":2,"House_District_Number":22,"Senate_District_Number":9,"CTF_RL_2020":"Not Affected","CTF_RL_2040_IL":"Not Affected","CTF_RL_2040_INT":"Not Affected","CTF_RL_2070_IL":"Not Affected","CTF_RL_2070_INT":"Not Affected","SSF_RL_100YR_CURR":"Not Affected","SSF_RL_100YR_2040_IL":"Not Affected","SSF_RL_100YR_2040_INT":"Not Affected","SSF_RL_100YR_2070_IL":"Not Affected","SSF_RL_100YR_2070_INT":"Not Affected","SSF_RL_500YR_CURR":"Not Affected","SSF_RL_500YR_2040_IL":"Not Affected","SSF_RL_500YR_2040_INT":"Not Affected","SSF_RL_500YR_2070_IL":"Not Affected","SSF_RL_500YR_2070_INT":"Not Affected","RIF_RL_100YR_2020":"Not Affected","RIF_RL_100YR_2040":"Not Affected","RIF_RL_100YR_2070":"Not Affected","RIF_RL_500YR_2020":"Not Affected","RIF_RL_500YR_2040":"Not Affected","RIF_RL_500YR_2070":"Not Affected"}},{"type":"Feature","id":39,"geometry":{"type":"Point","coordinates":[-84.9752481609903,30.4315789116142]},"properties":{"OBJECTID_1":39,"OBJECTID":39,"Name":"LIBERTY COUNTY EOC","HAZUSID":"FL000133","Address":"11109 NW STATE ROAD 20","City":"BRISTOL","Zip":"32321","County":"Liberty","X":-84.97524816,"Y":30.43157891,"LONGLAT":"-84.97524816,30.43157891","USNG":"16R FU 94451 68350","OWNERSHIP":"C","PARCELID":"031-1N-7W-01469 000","FACILITY_T":"EMERGENCY OPERATIONS CENTER","EFCLASS":"EFEO","AREA_SQ_FT":0,"BACKUP_POW":"NO","KITCHENS":"NO","REPLACEMEN":900,"EQ_DESIGN_":"PC","EQ_BUILD_T":"C3L","EQ_DF_TYPE":0,"LD_SUS":0,"LIQU_SUS":0,"SOIL_TYPE":"D","WATER_DEPT":5,"STRUC_DAMA":640,"FLOOD_BLDG":"Concrete","CONTENT_DA":477,"FIRST_FLOO":1,"FLOOD_RETU":0,"FLOOD_STR_":7,"Asset_Elevation":null,"Owned_Maintained":"C","Asset":"EMERGENCY OPERATIONS CENTER","Asset_Sub_Type":null,"Asset_Type":"Emergency Operation Centers","Asset_Group":"Critical Community and Emergency Facilities","Asset_Relevancy":"Regionally Significant","Asset_ID":"EOC_PT_39","Municipality":"Bristol","Water_Management_District":"Northwest Florida Water Management District","Souce_Dataset_Entity":"FDEM","Souce_Dataset_Name":"Emergency Operations Center - FDEM","Source_Asset_ID":null,"Restricted_Public_Disclosure":null,"Notes":null,"Regional_Planning_Council":"Apalachee","FDEP_Regulatory_District":"Northwest District","RCP_Region":"Northwest","FDOT_District":3,"House_District_Number":7,"Senate_District_Number":3,"CTF_RL_2020":"Not Affected","CTF_RL_2040_IL":"Not Affected","CTF_RL_2040_INT":"Not Affected","CTF_RL_2070_IL":"Not Affected","CTF_RL_2070_INT":"Not Affected","SSF_RL_100YR_CURR":"Not Affected","SSF_RL_100YR_2040_IL":"Not Affected","SSF_RL_100YR_2040_INT":"Not Affected","SSF_RL_100YR_2070_IL":"Not Affected","SSF_RL_100YR_2070_INT":"Not Affected","SSF_RL_500YR_CURR":"Not Affected","SSF_RL_500YR_2040_IL":"Not Affected","SSF_RL_500YR_2040_INT":"Not Affected","SSF_RL_500YR_2070_IL":"Not Affected","SSF_RL_500YR_2070_INT":"Not Affected","RIF_RL_100YR_2020":"Not Affected","RIF_RL_100YR_2040":"Not Affected","RIF_RL_100YR_2070":"Not Affected","RIF_RL_500YR_2020":"Not Affected","RIF_RL_500YR_2040":"Not Affected","RIF_RL_500YR_2070":"Not Affected"}},{"type":"Feature","id":40,"geometry":{"type":"Point","coordinates":[-83.4204544232348,30.4475467509483]},"properties":{"OBJECTID_1":40,"OBJECTID":40,"Name":"MADISON COUNTY EOC","HAZUSID":"FL000134","Address":"1083 SW HARVEY GREEN DR","City":"MADISON","Zip":"32340","County":"Madison","X":-83.42045442,"Y":30.44754675,"LONGLAT":"-83.42045442,30.44754675","USNG":"17R KP 67573 70867","OWNERSHIP":"C","PARCELID":"31-1S-10-1352-002-000","FACILITY_T":"EMERGENCY OPERATIONS CENTER","EFCLASS":"EFEO","AREA_SQ_FT":0,"BACKUP_POW":"NO","KITCHENS":"NO","REPLACEMEN":900,"EQ_DESIGN_":"PC","EQ_BUILD_T":"C3L","EQ_DF_TYPE":0,"LD_SUS":0,"LIQU_SUS":0,"SOIL_TYPE":"D","WATER_DEPT":5,"STRUC_DAMA":640,"FLOOD_BLDG":"Concrete","CONTENT_DA":477,"FIRST_FLOO":1,"FLOOD_RETU":0,"FLOOD_STR_":7,"Asset_Elevation":null,"Owned_Maintained":"C","Asset":"EMERGENCY OPERATIONS CENTER","Asset_Sub_Type":null,"Asset_Type":"Emergency Operation Centers","Asset_Group":"Critical Community and Emergency Facilities","Asset_Relevancy":"Regionally Significant","Asset_ID":"EOC_PT_40","Municipality":null,"Water_Management_District":"Suwannee River Water Management District","Souce_Dataset_Entity":"FDEM","Souce_Dataset_Name":"Emergency Operations Center - FDEM","Source_Asset_ID":null,"Restricted_Public_Disclosure":null,"Notes":null,"Regional_Planning_Council":"North Central Florida","FDEP_Regulatory_District":"Northeast District","RCP_Region":"Northwest","FDOT_District":2,"House_District_Number":9,"Senate_District_Number":3,"CTF_RL_2020":"Not Affected","CTF_RL_2040_IL":"Not Affected","CTF_RL_2040_INT":"Not Affected","CTF_RL_2070_IL":"Not Affected","CTF_RL_2070_INT":"Not Affected","SSF_RL_100YR_CURR":"Not Affected","SSF_RL_100YR_2040_IL":"Not Affected","SSF_RL_100YR_2040_INT":"Not Affected","SSF_RL_100YR_2070_IL":"Not Affected","SSF_RL_100YR_2070_INT":"Not Affected","SSF_RL_500YR_CURR":"Not Affected","SSF_RL_500YR_2040_IL":"Not Affected","SSF_RL_500YR_2040_INT":"Not Affected","SSF_RL_500YR_2070_IL":"Not Affected","SSF_RL_500YR_2070_INT":"Not Affected","RIF_RL_100YR_2020":"Not Affected","RIF_RL_100YR_2040":"Not Affected","RIF_RL_100YR_2070":"Not Affected","RIF_RL_500YR_2020":"Not Affected","RIF_RL_500YR_2040":"Not Affected","RIF_RL_500YR_2070":"Not Affected"}},{"type":"Feature","id":41,"geometry":{"type":"Point","coordinates":[-82.5367294166436,27.4580559119658]},"properties":{"OBJECTID_1":41,"OBJECTID":41,"Name":"MANATEE COUNTY EOC","HAZUSID":"FL000135","Address":"2101 47TH TER E","City":"BRADENTON","Zip":"34203","County":"Manatee","X":-82.53672942,"Y":27.45805591,"LONGLAT":"-82.53672942,27.45805591","USNG":"17R LL 48145 38109","OWNERSHIP":"C","PARCELID":"1637500109","FACILITY_T":"EMERGENCY OPERATIONS CENTER","EFCLASS":"EFEO","AREA_SQ_FT":0,"BACKUP_POW":"NO","KITCHENS":"NO","REPLACEMEN":900,"EQ_DESIGN_":"PC","EQ_BUILD_T":"C3L","EQ_DF_TYPE":0,"LD_SUS":0,"LIQU_SUS":0,"SOIL_TYPE":"D","WATER_DEPT":5,"STRUC_DAMA":640,"FLOOD_BLDG":"Concrete","CONTENT_DA":477,"FIRST_FLOO":1,"FLOOD_RETU":0,"FLOOD_STR_":7,"Asset_Elevation":null,"Owned_Maintained":"C","Asset":"EMERGENCY OPERATIONS CENTER","Asset_Sub_Type":null,"Asset_Type":"Emergency Operation Centers","Asset_Group":"Critical Community and Emergency Facilities","Asset_Relevancy":"Regionally Significant","Asset_ID":"EOC_PT_41","Municipality":null,"Water_Management_District":"Southwest Florida Water Management District","Souce_Dataset_Entity":"FDEM","Souce_Dataset_Name":"Emergency Operations Center - FDEM","Source_Asset_ID":null,"Restricted_Public_Disclosure":null,"Notes":null,"Regional_Planning_Council":"Tampa Bay","FDEP_Regulatory_District":"Southwest District","RCP_Region":"Southwest","FDOT_District":1,"House_District_Number":72,"Senate_District_Number":20,"CTF_RL_2020":"Not Affected","CTF_RL_2040_IL":"Not Affected","CTF_RL_2040_INT":"Not Affected","CTF_RL_2070_IL":"Not Affected","CTF_RL_2070_INT":"Not Affected","SSF_RL_100YR_CURR":"Not Affected","SSF_RL_100YR_2040_IL":"Not Affected","SSF_RL_100YR_2040_INT":"Not Affected","SSF_RL_100YR_2070_IL":"Not Affected","SSF_RL_100YR_2070_INT":"Not Affected","SSF_RL_500YR_CURR":"Not Affected","SSF_RL_500YR_2040_IL":"Not Affected","SSF_RL_500YR_2040_INT":"Not Affected","SSF_RL_500YR_2070_IL":"Not Affected","SSF_RL_500YR_2070_INT":"Not Affected","RIF_RL_100YR_2020":"Not Affected","RIF_RL_100YR_2040":"Not Affected","RIF_RL_100YR_2070":"Not Affected","RIF_RL_500YR_2020":"Not Affected","RIF_RL_500YR_2040":"Not Affected","RIF_RL_500YR_2070":"Not Affected"}},{"type":"Feature","id":42,"geometry":{"type":"Point","coordinates":[-82.1749930022528,29.1921139299673]},"properties":{"OBJECTID_1":42,"OBJECTID":42,"Name":"MARION COUNTY EOC","HAZUSID":"FL000137","Address":"692 NW 30TH AVE","City":"OCALA","Zip":"34475","County":"Marion","X":-82.174993,"Y":29.19211393,"LONGLAT":"-82.17499300,29.19211393","USNG":"17R LN 85763 29841","OWNERSHIP":"C","PARCELID":"21915-000-00","FACILITY_T":"EMERGENCY OPERATIONS CENTER","EFCLASS":"EFEO","AREA_SQ_FT":0,"BACKUP_POW":"NO","KITCHENS":"NO","REPLACEMEN":900,"EQ_DESIGN_":"PC","EQ_BUILD_T":"C3L","EQ_DF_TYPE":0,"LD_SUS":0,"LIQU_SUS":0,"SOIL_TYPE":"D","WATER_DEPT":5,"STRUC_DAMA":640,"FLOOD_BLDG":"Concrete","CONTENT_DA":477,"FIRST_FLOO":1,"FLOOD_RETU":0,"FLOOD_STR_":7,"Asset_Elevation":null,"Owned_Maintained":"C","Asset":"EMERGENCY OPERATIONS CENTER","Asset_Sub_Type":null,"Asset_Type":"Emergency Operation Centers","Asset_Group":"Critical Community and Emergency Facilities","Asset_Relevancy":"Regionally Significant","Asset_ID":"EOC_PT_42","Municipality":"Ocala","Water_Management_District":"St. Johns River Water Management District","Souce_Dataset_Entity":"FDEM","Souce_Dataset_Name":"Emergency Operations Center - FDEM","Source_Asset_ID":null,"Restricted_Public_Disclosure":null,"Notes":null,"Regional_Planning_Council":"East Central Florida","FDEP_Regulatory_District":"Central District","RCP_Region":"Northwest","FDOT_District":5,"House_District_Number":21,"Senate_District_Number":9,"CTF_RL_2020":"Not Affected","CTF_RL_2040_IL":"Not Affected","CTF_RL_2040_INT":"Not Affected","CTF_RL_2070_IL":"Not Affected","CTF_RL_2070_INT":"Not Affected","SSF_RL_100YR_CURR":"Not Affected","SSF_RL_100YR_2040_IL":"Not Affected","SSF_RL_100YR_2040_INT":"Not Affected","SSF_RL_100YR_2070_IL":"Not Affected","SSF_RL_100YR_2070_INT":"Not Affected","SSF_RL_500YR_CURR":"Not Affected","SSF_RL_500YR_2040_IL":"Not Affected","SSF_RL_500YR_2040_INT":"Not Affected","SSF_RL_500YR_2070_IL":"Not Affected","SSF_RL_500YR_2070_INT":"Not Affected","RIF_RL_100YR_2020":"Not Affected","RIF_RL_100YR_2040":"Not Affected","RIF_RL_100YR_2070":"Not Affected","RIF_RL_500YR_2020":"Not Affected","RIF_RL_500YR_2040":"Not Affected","RIF_RL_500YR_2070":"Not Affected"}},{"type":"Feature","id":43,"geometry":{"type":"Point","coordinates":[-80.2415906476378,27.1719894038906]},"properties":{"OBJECTID_1":43,"OBJECTID":43,"Name":"MARTIN COUNTY EOC","HAZUSID":"FL000138","Address":"800 SE MONTEREY RD","City":"STUART","Zip":"34994","County":"Martin","X":-80.24159065,"Y":27.1719894,"LONGLAT":"-80.24159065,27.17198940","USNG":"17R NL 75132 05711","OWNERSHIP":"C","PARCELID":"163841000000000509","FACILITY_T":"EMERGENCY OPERATIONS CENTER","EFCLASS":"EFEO","AREA_SQ_FT":0,"BACKUP_POW":"NO","KITCHENS":"NO","REPLACEMEN":900,"EQ_DESIGN_":"PC","EQ_BUILD_T":"C3L","EQ_DF_TYPE":0,"LD_SUS":0,"LIQU_SUS":0,"SOIL_TYPE":"D","WATER_DEPT":5,"STRUC_DAMA":640,"FLOOD_BLDG":"Concrete","CONTENT_DA":477,"FIRST_FLOO":1,"FLOOD_RETU":0,"FLOOD_STR_":7,"Asset_Elevation":null,"Owned_Maintained":"C","Asset":"EMERGENCY OPERATIONS CENTER","Asset_Sub_Type":null,"Asset_Type":"Emergency Operation Centers","Asset_Group":"Critical Community and Emergency Facilities","Asset_Relevancy":"Regionally Significant","Asset_ID":"EOC_PT_43","Municipality":null,"Water_Management_District":"South Florida Water Management District","Souce_Dataset_Entity":"FDEM","Souce_Dataset_Name":"Emergency Operations Center - FDEM","Source_Asset_ID":null,"Restricted_Public_Disclosure":null,"Notes":null,"Regional_Planning_Council":"Treasure Coast","FDEP_Regulatory_District":"Southeast District","RCP_Region":"Northeast","FDOT_District":4,"House_District_Number":86,"Senate_District_Number":31,"CTF_RL_2020":"Not Affected","CTF_RL_2040_IL":"Not Affected","CTF_RL_2040_INT":"Not Affected","CTF_RL_2070_IL":"Not Affected","CTF_RL_2070_INT":"Not Affected","SSF_RL_100YR_CURR":"Not Affected","SSF_RL_100YR_2040_IL":"Not Affected","SSF_RL_100YR_2040_INT":"Not Affected","SSF_RL_100YR_2070_IL":"Not Affected","SSF_RL_100YR_2070_INT":"Not Affected","SSF_RL_500YR_CURR":"Not Affected","SSF_RL_500YR_2040_IL":"Not Affected","SSF_RL_500YR_2040_INT":"Not Affected","SSF_RL_500YR_2070_IL":"Not Affected","SSF_RL_500YR_2070_INT":"Not Affected","RIF_RL_100YR_2020":"Not Affected","RIF_RL_100YR_2040":"Not Affected","RIF_RL_100YR_2070":"Not Affected","RIF_RL_500YR_2020":"Not Affected","RIF_RL_500YR_2040":"Not Affected","RIF_RL_500YR_2070":"Not Affected"}},{"type":"Feature","id":44,"geometry":{"type":"Point","coordinates":[-80.3492126072924,25.8101913382261]},"properties":{"OBJECTID_1":44,"OBJECTID":44,"Name":"MIAMI-DADE COUNTY EOC","HAZUSID":"FL000143","Address":"9300 NW 41ST ST","City":"MIAMI","Zip":"33178","County":"Miami-Dade","X":-80.34921261,"Y":25.81019134,"LONGLAT":"-80.34921261,25.81019134","USNG":"17R NJ 65234 54825","OWNERSHIP":"C","PARCELID":"3530280010010","FACILITY_T":"EMERGENCY OPERATIONS CENTER","EFCLASS":"EFEO","AREA_SQ_FT":0,"BACKUP_POW":"NO","KITCHENS":"NO","REPLACEMEN":900,"EQ_DESIGN_":"PC","EQ_BUILD_T":"C3L","EQ_DF_TYPE":0,"LD_SUS":0,"LIQU_SUS":0,"SOIL_TYPE":"D","WATER_DEPT":5,"STRUC_DAMA":640,"FLOOD_BLDG":"Concrete","CONTENT_DA":477,"FIRST_FLOO":1,"FLOOD_RETU":0,"FLOOD_STR_":7,"Asset_Elevation":null,"Owned_Maintained":"C","Asset":"EMERGENCY OPERATIONS CENTER","Asset_Sub_Type":null,"Asset_Type":"Emergency Operation Centers","Asset_Group":"Critical Community and Emergency Facilities","Asset_Relevancy":"Regionally Significant","Asset_ID":"EOC_PT_44","Municipality":"Doral","Water_Management_District":"South Florida Water Management District","Souce_Dataset_Entity":"FDEM","Souce_Dataset_Name":"Emergency Operations Center - FDEM","Source_Asset_ID":null,"Restricted_Public_Disclosure":null,"Notes":null,"Regional_Planning_Council":"South Florida","FDEP_Regulatory_District":"Southeast District","RCP_Region":"Southeast","FDOT_District":6,"House_District_Number":111,"Senate_District_Number":39,"CTF_RL_2020":"Not Affected","CTF_RL_2040_IL":"Not Affected","CTF_RL_2040_INT":"Not Affected","CTF_RL_2070_IL":"Not Affected","CTF_RL_2070_INT":"Not Affected","SSF_RL_100YR_CURR":"Not Affected","SSF_RL_100YR_2040_IL":"Not Affected","SSF_RL_100YR_2040_INT":"Not Affected","SSF_RL_100YR_2070_IL":"Not Affected","SSF_RL_100YR_2070_INT":"Not Affected","SSF_RL_500YR_CURR":"Not Affected","SSF_RL_500YR_2040_IL":"Not Affected","SSF_RL_500YR_2040_INT":"Not Affected","SSF_RL_500YR_2070_IL":"Medium","SSF_RL_500YR_2070_INT":"Medium","RIF_RL_100YR_2020":"Not Affected","RIF_RL_100YR_2040":"Not Affected","RIF_RL_100YR_2070":"Not Affected","RIF_RL_500YR_2020":"Not Affected","RIF_RL_500YR_2040":"Not Affected","RIF_RL_500YR_2070":"Not Affected"}},{"type":"Feature","id":45,"geometry":{"type":"Point","coordinates":[-81.0972293072449,24.7110954920823]},"properties":{"OBJECTID_1":45,"OBJECTID":45,"Name":"MONROE COUNTY EOC","HAZUSID":"FL000147","Address":"2798 OVERSEAS HWY","City":"MARATHON","Zip":"33050","County":"Monroe","X":-81.09722931,"Y":24.71109549,"LONGLAT":"-81.09722931,24.71109549","USNG":"17R MH 90165 32961","OWNERSHIP":"C","PARCELID":"0966 32 00101940000000","FACILITY_T":"EMERGENCY OPERATIONS CENTER","EFCLASS":"EFEO","AREA_SQ_FT":0,"BACKUP_POW":"NO","KITCHENS":"NO","REPLACEMEN":900,"EQ_DESIGN_":"PC","EQ_BUILD_T":"C3L","EQ_DF_TYPE":0,"LD_SUS":0,"LIQU_SUS":0,"SOIL_TYPE":"D","WATER_DEPT":5,"STRUC_DAMA":640,"FLOOD_BLDG":"Concrete","CONTENT_DA":477,"FIRST_FLOO":1,"FLOOD_RETU":0,"FLOOD_STR_":7,"Asset_Elevation":null,"Owned_Maintained":"C","Asset":"EMERGENCY OPERATIONS CENTER","Asset_Sub_Type":null,"Asset_Type":"Emergency Operation Centers","Asset_Group":"Critical Community and Emergency Facilities","Asset_Relevancy":"Regionally Significant","Asset_ID":"EOC_PT_45","Municipality":"Marathon","Water_Management_District":"South Florida Water Management District","Souce_Dataset_Entity":"FDEM","Souce_Dataset_Name":"Emergency Operations Center - FDEM","Source_Asset_ID":null,"Restricted_Public_Disclosure":null,"Notes":null,"Regional_Planning_Council":"South Florida","FDEP_Regulatory_District":"Southeast District","RCP_Region":"Southeast","FDOT_District":6,"House_District_Number":120,"Senate_District_Number":40,"CTF_RL_2020":"Not Affected","CTF_RL_2040_IL":"Not Affected","CTF_RL_2040_INT":"Not Affected","CTF_RL_2070_IL":"Not Affected","CTF_RL_2070_INT":"Not Affected","SSF_RL_100YR_CURR":"Not Affected","SSF_RL_100YR_2040_IL":"Medium","SSF_RL_100YR_2040_INT":"Medium","SSF_RL_100YR_2070_IL":"Medium","SSF_RL_100YR_2070_INT":"Medium","SSF_RL_500YR_CURR":"High","SSF_RL_500YR_2040_IL":"High","SSF_RL_500YR_2040_INT":"High","SSF_RL_500YR_2070_IL":"High","SSF_RL_500YR_2070_INT":"High","RIF_RL_100YR_2020":"Not Affected","RIF_RL_100YR_2040":"Not Affected","RIF_RL_100YR_2070":"Not Affected","RIF_RL_500YR_2020":"Not Affected","RIF_RL_500YR_2040":"Not Affected","RIF_RL_500YR_2070":"Not Affected"}},{"type":"Feature","id":46,"geometry":{"type":"Point","coordinates":[-81.6301851907304,30.6126556819788]},"properties":{"OBJECTID_1":46,"OBJECTID":46,"Name":"NASSAU COUNTY EOC","HAZUSID":"FL000149","Address":"77150 CITIZENS CIR","City":"YULEE","Zip":"32097","County":"Nassau","X":-81.63018519,"Y":30.61265568,"LONGLAT":"-81.63018519,30.61265568","USNG":"17R MP 39596 86844","OWNERSHIP":"C","PARCELID":"08-2N-27-0000-0003-0040","FACILITY_T":"EMERGENCY OPERATIONS CENTER","EFCLASS":"EFEO","AREA_SQ_FT":0,"BACKUP_POW":"NO","KITCHENS":"NO","REPLACEMEN":900,"EQ_DESIGN_":"PC","EQ_BUILD_T":"C3L","EQ_DF_TYPE":0,"LD_SUS":0,"LIQU_SUS":0,"SOIL_TYPE":"D","WATER_DEPT":5,"STRUC_DAMA":640,"FLOOD_BLDG":"Concrete","CONTENT_DA":477,"FIRST_FLOO":1,"FLOOD_RETU":0,"FLOOD_STR_":7,"Asset_Elevation":null,"Owned_Maintained":"C","Asset":"EMERGENCY OPERATIONS CENTER","Asset_Sub_Type":null,"Asset_Type":"Emergency Operation Centers","Asset_Group":"Critical Community and Emergency Facilities","Asset_Relevancy":"Regionally Significant","Asset_ID":"EOC_PT_46","Municipality":null,"Water_Management_District":"St. Johns River Water Management District","Souce_Dataset_Entity":"FDEM","Souce_Dataset_Name":"Emergency Operations Center - FDEM","Source_Asset_ID":null,"Restricted_Public_Disclosure":null,"Notes":null,"Regional_Planning_Council":"Northeast Florida","FDEP_Regulatory_District":"Northeast District","RCP_Region":"Northeast","FDOT_District":2,"House_District_Number":15,"Senate_District_Number":4,"CTF_RL_2020":"Not Affected","CTF_RL_2040_IL":"Not Affected","CTF_RL_2040_INT":"Not Affected","CTF_RL_2070_IL":"Not Affected","CTF_RL_2070_INT":"Not Affected","SSF_RL_100YR_CURR":"Not Affected","SSF_RL_100YR_2040_IL":"Not Affected","SSF_RL_100YR_2040_INT":"Not Affected","SSF_RL_100YR_2070_IL":"Not Affected","SSF_RL_100YR_2070_INT":"Not Affected","SSF_RL_500YR_CURR":"Not Affected","SSF_RL_500YR_2040_IL":"Not Affected","SSF_RL_500YR_2040_INT":"Not Affected","SSF_RL_500YR_2070_IL":"Not Affected","SSF_RL_500YR_2070_INT":"Not Affected","RIF_RL_100YR_2020":"Not Affected","RIF_RL_100YR_2040":"Not Affected","RIF_RL_100YR_2070":"Not Affected","RIF_RL_500YR_2020":"Not Affected","RIF_RL_500YR_2040":"Not Affected","RIF_RL_500YR_2070":"Not Affected"}},{"type":"Feature","id":47,"geometry":{"type":"Point","coordinates":[-86.4771160471972,30.5362575900634]},"properties":{"OBJECTID_1":47,"OBJECTID":47,"Name":"OKALOOSA COUNTY EOC","HAZUSID":" ","Address":"90 COLLEGE BLVD","City":"NICEVILLE","Zip":"32578","County":"Okaloosa","X":-86.47711605,"Y":30.53625759,"LONGLAT":"-86.47711605,30.53625759","USNG":"16R EU 50157 78325","OWNERSHIP":"C","PARCELID":"32-1N-22-0000-0001-0000","FACILITY_T":"EMERGENCY OPERATIONS CENTER","EFCLASS":"EFEO","AREA_SQ_FT":0,"BACKUP_POW":"NO","KITCHENS":"NO","REPLACEMEN":900,"EQ_DESIGN_":"PC","EQ_BUILD_T":"C3L","EQ_DF_TYPE":0,"LD_SUS":0,"LIQU_SUS":0,"SOIL_TYPE":"D","WATER_DEPT":5,"STRUC_DAMA":640,"FLOOD_BLDG":"Concrete","CONTENT_DA":477,"FIRST_FLOO":1,"FLOOD_RETU":0,"FLOOD_STR_":7,"Asset_Elevation":null,"Owned_Maintained":"C","Asset":"EMERGENCY OPERATIONS CENTER","Asset_Sub_Type":null,"Asset_Type":"Emergency Operation Centers","Asset_Group":"Critical Community and Emergency Facilities","Asset_Relevancy":"Regionally Significant","Asset_ID":"EOC_PT_47","Municipality":"Niceville","Water_Management_District":"Northwest Florida Water Management District","Souce_Dataset_Entity":"FDEM","Souce_Dataset_Name":"Emergency Operations Center - FDEM","Source_Asset_ID":null,"Restricted_Public_Disclosure":null,"Notes":null,"Regional_Planning_Council":"Emerald Coast","FDEP_Regulatory_District":"Northwest District","RCP_Region":"Northwest","FDOT_District":3,"House_District_Number":4,"Senate_District_Number":2,"CTF_RL_2020":"Not Affected","CTF_RL_2040_IL":"Not Affected","CTF_RL_2040_INT":"Not Affected","CTF_RL_2070_IL":"Not Affected","CTF_RL_2070_INT":"Not Affected","SSF_RL_100YR_CURR":"Not Affected","SSF_RL_100YR_2040_IL":"Not Affected","SSF_RL_100YR_2040_INT":"Not Affected","SSF_RL_100YR_2070_IL":"Not Affected","SSF_RL_100YR_2070_INT":"Not Affected","SSF_RL_500YR_CURR":"Not Affected","SSF_RL_500YR_2040_IL":"Not Affected","SSF_RL_500YR_2040_INT":"Not Affected","SSF_RL_500YR_2070_IL":"Not Affected","SSF_RL_500YR_2070_INT":"Not Affected","RIF_RL_100YR_2020":"Not Affected","RIF_RL_100YR_2040":"Not Affected","RIF_RL_100YR_2070":"Not Affected","RIF_RL_500YR_2020":"Not Affected","RIF_RL_500YR_2040":"Not Affected","RIF_RL_500YR_2070":"Not Affected"}},{"type":"Feature","id":48,"geometry":{"type":"Point","coordinates":[-80.8371665751219,27.2485467191022]},"properties":{"OBJECTID_1":48,"OBJECTID":48,"Name":"OKEECHOBEE COUNTY EOC","HAZUSID":"FL000152","Address":"707 NW 6TH ST","City":"OKEECHOBEE","Zip":"34972","County":"Okeechobee","X":-80.83716658,"Y":27.24854672,"LONGLAT":"-80.83716658,27.24854672","USNG":"17R NL 16119 13975","OWNERSHIP":"C","PARCELID":" ","FACILITY_T":"EMERGENCY OPERATIONS CENTER","EFCLASS":"EFEO","AREA_SQ_FT":0,"BACKUP_POW":"NO","KITCHENS":"NO","REPLACEMEN":900,"EQ_DESIGN_":"PC","EQ_BUILD_T":"C3L","EQ_DF_TYPE":0,"LD_SUS":0,"LIQU_SUS":0,"SOIL_TYPE":"D","WATER_DEPT":5,"STRUC_DAMA":640,"FLOOD_BLDG":"Concrete","CONTENT_DA":477,"FIRST_FLOO":1,"FLOOD_RETU":0,"FLOOD_STR_":7,"Asset_Elevation":null,"Owned_Maintained":"C","Asset":"EMERGENCY OPERATIONS CENTER","Asset_Sub_Type":null,"Asset_Type":"Emergency Operation Centers","Asset_Group":"Critical Community and Emergency Facilities","Asset_Relevancy":"Regionally Significant","Asset_ID":"EOC_PT_48","Municipality":"Okeechobee","Water_Management_District":"South Florida Water Management District","Souce_Dataset_Entity":"FDEM","Souce_Dataset_Name":"Emergency Operations Center - FDEM","Source_Asset_ID":null,"Restricted_Public_Disclosure":null,"Notes":null,"Regional_Planning_Council":"Central Florida","FDEP_Regulatory_District":"Southeast District","RCP_Region":"Northeast","FDOT_District":1,"House_District_Number":83,"Senate_District_Number":29,"CTF_RL_2020":"Not Affected","CTF_RL_2040_IL":"Not Affected","CTF_RL_2040_INT":"Not Affected","CTF_RL_2070_IL":"Not Affected","CTF_RL_2070_INT":"Not Affected","SSF_RL_100YR_CURR":"Not Affected","SSF_RL_100YR_2040_IL":"Not Affected","SSF_RL_100YR_2040_INT":"Not Affected","SSF_RL_100YR_2070_IL":"Not Affected","SSF_RL_100YR_2070_INT":"Not Affected","SSF_RL_500YR_CURR":"Not Affected","SSF_RL_500YR_2040_IL":"Not Affected","SSF_RL_500YR_2040_INT":"Not Affected","SSF_RL_500YR_2070_IL":"Not Affected","SSF_RL_500YR_2070_INT":"Not Affected","RIF_RL_100YR_2020":"Not Affected","RIF_RL_100YR_2040":"Not Affected","RIF_RL_100YR_2070":"Not Affected","RIF_RL_500YR_2020":"Not Affected","RIF_RL_500YR_2040":"Not Affected","RIF_RL_500YR_2070":"Not Affected"}},{"type":"Feature","id":49,"geometry":{"type":"Point","coordinates":[-81.3023892858198,28.5944423527062]},"properties":{"OBJECTID_1":49,"OBJECTID":49,"Name":"ORANGE COUNTY EOC","HAZUSID":"FL000153","Address":"6590 AMORY CT","City":"WINTER PARK","Zip":"32792","County":"Orange","X":-81.30238929,"Y":28.59444235,"LONGLAT":"-81.30238929,28.59444235","USNG":"17R MM 70433 63091","OWNERSHIP":"C","PARCELID":"302210882100020","FACILITY_T":"EMERGENCY OPERATIONS CENTER","EFCLASS":"EFEO","AREA_SQ_FT":0,"BACKUP_POW":"NO","KITCHENS":"NO","REPLACEMEN":900,"EQ_DESIGN_":"PC","EQ_BUILD_T":"C3L","EQ_DF_TYPE":0,"LD_SUS":0,"LIQU_SUS":0,"SOIL_TYPE":"D","WATER_DEPT":5,"STRUC_DAMA":640,"FLOOD_BLDG":"Concrete","CONTENT_DA":477,"FIRST_FLOO":1,"FLOOD_RETU":0,"FLOOD_STR_":7,"Asset_Elevation":null,"Owned_Maintained":"C","Asset":"EMERGENCY OPERATIONS CENTER","Asset_Sub_Type":null,"Asset_Type":"Emergency Operation Centers","Asset_Group":"Critical Community and Emergency Facilities","Asset_Relevancy":"Regionally Significant","Asset_ID":"EOC_PT_49","Municipality":null,"Water_Management_District":"St. Johns River Water Management District","Souce_Dataset_Entity":"FDEM","Souce_Dataset_Name":"Emergency Operations Center - FDEM","Source_Asset_ID":null,"Restricted_Public_Disclosure":null,"Notes":null,"Regional_Planning_Council":"East Central Florida","FDEP_Regulatory_District":"Central District","RCP_Region":"Northeast","FDOT_District":5,"House_District_Number":37,"Senate_District_Number":17,"CTF_RL_2020":"Not Affected","CTF_RL_2040_IL":"Not Affected","CTF_RL_2040_INT":"Not Affected","CTF_RL_2070_IL":"Not Affected","CTF_RL_2070_INT":"Not Affected","SSF_RL_100YR_CURR":"Not Affected","SSF_RL_100YR_2040_IL":"Not Affected","SSF_RL_100YR_2040_INT":"Not Affected","SSF_RL_100YR_2070_IL":"Not Affected","SSF_RL_100YR_2070_INT":"Not Affected","SSF_RL_500YR_CURR":"Not Affected","SSF_RL_500YR_2040_IL":"Not Affected","SSF_RL_500YR_2040_INT":"Not Affected","SSF_RL_500YR_2070_IL":"Not Affected","SSF_RL_500YR_2070_INT":"Not Affected","RIF_RL_100YR_2020":"Not Affected","RIF_RL_100YR_2040":"Not Affected","RIF_RL_100YR_2070":"Not Affected","RIF_RL_500YR_2020":"Not Affected","RIF_RL_500YR_2040":"Not Affected","RIF_RL_500YR_2070":"Not Affected"}},{"type":"Feature","id":50,"geometry":{"type":"Point","coordinates":[-81.3373130447719,28.2774009950342]},"properties":{"OBJECTID_1":50,"OBJECTID":50,"Name":"OSCEOLA COUNTY EOC","HAZUSID":"FL000156","Address":"2586 PARTIN SETTLEMENT RD","City":"KISSIMMEE","Zip":"34744","County":"Osceola","X":-81.33731305,"Y":28.277401,"LONGLAT":"-81.33731305,28.27740100","USNG":"17R MM 66919 27978","OWNERSHIP":"C","PARCELID":"29-25-30-4653-0001-0020","FACILITY_T":"EMERGENCY OPERATIONS CENTER","EFCLASS":"EFEO","AREA_SQ_FT":0,"BACKUP_POW":"NO","KITCHENS":"NO","REPLACEMEN":900,"EQ_DESIGN_":"PC","EQ_BUILD_T":"C3L","EQ_DF_TYPE":0,"LD_SUS":0,"LIQU_SUS":0,"SOIL_TYPE":"D","WATER_DEPT":5,"STRUC_DAMA":640,"FLOOD_BLDG":"Concrete","CONTENT_DA":477,"FIRST_FLOO":1,"FLOOD_RETU":0,"FLOOD_STR_":7,"Asset_Elevation":null,"Owned_Maintained":"C","Asset":"EMERGENCY OPERATIONS CENTER","Asset_Sub_Type":null,"Asset_Type":"Emergency Operation Centers","Asset_Group":"Critical Community and Emergency Facilities","Asset_Relevancy":"Regionally Significant","Asset_ID":"EOC_PT_50","Municipality":null,"Water_Management_District":"South Florida Water Management District","Souce_Dataset_Entity":"FDEM","Souce_Dataset_Name":"Emergency Operations Center - FDEM","Source_Asset_ID":null,"Restricted_Public_Disclosure":null,"Notes":null,"Regional_Planning_Council":"East Central Florida","FDEP_Regulatory_District":"Central District","RCP_Region":"Northeast","FDOT_District":5,"House_District_Number":47,"Senate_District_Number":25,"CTF_RL_2020":"Not Affected","CTF_RL_2040_IL":"Not Affected","CTF_RL_2040_INT":"Not Affected","CTF_RL_2070_IL":"Not Affected","CTF_RL_2070_INT":"Not Affected","SSF_RL_100YR_CURR":"Not Affected","SSF_RL_100YR_2040_IL":"Not Affected","SSF_RL_100YR_2040_INT":"Not Affected","SSF_RL_100YR_2070_IL":"Not Affected","SSF_RL_100YR_2070_INT":"Not Affected","SSF_RL_500YR_CURR":"Not Affected","SSF_RL_500YR_2040_IL":"Not Affected","SSF_RL_500YR_2040_INT":"Not Affected","SSF_RL_500YR_2070_IL":"Not Affected","SSF_RL_500YR_2070_INT":"Not Affected","RIF_RL_100YR_2020":"Not Affected","RIF_RL_100YR_2040":"Not Affected","RIF_RL_100YR_2070":"Not Affected","RIF_RL_500YR_2020":"Not Affected","RIF_RL_500YR_2040":"Not Affected","RIF_RL_500YR_2070":"Not Affected"}},{"type":"Feature","id":51,"geometry":{"type":"Point","coordinates":[-80.1110525449116,26.6765052667227]},"properties":{"OBJECTID_1":51,"OBJECTID":51,"Name":"PALM BEACH EOC","HAZUSID":"FL000158","Address":"20 SOUTH MILITARY TRL","City":"WEST PALM BEACH","Zip":"33406","County":"Palm Beach","X":-80.11105254,"Y":26.67650527,"LONGLAT":"-80.11105254,26.67650527","USNG":"17R NK 88450 50914","OWNERSHIP":"C","PARCELID":"00424401000001290","FACILITY_T":"EMERGENCY OPERATIONS CENTER","EFCLASS":"EFEO","AREA_SQ_FT":0,"BACKUP_POW":"NO","KITCHENS":"NO","REPLACEMEN":900,"EQ_DESIGN_":"PC","EQ_BUILD_T":"C3L","EQ_DF_TYPE":0,"LD_SUS":0,"LIQU_SUS":0,"SOIL_TYPE":"D","WATER_DEPT":5,"STRUC_DAMA":640,"FLOOD_BLDG":"Concrete","CONTENT_DA":477,"FIRST_FLOO":1,"FLOOD_RETU":0,"FLOOD_STR_":7,"Asset_Elevation":null,"Owned_Maintained":"C","Asset":"EMERGENCY OPERATIONS CENTER","Asset_Sub_Type":null,"Asset_Type":"Emergency Operation Centers","Asset_Group":"Critical Community and Emergency Facilities","Asset_Relevancy":"Regionally Significant","Asset_ID":"EOC_PT_51","Municipality":null,"Water_Management_District":"South Florida Water Management District","Souce_Dataset_Entity":"FDEM","Souce_Dataset_Name":"Emergency Operations Center - FDEM","Source_Asset_ID":null,"Restricted_Public_Disclosure":null,"Notes":null,"Regional_Planning_Council":"Treasure Coast","FDEP_Regulatory_District":"Southeast District","RCP_Region":"Southeast","FDOT_District":4,"House_District_Number":89,"Senate_District_Number":24,"CTF_RL_2020":"Not Affected","CTF_RL_2040_IL":"Not Affected","CTF_RL_2040_INT":"Not Affected","CTF_RL_2070_IL":"Not Affected","CTF_RL_2070_INT":"Not Affected","SSF_RL_100YR_CURR":"Not Affected","SSF_RL_100YR_2040_IL":"Not Affected","SSF_RL_100YR_2040_INT":"Not Affected","SSF_RL_100YR_2070_IL":"Not Affected","SSF_RL_100YR_2070_INT":"Not Affected","SSF_RL_500YR_CURR":"Not Affected","SSF_RL_500YR_2040_IL":"Not Affected","SSF_RL_500YR_2040_INT":"Not Affected","SSF_RL_500YR_2070_IL":"Not Affected","SSF_RL_500YR_2070_INT":"Not Affected","RIF_RL_100YR_2020":"Not Affected","RIF_RL_100YR_2040":"Not Affected","RIF_RL_100YR_2070":"Not Affected","RIF_RL_500YR_2020":"Not Affected","RIF_RL_500YR_2040":"Not Affected","RIF_RL_500YR_2070":"Not Affected"}},{"type":"Feature","id":52,"geometry":{"type":"Point","coordinates":[-80.0765741086964,26.6734233083357]},"properties":{"OBJECTID_1":52,"OBJECTID":52,"Name":"GLEN RIDGE EOC","HAZUSID":" ","Address":"1501 GLEN RD","City":"GLEN RIDGE","Zip":"33406","County":"Palm Beach","X":-80.07657411,"Y":26.67342331,"LONGLAT":"-80.07657411,26.67342331","USNG":"17R NK 91883 50597","OWNERSHIP":" ","PARCELID":" ","FACILITY_T":"EMERGENCY OPERATIONS CENTER","EFCLASS":"EFEO","AREA_SQ_FT":0,"BACKUP_POW":"NO","KITCHENS":"NO","REPLACEMEN":900,"EQ_DESIGN_":"PC","EQ_BUILD_T":"C3L","EQ_DF_TYPE":0,"LD_SUS":0,"LIQU_SUS":0,"SOIL_TYPE":"D","WATER_DEPT":5,"STRUC_DAMA":640,"FLOOD_BLDG":"Concrete","CONTENT_DA":477,"FIRST_FLOO":1,"FLOOD_RETU":0,"FLOOD_STR_":7,"Asset_Elevation":null,"Owned_Maintained":" ","Asset":"EMERGENCY OPERATIONS CENTER","Asset_Sub_Type":null,"Asset_Type":"Emergency Operation Centers","Asset_Group":"Critical Community and Emergency Facilities","Asset_Relevancy":"Regionally Significant","Asset_ID":"EOC_PT_52","Municipality":"Glen Ridge","Water_Management_District":"South Florida Water Management District","Souce_Dataset_Entity":"FDEM","Souce_Dataset_Name":"Emergency Operations Center - FDEM","Source_Asset_ID":null,"Restricted_Public_Disclosure":null,"Notes":null,"Regional_Planning_Council":"Treasure Coast","FDEP_Regulatory_District":"Southeast District","RCP_Region":"Southeast","FDOT_District":4,"House_District_Number":89,"Senate_District_Number":24,"CTF_RL_2020":"Not Affected","CTF_RL_2040_IL":"Not Affected","CTF_RL_2040_INT":"Not Affected","CTF_RL_2070_IL":"Not Affected","CTF_RL_2070_INT":"Not Affected","SSF_RL_100YR_CURR":"Not Affected","SSF_RL_100YR_2040_IL":"Not Affected","SSF_RL_100YR_2040_INT":"Not Affected","SSF_RL_100YR_2070_IL":"Not Affected","SSF_RL_100YR_2070_INT":"Not Affected","SSF_RL_500YR_CURR":"Not Affected","SSF_RL_500YR_2040_IL":"Not Affected","SSF_RL_500YR_2040_INT":"Not Affected","SSF_RL_500YR_2070_IL":"Not Affected","SSF_RL_500YR_2070_INT":"Low","RIF_RL_100YR_2020":"High","RIF_RL_100YR_2040":"High","RIF_RL_100YR_2070":"High","RIF_RL_500YR_2020":"High","RIF_RL_500YR_2040":"High","RIF_RL_500YR_2070":"High"}},{"type":"Feature","id":53,"geometry":{"type":"Point","coordinates":[-80.0695113766642,26.3912317753355]},"properties":{"OBJECTID_1":53,"OBJECTID":53,"Name":"HIGHLAND BEACH EOC","HAZUSID":" ","Address":"4750 S OCEAN BLVD","City":"HIGHLAND BEACH","Zip":" ","County":"Palm Beach","X":-80.06951138,"Y":26.39123178,"LONGLAT":"-80.06951138,26.39123178","USNG":"17R NK 92813 19346","OWNERSHIP":" ","PARCELID":" ","FACILITY_T":"EMERGENCY OPERATIONS CENTER","EFCLASS":"EFEO","AREA_SQ_FT":0,"BACKUP_POW":"NO","KITCHENS":"NO","REPLACEMEN":900,"EQ_DESIGN_":"PC","EQ_BUILD_T":"C3L","EQ_DF_TYPE":0,"LD_SUS":0,"LIQU_SUS":0,"SOIL_TYPE":"D","WATER_DEPT":5,"STRUC_DAMA":640,"FLOOD_BLDG":"Concrete","CONTENT_DA":477,"FIRST_FLOO":1,"FLOOD_RETU":0,"FLOOD_STR_":7,"Asset_Elevation":null,"Owned_Maintained":" ","Asset":"EMERGENCY OPERATIONS CENTER","Asset_Sub_Type":null,"Asset_Type":"Emergency Operation Centers","Asset_Group":"Critical Community and Emergency Facilities","Asset_Relevancy":"Regionally Significant","Asset_ID":"EOC_PT_53","Municipality":"Highland Beach","Water_Management_District":"South Florida Water Management District","Souce_Dataset_Entity":"FDEM","Souce_Dataset_Name":"Emergency Operations Center - FDEM","Source_Asset_ID":null,"Restricted_Public_Disclosure":null,"Notes":null,"Regional_Planning_Council":"Treasure Coast","FDEP_Regulatory_District":"Southeast District","RCP_Region":"Southeast","FDOT_District":4,"House_District_Number":91,"Senate_District_Number":26,"CTF_RL_2020":"Not Affected","CTF_RL_2040_IL":"Not Affected","CTF_RL_2040_INT":"Not Affected","CTF_RL_2070_IL":"Not Affected","CTF_RL_2070_INT":"Not Affected","SSF_RL_100YR_CURR":"Not Affected","SSF_RL_100YR_2040_IL":"Not Affected","SSF_RL_100YR_2040_INT":"Not Affected","SSF_RL_100YR_2070_IL":"Not Affected","SSF_RL_100YR_2070_INT":"Not Affected","SSF_RL_500YR_CURR":"Not Affected","SSF_RL_500YR_2040_IL":"Not Affected","SSF_RL_500YR_2040_INT":"Not Affected","SSF_RL_500YR_2070_IL":"Not Affected","SSF_RL_500YR_2070_INT":"Not Affected","RIF_RL_100YR_2020":"Not Affected","RIF_RL_100YR_2040":"Not Affected","RIF_RL_100YR_2070":"Low","RIF_RL_500YR_2020":"High","RIF_RL_500YR_2040":"High","RIF_RL_500YR_2070":"High"}},{"type":"Feature","id":54,"geometry":{"type":"Point","coordinates":[-80.0857360008635,26.3720499989384]},"properties":{"OBJECTID_1":54,"OBJECTID":54,"Name":"BOCA RATON EOC","HAZUSID":" ","Address":"2500 NW 1ST AVENUE","City":"BOCA RATON","Zip":"33431","County":"Palm Beach","X":-80.085736,"Y":26.37205,"LONGLAT":"-80.08573600,26.37205000","USNG":"17R NK 91209 17210","OWNERSHIP":" ","PARCELID":" ","FACILITY_T":"EMERGENCY OPERATIONS CENTER","EFCLASS":"EFEO","AREA_SQ_FT":0,"BACKUP_POW":"NO","KITCHENS":"NO","REPLACEMEN":900,"EQ_DESIGN_":"PC","EQ_BUILD_T":"C3L","EQ_DF_TYPE":0,"LD_SUS":0,"LIQU_SUS":0,"SOIL_TYPE":"D","WATER_DEPT":5,"STRUC_DAMA":640,"FLOOD_BLDG":"Concrete","CONTENT_DA":477,"FIRST_FLOO":1,"FLOOD_RETU":0,"FLOOD_STR_":7,"Asset_Elevation":null,"Owned_Maintained":" ","Asset":"EMERGENCY OPERATIONS CENTER","Asset_Sub_Type":null,"Asset_Type":"Emergency Operation Centers","Asset_Group":"Critical Community and Emergency Facilities","Asset_Relevancy":"Regionally Significant","Asset_ID":"EOC_PT_54","Municipality":"Boca Raton","Water_Management_District":"South Florida Water Management District","Souce_Dataset_Entity":"FDEM","Souce_Dataset_Name":"Emergency Operations Center - FDEM","Source_Asset_ID":null,"Restricted_Public_Disclosure":null,"Notes":null,"Regional_Planning_Council":"Treasure Coast","FDEP_Regulatory_District":"Southeast District","RCP_Region":"Southeast","FDOT_District":4,"House_District_Number":91,"Senate_District_Number":26,"CTF_RL_2020":"Not Affected","CTF_RL_2040_IL":"Not Affected","CTF_RL_2040_INT":"Not Affected","CTF_RL_2070_IL":"Not Affected","CTF_RL_2070_INT":"Not Affected","SSF_RL_100YR_CURR":"Not Affected","SSF_RL_100YR_2040_IL":"Not Affected","SSF_RL_100YR_2040_INT":"Not Affected","SSF_RL_100YR_2070_IL":"Not Affected","SSF_RL_100YR_2070_INT":"Not Affected","SSF_RL_500YR_CURR":"Not Affected","SSF_RL_500YR_2040_IL":"Not Affected","SSF_RL_500YR_2040_INT":"Not Affected","SSF_RL_500YR_2070_IL":"Not Affected","SSF_RL_500YR_2070_INT":"Not Affected","RIF_RL_100YR_2020":"Not Affected","RIF_RL_100YR_2040":"Not Affected","RIF_RL_100YR_2070":"Not Affected","RIF_RL_500YR_2020":"Not Affected","RIF_RL_500YR_2040":"Not Affected","RIF_RL_500YR_2070":"Not Affected"}},{"type":"Feature","id":55,"geometry":{"type":"Point","coordinates":[-82.6702192527014,28.2663005948951]},"properties":{"OBJECTID_1":55,"OBJECTID":55,"Name":"PASCO COUNTY EOC","HAZUSID":" ","Address":"8744 GOVERNMENT DR BLDG A","City":"NEW PORT RICHEY","Zip":"34654","County":"Pasco","X":-82.67021925,"Y":28.2663006,"LONGLAT":"-82.67021925,28.26630060","USNG":"17R LM 36172 27833","OWNERSHIP":" ","PARCELID":" ","FACILITY_T":"EMERGENCY OPERATIONS CENTER","EFCLASS":"EFEO","AREA_SQ_FT":0,"BACKUP_POW":"NO","KITCHENS":"NO","REPLACEMEN":900,"EQ_DESIGN_":"PC","EQ_BUILD_T":"C3L","EQ_DF_TYPE":0,"LD_SUS":0,"LIQU_SUS":0,"SOIL_TYPE":"D","WATER_DEPT":5,"STRUC_DAMA":640,"FLOOD_BLDG":"Concrete","CONTENT_DA":477,"FIRST_FLOO":1,"FLOOD_RETU":0,"FLOOD_STR_":7,"Asset_Elevation":null,"Owned_Maintained":" ","Asset":"EMERGENCY OPERATIONS CENTER","Asset_Sub_Type":null,"Asset_Type":"Emergency Operation Centers","Asset_Group":"Critical Community and Emergency Facilities","Asset_Relevancy":"Regionally Significant","Asset_ID":"EOC_PT_55","Municipality":null,"Water_Management_District":"Southwest Florida Water Management District","Souce_Dataset_Entity":"FDEM","Souce_Dataset_Name":"Emergency Operations Center - FDEM","Source_Asset_ID":null,"Restricted_Public_Disclosure":null,"Notes":null,"Regional_Planning_Council":"Tampa Bay","FDEP_Regulatory_District":"Southwest District","RCP_Region":"Southwest","FDOT_District":7,"House_District_Number":55,"Senate_District_Number":21,"CTF_RL_2020":"Not Affected","CTF_RL_2040_IL":"Not Affected","CTF_RL_2040_INT":"Not Affected","CTF_RL_2070_IL":"Not Affected","CTF_RL_2070_INT":"Not Affected","SSF_RL_100YR_CURR":"Not Affected","SSF_RL_100YR_2040_IL":"Not Affected","SSF_RL_100YR_2040_INT":"Not Affected","SSF_RL_100YR_2070_IL":"Not Affected","SSF_RL_100YR_2070_INT":"Not Affected","SSF_RL_500YR_CURR":"Not Affected","SSF_RL_500YR_2040_IL":"Not Affected","SSF_RL_500YR_2040_INT":"Not Affected","SSF_RL_500YR_2070_IL":"Not Affected","SSF_RL_500YR_2070_INT":"Not Affected","RIF_RL_100YR_2020":"Not Affected","RIF_RL_100YR_2040":"Not Affected","RIF_RL_100YR_2070":"Not Affected","RIF_RL_500YR_2020":"Not Affected","RIF_RL_500YR_2040":"Not Affected","RIF_RL_500YR_2070":"Not Affected"}},{"type":"Feature","id":56,"geometry":{"type":"Point","coordinates":[-82.800619484479,27.9612196512982]},"properties":{"OBJECTID_1":56,"OBJECTID":56,"Name":"PINELLAS COUNTY EOC","HAZUSID":"FL000161","Address":"400 S FORT HARRISON AVE","City":"CLEARWATER","Zip":"33756","County":"Pinellas","X":-82.80061948,"Y":27.96121965,"LONGLAT":"-82.80061948,27.96121965","USNG":"17R LL 22878 94211","OWNERSHIP":"C","PARCELID":"15 29 16 92574 007 0010","FACILITY_T":"EMERGENCY OPERATIONS CENTER","EFCLASS":"EFEO","AREA_SQ_FT":0,"BACKUP_POW":"NO","KITCHENS":"NO","REPLACEMEN":900,"EQ_DESIGN_":"PC","EQ_BUILD_T":"C3L","EQ_DF_TYPE":0,"LD_SUS":0,"LIQU_SUS":0,"SOIL_TYPE":"D","WATER_DEPT":5,"STRUC_DAMA":640,"FLOOD_BLDG":"Concrete","CONTENT_DA":477,"FIRST_FLOO":1,"FLOOD_RETU":0,"FLOOD_STR_":7,"Asset_Elevation":null,"Owned_Maintained":"C","Asset":"EMERGENCY OPERATIONS CENTER","Asset_Sub_Type":null,"Asset_Type":"Emergency Operation Centers","Asset_Group":"Critical Community and Emergency Facilities","Asset_Relevancy":"Regionally Significant","Asset_ID":"EOC_PT_56","Municipality":"Clearwater","Water_Management_District":"Southwest Florida Water Management District","Souce_Dataset_Entity":"FDEM","Souce_Dataset_Name":"Emergency Operations Center - FDEM","Source_Asset_ID":null,"Restricted_Public_Disclosure":null,"Notes":null,"Regional_Planning_Council":"Tampa Bay","FDEP_Regulatory_District":"Southwest District","RCP_Region":"Southwest","FDOT_District":7,"House_District_Number":58,"Senate_District_Number":21,"CTF_RL_2020":"Not Affected","CTF_RL_2040_IL":"Not Affected","CTF_RL_2040_INT":"Not Affected","CTF_RL_2070_IL":"Not Affected","CTF_RL_2070_INT":"Not Affected","SSF_RL_100YR_CURR":"Not Affected","SSF_RL_100YR_2040_IL":"Not Affected","SSF_RL_100YR_2040_INT":"Not Affected","SSF_RL_100YR_2070_IL":"Not Affected","SSF_RL_100YR_2070_INT":"Not Affected","SSF_RL_500YR_CURR":"Not Affected","SSF_RL_500YR_2040_IL":"Not Affected","SSF_RL_500YR_2040_INT":"Not Affected","SSF_RL_500YR_2070_IL":"Not Affected","SSF_RL_500YR_2070_INT":"Not Affected","RIF_RL_100YR_2020":"Not Affected","RIF_RL_100YR_2040":"Not Affected","RIF_RL_100YR_2070":"Not Affected","RIF_RL_500YR_2020":"Not Affected","RIF_RL_500YR_2040":"Not Affected","RIF_RL_500YR_2070":"Not Affected"}},{"type":"Feature","id":57,"geometry":{"type":"Point","coordinates":[-81.8103086553926,28.014200545082]},"properties":{"OBJECTID_1":57,"OBJECTID":57,"Name":"POLK COUNTY EOC","HAZUSID":"FL000015","Address":"1890 JIM KEENE BLVD","City":"WINTER HAVEN","Zip":"33880","County":"Polk","X":-81.81030866,"Y":28.01420055,"LONGLAT":"-81.81030866,28.01420055","USNG":"17R ML 20337 99040","OWNERSHIP":"C","PARCELID":"252828000000012010","FACILITY_T":"EMERGENCY OPERATIONS CENTER","EFCLASS":"EFEO","AREA_SQ_FT":0,"BACKUP_POW":"NO","KITCHENS":"NO","REPLACEMEN":900,"EQ_DESIGN_":"PC","EQ_BUILD_T":"C3L","EQ_DF_TYPE":0,"LD_SUS":0,"LIQU_SUS":0,"SOIL_TYPE":"D","WATER_DEPT":5,"STRUC_DAMA":640,"FLOOD_BLDG":"Concrete","CONTENT_DA":477,"FIRST_FLOO":1,"FLOOD_RETU":0,"FLOOD_STR_":7,"Asset_Elevation":null,"Owned_Maintained":"C","Asset":"EMERGENCY OPERATIONS CENTER","Asset_Sub_Type":null,"Asset_Type":"Emergency Operation Centers","Asset_Group":"Critical Community and Emergency Facilities","Asset_Relevancy":"Regionally Significant","Asset_ID":"EOC_PT_57","Municipality":null,"Water_Management_District":"Southwest Florida Water Management District","Souce_Dataset_Entity":"FDEM","Souce_Dataset_Name":"Emergency Operations Center - FDEM","Source_Asset_ID":null,"Restricted_Public_Disclosure":null,"Notes":null,"Regional_Planning_Council":"Central Florida","FDEP_Regulatory_District":"Southwest District","RCP_Region":"Southwest","FDOT_District":1,"House_District_Number":49,"Senate_District_Number":12,"CTF_RL_2020":"Not Affected","CTF_RL_2040_IL":"Not Affected","CTF_RL_2040_INT":"Not Affected","CTF_RL_2070_IL":"Not Affected","CTF_RL_2070_INT":"Not Affected","SSF_RL_100YR_CURR":"Not Affected","SSF_RL_100YR_2040_IL":"Not Affected","SSF_RL_100YR_2040_INT":"Not Affected","SSF_RL_100YR_2070_IL":"Not Affected","SSF_RL_100YR_2070_INT":"Not Affected","SSF_RL_500YR_CURR":"Not Affected","SSF_RL_500YR_2040_IL":"Not Affected","SSF_RL_500YR_2040_INT":"Not Affected","SSF_RL_500YR_2070_IL":"Not Affected","SSF_RL_500YR_2070_INT":"Not Affected","RIF_RL_100YR_2020":"Not Affected","RIF_RL_100YR_2040":"Not Affected","RIF_RL_100YR_2070":"Not Affected","RIF_RL_500YR_2020":"Not Affected","RIF_RL_500YR_2040":"Not Affected","RIF_RL_500YR_2070":"Not Affected"}},{"type":"Feature","id":58,"geometry":{"type":"Point","coordinates":[-81.6757771306235,29.6447950010203]},"properties":{"OBJECTID_1":58,"OBJECTID":58,"Name":"PUTNAM COUNTY EOC","HAZUSID":"FL000164","Address":"410 S STATE ROAD 19","City":"PALATKA","Zip":"32177","County":"Putnam","X":-81.67577713,"Y":29.644795,"LONGLAT":"-81.67577713,29.64479500","USNG":"17R MN 34591 79617","OWNERSHIP":"C","PARCELID":"11-10-26-0000-0513-0020","FACILITY_T":"EMERGENCY OPERATIONS CENTER","EFCLASS":"EFEO","AREA_SQ_FT":0,"BACKUP_POW":"NO","KITCHENS":"NO","REPLACEMEN":900,"EQ_DESIGN_":"PC","EQ_BUILD_T":"C3L","EQ_DF_TYPE":0,"LD_SUS":0,"LIQU_SUS":0,"SOIL_TYPE":"D","WATER_DEPT":5,"STRUC_DAMA":640,"FLOOD_BLDG":"Concrete","CONTENT_DA":477,"FIRST_FLOO":1,"FLOOD_RETU":0,"FLOOD_STR_":7,"Asset_Elevation":null,"Owned_Maintained":"C","Asset":"EMERGENCY OPERATIONS CENTER","Asset_Sub_Type":null,"Asset_Type":"Emergency Operation Centers","Asset_Group":"Critical Community and Emergency Facilities","Asset_Relevancy":"Regionally Significant","Asset_ID":"EOC_PT_58","Municipality":"Palatka","Water_Management_District":"St. Johns River Water Management District","Souce_Dataset_Entity":"FDEM","Souce_Dataset_Name":"Emergency Operations Center - FDEM","Source_Asset_ID":null,"Restricted_Public_Disclosure":null,"Notes":null,"Regional_Planning_Council":"Northeast Florida","FDEP_Regulatory_District":"Northeast District","RCP_Region":"Northeast","FDOT_District":2,"House_District_Number":20,"Senate_District_Number":7,"CTF_RL_2020":"Not Affected","CTF_RL_2040_IL":"Not Affected","CTF_RL_2040_INT":"Not Affected","CTF_RL_2070_IL":"Not Affected","CTF_RL_2070_INT":"Not Affected","SSF_RL_100YR_CURR":"Not Affected","SSF_RL_100YR_2040_IL":"Not Affected","SSF_RL_100YR_2040_INT":"Not Affected","SSF_RL_100YR_2070_IL":"Not Affected","SSF_RL_100YR_2070_INT":"Not Affected","SSF_RL_500YR_CURR":"Not Affected","SSF_RL_500YR_2040_IL":"Not Affected","SSF_RL_500YR_2040_INT":"Not Affected","SSF_RL_500YR_2070_IL":"Not Affected","SSF_RL_500YR_2070_INT":"Not Affected","RIF_RL_100YR_2020":"Not Affected","RIF_RL_100YR_2040":"Not Affected","RIF_RL_100YR_2070":"Not Affected","RIF_RL_500YR_2020":"Not Affected","RIF_RL_500YR_2040":"Not Affected","RIF_RL_500YR_2070":"Not Affected"}},{"type":"Feature","id":59,"geometry":{"type":"Point","coordinates":[-81.413615882431,29.9042216947777]},"properties":{"OBJECTID_1":59,"OBJECTID":59,"Name":"ST. JOHN'S COUNTY EOC","HAZUSID":"FL000165","Address":"100 EOC DR","City":"SAINT AUGUSTINE","Zip":"32092","County":"St. Johns","X":-81.41361588,"Y":29.9042217,"LONGLAT":"-81.41361588,29.90422170","USNG":"17R MP 60069 08244","OWNERSHIP":"C","PARCELID":"0875500341","FACILITY_T":"EMERGENCY OPERATIONS CENTER","EFCLASS":"EFEO","AREA_SQ_FT":0,"BACKUP_POW":"NO","KITCHENS":"NO","REPLACEMEN":900,"EQ_DESIGN_":"PC","EQ_BUILD_T":"C3L","EQ_DF_TYPE":0,"LD_SUS":0,"LIQU_SUS":0,"SOIL_TYPE":"D","WATER_DEPT":5,"STRUC_DAMA":640,"FLOOD_BLDG":"Concrete","CONTENT_DA":477,"FIRST_FLOO":1,"FLOOD_RETU":0,"FLOOD_STR_":7,"Asset_Elevation":null,"Owned_Maintained":"C","Asset":"EMERGENCY OPERATIONS CENTER","Asset_Sub_Type":null,"Asset_Type":"Emergency Operation Centers","Asset_Group":"Critical Community and Emergency Facilities","Asset_Relevancy":"Regionally Significant","Asset_ID":"EOC_PT_59","Municipality":null,"Water_Management_District":"St. Johns River Water Management District","Souce_Dataset_Entity":"FDEM","Souce_Dataset_Name":"Emergency Operations Center - FDEM","Source_Asset_ID":null,"Restricted_Public_Disclosure":null,"Notes":null,"Regional_Planning_Council":"Northeast Florida","FDEP_Regulatory_District":"Northeast District","RCP_Region":"Northeast","FDOT_District":2,"House_District_Number":20,"Senate_District_Number":7,"CTF_RL_2020":"Not Affected","CTF_RL_2040_IL":"Not Affected","CTF_RL_2040_INT":"Not Affected","CTF_RL_2070_IL":"Not Affected","CTF_RL_2070_INT":"Not Affected","SSF_RL_100YR_CURR":"Not Affected","SSF_RL_100YR_2040_IL":"Not Affected","SSF_RL_100YR_2040_INT":"Not Affected","SSF_RL_100YR_2070_IL":"Not Affected","SSF_RL_100YR_2070_INT":"Not Affected","SSF_RL_500YR_CURR":"Not Affected","SSF_RL_500YR_2040_IL":"Not Affected","SSF_RL_500YR_2040_INT":"Not Affected","SSF_RL_500YR_2070_IL":"Not Affected","SSF_RL_500YR_2070_INT":"Not Affected","RIF_RL_100YR_2020":"Not Affected","RIF_RL_100YR_2040":"Not Affected","RIF_RL_100YR_2070":"Not Affected","RIF_RL_500YR_2020":"Not Affected","RIF_RL_500YR_2040":"Not Affected","RIF_RL_500YR_2070":"Not Affected"}},{"type":"Feature","id":60,"geometry":{"type":"Point","coordinates":[-80.4823234512539,27.3733426076266]},"properties":{"OBJECTID_1":60,"OBJECTID":60,"Name":"SAINT LUCIE COUNTY EOC","HAZUSID":" ","Address":"15305 W MIDWAY ROAD","City":"PORT SAINT LUCIE","Zip":"34987","County":"St. Lucie","X":-80.48232345,"Y":27.37334261,"LONGLAT":"-80.48232345,27.37334261","USNG":"17R NL 51191 27893","OWNERSHIP":"C","PARCELID":"3201-133-0005-000-0","FACILITY_T":"EMERGENCY OPERATIONS CENTER","EFCLASS":"EFEO","AREA_SQ_FT":0,"BACKUP_POW":"NO","KITCHENS":"NO","REPLACEMEN":900,"EQ_DESIGN_":"PC","EQ_BUILD_T":"C3L","EQ_DF_TYPE":0,"LD_SUS":0,"LIQU_SUS":0,"SOIL_TYPE":"D","WATER_DEPT":5,"STRUC_DAMA":640,"FLOOD_BLDG":"Concrete","CONTENT_DA":477,"FIRST_FLOO":1,"FLOOD_RETU":0,"FLOOD_STR_":7,"Asset_Elevation":null,"Owned_Maintained":"C","Asset":"EMERGENCY OPERATIONS CENTER","Asset_Sub_Type":null,"Asset_Type":"Emergency Operation Centers","Asset_Group":"Critical Community and Emergency Facilities","Asset_Relevancy":"Regionally Significant","Asset_ID":"EOC_PT_60","Municipality":null,"Water_Management_District":"South Florida Water Management District","Souce_Dataset_Entity":"FDEM","Souce_Dataset_Name":"Emergency Operations Center - FDEM","Source_Asset_ID":null,"Restricted_Public_Disclosure":null,"Notes":null,"Regional_Planning_Council":"Treasure Coast","FDEP_Regulatory_District":"Southeast District","RCP_Region":"Northeast","FDOT_District":4,"House_District_Number":84,"Senate_District_Number":29,"CTF_RL_2020":"Not Affected","CTF_RL_2040_IL":"Not Affected","CTF_RL_2040_INT":"Not Affected","CTF_RL_2070_IL":"Not Affected","CTF_RL_2070_INT":"Not Affected","SSF_RL_100YR_CURR":"Not Affected","SSF_RL_100YR_2040_IL":"Not Affected","SSF_RL_100YR_2040_INT":"Not Affected","SSF_RL_100YR_2070_IL":"Not Affected","SSF_RL_100YR_2070_INT":"Not Affected","SSF_RL_500YR_CURR":"Not Affected","SSF_RL_500YR_2040_IL":"Not Affected","SSF_RL_500YR_2040_INT":"Not Affected","SSF_RL_500YR_2070_IL":"Not Affected","SSF_RL_500YR_2070_INT":"Not Affected","RIF_RL_100YR_2020":"Not Affected","RIF_RL_100YR_2040":"Not Affected","RIF_RL_100YR_2070":"Not Affected","RIF_RL_500YR_2020":"Not Affected","RIF_RL_500YR_2040":"Not Affected","RIF_RL_500YR_2070":"Not Affected"}},{"type":"Feature","id":61,"geometry":{"type":"Point","coordinates":[-87.0697352804361,30.5982331010815]},"properties":{"OBJECTID_1":61,"OBJECTID":61,"Name":"SANTA ROSA COUNTY EOC","HAZUSID":"FL000167","Address":"4499 PINE FOREST RD","City":"MILTON","Zip":"32583","County":"Santa Rosa","X":-87.06973528,"Y":30.5982331,"LONGLAT":"-87.06973528,30.59823310","USNG":"16R DU 93314 85079","OWNERSHIP":"C","PARCELID":"17-1N-28-0000-03500-0000","FACILITY_T":"EMERGENCY OPERATIONS CENTER","EFCLASS":"EFEO","AREA_SQ_FT":0,"BACKUP_POW":"NO","KITCHENS":"NO","REPLACEMEN":900,"EQ_DESIGN_":"PC","EQ_BUILD_T":"C3L","EQ_DF_TYPE":0,"LD_SUS":0,"LIQU_SUS":0,"SOIL_TYPE":"D","WATER_DEPT":5,"STRUC_DAMA":640,"FLOOD_BLDG":"Concrete","CONTENT_DA":477,"FIRST_FLOO":1,"FLOOD_RETU":0,"FLOOD_STR_":7,"Asset_Elevation":null,"Owned_Maintained":"C","Asset":"EMERGENCY OPERATIONS CENTER","Asset_Sub_Type":null,"Asset_Type":"Emergency Operation Centers","Asset_Group":"Critical Community and Emergency Facilities","Asset_Relevancy":"Regionally Significant","Asset_ID":"EOC_PT_61","Municipality":null,"Water_Management_District":"Northwest Florida Water Management District","Souce_Dataset_Entity":"FDEM","Souce_Dataset_Name":"Emergency Operations Center - FDEM","Source_Asset_ID":null,"Restricted_Public_Disclosure":null,"Notes":null,"Regional_Planning_Council":"Emerald Coast","FDEP_Regulatory_District":"Northwest District","RCP_Region":"Northwest","FDOT_District":3,"House_District_Number":3,"Senate_District_Number":1,"CTF_RL_2020":"Not Affected","CTF_RL_2040_IL":"Not Affected","CTF_RL_2040_INT":"Not Affected","CTF_RL_2070_IL":"Not Affected","CTF_RL_2070_INT":"Not Affected","SSF_RL_100YR_CURR":"Not Affected","SSF_RL_100YR_2040_IL":"Not Affected","SSF_RL_100YR_2040_INT":"Not Affected","SSF_RL_100YR_2070_IL":"Not Affected","SSF_RL_100YR_2070_INT":"Not Affected","SSF_RL_500YR_CURR":"Not Affected","SSF_RL_500YR_2040_IL":"Not Affected","SSF_RL_500YR_2040_INT":"Not Affected","SSF_RL_500YR_2070_IL":"Not Affected","SSF_RL_500YR_2070_INT":"Not Affected","RIF_RL_100YR_2020":"Not Affected","RIF_RL_100YR_2040":"Not Affected","RIF_RL_100YR_2070":"Not Affected","RIF_RL_500YR_2020":"Not Affected","RIF_RL_500YR_2040":"Not Affected","RIF_RL_500YR_2070":"Not Affected"}},{"type":"Feature","id":62,"geometry":{"type":"Point","coordinates":[-82.449526548643,27.3216714617364]},"properties":{"OBJECTID_1":62,"OBJECTID":62,"Name":"SARASOTA COUNTY EOC","HAZUSID":"FL000168","Address":"6050 Porter Way Suite 165","City":"SARASOTA","Zip":"34232","County":"Sarasota","X":-82.44952655,"Y":27.32167146,"LONGLAT":"-82.44952655,27.32167146","USNG":"17R LL 56587 22896","OWNERSHIP":"C","PARCELID":"2027-07-0041","FACILITY_T":"EMERGENCY OPERATIONS CENTER","EFCLASS":"EFEO","AREA_SQ_FT":0,"BACKUP_POW":"NO","KITCHENS":"NO","REPLACEMEN":900,"EQ_DESIGN_":"PC","EQ_BUILD_T":"C3L","EQ_DF_TYPE":0,"LD_SUS":0,"LIQU_SUS":0,"SOIL_TYPE":"D","WATER_DEPT":5,"STRUC_DAMA":640,"FLOOD_BLDG":"Concrete","CONTENT_DA":477,"FIRST_FLOO":1,"FLOOD_RETU":0,"FLOOD_STR_":7,"Asset_Elevation":null,"Owned_Maintained":"C","Asset":"EMERGENCY OPERATIONS CENTER","Asset_Sub_Type":null,"Asset_Type":"Emergency Operation Centers","Asset_Group":"Critical Community and Emergency Facilities","Asset_Relevancy":"Regionally Significant","Asset_ID":"EOC_PT_62","Municipality":null,"Water_Management_District":"Southwest Florida Water Management District","Souce_Dataset_Entity":"FDEM","Souce_Dataset_Name":"Emergency Operations Center - FDEM","Source_Asset_ID":null,"Restricted_Public_Disclosure":null,"Notes":null,"Regional_Planning_Council":"Southwest Florida","FDEP_Regulatory_District":"South District","RCP_Region":"Southwest","FDOT_District":1,"House_District_Number":74,"Senate_District_Number":22,"CTF_RL_2020":"Not Affected","CTF_RL_2040_IL":"Not Affected","CTF_RL_2040_INT":"Not Affected","CTF_RL_2070_IL":"Not Affected","CTF_RL_2070_INT":"Not Affected","SSF_RL_100YR_CURR":"Not Affected","SSF_RL_100YR_2040_IL":"Not Affected","SSF_RL_100YR_2040_INT":"Not Affected","SSF_RL_100YR_2070_IL":"Not Affected","SSF_RL_100YR_2070_INT":"Not Affected","SSF_RL_500YR_CURR":"Not Affected","SSF_RL_500YR_2040_IL":"Not Affected","SSF_RL_500YR_2040_INT":"Not Affected","SSF_RL_500YR_2070_IL":"Not Affected","SSF_RL_500YR_2070_INT":"Not Affected","RIF_RL_100YR_2020":"Not Affected","RIF_RL_100YR_2040":"Low","RIF_RL_100YR_2070":"Low","RIF_RL_500YR_2020":"Medium","RIF_RL_500YR_2040":"Medium","RIF_RL_500YR_2070":"Medium"}},{"type":"Feature","id":63,"geometry":{"type":"Point","coordinates":[-81.2996648288368,28.7480458393433]},"properties":{"OBJECTID_1":63,"OBJECTID":63,"Name":"SEMINOLE COUNTY EOC","HAZUSID":"FL000169","Address":"150 BUSH BOULEVARD","City":"SANFORD","Zip":"32773","County":"Seminole","X":-81.29966483,"Y":28.74804584,"LONGLAT":"-81.29966483,28.74804584","USNG":"17R MM 70742 80108","OWNERSHIP":"C","PARCELID":"15203030004400000","FACILITY_T":"EMERGENCY OPERATIONS CENTER","EFCLASS":"EFEO","AREA_SQ_FT":0,"BACKUP_POW":"NO","KITCHENS":"NO","REPLACEMEN":900,"EQ_DESIGN_":"PC","EQ_BUILD_T":"C3L","EQ_DF_TYPE":0,"LD_SUS":0,"LIQU_SUS":0,"SOIL_TYPE":"D","WATER_DEPT":5,"STRUC_DAMA":640,"FLOOD_BLDG":"Concrete","CONTENT_DA":477,"FIRST_FLOO":1,"FLOOD_RETU":0,"FLOOD_STR_":7,"Asset_Elevation":null,"Owned_Maintained":"C","Asset":"EMERGENCY OPERATIONS CENTER","Asset_Sub_Type":null,"Asset_Type":"Emergency Operation Centers","Asset_Group":"Critical Community and Emergency Facilities","Asset_Relevancy":"Regionally Significant","Asset_ID":"EOC_PT_63","Municipality":"Sanford","Water_Management_District":"St. Johns River Water Management District","Souce_Dataset_Entity":"FDEM","Souce_Dataset_Name":"Emergency Operations Center - FDEM","Source_Asset_ID":null,"Restricted_Public_Disclosure":null,"Notes":null,"Regional_Planning_Council":"East Central Florida","FDEP_Regulatory_District":"Central District","RCP_Region":"Northeast","FDOT_District":5,"House_District_Number":36,"Senate_District_Number":10,"CTF_RL_2020":"Not Affected","CTF_RL_2040_IL":"Not Affected","CTF_RL_2040_INT":"Not Affected","CTF_RL_2070_IL":"Not Affected","CTF_RL_2070_INT":"Not Affected","SSF_RL_100YR_CURR":"Not Affected","SSF_RL_100YR_2040_IL":"Not Affected","SSF_RL_100YR_2040_INT":"Not Affected","SSF_RL_100YR_2070_IL":"Not Affected","SSF_RL_100YR_2070_INT":"Not Affected","SSF_RL_500YR_CURR":"Not Affected","SSF_RL_500YR_2040_IL":"Not Affected","SSF_RL_500YR_2040_INT":"Not Affected","SSF_RL_500YR_2070_IL":"Not Affected","SSF_RL_500YR_2070_INT":"Not Affected","RIF_RL_100YR_2020":"Not Affected","RIF_RL_100YR_2040":"Not Affected","RIF_RL_100YR_2070":"Not Affected","RIF_RL_500YR_2020":"Not Affected","RIF_RL_500YR_2040":"Not Affected","RIF_RL_500YR_2070":"Not Affected"}},{"type":"Feature","id":64,"geometry":{"type":"Point","coordinates":[-82.1129290352959,28.6774564444768]},"properties":{"OBJECTID_1":64,"OBJECTID":64,"Name":"SUMTER COUNTY EOC","HAZUSID":"FL000171","Address":"1010 N MAIN ST","City":"BUSHNELL","Zip":"33513","County":"Sumter","X":-82.11292904,"Y":28.67745645,"LONGLAT":"-82.11292904,28.67745645","USNG":"17R LM 91262 72758","OWNERSHIP":"C","PARCELID":"N09=072","FACILITY_T":"EMERGENCY OPERATIONS CENTER","EFCLASS":"EFEO","AREA_SQ_FT":0,"BACKUP_POW":"NO","KITCHENS":"NO","REPLACEMEN":900,"EQ_DESIGN_":"PC","EQ_BUILD_T":"C3L","EQ_DF_TYPE":0,"LD_SUS":0,"LIQU_SUS":0,"SOIL_TYPE":"D","WATER_DEPT":5,"STRUC_DAMA":640,"FLOOD_BLDG":"Concrete","CONTENT_DA":477,"FIRST_FLOO":1,"FLOOD_RETU":0,"FLOOD_STR_":7,"Asset_Elevation":null,"Owned_Maintained":"C","Asset":"EMERGENCY OPERATIONS CENTER","Asset_Sub_Type":null,"Asset_Type":"Emergency Operation Centers","Asset_Group":"Critical Community and Emergency Facilities","Asset_Relevancy":"Regionally Significant","Asset_ID":"EOC_PT_64","Municipality":"Bushnell","Water_Management_District":"Southwest Florida Water Management District","Souce_Dataset_Entity":"FDEM","Souce_Dataset_Name":"Emergency Operations Center - FDEM","Source_Asset_ID":null,"Restricted_Public_Disclosure":null,"Notes":null,"Regional_Planning_Council":"East Central Florida","FDEP_Regulatory_District":"Central District","RCP_Region":"Northwest","FDOT_District":5,"House_District_Number":52,"Senate_District_Number":11,"CTF_RL_2020":"Not Affected","CTF_RL_2040_IL":"Not Affected","CTF_RL_2040_INT":"Not Affected","CTF_RL_2070_IL":"Not Affected","CTF_RL_2070_INT":"Not Affected","SSF_RL_100YR_CURR":"Not Affected","SSF_RL_100YR_2040_IL":"Not Affected","SSF_RL_100YR_2040_INT":"Not Affected","SSF_RL_100YR_2070_IL":"Not Affected","SSF_RL_100YR_2070_INT":"Not Affected","SSF_RL_500YR_CURR":"Not Affected","SSF_RL_500YR_2040_IL":"Not Affected","SSF_RL_500YR_2040_INT":"Not Affected","SSF_RL_500YR_2070_IL":"Not Affected","SSF_RL_500YR_2070_INT":"Not Affected","RIF_RL_100YR_2020":"Not Affected","RIF_RL_100YR_2040":"Not Affected","RIF_RL_100YR_2070":"Not Affected","RIF_RL_500YR_2020":"Not Affected","RIF_RL_500YR_2040":"Not Affected","RIF_RL_500YR_2070":"Not Affected"}},{"type":"Feature","id":65,"geometry":{"type":"Point","coordinates":[-82.9988722509136,30.2953149773329]},"properties":{"OBJECTID_1":65,"OBJECTID":65,"Name":"SUWANNEE COUNTY EOC","HAZUSID":"FL000172","Address":"617 ONTARIO AVE SW SUITE 200","City":"LIVE OAK","Zip":"32064","County":"Suwannee","X":-82.99887225,"Y":30.29531498,"LONGLAT":"-82.99887225,30.29531498","USNG":"17R LP 07767 53201","OWNERSHIP":"C","PARCELID":"2302S13E05702050010","FACILITY_T":"EMERGENCY OPERATIONS CENTER","EFCLASS":"EFEO","AREA_SQ_FT":0,"BACKUP_POW":"NO","KITCHENS":"NO","REPLACEMEN":900,"EQ_DESIGN_":"PC","EQ_BUILD_T":"C3L","EQ_DF_TYPE":0,"LD_SUS":0,"LIQU_SUS":0,"SOIL_TYPE":"D","WATER_DEPT":5,"STRUC_DAMA":640,"FLOOD_BLDG":"Concrete","CONTENT_DA":477,"FIRST_FLOO":1,"FLOOD_RETU":0,"FLOOD_STR_":7,"Asset_Elevation":null,"Owned_Maintained":"C","Asset":"EMERGENCY OPERATIONS CENTER","Asset_Sub_Type":null,"Asset_Type":"Emergency Operation Centers","Asset_Group":"Critical Community and Emergency Facilities","Asset_Relevancy":"Regionally Significant","Asset_ID":"EOC_PT_65","Municipality":"Live Oak","Water_Management_District":"Suwannee River Water Management District","Souce_Dataset_Entity":"FDEM","Souce_Dataset_Name":"Emergency Operations Center - FDEM","Source_Asset_ID":null,"Restricted_Public_Disclosure":null,"Notes":null,"Regional_Planning_Council":"North Central Florida","FDEP_Regulatory_District":"Northeast District","RCP_Region":"Northwest","FDOT_District":2,"House_District_Number":7,"Senate_District_Number":3,"CTF_RL_2020":"Not Affected","CTF_RL_2040_IL":"Not Affected","CTF_RL_2040_INT":"Not Affected","CTF_RL_2070_IL":"Not Affected","CTF_RL_2070_INT":"Not Affected","SSF_RL_100YR_CURR":"Not Affected","SSF_RL_100YR_2040_IL":"Not Affected","SSF_RL_100YR_2040_INT":"Not Affected","SSF_RL_100YR_2070_IL":"Not Affected","SSF_RL_100YR_2070_INT":"Not Affected","SSF_RL_500YR_CURR":"Not Affected","SSF_RL_500YR_2040_IL":"Not Affected","SSF_RL_500YR_2040_INT":"Not Affected","SSF_RL_500YR_2070_IL":"Not Affected","SSF_RL_500YR_2070_INT":"Not Affected","RIF_RL_100YR_2020":"Not Affected","RIF_RL_100YR_2040":"Not Affected","RIF_RL_100YR_2070":"Not Affected","RIF_RL_500YR_2020":"Not Affected","RIF_RL_500YR_2040":"Not Affected","RIF_RL_500YR_2070":"Not Affected"}},{"type":"Feature","id":66,"geometry":{"type":"Point","coordinates":[-83.5737210378484,30.1102343375747]},"properties":{"OBJECTID_1":66,"OBJECTID":66,"Name":"TAYLOR COUNTY EOC","HAZUSID":"FL000174","Address":"591 E US HWY 27","City":"PERRY","Zip":"32348","County":"Taylor","X":-83.57372104,"Y":30.11023434,"LONGLAT":"-83.57372104,30.11023434","USNG":"17R KP 52003 33795","OWNERSHIP":"C","PARCELID":"25040704834000","FACILITY_T":"EMERGENCY OPERATIONS CENTER","EFCLASS":"EFEO","AREA_SQ_FT":0,"BACKUP_POW":"NO","KITCHENS":"NO","REPLACEMEN":900,"EQ_DESIGN_":"PC","EQ_BUILD_T":"C3L","EQ_DF_TYPE":0,"LD_SUS":0,"LIQU_SUS":0,"SOIL_TYPE":"D","WATER_DEPT":5,"STRUC_DAMA":640,"FLOOD_BLDG":"Concrete","CONTENT_DA":477,"FIRST_FLOO":1,"FLOOD_RETU":0,"FLOOD_STR_":7,"Asset_Elevation":null,"Owned_Maintained":"C","Asset":"EMERGENCY OPERATIONS CENTER","Asset_Sub_Type":null,"Asset_Type":"Emergency Operation Centers","Asset_Group":"Critical Community and Emergency Facilities","Asset_Relevancy":"Regionally Significant","Asset_ID":"EOC_PT_66","Municipality":"Perry","Water_Management_District":"Suwannee River Water Management District","Souce_Dataset_Entity":"FDEM","Souce_Dataset_Name":"Emergency Operations Center - FDEM","Source_Asset_ID":null,"Restricted_Public_Disclosure":null,"Notes":null,"Regional_Planning_Council":"North Central Florida","FDEP_Regulatory_District":"Northeast District","RCP_Region":"Northwest","FDOT_District":2,"House_District_Number":7,"Senate_District_Number":3,"CTF_RL_2020":"Not Affected","CTF_RL_2040_IL":"Not Affected","CTF_RL_2040_INT":"Not Affected","CTF_RL_2070_IL":"Not Affected","CTF_RL_2070_INT":"Not Affected","SSF_RL_100YR_CURR":"Not Affected","SSF_RL_100YR_2040_IL":"Not Affected","SSF_RL_100YR_2040_INT":"Not Affected","SSF_RL_100YR_2070_IL":"Not Affected","SSF_RL_100YR_2070_INT":"Not Affected","SSF_RL_500YR_CURR":"Not Affected","SSF_RL_500YR_2040_IL":"Not Affected","SSF_RL_500YR_2040_INT":"Not Affected","SSF_RL_500YR_2070_IL":"Not Affected","SSF_RL_500YR_2070_INT":"Not Affected","RIF_RL_100YR_2020":"Not Affected","RIF_RL_100YR_2040":"Not Affected","RIF_RL_100YR_2070":"Not Affected","RIF_RL_500YR_2020":"Not Affected","RIF_RL_500YR_2040":"Not Affected","RIF_RL_500YR_2070":"Not Affected"}},{"type":"Feature","id":67,"geometry":{"type":"Point","coordinates":[-82.3387007674892,30.0237068312214]},"properties":{"OBJECTID_1":67,"OBJECTID":67,"Name":"UNION COUNTY EOC","HAZUSID":"FL000175","Address":"58 NW 1ST ST","City":"LAKE BUTLER","Zip":"32054","County":"Union","X":-82.33870077,"Y":30.02370683,"LONGLAT":"-82.33870077,30.02370683","USNG":"17R LP 70910 22166","OWNERSHIP":"C","PARCELID":"30-05-20-13-000-0010-0","FACILITY_T":"EMERGENCY OPERATIONS CENTER","EFCLASS":"EFEO","AREA_SQ_FT":0,"BACKUP_POW":"NO","KITCHENS":"NO","REPLACEMEN":900,"EQ_DESIGN_":"PC","EQ_BUILD_T":"C3L","EQ_DF_TYPE":0,"LD_SUS":0,"LIQU_SUS":0,"SOIL_TYPE":"D","WATER_DEPT":5,"STRUC_DAMA":640,"FLOOD_BLDG":"Concrete","CONTENT_DA":477,"FIRST_FLOO":1,"FLOOD_RETU":0,"FLOOD_STR_":7,"Asset_Elevation":null,"Owned_Maintained":"C","Asset":"EMERGENCY OPERATIONS CENTER","Asset_Sub_Type":null,"Asset_Type":"Emergency Operation Centers","Asset_Group":"Critical Community and Emergency Facilities","Asset_Relevancy":"Regionally Significant","Asset_ID":"EOC_PT_67","Municipality":"Lake Butler","Water_Management_District":"Suwannee River Water Management District","Souce_Dataset_Entity":"FDEM","Souce_Dataset_Name":"Emergency Operations Center - FDEM","Source_Asset_ID":null,"Restricted_Public_Disclosure":null,"Notes":null,"Regional_Planning_Council":"North Central Florida","FDEP_Regulatory_District":"Northeast District","RCP_Region":"Northwest","FDOT_District":2,"House_District_Number":10,"Senate_District_Number":6,"CTF_RL_2020":"Not Affected","CTF_RL_2040_IL":"Not Affected","CTF_RL_2040_INT":"Not Affected","CTF_RL_2070_IL":"Not Affected","CTF_RL_2070_INT":"Not Affected","SSF_RL_100YR_CURR":"Not Affected","SSF_RL_100YR_2040_IL":"Not Affected","SSF_RL_100YR_2040_INT":"Not Affected","SSF_RL_100YR_2070_IL":"Not Affected","SSF_RL_100YR_2070_INT":"Not Affected","SSF_RL_500YR_CURR":"Not Affected","SSF_RL_500YR_2040_IL":"Not Affected","SSF_RL_500YR_2040_INT":"Not Affected","SSF_RL_500YR_2070_IL":"Not Affected","SSF_RL_500YR_2070_INT":"Not Affected","RIF_RL_100YR_2020":"Not Affected","RIF_RL_100YR_2040":"Not Affected","RIF_RL_100YR_2070":"Not Affected","RIF_RL_500YR_2020":"Not Affected","RIF_RL_500YR_2040":"Not Affected","RIF_RL_500YR_2070":"Not Affected"}},{"type":"Feature","id":68,"geometry":{"type":"Point","coordinates":[-81.1448346799364,29.1404965976731]},"properties":{"OBJECTID_1":68,"OBJECTID":68,"Name":"VOLUSIA COUNTY EOC","HAZUSID":"FL000176","Address":"49 KEYTON DR","City":"DAYTONA BEACH","Zip":"32124","County":"Volusia","X":-81.14483468,"Y":29.1404966,"LONGLAT":"-81.14483468,29.14049660","USNG":"17R MN 85912 23560","OWNERSHIP":"C","PARCELID":"31160100000011","FACILITY_T":"EMERGENCY OPERATIONS CENTER","EFCLASS":"EFEO","AREA_SQ_FT":0,"BACKUP_POW":"NO","KITCHENS":"NO","REPLACEMEN":900,"EQ_DESIGN_":"PC","EQ_BUILD_T":"C3L","EQ_DF_TYPE":0,"LD_SUS":0,"LIQU_SUS":0,"SOIL_TYPE":"D","WATER_DEPT":5,"STRUC_DAMA":640,"FLOOD_BLDG":"Concrete","CONTENT_DA":477,"FIRST_FLOO":1,"FLOOD_RETU":0,"FLOOD_STR_":7,"Asset_Elevation":null,"Owned_Maintained":"C","Asset":"EMERGENCY OPERATIONS CENTER","Asset_Sub_Type":null,"Asset_Type":"Emergency Operation Centers","Asset_Group":"Critical Community and Emergency Facilities","Asset_Relevancy":"Regionally Significant","Asset_ID":"EOC_PT_68","Municipality":null,"Water_Management_District":"St. Johns River Water Management District","Souce_Dataset_Entity":"FDEM","Souce_Dataset_Name":"Emergency Operations Center - FDEM","Source_Asset_ID":null,"Restricted_Public_Disclosure":null,"Notes":null,"Regional_Planning_Council":"East Central Florida","FDEP_Regulatory_District":"Central District","RCP_Region":"Northeast","FDOT_District":5,"House_District_Number":28,"Senate_District_Number":8,"CTF_RL_2020":"Not Affected","CTF_RL_2040_IL":"Not Affected","CTF_RL_2040_INT":"Not Affected","CTF_RL_2070_IL":"Not Affected","CTF_RL_2070_INT":"Not Affected","SSF_RL_100YR_CURR":"Not Affected","SSF_RL_100YR_2040_IL":"Not Affected","SSF_RL_100YR_2040_INT":"Not Affected","SSF_RL_100YR_2070_IL":"Not Affected","SSF_RL_100YR_2070_INT":"Not Affected","SSF_RL_500YR_CURR":"Not Affected","SSF_RL_500YR_2040_IL":"Not Affected","SSF_RL_500YR_2040_INT":"Not Affected","SSF_RL_500YR_2070_IL":"Not Affected","SSF_RL_500YR_2070_INT":"Not Affected","RIF_RL_100YR_2020":"Not Affected","RIF_RL_100YR_2040":"Not Affected","RIF_RL_100YR_2070":"Not Affected","RIF_RL_500YR_2020":"Not Affected","RIF_RL_500YR_2040":"Not Affected","RIF_RL_500YR_2070":"Not Affected"}},{"type":"Feature","id":69,"geometry":{"type":"Point","coordinates":[-84.3772582667503,30.1966093504345]},"properties":{"OBJECTID_1":69,"OBJECTID":69,"Name":"WAKULLA COUNTY EOC","HAZUSID":"FL000178","Address":"15 OAK ST","City":"CRAWFORDVILLE","Zip":"32327","County":"Wakulla","X":-84.37725827,"Y":30.19660935,"LONGLAT":"-84.37725827,30.19660935","USNG":"16R GU 52501 43479","OWNERSHIP":"C","PARCELID":"00-00-075-000-10242-000","FACILITY_T":"EMERGENCY OPERATIONS CENTER","EFCLASS":"EFEO","AREA_SQ_FT":0,"BACKUP_POW":"NO","KITCHENS":"NO","REPLACEMEN":900,"EQ_DESIGN_":"PC","EQ_BUILD_T":"C3L","EQ_DF_TYPE":0,"LD_SUS":0,"LIQU_SUS":0,"SOIL_TYPE":"D","WATER_DEPT":5,"STRUC_DAMA":640,"FLOOD_BLDG":"Concrete","CONTENT_DA":477,"FIRST_FLOO":1,"FLOOD_RETU":0,"FLOOD_STR_":7,"Asset_Elevation":null,"Owned_Maintained":"C","Asset":"EMERGENCY OPERATIONS CENTER","Asset_Sub_Type":null,"Asset_Type":"Emergency Operation Centers","Asset_Group":"Critical Community and Emergency Facilities","Asset_Relevancy":"Regionally Significant","Asset_ID":"EOC_PT_69","Municipality":null,"Water_Management_District":"Northwest Florida Water Management District","Souce_Dataset_Entity":"FDEM","Souce_Dataset_Name":"Emergency Operations Center - FDEM","Source_Asset_ID":null,"Restricted_Public_Disclosure":null,"Notes":null,"Regional_Planning_Council":"Apalachee","FDEP_Regulatory_District":"Northwest District","RCP_Region":"Northwest","FDOT_District":3,"House_District_Number":7,"Senate_District_Number":3,"CTF_RL_2020":"Not Affected","CTF_RL_2040_IL":"Not Affected","CTF_RL_2040_INT":"Not Affected","CTF_RL_2070_IL":"Not Affected","CTF_RL_2070_INT":"Not Affected","SSF_RL_100YR_CURR":"Not Affected","SSF_RL_100YR_2040_IL":"Not Affected","SSF_RL_100YR_2040_INT":"Not Affected","SSF_RL_100YR_2070_IL":"Not Affected","SSF_RL_100YR_2070_INT":"Not Affected","SSF_RL_500YR_CURR":"Not Affected","SSF_RL_500YR_2040_IL":"Not Affected","SSF_RL_500YR_2040_INT":"Not Affected","SSF_RL_500YR_2070_IL":"Not Affected","SSF_RL_500YR_2070_INT":"Not Affected","RIF_RL_100YR_2020":"Not Affected","RIF_RL_100YR_2040":"Not Affected","RIF_RL_100YR_2070":"Not Affected","RIF_RL_500YR_2020":"Not Affected","RIF_RL_500YR_2040":"Not Affected","RIF_RL_500YR_2070":"Not Affected"}},{"type":"Feature","id":70,"geometry":{"type":"Point","coordinates":[-86.1043279226412,30.7826527776296]},"properties":{"OBJECTID_1":70,"OBJECTID":70,"Name":"WALTON COUNTY EOC","HAZUSID":" ","Address":"752 TRIPLE G RD","City":"DEFUNIAK SPRINGS","Zip":"32433","County":"Walton","X":-86.10432792,"Y":30.78265278,"LONGLAT":"-86.10432792,30.78265278","USNG":"16R EV 85701 05857","OWNERSHIP":"C","PARCELID":"01-3N-19-19000-008-0000","FACILITY_T":"EMERGENCY OPERATIONS CENTER","EFCLASS":"EFEO","AREA_SQ_FT":0,"BACKUP_POW":"NO","KITCHENS":"NO","REPLACEMEN":900,"EQ_DESIGN_":"PC","EQ_BUILD_T":"C3L","EQ_DF_TYPE":0,"LD_SUS":0,"LIQU_SUS":0,"SOIL_TYPE":"D","WATER_DEPT":5,"STRUC_DAMA":640,"FLOOD_BLDG":"Concrete","CONTENT_DA":477,"FIRST_FLOO":1,"FLOOD_RETU":0,"FLOOD_STR_":7,"Asset_Elevation":null,"Owned_Maintained":"C","Asset":"EMERGENCY OPERATIONS CENTER","Asset_Sub_Type":null,"Asset_Type":"Emergency Operation Centers","Asset_Group":"Critical Community and Emergency Facilities","Asset_Relevancy":"Regionally Significant","Asset_ID":"EOC_PT_70","Municipality":null,"Water_Management_District":"Northwest Florida Water Management District","Souce_Dataset_Entity":"FDEM","Souce_Dataset_Name":"Emergency Operations Center - FDEM","Source_Asset_ID":null,"Restricted_Public_Disclosure":null,"Notes":null,"Regional_Planning_Council":"Emerald Coast","FDEP_Regulatory_District":"Northwest District","RCP_Region":"Northwest","FDOT_District":3,"House_District_Number":5,"Senate_District_Number":2,"CTF_RL_2020":"Not Affected","CTF_RL_2040_IL":"Not Affected","CTF_RL_2040_INT":"Not Affected","CTF_RL_2070_IL":"Not Affected","CTF_RL_2070_INT":"Not Affected","SSF_RL_100YR_CURR":"Not Affected","SSF_RL_100YR_2040_IL":"Not Affected","SSF_RL_100YR_2040_INT":"Not Affected","SSF_RL_100YR_2070_IL":"Not Affected","SSF_RL_100YR_2070_INT":"Not Affected","SSF_RL_500YR_CURR":"Not Affected","SSF_RL_500YR_2040_IL":"Not Affected","SSF_RL_500YR_2040_INT":"Not Affected","SSF_RL_500YR_2070_IL":"Not Affected","SSF_RL_500YR_2070_INT":"Not Affected","RIF_RL_100YR_2020":"Not Affected","RIF_RL_100YR_2040":"Not Affected","RIF_RL_100YR_2070":"Not Affected","RIF_RL_500YR_2020":"Not Affected","RIF_RL_500YR_2040":"Not Affected","RIF_RL_500YR_2070":"Not Affected"}},{"type":"Feature","id":71,"geometry":{"type":"Point","coordinates":[-85.5965174629817,30.6336695706008]},"properties":{"OBJECTID_1":71,"OBJECTID":71,"Name":"WASHINGTON COUNTY EOC","HAZUSID":"FL000085","Address":"2300 PIONEER RD","City":"CHIPLEY","Zip":"32428","County":"Washington","X":-85.59651746,"Y":30.63366957,"LONGLAT":"-85.59651746,30.63366957","USNG":"16R FU 34500 89843","OWNERSHIP":"C","PARCELID":"00000000-00-3560-0003","FACILITY_T":"EMERGENCY OPERATIONS CENTER","EFCLASS":"EFEO","AREA_SQ_FT":0,"BACKUP_POW":"NO","KITCHENS":"NO","REPLACEMEN":900,"EQ_DESIGN_":"PC","EQ_BUILD_T":"C3L","EQ_DF_TYPE":0,"LD_SUS":0,"LIQU_SUS":0,"SOIL_TYPE":"D","WATER_DEPT":5,"STRUC_DAMA":640,"FLOOD_BLDG":"Concrete","CONTENT_DA":477,"FIRST_FLOO":1,"FLOOD_RETU":0,"FLOOD_STR_":7,"Asset_Elevation":null,"Owned_Maintained":"C","Asset":"EMERGENCY OPERATIONS CENTER","Asset_Sub_Type":null,"Asset_Type":"Emergency Operation Centers","Asset_Group":"Critical Community and Emergency Facilities","Asset_Relevancy":"Regionally Significant","Asset_ID":"EOC_PT_71","Municipality":null,"Water_Management_District":"Northwest Florida Water Management District","Souce_Dataset_Entity":"FDEM","Souce_Dataset_Name":"Emergency Operations Center - FDEM","Source_Asset_ID":null,"Restricted_Public_Disclosure":null,"Notes":null,"Regional_Planning_Council":"Emerald Coast","FDEP_Regulatory_District":"Northwest District","RCP_Region":"Northwest","FDOT_District":3,"House_District_Number":5,"Senate_District_Number":2,"CTF_RL_2020":"Not Affected","CTF_RL_2040_IL":"Not Affected","CTF_RL_2040_INT":"Not Affected","CTF_RL_2070_IL":"Not Affected","CTF_RL_2070_INT":"Not Affected","SSF_RL_100YR_CURR":"Not Affected","SSF_RL_100YR_2040_IL":"Not Affected","SSF_RL_100YR_2040_INT":"Not Affected","SSF_RL_100YR_2070_IL":"Not Affected","SSF_RL_100YR_2070_INT":"Not Affected","SSF_RL_500YR_CURR":"Not Affected","SSF_RL_500YR_2040_IL":"Not Affected","SSF_RL_500YR_2040_INT":"Not Affected","SSF_RL_500YR_2070_IL":"Not Affected","SSF_RL_500YR_2070_INT":"Not Affected","RIF_RL_100YR_2020":"Not Affected","RIF_RL_100YR_2040":"Not Affected","RIF_RL_100YR_2070":"Not Affected","RIF_RL_500YR_2020":"Not Affected","RIF_RL_500YR_2040":"Not Affected","RIF_RL_500YR_2070":"Not Affected"}}]}