{"type":"FeatureCollection","crs":{"type":"name","properties":{"name":"EPSG:4326"}},"features":[{"type":"Feature","id":1,"geometry":{"type":"Point","coordinates":[-82.436663363711,29.6921913667478]},"properties":{"OBJECTID_1":1,"OBJECTID":1,"HAZUSID":" ","Name":"SHANDS REHAB HOSPITAL","Address":"4101 NW 89TH BLVD","City":"GAINESVILLE","Zip":"32606","COUNTY":"Alachua","X":-82.43666336,"Y":29.69219137,"LONGLAT":"-82.43666336,29.69219137","USNG":"17R LN 61004 85541","OWNERSHIP":" ","PARCELID":" ","FACILITY_T":"HOSPITAL","TTL_BEDS":40,"EFCLASS":"EFHS","Asset_Elevation":null,"Owned_Maintained":null,"Asset":"HOSPITAL","Asset_Sub_Type":null,"Asset_Type":"Hospitals","Asset_Group":"Critical Community and Emergency Facilities","Asset_Relevancy":"Locally Significant","Asset_ID":"HOSP_PT_1","Municipality":null,"Water_Management_District":"St. Johns River Water Management District","Souce_Dataset_Entity":"FDEM","Souce_Dataset_Name":"Hospitals - FDEM","Source_Asset_ID":null,"Restricted_Public_Disclosure":null,"Notes":null,"Regional_Planning_Council":"North Central Florida","FDEP_Regulatory_District":"Northeast District","RCP_Region":"Northwest","FDOT_District":2,"House_District_Number":10,"Senate_District_Number":6,"CTF_RL_2020":"Not Affected","CTF_RL_2040_IL":"Not Affected","CTF_RL_2040_INT":"Not Affected","CTF_RL_2070_IL":"Not Affected","CTF_RL_2070_INT":"Not Affected","SSF_RL_100YR_CURR":"Not Affected","SSF_RL_100YR_2040_IL":"Not Affected","SSF_RL_100YR_2040_INT":"Not Affected","SSF_RL_100YR_2070_IL":"Not Affected","SSF_RL_100YR_2070_INT":"Not Affected","SSF_RL_500YR_CURR":"Not Affected","SSF_RL_500YR_2040_IL":"Not Affected","SSF_RL_500YR_2040_INT":"Not Affected","SSF_RL_500YR_2070_IL":"Not Affected","SSF_RL_500YR_2070_INT":"Not Affected","RIF_RL_100YR_2020":"High","RIF_RL_100YR_2040":"High","RIF_RL_100YR_2070":"High","RIF_RL_500YR_2020":"High","RIF_RL_500YR_2040":"High","RIF_RL_500YR_2070":"High"}},{"type":"Feature","id":2,"geometry":{"type":"Point","coordinates":[-82.4366365320538,29.6914758503417]},"properties":{"OBJECTID_1":2,"OBJECTID":2,"HAZUSID":" ","Name":"SHANDS AT VISTA","Address":"4101 NW 89TH BLVD","City":"GAINESVILLE","Zip":"32606","COUNTY":"Alachua","X":-82.43663653,"Y":29.69147585,"LONGLAT":"-82.43663653,29.69147585","USNG":"17R LN 61005 85462","OWNERSHIP":" ","PARCELID":" ","FACILITY_T":"HOSPITAL","TTL_BEDS":81,"EFCLASS":"EFHM","Asset_Elevation":null,"Owned_Maintained":null,"Asset":"HOSPITAL","Asset_Sub_Type":null,"Asset_Type":"Hospitals","Asset_Group":"Critical Community and Emergency Facilities","Asset_Relevancy":"Locally Significant","Asset_ID":"HOSP_PT_2","Municipality":null,"Water_Management_District":"St. Johns River Water Management District","Souce_Dataset_Entity":"FDEM","Souce_Dataset_Name":"Hospitals - FDEM","Source_Asset_ID":null,"Restricted_Public_Disclosure":null,"Notes":null,"Regional_Planning_Council":"North Central Florida","FDEP_Regulatory_District":"Northeast District","RCP_Region":"Northwest","FDOT_District":2,"House_District_Number":10,"Senate_District_Number":6,"CTF_RL_2020":"Not Affected","CTF_RL_2040_IL":"Not Affected","CTF_RL_2040_INT":"Not Affected","CTF_RL_2070_IL":"Not Affected","CTF_RL_2070_INT":"Not Affected","SSF_RL_100YR_CURR":"Not Affected","SSF_RL_100YR_2040_IL":"Not Affected","SSF_RL_100YR_2040_INT":"Not Affected","SSF_RL_100YR_2070_IL":"Not Affected","SSF_RL_100YR_2070_INT":"Not Affected","SSF_RL_500YR_CURR":"Not Affected","SSF_RL_500YR_2040_IL":"Not Affected","SSF_RL_500YR_2040_INT":"Not Affected","SSF_RL_500YR_2070_IL":"Not Affected","SSF_RL_500YR_2070_INT":"Not Affected","RIF_RL_100YR_2020":"Not Affected","RIF_RL_100YR_2040":"Not Affected","RIF_RL_100YR_2070":"Not Affected","RIF_RL_500YR_2020":"Not Affected","RIF_RL_500YR_2040":"Not Affected","RIF_RL_500YR_2070":"Not Affected"}},{"type":"Feature","id":3,"geometry":{"type":"Point","coordinates":[-82.3643203963637,29.6321169885799]},"properties":{"OBJECTID_1":3,"OBJECTID":3,"HAZUSID":" ","Name":"SELECT SPECIALTY HOSPITAL - G'VILLE","Address":"2708 SW ARCHER RD","City":"GAINESVILLE","Zip":"32608","COUNTY":"Alachua","X":-82.3643204,"Y":29.63211699,"LONGLAT":"-82.36432040,29.63211699","USNG":"17R LN 67925 78799","OWNERSHIP":" ","PARCELID":" ","FACILITY_T":"HOSPITAL","TTL_BEDS":44,"EFCLASS":"EFHS","Asset_Elevation":null,"Owned_Maintained":null,"Asset":"HOSPITAL","Asset_Sub_Type":null,"Asset_Type":"Hospitals","Asset_Group":"Critical Community and Emergency Facilities","Asset_Relevancy":"Locally Significant","Asset_ID":"HOSP_PT_3","Municipality":"Gainesville","Water_Management_District":"St. Johns River Water Management District","Souce_Dataset_Entity":"FDEM","Souce_Dataset_Name":"Hospitals - FDEM","Source_Asset_ID":null,"Restricted_Public_Disclosure":null,"Notes":null,"Regional_Planning_Council":"North Central Florida","FDEP_Regulatory_District":"Northeast District","RCP_Region":"Northwest","FDOT_District":2,"House_District_Number":22,"Senate_District_Number":6,"CTF_RL_2020":"Not Affected","CTF_RL_2040_IL":"Not Affected","CTF_RL_2040_INT":"Not Affected","CTF_RL_2070_IL":"Not Affected","CTF_RL_2070_INT":"Not Affected","SSF_RL_100YR_CURR":"Not Affected","SSF_RL_100YR_2040_IL":"Not Affected","SSF_RL_100YR_2040_INT":"Not Affected","SSF_RL_100YR_2070_IL":"Not Affected","SSF_RL_100YR_2070_INT":"Not Affected","SSF_RL_500YR_CURR":"Not Affected","SSF_RL_500YR_2040_IL":"Not Affected","SSF_RL_500YR_2040_INT":"Not Affected","SSF_RL_500YR_2070_IL":"Not Affected","SSF_RL_500YR_2070_INT":"Not Affected","RIF_RL_100YR_2020":"Not Affected","RIF_RL_100YR_2040":"Not Affected","RIF_RL_100YR_2070":"Not Affected","RIF_RL_500YR_2020":"Not Affected","RIF_RL_500YR_2040":"Not Affected","RIF_RL_500YR_2070":"Not Affected"}},{"type":"Feature","id":4,"geometry":{"type":"Point","coordinates":[-82.4121999999229,29.6597559998467]},"properties":{"OBJECTID_1":4,"OBJECTID":4,"HAZUSID":" ","Name":"NORTH FLORIDA REGIONAL MEDICAL CNTR","Address":"6500 NEWBERRY RD","City":"GAINESVILLE","Zip":"32605","COUNTY":"Alachua","X":-82.4122,"Y":29.659756,"LONGLAT":"-82.41220000,29.65975600","USNG":"17R LN 63327 81918","OWNERSHIP":" ","PARCELID":" ","FACILITY_T":"HOSPITAL - ACUTE CARE","TTL_BEDS":432,"EFCLASS":"EFHL","Asset_Elevation":null,"Owned_Maintained":null,"Asset":"HOSPITAL - ACUTE CARE","Asset_Sub_Type":null,"Asset_Type":"Hospitals","Asset_Group":"Critical Community and Emergency Facilities","Asset_Relevancy":"Locally Significant","Asset_ID":"HOSP_PT_4","Municipality":"Gainesville","Water_Management_District":"St. Johns River Water Management District","Souce_Dataset_Entity":"FDEM","Souce_Dataset_Name":"Hospitals - FDEM","Source_Asset_ID":null,"Restricted_Public_Disclosure":null,"Notes":null,"Regional_Planning_Council":"North Central Florida","FDEP_Regulatory_District":"Northeast District","RCP_Region":"Northwest","FDOT_District":2,"House_District_Number":22,"Senate_District_Number":6,"CTF_RL_2020":"Not Affected","CTF_RL_2040_IL":"Not Affected","CTF_RL_2040_INT":"Not Affected","CTF_RL_2070_IL":"Not Affected","CTF_RL_2070_INT":"Not Affected","SSF_RL_100YR_CURR":"Not Affected","SSF_RL_100YR_2040_IL":"Not Affected","SSF_RL_100YR_2040_INT":"Not Affected","SSF_RL_100YR_2070_IL":"Not Affected","SSF_RL_100YR_2070_INT":"Not Affected","SSF_RL_500YR_CURR":"Not Affected","SSF_RL_500YR_2040_IL":"Not Affected","SSF_RL_500YR_2040_INT":"Not Affected","SSF_RL_500YR_2070_IL":"Not Affected","SSF_RL_500YR_2070_INT":"Not Affected","RIF_RL_100YR_2020":"Not Affected","RIF_RL_100YR_2040":"Not Affected","RIF_RL_100YR_2070":"Not Affected","RIF_RL_500YR_2020":"Not Affected","RIF_RL_500YR_2040":"Not Affected","RIF_RL_500YR_2070":"Not Affected"}},{"type":"Feature","id":5,"geometry":{"type":"Point","coordinates":[-82.3432647419875,29.6397533868042]},"properties":{"OBJECTID_1":5,"OBJECTID":5,"HAZUSID":" ","Name":"SHANDS HOSPITAL AT U of F","Address":"1600 SW ARCHER RD","City":"GAINESVILLE","Zip":"32610","COUNTY":"Alachua","X":-82.34326474,"Y":29.63975339,"LONGLAT":"-82.34326474,29.63975339","USNG":"17R LN 69973 79622","OWNERSHIP":" ","PARCELID":" ","FACILITY_T":"HOSPITAL - TRAUMA","TTL_BEDS":875,"EFCLASS":"EFHL","Asset_Elevation":null,"Owned_Maintained":null,"Asset":"HOSPITAL - TRAUMA","Asset_Sub_Type":null,"Asset_Type":"Hospitals","Asset_Group":"Critical Community and Emergency Facilities","Asset_Relevancy":"Locally Significant","Asset_ID":"HOSP_PT_5","Municipality":"Gainesville","Water_Management_District":"St. Johns River Water Management District","Souce_Dataset_Entity":"FDEM","Souce_Dataset_Name":"Hospitals - FDEM","Source_Asset_ID":null,"Restricted_Public_Disclosure":null,"Notes":null,"Regional_Planning_Council":"North Central Florida","FDEP_Regulatory_District":"Northeast District","RCP_Region":"Northwest","FDOT_District":2,"House_District_Number":22,"Senate_District_Number":6,"CTF_RL_2020":"Not Affected","CTF_RL_2040_IL":"Not Affected","CTF_RL_2040_INT":"Not Affected","CTF_RL_2070_IL":"Not Affected","CTF_RL_2070_INT":"Not Affected","SSF_RL_100YR_CURR":"Not Affected","SSF_RL_100YR_2040_IL":"Not Affected","SSF_RL_100YR_2040_INT":"Not Affected","SSF_RL_100YR_2070_IL":"Not Affected","SSF_RL_100YR_2070_INT":"Not Affected","SSF_RL_500YR_CURR":"Not Affected","SSF_RL_500YR_2040_IL":"Not Affected","SSF_RL_500YR_2040_INT":"Not Affected","SSF_RL_500YR_2070_IL":"Not Affected","SSF_RL_500YR_2070_INT":"Not Affected","RIF_RL_100YR_2020":"High","RIF_RL_100YR_2040":"High","RIF_RL_100YR_2070":"High","RIF_RL_500YR_2020":"High","RIF_RL_500YR_2040":"High","RIF_RL_500YR_2070":"High"}},{"type":"Feature","id":6,"geometry":{"type":"Point","coordinates":[-82.3471899998189,29.6359499989356]},"properties":{"OBJECTID_1":6,"OBJECTID":6,"HAZUSID":" ","Name":"MALCOM RANDALL VA MEDI CNTR","Address":"1601 S.W. ARCHER ROAD","City":"GAINESVILLE","Zip":"32608","COUNTY":"Alachua","X":-82.34719,"Y":29.63595,"LONGLAT":"-82.34719000,29.63595000","USNG":"17R LN 69588 79205","OWNERSHIP":" ","PARCELID":" ","FACILITY_T":"HOSPITAL - VA","TTL_BEDS":240,"EFCLASS":"EFHL","Asset_Elevation":null,"Owned_Maintained":null,"Asset":"HOSPITAL - VA","Asset_Sub_Type":null,"Asset_Type":"Hospitals","Asset_Group":"Critical Community and Emergency Facilities","Asset_Relevancy":"Locally Significant","Asset_ID":"HOSP_PT_6","Municipality":"Gainesville","Water_Management_District":"St. Johns River Water Management District","Souce_Dataset_Entity":"FDEM","Souce_Dataset_Name":"Hospitals - FDEM","Source_Asset_ID":null,"Restricted_Public_Disclosure":null,"Notes":null,"Regional_Planning_Council":"North Central Florida","FDEP_Regulatory_District":"Northeast District","RCP_Region":"Northwest","FDOT_District":2,"House_District_Number":21,"Senate_District_Number":9,"CTF_RL_2020":"Not Affected","CTF_RL_2040_IL":"Not Affected","CTF_RL_2040_INT":"Not Affected","CTF_RL_2070_IL":"Not Affected","CTF_RL_2070_INT":"Not Affected","SSF_RL_100YR_CURR":"Not Affected","SSF_RL_100YR_2040_IL":"Not Affected","SSF_RL_100YR_2040_INT":"Not Affected","SSF_RL_100YR_2070_IL":"Not Affected","SSF_RL_100YR_2070_INT":"Not Affected","SSF_RL_500YR_CURR":"Not Affected","SSF_RL_500YR_2040_IL":"Not Affected","SSF_RL_500YR_2040_INT":"Not Affected","SSF_RL_500YR_2070_IL":"Not Affected","SSF_RL_500YR_2070_INT":"Not Affected","RIF_RL_100YR_2020":"Not Affected","RIF_RL_100YR_2040":"Not Affected","RIF_RL_100YR_2070":"Not Affected","RIF_RL_500YR_2020":"Not Affected","RIF_RL_500YR_2040":"Not Affected","RIF_RL_500YR_2070":"Not Affected"}},{"type":"Feature","id":7,"geometry":{"type":"Point","coordinates":[-82.1189962342899,30.2860990400689]},"properties":{"OBJECTID_1":7,"OBJECTID":7,"HAZUSID":" ","Name":"ED FRASER MEMORIAL HOSP","Address":"159 N 3RD ST","City":"MACCLENNY","Zip":"32063","COUNTY":"Baker","X":-82.11899623,"Y":30.28609904,"LONGLAT":"-82.11899623,30.28609904","USNG":"17R LP 92382 51018","OWNERSHIP":" ","PARCELID":" ","FACILITY_T":"HOSPITAL - ACUTE CARE","TTL_BEDS":25,"EFCLASS":"EFHS","Asset_Elevation":null,"Owned_Maintained":null,"Asset":"HOSPITAL - ACUTE CARE","Asset_Sub_Type":null,"Asset_Type":"Hospitals","Asset_Group":"Critical Community and Emergency Facilities","Asset_Relevancy":"Locally Significant","Asset_ID":"HOSP_PT_7","Municipality":"Macclenny","Water_Management_District":"St. Johns River Water Management District","Souce_Dataset_Entity":"FDEM","Souce_Dataset_Name":"Hospitals - FDEM","Source_Asset_ID":null,"Restricted_Public_Disclosure":null,"Notes":null,"Regional_Planning_Council":"Northeast Florida","FDEP_Regulatory_District":"Northeast District","RCP_Region":"Northwest","FDOT_District":2,"House_District_Number":10,"Senate_District_Number":6,"CTF_RL_2020":"Not Affected","CTF_RL_2040_IL":"Not Affected","CTF_RL_2040_INT":"Not Affected","CTF_RL_2070_IL":"Not Affected","CTF_RL_2070_INT":"Not Affected","SSF_RL_100YR_CURR":"Not Affected","SSF_RL_100YR_2040_IL":"Not Affected","SSF_RL_100YR_2040_INT":"Not Affected","SSF_RL_100YR_2070_IL":"Not Affected","SSF_RL_100YR_2070_INT":"Not Affected","SSF_RL_500YR_CURR":"Not Affected","SSF_RL_500YR_2040_IL":"Not Affected","SSF_RL_500YR_2040_INT":"Not Affected","SSF_RL_500YR_2070_IL":"Not Affected","SSF_RL_500YR_2070_INT":"Not Affected","RIF_RL_100YR_2020":"Not Affected","RIF_RL_100YR_2040":"Not Affected","RIF_RL_100YR_2070":"Not Affected","RIF_RL_500YR_2020":"Not Affected","RIF_RL_500YR_2040":"Not Affected","RIF_RL_500YR_2070":"Not Affected"}},{"type":"Feature","id":8,"geometry":{"type":"Point","coordinates":[-82.1448038381464,30.2271675041931]},"properties":{"OBJECTID_1":8,"OBJECTID":8,"HAZUSID":" ","Name":"NORTHEAST FLORIDA STATE HOSP","Address":"7487 S STATE RD 121","City":"MACCLENNY","Zip":"32063","COUNTY":"Baker","X":-82.14480384,"Y":30.22716751,"LONGLAT":"-82.14480384,30.22716751","USNG":"17R LP 89835 44511","OWNERSHIP":" ","PARCELID":" ","FACILITY_T":"HOSPITAL","TTL_BEDS":1138,"EFCLASS":"EFHL","Asset_Elevation":null,"Owned_Maintained":null,"Asset":"HOSPITAL","Asset_Sub_Type":null,"Asset_Type":"Hospitals","Asset_Group":"Critical Community and Emergency Facilities","Asset_Relevancy":"Locally Significant","Asset_ID":"HOSP_PT_8","Municipality":null,"Water_Management_District":"St. Johns River Water Management District","Souce_Dataset_Entity":"FDEM","Souce_Dataset_Name":"Hospitals - FDEM","Source_Asset_ID":null,"Restricted_Public_Disclosure":null,"Notes":null,"Regional_Planning_Council":"Northeast Florida","FDEP_Regulatory_District":"Northeast District","RCP_Region":"Northwest","FDOT_District":2,"House_District_Number":10,"Senate_District_Number":6,"CTF_RL_2020":"Not Affected","CTF_RL_2040_IL":"Not Affected","CTF_RL_2040_INT":"Not Affected","CTF_RL_2070_IL":"Not Affected","CTF_RL_2070_INT":"Not Affected","SSF_RL_100YR_CURR":"Not Affected","SSF_RL_100YR_2040_IL":"Not Affected","SSF_RL_100YR_2040_INT":"Not Affected","SSF_RL_100YR_2070_IL":"Not Affected","SSF_RL_100YR_2070_INT":"Not Affected","SSF_RL_500YR_CURR":"Not Affected","SSF_RL_500YR_2040_IL":"Not Affected","SSF_RL_500YR_2040_INT":"Not Affected","SSF_RL_500YR_2070_IL":"Not Affected","SSF_RL_500YR_2070_INT":"Not Affected","RIF_RL_100YR_2020":"Not Affected","RIF_RL_100YR_2040":"Not Affected","RIF_RL_100YR_2070":"Not Affected","RIF_RL_500YR_2020":"Not Affected","RIF_RL_500YR_2040":"Not Affected","RIF_RL_500YR_2070":"Not Affected"}},{"type":"Feature","id":9,"geometry":{"type":"Point","coordinates":[-85.6688570237961,30.1820306539968]},"properties":{"OBJECTID_1":9,"OBJECTID":9,"HAZUSID":" ","Name":"HEALTHSOUTH EMERALD COAST REHAB HOSP","Address":"1847 FLORIDA AVE","City":"PANAMA CITY","Zip":"32405","COUNTY":"Bay","X":-85.66885702,"Y":30.18203065,"LONGLAT":"-85.66885702,30.18203065","USNG":"16R FU 28156 39704","OWNERSHIP":" ","PARCELID":" ","FACILITY_T":"HOSPITAL","TTL_BEDS":75,"EFCLASS":"EFHM","Asset_Elevation":null,"Owned_Maintained":null,"Asset":"HOSPITAL","Asset_Sub_Type":null,"Asset_Type":"Hospitals","Asset_Group":"Critical Community and Emergency Facilities","Asset_Relevancy":"Locally Significant","Asset_ID":"HOSP_PT_9","Municipality":"Panama City","Water_Management_District":"Northwest Florida Water Management District","Souce_Dataset_Entity":"FDEM","Souce_Dataset_Name":"Hospitals - FDEM","Source_Asset_ID":null,"Restricted_Public_Disclosure":null,"Notes":null,"Regional_Planning_Council":"Emerald Coast","FDEP_Regulatory_District":"Northwest District","RCP_Region":"Northwest","FDOT_District":3,"House_District_Number":6,"Senate_District_Number":2,"CTF_RL_2020":"Not Affected","CTF_RL_2040_IL":"Not Affected","CTF_RL_2040_INT":"Not Affected","CTF_RL_2070_IL":"Not Affected","CTF_RL_2070_INT":"Not Affected","SSF_RL_100YR_CURR":"Not Affected","SSF_RL_100YR_2040_IL":"Not Affected","SSF_RL_100YR_2040_INT":"Not Affected","SSF_RL_100YR_2070_IL":"Not Affected","SSF_RL_100YR_2070_INT":"Not Affected","SSF_RL_500YR_CURR":"Not Affected","SSF_RL_500YR_2040_IL":"Not Affected","SSF_RL_500YR_2040_INT":"Not Affected","SSF_RL_500YR_2070_IL":"Not Affected","SSF_RL_500YR_2070_INT":"Not Affected","RIF_RL_100YR_2020":"Not Affected","RIF_RL_100YR_2040":"Not Affected","RIF_RL_100YR_2070":"Not Affected","RIF_RL_500YR_2020":"Not Affected","RIF_RL_500YR_2040":"Not Affected","RIF_RL_500YR_2070":"Not Affected"}},{"type":"Feature","id":10,"geometry":{"type":"Point","coordinates":[-85.6586906434831,30.1840212341121]},"properties":{"OBJECTID_1":10,"OBJECTID":10,"HAZUSID":" ","Name":"EMERALD COAST BEHAVIORAL HOSP","Address":"1940 HARRISON AVE","City":"PANAMA CITY","Zip":"32405","COUNTY":"Bay","X":-85.65869064,"Y":30.18402124,"LONGLAT":"-85.65869064,30.18402124","USNG":"16R FU 29132 39936","OWNERSHIP":" ","PARCELID":" ","FACILITY_T":"HOSPITAL","TTL_BEDS":86,"EFCLASS":"EFHM","Asset_Elevation":null,"Owned_Maintained":null,"Asset":"HOSPITAL","Asset_Sub_Type":null,"Asset_Type":"Hospitals","Asset_Group":"Critical Community and Emergency Facilities","Asset_Relevancy":"Locally Significant","Asset_ID":"HOSP_PT_10","Municipality":"Panama City","Water_Management_District":"Northwest Florida Water Management District","Souce_Dataset_Entity":"FDEM","Souce_Dataset_Name":"Hospitals - FDEM","Source_Asset_ID":null,"Restricted_Public_Disclosure":null,"Notes":null,"Regional_Planning_Council":"Emerald Coast","FDEP_Regulatory_District":"Northwest District","RCP_Region":"Northwest","FDOT_District":3,"House_District_Number":6,"Senate_District_Number":2,"CTF_RL_2020":"Not Affected","CTF_RL_2040_IL":"Not Affected","CTF_RL_2040_INT":"Not Affected","CTF_RL_2070_IL":"Not Affected","CTF_RL_2070_INT":"Not Affected","SSF_RL_100YR_CURR":"Not Affected","SSF_RL_100YR_2040_IL":"Not Affected","SSF_RL_100YR_2040_INT":"Not Affected","SSF_RL_100YR_2070_IL":"Not Affected","SSF_RL_100YR_2070_INT":"Not Affected","SSF_RL_500YR_CURR":"Not Affected","SSF_RL_500YR_2040_IL":"Not Affected","SSF_RL_500YR_2040_INT":"Not Affected","SSF_RL_500YR_2070_IL":"Not Affected","SSF_RL_500YR_2070_INT":"Not Affected","RIF_RL_100YR_2020":"Not Affected","RIF_RL_100YR_2040":"Not Affected","RIF_RL_100YR_2070":"Not Affected","RIF_RL_500YR_2020":"Not Affected","RIF_RL_500YR_2040":"Not Affected","RIF_RL_500YR_2070":"Not Affected"}},{"type":"Feature","id":11,"geometry":{"type":"Point","coordinates":[-85.6651519993933,30.1896529993517]},"properties":{"OBJECTID_1":11,"OBJECTID":11,"HAZUSID":" ","Name":"GULF COAST REGIONAL MED CENT","Address":"449 W 23RD ST","City":"PANAMA CITY","Zip":"32405","COUNTY":"Bay","X":-85.665152,"Y":30.189653,"LONGLAT":"-85.66515200,30.18965300","USNG":"16R FU 28503 40553","OWNERSHIP":" ","PARCELID":" ","FACILITY_T":"HOSPITAL - ACUTE CARE","TTL_BEDS":216,"EFCLASS":"EFHL","Asset_Elevation":null,"Owned_Maintained":null,"Asset":"HOSPITAL - ACUTE CARE","Asset_Sub_Type":null,"Asset_Type":"Hospitals","Asset_Group":"Critical Community and Emergency Facilities","Asset_Relevancy":"Locally Significant","Asset_ID":"HOSP_PT_11","Municipality":"Panama City","Water_Management_District":"Northwest Florida Water Management District","Souce_Dataset_Entity":"FDEM","Souce_Dataset_Name":"Hospitals - FDEM","Source_Asset_ID":null,"Restricted_Public_Disclosure":null,"Notes":null,"Regional_Planning_Council":"Emerald Coast","FDEP_Regulatory_District":"Northwest District","RCP_Region":"Northwest","FDOT_District":3,"House_District_Number":6,"Senate_District_Number":2,"CTF_RL_2020":"Not Affected","CTF_RL_2040_IL":"Not Affected","CTF_RL_2040_INT":"Not Affected","CTF_RL_2070_IL":"Not Affected","CTF_RL_2070_INT":"Not Affected","SSF_RL_100YR_CURR":"Not Affected","SSF_RL_100YR_2040_IL":"Not Affected","SSF_RL_100YR_2040_INT":"Not Affected","SSF_RL_100YR_2070_IL":"Not Affected","SSF_RL_100YR_2070_INT":"Not Affected","SSF_RL_500YR_CURR":"Not Affected","SSF_RL_500YR_2040_IL":"Not Affected","SSF_RL_500YR_2040_INT":"Not Affected","SSF_RL_500YR_2070_IL":"Not Affected","SSF_RL_500YR_2070_INT":"Not Affected","RIF_RL_100YR_2020":"Not Affected","RIF_RL_100YR_2040":"Not Affected","RIF_RL_100YR_2070":"Not Affected","RIF_RL_500YR_2020":"Not Affected","RIF_RL_500YR_2040":"Not Affected","RIF_RL_500YR_2070":"Not Affected"}},{"type":"Feature","id":12,"geometry":{"type":"Point","coordinates":[-85.6030199995141,30.0710499988538]},"properties":{"OBJECTID_1":12,"OBJECTID":12,"HAZUSID":" ","Name":"325TH MED GROUP USAF","Address":"340 MAGNOLIA CIRCLE","City":"TYNDALL AIR FORCE BASE","Zip":"32403","COUNTY":"Bay","X":-85.60302,"Y":30.07105,"LONGLAT":"-85.60302000,30.07105000","USNG":"16R FU 34646 27480","OWNERSHIP":" ","PARCELID":" ","FACILITY_T":"HOSPITAL - VA","TTL_BEDS":0,"EFCLASS":"MDFLT","Asset_Elevation":null,"Owned_Maintained":null,"Asset":"HOSPITAL - VA","Asset_Sub_Type":null,"Asset_Type":"Hospitals","Asset_Group":"Critical Community and Emergency Facilities","Asset_Relevancy":"Locally Significant","Asset_ID":"HOSP_PT_12","Municipality":null,"Water_Management_District":"Northwest Florida Water Management District","Souce_Dataset_Entity":"FDEM","Souce_Dataset_Name":"Hospitals - FDEM","Source_Asset_ID":null,"Restricted_Public_Disclosure":null,"Notes":null,"Regional_Planning_Council":"Emerald Coast","FDEP_Regulatory_District":"Northwest District","RCP_Region":"Northwest","FDOT_District":3,"House_District_Number":6,"Senate_District_Number":2,"CTF_RL_2020":"Not Affected","CTF_RL_2040_IL":"Not Affected","CTF_RL_2040_INT":"Not Affected","CTF_RL_2070_IL":"Not Affected","CTF_RL_2070_INT":"Not Affected","SSF_RL_100YR_CURR":"Not Affected","SSF_RL_100YR_2040_IL":"Not Affected","SSF_RL_100YR_2040_INT":"Not Affected","SSF_RL_100YR_2070_IL":"Not Affected","SSF_RL_100YR_2070_INT":"Not Affected","SSF_RL_500YR_CURR":"Not Affected","SSF_RL_500YR_2040_IL":"Not Affected","SSF_RL_500YR_2040_INT":"Not Affected","SSF_RL_500YR_2070_IL":"Not Affected","SSF_RL_500YR_2070_INT":"Not Affected","RIF_RL_100YR_2020":"Not Affected","RIF_RL_100YR_2040":"Not Affected","RIF_RL_100YR_2070":"Not Affected","RIF_RL_500YR_2020":"Not Affected","RIF_RL_500YR_2040":"Not Affected","RIF_RL_500YR_2070":"Not Affected"}},{"type":"Feature","id":13,"geometry":{"type":"Point","coordinates":[-85.7583800004685,30.1767399989154]},"properties":{"OBJECTID_1":13,"OBJECTID":13,"HAZUSID":" ","Name":"GULF COAST HLTH SYSTEM - PANAMA CTY","Address":"101 VERNON AVE","City":"PANAMA CITY BEACH","Zip":"32407","COUNTY":"Bay","X":-85.75838,"Y":30.17674,"LONGLAT":"-85.75838000,30.17674000","USNG":"16R FU 19543 39020","OWNERSHIP":" ","PARCELID":" ","FACILITY_T":"HOSPITAL - VA","TTL_BEDS":0,"EFCLASS":"MDFLT","Asset_Elevation":null,"Owned_Maintained":null,"Asset":"HOSPITAL - VA","Asset_Sub_Type":null,"Asset_Type":"Hospitals","Asset_Group":"Critical Community and Emergency Facilities","Asset_Relevancy":"Locally Significant","Asset_ID":"HOSP_PT_13","Municipality":null,"Water_Management_District":"Northwest Florida Water Management District","Souce_Dataset_Entity":"FDEM","Souce_Dataset_Name":"Hospitals - FDEM","Source_Asset_ID":null,"Restricted_Public_Disclosure":null,"Notes":null,"Regional_Planning_Council":"Emerald Coast","FDEP_Regulatory_District":"Northwest District","RCP_Region":"Northwest","FDOT_District":3,"House_District_Number":6,"Senate_District_Number":2,"CTF_RL_2020":"Not Affected","CTF_RL_2040_IL":"Not Affected","CTF_RL_2040_INT":"Not Affected","CTF_RL_2070_IL":"Not Affected","CTF_RL_2070_INT":"Not Affected","SSF_RL_100YR_CURR":"Not Affected","SSF_RL_100YR_2040_IL":"Not Affected","SSF_RL_100YR_2040_INT":"Not Affected","SSF_RL_100YR_2070_IL":"Not Affected","SSF_RL_100YR_2070_INT":"Not Affected","SSF_RL_500YR_CURR":"Not Affected","SSF_RL_500YR_2040_IL":"Not Affected","SSF_RL_500YR_2040_INT":"Not Affected","SSF_RL_500YR_2070_IL":"Not Affected","SSF_RL_500YR_2070_INT":"Not Affected","RIF_RL_100YR_2020":"Not Affected","RIF_RL_100YR_2040":"Not Affected","RIF_RL_100YR_2070":"Not Affected","RIF_RL_500YR_2020":"Not Affected","RIF_RL_500YR_2040":"Not Affected","RIF_RL_500YR_2070":"Not Affected"}},{"type":"Feature","id":14,"geometry":{"type":"Point","coordinates":[-85.6483953616718,30.1597640921188]},"properties":{"OBJECTID_1":14,"OBJECTID":14,"HAZUSID":" ","Name":"BAY MED CENT/SACRED HEART HEALTH","Address":"615 N BONITA AVE","City":"PANAMA CITY","Zip":"32401","COUNTY":"Bay","X":-85.64839536,"Y":30.15976409,"LONGLAT":"-85.64839536,30.15976409","USNG":"16R FU 30155 37260","OWNERSHIP":" ","PARCELID":" ","FACILITY_T":"HOSPITAL - TRAUMA","TTL_BEDS":323,"EFCLASS":"EFHL","Asset_Elevation":null,"Owned_Maintained":null,"Asset":"HOSPITAL - TRAUMA","Asset_Sub_Type":null,"Asset_Type":"Hospitals","Asset_Group":"Critical Community and Emergency Facilities","Asset_Relevancy":"Locally Significant","Asset_ID":"HOSP_PT_14","Municipality":"Panama City","Water_Management_District":"Northwest Florida Water Management District","Souce_Dataset_Entity":"FDEM","Souce_Dataset_Name":"Hospitals - FDEM","Source_Asset_ID":null,"Restricted_Public_Disclosure":null,"Notes":null,"Regional_Planning_Council":"Emerald Coast","FDEP_Regulatory_District":"Northwest District","RCP_Region":"Northwest","FDOT_District":3,"House_District_Number":6,"Senate_District_Number":2,"CTF_RL_2020":"Not Affected","CTF_RL_2040_IL":"Not Affected","CTF_RL_2040_INT":"Not Affected","CTF_RL_2070_IL":"Not Affected","CTF_RL_2070_INT":"Not Affected","SSF_RL_100YR_CURR":"Not Affected","SSF_RL_100YR_2040_IL":"Not Affected","SSF_RL_100YR_2040_INT":"Not Affected","SSF_RL_100YR_2070_IL":"Not Affected","SSF_RL_100YR_2070_INT":"Not Affected","SSF_RL_500YR_CURR":"Not Affected","SSF_RL_500YR_2040_IL":"Not Affected","SSF_RL_500YR_2040_INT":"Not Affected","SSF_RL_500YR_2070_IL":"Not Affected","SSF_RL_500YR_2070_INT":"Not Affected","RIF_RL_100YR_2020":"Not Affected","RIF_RL_100YR_2040":"Not Affected","RIF_RL_100YR_2070":"Not Affected","RIF_RL_500YR_2020":"Not Affected","RIF_RL_500YR_2040":"Not Affected","RIF_RL_500YR_2070":"Not Affected"}},{"type":"Feature","id":15,"geometry":{"type":"Point","coordinates":[-82.1015964602602,29.9401318915877]},"properties":{"OBJECTID_1":15,"OBJECTID":15,"HAZUSID":" ","Name":"SHANDS STARKE REGIONAL MEDICAL CNTR","Address":"922 E CALL ST","City":"STARKE","Zip":"32091","COUNTY":"Bradford","X":-82.10159646,"Y":29.94013189,"LONGLAT":"-82.10159646,29.94013189","USNG":"17R LP 93686 12661","OWNERSHIP":" ","PARCELID":" ","FACILITY_T":"HOSPITAL - ACUTE CARE","TTL_BEDS":49,"EFCLASS":"EFHS","Asset_Elevation":null,"Owned_Maintained":null,"Asset":"HOSPITAL - ACUTE CARE","Asset_Sub_Type":null,"Asset_Type":"Hospitals","Asset_Group":"Critical Community and Emergency Facilities","Asset_Relevancy":"Locally Significant","Asset_ID":"HOSP_PT_15","Municipality":"Starke","Water_Management_District":"Suwannee River Water Management District","Souce_Dataset_Entity":"FDEM","Souce_Dataset_Name":"Hospitals - FDEM","Source_Asset_ID":null,"Restricted_Public_Disclosure":null,"Notes":null,"Regional_Planning_Council":"North Central Florida","FDEP_Regulatory_District":"Northeast District","RCP_Region":"Northwest","FDOT_District":2,"House_District_Number":10,"Senate_District_Number":6,"CTF_RL_2020":"Not Affected","CTF_RL_2040_IL":"Not Affected","CTF_RL_2040_INT":"Not Affected","CTF_RL_2070_IL":"Not Affected","CTF_RL_2070_INT":"Not Affected","SSF_RL_100YR_CURR":"Not Affected","SSF_RL_100YR_2040_IL":"Not Affected","SSF_RL_100YR_2040_INT":"Not Affected","SSF_RL_100YR_2070_IL":"Not Affected","SSF_RL_100YR_2070_INT":"Not Affected","SSF_RL_500YR_CURR":"Not Affected","SSF_RL_500YR_2040_IL":"Not Affected","SSF_RL_500YR_2040_INT":"Not Affected","SSF_RL_500YR_2070_IL":"Not Affected","SSF_RL_500YR_2070_INT":"Not Affected","RIF_RL_100YR_2020":"Not Affected","RIF_RL_100YR_2040":"Not Affected","RIF_RL_100YR_2070":"Not Affected","RIF_RL_500YR_2020":"Not Affected","RIF_RL_500YR_2040":"Not Affected","RIF_RL_500YR_2070":"Not Affected"}},{"type":"Feature","id":16,"geometry":{"type":"Point","coordinates":[-80.6230395149249,28.3601055207447]},"properties":{"OBJECTID_1":16,"OBJECTID":16,"HAZUSID":" ","Name":"CAPE CANAVERAL HOSP","Address":"701 W COCOA BEACH CSWY","City":"COCOA BEACH","Zip":"32931","COUNTY":"Brevard","X":-80.62303951,"Y":28.36010552,"LONGLAT":"-80.62303951,28.36010552","USNG":"17R NM 36939 37151","OWNERSHIP":" ","PARCELID":" ","FACILITY_T":"HOSPITAL - ACUTE CARE","TTL_BEDS":150,"EFCLASS":"EFHL","Asset_Elevation":null,"Owned_Maintained":null,"Asset":"HOSPITAL - ACUTE CARE","Asset_Sub_Type":null,"Asset_Type":"Hospitals","Asset_Group":"Critical Community and Emergency Facilities","Asset_Relevancy":"Locally Significant","Asset_ID":"HOSP_PT_16","Municipality":"Cocoa Beach","Water_Management_District":"St. Johns River Water Management District","Souce_Dataset_Entity":"FDEM","Souce_Dataset_Name":"Hospitals - FDEM","Source_Asset_ID":null,"Restricted_Public_Disclosure":null,"Notes":null,"Regional_Planning_Council":"East Central Florida","FDEP_Regulatory_District":"Central District","RCP_Region":"Northeast","FDOT_District":5,"House_District_Number":31,"Senate_District_Number":19,"CTF_RL_2020":"Not Affected","CTF_RL_2040_IL":"Not Affected","CTF_RL_2040_INT":"Not Affected","CTF_RL_2070_IL":"Not Affected","CTF_RL_2070_INT":"Not Affected","SSF_RL_100YR_CURR":"Not Affected","SSF_RL_100YR_2040_IL":"Not Affected","SSF_RL_100YR_2040_INT":"Not Affected","SSF_RL_100YR_2070_IL":"Not Affected","SSF_RL_100YR_2070_INT":"Not Affected","SSF_RL_500YR_CURR":"Not Affected","SSF_RL_500YR_2040_IL":"Not Affected","SSF_RL_500YR_2040_INT":"Not Affected","SSF_RL_500YR_2070_IL":"Not Affected","SSF_RL_500YR_2070_INT":"Not Affected","RIF_RL_100YR_2020":"Not Affected","RIF_RL_100YR_2040":"Not Affected","RIF_RL_100YR_2070":"Not Affected","RIF_RL_500YR_2020":"Not Affected","RIF_RL_500YR_2040":"Not Affected","RIF_RL_500YR_2070":"Not Affected"}},{"type":"Feature","id":17,"geometry":{"type":"Point","coordinates":[-80.6116730450951,27.9998671722948]},"properties":{"OBJECTID_1":17,"OBJECTID":17,"HAZUSID":" ","Name":"PALM BAY HOSPITAL","Address":"1425 MALABAR RD NE","City":"PALM BAY","Zip":"32907","COUNTY":"Brevard","X":-80.61167304,"Y":27.99986717,"LONGLAT":"-80.61167304,27.99986717","USNG":"17R NL 38181 97248","OWNERSHIP":" ","PARCELID":" ","FACILITY_T":"HOSPITAL - ACUTE CARE","TTL_BEDS":152,"EFCLASS":"EFHL","Asset_Elevation":null,"Owned_Maintained":null,"Asset":"HOSPITAL - ACUTE CARE","Asset_Sub_Type":null,"Asset_Type":"Hospitals","Asset_Group":"Critical Community and Emergency Facilities","Asset_Relevancy":"Locally Significant","Asset_ID":"HOSP_PT_17","Municipality":"Palm Bay","Water_Management_District":"St. Johns River Water Management District","Souce_Dataset_Entity":"FDEM","Souce_Dataset_Name":"Hospitals - FDEM","Source_Asset_ID":null,"Restricted_Public_Disclosure":null,"Notes":null,"Regional_Planning_Council":"East Central Florida","FDEP_Regulatory_District":"Central District","RCP_Region":"Northeast","FDOT_District":5,"House_District_Number":33,"Senate_District_Number":19,"CTF_RL_2020":"Not Affected","CTF_RL_2040_IL":"Not Affected","CTF_RL_2040_INT":"Not Affected","CTF_RL_2070_IL":"Not Affected","CTF_RL_2070_INT":"Not Affected","SSF_RL_100YR_CURR":"Not Affected","SSF_RL_100YR_2040_IL":"Not Affected","SSF_RL_100YR_2040_INT":"Not Affected","SSF_RL_100YR_2070_IL":"Not Affected","SSF_RL_100YR_2070_INT":"Not Affected","SSF_RL_500YR_CURR":"Not Affected","SSF_RL_500YR_2040_IL":"Not Affected","SSF_RL_500YR_2040_INT":"Not Affected","SSF_RL_500YR_2070_IL":"Not Affected","SSF_RL_500YR_2070_INT":"Not Affected","RIF_RL_100YR_2020":"Not Affected","RIF_RL_100YR_2040":"Not Affected","RIF_RL_100YR_2070":"Not Affected","RIF_RL_500YR_2020":"Not Affected","RIF_RL_500YR_2040":"Not Affected","RIF_RL_500YR_2070":"Not Affected"}},{"type":"Feature","id":18,"geometry":{"type":"Point","coordinates":[-80.7227988248954,28.3351152165942]},"properties":{"OBJECTID_1":18,"OBJECTID":18,"HAZUSID":" ","Name":"WUESTHOFF MEDICAL CENTER - ROCKLEDGE","Address":"110 LONGWOOD AVE","City":"ROCKLEDGE","Zip":"32955","COUNTY":"Brevard","X":-80.72279882,"Y":28.33511522,"LONGLAT":"-80.72279882,28.33511522","USNG":"17R NM 27170 34356","OWNERSHIP":" ","PARCELID":" ","FACILITY_T":"HOSPITAL - ACUTE CARE","TTL_BEDS":298,"EFCLASS":"EFHL","Asset_Elevation":null,"Owned_Maintained":null,"Asset":"HOSPITAL - ACUTE CARE","Asset_Sub_Type":null,"Asset_Type":"Hospitals","Asset_Group":"Critical Community and Emergency Facilities","Asset_Relevancy":"Locally Significant","Asset_ID":"HOSP_PT_18","Municipality":"Rockledge","Water_Management_District":"St. Johns River Water Management District","Souce_Dataset_Entity":"FDEM","Souce_Dataset_Name":"Hospitals - FDEM","Source_Asset_ID":null,"Restricted_Public_Disclosure":null,"Notes":null,"Regional_Planning_Council":"East Central Florida","FDEP_Regulatory_District":"Central District","RCP_Region":"Northeast","FDOT_District":5,"House_District_Number":32,"Senate_District_Number":19,"CTF_RL_2020":"Not Affected","CTF_RL_2040_IL":"Not Affected","CTF_RL_2040_INT":"Not Affected","CTF_RL_2070_IL":"Not Affected","CTF_RL_2070_INT":"Not Affected","SSF_RL_100YR_CURR":"Not Affected","SSF_RL_100YR_2040_IL":"Not Affected","SSF_RL_100YR_2040_INT":"Not Affected","SSF_RL_100YR_2070_IL":"Not Affected","SSF_RL_100YR_2070_INT":"Not Affected","SSF_RL_500YR_CURR":"Not Affected","SSF_RL_500YR_2040_IL":"Not Affected","SSF_RL_500YR_2040_INT":"Not Affected","SSF_RL_500YR_2070_IL":"Not Affected","SSF_RL_500YR_2070_INT":"Not Affected","RIF_RL_100YR_2020":"Not Affected","RIF_RL_100YR_2040":"Not Affected","RIF_RL_100YR_2070":"Not Affected","RIF_RL_500YR_2020":"Not Affected","RIF_RL_500YR_2040":"Not Affected","RIF_RL_500YR_2070":"Not Affected"}},{"type":"Feature","id":19,"geometry":{"type":"Point","coordinates":[-80.7293345813721,28.2279711799564]},"properties":{"OBJECTID_1":19,"OBJECTID":19,"HAZUSID":" ","Name":"VIERA HOSPITAL","Address":"8745 N WICKHAM RD","City":"MELBOURNE","Zip":"32940","COUNTY":"Brevard","X":-80.72933458,"Y":28.22797118,"LONGLAT":"-80.72933458,28.22797118","USNG":"17R NM 26556 22485","OWNERSHIP":" ","PARCELID":" ","FACILITY_T":"HOSPITAL - ACUTE CARE","TTL_BEDS":84.00084,"EFCLASS":"EFHM","Asset_Elevation":null,"Owned_Maintained":null,"Asset":"HOSPITAL - ACUTE CARE","Asset_Sub_Type":null,"Asset_Type":"Hospitals","Asset_Group":"Critical Community and Emergency Facilities","Asset_Relevancy":"Locally Significant","Asset_ID":"HOSP_PT_19","Municipality":null,"Water_Management_District":"St. Johns River Water Management District","Souce_Dataset_Entity":"FDEM","Souce_Dataset_Name":"Hospitals - FDEM","Source_Asset_ID":null,"Restricted_Public_Disclosure":null,"Notes":null,"Regional_Planning_Council":"East Central Florida","FDEP_Regulatory_District":"Central District","RCP_Region":"Northeast","FDOT_District":5,"House_District_Number":32,"Senate_District_Number":19,"CTF_RL_2020":"Not Affected","CTF_RL_2040_IL":"Not Affected","CTF_RL_2040_INT":"Not Affected","CTF_RL_2070_IL":"Not Affected","CTF_RL_2070_INT":"Not Affected","SSF_RL_100YR_CURR":"Not Affected","SSF_RL_100YR_2040_IL":"Not Affected","SSF_RL_100YR_2040_INT":"Not Affected","SSF_RL_100YR_2070_IL":"Not Affected","SSF_RL_100YR_2070_INT":"Not Affected","SSF_RL_500YR_CURR":"Not Affected","SSF_RL_500YR_2040_IL":"Not Affected","SSF_RL_500YR_2040_INT":"Not Affected","SSF_RL_500YR_2070_IL":"Not Affected","SSF_RL_500YR_2070_INT":"Not Affected","RIF_RL_100YR_2020":"Not Affected","RIF_RL_100YR_2040":"Not Affected","RIF_RL_100YR_2070":"Not Affected","RIF_RL_500YR_2020":"Not Affected","RIF_RL_500YR_2040":"Not Affected","RIF_RL_500YR_2070":"Not Affected"}},{"type":"Feature","id":20,"geometry":{"type":"Point","coordinates":[-80.8240956585887,28.63073155601]},"properties":{"OBJECTID_1":20,"OBJECTID":20,"HAZUSID":" ","Name":"PARRISH MEDICAL CNTR","Address":"951 N WASHINGTON AVE","City":"TITUSVILLE","Zip":"32796","COUNTY":"Brevard","X":-80.82409566,"Y":28.63073156,"LONGLAT":"-80.82409566,28.63073156","USNG":"17R NM 17193 67087","OWNERSHIP":" ","PARCELID":" ","FACILITY_T":"HOSPITAL - ACUTE CARE","TTL_BEDS":210,"EFCLASS":"EFHL","Asset_Elevation":null,"Owned_Maintained":null,"Asset":"HOSPITAL - ACUTE CARE","Asset_Sub_Type":null,"Asset_Type":"Hospitals","Asset_Group":"Critical Community and Emergency Facilities","Asset_Relevancy":"Locally Significant","Asset_ID":"HOSP_PT_20","Municipality":"Titusville","Water_Management_District":"St. Johns River Water Management District","Souce_Dataset_Entity":"FDEM","Souce_Dataset_Name":"Hospitals - FDEM","Source_Asset_ID":null,"Restricted_Public_Disclosure":null,"Notes":null,"Regional_Planning_Council":"East Central Florida","FDEP_Regulatory_District":"Central District","RCP_Region":"Northeast","FDOT_District":5,"House_District_Number":30,"Senate_District_Number":8,"CTF_RL_2020":"Not Affected","CTF_RL_2040_IL":"Not Affected","CTF_RL_2040_INT":"Not Affected","CTF_RL_2070_IL":"Not Affected","CTF_RL_2070_INT":"Not Affected","SSF_RL_100YR_CURR":"Not Affected","SSF_RL_100YR_2040_IL":"Not Affected","SSF_RL_100YR_2040_INT":"Not Affected","SSF_RL_100YR_2070_IL":"Not Affected","SSF_RL_100YR_2070_INT":"Not Affected","SSF_RL_500YR_CURR":"Not Affected","SSF_RL_500YR_2040_IL":"Not Affected","SSF_RL_500YR_2040_INT":"Not Affected","SSF_RL_500YR_2070_IL":"Not Affected","SSF_RL_500YR_2070_INT":"Not Affected","RIF_RL_100YR_2020":"Not Affected","RIF_RL_100YR_2040":"Not Affected","RIF_RL_100YR_2070":"Not Affected","RIF_RL_500YR_2020":"Not Affected","RIF_RL_500YR_2040":"Not Affected","RIF_RL_500YR_2070":"Not Affected"}},{"type":"Feature","id":21,"geometry":{"type":"Point","coordinates":[-80.6201395591087,28.0555646567156]},"properties":{"OBJECTID_1":21,"OBJECTID":21,"HAZUSID":" ","Name":"HEALTHSOUTH SEA PINES REHAB HOSP","Address":"101 E FLORIDA AVE","City":"MELBOURNE","Zip":"32901","COUNTY":"Brevard","X":-80.62013956,"Y":28.05556466,"LONGLAT":"-80.62013956,28.05556466","USNG":"17R NM 37329 03415","OWNERSHIP":" ","PARCELID":" ","FACILITY_T":"HOSPITAL","TTL_BEDS":90,"EFCLASS":"EFHM","Asset_Elevation":null,"Owned_Maintained":null,"Asset":"HOSPITAL","Asset_Sub_Type":null,"Asset_Type":"Hospitals","Asset_Group":"Critical Community and Emergency Facilities","Asset_Relevancy":"Locally Significant","Asset_ID":"HOSP_PT_21","Municipality":"Melbourne","Water_Management_District":"St. Johns River Water Management District","Souce_Dataset_Entity":"FDEM","Souce_Dataset_Name":"Hospitals - FDEM","Source_Asset_ID":null,"Restricted_Public_Disclosure":null,"Notes":null,"Regional_Planning_Council":"East Central Florida","FDEP_Regulatory_District":"Central District","RCP_Region":"Northeast","FDOT_District":5,"House_District_Number":33,"Senate_District_Number":19,"CTF_RL_2020":"Not Affected","CTF_RL_2040_IL":"Not Affected","CTF_RL_2040_INT":"Not Affected","CTF_RL_2070_IL":"Not Affected","CTF_RL_2070_INT":"Not Affected","SSF_RL_100YR_CURR":"Not Affected","SSF_RL_100YR_2040_IL":"Not Affected","SSF_RL_100YR_2040_INT":"Not Affected","SSF_RL_100YR_2070_IL":"Not Affected","SSF_RL_100YR_2070_INT":"Not Affected","SSF_RL_500YR_CURR":"Not Affected","SSF_RL_500YR_2040_IL":"Not Affected","SSF_RL_500YR_2040_INT":"Not Affected","SSF_RL_500YR_2070_IL":"Not Affected","SSF_RL_500YR_2070_INT":"Not Affected","RIF_RL_100YR_2020":"Not Affected","RIF_RL_100YR_2040":"Not Affected","RIF_RL_100YR_2070":"Not Affected","RIF_RL_500YR_2020":"Low","RIF_RL_500YR_2040":"Low","RIF_RL_500YR_2070":"Medium"}},{"type":"Feature","id":22,"geometry":{"type":"Point","coordinates":[-80.6323937133622,28.0928806722465]},"properties":{"OBJECTID_1":22,"OBJECTID":22,"HAZUSID":" ","Name":"KINDRED HOSP - MELBOURNE","Address":"765 W NASA BLVD","City":"MELBOURNE","Zip":"32901","COUNTY":"Brevard","X":-80.63239371,"Y":28.09288067,"LONGLAT":"-80.63239371,28.09288067","USNG":"17R NM 36113 07545","OWNERSHIP":" ","PARCELID":" ","FACILITY_T":"HOSPITAL","TTL_BEDS":60,"EFCLASS":"EFHM","Asset_Elevation":null,"Owned_Maintained":null,"Asset":"HOSPITAL","Asset_Sub_Type":null,"Asset_Type":"Hospitals","Asset_Group":"Critical Community and Emergency Facilities","Asset_Relevancy":"Locally Significant","Asset_ID":"HOSP_PT_22","Municipality":"Melbourne","Water_Management_District":"St. Johns River Water Management District","Souce_Dataset_Entity":"FDEM","Souce_Dataset_Name":"Hospitals - FDEM","Source_Asset_ID":null,"Restricted_Public_Disclosure":null,"Notes":null,"Regional_Planning_Council":"East Central Florida","FDEP_Regulatory_District":"Central District","RCP_Region":"Northeast","FDOT_District":5,"House_District_Number":32,"Senate_District_Number":19,"CTF_RL_2020":"Not Affected","CTF_RL_2040_IL":"Not Affected","CTF_RL_2040_INT":"Not Affected","CTF_RL_2070_IL":"Not Affected","CTF_RL_2070_INT":"Not Affected","SSF_RL_100YR_CURR":"Not Affected","SSF_RL_100YR_2040_IL":"Not Affected","SSF_RL_100YR_2040_INT":"Not Affected","SSF_RL_100YR_2070_IL":"Not Affected","SSF_RL_100YR_2070_INT":"Not Affected","SSF_RL_500YR_CURR":"Not Affected","SSF_RL_500YR_2040_IL":"Not Affected","SSF_RL_500YR_2040_INT":"Not Affected","SSF_RL_500YR_2070_IL":"Not Affected","SSF_RL_500YR_2070_INT":"Not Affected","RIF_RL_100YR_2020":"Not Affected","RIF_RL_100YR_2040":"Not Affected","RIF_RL_100YR_2070":"Not Affected","RIF_RL_500YR_2020":"Not Affected","RIF_RL_500YR_2040":"Not Affected","RIF_RL_500YR_2070":"Not Affected"}},{"type":"Feature","id":23,"geometry":{"type":"Point","coordinates":[-80.6158326545888,28.0896833187351]},"properties":{"OBJECTID_1":23,"OBJECTID":23,"HAZUSID":" ","Name":"CIRCLES OF CARE HOSP","Address":"400 E SHERIDAN RD","City":"MELBOURNE","Zip":"32901","COUNTY":"Brevard","X":-80.61583265,"Y":28.08968332,"LONGLAT":"-80.61583265,28.08968332","USNG":"17R NM 37741 07196","OWNERSHIP":" ","PARCELID":" ","FACILITY_T":"HOSPITAL","TTL_BEDS":52,"EFCLASS":"EFHM","Asset_Elevation":null,"Owned_Maintained":null,"Asset":"HOSPITAL","Asset_Sub_Type":null,"Asset_Type":"Hospitals","Asset_Group":"Critical Community and Emergency Facilities","Asset_Relevancy":"Locally Significant","Asset_ID":"HOSP_PT_23","Municipality":"Melbourne","Water_Management_District":"St. Johns River Water Management District","Souce_Dataset_Entity":"FDEM","Souce_Dataset_Name":"Hospitals - FDEM","Source_Asset_ID":null,"Restricted_Public_Disclosure":null,"Notes":null,"Regional_Planning_Council":"East Central Florida","FDEP_Regulatory_District":"Central District","RCP_Region":"Northeast","FDOT_District":5,"House_District_Number":32,"Senate_District_Number":19,"CTF_RL_2020":"Not Affected","CTF_RL_2040_IL":"Not Affected","CTF_RL_2040_INT":"Not Affected","CTF_RL_2070_IL":"Not Affected","CTF_RL_2070_INT":"Not Affected","SSF_RL_100YR_CURR":"Not Affected","SSF_RL_100YR_2040_IL":"Not Affected","SSF_RL_100YR_2040_INT":"Not Affected","SSF_RL_100YR_2070_IL":"Not Affected","SSF_RL_100YR_2070_INT":"Not Affected","SSF_RL_500YR_CURR":"Not Affected","SSF_RL_500YR_2040_IL":"Not Affected","SSF_RL_500YR_2040_INT":"Not Affected","SSF_RL_500YR_2070_IL":"Not Affected","SSF_RL_500YR_2070_INT":"Not Affected","RIF_RL_100YR_2020":"Not Affected","RIF_RL_100YR_2040":"Not Affected","RIF_RL_100YR_2070":"Not Affected","RIF_RL_500YR_2020":"Not Affected","RIF_RL_500YR_2040":"Not Affected","RIF_RL_500YR_2070":"Not Affected"}},{"type":"Feature","id":24,"geometry":{"type":"Point","coordinates":[-80.7081975409175,28.2341790770325]},"properties":{"OBJECTID_1":24,"OBJECTID":24,"HAZUSID":" ","Name":"DEVEREUX FL","Address":"8000 DEVEREUX DR","City":"VIERA","Zip":"32940","COUNTY":"Brevard","X":-80.70819754,"Y":28.23417908,"LONGLAT":"-80.70819754,28.23417908","USNG":"17R NM 28628 23178","OWNERSHIP":" ","PARCELID":" ","FACILITY_T":"HOSPITAL","TTL_BEDS":100,"EFCLASS":"EFHM","Asset_Elevation":null,"Owned_Maintained":null,"Asset":"HOSPITAL","Asset_Sub_Type":null,"Asset_Type":"Hospitals","Asset_Group":"Critical Community and Emergency Facilities","Asset_Relevancy":"Locally Significant","Asset_ID":"HOSP_PT_24","Municipality":null,"Water_Management_District":"St. Johns River Water Management District","Souce_Dataset_Entity":"FDEM","Souce_Dataset_Name":"Hospitals - FDEM","Source_Asset_ID":null,"Restricted_Public_Disclosure":null,"Notes":null,"Regional_Planning_Council":"East Central Florida","FDEP_Regulatory_District":"Central District","RCP_Region":"Northeast","FDOT_District":5,"House_District_Number":32,"Senate_District_Number":19,"CTF_RL_2020":"Not Affected","CTF_RL_2040_IL":"Not Affected","CTF_RL_2040_INT":"Not Affected","CTF_RL_2070_IL":"Not Affected","CTF_RL_2070_INT":"Not Affected","SSF_RL_100YR_CURR":"Not Affected","SSF_RL_100YR_2040_IL":"Not Affected","SSF_RL_100YR_2040_INT":"Not Affected","SSF_RL_100YR_2070_IL":"Not Affected","SSF_RL_100YR_2070_INT":"Not Affected","SSF_RL_500YR_CURR":"Not Affected","SSF_RL_500YR_2040_IL":"Not Affected","SSF_RL_500YR_2040_INT":"Not Affected","SSF_RL_500YR_2070_IL":"Not Affected","SSF_RL_500YR_2070_INT":"Not Affected","RIF_RL_100YR_2020":"Not Affected","RIF_RL_100YR_2040":"Not Affected","RIF_RL_100YR_2070":"Not Affected","RIF_RL_500YR_2020":"Not Affected","RIF_RL_500YR_2040":"Not Affected","RIF_RL_500YR_2070":"Not Affected"}},{"type":"Feature","id":25,"geometry":{"type":"Point","coordinates":[-80.6748134073209,28.1093657554914]},"properties":{"OBJECTID_1":25,"OBJECTID":25,"HAZUSID":" ","Name":"WUESTHOFF MEDICAL CENTER - MELBOURNE","Address":"250 N WICKHAM RD","City":"MELBOURNE","Zip":"32935","COUNTY":"Brevard","X":-80.67481341,"Y":28.10936576,"LONGLAT":"-80.67481341,28.10936576","USNG":"17R NM 31940 09360","OWNERSHIP":" ","PARCELID":" ","FACILITY_T":"HOSPITAL - ACUTE CARE","TTL_BEDS":119,"EFCLASS":"EFHL","Asset_Elevation":null,"Owned_Maintained":null,"Asset":"HOSPITAL - ACUTE CARE","Asset_Sub_Type":null,"Asset_Type":"Hospitals","Asset_Group":"Critical Community and Emergency Facilities","Asset_Relevancy":"Locally Significant","Asset_ID":"HOSP_PT_25","Municipality":"Melbourne","Water_Management_District":"St. Johns River Water Management District","Souce_Dataset_Entity":"FDEM","Souce_Dataset_Name":"Hospitals - FDEM","Source_Asset_ID":null,"Restricted_Public_Disclosure":null,"Notes":null,"Regional_Planning_Council":"East Central Florida","FDEP_Regulatory_District":"Central District","RCP_Region":"Northeast","FDOT_District":5,"House_District_Number":32,"Senate_District_Number":19,"CTF_RL_2020":"Not Affected","CTF_RL_2040_IL":"Not Affected","CTF_RL_2040_INT":"Not Affected","CTF_RL_2070_IL":"Not Affected","CTF_RL_2070_INT":"Not Affected","SSF_RL_100YR_CURR":"Not Affected","SSF_RL_100YR_2040_IL":"Not Affected","SSF_RL_100YR_2040_INT":"Not Affected","SSF_RL_100YR_2070_IL":"Not Affected","SSF_RL_100YR_2070_INT":"Not Affected","SSF_RL_500YR_CURR":"Not Affected","SSF_RL_500YR_2040_IL":"Not Affected","SSF_RL_500YR_2040_INT":"Not Affected","SSF_RL_500YR_2070_IL":"Not Affected","SSF_RL_500YR_2070_INT":"Not Affected","RIF_RL_100YR_2020":"Not Affected","RIF_RL_100YR_2040":"Not Affected","RIF_RL_100YR_2070":"Not Affected","RIF_RL_500YR_2020":"Not Affected","RIF_RL_500YR_2040":"Not Affected","RIF_RL_500YR_2070":"Not Affected"}},{"type":"Feature","id":26,"geometry":{"type":"Point","coordinates":[-80.6143787157616,28.0882044964462]},"properties":{"OBJECTID_1":26,"OBJECTID":26,"HAZUSID":" ","Name":"HOLMES REGION MED CNTR","Address":"1350 S HICKORY ST","City":"MELBOURNE","Zip":"32901","COUNTY":"Brevard","X":-80.61437872,"Y":28.0882045,"LONGLAT":"-80.61437872,28.08820450","USNG":"17R NM 37884 07033","OWNERSHIP":" ","PARCELID":" ","FACILITY_T":"HOSPITAL - TRAUMA","TTL_BEDS":514,"EFCLASS":"EFHL","Asset_Elevation":null,"Owned_Maintained":null,"Asset":"HOSPITAL - TRAUMA","Asset_Sub_Type":null,"Asset_Type":"Hospitals","Asset_Group":"Critical Community and Emergency Facilities","Asset_Relevancy":"Locally Significant","Asset_ID":"HOSP_PT_26","Municipality":"Melbourne","Water_Management_District":"St. Johns River Water Management District","Souce_Dataset_Entity":"FDEM","Souce_Dataset_Name":"Hospitals - FDEM","Source_Asset_ID":null,"Restricted_Public_Disclosure":null,"Notes":null,"Regional_Planning_Council":"East Central Florida","FDEP_Regulatory_District":"Central District","RCP_Region":"Northeast","FDOT_District":5,"House_District_Number":32,"Senate_District_Number":19,"CTF_RL_2020":"Not Affected","CTF_RL_2040_IL":"Not Affected","CTF_RL_2040_INT":"Not Affected","CTF_RL_2070_IL":"Not Affected","CTF_RL_2070_INT":"Not Affected","SSF_RL_100YR_CURR":"Not Affected","SSF_RL_100YR_2040_IL":"Not Affected","SSF_RL_100YR_2040_INT":"Not Affected","SSF_RL_100YR_2070_IL":"Not Affected","SSF_RL_100YR_2070_INT":"Not Affected","SSF_RL_500YR_CURR":"Not Affected","SSF_RL_500YR_2040_IL":"Not Affected","SSF_RL_500YR_2040_INT":"Not Affected","SSF_RL_500YR_2070_IL":"Not Affected","SSF_RL_500YR_2070_INT":"Not Affected","RIF_RL_100YR_2020":"Not Affected","RIF_RL_100YR_2040":"Not Affected","RIF_RL_100YR_2070":"Not Affected","RIF_RL_500YR_2020":"Not Affected","RIF_RL_500YR_2040":"Not Affected","RIF_RL_500YR_2070":"Not Affected"}},{"type":"Feature","id":27,"geometry":{"type":"Point","coordinates":[-80.7429029855922,28.2549801663324]},"properties":{"OBJECTID_1":27,"OBJECTID":27,"HAZUSID":" ","Name":"VIERA OUTPATIENT CLIN","Address":"2900 VETERANS WAY","City":"VIERA","Zip":"32940","COUNTY":"Brevard","X":-80.74290299,"Y":28.25498017,"LONGLAT":"-80.74290299,28.25498017","USNG":"17R NM 25218 25475","OWNERSHIP":" ","PARCELID":" ","FACILITY_T":"HOSPITAL - VA","TTL_BEDS":0,"EFCLASS":"MDFLT","Asset_Elevation":null,"Owned_Maintained":null,"Asset":"HOSPITAL - VA","Asset_Sub_Type":null,"Asset_Type":"Hospitals","Asset_Group":"Critical Community and Emergency Facilities","Asset_Relevancy":"Locally Significant","Asset_ID":"HOSP_PT_27","Municipality":null,"Water_Management_District":"St. Johns River Water Management District","Souce_Dataset_Entity":"FDEM","Souce_Dataset_Name":"Hospitals - FDEM","Source_Asset_ID":null,"Restricted_Public_Disclosure":null,"Notes":null,"Regional_Planning_Council":"East Central Florida","FDEP_Regulatory_District":"Central District","RCP_Region":"Northeast","FDOT_District":5,"House_District_Number":32,"Senate_District_Number":19,"CTF_RL_2020":"Not Affected","CTF_RL_2040_IL":"Not Affected","CTF_RL_2040_INT":"Not Affected","CTF_RL_2070_IL":"Not Affected","CTF_RL_2070_INT":"Not Affected","SSF_RL_100YR_CURR":"Not Affected","SSF_RL_100YR_2040_IL":"Not Affected","SSF_RL_100YR_2040_INT":"Not Affected","SSF_RL_100YR_2070_IL":"Not Affected","SSF_RL_100YR_2070_INT":"Not Affected","SSF_RL_500YR_CURR":"Not Affected","SSF_RL_500YR_2040_IL":"Not Affected","SSF_RL_500YR_2040_INT":"Not Affected","SSF_RL_500YR_2070_IL":"Not Affected","SSF_RL_500YR_2070_INT":"Not Affected","RIF_RL_100YR_2020":"Not Affected","RIF_RL_100YR_2040":"Not Affected","RIF_RL_100YR_2070":"Not Affected","RIF_RL_500YR_2020":"Not Affected","RIF_RL_500YR_2040":"Not Affected","RIF_RL_500YR_2070":"Not Affected"}},{"type":"Feature","id":28,"geometry":{"type":"Point","coordinates":[-80.6051600003807,28.2166299998407]},"properties":{"OBJECTID_1":28,"OBJECTID":28,"HAZUSID":" ","Name":"45TH MED GROUP","Address":"1381 S PATRICK DR","City":"PATRICK AFB","Zip":"32925","COUNTY":"Brevard","X":-80.60516,"Y":28.21663,"LONGLAT":"-80.60516000,28.21663000","USNG":"17R NM 38743 21263","OWNERSHIP":" ","PARCELID":" ","FACILITY_T":"HOSPITAL - VA","TTL_BEDS":0,"EFCLASS":"MDFLT","Asset_Elevation":null,"Owned_Maintained":null,"Asset":"HOSPITAL - VA","Asset_Sub_Type":null,"Asset_Type":"Hospitals","Asset_Group":"Critical Community and Emergency Facilities","Asset_Relevancy":"Locally Significant","Asset_ID":"HOSP_PT_28","Municipality":null,"Water_Management_District":"St. Johns River Water Management District","Souce_Dataset_Entity":"FDEM","Souce_Dataset_Name":"Hospitals - FDEM","Source_Asset_ID":null,"Restricted_Public_Disclosure":null,"Notes":null,"Regional_Planning_Council":"East Central Florida","FDEP_Regulatory_District":"Central District","RCP_Region":"Northeast","FDOT_District":5,"House_District_Number":31,"Senate_District_Number":19,"CTF_RL_2020":"Not Affected","CTF_RL_2040_IL":"Not Affected","CTF_RL_2040_INT":"Not Affected","CTF_RL_2070_IL":"Not Affected","CTF_RL_2070_INT":"Not Affected","SSF_RL_100YR_CURR":"Not Affected","SSF_RL_100YR_2040_IL":"Not Affected","SSF_RL_100YR_2040_INT":"Not Affected","SSF_RL_100YR_2070_IL":"Not Affected","SSF_RL_100YR_2070_INT":"Not Affected","SSF_RL_500YR_CURR":"High","SSF_RL_500YR_2040_IL":"High","SSF_RL_500YR_2040_INT":"High","SSF_RL_500YR_2070_IL":"High","SSF_RL_500YR_2070_INT":"High","RIF_RL_100YR_2020":"Not Affected","RIF_RL_100YR_2040":"Not Affected","RIF_RL_100YR_2070":"Not Affected","RIF_RL_500YR_2020":"Not Affected","RIF_RL_500YR_2040":"Not Affected","RIF_RL_500YR_2070":"Not Affected"}},{"type":"Feature","id":29,"geometry":{"type":"Point","coordinates":[-80.1800075463414,26.0189163464875]},"properties":{"OBJECTID_1":29,"OBJECTID":29,"HAZUSID":" ","Name":"MEMORIAL REGIONAL HOSPITAL","Address":"3501 JOHNSON ST","City":"HOLLYWOOD","Zip":"33021","COUNTY":"Broward","X":-80.18000755,"Y":26.01891635,"LONGLAT":"-80.18000755,26.01891635","USNG":"17R NJ 82051 78036","OWNERSHIP":" ","PARCELID":" ","FACILITY_T":"HOSPITAL - TRAUMA","TTL_BEDS":777,"EFCLASS":"EFHL","Asset_Elevation":null,"Owned_Maintained":null,"Asset":"HOSPITAL - TRAUMA","Asset_Sub_Type":null,"Asset_Type":"Hospitals","Asset_Group":"Critical Community and Emergency Facilities","Asset_Relevancy":"Locally Significant","Asset_ID":"HOSP_PT_29","Municipality":"Hollywood","Water_Management_District":"South Florida Water Management District","Souce_Dataset_Entity":"FDEM","Souce_Dataset_Name":"Hospitals - FDEM","Source_Asset_ID":null,"Restricted_Public_Disclosure":null,"Notes":null,"Regional_Planning_Council":"South Florida","FDEP_Regulatory_District":"Southeast District","RCP_Region":"Southeast","FDOT_District":4,"House_District_Number":105,"Senate_District_Number":37,"CTF_RL_2020":"Not Affected","CTF_RL_2040_IL":"Not Affected","CTF_RL_2040_INT":"Not Affected","CTF_RL_2070_IL":"Not Affected","CTF_RL_2070_INT":"Not Affected","SSF_RL_100YR_CURR":"Not Affected","SSF_RL_100YR_2040_IL":"Not Affected","SSF_RL_100YR_2040_INT":"Not Affected","SSF_RL_100YR_2070_IL":"Not Affected","SSF_RL_100YR_2070_INT":"Not Affected","SSF_RL_500YR_CURR":"Not Affected","SSF_RL_500YR_2040_IL":"Not Affected","SSF_RL_500YR_2040_INT":"Not Affected","SSF_RL_500YR_2070_IL":"Not Affected","SSF_RL_500YR_2070_INT":"Not Affected","RIF_RL_100YR_2020":"Not Affected","RIF_RL_100YR_2040":"Not Affected","RIF_RL_100YR_2070":"Not Affected","RIF_RL_500YR_2020":"Not Affected","RIF_RL_500YR_2040":"Not Affected","RIF_RL_500YR_2070":"Not Affected"}},{"type":"Feature","id":30,"geometry":{"type":"Point","coordinates":[-80.1402248071662,26.1035562230397]},"properties":{"OBJECTID_1":30,"OBJECTID":30,"HAZUSID":" ","Name":"BROWARD HEALTH MED CENT","Address":"1600 S ANDREWS AVE","City":"FORT LAUDERDALE","Zip":"33316","COUNTY":"Broward","X":-80.14022481,"Y":26.10355622,"LONGLAT":"-80.14022481,26.10355622","USNG":"17R NJ 85970 87435","OWNERSHIP":" ","PARCELID":" ","FACILITY_T":"HOSPITAL - TRAUMA","TTL_BEDS":716,"EFCLASS":"EFHL","Asset_Elevation":null,"Owned_Maintained":null,"Asset":"HOSPITAL - TRAUMA","Asset_Sub_Type":null,"Asset_Type":"Hospitals","Asset_Group":"Critical Community and Emergency Facilities","Asset_Relevancy":"Locally Significant","Asset_ID":"HOSP_PT_30","Municipality":"Fort Lauderdale","Water_Management_District":"South Florida Water Management District","Souce_Dataset_Entity":"FDEM","Souce_Dataset_Name":"Hospitals - FDEM","Source_Asset_ID":null,"Restricted_Public_Disclosure":null,"Notes":null,"Regional_Planning_Council":"South Florida","FDEP_Regulatory_District":"Southeast District","RCP_Region":"Southeast","FDOT_District":4,"House_District_Number":100,"Senate_District_Number":37,"CTF_RL_2020":"Not Affected","CTF_RL_2040_IL":"Not Affected","CTF_RL_2040_INT":"Not Affected","CTF_RL_2070_IL":"Not Affected","CTF_RL_2070_INT":"Not Affected","SSF_RL_100YR_CURR":"Not Affected","SSF_RL_100YR_2040_IL":"Not Affected","SSF_RL_100YR_2040_INT":"Not Affected","SSF_RL_100YR_2070_IL":"Not Affected","SSF_RL_100YR_2070_INT":"Not Affected","SSF_RL_500YR_CURR":"Not Affected","SSF_RL_500YR_2040_IL":"Low","SSF_RL_500YR_2040_INT":"Low","SSF_RL_500YR_2070_IL":"Medium","SSF_RL_500YR_2070_INT":"Medium","RIF_RL_100YR_2020":"Not Affected","RIF_RL_100YR_2040":"Low","RIF_RL_100YR_2070":"Not Affected","RIF_RL_500YR_2020":"Medium","RIF_RL_500YR_2040":"Medium","RIF_RL_500YR_2070":"Medium"}},{"type":"Feature","id":31,"geometry":{"type":"Point","coordinates":[-80.1221175629419,26.2774961367342]},"properties":{"OBJECTID_1":31,"OBJECTID":31,"HAZUSID":" ","Name":"BROWARD HEALTH N","Address":"201 E SAMPLE RD","City":"POMPANO BEACH","Zip":"33064","COUNTY":"Broward","X":-80.12211756,"Y":26.27749614,"LONGLAT":"-80.12211756,26.27749614","USNG":"17R NK 87651 06712","OWNERSHIP":" ","PARCELID":" ","FACILITY_T":"HOSPITAL - TRAUMA","TTL_BEDS":409,"EFCLASS":"EFHL","Asset_Elevation":null,"Owned_Maintained":null,"Asset":"HOSPITAL - TRAUMA","Asset_Sub_Type":null,"Asset_Type":"Hospitals","Asset_Group":"Critical Community and Emergency Facilities","Asset_Relevancy":"Locally Significant","Asset_ID":"HOSP_PT_31","Municipality":"Deerfield Beach","Water_Management_District":"South Florida Water Management District","Souce_Dataset_Entity":"FDEM","Souce_Dataset_Name":"Hospitals - FDEM","Source_Asset_ID":null,"Restricted_Public_Disclosure":null,"Notes":null,"Regional_Planning_Council":"South Florida","FDEP_Regulatory_District":"Southeast District","RCP_Region":"Southeast","FDOT_District":4,"House_District_Number":98,"Senate_District_Number":30,"CTF_RL_2020":"Not Affected","CTF_RL_2040_IL":"Not Affected","CTF_RL_2040_INT":"Not Affected","CTF_RL_2070_IL":"Not Affected","CTF_RL_2070_INT":"Not Affected","SSF_RL_100YR_CURR":"Not Affected","SSF_RL_100YR_2040_IL":"Not Affected","SSF_RL_100YR_2040_INT":"Not Affected","SSF_RL_100YR_2070_IL":"Not Affected","SSF_RL_100YR_2070_INT":"Not Affected","SSF_RL_500YR_CURR":"Not Affected","SSF_RL_500YR_2040_IL":"Not Affected","SSF_RL_500YR_2040_INT":"Not Affected","SSF_RL_500YR_2070_IL":"Not Affected","SSF_RL_500YR_2070_INT":"Not Affected","RIF_RL_100YR_2020":"Not Affected","RIF_RL_100YR_2040":"Not Affected","RIF_RL_100YR_2070":"Not Affected","RIF_RL_500YR_2020":"Not Affected","RIF_RL_500YR_2040":"Not Affected","RIF_RL_500YR_2070":"Not Affected"}},{"type":"Feature","id":32,"geometry":{"type":"Point","coordinates":[-80.254935856333,26.2122337864527]},"properties":{"OBJECTID_1":32,"OBJECTID":32,"HAZUSID":" ","Name":"UNIVERSITY HOSPITAL AND MEDICAL CNTR","Address":"7201 N UNIVERSITY DR","City":"TAMARAC","Zip":"33321","COUNTY":"Broward","X":-80.25493586,"Y":26.21223379,"LONGLAT":"-80.25493586,26.21223379","USNG":"17R NJ 74431 99401","OWNERSHIP":" ","PARCELID":" ","FACILITY_T":"HOSPITAL - ACUTE CARE","TTL_BEDS":317,"EFCLASS":"EFHL","Asset_Elevation":null,"Owned_Maintained":null,"Asset":"HOSPITAL - ACUTE CARE","Asset_Sub_Type":null,"Asset_Type":"Hospitals","Asset_Group":"Critical Community and Emergency Facilities","Asset_Relevancy":"Locally Significant","Asset_ID":"HOSP_PT_32","Municipality":"Tamarac","Water_Management_District":"South Florida Water Management District","Souce_Dataset_Entity":"FDEM","Souce_Dataset_Name":"Hospitals - FDEM","Source_Asset_ID":null,"Restricted_Public_Disclosure":null,"Notes":null,"Regional_Planning_Council":"South Florida","FDEP_Regulatory_District":"Southeast District","RCP_Region":"Southeast","FDOT_District":4,"House_District_Number":96,"Senate_District_Number":32,"CTF_RL_2020":"Not Affected","CTF_RL_2040_IL":"Not Affected","CTF_RL_2040_INT":"Not Affected","CTF_RL_2070_IL":"Not Affected","CTF_RL_2070_INT":"Not Affected","SSF_RL_100YR_CURR":"Not Affected","SSF_RL_100YR_2040_IL":"Not Affected","SSF_RL_100YR_2040_INT":"Not Affected","SSF_RL_100YR_2070_IL":"Not Affected","SSF_RL_100YR_2070_INT":"Not Affected","SSF_RL_500YR_CURR":"Not Affected","SSF_RL_500YR_2040_IL":"Not Affected","SSF_RL_500YR_2040_INT":"Not Affected","SSF_RL_500YR_2070_IL":"Not Affected","SSF_RL_500YR_2070_INT":"Not Affected","RIF_RL_100YR_2020":"Not Affected","RIF_RL_100YR_2040":"Not Affected","RIF_RL_100YR_2070":"Not Affected","RIF_RL_500YR_2020":"Not Affected","RIF_RL_500YR_2040":"Not Affected","RIF_RL_500YR_2070":"Not Affected"}},{"type":"Feature","id":33,"geometry":{"type":"Point","coordinates":[-80.2557461501695,26.2692178032777]},"properties":{"OBJECTID_1":33,"OBJECTID":33,"HAZUSID":" ","Name":"BROWARD HEALTH CORAL SPRINGS","Address":"3000 CORAL HILLS DR","City":"CORAL SPRINGS","Zip":"33065","COUNTY":"Broward","X":-80.25574615,"Y":26.2692178,"LONGLAT":"-80.25574615,26.26921780","USNG":"17R NK 74313 05712","OWNERSHIP":" ","PARCELID":" ","FACILITY_T":"HOSPITAL - ACUTE CARE","TTL_BEDS":200,"EFCLASS":"EFHL","Asset_Elevation":null,"Owned_Maintained":null,"Asset":"HOSPITAL - ACUTE CARE","Asset_Sub_Type":null,"Asset_Type":"Hospitals","Asset_Group":"Critical Community and Emergency Facilities","Asset_Relevancy":"Locally Significant","Asset_ID":"HOSP_PT_33","Municipality":"Coral Springs","Water_Management_District":"South Florida Water Management District","Souce_Dataset_Entity":"FDEM","Souce_Dataset_Name":"Hospitals - FDEM","Source_Asset_ID":null,"Restricted_Public_Disclosure":null,"Notes":null,"Regional_Planning_Council":"South Florida","FDEP_Regulatory_District":"Southeast District","RCP_Region":"Southeast","FDOT_District":4,"House_District_Number":96,"Senate_District_Number":30,"CTF_RL_2020":"Not Affected","CTF_RL_2040_IL":"Not Affected","CTF_RL_2040_INT":"Not Affected","CTF_RL_2070_IL":"Not Affected","CTF_RL_2070_INT":"Not Affected","SSF_RL_100YR_CURR":"Not Affected","SSF_RL_100YR_2040_IL":"Not Affected","SSF_RL_100YR_2040_INT":"Not Affected","SSF_RL_100YR_2070_IL":"Not Affected","SSF_RL_100YR_2070_INT":"Not Affected","SSF_RL_500YR_CURR":"Not Affected","SSF_RL_500YR_2040_IL":"Not Affected","SSF_RL_500YR_2040_INT":"Not Affected","SSF_RL_500YR_2070_IL":"Not Affected","SSF_RL_500YR_2070_INT":"Not Affected","RIF_RL_100YR_2020":"Not Affected","RIF_RL_100YR_2040":"Not Affected","RIF_RL_100YR_2070":"Not Affected","RIF_RL_500YR_2020":"Not Affected","RIF_RL_500YR_2040":"Not Affected","RIF_RL_500YR_2070":"Not Affected"}},{"type":"Feature","id":34,"geometry":{"type":"Point","coordinates":[-80.2507053838446,26.0028291838324]},"properties":{"OBJECTID_1":34,"OBJECTID":34,"HAZUSID":" ","Name":"SOUTH FLORIDA STATE HOSPITAL","Address":"800 E CYPRESS DR","City":"PEMBROKE PINES","Zip":"33025","COUNTY":"Broward","X":-80.25070538,"Y":26.00282918,"LONGLAT":"-80.25070538,26.00282918","USNG":"17R NJ 74987 76212","OWNERSHIP":" ","PARCELID":" ","FACILITY_T":"HOSPITAL - ACUTE CARE","TTL_BEDS":350,"EFCLASS":"EFHL","Asset_Elevation":null,"Owned_Maintained":null,"Asset":"HOSPITAL - ACUTE CARE","Asset_Sub_Type":null,"Asset_Type":"Hospitals","Asset_Group":"Critical Community and Emergency Facilities","Asset_Relevancy":"Locally Significant","Asset_ID":"HOSP_PT_34","Municipality":"Pembroke Pines","Water_Management_District":"South Florida Water Management District","Souce_Dataset_Entity":"FDEM","Souce_Dataset_Name":"Hospitals - FDEM","Source_Asset_ID":null,"Restricted_Public_Disclosure":null,"Notes":null,"Regional_Planning_Council":"South Florida","FDEP_Regulatory_District":"Southeast District","RCP_Region":"Southeast","FDOT_District":4,"House_District_Number":104,"Senate_District_Number":35,"CTF_RL_2020":"Not Affected","CTF_RL_2040_IL":"Not Affected","CTF_RL_2040_INT":"Not Affected","CTF_RL_2070_IL":"Not Affected","CTF_RL_2070_INT":"Not Affected","SSF_RL_100YR_CURR":"Not Affected","SSF_RL_100YR_2040_IL":"Not Affected","SSF_RL_100YR_2040_INT":"Not Affected","SSF_RL_100YR_2070_IL":"Not Affected","SSF_RL_100YR_2070_INT":"Not Affected","SSF_RL_500YR_CURR":"Not Affected","SSF_RL_500YR_2040_IL":"Low","SSF_RL_500YR_2040_INT":"Low","SSF_RL_500YR_2070_IL":"Medium","SSF_RL_500YR_2070_INT":"Medium","RIF_RL_100YR_2020":"Low","RIF_RL_100YR_2040":"Medium","RIF_RL_100YR_2070":"Low","RIF_RL_500YR_2020":"Medium","RIF_RL_500YR_2040":"Medium","RIF_RL_500YR_2070":"Medium"}},{"type":"Feature","id":35,"geometry":{"type":"Point","coordinates":[-80.3653546988215,26.0822478041895]},"properties":{"OBJECTID_1":35,"OBJECTID":35,"HAZUSID":" ","Name":"CLEVELAND CLINIC HOSP","Address":"3100 WESTON RD","City":"WESTON","Zip":"33326","COUNTY":"Broward","X":-80.3653547,"Y":26.08224781,"LONGLAT":"-80.36535470,26.08224781","USNG":"17R NJ 63470 84946","OWNERSHIP":" ","PARCELID":" ","FACILITY_T":"HOSPITAL - ACUTE CARE","TTL_BEDS":155,"EFCLASS":"EFHL","Asset_Elevation":null,"Owned_Maintained":null,"Asset":"HOSPITAL - ACUTE CARE","Asset_Sub_Type":null,"Asset_Type":"Hospitals","Asset_Group":"Critical Community and Emergency Facilities","Asset_Relevancy":"Locally Significant","Asset_ID":"HOSP_PT_35","Municipality":"Weston","Water_Management_District":"South Florida Water Management District","Souce_Dataset_Entity":"FDEM","Souce_Dataset_Name":"Hospitals - FDEM","Source_Asset_ID":null,"Restricted_Public_Disclosure":null,"Notes":null,"Regional_Planning_Council":"South Florida","FDEP_Regulatory_District":"Southeast District","RCP_Region":"Southeast","FDOT_District":4,"House_District_Number":103,"Senate_District_Number":35,"CTF_RL_2020":"Not Affected","CTF_RL_2040_IL":"Not Affected","CTF_RL_2040_INT":"Not Affected","CTF_RL_2070_IL":"Not Affected","CTF_RL_2070_INT":"Not Affected","SSF_RL_100YR_CURR":"Not Affected","SSF_RL_100YR_2040_IL":"Not Affected","SSF_RL_100YR_2040_INT":"Not Affected","SSF_RL_100YR_2070_IL":"Not Affected","SSF_RL_100YR_2070_INT":"Not Affected","SSF_RL_500YR_CURR":"Not Affected","SSF_RL_500YR_2040_IL":"Not Affected","SSF_RL_500YR_2040_INT":"Not Affected","SSF_RL_500YR_2070_IL":"Not Affected","SSF_RL_500YR_2070_INT":"Not Affected","RIF_RL_100YR_2020":"Not Affected","RIF_RL_100YR_2040":"Not Affected","RIF_RL_100YR_2070":"Not Affected","RIF_RL_500YR_2020":"Not Affected","RIF_RL_500YR_2040":"Not Affected","RIF_RL_500YR_2070":"Not Affected"}},{"type":"Feature","id":36,"geometry":{"type":"Point","coordinates":[-80.1186094871519,26.186734590018]},"properties":{"OBJECTID_1":36,"OBJECTID":36,"HAZUSID":" ","Name":"HOLY CROSS HOSP INC","Address":"4725 N FEDERAL HWY","City":"FORT LAUDERDALE","Zip":"33308","COUNTY":"Broward","X":-80.11860949,"Y":26.18673459,"LONGLAT":"-80.11860949,26.18673459","USNG":"17R NJ 88069 96662","OWNERSHIP":" ","PARCELID":" ","FACILITY_T":"HOSPITAL - ACUTE CARE","TTL_BEDS":557,"EFCLASS":"EFHL","Asset_Elevation":null,"Owned_Maintained":null,"Asset":"HOSPITAL - ACUTE CARE","Asset_Sub_Type":null,"Asset_Type":"Hospitals","Asset_Group":"Critical Community and Emergency Facilities","Asset_Relevancy":"Locally Significant","Asset_ID":"HOSP_PT_36","Municipality":"Fort Lauderdale","Water_Management_District":"South Florida Water Management District","Souce_Dataset_Entity":"FDEM","Souce_Dataset_Name":"Hospitals - FDEM","Source_Asset_ID":null,"Restricted_Public_Disclosure":null,"Notes":null,"Regional_Planning_Council":"South Florida","FDEP_Regulatory_District":"Southeast District","RCP_Region":"Southeast","FDOT_District":4,"House_District_Number":100,"Senate_District_Number":37,"CTF_RL_2020":"Not Affected","CTF_RL_2040_IL":"Not Affected","CTF_RL_2040_INT":"Not Affected","CTF_RL_2070_IL":"Not Affected","CTF_RL_2070_INT":"Not Affected","SSF_RL_100YR_CURR":"Not Affected","SSF_RL_100YR_2040_IL":"Not Affected","SSF_RL_100YR_2040_INT":"Not Affected","SSF_RL_100YR_2070_IL":"Not Affected","SSF_RL_100YR_2070_INT":"Not Affected","SSF_RL_500YR_CURR":"Not Affected","SSF_RL_500YR_2040_IL":"Not Affected","SSF_RL_500YR_2040_INT":"Not Affected","SSF_RL_500YR_2070_IL":"Not Affected","SSF_RL_500YR_2070_INT":"Not Affected","RIF_RL_100YR_2020":"Not Affected","RIF_RL_100YR_2040":"Not Affected","RIF_RL_100YR_2070":"Not Affected","RIF_RL_500YR_2020":"Not Affected","RIF_RL_500YR_2040":"Not Affected","RIF_RL_500YR_2070":"Not Affected"}},{"type":"Feature","id":37,"geometry":{"type":"Point","coordinates":[-80.2022983876666,26.2630883715542]},"properties":{"OBJECTID_1":37,"OBJECTID":37,"HAZUSID":" ","Name":"NORTHWEST MEDICAL CNTR","Address":"2801 N STATE RD 7","City":"MARGATE","Zip":"33063","COUNTY":"Broward","X":-80.20229839,"Y":26.26308837,"LONGLAT":"-80.20229839,26.26308837","USNG":"17R NK 79655 05065","OWNERSHIP":" ","PARCELID":" ","FACILITY_T":"HOSPITAL - ACUTE CARE","TTL_BEDS":228,"EFCLASS":"EFHL","Asset_Elevation":null,"Owned_Maintained":null,"Asset":"HOSPITAL - ACUTE CARE","Asset_Sub_Type":null,"Asset_Type":"Hospitals","Asset_Group":"Critical Community and Emergency Facilities","Asset_Relevancy":"Locally Significant","Asset_ID":"HOSP_PT_37","Municipality":"Margate","Water_Management_District":"South Florida Water Management District","Souce_Dataset_Entity":"FDEM","Souce_Dataset_Name":"Hospitals - FDEM","Source_Asset_ID":null,"Restricted_Public_Disclosure":null,"Notes":null,"Regional_Planning_Council":"South Florida","FDEP_Regulatory_District":"Southeast District","RCP_Region":"Southeast","FDOT_District":4,"House_District_Number":95,"Senate_District_Number":30,"CTF_RL_2020":"Not Affected","CTF_RL_2040_IL":"Not Affected","CTF_RL_2040_INT":"Not Affected","CTF_RL_2070_IL":"Not Affected","CTF_RL_2070_INT":"Not Affected","SSF_RL_100YR_CURR":"Not Affected","SSF_RL_100YR_2040_IL":"Not Affected","SSF_RL_100YR_2040_INT":"Not Affected","SSF_RL_100YR_2070_IL":"Not Affected","SSF_RL_100YR_2070_INT":"Not Affected","SSF_RL_500YR_CURR":"Not Affected","SSF_RL_500YR_2040_IL":"Not Affected","SSF_RL_500YR_2040_INT":"Not Affected","SSF_RL_500YR_2070_IL":"Not Affected","SSF_RL_500YR_2070_INT":"Not Affected","RIF_RL_100YR_2020":"Not Affected","RIF_RL_100YR_2040":"Not Affected","RIF_RL_100YR_2070":"Not Affected","RIF_RL_500YR_2020":"Not Affected","RIF_RL_500YR_2040":"Not Affected","RIF_RL_500YR_2070":"Not Affected"}},{"type":"Feature","id":38,"geometry":{"type":"Point","coordinates":[-80.2185773647703,26.1630410623419]},"properties":{"OBJECTID_1":38,"OBJECTID":38,"HAZUSID":" ","Name":"NORTH SHORE MED CNTR/FMC CAMPUS","Address":"5000 W OAKLAND PARK BLVD","City":"LAUDERDALE LAKES","Zip":"33313","COUNTY":"Broward","X":-80.21857736,"Y":26.16304106,"LONGLAT":"-80.21857736,26.16304106","USNG":"17R NJ 78096 93974","OWNERSHIP":" ","PARCELID":" ","FACILITY_T":"HOSPITAL - ACUTE CARE","TTL_BEDS":459,"EFCLASS":"EFHL","Asset_Elevation":null,"Owned_Maintained":null,"Asset":"HOSPITAL - ACUTE CARE","Asset_Sub_Type":null,"Asset_Type":"Hospitals","Asset_Group":"Critical Community and Emergency Facilities","Asset_Relevancy":"Locally Significant","Asset_ID":"HOSP_PT_38","Municipality":"Lauderdale Lakes","Water_Management_District":"South Florida Water Management District","Souce_Dataset_Entity":"FDEM","Souce_Dataset_Name":"Hospitals - FDEM","Source_Asset_ID":null,"Restricted_Public_Disclosure":null,"Notes":null,"Regional_Planning_Council":"South Florida","FDEP_Regulatory_District":"Southeast District","RCP_Region":"Southeast","FDOT_District":4,"House_District_Number":97,"Senate_District_Number":32,"CTF_RL_2020":"Not Affected","CTF_RL_2040_IL":"Not Affected","CTF_RL_2040_INT":"Not Affected","CTF_RL_2070_IL":"Not Affected","CTF_RL_2070_INT":"Not Affected","SSF_RL_100YR_CURR":"Not Affected","SSF_RL_100YR_2040_IL":"Not Affected","SSF_RL_100YR_2040_INT":"Not Affected","SSF_RL_100YR_2070_IL":"Not Affected","SSF_RL_100YR_2070_INT":"Not Affected","SSF_RL_500YR_CURR":"Not Affected","SSF_RL_500YR_2040_IL":"Not Affected","SSF_RL_500YR_2040_INT":"Not Affected","SSF_RL_500YR_2070_IL":"Not Affected","SSF_RL_500YR_2070_INT":"Not Affected","RIF_RL_100YR_2020":"Not Affected","RIF_RL_100YR_2040":"Not Affected","RIF_RL_100YR_2070":"Not Affected","RIF_RL_500YR_2020":"Medium","RIF_RL_500YR_2040":"Medium","RIF_RL_500YR_2070":"Medium"}},{"type":"Feature","id":39,"geometry":{"type":"Point","coordinates":[-80.3727626701153,25.9916581063156]},"properties":{"OBJECTID_1":39,"OBJECTID":39,"HAZUSID":" ","Name":"MEMORIAL HOSPITAL MIRAMAR","Address":"1901 SW  172ND AVE","City":"MIRAMAR","Zip":"33029","COUNTY":"Broward","X":-80.37276267,"Y":25.99165811,"LONGLAT":"-80.37276267,25.99165811","USNG":"17R NJ 62777 74910","OWNERSHIP":" ","PARCELID":" ","FACILITY_T":"HOSPITAL - ACUTE CARE","TTL_BEDS":178,"EFCLASS":"EFHL","Asset_Elevation":null,"Owned_Maintained":null,"Asset":"HOSPITAL - ACUTE CARE","Asset_Sub_Type":null,"Asset_Type":"Hospitals","Asset_Group":"Critical Community and Emergency Facilities","Asset_Relevancy":"Locally Significant","Asset_ID":"HOSP_PT_39","Municipality":"Miramar","Water_Management_District":"South Florida Water Management District","Souce_Dataset_Entity":"FDEM","Souce_Dataset_Name":"Hospitals - FDEM","Source_Asset_ID":null,"Restricted_Public_Disclosure":null,"Notes":null,"Regional_Planning_Council":"South Florida","FDEP_Regulatory_District":"Southeast District","RCP_Region":"Southeast","FDOT_District":4,"House_District_Number":103,"Senate_District_Number":35,"CTF_RL_2020":"Not Affected","CTF_RL_2040_IL":"Not Affected","CTF_RL_2040_INT":"Not Affected","CTF_RL_2070_IL":"Not Affected","CTF_RL_2070_INT":"Not Affected","SSF_RL_100YR_CURR":"Not Affected","SSF_RL_100YR_2040_IL":"Not Affected","SSF_RL_100YR_2040_INT":"Not Affected","SSF_RL_100YR_2070_IL":"Not Affected","SSF_RL_100YR_2070_INT":"Not Affected","SSF_RL_500YR_CURR":"Not Affected","SSF_RL_500YR_2040_IL":"Not Affected","SSF_RL_500YR_2040_INT":"Not Affected","SSF_RL_500YR_2070_IL":"Not Affected","SSF_RL_500YR_2070_INT":"Not Affected","RIF_RL_100YR_2020":"Not Affected","RIF_RL_100YR_2040":"Not Affected","RIF_RL_100YR_2070":"Not Affected","RIF_RL_500YR_2020":"Not Affected","RIF_RL_500YR_2040":"Not Affected","RIF_RL_500YR_2070":"Not Affected"}},{"type":"Feature","id":40,"geometry":{"type":"Point","coordinates":[-80.3112885238373,26.013073418801]},"properties":{"OBJECTID_1":40,"OBJECTID":40,"HAZUSID":" ","Name":"MEMORIAL HOSPITAL WEST","Address":"703 N FLAMINGO RD","City":"PEMBROKE PINES","Zip":"33028","COUNTY":"Broward","X":-80.31128852,"Y":26.01307342,"LONGLAT":"-80.31128852,26.01307342","USNG":"17R NJ 68918 77313","OWNERSHIP":" ","PARCELID":" ","FACILITY_T":"HOSPITAL - ACUTE CARE","TTL_BEDS":384,"EFCLASS":"EFHL","Asset_Elevation":null,"Owned_Maintained":null,"Asset":"HOSPITAL - ACUTE CARE","Asset_Sub_Type":null,"Asset_Type":"Hospitals","Asset_Group":"Critical Community and Emergency Facilities","Asset_Relevancy":"Locally Significant","Asset_ID":"HOSP_PT_40","Municipality":"Pembroke Pines","Water_Management_District":"South Florida Water Management District","Souce_Dataset_Entity":"FDEM","Souce_Dataset_Name":"Hospitals - FDEM","Source_Asset_ID":null,"Restricted_Public_Disclosure":null,"Notes":null,"Regional_Planning_Council":"South Florida","FDEP_Regulatory_District":"Southeast District","RCP_Region":"Southeast","FDOT_District":4,"House_District_Number":104,"Senate_District_Number":35,"CTF_RL_2020":"Not Affected","CTF_RL_2040_IL":"Not Affected","CTF_RL_2040_INT":"Not Affected","CTF_RL_2070_IL":"Not Affected","CTF_RL_2070_INT":"Not Affected","SSF_RL_100YR_CURR":"Not Affected","SSF_RL_100YR_2040_IL":"Not Affected","SSF_RL_100YR_2040_INT":"Not Affected","SSF_RL_100YR_2070_IL":"Not Affected","SSF_RL_100YR_2070_INT":"Not Affected","SSF_RL_500YR_CURR":"Not Affected","SSF_RL_500YR_2040_IL":"Not Affected","SSF_RL_500YR_2040_INT":"Not Affected","SSF_RL_500YR_2070_IL":"Not Affected","SSF_RL_500YR_2070_INT":"Not Affected","RIF_RL_100YR_2020":"Not Affected","RIF_RL_100YR_2040":"Not Affected","RIF_RL_100YR_2070":"Not Affected","RIF_RL_500YR_2020":"Not Affected","RIF_RL_500YR_2040":"Not Affected","RIF_RL_500YR_2070":"Not Affected"}},{"type":"Feature","id":41,"geometry":{"type":"Point","coordinates":[-80.1113343210811,26.2068142251779]},"properties":{"OBJECTID_1":41,"OBJECTID":41,"HAZUSID":" ","Name":"BROWARD HEALTH IMPERIAL POINT","Address":"6401 N FEDERAL HWY","City":"FORT LAUDERDALE","Zip":"33308","COUNTY":"Broward","X":-80.11133432,"Y":26.20681423,"LONGLAT":"-80.11133432,26.20681423","USNG":"17R NJ 88781 98891","OWNERSHIP":" ","PARCELID":" ","FACILITY_T":"HOSPITAL - ACUTE CARE","TTL_BEDS":204,"EFCLASS":"EFHL","Asset_Elevation":null,"Owned_Maintained":null,"Asset":"HOSPITAL - ACUTE CARE","Asset_Sub_Type":null,"Asset_Type":"Hospitals","Asset_Group":"Critical Community and Emergency Facilities","Asset_Relevancy":"Locally Significant","Asset_ID":"HOSP_PT_41","Municipality":"Fort Lauderdale","Water_Management_District":"South Florida Water Management District","Souce_Dataset_Entity":"FDEM","Souce_Dataset_Name":"Hospitals - FDEM","Source_Asset_ID":null,"Restricted_Public_Disclosure":null,"Notes":null,"Regional_Planning_Council":"South Florida","FDEP_Regulatory_District":"Southeast District","RCP_Region":"Southeast","FDOT_District":4,"House_District_Number":100,"Senate_District_Number":37,"CTF_RL_2020":"Not Affected","CTF_RL_2040_IL":"Not Affected","CTF_RL_2040_INT":"Not Affected","CTF_RL_2070_IL":"Not Affected","CTF_RL_2070_INT":"Not Affected","SSF_RL_100YR_CURR":"Not Affected","SSF_RL_100YR_2040_IL":"Low","SSF_RL_100YR_2040_INT":"Low","SSF_RL_100YR_2070_IL":"Medium","SSF_RL_100YR_2070_INT":"Medium","SSF_RL_500YR_CURR":"High","SSF_RL_500YR_2040_IL":"High","SSF_RL_500YR_2040_INT":"High","SSF_RL_500YR_2070_IL":"High","SSF_RL_500YR_2070_INT":"High","RIF_RL_100YR_2020":"Medium","RIF_RL_100YR_2040":"Medium","RIF_RL_100YR_2070":"Medium","RIF_RL_500YR_2020":"Medium","RIF_RL_500YR_2040":"Medium","RIF_RL_500YR_2070":"Medium"}},{"type":"Feature","id":42,"geometry":{"type":"Point","coordinates":[-80.1185553103562,26.1844842551682]},"properties":{"OBJECTID_1":42,"OBJECTID":42,"HAZUSID":" ","Name":"ATLANTIC SHORES HOSP","Address":"4545 N FEDERAL HWY","City":"FORT LAUDERDALE","Zip":"33308","COUNTY":"Broward","X":-80.11855531,"Y":26.18448426,"LONGLAT":"-80.11855531,26.18448426","USNG":"17R NJ 88076 96413","OWNERSHIP":" ","PARCELID":" ","FACILITY_T":"HOSPITAL","TTL_BEDS":72,"EFCLASS":"EFHM","Asset_Elevation":null,"Owned_Maintained":null,"Asset":"HOSPITAL","Asset_Sub_Type":null,"Asset_Type":"Hospitals","Asset_Group":"Critical Community and Emergency Facilities","Asset_Relevancy":"Locally Significant","Asset_ID":"HOSP_PT_42","Municipality":"Fort Lauderdale","Water_Management_District":"South Florida Water Management District","Souce_Dataset_Entity":"FDEM","Souce_Dataset_Name":"Hospitals - FDEM","Source_Asset_ID":null,"Restricted_Public_Disclosure":null,"Notes":null,"Regional_Planning_Council":"South Florida","FDEP_Regulatory_District":"Southeast District","RCP_Region":"Southeast","FDOT_District":4,"House_District_Number":100,"Senate_District_Number":37,"CTF_RL_2020":"Not Affected","CTF_RL_2040_IL":"Not Affected","CTF_RL_2040_INT":"Not Affected","CTF_RL_2070_IL":"Not Affected","CTF_RL_2070_INT":"Not Affected","SSF_RL_100YR_CURR":"Not Affected","SSF_RL_100YR_2040_IL":"Not Affected","SSF_RL_100YR_2040_INT":"Not Affected","SSF_RL_100YR_2070_IL":"Not Affected","SSF_RL_100YR_2070_INT":"Not Affected","SSF_RL_500YR_CURR":"Not Affected","SSF_RL_500YR_2040_IL":"Not Affected","SSF_RL_500YR_2040_INT":"Not Affected","SSF_RL_500YR_2070_IL":"Not Affected","SSF_RL_500YR_2070_INT":"Not Affected","RIF_RL_100YR_2020":"Not Affected","RIF_RL_100YR_2040":"Not Affected","RIF_RL_100YR_2070":"Not Affected","RIF_RL_500YR_2020":"Not Affected","RIF_RL_500YR_2040":"Not Affected","RIF_RL_500YR_2070":"Not Affected"}},{"type":"Feature","id":43,"geometry":{"type":"Point","coordinates":[-80.1807970000314,26.0209059990692]},"properties":{"OBJECTID_1":43,"OBJECTID":43,"HAZUSID":" ","Name":"HOLLYWOOD PAVILION","Address":"1201 N 37TH AVE","City":"HOLLYWOOD","Zip":"33021","COUNTY":"Broward","X":-80.180797,"Y":26.020906,"LONGLAT":"-80.18079700,26.02090600","USNG":"17R NJ 81971 78256","OWNERSHIP":" ","PARCELID":" ","FACILITY_T":"HOSPITAL","TTL_BEDS":50,"EFCLASS":"EFHS","Asset_Elevation":null,"Owned_Maintained":null,"Asset":"HOSPITAL","Asset_Sub_Type":null,"Asset_Type":"Hospitals","Asset_Group":"Critical Community and Emergency Facilities","Asset_Relevancy":"Locally Significant","Asset_ID":"HOSP_PT_43","Municipality":"Hollywood","Water_Management_District":"South Florida Water Management District","Souce_Dataset_Entity":"FDEM","Souce_Dataset_Name":"Hospitals - FDEM","Source_Asset_ID":null,"Restricted_Public_Disclosure":null,"Notes":null,"Regional_Planning_Council":"South Florida","FDEP_Regulatory_District":"Southeast District","RCP_Region":"Southeast","FDOT_District":4,"House_District_Number":105,"Senate_District_Number":37,"CTF_RL_2020":"Not Affected","CTF_RL_2040_IL":"Not Affected","CTF_RL_2040_INT":"Not Affected","CTF_RL_2070_IL":"Not Affected","CTF_RL_2070_INT":"Not Affected","SSF_RL_100YR_CURR":"Not Affected","SSF_RL_100YR_2040_IL":"Not Affected","SSF_RL_100YR_2040_INT":"Not Affected","SSF_RL_100YR_2070_IL":"Not Affected","SSF_RL_100YR_2070_INT":"Not Affected","SSF_RL_500YR_CURR":"Not Affected","SSF_RL_500YR_2040_IL":"Not Affected","SSF_RL_500YR_2040_INT":"Not Affected","SSF_RL_500YR_2070_IL":"Not Affected","SSF_RL_500YR_2070_INT":"Not Affected","RIF_RL_100YR_2020":"Not Affected","RIF_RL_100YR_2040":"Not Affected","RIF_RL_100YR_2070":"Not Affected","RIF_RL_500YR_2020":"Not Affected","RIF_RL_500YR_2040":"Not Affected","RIF_RL_500YR_2070":"Not Affected"}},{"type":"Feature","id":44,"geometry":{"type":"Point","coordinates":[-80.1276680185584,26.1192095010416]},"properties":{"OBJECTID_1":44,"OBJECTID":44,"HAZUSID":" ","Name":"KINDRED HOSP/S FLORIDA/FT LAUD","Address":"1516 E LAS OLAS BLVD","City":"FORT LAUDERDALE","Zip":"33301","COUNTY":"Broward","X":-80.12766802,"Y":26.1192095,"LONGLAT":"-80.12766802,26.11920950","USNG":"17R NJ 87214 89177","OWNERSHIP":" ","PARCELID":" ","FACILITY_T":"HOSPITAL","TTL_BEDS":70,"EFCLASS":"EFHM","Asset_Elevation":null,"Owned_Maintained":null,"Asset":"HOSPITAL","Asset_Sub_Type":null,"Asset_Type":"Hospitals","Asset_Group":"Critical Community and Emergency Facilities","Asset_Relevancy":"Locally Significant","Asset_ID":"HOSP_PT_44","Municipality":"Fort Lauderdale","Water_Management_District":"South Florida Water Management District","Souce_Dataset_Entity":"FDEM","Souce_Dataset_Name":"Hospitals - FDEM","Source_Asset_ID":null,"Restricted_Public_Disclosure":null,"Notes":null,"Regional_Planning_Council":"South Florida","FDEP_Regulatory_District":"Southeast District","RCP_Region":"Southeast","FDOT_District":4,"House_District_Number":100,"Senate_District_Number":37,"CTF_RL_2020":"Not Affected","CTF_RL_2040_IL":"Not Affected","CTF_RL_2040_INT":"Not Affected","CTF_RL_2070_IL":"Not Affected","CTF_RL_2070_INT":"Not Affected","SSF_RL_100YR_CURR":"Not Affected","SSF_RL_100YR_2040_IL":"Not Affected","SSF_RL_100YR_2040_INT":"Not Affected","SSF_RL_100YR_2070_IL":"Not Affected","SSF_RL_100YR_2070_INT":"Not Affected","SSF_RL_500YR_CURR":"Not Affected","SSF_RL_500YR_2040_IL":"Not Affected","SSF_RL_500YR_2040_INT":"Not Affected","SSF_RL_500YR_2070_IL":"Not Affected","SSF_RL_500YR_2070_INT":"Not Affected","RIF_RL_100YR_2020":"Medium","RIF_RL_100YR_2040":"Medium","RIF_RL_100YR_2070":"Medium","RIF_RL_500YR_2020":"Medium","RIF_RL_500YR_2040":"Medium","RIF_RL_500YR_2070":"Medium"}},{"type":"Feature","id":45,"geometry":{"type":"Point","coordinates":[-80.2846998063561,26.1778297339575]},"properties":{"OBJECTID_1":45,"OBJECTID":45,"HAZUSID":" ","Name":"HEALTHSOUTH SUNRISE REHAB HOSP","Address":"4399 NOB HILL RD","City":"SUNRISE","Zip":"33351","COUNTY":"Broward","X":-80.28444503,"Y":26.17785514,"LONGLAT":"-80.28444503,26.17785514","USNG":"17R NJ 71504 95577","OWNERSHIP":" ","PARCELID":" ","FACILITY_T":"HOSPITAL","TTL_BEDS":126,"EFCLASS":"EFHL","Asset_Elevation":null,"Owned_Maintained":null,"Asset":"HOSPITAL","Asset_Sub_Type":null,"Asset_Type":"Hospitals","Asset_Group":"Critical Community and Emergency Facilities","Asset_Relevancy":"Locally Significant","Asset_ID":"HOSP_PT_45","Municipality":"Sunrise","Water_Management_District":"South Florida Water Management District","Souce_Dataset_Entity":"FDEM","Souce_Dataset_Name":"Hospitals - FDEM","Source_Asset_ID":null,"Restricted_Public_Disclosure":null,"Notes":null,"Regional_Planning_Council":"South Florida","FDEP_Regulatory_District":"Southeast District","RCP_Region":"Southeast","FDOT_District":4,"House_District_Number":96,"Senate_District_Number":32,"CTF_RL_2020":"Not Affected","CTF_RL_2040_IL":"Not Affected","CTF_RL_2040_INT":"Not Affected","CTF_RL_2070_IL":"Not Affected","CTF_RL_2070_INT":"Not Affected","SSF_RL_100YR_CURR":"Not Affected","SSF_RL_100YR_2040_IL":"Not Affected","SSF_RL_100YR_2040_INT":"Not Affected","SSF_RL_100YR_2070_IL":"Not Affected","SSF_RL_100YR_2070_INT":"Not Affected","SSF_RL_500YR_CURR":"Not Affected","SSF_RL_500YR_2040_IL":"Not Affected","SSF_RL_500YR_2040_INT":"Not Affected","SSF_RL_500YR_2070_IL":"Not Affected","SSF_RL_500YR_2070_INT":"Not Affected","RIF_RL_100YR_2020":"Not Affected","RIF_RL_100YR_2040":"Not Affected","RIF_RL_100YR_2070":"Low","RIF_RL_500YR_2020":"Medium","RIF_RL_500YR_2040":"Medium","RIF_RL_500YR_2070":"Medium"}},{"type":"Feature","id":46,"geometry":{"type":"Point","coordinates":[-80.1443429993676,26.0097866872483]},"properties":{"OBJECTID_1":46,"OBJECTID":46,"HAZUSID":" ","Name":"KINDRED HOSP/S FLORIDA/HOLLYWOOD","Address":"1859 VAN BUREN ST","City":"HOLLYWOOD","Zip":"33020","COUNTY":"Broward","X":-80.144343,"Y":26.00978669,"LONGLAT":"-80.14434300,26.00978669","USNG":"17R NJ 85627 77048","OWNERSHIP":" ","PARCELID":" ","FACILITY_T":"HOSPITAL","TTL_BEDS":119,"EFCLASS":"EFHL","Asset_Elevation":null,"Owned_Maintained":null,"Asset":"HOSPITAL","Asset_Sub_Type":null,"Asset_Type":"Hospitals","Asset_Group":"Critical Community and Emergency Facilities","Asset_Relevancy":"Locally Significant","Asset_ID":"HOSP_PT_46","Municipality":"Hollywood","Water_Management_District":"South Florida Water Management District","Souce_Dataset_Entity":"FDEM","Souce_Dataset_Name":"Hospitals - FDEM","Source_Asset_ID":null,"Restricted_Public_Disclosure":null,"Notes":null,"Regional_Planning_Council":"South Florida","FDEP_Regulatory_District":"Southeast District","RCP_Region":"Southeast","FDOT_District":4,"House_District_Number":101,"Senate_District_Number":37,"CTF_RL_2020":"Not Affected","CTF_RL_2040_IL":"Not Affected","CTF_RL_2040_INT":"Not Affected","CTF_RL_2070_IL":"Not Affected","CTF_RL_2070_INT":"Not Affected","SSF_RL_100YR_CURR":"Not Affected","SSF_RL_100YR_2040_IL":"Not Affected","SSF_RL_100YR_2040_INT":"Not Affected","SSF_RL_100YR_2070_IL":"Not Affected","SSF_RL_100YR_2070_INT":"Not Affected","SSF_RL_500YR_CURR":"Not Affected","SSF_RL_500YR_2040_IL":"Not Affected","SSF_RL_500YR_2040_INT":"Not Affected","SSF_RL_500YR_2070_IL":"Medium","SSF_RL_500YR_2070_INT":"Medium","RIF_RL_100YR_2020":"Not Affected","RIF_RL_100YR_2040":"Not Affected","RIF_RL_100YR_2070":"Not Affected","RIF_RL_500YR_2020":"Not Affected","RIF_RL_500YR_2040":"Low","RIF_RL_500YR_2070":"Low"}},{"type":"Feature","id":47,"geometry":{"type":"Point","coordinates":[-80.1934962016178,26.163704717821]},"properties":{"OBJECTID_1":47,"OBJECTID":47,"HAZUSID":" ","Name":"ST ANTHONY'S REHABILITATION HOSPITAL","Address":"3487 NW 30TH ST","City":"LAUDERDALE LAKES","Zip":"33311","COUNTY":"Broward","X":-80.1934962,"Y":26.16370472,"LONGLAT":"-80.19349620,26.16370472","USNG":"17R NJ 80602 94063","OWNERSHIP":" ","PARCELID":" ","FACILITY_T":"HOSPITAL","TTL_BEDS":26,"EFCLASS":"EFHS","Asset_Elevation":null,"Owned_Maintained":null,"Asset":"HOSPITAL","Asset_Sub_Type":null,"Asset_Type":"Hospitals","Asset_Group":"Critical Community and Emergency Facilities","Asset_Relevancy":"Locally Significant","Asset_ID":"HOSP_PT_47","Municipality":"Lauderdale Lakes","Water_Management_District":"South Florida Water Management District","Souce_Dataset_Entity":"FDEM","Souce_Dataset_Name":"Hospitals - FDEM","Source_Asset_ID":null,"Restricted_Public_Disclosure":null,"Notes":null,"Regional_Planning_Council":"South Florida","FDEP_Regulatory_District":"Southeast District","RCP_Region":"Southeast","FDOT_District":4,"House_District_Number":98,"Senate_District_Number":32,"CTF_RL_2020":"Not Affected","CTF_RL_2040_IL":"Not Affected","CTF_RL_2040_INT":"Not Affected","CTF_RL_2070_IL":"Not Affected","CTF_RL_2070_INT":"Not Affected","SSF_RL_100YR_CURR":"Not Affected","SSF_RL_100YR_2040_IL":"Not Affected","SSF_RL_100YR_2040_INT":"Not Affected","SSF_RL_100YR_2070_IL":"Not Affected","SSF_RL_100YR_2070_INT":"Not Affected","SSF_RL_500YR_CURR":"Not Affected","SSF_RL_500YR_2040_IL":"Not Affected","SSF_RL_500YR_2040_INT":"Not Affected","SSF_RL_500YR_2070_IL":"Not Affected","SSF_RL_500YR_2070_INT":"Not Affected","RIF_RL_100YR_2020":"Not Affected","RIF_RL_100YR_2040":"Not Affected","RIF_RL_100YR_2070":"Not Affected","RIF_RL_500YR_2020":"Not Affected","RIF_RL_500YR_2040":"Not Affected","RIF_RL_500YR_2070":"Not Affected"}},{"type":"Feature","id":48,"geometry":{"type":"Point","coordinates":[-80.126746536381,26.1196588777037]},"properties":{"OBJECTID_1":48,"OBJECTID":48,"HAZUSID":" ","Name":"FT LAUDERDALE HOSP","Address":"1601 E LAS OLAS BLVD","City":"FORT LAUDERDALE","Zip":"33301","COUNTY":"Broward","X":-80.12674654,"Y":26.11965888,"LONGLAT":"-80.12674654,26.11965888","USNG":"17R NJ 87306 89228","OWNERSHIP":" ","PARCELID":" ","FACILITY_T":"HOSPITAL","TTL_BEDS":100,"EFCLASS":"EFHM","Asset_Elevation":null,"Owned_Maintained":null,"Asset":"HOSPITAL","Asset_Sub_Type":null,"Asset_Type":"Hospitals","Asset_Group":"Critical Community and Emergency Facilities","Asset_Relevancy":"Locally Significant","Asset_ID":"HOSP_PT_48","Municipality":"Fort Lauderdale","Water_Management_District":"South Florida Water Management District","Souce_Dataset_Entity":"FDEM","Souce_Dataset_Name":"Hospitals - FDEM","Source_Asset_ID":null,"Restricted_Public_Disclosure":null,"Notes":null,"Regional_Planning_Council":"South Florida","FDEP_Regulatory_District":"Southeast District","RCP_Region":"Southeast","FDOT_District":4,"House_District_Number":100,"Senate_District_Number":37,"CTF_RL_2020":"Not Affected","CTF_RL_2040_IL":"Not Affected","CTF_RL_2040_INT":"Not Affected","CTF_RL_2070_IL":"Not Affected","CTF_RL_2070_INT":"Not Affected","SSF_RL_100YR_CURR":"Not Affected","SSF_RL_100YR_2040_IL":"Not Affected","SSF_RL_100YR_2040_INT":"Not Affected","SSF_RL_100YR_2070_IL":"Not Affected","SSF_RL_100YR_2070_INT":"Not Affected","SSF_RL_500YR_CURR":"Not Affected","SSF_RL_500YR_2040_IL":"Not Affected","SSF_RL_500YR_2040_INT":"Not Affected","SSF_RL_500YR_2070_IL":"Not Affected","SSF_RL_500YR_2070_INT":"Not Affected","RIF_RL_100YR_2020":"Not Affected","RIF_RL_100YR_2040":"Not Affected","RIF_RL_100YR_2070":"Not Affected","RIF_RL_500YR_2020":"Not Affected","RIF_RL_500YR_2040":"Not Affected","RIF_RL_500YR_2070":"Not Affected"}},{"type":"Feature","id":49,"geometry":{"type":"Point","coordinates":[-80.2464580283384,26.0296852222904]},"properties":{"OBJECTID_1":49,"OBJECTID":49,"HAZUSID":" ","Name":"MEMORIAL HOSPITAL PEMBROKE","Address":"7800 SHERIDAN ST","City":"PEMBROKE PINES","Zip":"33024","COUNTY":"Broward","X":-80.24645803,"Y":26.02968522,"LONGLAT":"-80.24645803,26.02968522","USNG":"17R NJ 75395 79188","OWNERSHIP":" ","PARCELID":" ","FACILITY_T":"HOSPITAL - ACUTE CARE","TTL_BEDS":301,"EFCLASS":"EFHL","Asset_Elevation":null,"Owned_Maintained":null,"Asset":"HOSPITAL - ACUTE CARE","Asset_Sub_Type":null,"Asset_Type":"Hospitals","Asset_Group":"Critical Community and Emergency Facilities","Asset_Relevancy":"Locally Significant","Asset_ID":"HOSP_PT_49","Municipality":"Pembroke Pines","Water_Management_District":"South Florida Water Management District","Souce_Dataset_Entity":"FDEM","Souce_Dataset_Name":"Hospitals - FDEM","Source_Asset_ID":null,"Restricted_Public_Disclosure":null,"Notes":null,"Regional_Planning_Council":"South Florida","FDEP_Regulatory_District":"Southeast District","RCP_Region":"Southeast","FDOT_District":4,"House_District_Number":105,"Senate_District_Number":35,"CTF_RL_2020":"Not Affected","CTF_RL_2040_IL":"Not Affected","CTF_RL_2040_INT":"Not Affected","CTF_RL_2070_IL":"Not Affected","CTF_RL_2070_INT":"Not Affected","SSF_RL_100YR_CURR":"Not Affected","SSF_RL_100YR_2040_IL":"Not Affected","SSF_RL_100YR_2040_INT":"Not Affected","SSF_RL_100YR_2070_IL":"Not Affected","SSF_RL_100YR_2070_INT":"Low","SSF_RL_500YR_CURR":"Low","SSF_RL_500YR_2040_IL":"Medium","SSF_RL_500YR_2040_INT":"Medium","SSF_RL_500YR_2070_IL":"Medium","SSF_RL_500YR_2070_INT":"High","RIF_RL_100YR_2020":"Low","RIF_RL_100YR_2040":"Low","RIF_RL_100YR_2070":"Low","RIF_RL_500YR_2020":"Medium","RIF_RL_500YR_2040":"Medium","RIF_RL_500YR_2070":"Medium"}},{"type":"Feature","id":50,"geometry":{"type":"Point","coordinates":[-80.2601762653836,26.1236148914744]},"properties":{"OBJECTID_1":50,"OBJECTID":50,"HAZUSID":" ","Name":"WESTSIDE REGIONAL MEDICAL CENTER","Address":"8201 W BROWARD BLVD","City":"PLANTATION","Zip":"33324","COUNTY":"Broward","X":-80.26017627,"Y":26.12361489,"LONGLAT":"-80.26017627,26.12361489","USNG":"17R NJ 73963 89583","OWNERSHIP":" ","PARCELID":" ","FACILITY_T":"HOSPITAL - ACUTE CARE","TTL_BEDS":224,"EFCLASS":"EFHL","Asset_Elevation":null,"Owned_Maintained":null,"Asset":"HOSPITAL - ACUTE CARE","Asset_Sub_Type":null,"Asset_Type":"Hospitals","Asset_Group":"Critical Community and Emergency Facilities","Asset_Relevancy":"Locally Significant","Asset_ID":"HOSP_PT_50","Municipality":"Plantation","Water_Management_District":"South Florida Water Management District","Souce_Dataset_Entity":"FDEM","Souce_Dataset_Name":"Hospitals - FDEM","Source_Asset_ID":null,"Restricted_Public_Disclosure":null,"Notes":null,"Regional_Planning_Council":"South Florida","FDEP_Regulatory_District":"Southeast District","RCP_Region":"Southeast","FDOT_District":4,"House_District_Number":102,"Senate_District_Number":32,"CTF_RL_2020":"Not Affected","CTF_RL_2040_IL":"Not Affected","CTF_RL_2040_INT":"Not Affected","CTF_RL_2070_IL":"Not Affected","CTF_RL_2070_INT":"Not Affected","SSF_RL_100YR_CURR":"Not Affected","SSF_RL_100YR_2040_IL":"Not Affected","SSF_RL_100YR_2040_INT":"Not Affected","SSF_RL_100YR_2070_IL":"Not Affected","SSF_RL_100YR_2070_INT":"Not Affected","SSF_RL_500YR_CURR":"Not Affected","SSF_RL_500YR_2040_IL":"Not Affected","SSF_RL_500YR_2040_INT":"Not Affected","SSF_RL_500YR_2070_IL":"Medium","SSF_RL_500YR_2070_INT":"Medium","RIF_RL_100YR_2020":"Medium","RIF_RL_100YR_2040":"Medium","RIF_RL_100YR_2070":"Medium","RIF_RL_500YR_2020":"Medium","RIF_RL_500YR_2040":"Medium","RIF_RL_500YR_2070":"Medium"}},{"type":"Feature","id":51,"geometry":{"type":"Point","coordinates":[-80.1799100990408,26.0024361237664]},"properties":{"OBJECTID_1":51,"OBJECTID":51,"HAZUSID":" ","Name":"MEMORIAL REGIONAL HOSPITAL SOUTH","Address":"3600 WASHINGTON ST","City":"HOLLYWOOD","Zip":"33021","COUNTY":"Broward","X":-80.1799101,"Y":26.00243612,"LONGLAT":"-80.17991010,26.00243612","USNG":"17R NJ 82072 76211","OWNERSHIP":" ","PARCELID":" ","FACILITY_T":"HOSPITAL - ACUTE CARE","TTL_BEDS":267,"EFCLASS":"EFHL","Asset_Elevation":null,"Owned_Maintained":null,"Asset":"HOSPITAL - ACUTE CARE","Asset_Sub_Type":null,"Asset_Type":"Hospitals","Asset_Group":"Critical Community and Emergency Facilities","Asset_Relevancy":"Locally Significant","Asset_ID":"HOSP_PT_51","Municipality":"Hollywood","Water_Management_District":"South Florida Water Management District","Souce_Dataset_Entity":"FDEM","Souce_Dataset_Name":"Hospitals - FDEM","Source_Asset_ID":null,"Restricted_Public_Disclosure":null,"Notes":null,"Regional_Planning_Council":"South Florida","FDEP_Regulatory_District":"Southeast District","RCP_Region":"Southeast","FDOT_District":4,"House_District_Number":105,"Senate_District_Number":37,"CTF_RL_2020":"Not Affected","CTF_RL_2040_IL":"Not Affected","CTF_RL_2040_INT":"Not Affected","CTF_RL_2070_IL":"Not Affected","CTF_RL_2070_INT":"Not Affected","SSF_RL_100YR_CURR":"Not Affected","SSF_RL_100YR_2040_IL":"Not Affected","SSF_RL_100YR_2040_INT":"Not Affected","SSF_RL_100YR_2070_IL":"Not Affected","SSF_RL_100YR_2070_INT":"Not Affected","SSF_RL_500YR_CURR":"Not Affected","SSF_RL_500YR_2040_IL":"Not Affected","SSF_RL_500YR_2040_INT":"Not Affected","SSF_RL_500YR_2070_IL":"Not Affected","SSF_RL_500YR_2070_INT":"Not Affected","RIF_RL_100YR_2020":"Not Affected","RIF_RL_100YR_2040":"Not Affected","RIF_RL_100YR_2070":"Not Affected","RIF_RL_500YR_2020":"Not Affected","RIF_RL_500YR_2040":"Not Affected","RIF_RL_500YR_2070":"Not Affected"}},{"type":"Feature","id":52,"geometry":{"type":"Point","coordinates":[-80.2057806566108,26.1259188968734]},"properties":{"OBJECTID_1":52,"OBJECTID":52,"HAZUSID":" ","Name":"PLANTATION GENERAL HOSPITAL","Address":"401 NW 42ND AVE","City":"PLANTATION","Zip":"33317","COUNTY":"Broward","X":-80.20578066,"Y":26.1259189,"LONGLAT":"-80.20578066,26.12591890","USNG":"17R NJ 79400 89871","OWNERSHIP":" ","PARCELID":" ","FACILITY_T":"HOSPITAL - ACUTE CARE","TTL_BEDS":364,"EFCLASS":"EFHL","Asset_Elevation":null,"Owned_Maintained":null,"Asset":"HOSPITAL - ACUTE CARE","Asset_Sub_Type":null,"Asset_Type":"Hospitals","Asset_Group":"Critical Community and Emergency Facilities","Asset_Relevancy":"Locally Significant","Asset_ID":"HOSP_PT_52","Municipality":"Plantation","Water_Management_District":"South Florida Water Management District","Souce_Dataset_Entity":"FDEM","Souce_Dataset_Name":"Hospitals - FDEM","Source_Asset_ID":null,"Restricted_Public_Disclosure":null,"Notes":null,"Regional_Planning_Council":"South Florida","FDEP_Regulatory_District":"Southeast District","RCP_Region":"Southeast","FDOT_District":4,"House_District_Number":99,"Senate_District_Number":32,"CTF_RL_2020":"Not Affected","CTF_RL_2040_IL":"Not Affected","CTF_RL_2040_INT":"Not Affected","CTF_RL_2070_IL":"Not Affected","CTF_RL_2070_INT":"Not Affected","SSF_RL_100YR_CURR":"Not Affected","SSF_RL_100YR_2040_IL":"Not Affected","SSF_RL_100YR_2040_INT":"Not Affected","SSF_RL_100YR_2070_IL":"Not Affected","SSF_RL_100YR_2070_INT":"Not Affected","SSF_RL_500YR_CURR":"Not Affected","SSF_RL_500YR_2040_IL":"Not Affected","SSF_RL_500YR_2040_INT":"Not Affected","SSF_RL_500YR_2070_IL":"Not Affected","SSF_RL_500YR_2070_INT":"Not Affected","RIF_RL_100YR_2020":"Not Affected","RIF_RL_100YR_2040":"Not Affected","RIF_RL_100YR_2070":"Not Affected","RIF_RL_500YR_2020":"Not Affected","RIF_RL_500YR_2040":"Not Affected","RIF_RL_500YR_2070":"Not Affected"}},{"type":"Feature","id":53,"geometry":{"type":"Point","coordinates":[-85.050091105452,30.458439034306]},"properties":{"OBJECTID_1":53,"OBJECTID":53,"HAZUSID":" ","Name":"CALHOUN-LIBERTY HOSP","Address":"20370 NE BURNS AVE","City":"BLOUNTSTOWN","Zip":"32424","COUNTY":"Calhoun","X":-85.05009111,"Y":30.45843904,"LONGLAT":"-85.05009111,30.45843904","USNG":"16R FU 87211 71201","OWNERSHIP":" ","PARCELID":" ","FACILITY_T":"HOSPITAL - ACUTE CARE","TTL_BEDS":25,"EFCLASS":"EFHS","Asset_Elevation":null,"Owned_Maintained":null,"Asset":"HOSPITAL - ACUTE CARE","Asset_Sub_Type":null,"Asset_Type":"Hospitals","Asset_Group":"Critical Community and Emergency Facilities","Asset_Relevancy":"Locally Significant","Asset_ID":"HOSP_PT_53","Municipality":"Blountstown","Water_Management_District":"Northwest Florida Water Management District","Souce_Dataset_Entity":"FDEM","Souce_Dataset_Name":"Hospitals - FDEM","Source_Asset_ID":null,"Restricted_Public_Disclosure":null,"Notes":null,"Regional_Planning_Council":"Apalachee","FDEP_Regulatory_District":"Northwest District","RCP_Region":"Northwest","FDOT_District":3,"House_District_Number":5,"Senate_District_Number":2,"CTF_RL_2020":"Not Affected","CTF_RL_2040_IL":"Not Affected","CTF_RL_2040_INT":"Not Affected","CTF_RL_2070_IL":"Not Affected","CTF_RL_2070_INT":"Not Affected","SSF_RL_100YR_CURR":"Not Affected","SSF_RL_100YR_2040_IL":"Not Affected","SSF_RL_100YR_2040_INT":"Not Affected","SSF_RL_100YR_2070_IL":"Not Affected","SSF_RL_100YR_2070_INT":"Not Affected","SSF_RL_500YR_CURR":"Not Affected","SSF_RL_500YR_2040_IL":"Not Affected","SSF_RL_500YR_2040_INT":"Not Affected","SSF_RL_500YR_2070_IL":"Not Affected","SSF_RL_500YR_2070_INT":"Not Affected","RIF_RL_100YR_2020":"Not Affected","RIF_RL_100YR_2040":"Not Affected","RIF_RL_100YR_2070":"Not Affected","RIF_RL_500YR_2020":"Not Affected","RIF_RL_500YR_2040":"Not Affected","RIF_RL_500YR_2070":"Not Affected"}},{"type":"Feature","id":54,"geometry":{"type":"Point","coordinates":[-82.0983150879079,26.9884006857012]},"properties":{"OBJECTID_1":54,"OBJECTID":54,"HAZUSID":" ","Name":"FAWCETT MEMORIAL HOSPITAL","Address":"21298 OLEAN BLVD","City":"PORT CHARLOTTE","Zip":"33952","COUNTY":"Charlotte","X":-82.09831509,"Y":26.98840069,"LONGLAT":"-82.09831509,26.98840069","USNG":"17R LK 91015 85624","OWNERSHIP":" ","PARCELID":" ","FACILITY_T":"HOSPITAL - ACUTE CARE","TTL_BEDS":237,"EFCLASS":"EFHL","Asset_Elevation":null,"Owned_Maintained":null,"Asset":"HOSPITAL - ACUTE CARE","Asset_Sub_Type":null,"Asset_Type":"Hospitals","Asset_Group":"Critical Community and Emergency Facilities","Asset_Relevancy":"Locally Significant","Asset_ID":"HOSP_PT_54","Municipality":null,"Water_Management_District":"Southwest Florida Water Management District","Souce_Dataset_Entity":"FDEM","Souce_Dataset_Name":"Hospitals - FDEM","Source_Asset_ID":null,"Restricted_Public_Disclosure":null,"Notes":null,"Regional_Planning_Council":"Southwest Florida","FDEP_Regulatory_District":"South District","RCP_Region":"Southwest","FDOT_District":1,"House_District_Number":75,"Senate_District_Number":27,"CTF_RL_2020":"Not Affected","CTF_RL_2040_IL":"Not Affected","CTF_RL_2040_INT":"Not Affected","CTF_RL_2070_IL":"Not Affected","CTF_RL_2070_INT":"Not Affected","SSF_RL_100YR_CURR":"Not Affected","SSF_RL_100YR_2040_IL":"Not Affected","SSF_RL_100YR_2040_INT":"Not Affected","SSF_RL_100YR_2070_IL":"Not Affected","SSF_RL_100YR_2070_INT":"Not Affected","SSF_RL_500YR_CURR":"Medium","SSF_RL_500YR_2040_IL":"High","SSF_RL_500YR_2040_INT":"High","SSF_RL_500YR_2070_IL":"High","SSF_RL_500YR_2070_INT":"High","RIF_RL_100YR_2020":"Not Affected","RIF_RL_100YR_2040":"Not Affected","RIF_RL_100YR_2070":"Not Affected","RIF_RL_500YR_2020":"Not Affected","RIF_RL_500YR_2040":"Not Affected","RIF_RL_500YR_2070":"Not Affected"}},{"type":"Feature","id":55,"geometry":{"type":"Point","coordinates":[-82.0398576626199,26.9408302596946]},"properties":{"OBJECTID_1":55,"OBJECTID":55,"HAZUSID":" ","Name":"CHARLOTTE REGIONAL MEDICAL CENTER","Address":"809 E MARION AVE","City":"PUNTA GORDA","Zip":"33950","COUNTY":"Charlotte","X":-82.03985766,"Y":26.94083026,"LONGLAT":"-82.03985766,26.94083026","USNG":"17R LK 96773 80306","OWNERSHIP":" ","PARCELID":" ","FACILITY_T":"HOSPITAL - ACUTE CARE","TTL_BEDS":208,"EFCLASS":"EFHL","Asset_Elevation":null,"Owned_Maintained":null,"Asset":"HOSPITAL - ACUTE CARE","Asset_Sub_Type":null,"Asset_Type":"Hospitals","Asset_Group":"Critical Community and Emergency Facilities","Asset_Relevancy":"Locally Significant","Asset_ID":"HOSP_PT_55","Municipality":"Punta Gorda","Water_Management_District":"Southwest Florida Water Management District","Souce_Dataset_Entity":"FDEM","Souce_Dataset_Name":"Hospitals - FDEM","Source_Asset_ID":null,"Restricted_Public_Disclosure":null,"Notes":null,"Regional_Planning_Council":"Southwest Florida","FDEP_Regulatory_District":"South District","RCP_Region":"Southwest","FDOT_District":1,"House_District_Number":76,"Senate_District_Number":27,"CTF_RL_2020":"Not Affected","CTF_RL_2040_IL":"Not Affected","CTF_RL_2040_INT":"Not Affected","CTF_RL_2070_IL":"Not Affected","CTF_RL_2070_INT":"Not Affected","SSF_RL_100YR_CURR":"High","SSF_RL_100YR_2040_IL":"High","SSF_RL_100YR_2040_INT":"High","SSF_RL_100YR_2070_IL":"High","SSF_RL_100YR_2070_INT":"High","SSF_RL_500YR_CURR":"High","SSF_RL_500YR_2040_IL":"High","SSF_RL_500YR_2040_INT":"High","SSF_RL_500YR_2070_IL":"High","SSF_RL_500YR_2070_INT":"High","RIF_RL_100YR_2020":"Not Affected","RIF_RL_100YR_2040":"Not Affected","RIF_RL_100YR_2070":"Not Affected","RIF_RL_500YR_2020":"Not Affected","RIF_RL_500YR_2040":"Not Affected","RIF_RL_500YR_2070":"Not Affected"}},{"type":"Feature","id":56,"geometry":{"type":"Point","coordinates":[-82.0957521671706,26.9889438340744]},"properties":{"OBJECTID_1":56,"OBJECTID":56,"HAZUSID":" ","Name":"PEACE RIVER REGIONAL MEDICAL CNTR","Address":"2500 HARBOR BLVD","City":"PORT CHARLOTTE","Zip":"33952","COUNTY":"Charlotte","X":-82.09575217,"Y":26.98894384,"LONGLAT":"-82.09575217,26.98894384","USNG":"17R LK 91270 85682","OWNERSHIP":" ","PARCELID":" ","FACILITY_T":"HOSPITAL - ACUTE CARE","TTL_BEDS":254,"EFCLASS":"EFHL","Asset_Elevation":null,"Owned_Maintained":null,"Asset":"HOSPITAL - ACUTE CARE","Asset_Sub_Type":null,"Asset_Type":"Hospitals","Asset_Group":"Critical Community and Emergency Facilities","Asset_Relevancy":"Locally Significant","Asset_ID":"HOSP_PT_56","Municipality":null,"Water_Management_District":"Southwest Florida Water Management District","Souce_Dataset_Entity":"FDEM","Souce_Dataset_Name":"Hospitals - FDEM","Source_Asset_ID":null,"Restricted_Public_Disclosure":null,"Notes":null,"Regional_Planning_Council":"Southwest Florida","FDEP_Regulatory_District":"South District","RCP_Region":"Southwest","FDOT_District":1,"House_District_Number":75,"Senate_District_Number":27,"CTF_RL_2020":"Not Affected","CTF_RL_2040_IL":"Not Affected","CTF_RL_2040_INT":"Not Affected","CTF_RL_2070_IL":"Not Affected","CTF_RL_2070_INT":"Not Affected","SSF_RL_100YR_CURR":"Not Affected","SSF_RL_100YR_2040_IL":"Not Affected","SSF_RL_100YR_2040_INT":"Not Affected","SSF_RL_100YR_2070_IL":"Not Affected","SSF_RL_100YR_2070_INT":"Not Affected","SSF_RL_500YR_CURR":"Not Affected","SSF_RL_500YR_2040_IL":"Not Affected","SSF_RL_500YR_2040_INT":"Low","SSF_RL_500YR_2070_IL":"Medium","SSF_RL_500YR_2070_INT":"Medium","RIF_RL_100YR_2020":"Not Affected","RIF_RL_100YR_2040":"Not Affected","RIF_RL_100YR_2070":"Not Affected","RIF_RL_500YR_2020":"Not Affected","RIF_RL_500YR_2040":"Not Affected","RIF_RL_500YR_2070":"Not Affected"}},{"type":"Feature","id":57,"geometry":{"type":"Point","coordinates":[-82.3354416492742,28.8335619938148]},"properties":{"OBJECTID_1":57,"OBJECTID":57,"HAZUSID":" ","Name":"CITRUS MEMORIAL HOSP","Address":"502 HIGHLAND BLVD","City":"INVERNESS","Zip":"34452","COUNTY":"Citrus","X":-82.33544165,"Y":28.83356199,"LONGLAT":"-82.33544165,28.83356199","USNG":"17R LM 69713 90278","OWNERSHIP":" ","PARCELID":" ","FACILITY_T":"HOSPITAL - ACUTE CARE","TTL_BEDS":204,"EFCLASS":"EFHL","Asset_Elevation":null,"Owned_Maintained":null,"Asset":"HOSPITAL - ACUTE CARE","Asset_Sub_Type":null,"Asset_Type":"Hospitals","Asset_Group":"Critical Community and Emergency Facilities","Asset_Relevancy":"Locally Significant","Asset_ID":"HOSP_PT_57","Municipality":"Inverness","Water_Management_District":"Southwest Florida Water Management District","Souce_Dataset_Entity":"FDEM","Souce_Dataset_Name":"Hospitals - FDEM","Source_Asset_ID":null,"Restricted_Public_Disclosure":null,"Notes":null,"Regional_Planning_Council":"Tampa Bay","FDEP_Regulatory_District":"Southwest District","RCP_Region":"Northwest","FDOT_District":7,"House_District_Number":23,"Senate_District_Number":11,"CTF_RL_2020":"Not Affected","CTF_RL_2040_IL":"Not Affected","CTF_RL_2040_INT":"Not Affected","CTF_RL_2070_IL":"Not Affected","CTF_RL_2070_INT":"Not Affected","SSF_RL_100YR_CURR":"Not Affected","SSF_RL_100YR_2040_IL":"Not Affected","SSF_RL_100YR_2040_INT":"Not Affected","SSF_RL_100YR_2070_IL":"Not Affected","SSF_RL_100YR_2070_INT":"Not Affected","SSF_RL_500YR_CURR":"Not Affected","SSF_RL_500YR_2040_IL":"Not Affected","SSF_RL_500YR_2040_INT":"Not Affected","SSF_RL_500YR_2070_IL":"Not Affected","SSF_RL_500YR_2070_INT":"Not Affected","RIF_RL_100YR_2020":"Not Affected","RIF_RL_100YR_2040":"Not Affected","RIF_RL_100YR_2070":"Not Affected","RIF_RL_500YR_2020":"Not Affected","RIF_RL_500YR_2040":"Not Affected","RIF_RL_500YR_2070":"Not Affected"}},{"type":"Feature","id":58,"geometry":{"type":"Point","coordinates":[-82.6249511754434,28.9519988650089]},"properties":{"OBJECTID_1":58,"OBJECTID":58,"HAZUSID":" ","Name":"SEVEN RIVERS REGIONAL MEDICAL CNTR","Address":"6201 N SUNCOAST BLVD","City":"CRYSTAL RIVER","Zip":"34428","COUNTY":"Citrus","X":-82.62495118,"Y":28.95199887,"LONGLAT":"-82.62495118,28.95199887","USNG":"17R LN 41645 03754","OWNERSHIP":" ","PARCELID":" ","FACILITY_T":"HOSPITAL - ACUTE CARE","TTL_BEDS":128,"EFCLASS":"EFHL","Asset_Elevation":null,"Owned_Maintained":null,"Asset":"HOSPITAL - ACUTE CARE","Asset_Sub_Type":null,"Asset_Type":"Hospitals","Asset_Group":"Critical Community and Emergency Facilities","Asset_Relevancy":"Locally Significant","Asset_ID":"HOSP_PT_58","Municipality":null,"Water_Management_District":"Southwest Florida Water Management District","Souce_Dataset_Entity":"FDEM","Souce_Dataset_Name":"Hospitals - FDEM","Source_Asset_ID":null,"Restricted_Public_Disclosure":null,"Notes":null,"Regional_Planning_Council":"Tampa Bay","FDEP_Regulatory_District":"Southwest District","RCP_Region":"Northwest","FDOT_District":7,"House_District_Number":23,"Senate_District_Number":11,"CTF_RL_2020":"Not Affected","CTF_RL_2040_IL":"Not Affected","CTF_RL_2040_INT":"Not Affected","CTF_RL_2070_IL":"Not Affected","CTF_RL_2070_INT":"Not Affected","SSF_RL_100YR_CURR":"Not Affected","SSF_RL_100YR_2040_IL":"Not Affected","SSF_RL_100YR_2040_INT":"Not Affected","SSF_RL_100YR_2070_IL":"Not Affected","SSF_RL_100YR_2070_INT":"Not Affected","SSF_RL_500YR_CURR":"Medium","SSF_RL_500YR_2040_IL":"Medium","SSF_RL_500YR_2040_INT":"Medium","SSF_RL_500YR_2070_IL":"High","SSF_RL_500YR_2070_INT":"High","RIF_RL_100YR_2020":"Not Affected","RIF_RL_100YR_2040":"Not Affected","RIF_RL_100YR_2070":"Not Affected","RIF_RL_500YR_2020":"Not Affected","RIF_RL_500YR_2040":"Not Affected","RIF_RL_500YR_2070":"Not Affected"}},{"type":"Feature","id":59,"geometry":{"type":"Point","coordinates":[-81.7375197297871,30.1661598625064]},"properties":{"OBJECTID_1":59,"OBJECTID":59,"HAZUSID":" ","Name":"ORANGE PARK MEDICAL CNTR","Address":"2001 KINGSLEY AVE","City":"ORANGE PARK","Zip":"32073","COUNTY":"Clay","X":-81.73751973,"Y":30.16615986,"LONGLAT":"-81.73751973,30.16615986","USNG":"17R MP 28985 37427","OWNERSHIP":" ","PARCELID":" ","FACILITY_T":"HOSPITAL - ACUTE CARE","TTL_BEDS":297,"EFCLASS":"EFHL","Asset_Elevation":null,"Owned_Maintained":null,"Asset":"HOSPITAL - ACUTE CARE","Asset_Sub_Type":null,"Asset_Type":"Hospitals","Asset_Group":"Critical Community and Emergency Facilities","Asset_Relevancy":"Locally Significant","Asset_ID":"HOSP_PT_59","Municipality":null,"Water_Management_District":"St. Johns River Water Management District","Souce_Dataset_Entity":"FDEM","Souce_Dataset_Name":"Hospitals - FDEM","Source_Asset_ID":null,"Restricted_Public_Disclosure":null,"Notes":null,"Regional_Planning_Council":"Northeast Florida","FDEP_Regulatory_District":"Northeast District","RCP_Region":"Northeast","FDOT_District":2,"House_District_Number":11,"Senate_District_Number":6,"CTF_RL_2020":"Not Affected","CTF_RL_2040_IL":"Not Affected","CTF_RL_2040_INT":"Not Affected","CTF_RL_2070_IL":"Not Affected","CTF_RL_2070_INT":"Not Affected","SSF_RL_100YR_CURR":"Not Affected","SSF_RL_100YR_2040_IL":"Not Affected","SSF_RL_100YR_2040_INT":"Not Affected","SSF_RL_100YR_2070_IL":"Not Affected","SSF_RL_100YR_2070_INT":"Not Affected","SSF_RL_500YR_CURR":"Not Affected","SSF_RL_500YR_2040_IL":"Not Affected","SSF_RL_500YR_2040_INT":"Not Affected","SSF_RL_500YR_2070_IL":"Not Affected","SSF_RL_500YR_2070_INT":"Not Affected","RIF_RL_100YR_2020":"Not Affected","RIF_RL_100YR_2040":"Not Affected","RIF_RL_100YR_2070":"Not Affected","RIF_RL_500YR_2020":"Not Affected","RIF_RL_500YR_2040":"Not Affected","RIF_RL_500YR_2070":"Not Affected"}},{"type":"Feature","id":60,"geometry":{"type":"Point","coordinates":[-81.8329812235376,30.1088549866632]},"properties":{"OBJECTID_1":60,"OBJECTID":60,"HAZUSID":" ","Name":"ST VINCENTS MEDICAL CNTR CLAY COUNTY","Address":"1670 ST VINCENTS WAY","City":"MIDDLEBURG","Zip":"32068","COUNTY":"Clay","X":-81.83298122,"Y":30.10885499,"LONGLAT":"-81.83298122,30.10885499","USNG":"17R MP 19747 31140","OWNERSHIP":" ","PARCELID":" ","FACILITY_T":"HOSPITAL - ACUTE CARE","TTL_BEDS":0,"EFCLASS":"MDFLT","Asset_Elevation":null,"Owned_Maintained":null,"Asset":"HOSPITAL - ACUTE CARE","Asset_Sub_Type":null,"Asset_Type":"Hospitals","Asset_Group":"Critical Community and Emergency Facilities","Asset_Relevancy":"Locally Significant","Asset_ID":"HOSP_PT_60","Municipality":null,"Water_Management_District":"St. Johns River Water Management District","Souce_Dataset_Entity":"FDEM","Souce_Dataset_Name":"Hospitals - FDEM","Source_Asset_ID":null,"Restricted_Public_Disclosure":null,"Notes":null,"Regional_Planning_Council":"Northeast Florida","FDEP_Regulatory_District":"Northeast District","RCP_Region":"Northeast","FDOT_District":2,"House_District_Number":11,"Senate_District_Number":6,"CTF_RL_2020":"Not Affected","CTF_RL_2040_IL":"Not Affected","CTF_RL_2040_INT":"Not Affected","CTF_RL_2070_IL":"Not Affected","CTF_RL_2070_INT":"Not Affected","SSF_RL_100YR_CURR":"Not Affected","SSF_RL_100YR_2040_IL":"Not Affected","SSF_RL_100YR_2040_INT":"Not Affected","SSF_RL_100YR_2070_IL":"Not Affected","SSF_RL_100YR_2070_INT":"Not Affected","SSF_RL_500YR_CURR":"Not Affected","SSF_RL_500YR_2040_IL":"Not Affected","SSF_RL_500YR_2040_INT":"Not Affected","SSF_RL_500YR_2070_IL":"Not Affected","SSF_RL_500YR_2070_INT":"Not Affected","RIF_RL_100YR_2020":"Not Affected","RIF_RL_100YR_2040":"Not Affected","RIF_RL_100YR_2070":"Not Affected","RIF_RL_500YR_2020":"Not Affected","RIF_RL_500YR_2040":"Not Affected","RIF_RL_500YR_2070":"Not Affected"}},{"type":"Feature","id":61,"geometry":{"type":"Point","coordinates":[-81.7101818837969,30.0790106032592]},"properties":{"OBJECTID_1":61,"OBJECTID":61,"HAZUSID":" ","Name":"BAPTIST MED CENT","Address":"1771 BAPTIST CLAY DR","City":"FLEMING ISLAND","Zip":"32003","COUNTY":"Clay","X":-81.71018188,"Y":30.0790106,"LONGLAT":"-81.71018188,30.07901060","USNG":"17R MP 31558 27753","OWNERSHIP":" ","PARCELID":" ","FACILITY_T":"HOSPITAL","TTL_BEDS":0,"EFCLASS":"MDFLT","Asset_Elevation":null,"Owned_Maintained":null,"Asset":"HOSPITAL","Asset_Sub_Type":null,"Asset_Type":"Hospitals","Asset_Group":"Critical Community and Emergency Facilities","Asset_Relevancy":"Locally Significant","Asset_ID":"HOSP_PT_61","Municipality":null,"Water_Management_District":"St. Johns River Water Management District","Souce_Dataset_Entity":"FDEM","Souce_Dataset_Name":"Hospitals - FDEM","Source_Asset_ID":null,"Restricted_Public_Disclosure":null,"Notes":null,"Regional_Planning_Council":"Northeast Florida","FDEP_Regulatory_District":"Northeast District","RCP_Region":"Northeast","FDOT_District":2,"House_District_Number":11,"Senate_District_Number":6,"CTF_RL_2020":"Not Affected","CTF_RL_2040_IL":"Not Affected","CTF_RL_2040_INT":"Not Affected","CTF_RL_2070_IL":"Not Affected","CTF_RL_2070_INT":"Not Affected","SSF_RL_100YR_CURR":"Not Affected","SSF_RL_100YR_2040_IL":"Not Affected","SSF_RL_100YR_2040_INT":"Not Affected","SSF_RL_100YR_2070_IL":"Not Affected","SSF_RL_100YR_2070_INT":"Not Affected","SSF_RL_500YR_CURR":"Not Affected","SSF_RL_500YR_2040_IL":"Not Affected","SSF_RL_500YR_2040_INT":"Not Affected","SSF_RL_500YR_2070_IL":"Not Affected","SSF_RL_500YR_2070_INT":"Not Affected","RIF_RL_100YR_2020":"Not Affected","RIF_RL_100YR_2040":"Not Affected","RIF_RL_100YR_2070":"Not Affected","RIF_RL_500YR_2020":"Not Affected","RIF_RL_500YR_2040":"Not Affected","RIF_RL_500YR_2070":"Not Affected"}},{"type":"Feature","id":62,"geometry":{"type":"Point","coordinates":[-81.6820558419592,29.987806001731]},"properties":{"OBJECTID_1":62,"OBJECTID":62,"HAZUSID":" ","Name":"KINDRED HOSP - NORTH FLORIDA","Address":"801 OAK ST","City":"GREEN COVE SPRINGS","Zip":"32043","COUNTY":"Clay","X":-81.68205584,"Y":29.987806,"LONGLAT":"-81.68205584,29.98780600","USNG":"17R MP 34208 17629","OWNERSHIP":" ","PARCELID":" ","FACILITY_T":"HOSPITAL","TTL_BEDS":80,"EFCLASS":"EFHM","Asset_Elevation":null,"Owned_Maintained":null,"Asset":"HOSPITAL","Asset_Sub_Type":null,"Asset_Type":"Hospitals","Asset_Group":"Critical Community and Emergency Facilities","Asset_Relevancy":"Locally Significant","Asset_ID":"HOSP_PT_62","Municipality":"Green Cove Springs","Water_Management_District":"St. Johns River Water Management District","Souce_Dataset_Entity":"FDEM","Souce_Dataset_Name":"Hospitals - FDEM","Source_Asset_ID":null,"Restricted_Public_Disclosure":null,"Notes":null,"Regional_Planning_Council":"Northeast Florida","FDEP_Regulatory_District":"Northeast District","RCP_Region":"Northeast","FDOT_District":2,"House_District_Number":20,"Senate_District_Number":6,"CTF_RL_2020":"Not Affected","CTF_RL_2040_IL":"Not Affected","CTF_RL_2040_INT":"Not Affected","CTF_RL_2070_IL":"Not Affected","CTF_RL_2070_INT":"Not Affected","SSF_RL_100YR_CURR":"Not Affected","SSF_RL_100YR_2040_IL":"Not Affected","SSF_RL_100YR_2040_INT":"Not Affected","SSF_RL_100YR_2070_IL":"Not Affected","SSF_RL_100YR_2070_INT":"Not Affected","SSF_RL_500YR_CURR":"Not Affected","SSF_RL_500YR_2040_IL":"Not Affected","SSF_RL_500YR_2040_INT":"Not Affected","SSF_RL_500YR_2070_IL":"Not Affected","SSF_RL_500YR_2070_INT":"Not Affected","RIF_RL_100YR_2020":"Not Affected","RIF_RL_100YR_2040":"Not Affected","RIF_RL_100YR_2070":"Not Affected","RIF_RL_500YR_2020":"Not Affected","RIF_RL_500YR_2040":"Not Affected","RIF_RL_500YR_2070":"Not Affected"}},{"type":"Feature","id":63,"geometry":{"type":"Point","coordinates":[-81.7363325015502,26.0960160119898]},"properties":{"OBJECTID_1":63,"OBJECTID":63,"HAZUSID":" ","Name":"WILLOUGH AT NAPLES (PRIVATE)","Address":"9001 TAMIAMI TRL E","City":"NAPLES","Zip":"34113","COUNTY":"Collier","X":-81.7363325,"Y":26.09601601,"LONGLAT":"-81.73633250,26.09601601","USNG":"17R MJ 26368 86525","OWNERSHIP":" ","PARCELID":" ","FACILITY_T":"HOSPITAL","TTL_BEDS":87,"EFCLASS":"EFHM","Asset_Elevation":null,"Owned_Maintained":null,"Asset":"HOSPITAL","Asset_Sub_Type":null,"Asset_Type":"Hospitals","Asset_Group":"Critical Community and Emergency Facilities","Asset_Relevancy":"Locally Significant","Asset_ID":"HOSP_PT_63","Municipality":null,"Water_Management_District":"South Florida Water Management District","Souce_Dataset_Entity":"FDEM","Souce_Dataset_Name":"Hospitals - FDEM","Source_Asset_ID":null,"Restricted_Public_Disclosure":null,"Notes":null,"Regional_Planning_Council":"Southwest Florida","FDEP_Regulatory_District":"South District","RCP_Region":"Southwest","FDOT_District":1,"House_District_Number":81,"Senate_District_Number":28,"CTF_RL_2020":"Not Affected","CTF_RL_2040_IL":"Not Affected","CTF_RL_2040_INT":"Not Affected","CTF_RL_2070_IL":"Not Affected","CTF_RL_2070_INT":"Not Affected","SSF_RL_100YR_CURR":"Not Affected","SSF_RL_100YR_2040_IL":"Not Affected","SSF_RL_100YR_2040_INT":"Not Affected","SSF_RL_100YR_2070_IL":"Not Affected","SSF_RL_100YR_2070_INT":"Not Affected","SSF_RL_500YR_CURR":"Medium","SSF_RL_500YR_2040_IL":"Medium","SSF_RL_500YR_2040_INT":"Medium","SSF_RL_500YR_2070_IL":"High","SSF_RL_500YR_2070_INT":"High","RIF_RL_100YR_2020":"Not Affected","RIF_RL_100YR_2040":"Not Affected","RIF_RL_100YR_2070":"Not Affected","RIF_RL_500YR_2020":"Not Affected","RIF_RL_500YR_2040":"Not Affected","RIF_RL_500YR_2070":"Not Affected"}},{"type":"Feature","id":64,"geometry":{"type":"Point","coordinates":[-81.788647907035,26.2744519223231]},"properties":{"OBJECTID_1":64,"OBJECTID":64,"HAZUSID":" ","Name":"NCH NORTH NAPLES HOSP","Address":"11190 HEALTH PARK BLVD","City":"NAPLES","Zip":"34110","COUNTY":"Collier","X":-81.78864791,"Y":26.27445192,"LONGLAT":"-81.78864791,26.27445192","USNG":"17R MK 21256 06318","OWNERSHIP":" ","PARCELID":" ","FACILITY_T":"HOSPITAL - ACUTE CARE","TTL_BEDS":322,"EFCLASS":"EFHL","Asset_Elevation":null,"Owned_Maintained":null,"Asset":"HOSPITAL - ACUTE CARE","Asset_Sub_Type":null,"Asset_Type":"Hospitals","Asset_Group":"Critical Community and Emergency Facilities","Asset_Relevancy":"Locally Significant","Asset_ID":"HOSP_PT_64","Municipality":null,"Water_Management_District":"South Florida Water Management District","Souce_Dataset_Entity":"FDEM","Souce_Dataset_Name":"Hospitals - FDEM","Source_Asset_ID":null,"Restricted_Public_Disclosure":null,"Notes":null,"Regional_Planning_Council":"Southwest Florida","FDEP_Regulatory_District":"South District","RCP_Region":"Southwest","FDOT_District":1,"House_District_Number":80,"Senate_District_Number":28,"CTF_RL_2020":"Not Affected","CTF_RL_2040_IL":"Not Affected","CTF_RL_2040_INT":"Not Affected","CTF_RL_2070_IL":"Not Affected","CTF_RL_2070_INT":"Not Affected","SSF_RL_100YR_CURR":"Not Affected","SSF_RL_100YR_2040_IL":"Not Affected","SSF_RL_100YR_2040_INT":"Not Affected","SSF_RL_100YR_2070_IL":"Not Affected","SSF_RL_100YR_2070_INT":"Low","SSF_RL_500YR_CURR":"High","SSF_RL_500YR_2040_IL":"High","SSF_RL_500YR_2040_INT":"High","SSF_RL_500YR_2070_IL":"High","SSF_RL_500YR_2070_INT":"High","RIF_RL_100YR_2020":"Not Affected","RIF_RL_100YR_2040":"Not Affected","RIF_RL_100YR_2070":"Not Affected","RIF_RL_500YR_2020":"Not Affected","RIF_RL_500YR_2040":"Not Affected","RIF_RL_500YR_2070":"Not Affected"}},{"type":"Feature","id":65,"geometry":{"type":"Point","coordinates":[-81.788638472761,26.2702107069806]},"properties":{"OBJECTID_1":65,"OBJECTID":65,"HAZUSID":" ","Name":"LANDMARK HOSP OF SW FL","Address":"1285 CREEKSIDE BLVD E","City":"NAPLES","Zip":"34109","COUNTY":"Collier","X":-81.78863847,"Y":26.27021071,"LONGLAT":"-81.78863847,26.27021071","USNG":"17R MK 21254 05848","OWNERSHIP":" ","PARCELID":" ","FACILITY_T":"HOSPITAL - ACUTE CARE","TTL_BEDS":50,"EFCLASS":"EFHS","Asset_Elevation":null,"Owned_Maintained":null,"Asset":"HOSPITAL - ACUTE CARE","Asset_Sub_Type":null,"Asset_Type":"Hospitals","Asset_Group":"Critical Community and Emergency Facilities","Asset_Relevancy":"Locally Significant","Asset_ID":"HOSP_PT_65","Municipality":null,"Water_Management_District":"South Florida Water Management District","Souce_Dataset_Entity":"FDEM","Souce_Dataset_Name":"Hospitals - FDEM","Source_Asset_ID":null,"Restricted_Public_Disclosure":null,"Notes":null,"Regional_Planning_Council":"Southwest Florida","FDEP_Regulatory_District":"South District","RCP_Region":"Southwest","FDOT_District":1,"House_District_Number":81,"Senate_District_Number":28,"CTF_RL_2020":"Not Affected","CTF_RL_2040_IL":"Not Affected","CTF_RL_2040_INT":"Not Affected","CTF_RL_2070_IL":"Not Affected","CTF_RL_2070_INT":"Not Affected","SSF_RL_100YR_CURR":"Not Affected","SSF_RL_100YR_2040_IL":"Not Affected","SSF_RL_100YR_2040_INT":"Not Affected","SSF_RL_100YR_2070_IL":"Not Affected","SSF_RL_100YR_2070_INT":"Not Affected","SSF_RL_500YR_CURR":"Low","SSF_RL_500YR_2040_IL":"Medium","SSF_RL_500YR_2040_INT":"Medium","SSF_RL_500YR_2070_IL":"Medium","SSF_RL_500YR_2070_INT":"High","RIF_RL_100YR_2020":"Not Affected","RIF_RL_100YR_2040":"Not Affected","RIF_RL_100YR_2070":"Not Affected","RIF_RL_500YR_2020":"Not Affected","RIF_RL_500YR_2040":"Not Affected","RIF_RL_500YR_2070":"Not Affected"}},{"type":"Feature","id":66,"geometry":{"type":"Point","coordinates":[-81.7326749381795,26.2139359460777]},"properties":{"OBJECTID_1":66,"OBJECTID":66,"HAZUSID":" ","Name":"PHYSICIANS RGNL HOSPITAL/PINE RIDG","Address":"6101 PINE RIDGE RD","City":"NAPLES","Zip":"34119","COUNTY":"Collier","X":-81.73267494,"Y":26.21393595,"LONGLAT":"-81.73267494,26.21393595","USNG":"17R MJ 26807 99582","OWNERSHIP":" ","PARCELID":" ","FACILITY_T":"HOSPITAL - ACUTE CARE","TTL_BEDS":101,"EFCLASS":"EFHL","Asset_Elevation":null,"Owned_Maintained":null,"Asset":"HOSPITAL - ACUTE CARE","Asset_Sub_Type":null,"Asset_Type":"Hospitals","Asset_Group":"Critical Community and Emergency Facilities","Asset_Relevancy":"Locally Significant","Asset_ID":"HOSP_PT_66","Municipality":null,"Water_Management_District":"South Florida Water Management District","Souce_Dataset_Entity":"FDEM","Souce_Dataset_Name":"Hospitals - FDEM","Source_Asset_ID":null,"Restricted_Public_Disclosure":null,"Notes":null,"Regional_Planning_Council":"Southwest Florida","FDEP_Regulatory_District":"South District","RCP_Region":"Southwest","FDOT_District":1,"House_District_Number":82,"Senate_District_Number":28,"CTF_RL_2020":"Not Affected","CTF_RL_2040_IL":"Not Affected","CTF_RL_2040_INT":"Not Affected","CTF_RL_2070_IL":"Not Affected","CTF_RL_2070_INT":"Not Affected","SSF_RL_100YR_CURR":"Not Affected","SSF_RL_100YR_2040_IL":"Not Affected","SSF_RL_100YR_2040_INT":"Not Affected","SSF_RL_100YR_2070_IL":"Not Affected","SSF_RL_100YR_2070_INT":"Not Affected","SSF_RL_500YR_CURR":"Not Affected","SSF_RL_500YR_2040_IL":"Not Affected","SSF_RL_500YR_2040_INT":"Not Affected","SSF_RL_500YR_2070_IL":"Not Affected","SSF_RL_500YR_2070_INT":"Not Affected","RIF_RL_100YR_2020":"Not Affected","RIF_RL_100YR_2040":"Not Affected","RIF_RL_100YR_2070":"Not Affected","RIF_RL_500YR_2020":"Not Affected","RIF_RL_500YR_2040":"Not Affected","RIF_RL_500YR_2070":"Not Affected"}},{"type":"Feature","id":67,"geometry":{"type":"Point","coordinates":[-81.7981844984818,26.1509168253047]},"properties":{"OBJECTID_1":67,"OBJECTID":67,"HAZUSID":" ","Name":"NAPLES COMMUNITY HOSPITAL","Address":"350 7TH ST N","City":"NAPLES","Zip":"34102","COUNTY":"Collier","X":-81.7981845,"Y":26.15091683,"LONGLAT":"-81.79818450,26.15091683","USNG":"17R MJ 20220 92642","OWNERSHIP":" ","PARCELID":" ","FACILITY_T":"HOSPITAL - ACUTE CARE","TTL_BEDS":391,"EFCLASS":"EFHL","Asset_Elevation":null,"Owned_Maintained":null,"Asset":"HOSPITAL - ACUTE CARE","Asset_Sub_Type":null,"Asset_Type":"Hospitals","Asset_Group":"Critical Community and Emergency Facilities","Asset_Relevancy":"Locally Significant","Asset_ID":"HOSP_PT_67","Municipality":"Naples","Water_Management_District":"South Florida Water Management District","Souce_Dataset_Entity":"FDEM","Souce_Dataset_Name":"Hospitals - FDEM","Source_Asset_ID":null,"Restricted_Public_Disclosure":null,"Notes":null,"Regional_Planning_Council":"Southwest Florida","FDEP_Regulatory_District":"South District","RCP_Region":"Southwest","FDOT_District":1,"House_District_Number":81,"Senate_District_Number":28,"CTF_RL_2020":"Not Affected","CTF_RL_2040_IL":"Not Affected","CTF_RL_2040_INT":"Not Affected","CTF_RL_2070_IL":"Not Affected","CTF_RL_2070_INT":"Not Affected","SSF_RL_100YR_CURR":"Not Affected","SSF_RL_100YR_2040_IL":"Not Affected","SSF_RL_100YR_2040_INT":"Not Affected","SSF_RL_100YR_2070_IL":"Not Affected","SSF_RL_100YR_2070_INT":"Not Affected","SSF_RL_500YR_CURR":"Medium","SSF_RL_500YR_2040_IL":"High","SSF_RL_500YR_2040_INT":"High","SSF_RL_500YR_2070_IL":"High","SSF_RL_500YR_2070_INT":"High","RIF_RL_100YR_2020":"Not Affected","RIF_RL_100YR_2040":"Not Affected","RIF_RL_100YR_2070":"Not Affected","RIF_RL_500YR_2020":"Not Affected","RIF_RL_500YR_2040":"Not Affected","RIF_RL_500YR_2070":"Not Affected"}},{"type":"Feature","id":68,"geometry":{"type":"Point","coordinates":[-81.6847585272828,26.1056372911586]},"properties":{"OBJECTID_1":68,"OBJECTID":68,"HAZUSID":" ","Name":"PHYSICIANS RGNL HOSPITAL/ COLLIER BLVD","Address":"8300 COLLIER BLVD","City":"NAPLES","Zip":"34114","COUNTY":"Collier","X":-81.68475853,"Y":26.10563729,"LONGLAT":"-81.68475853,26.10563729","USNG":"17R MJ 31531 87562","OWNERSHIP":" ","PARCELID":" ","FACILITY_T":"HOSPITAL - ACUTE CARE","TTL_BEDS":100,"EFCLASS":"EFHM","Asset_Elevation":null,"Owned_Maintained":null,"Asset":"HOSPITAL - ACUTE CARE","Asset_Sub_Type":null,"Asset_Type":"Hospitals","Asset_Group":"Critical Community and Emergency Facilities","Asset_Relevancy":"Locally Significant","Asset_ID":"HOSP_PT_68","Municipality":null,"Water_Management_District":"South Florida Water Management District","Souce_Dataset_Entity":"FDEM","Souce_Dataset_Name":"Hospitals - FDEM","Source_Asset_ID":null,"Restricted_Public_Disclosure":null,"Notes":null,"Regional_Planning_Council":"Southwest Florida","FDEP_Regulatory_District":"South District","RCP_Region":"Southwest","FDOT_District":1,"House_District_Number":82,"Senate_District_Number":28,"CTF_RL_2020":"Not Affected","CTF_RL_2040_IL":"Not Affected","CTF_RL_2040_INT":"Not Affected","CTF_RL_2070_IL":"Not Affected","CTF_RL_2070_INT":"Not Affected","SSF_RL_100YR_CURR":"Not Affected","SSF_RL_100YR_2040_IL":"Not Affected","SSF_RL_100YR_2040_INT":"Not Affected","SSF_RL_100YR_2070_IL":"Not Affected","SSF_RL_100YR_2070_INT":"Not Affected","SSF_RL_500YR_CURR":"Not Affected","SSF_RL_500YR_2040_IL":"Not Affected","SSF_RL_500YR_2040_INT":"Not Affected","SSF_RL_500YR_2070_IL":"Not Affected","SSF_RL_500YR_2070_INT":"Not Affected","RIF_RL_100YR_2020":"Not Affected","RIF_RL_100YR_2040":"Not Affected","RIF_RL_100YR_2070":"Not Affected","RIF_RL_500YR_2020":"Not Affected","RIF_RL_500YR_2040":"Not Affected","RIF_RL_500YR_2070":"Not Affected"}},{"type":"Feature","id":69,"geometry":{"type":"Point","coordinates":[-82.6327110004035,30.1934529992742]},"properties":{"OBJECTID_1":69,"OBJECTID":69,"HAZUSID":" ","Name":"SHANDS LAKE SHORE RGNL MED CNTR","Address":"368 NE FRANKLIN ST","City":"LAKE CITY","Zip":"32055","COUNTY":"Columbia","X":-82.632711,"Y":30.193453,"LONGLAT":"-82.63271100,30.19345300","USNG":"17R LP 42824 41348","OWNERSHIP":" ","PARCELID":" ","FACILITY_T":"HOSPITAL - ACUTE CARE","TTL_BEDS":99,"EFCLASS":"EFHM","Asset_Elevation":null,"Owned_Maintained":null,"Asset":"HOSPITAL - ACUTE CARE","Asset_Sub_Type":null,"Asset_Type":"Hospitals","Asset_Group":"Critical Community and Emergency Facilities","Asset_Relevancy":"Locally Significant","Asset_ID":"HOSP_PT_69","Municipality":"Lake City","Water_Management_District":"Suwannee River Water Management District","Souce_Dataset_Entity":"FDEM","Souce_Dataset_Name":"Hospitals - FDEM","Source_Asset_ID":null,"Restricted_Public_Disclosure":null,"Notes":null,"Regional_Planning_Council":"North Central Florida","FDEP_Regulatory_District":"Northeast District","RCP_Region":"Northwest","FDOT_District":2,"House_District_Number":10,"Senate_District_Number":6,"CTF_RL_2020":"Not Affected","CTF_RL_2040_IL":"Not Affected","CTF_RL_2040_INT":"Not Affected","CTF_RL_2070_IL":"Not Affected","CTF_RL_2070_INT":"Not Affected","SSF_RL_100YR_CURR":"Not Affected","SSF_RL_100YR_2040_IL":"Not Affected","SSF_RL_100YR_2040_INT":"Not Affected","SSF_RL_100YR_2070_IL":"Not Affected","SSF_RL_100YR_2070_INT":"Not Affected","SSF_RL_500YR_CURR":"Not Affected","SSF_RL_500YR_2040_IL":"Not Affected","SSF_RL_500YR_2040_INT":"Not Affected","SSF_RL_500YR_2070_IL":"Not Affected","SSF_RL_500YR_2070_INT":"Not Affected","RIF_RL_100YR_2020":"Not Affected","RIF_RL_100YR_2040":"Not Affected","RIF_RL_100YR_2070":"Not Affected","RIF_RL_500YR_2020":"Low","RIF_RL_500YR_2040":"Low","RIF_RL_500YR_2070":"Low"}},{"type":"Feature","id":70,"geometry":{"type":"Point","coordinates":[-82.6873998929154,30.1839186756317]},"properties":{"OBJECTID_1":70,"OBJECTID":70,"HAZUSID":" ","Name":"LAKE CITY MED CNTR","Address":"340 NW COMMERCE DR","City":"LAKE CITY","Zip":"32055","COUNTY":"Columbia","X":-82.68739989,"Y":30.18391868,"LONGLAT":"-82.68739989,30.18391868","USNG":"17R LP 37543 40368","OWNERSHIP":" ","PARCELID":" ","FACILITY_T":"HOSPITAL - ACUTE CARE","TTL_BEDS":91,"EFCLASS":"EFHM","Asset_Elevation":null,"Owned_Maintained":null,"Asset":"HOSPITAL - ACUTE CARE","Asset_Sub_Type":null,"Asset_Type":"Hospitals","Asset_Group":"Critical Community and Emergency Facilities","Asset_Relevancy":"Locally Significant","Asset_ID":"HOSP_PT_70","Municipality":"Lake City","Water_Management_District":"Suwannee River Water Management District","Souce_Dataset_Entity":"FDEM","Souce_Dataset_Name":"Hospitals - FDEM","Source_Asset_ID":null,"Restricted_Public_Disclosure":null,"Notes":null,"Regional_Planning_Council":"North Central Florida","FDEP_Regulatory_District":"Northeast District","RCP_Region":"Northwest","FDOT_District":2,"House_District_Number":10,"Senate_District_Number":6,"CTF_RL_2020":"Not Affected","CTF_RL_2040_IL":"Not Affected","CTF_RL_2040_INT":"Not Affected","CTF_RL_2070_IL":"Not Affected","CTF_RL_2070_INT":"Not Affected","SSF_RL_100YR_CURR":"Not Affected","SSF_RL_100YR_2040_IL":"Not Affected","SSF_RL_100YR_2040_INT":"Not Affected","SSF_RL_100YR_2070_IL":"Not Affected","SSF_RL_100YR_2070_INT":"Not Affected","SSF_RL_500YR_CURR":"Not Affected","SSF_RL_500YR_2040_IL":"Not Affected","SSF_RL_500YR_2040_INT":"Not Affected","SSF_RL_500YR_2070_IL":"Not Affected","SSF_RL_500YR_2070_INT":"Not Affected","RIF_RL_100YR_2020":"Not Affected","RIF_RL_100YR_2040":"Not Affected","RIF_RL_100YR_2070":"Not Affected","RIF_RL_500YR_2020":"Not Affected","RIF_RL_500YR_2040":"Not Affected","RIF_RL_500YR_2070":"Not Affected"}},{"type":"Feature","id":71,"geometry":{"type":"Point","coordinates":[-82.6368899995876,30.1818359993353]},"properties":{"OBJECTID_1":71,"OBJECTID":71,"HAZUSID":" ","Name":"LAKE CITY VA MEDICAL CNTR","Address":"619 S. MARION AVE","City":"LAKE CITY","Zip":"32025","COUNTY":"Columbia","X":-82.63689,"Y":30.181836,"LONGLAT":"-82.63689000,30.18183600","USNG":"17R LP 42403 40066","OWNERSHIP":" ","PARCELID":" ","FACILITY_T":"HOSPITAL - VA","TTL_BEDS":47,"EFCLASS":"EFHS","Asset_Elevation":null,"Owned_Maintained":null,"Asset":"HOSPITAL - VA","Asset_Sub_Type":null,"Asset_Type":"Hospitals","Asset_Group":"Critical Community and Emergency Facilities","Asset_Relevancy":"Locally Significant","Asset_ID":"HOSP_PT_71","Municipality":"Lake City","Water_Management_District":"Suwannee River Water Management District","Souce_Dataset_Entity":"FDEM","Souce_Dataset_Name":"Hospitals - FDEM","Source_Asset_ID":null,"Restricted_Public_Disclosure":null,"Notes":null,"Regional_Planning_Council":"North Central Florida","FDEP_Regulatory_District":"Northeast District","RCP_Region":"Northwest","FDOT_District":2,"House_District_Number":10,"Senate_District_Number":6,"CTF_RL_2020":"Not Affected","CTF_RL_2040_IL":"Not Affected","CTF_RL_2040_INT":"Not Affected","CTF_RL_2070_IL":"Not Affected","CTF_RL_2070_INT":"Not Affected","SSF_RL_100YR_CURR":"Not Affected","SSF_RL_100YR_2040_IL":"Not Affected","SSF_RL_100YR_2040_INT":"Not Affected","SSF_RL_100YR_2070_IL":"Not Affected","SSF_RL_100YR_2070_INT":"Not Affected","SSF_RL_500YR_CURR":"Not Affected","SSF_RL_500YR_2040_IL":"Not Affected","SSF_RL_500YR_2040_INT":"Not Affected","SSF_RL_500YR_2070_IL":"Not Affected","SSF_RL_500YR_2070_INT":"Not Affected","RIF_RL_100YR_2020":"Not Affected","RIF_RL_100YR_2040":"Not Affected","RIF_RL_100YR_2070":"Not Affected","RIF_RL_500YR_2020":"Not Affected","RIF_RL_500YR_2040":"Not Affected","RIF_RL_500YR_2070":"Not Affected"}},{"type":"Feature","id":72,"geometry":{"type":"Point","coordinates":[-81.851066765257,27.227408854446]},"properties":{"OBJECTID_1":72,"OBJECTID":72,"HAZUSID":" ","Name":"DESOTO MEMORIAL HOSP","Address":"900 N ROBERT AVE","City":"ARCADIA","Zip":"34266","COUNTY":"DeSoto","X":-81.85106677,"Y":27.22740886,"LONGLAT":"-81.85106677,27.22740886","USNG":"17R ML 15729 11909","OWNERSHIP":" ","PARCELID":" ","FACILITY_T":"HOSPITAL - ACUTE CARE","TTL_BEDS":49,"EFCLASS":"EFHS","Asset_Elevation":null,"Owned_Maintained":null,"Asset":"HOSPITAL - ACUTE CARE","Asset_Sub_Type":null,"Asset_Type":"Hospitals","Asset_Group":"Critical Community and Emergency Facilities","Asset_Relevancy":"Locally Significant","Asset_ID":"HOSP_PT_72","Municipality":"Arcadia","Water_Management_District":"Southwest Florida Water Management District","Souce_Dataset_Entity":"FDEM","Souce_Dataset_Name":"Hospitals - FDEM","Source_Asset_ID":null,"Restricted_Public_Disclosure":null,"Notes":null,"Regional_Planning_Council":"Central Florida","FDEP_Regulatory_District":"South District","RCP_Region":"Southwest","FDOT_District":1,"House_District_Number":76,"Senate_District_Number":27,"CTF_RL_2020":"Not Affected","CTF_RL_2040_IL":"Not Affected","CTF_RL_2040_INT":"Not Affected","CTF_RL_2070_IL":"Not Affected","CTF_RL_2070_INT":"Not Affected","SSF_RL_100YR_CURR":"Not Affected","SSF_RL_100YR_2040_IL":"Not Affected","SSF_RL_100YR_2040_INT":"Not Affected","SSF_RL_100YR_2070_IL":"Not Affected","SSF_RL_100YR_2070_INT":"Not Affected","SSF_RL_500YR_CURR":"Not Affected","SSF_RL_500YR_2040_IL":"Not Affected","SSF_RL_500YR_2040_INT":"Not Affected","SSF_RL_500YR_2070_IL":"Not Affected","SSF_RL_500YR_2070_INT":"Not Affected","RIF_RL_100YR_2020":"Not Affected","RIF_RL_100YR_2040":"Not Affected","RIF_RL_100YR_2070":"Not Affected","RIF_RL_500YR_2020":"Not Affected","RIF_RL_500YR_2040":"Not Affected","RIF_RL_500YR_2070":"Not Affected"}},{"type":"Feature","id":73,"geometry":{"type":"Point","coordinates":[-81.6010281397705,30.287893475632]},"properties":{"OBJECTID_1":73,"OBJECTID":73,"HAZUSID":" ","Name":"MEMORIAL HOSP JACKSONVILLE","Address":"3625 UNIVERSITY BLVD S","City":"JACKSONVILLE","Zip":"32216","COUNTY":"Duval","X":-81.60102814,"Y":30.28789348,"LONGLAT":"-81.60102814,30.28789348","USNG":"17R MP 42199 50839","OWNERSHIP":" ","PARCELID":" ","FACILITY_T":"HOSPITAL - ACUTE CARE","TTL_BEDS":418,"EFCLASS":"EFHL","Asset_Elevation":null,"Owned_Maintained":null,"Asset":"HOSPITAL - ACUTE CARE","Asset_Sub_Type":null,"Asset_Type":"Hospitals","Asset_Group":"Critical Community and Emergency Facilities","Asset_Relevancy":"Locally Significant","Asset_ID":"HOSP_PT_73","Municipality":"Jacksonville","Water_Management_District":"St. Johns River Water Management District","Souce_Dataset_Entity":"FDEM","Souce_Dataset_Name":"Hospitals - FDEM","Source_Asset_ID":null,"Restricted_Public_Disclosure":null,"Notes":null,"Regional_Planning_Council":"Northeast Florida","FDEP_Regulatory_District":"Northeast District","RCP_Region":"Northeast","FDOT_District":2,"House_District_Number":17,"Senate_District_Number":5,"CTF_RL_2020":"Not Affected","CTF_RL_2040_IL":"Not Affected","CTF_RL_2040_INT":"Not Affected","CTF_RL_2070_IL":"Not Affected","CTF_RL_2070_INT":"Not Affected","SSF_RL_100YR_CURR":"Not Affected","SSF_RL_100YR_2040_IL":"Not Affected","SSF_RL_100YR_2040_INT":"Not Affected","SSF_RL_100YR_2070_IL":"Not Affected","SSF_RL_100YR_2070_INT":"Not Affected","SSF_RL_500YR_CURR":"Not Affected","SSF_RL_500YR_2040_IL":"Not Affected","SSF_RL_500YR_2040_INT":"Not Affected","SSF_RL_500YR_2070_IL":"Not Affected","SSF_RL_500YR_2070_INT":"Not Affected","RIF_RL_100YR_2020":"Not Affected","RIF_RL_100YR_2040":"Not Affected","RIF_RL_100YR_2070":"Not Affected","RIF_RL_500YR_2020":"Not Affected","RIF_RL_500YR_2040":"Not Affected","RIF_RL_500YR_2070":"Not Affected"}},{"type":"Feature","id":74,"geometry":{"type":"Point","coordinates":[-81.4405134959014,30.2648780952177]},"properties":{"OBJECTID_1":74,"OBJECTID":74,"HAZUSID":" ","Name":"MAYO CLINIC","Address":"4500 SAN PABLO RD","City":"JACKSONVILLE","Zip":"32224","COUNTY":"Duval","X":-81.4405135,"Y":30.2648781,"LONGLAT":"-81.44051350,30.26487810","USNG":"17R MP 57626 48218","OWNERSHIP":" ","PARCELID":" ","FACILITY_T":"HOSPITAL - ACUTE CARE","TTL_BEDS":304,"EFCLASS":"EFHL","Asset_Elevation":null,"Owned_Maintained":null,"Asset":"HOSPITAL - ACUTE CARE","Asset_Sub_Type":null,"Asset_Type":"Hospitals","Asset_Group":"Critical Community and Emergency Facilities","Asset_Relevancy":"Locally Significant","Asset_ID":"HOSP_PT_74","Municipality":"Jacksonville","Water_Management_District":"St. Johns River Water Management District","Souce_Dataset_Entity":"FDEM","Souce_Dataset_Name":"Hospitals - FDEM","Source_Asset_ID":null,"Restricted_Public_Disclosure":null,"Notes":null,"Regional_Planning_Council":"Northeast Florida","FDEP_Regulatory_District":"Northeast District","RCP_Region":"Northeast","FDOT_District":2,"House_District_Number":16,"Senate_District_Number":4,"CTF_RL_2020":"Not Affected","CTF_RL_2040_IL":"Not Affected","CTF_RL_2040_INT":"Not Affected","CTF_RL_2070_IL":"Not Affected","CTF_RL_2070_INT":"Not Affected","SSF_RL_100YR_CURR":"Not Affected","SSF_RL_100YR_2040_IL":"Not Affected","SSF_RL_100YR_2040_INT":"Not Affected","SSF_RL_100YR_2070_IL":"Not Affected","SSF_RL_100YR_2070_INT":"Not Affected","SSF_RL_500YR_CURR":"Not Affected","SSF_RL_500YR_2040_IL":"Not Affected","SSF_RL_500YR_2040_INT":"Not Affected","SSF_RL_500YR_2070_IL":"Not Affected","SSF_RL_500YR_2070_INT":"Not Affected","RIF_RL_100YR_2020":"Not Affected","RIF_RL_100YR_2040":"Not Affected","RIF_RL_100YR_2070":"Not Affected","RIF_RL_500YR_2020":"Not Affected","RIF_RL_500YR_2040":"Not Affected","RIF_RL_500YR_2070":"Not Affected"}},{"type":"Feature","id":75,"geometry":{"type":"Point","coordinates":[-81.6900210849956,30.3078444948324]},"properties":{"OBJECTID_1":75,"OBJECTID":75,"HAZUSID":" ","Name":"SAINT VINCENT'S MED CNTR RIVERSIDE","Address":"1 SHIRCLIFF WAY","City":"JACKSONVILLE","Zip":"32204","COUNTY":"Duval","X":-81.69002108,"Y":30.3078445,"LONGLAT":"-81.69002108,30.30784450","USNG":"17R MP 33654 53099","OWNERSHIP":" ","PARCELID":" ","FACILITY_T":"HOSPITAL - ACUTE CARE","TTL_BEDS":528,"EFCLASS":"EFHL","Asset_Elevation":null,"Owned_Maintained":null,"Asset":"HOSPITAL - ACUTE CARE","Asset_Sub_Type":null,"Asset_Type":"Hospitals","Asset_Group":"Critical Community and Emergency Facilities","Asset_Relevancy":"Locally Significant","Asset_ID":"HOSP_PT_75","Municipality":"Jacksonville","Water_Management_District":"St. Johns River Water Management District","Souce_Dataset_Entity":"FDEM","Souce_Dataset_Name":"Hospitals - FDEM","Source_Asset_ID":null,"Restricted_Public_Disclosure":null,"Notes":null,"Regional_Planning_Council":"Northeast Florida","FDEP_Regulatory_District":"Northeast District","RCP_Region":"Northeast","FDOT_District":2,"House_District_Number":13,"Senate_District_Number":5,"CTF_RL_2020":"Not Affected","CTF_RL_2040_IL":"Not Affected","CTF_RL_2040_INT":"Not Affected","CTF_RL_2070_IL":"Not Affected","CTF_RL_2070_INT":"Not Affected","SSF_RL_100YR_CURR":"Not Affected","SSF_RL_100YR_2040_IL":"Not Affected","SSF_RL_100YR_2040_INT":"Not Affected","SSF_RL_100YR_2070_IL":"Not Affected","SSF_RL_100YR_2070_INT":"Not Affected","SSF_RL_500YR_CURR":"Not Affected","SSF_RL_500YR_2040_IL":"Not Affected","SSF_RL_500YR_2040_INT":"Not Affected","SSF_RL_500YR_2070_IL":"Not Affected","SSF_RL_500YR_2070_INT":"Not Affected","RIF_RL_100YR_2020":"Not Affected","RIF_RL_100YR_2040":"Not Affected","RIF_RL_100YR_2070":"Not Affected","RIF_RL_500YR_2020":"Not Affected","RIF_RL_500YR_2040":"Not Affected","RIF_RL_500YR_2070":"Not Affected"}},{"type":"Feature","id":76,"geometry":{"type":"Point","coordinates":[-81.6647220241369,30.3156151610737]},"properties":{"OBJECTID_1":76,"OBJECTID":76,"HAZUSID":" ","Name":"BAPTIST MED CENT JAXS","Address":"800 PRUDENTIAL DR","City":"JACKSONVILLE","Zip":"32207","COUNTY":"Duval","X":-81.66472202,"Y":30.31561516,"LONGLAT":"-81.66472202,30.31561516","USNG":"17R MP 36092 53946","OWNERSHIP":" ","PARCELID":" ","FACILITY_T":"HOSPITAL - ACUTE CARE","TTL_BEDS":619,"EFCLASS":"EFHL","Asset_Elevation":null,"Owned_Maintained":null,"Asset":"HOSPITAL - ACUTE CARE","Asset_Sub_Type":null,"Asset_Type":"Hospitals","Asset_Group":"Critical Community and Emergency Facilities","Asset_Relevancy":"Locally Significant","Asset_ID":"HOSP_PT_76","Municipality":"Jacksonville","Water_Management_District":"St. Johns River Water Management District","Souce_Dataset_Entity":"FDEM","Souce_Dataset_Name":"Hospitals - FDEM","Source_Asset_ID":null,"Restricted_Public_Disclosure":null,"Notes":null,"Regional_Planning_Council":"Northeast Florida","FDEP_Regulatory_District":"Northeast District","RCP_Region":"Northeast","FDOT_District":2,"House_District_Number":12,"Senate_District_Number":5,"CTF_RL_2020":"Not Affected","CTF_RL_2040_IL":"Not Affected","CTF_RL_2040_INT":"Not Affected","CTF_RL_2070_IL":"Not Affected","CTF_RL_2070_INT":"Not Affected","SSF_RL_100YR_CURR":"Not Affected","SSF_RL_100YR_2040_IL":"Not Affected","SSF_RL_100YR_2040_INT":"Not Affected","SSF_RL_100YR_2070_IL":"Not Affected","SSF_RL_100YR_2070_INT":"Not Affected","SSF_RL_500YR_CURR":"Not Affected","SSF_RL_500YR_2040_IL":"Not Affected","SSF_RL_500YR_2040_INT":"Not Affected","SSF_RL_500YR_2070_IL":"Not Affected","SSF_RL_500YR_2070_INT":"Not Affected","RIF_RL_100YR_2020":"Not Affected","RIF_RL_100YR_2040":"Not Affected","RIF_RL_100YR_2070":"Not Affected","RIF_RL_500YR_2020":"Not Affected","RIF_RL_500YR_2040":"Not Affected","RIF_RL_500YR_2070":"Not Affected"}},{"type":"Feature","id":77,"geometry":{"type":"Point","coordinates":[-81.5350348186555,30.1392470519154]},"properties":{"OBJECTID_1":77,"OBJECTID":77,"HAZUSID":" ","Name":"BAPTIST MED CENT S","Address":"14550 OLD ST AUGUSTINE","City":"JACKSONVILLE","Zip":"32258","COUNTY":"Duval","X":-81.53503482,"Y":30.13924705,"LONGLAT":"-81.53503482,30.13924705","USNG":"17R MP 48468 34336","OWNERSHIP":" ","PARCELID":" ","FACILITY_T":"HOSPITAL - ACUTE CARE","TTL_BEDS":269,"EFCLASS":"EFHL","Asset_Elevation":null,"Owned_Maintained":null,"Asset":"HOSPITAL - ACUTE CARE","Asset_Sub_Type":null,"Asset_Type":"Hospitals","Asset_Group":"Critical Community and Emergency Facilities","Asset_Relevancy":"Locally Significant","Asset_ID":"HOSP_PT_77","Municipality":"Jacksonville","Water_Management_District":"St. Johns River Water Management District","Souce_Dataset_Entity":"FDEM","Souce_Dataset_Name":"Hospitals - FDEM","Source_Asset_ID":null,"Restricted_Public_Disclosure":null,"Notes":null,"Regional_Planning_Council":"Northeast Florida","FDEP_Regulatory_District":"Northeast District","RCP_Region":"Northeast","FDOT_District":2,"House_District_Number":17,"Senate_District_Number":4,"CTF_RL_2020":"Not Affected","CTF_RL_2040_IL":"Not Affected","CTF_RL_2040_INT":"Not Affected","CTF_RL_2070_IL":"Not Affected","CTF_RL_2070_INT":"Not Affected","SSF_RL_100YR_CURR":"Not Affected","SSF_RL_100YR_2040_IL":"Not Affected","SSF_RL_100YR_2040_INT":"Not Affected","SSF_RL_100YR_2070_IL":"Not Affected","SSF_RL_100YR_2070_INT":"Not Affected","SSF_RL_500YR_CURR":"Not Affected","SSF_RL_500YR_2040_IL":"Not Affected","SSF_RL_500YR_2040_INT":"Not Affected","SSF_RL_500YR_2070_IL":"Not Affected","SSF_RL_500YR_2070_INT":"Not Affected","RIF_RL_100YR_2020":"Not Affected","RIF_RL_100YR_2040":"Not Affected","RIF_RL_100YR_2070":"Not Affected","RIF_RL_500YR_2020":"Not Affected","RIF_RL_500YR_2040":"Not Affected","RIF_RL_500YR_2070":"Not Affected"}},{"type":"Feature","id":78,"geometry":{"type":"Point","coordinates":[-81.3982041742035,30.2733120046423]},"properties":{"OBJECTID_1":78,"OBJECTID":78,"HAZUSID":" ","Name":"BAPTIST MED CENT BEACHES","Address":"1350 13TH AVE S","City":"JACKSONVILLE BEACH","Zip":"32250","COUNTY":"Duval","X":-81.39820417,"Y":30.27331201,"LONGLAT":"-81.39820417,30.27331201","USNG":"17R MP 61699 49138","OWNERSHIP":" ","PARCELID":" ","FACILITY_T":"HOSPITAL - ACUTE CARE","TTL_BEDS":146,"EFCLASS":"EFHL","Asset_Elevation":null,"Owned_Maintained":null,"Asset":"HOSPITAL - ACUTE CARE","Asset_Sub_Type":null,"Asset_Type":"Hospitals","Asset_Group":"Critical Community and Emergency Facilities","Asset_Relevancy":"Locally Significant","Asset_ID":"HOSP_PT_78","Municipality":"Jacksonville Beach","Water_Management_District":"St. Johns River Water Management District","Souce_Dataset_Entity":"FDEM","Souce_Dataset_Name":"Hospitals - FDEM","Source_Asset_ID":null,"Restricted_Public_Disclosure":null,"Notes":null,"Regional_Planning_Council":"Northeast Florida","FDEP_Regulatory_District":"Northeast District","RCP_Region":"Northeast","FDOT_District":2,"House_District_Number":16,"Senate_District_Number":4,"CTF_RL_2020":"Not Affected","CTF_RL_2040_IL":"Not Affected","CTF_RL_2040_INT":"Not Affected","CTF_RL_2070_IL":"Not Affected","CTF_RL_2070_INT":"Not Affected","SSF_RL_100YR_CURR":"Not Affected","SSF_RL_100YR_2040_IL":"Not Affected","SSF_RL_100YR_2040_INT":"Not Affected","SSF_RL_100YR_2070_IL":"Not Affected","SSF_RL_100YR_2070_INT":"Not Affected","SSF_RL_500YR_CURR":"Not Affected","SSF_RL_500YR_2040_IL":"Not Affected","SSF_RL_500YR_2040_INT":"Not Affected","SSF_RL_500YR_2070_IL":"Not Affected","SSF_RL_500YR_2070_INT":"Not Affected","RIF_RL_100YR_2020":"Not Affected","RIF_RL_100YR_2040":"Not Affected","RIF_RL_100YR_2070":"Not Affected","RIF_RL_500YR_2020":"Medium","RIF_RL_500YR_2040":"Medium","RIF_RL_500YR_2070":"Medium"}},{"type":"Feature","id":79,"geometry":{"type":"Point","coordinates":[-81.5828704889451,30.2538732394335]},"properties":{"OBJECTID_1":79,"OBJECTID":79,"HAZUSID":" ","Name":"ST VINCENT'S MEDICAL CNTR SOUTHSIDE","Address":"4201 BELFORT RD","City":"JACKSONVILLE","Zip":"32216","COUNTY":"Duval","X":-81.58287049,"Y":30.25387324,"LONGLAT":"-81.58287049,30.25387324","USNG":"17R MP 43926 47060","OWNERSHIP":" ","PARCELID":" ","FACILITY_T":"HOSPITAL - ACUTE CARE","TTL_BEDS":311,"EFCLASS":"EFHL","Asset_Elevation":null,"Owned_Maintained":null,"Asset":"HOSPITAL - ACUTE CARE","Asset_Sub_Type":null,"Asset_Type":"Hospitals","Asset_Group":"Critical Community and Emergency Facilities","Asset_Relevancy":"Locally Significant","Asset_ID":"HOSP_PT_79","Municipality":"Jacksonville","Water_Management_District":"St. Johns River Water Management District","Souce_Dataset_Entity":"FDEM","Souce_Dataset_Name":"Hospitals - FDEM","Source_Asset_ID":null,"Restricted_Public_Disclosure":null,"Notes":null,"Regional_Planning_Council":"Northeast Florida","FDEP_Regulatory_District":"Northeast District","RCP_Region":"Northeast","FDOT_District":2,"House_District_Number":17,"Senate_District_Number":5,"CTF_RL_2020":"Not Affected","CTF_RL_2040_IL":"Not Affected","CTF_RL_2040_INT":"Not Affected","CTF_RL_2070_IL":"Not Affected","CTF_RL_2070_INT":"Not Affected","SSF_RL_100YR_CURR":"Not Affected","SSF_RL_100YR_2040_IL":"Not Affected","SSF_RL_100YR_2040_INT":"Not Affected","SSF_RL_100YR_2070_IL":"Not Affected","SSF_RL_100YR_2070_INT":"Not Affected","SSF_RL_500YR_CURR":"Not Affected","SSF_RL_500YR_2040_IL":"Not Affected","SSF_RL_500YR_2040_INT":"Not Affected","SSF_RL_500YR_2070_IL":"Not Affected","SSF_RL_500YR_2070_INT":"Not Affected","RIF_RL_100YR_2020":"Not Affected","RIF_RL_100YR_2040":"Not Affected","RIF_RL_100YR_2070":"Not Affected","RIF_RL_500YR_2020":"Not Affected","RIF_RL_500YR_2040":"Not Affected","RIF_RL_500YR_2070":"Not Affected"}},{"type":"Feature","id":80,"geometry":{"type":"Point","coordinates":[-81.6218158347534,30.2624545307228]},"properties":{"OBJECTID_1":80,"OBJECTID":80,"HAZUSID":" ","Name":"LAKEWOOD ACUTE CARE CENTER","Address":"5978 POWERS AVENUE","City":"JACKSONVILLE","Zip":"32217","COUNTY":"Duval","X":-81.62181583,"Y":30.26245453,"LONGLAT":"-81.62181583,30.26245453","USNG":"17R MP 40185 48031","OWNERSHIP":" ","PARCELID":" ","FACILITY_T":"HOSPITAL - ACUTE CARE","TTL_BEDS":0,"EFCLASS":"MDFLT","Asset_Elevation":null,"Owned_Maintained":null,"Asset":"HOSPITAL - ACUTE CARE","Asset_Sub_Type":null,"Asset_Type":"Hospitals","Asset_Group":"Critical Community and Emergency Facilities","Asset_Relevancy":"Locally Significant","Asset_ID":"HOSP_PT_80","Municipality":"Jacksonville","Water_Management_District":"St. Johns River Water Management District","Souce_Dataset_Entity":"FDEM","Souce_Dataset_Name":"Hospitals - FDEM","Source_Asset_ID":null,"Restricted_Public_Disclosure":null,"Notes":null,"Regional_Planning_Council":"Northeast Florida","FDEP_Regulatory_District":"Northeast District","RCP_Region":"Northeast","FDOT_District":2,"House_District_Number":12,"Senate_District_Number":5,"CTF_RL_2020":"Not Affected","CTF_RL_2040_IL":"Not Affected","CTF_RL_2040_INT":"Not Affected","CTF_RL_2070_IL":"Not Affected","CTF_RL_2070_INT":"Not Affected","SSF_RL_100YR_CURR":"Not Affected","SSF_RL_100YR_2040_IL":"Not Affected","SSF_RL_100YR_2040_INT":"Not Affected","SSF_RL_100YR_2070_IL":"Not Affected","SSF_RL_100YR_2070_INT":"Not Affected","SSF_RL_500YR_CURR":"Not Affected","SSF_RL_500YR_2040_IL":"Not Affected","SSF_RL_500YR_2040_INT":"Not Affected","SSF_RL_500YR_2070_IL":"Not Affected","SSF_RL_500YR_2070_INT":"Not Affected","RIF_RL_100YR_2020":"Not Affected","RIF_RL_100YR_2040":"Not Affected","RIF_RL_100YR_2070":"Not Affected","RIF_RL_500YR_2020":"Not Affected","RIF_RL_500YR_2040":"Not Affected","RIF_RL_500YR_2070":"Not Affected"}},{"type":"Feature","id":81,"geometry":{"type":"Point","coordinates":[-81.6634304313639,30.34708940872]},"properties":{"OBJECTID_1":81,"OBJECTID":81,"HAZUSID":" ","Name":"TRAUMA ONE AT SHANDS JACKSONVILLE","Address":"655 W 8TH ST","City":"JACKSONVILLE","Zip":"32209","COUNTY":"Duval","X":-81.66343043,"Y":30.34708941,"LONGLAT":"-81.66343043,30.34708941","USNG":"17R MP 36236 57433","OWNERSHIP":" ","PARCELID":" ","FACILITY_T":"HOSPITAL - ACUTE CARE","TTL_BEDS":0,"EFCLASS":"MDFLT","Asset_Elevation":null,"Owned_Maintained":null,"Asset":"HOSPITAL - ACUTE CARE","Asset_Sub_Type":null,"Asset_Type":"Hospitals","Asset_Group":"Critical Community and Emergency Facilities","Asset_Relevancy":"Locally Significant","Asset_ID":"HOSP_PT_81","Municipality":"Jacksonville","Water_Management_District":"St. Johns River Water Management District","Souce_Dataset_Entity":"FDEM","Souce_Dataset_Name":"Hospitals - FDEM","Source_Asset_ID":null,"Restricted_Public_Disclosure":null,"Notes":null,"Regional_Planning_Council":"Northeast Florida","FDEP_Regulatory_District":"Northeast District","RCP_Region":"Northeast","FDOT_District":2,"House_District_Number":14,"Senate_District_Number":5,"CTF_RL_2020":"Not Affected","CTF_RL_2040_IL":"Not Affected","CTF_RL_2040_INT":"Not Affected","CTF_RL_2070_IL":"Not Affected","CTF_RL_2070_INT":"Not Affected","SSF_RL_100YR_CURR":"Not Affected","SSF_RL_100YR_2040_IL":"Not Affected","SSF_RL_100YR_2040_INT":"Not Affected","SSF_RL_100YR_2070_IL":"Not Affected","SSF_RL_100YR_2070_INT":"Not Affected","SSF_RL_500YR_CURR":"Not Affected","SSF_RL_500YR_2040_IL":"Not Affected","SSF_RL_500YR_2040_INT":"Not Affected","SSF_RL_500YR_2070_IL":"Not Affected","SSF_RL_500YR_2070_INT":"Not Affected","RIF_RL_100YR_2020":"Not Affected","RIF_RL_100YR_2040":"Not Affected","RIF_RL_100YR_2070":"Not Affected","RIF_RL_500YR_2020":"Not Affected","RIF_RL_500YR_2040":"Not Affected","RIF_RL_500YR_2070":"Not Affected"}},{"type":"Feature","id":82,"geometry":{"type":"Point","coordinates":[-81.6011710298085,30.2902541955615]},"properties":{"OBJECTID_1":82,"OBJECTID":82,"HAZUSID":" ","Name":"BROOKS REHABILITATION HOSP","Address":"3599 UNIVERSITY BLVD S","City":"JACKSONVILLE","Zip":"32216","COUNTY":"Duval","X":-81.60117103,"Y":30.2902542,"LONGLAT":"-81.60117103,30.29025420","USNG":"17R MP 42187 51101","OWNERSHIP":" ","PARCELID":" ","FACILITY_T":"HOSPITAL","TTL_BEDS":160,"EFCLASS":"EFHL","Asset_Elevation":null,"Owned_Maintained":null,"Asset":"HOSPITAL","Asset_Sub_Type":null,"Asset_Type":"Hospitals","Asset_Group":"Critical Community and Emergency Facilities","Asset_Relevancy":"Locally Significant","Asset_ID":"HOSP_PT_82","Municipality":"Jacksonville","Water_Management_District":"St. Johns River Water Management District","Souce_Dataset_Entity":"FDEM","Souce_Dataset_Name":"Hospitals - FDEM","Source_Asset_ID":null,"Restricted_Public_Disclosure":null,"Notes":null,"Regional_Planning_Council":"Northeast Florida","FDEP_Regulatory_District":"Northeast District","RCP_Region":"Northeast","FDOT_District":2,"House_District_Number":17,"Senate_District_Number":5,"CTF_RL_2020":"Not Affected","CTF_RL_2040_IL":"Not Affected","CTF_RL_2040_INT":"Not Affected","CTF_RL_2070_IL":"Not Affected","CTF_RL_2070_INT":"Not Affected","SSF_RL_100YR_CURR":"Not Affected","SSF_RL_100YR_2040_IL":"Not Affected","SSF_RL_100YR_2040_INT":"Not Affected","SSF_RL_100YR_2070_IL":"Not Affected","SSF_RL_100YR_2070_INT":"Not Affected","SSF_RL_500YR_CURR":"Not Affected","SSF_RL_500YR_2040_IL":"Not Affected","SSF_RL_500YR_2040_INT":"Not Affected","SSF_RL_500YR_2070_IL":"Not Affected","SSF_RL_500YR_2070_INT":"Not Affected","RIF_RL_100YR_2020":"Not Affected","RIF_RL_100YR_2040":"Not Affected","RIF_RL_100YR_2070":"Not Affected","RIF_RL_500YR_2020":"Not Affected","RIF_RL_500YR_2040":"Not Affected","RIF_RL_500YR_2070":"Not Affected"}},{"type":"Feature","id":83,"geometry":{"type":"Point","coordinates":[-81.6154181958171,30.2715964902116]},"properties":{"OBJECTID_1":83,"OBJECTID":83,"HAZUSID":" ","Name":"SPECIALTY HOSPITAL JACKSONVILLE","Address":"4901 RICHARD ST","City":"JACKSONVILLE","Zip":"32207","COUNTY":"Duval","X":-81.6154182,"Y":30.27159649,"LONGLAT":"-81.61541820,30.27159649","USNG":"17R MP 40806 49041","OWNERSHIP":" ","PARCELID":" ","FACILITY_T":"HOSPITAL","TTL_BEDS":107,"EFCLASS":"EFHL","Asset_Elevation":null,"Owned_Maintained":null,"Asset":"HOSPITAL","Asset_Sub_Type":null,"Asset_Type":"Hospitals","Asset_Group":"Critical Community and Emergency Facilities","Asset_Relevancy":"Locally Significant","Asset_ID":"HOSP_PT_83","Municipality":"Jacksonville","Water_Management_District":"St. Johns River Water Management District","Souce_Dataset_Entity":"FDEM","Souce_Dataset_Name":"Hospitals - FDEM","Source_Asset_ID":null,"Restricted_Public_Disclosure":null,"Notes":null,"Regional_Planning_Council":"Northeast Florida","FDEP_Regulatory_District":"Northeast District","RCP_Region":"Northeast","FDOT_District":2,"House_District_Number":12,"Senate_District_Number":5,"CTF_RL_2020":"Not Affected","CTF_RL_2040_IL":"Not Affected","CTF_RL_2040_INT":"Not Affected","CTF_RL_2070_IL":"Not Affected","CTF_RL_2070_INT":"Not Affected","SSF_RL_100YR_CURR":"Not Affected","SSF_RL_100YR_2040_IL":"Not Affected","SSF_RL_100YR_2040_INT":"Not Affected","SSF_RL_100YR_2070_IL":"Not Affected","SSF_RL_100YR_2070_INT":"Not Affected","SSF_RL_500YR_CURR":"Not Affected","SSF_RL_500YR_2040_IL":"Not Affected","SSF_RL_500YR_2040_INT":"Not Affected","SSF_RL_500YR_2070_IL":"Not Affected","SSF_RL_500YR_2070_INT":"Not Affected","RIF_RL_100YR_2020":"Not Affected","RIF_RL_100YR_2040":"Not Affected","RIF_RL_100YR_2070":"Not Affected","RIF_RL_500YR_2020":"Not Affected","RIF_RL_500YR_2040":"Not Affected","RIF_RL_500YR_2070":"Not Affected"}},{"type":"Feature","id":84,"geometry":{"type":"Point","coordinates":[-81.5973354746579,30.2901629239051]},"properties":{"OBJECTID_1":84,"OBJECTID":84,"HAZUSID":" ","Name":"RIVER POINT BEHAVIORAL HEALTH","Address":"6300 BEACH BLVD","City":"JACKSONVILLE","Zip":"32216","COUNTY":"Duval","X":-81.59733547,"Y":30.29016292,"LONGLAT":"-81.59733547,30.29016292","USNG":"17R MP 42556 51089","OWNERSHIP":" ","PARCELID":" ","FACILITY_T":"HOSPITAL","TTL_BEDS":84,"EFCLASS":"EFHM","Asset_Elevation":null,"Owned_Maintained":null,"Asset":"HOSPITAL","Asset_Sub_Type":null,"Asset_Type":"Hospitals","Asset_Group":"Critical Community and Emergency Facilities","Asset_Relevancy":"Locally Significant","Asset_ID":"HOSP_PT_84","Municipality":"Jacksonville","Water_Management_District":"St. Johns River Water Management District","Souce_Dataset_Entity":"FDEM","Souce_Dataset_Name":"Hospitals - FDEM","Source_Asset_ID":null,"Restricted_Public_Disclosure":null,"Notes":null,"Regional_Planning_Council":"Northeast Florida","FDEP_Regulatory_District":"Northeast District","RCP_Region":"Northeast","FDOT_District":2,"House_District_Number":17,"Senate_District_Number":5,"CTF_RL_2020":"Not Affected","CTF_RL_2040_IL":"Not Affected","CTF_RL_2040_INT":"Not Affected","CTF_RL_2070_IL":"Not Affected","CTF_RL_2070_INT":"Not Affected","SSF_RL_100YR_CURR":"Not Affected","SSF_RL_100YR_2040_IL":"Not Affected","SSF_RL_100YR_2040_INT":"Not Affected","SSF_RL_100YR_2070_IL":"Not Affected","SSF_RL_100YR_2070_INT":"Not Affected","SSF_RL_500YR_CURR":"Not Affected","SSF_RL_500YR_2040_IL":"Not Affected","SSF_RL_500YR_2040_INT":"Not Affected","SSF_RL_500YR_2070_IL":"Not Affected","SSF_RL_500YR_2070_INT":"Not Affected","RIF_RL_100YR_2020":"Not Affected","RIF_RL_100YR_2040":"Not Affected","RIF_RL_100YR_2070":"Not Affected","RIF_RL_500YR_2020":"Not Affected","RIF_RL_500YR_2040":"Not Affected","RIF_RL_500YR_2070":"Not Affected"}},{"type":"Feature","id":85,"geometry":{"type":"Point","coordinates":[-81.6619734928656,30.3445279203332]},"properties":{"OBJECTID_1":85,"OBJECTID":85,"HAZUSID":" ","Name":"DUVAL COUNTY HEALTH DEPT CENTER FOR WOME","Address":"515 W 6TH STREET","City":"JACKSONVILLE","Zip":"32206","COUNTY":"Duval","X":-81.66197349,"Y":30.34452792,"LONGLAT":"-81.66197349,30.34452792","USNG":"17R MP 36375 57148","OWNERSHIP":" ","PARCELID":" ","FACILITY_T":"HOSPITAL","TTL_BEDS":0,"EFCLASS":"MDFLT","Asset_Elevation":null,"Owned_Maintained":null,"Asset":"HOSPITAL","Asset_Sub_Type":null,"Asset_Type":"Hospitals","Asset_Group":"Critical Community and Emergency Facilities","Asset_Relevancy":"Locally Significant","Asset_ID":"HOSP_PT_85","Municipality":"Jacksonville","Water_Management_District":"St. Johns River Water Management District","Souce_Dataset_Entity":"FDEM","Souce_Dataset_Name":"Hospitals - FDEM","Source_Asset_ID":null,"Restricted_Public_Disclosure":null,"Notes":null,"Regional_Planning_Council":"Northeast Florida","FDEP_Regulatory_District":"Northeast District","RCP_Region":"Northeast","FDOT_District":2,"House_District_Number":14,"Senate_District_Number":5,"CTF_RL_2020":"Not Affected","CTF_RL_2040_IL":"Not Affected","CTF_RL_2040_INT":"Not Affected","CTF_RL_2070_IL":"Not Affected","CTF_RL_2070_INT":"Not Affected","SSF_RL_100YR_CURR":"Not Affected","SSF_RL_100YR_2040_IL":"Not Affected","SSF_RL_100YR_2040_INT":"Not Affected","SSF_RL_100YR_2070_IL":"Not Affected","SSF_RL_100YR_2070_INT":"Not Affected","SSF_RL_500YR_CURR":"Not Affected","SSF_RL_500YR_2040_IL":"Not Affected","SSF_RL_500YR_2040_INT":"Not Affected","SSF_RL_500YR_2070_IL":"Not Affected","SSF_RL_500YR_2070_INT":"Not Affected","RIF_RL_100YR_2020":"Low","RIF_RL_100YR_2040":"Low","RIF_RL_100YR_2070":"Low","RIF_RL_500YR_2020":"Low","RIF_RL_500YR_2040":"Low","RIF_RL_500YR_2070":"Low"}},{"type":"Feature","id":86,"geometry":{"type":"Point","coordinates":[-81.5940381519484,30.2573849555195]},"properties":{"OBJECTID_1":86,"OBJECTID":86,"HAZUSID":" ","Name":"WEKIVA SPRINGS","Address":"3947 SALISBURY RD","City":"JACKSONVILLE","Zip":"32216","COUNTY":"Duval","X":-81.59403815,"Y":30.25738496,"LONGLAT":"-81.59403815,30.25738496","USNG":"17R MP 42854 47455","OWNERSHIP":" ","PARCELID":" ","FACILITY_T":"HOSPITAL","TTL_BEDS":120,"EFCLASS":"EFHL","Asset_Elevation":null,"Owned_Maintained":null,"Asset":"HOSPITAL","Asset_Sub_Type":null,"Asset_Type":"Hospitals","Asset_Group":"Critical Community and Emergency Facilities","Asset_Relevancy":"Locally Significant","Asset_ID":"HOSP_PT_86","Municipality":"Jacksonville","Water_Management_District":"St. Johns River Water Management District","Souce_Dataset_Entity":"FDEM","Souce_Dataset_Name":"Hospitals - FDEM","Source_Asset_ID":null,"Restricted_Public_Disclosure":null,"Notes":null,"Regional_Planning_Council":"Northeast Florida","FDEP_Regulatory_District":"Northeast District","RCP_Region":"Northeast","FDOT_District":2,"House_District_Number":17,"Senate_District_Number":5,"CTF_RL_2020":"Not Affected","CTF_RL_2040_IL":"Not Affected","CTF_RL_2040_INT":"Not Affected","CTF_RL_2070_IL":"Not Affected","CTF_RL_2070_INT":"Not Affected","SSF_RL_100YR_CURR":"Not Affected","SSF_RL_100YR_2040_IL":"Not Affected","SSF_RL_100YR_2040_INT":"Not Affected","SSF_RL_100YR_2070_IL":"Not Affected","SSF_RL_100YR_2070_INT":"Not Affected","SSF_RL_500YR_CURR":"Not Affected","SSF_RL_500YR_2040_IL":"Not Affected","SSF_RL_500YR_2040_INT":"Not Affected","SSF_RL_500YR_2070_IL":"Not Affected","SSF_RL_500YR_2070_INT":"Not Affected","RIF_RL_100YR_2020":"Not Affected","RIF_RL_100YR_2040":"Not Affected","RIF_RL_100YR_2070":"Not Affected","RIF_RL_500YR_2020":"Not Affected","RIF_RL_500YR_2040":"Not Affected","RIF_RL_500YR_2070":"Not Affected"}},{"type":"Feature","id":87,"geometry":{"type":"Point","coordinates":[-81.6615892545996,30.347501113326]},"properties":{"OBJECTID_1":87,"OBJECTID":87,"HAZUSID":" ","Name":"SHANDS JACKSONVILLE MEDICAL CNTR","Address":"655 W 8TH ST","City":"JACKSONVILLE","Zip":"32209","COUNTY":"Duval","X":-81.66158925,"Y":30.34750111,"LONGLAT":"-81.66158925,30.34750111","USNG":"17R MP 36414 57477","OWNERSHIP":" ","PARCELID":" ","FACILITY_T":"HOSPITAL - TRAUMA","TTL_BEDS":695,"EFCLASS":"EFHL","Asset_Elevation":null,"Owned_Maintained":null,"Asset":"HOSPITAL - TRAUMA","Asset_Sub_Type":null,"Asset_Type":"Hospitals","Asset_Group":"Critical Community and Emergency Facilities","Asset_Relevancy":"Locally Significant","Asset_ID":"HOSP_PT_87","Municipality":"Jacksonville","Water_Management_District":"St. Johns River Water Management District","Souce_Dataset_Entity":"FDEM","Souce_Dataset_Name":"Hospitals - FDEM","Source_Asset_ID":null,"Restricted_Public_Disclosure":null,"Notes":null,"Regional_Planning_Council":"Northeast Florida","FDEP_Regulatory_District":"Northeast District","RCP_Region":"Northeast","FDOT_District":2,"House_District_Number":14,"Senate_District_Number":5,"CTF_RL_2020":"Not Affected","CTF_RL_2040_IL":"Not Affected","CTF_RL_2040_INT":"Not Affected","CTF_RL_2070_IL":"Not Affected","CTF_RL_2070_INT":"Not Affected","SSF_RL_100YR_CURR":"Not Affected","SSF_RL_100YR_2040_IL":"Not Affected","SSF_RL_100YR_2040_INT":"Not Affected","SSF_RL_100YR_2070_IL":"Not Affected","SSF_RL_100YR_2070_INT":"Not Affected","SSF_RL_500YR_CURR":"Not Affected","SSF_RL_500YR_2040_IL":"Not Affected","SSF_RL_500YR_2040_INT":"Not Affected","SSF_RL_500YR_2070_IL":"Not Affected","SSF_RL_500YR_2070_INT":"Not Affected","RIF_RL_100YR_2020":"Not Affected","RIF_RL_100YR_2040":"Not Affected","RIF_RL_100YR_2070":"Not Affected","RIF_RL_500YR_2020":"Not Affected","RIF_RL_500YR_2040":"Not Affected","RIF_RL_500YR_2070":"Not Affected"}},{"type":"Feature","id":88,"geometry":{"type":"Point","coordinates":[-81.6643880161088,30.3481299877916]},"properties":{"OBJECTID_1":88,"OBJECTID":88,"HAZUSID":" ","Name":"UF HEALTH JAXS","Address":"655 W 8TH ST","City":"JACKSONVILLE","Zip":"32209","COUNTY":"Duval","X":-81.66438802,"Y":30.34812999,"LONGLAT":"-81.66438802,30.34812999","USNG":"17R MP 36145 57549","OWNERSHIP":" ","PARCELID":" ","FACILITY_T":"HOSPITAL - TRAUMA","TTL_BEDS":695,"EFCLASS":"EFHL","Asset_Elevation":null,"Owned_Maintained":null,"Asset":"HOSPITAL - TRAUMA","Asset_Sub_Type":null,"Asset_Type":"Hospitals","Asset_Group":"Critical Community and Emergency Facilities","Asset_Relevancy":"Locally Significant","Asset_ID":"HOSP_PT_88","Municipality":"Jacksonville","Water_Management_District":"St. Johns River Water Management District","Souce_Dataset_Entity":"FDEM","Souce_Dataset_Name":"Hospitals - FDEM","Source_Asset_ID":null,"Restricted_Public_Disclosure":null,"Notes":null,"Regional_Planning_Council":"Northeast Florida","FDEP_Regulatory_District":"Northeast District","RCP_Region":"Northeast","FDOT_District":2,"House_District_Number":14,"Senate_District_Number":5,"CTF_RL_2020":"Not Affected","CTF_RL_2040_IL":"Not Affected","CTF_RL_2040_INT":"Not Affected","CTF_RL_2070_IL":"Not Affected","CTF_RL_2070_INT":"Not Affected","SSF_RL_100YR_CURR":"Not Affected","SSF_RL_100YR_2040_IL":"Not Affected","SSF_RL_100YR_2040_INT":"Not Affected","SSF_RL_100YR_2070_IL":"Not Affected","SSF_RL_100YR_2070_INT":"Not Affected","SSF_RL_500YR_CURR":"Not Affected","SSF_RL_500YR_2040_IL":"Not Affected","SSF_RL_500YR_2040_INT":"Not Affected","SSF_RL_500YR_2070_IL":"Not Affected","SSF_RL_500YR_2070_INT":"Not Affected","RIF_RL_100YR_2020":"Not Affected","RIF_RL_100YR_2040":"Not Affected","RIF_RL_100YR_2070":"Not Affected","RIF_RL_500YR_2020":"Not Affected","RIF_RL_500YR_2040":"Not Affected","RIF_RL_500YR_2070":"Not Affected"}},{"type":"Feature","id":89,"geometry":{"type":"Point","coordinates":[-87.2115181344461,30.4756993756098]},"properties":{"OBJECTID_1":89,"OBJECTID":89,"HAZUSID":" ","Name":"SACRED HEART HOSPITAL","Address":"5151 N 9TH AVE","City":"PENSACOLA","Zip":"32504","COUNTY":"Escambia","X":-87.21151813,"Y":30.475699379999998,"LONGLAT":"-87.21151813,30.47569938","USNG":"16R DU 79697 71517","OWNERSHIP":" ","PARCELID":" ","FACILITY_T":"HOSPITAL - TRAUMA","TTL_BEDS":566,"EFCLASS":"EFHL","Asset_Elevation":null,"Owned_Maintained":null,"Asset":"HOSPITAL - TRAUMA","Asset_Sub_Type":null,"Asset_Type":"Hospitals","Asset_Group":"Critical Community and Emergency Facilities","Asset_Relevancy":"Locally Significant","Asset_ID":"HOSP_PT_89","Municipality":"Pensacola","Water_Management_District":"Northwest Florida Water Management District","Souce_Dataset_Entity":"FDEM","Souce_Dataset_Name":"Hospitals - FDEM","Source_Asset_ID":null,"Restricted_Public_Disclosure":null,"Notes":null,"Regional_Planning_Council":"Emerald Coast","FDEP_Regulatory_District":"Northwest District","RCP_Region":"Northwest","FDOT_District":3,"House_District_Number":2,"Senate_District_Number":1,"CTF_RL_2020":"Not Affected","CTF_RL_2040_IL":"Not Affected","CTF_RL_2040_INT":"Not Affected","CTF_RL_2070_IL":"Not Affected","CTF_RL_2070_INT":"Not Affected","SSF_RL_100YR_CURR":"Not Affected","SSF_RL_100YR_2040_IL":"Not Affected","SSF_RL_100YR_2040_INT":"Not Affected","SSF_RL_100YR_2070_IL":"Not Affected","SSF_RL_100YR_2070_INT":"Not Affected","SSF_RL_500YR_CURR":"Not Affected","SSF_RL_500YR_2040_IL":"Not Affected","SSF_RL_500YR_2040_INT":"Not Affected","SSF_RL_500YR_2070_IL":"Not Affected","SSF_RL_500YR_2070_INT":"Not Affected","RIF_RL_100YR_2020":"Not Affected","RIF_RL_100YR_2040":"Not Affected","RIF_RL_100YR_2070":"Not Affected","RIF_RL_500YR_2020":"High","RIF_RL_500YR_2040":"High","RIF_RL_500YR_2070":"High"}},{"type":"Feature","id":90,"geometry":{"type":"Point","coordinates":[-87.2925200000901,30.3987899988607]},"properties":{"OBJECTID_1":90,"OBJECTID":90,"HAZUSID":" ","Name":"GULF COAST VET HEATLTH SYSTEM","Address":"790 VETERANS WAY","City":"PENSACOLA","Zip":"32507","COUNTY":"Escambia","X":-87.29252,"Y":30.39879,"LONGLAT":"-87.29252000,30.39879000","USNG":"16R DU 71900 63012","OWNERSHIP":" ","PARCELID":" ","FACILITY_T":"HOSPITAL - VA","TTL_BEDS":0,"EFCLASS":"MDFLT","Asset_Elevation":null,"Owned_Maintained":null,"Asset":"HOSPITAL - VA","Asset_Sub_Type":null,"Asset_Type":"Hospitals","Asset_Group":"Critical Community and Emergency Facilities","Asset_Relevancy":"Locally Significant","Asset_ID":"HOSP_PT_90","Municipality":null,"Water_Management_District":"Northwest Florida Water Management District","Souce_Dataset_Entity":"FDEM","Souce_Dataset_Name":"Hospitals - FDEM","Source_Asset_ID":null,"Restricted_Public_Disclosure":null,"Notes":null,"Regional_Planning_Council":"Emerald Coast","FDEP_Regulatory_District":"Northwest District","RCP_Region":"Northwest","FDOT_District":3,"House_District_Number":2,"Senate_District_Number":1,"CTF_RL_2020":"Not Affected","CTF_RL_2040_IL":"Not Affected","CTF_RL_2040_INT":"Not Affected","CTF_RL_2070_IL":"Not Affected","CTF_RL_2070_INT":"Not Affected","SSF_RL_100YR_CURR":"Not Affected","SSF_RL_100YR_2040_IL":"Not Affected","SSF_RL_100YR_2040_INT":"Not Affected","SSF_RL_100YR_2070_IL":"Not Affected","SSF_RL_100YR_2070_INT":"Not Affected","SSF_RL_500YR_CURR":"Not Affected","SSF_RL_500YR_2040_IL":"Not Affected","SSF_RL_500YR_2040_INT":"Not Affected","SSF_RL_500YR_2070_IL":"Not Affected","SSF_RL_500YR_2070_INT":"Not Affected","RIF_RL_100YR_2020":"Not Affected","RIF_RL_100YR_2040":"Not Affected","RIF_RL_100YR_2070":"Not Affected","RIF_RL_500YR_2020":"Not Affected","RIF_RL_500YR_2040":"Not Affected","RIF_RL_500YR_2070":"Not Affected"}},{"type":"Feature","id":91,"geometry":{"type":"Point","coordinates":[-87.2311908397771,30.428897718859]},"properties":{"OBJECTID_1":91,"OBJECTID":91,"HAZUSID":" ","Name":"BAPTIST HOSP INC","Address":"1000 W MORENO ST","City":"PENSACOLA","Zip":"32501","COUNTY":"Escambia","X":-87.23119084,"Y":30.42889772,"LONGLAT":"-87.23119084,30.42889772","USNG":"16R DU 77798 66334","OWNERSHIP":" ","PARCELID":" ","FACILITY_T":"HOSPITAL - TRAUMA","TTL_BEDS":492,"EFCLASS":"EFHL","Asset_Elevation":null,"Owned_Maintained":null,"Asset":"HOSPITAL - TRAUMA","Asset_Sub_Type":null,"Asset_Type":"Hospitals","Asset_Group":"Critical Community and Emergency Facilities","Asset_Relevancy":"Locally Significant","Asset_ID":"HOSP_PT_91","Municipality":"Pensacola","Water_Management_District":"Northwest Florida Water Management District","Souce_Dataset_Entity":"FDEM","Souce_Dataset_Name":"Hospitals - FDEM","Source_Asset_ID":null,"Restricted_Public_Disclosure":null,"Notes":null,"Regional_Planning_Council":"Emerald Coast","FDEP_Regulatory_District":"Northwest District","RCP_Region":"Northwest","FDOT_District":3,"House_District_Number":2,"Senate_District_Number":1,"CTF_RL_2020":"Not Affected","CTF_RL_2040_IL":"Not Affected","CTF_RL_2040_INT":"Not Affected","CTF_RL_2070_IL":"Not Affected","CTF_RL_2070_INT":"Not Affected","SSF_RL_100YR_CURR":"Not Affected","SSF_RL_100YR_2040_IL":"Not Affected","SSF_RL_100YR_2040_INT":"Not Affected","SSF_RL_100YR_2070_IL":"Not Affected","SSF_RL_100YR_2070_INT":"Not Affected","SSF_RL_500YR_CURR":"Not Affected","SSF_RL_500YR_2040_IL":"Not Affected","SSF_RL_500YR_2040_INT":"Not Affected","SSF_RL_500YR_2070_IL":"Not Affected","SSF_RL_500YR_2070_INT":"Not Affected","RIF_RL_100YR_2020":"Not Affected","RIF_RL_100YR_2040":"Not Affected","RIF_RL_100YR_2070":"Not Affected","RIF_RL_500YR_2020":"Not Affected","RIF_RL_500YR_2040":"Not Affected","RIF_RL_500YR_2070":"Not Affected"}},{"type":"Feature","id":92,"geometry":{"type":"Point","coordinates":[-87.2974999996433,30.3984999994917]},"properties":{"OBJECTID_1":92,"OBJECTID":92,"HAZUSID":" ","Name":"NAVAL HOSP PENSACOLA","Address":"6000 W HWY 98","City":"PENSACOLA","Zip":"32512","COUNTY":"Escambia","X":-87.2975,"Y":30.3985,"LONGLAT":"-87.29750000,30.39850000","USNG":"16R DU 71422 62981","OWNERSHIP":" ","PARCELID":" ","FACILITY_T":"HOSPITAL - VA","TTL_BEDS":0,"EFCLASS":"MDFLT","Asset_Elevation":null,"Owned_Maintained":null,"Asset":"HOSPITAL - VA","Asset_Sub_Type":null,"Asset_Type":"Hospitals","Asset_Group":"Critical Community and Emergency Facilities","Asset_Relevancy":"Locally Significant","Asset_ID":"HOSP_PT_92","Municipality":null,"Water_Management_District":"Northwest Florida Water Management District","Souce_Dataset_Entity":"FDEM","Souce_Dataset_Name":"Hospitals - FDEM","Source_Asset_ID":null,"Restricted_Public_Disclosure":null,"Notes":null,"Regional_Planning_Council":"Emerald Coast","FDEP_Regulatory_District":"Northwest District","RCP_Region":"Northwest","FDOT_District":3,"House_District_Number":2,"Senate_District_Number":1,"CTF_RL_2020":"Not Affected","CTF_RL_2040_IL":"Not Affected","CTF_RL_2040_INT":"Not Affected","CTF_RL_2070_IL":"Not Affected","CTF_RL_2070_INT":"Not Affected","SSF_RL_100YR_CURR":"Not Affected","SSF_RL_100YR_2040_IL":"Not Affected","SSF_RL_100YR_2040_INT":"Not Affected","SSF_RL_100YR_2070_IL":"Not Affected","SSF_RL_100YR_2070_INT":"Not Affected","SSF_RL_500YR_CURR":"Not Affected","SSF_RL_500YR_2040_IL":"Not Affected","SSF_RL_500YR_2040_INT":"Not Affected","SSF_RL_500YR_2070_IL":"Not Affected","SSF_RL_500YR_2070_INT":"Not Affected","RIF_RL_100YR_2020":"Not Affected","RIF_RL_100YR_2040":"Not Affected","RIF_RL_100YR_2070":"Not Affected","RIF_RL_500YR_2020":"Not Affected","RIF_RL_500YR_2040":"Not Affected","RIF_RL_500YR_2070":"Not Affected"}},{"type":"Feature","id":93,"geometry":{"type":"Point","coordinates":[-87.2157802976048,30.4787944322869]},"properties":{"OBJECTID_1":93,"OBJECTID":93,"HAZUSID":" ","Name":"SELECT SPECIALTY HOSPITAL - PENSACOLA","Address":"7000 COBBLE CREEK DR","City":"PENSACOLA","Zip":"32504","COUNTY":"Escambia","X":-87.2157803,"Y":30.47879443,"LONGLAT":"-87.21578030,30.47879443","USNG":"16R DU 79289 71861","OWNERSHIP":" ","PARCELID":" ","FACILITY_T":"HOSPITAL","TTL_BEDS":75,"EFCLASS":"EFHM","Asset_Elevation":null,"Owned_Maintained":null,"Asset":"HOSPITAL","Asset_Sub_Type":null,"Asset_Type":"Hospitals","Asset_Group":"Critical Community and Emergency Facilities","Asset_Relevancy":"Locally Significant","Asset_ID":"HOSP_PT_93","Municipality":"Pensacola","Water_Management_District":"Northwest Florida Water Management District","Souce_Dataset_Entity":"FDEM","Souce_Dataset_Name":"Hospitals - FDEM","Source_Asset_ID":null,"Restricted_Public_Disclosure":null,"Notes":null,"Regional_Planning_Council":"Emerald Coast","FDEP_Regulatory_District":"Northwest District","RCP_Region":"Northwest","FDOT_District":3,"House_District_Number":2,"Senate_District_Number":1,"CTF_RL_2020":"Not Affected","CTF_RL_2040_IL":"Not Affected","CTF_RL_2040_INT":"Not Affected","CTF_RL_2070_IL":"Not Affected","CTF_RL_2070_INT":"Not Affected","SSF_RL_100YR_CURR":"Not Affected","SSF_RL_100YR_2040_IL":"Not Affected","SSF_RL_100YR_2040_INT":"Not Affected","SSF_RL_100YR_2070_IL":"Not Affected","SSF_RL_100YR_2070_INT":"Not Affected","SSF_RL_500YR_CURR":"Not Affected","SSF_RL_500YR_2040_IL":"Not Affected","SSF_RL_500YR_2040_INT":"Not Affected","SSF_RL_500YR_2070_IL":"Not Affected","SSF_RL_500YR_2070_INT":"Not Affected","RIF_RL_100YR_2020":"Not Affected","RIF_RL_100YR_2040":"Not Affected","RIF_RL_100YR_2070":"Not Affected","RIF_RL_500YR_2020":"Not Affected","RIF_RL_500YR_2040":"Not Affected","RIF_RL_500YR_2070":"Not Affected"}},{"type":"Feature","id":94,"geometry":{"type":"Point","coordinates":[-87.2175052101052,30.5154891901572]},"properties":{"OBJECTID_1":94,"OBJECTID":94,"HAZUSID":" ","Name":"WEST FLORIDA HOSPITAL","Address":"8383 N DAVIS HWY","City":"PENSACOLA","Zip":"32514","COUNTY":"Escambia","X":-87.21750521,"Y":30.51548919,"LONGLAT":"-87.21750521,30.51548919","USNG":"16R DU 79131 75928","OWNERSHIP":" ","PARCELID":" ","FACILITY_T":"HOSPITAL - ACUTE CARE","TTL_BEDS":515,"EFCLASS":"EFHL","Asset_Elevation":null,"Owned_Maintained":null,"Asset":"HOSPITAL - ACUTE CARE","Asset_Sub_Type":null,"Asset_Type":"Hospitals","Asset_Group":"Critical Community and Emergency Facilities","Asset_Relevancy":"Locally Significant","Asset_ID":"HOSP_PT_94","Municipality":null,"Water_Management_District":"Northwest Florida Water Management District","Souce_Dataset_Entity":"FDEM","Souce_Dataset_Name":"Hospitals - FDEM","Source_Asset_ID":null,"Restricted_Public_Disclosure":null,"Notes":null,"Regional_Planning_Council":"Emerald Coast","FDEP_Regulatory_District":"Northwest District","RCP_Region":"Northwest","FDOT_District":3,"House_District_Number":1,"Senate_District_Number":1,"CTF_RL_2020":"Not Affected","CTF_RL_2040_IL":"Not Affected","CTF_RL_2040_INT":"Not Affected","CTF_RL_2070_IL":"Not Affected","CTF_RL_2070_INT":"Not Affected","SSF_RL_100YR_CURR":"Not Affected","SSF_RL_100YR_2040_IL":"Not Affected","SSF_RL_100YR_2040_INT":"Not Affected","SSF_RL_100YR_2070_IL":"Not Affected","SSF_RL_100YR_2070_INT":"Not Affected","SSF_RL_500YR_CURR":"Not Affected","SSF_RL_500YR_2040_IL":"Not Affected","SSF_RL_500YR_2040_INT":"Not Affected","SSF_RL_500YR_2070_IL":"Not Affected","SSF_RL_500YR_2070_INT":"Not Affected","RIF_RL_100YR_2020":"Not Affected","RIF_RL_100YR_2040":"Not Affected","RIF_RL_100YR_2070":"Not Affected","RIF_RL_500YR_2020":"Not Affected","RIF_RL_500YR_2040":"Not Affected","RIF_RL_500YR_2070":"Not Affected"}},{"type":"Feature","id":95,"geometry":{"type":"Point","coordinates":[-81.1899005917528,29.4789895674047]},"properties":{"OBJECTID_1":95,"OBJECTID":95,"HAZUSID":" ","Name":"FL HOSP FLAGLER","Address":"60 MEMORIAL MEDICAL PKWY","City":"PALM COAST","Zip":"32164","COUNTY":"Flagler","X":-81.18990059,"Y":29.47898957,"LONGLAT":"-81.18990059,29.47898957","USNG":"17R MN 81589 61070","OWNERSHIP":" ","PARCELID":" ","FACILITY_T":"HOSPITAL - ACUTE CARE","TTL_BEDS":99,"EFCLASS":"EFHM","Asset_Elevation":null,"Owned_Maintained":null,"Asset":"HOSPITAL - ACUTE CARE","Asset_Sub_Type":null,"Asset_Type":"Hospitals","Asset_Group":"Critical Community and Emergency Facilities","Asset_Relevancy":"Locally Significant","Asset_ID":"HOSP_PT_95","Municipality":"Palm Coast","Water_Management_District":"St. Johns River Water Management District","Souce_Dataset_Entity":"FDEM","Souce_Dataset_Name":"Hospitals - FDEM","Source_Asset_ID":null,"Restricted_Public_Disclosure":null,"Notes":null,"Regional_Planning_Council":"Northeast Florida","FDEP_Regulatory_District":"Northeast District","RCP_Region":"Northeast","FDOT_District":5,"House_District_Number":19,"Senate_District_Number":7,"CTF_RL_2020":"Not Affected","CTF_RL_2040_IL":"Not Affected","CTF_RL_2040_INT":"Not Affected","CTF_RL_2070_IL":"Not Affected","CTF_RL_2070_INT":"Not Affected","SSF_RL_100YR_CURR":"Not Affected","SSF_RL_100YR_2040_IL":"Not Affected","SSF_RL_100YR_2040_INT":"Not Affected","SSF_RL_100YR_2070_IL":"Not Affected","SSF_RL_100YR_2070_INT":"Not Affected","SSF_RL_500YR_CURR":"Not Affected","SSF_RL_500YR_2040_IL":"Not Affected","SSF_RL_500YR_2040_INT":"Not Affected","SSF_RL_500YR_2070_IL":"Not Affected","SSF_RL_500YR_2070_INT":"Not Affected","RIF_RL_100YR_2020":"Not Affected","RIF_RL_100YR_2040":"Not Affected","RIF_RL_100YR_2070":"Not Affected","RIF_RL_500YR_2020":"Not Affected","RIF_RL_500YR_2040":"Not Affected","RIF_RL_500YR_2070":"Not Affected"}},{"type":"Feature","id":96,"geometry":{"type":"Point","coordinates":[-84.9926432265322,29.7245127159497]},"properties":{"OBJECTID_1":96,"OBJECTID":96,"HAZUSID":" ","Name":"GEORGE E WEEMS MEMORIAL HOSP","Address":"135 AVENUE G","City":"APALACHICOLA","Zip":"32320","COUNTY":"Franklin","X":-84.99264323,"Y":29.72451272,"LONGLAT":"-84.99264323,29.72451272","USNG":"16R FT 94157 89946","OWNERSHIP":" ","PARCELID":" ","FACILITY_T":"HOSPITAL - ACUTE CARE","TTL_BEDS":25,"EFCLASS":"EFHS","Asset_Elevation":null,"Owned_Maintained":null,"Asset":"HOSPITAL - ACUTE CARE","Asset_Sub_Type":null,"Asset_Type":"Hospitals","Asset_Group":"Critical Community and Emergency Facilities","Asset_Relevancy":"Locally Significant","Asset_ID":"HOSP_PT_96","Municipality":"Apalachicola","Water_Management_District":"Northwest Florida Water Management District","Souce_Dataset_Entity":"FDEM","Souce_Dataset_Name":"Hospitals - FDEM","Source_Asset_ID":null,"Restricted_Public_Disclosure":null,"Notes":null,"Regional_Planning_Council":"Apalachee","FDEP_Regulatory_District":"Northwest District","RCP_Region":"Northwest","FDOT_District":3,"House_District_Number":7,"Senate_District_Number":3,"CTF_RL_2020":"Not Affected","CTF_RL_2040_IL":"Not Affected","CTF_RL_2040_INT":"Not Affected","CTF_RL_2070_IL":"Not Affected","CTF_RL_2070_INT":"Not Affected","SSF_RL_100YR_CURR":"Not Affected","SSF_RL_100YR_2040_IL":"Not Affected","SSF_RL_100YR_2040_INT":"Not Affected","SSF_RL_100YR_2070_IL":"Not Affected","SSF_RL_100YR_2070_INT":"Not Affected","SSF_RL_500YR_CURR":"Not Affected","SSF_RL_500YR_2040_IL":"Not Affected","SSF_RL_500YR_2040_INT":"Not Affected","SSF_RL_500YR_2070_IL":"Not Affected","SSF_RL_500YR_2070_INT":"Not Affected","RIF_RL_100YR_2020":"Not Affected","RIF_RL_100YR_2040":"Not Affected","RIF_RL_100YR_2070":"Not Affected","RIF_RL_500YR_2020":"Not Affected","RIF_RL_500YR_2040":"Not Affected","RIF_RL_500YR_2070":"Not Affected"}},{"type":"Feature","id":97,"geometry":{"type":"Point","coordinates":[-84.8385711149895,30.7074531059219]},"properties":{"OBJECTID_1":97,"OBJECTID":97,"HAZUSID":" ","Name":"FL ST HOSP","Address":"100 N MAIN ST","City":"CHATTAHOOCHEE","Zip":"32324","COUNTY":"Gadsden","X":-84.83857111,"Y":30.70745311,"LONGLAT":"-84.83857111,30.70745311","USNG":"16R GU 06994 99175","OWNERSHIP":" ","PARCELID":" ","FACILITY_T":"HOSPITAL","TTL_BEDS":1230,"EFCLASS":"EFHL","Asset_Elevation":null,"Owned_Maintained":null,"Asset":"HOSPITAL","Asset_Sub_Type":null,"Asset_Type":"Hospitals","Asset_Group":"Critical Community and Emergency Facilities","Asset_Relevancy":"Locally Significant","Asset_ID":"HOSP_PT_97","Municipality":"Chattahoochee","Water_Management_District":"Northwest Florida Water Management District","Souce_Dataset_Entity":"FDEM","Souce_Dataset_Name":"Hospitals - FDEM","Source_Asset_ID":null,"Restricted_Public_Disclosure":null,"Notes":null,"Regional_Planning_Council":"Apalachee","FDEP_Regulatory_District":"Northwest District","RCP_Region":"Northwest","FDOT_District":3,"House_District_Number":8,"Senate_District_Number":3,"CTF_RL_2020":"Not Affected","CTF_RL_2040_IL":"Not Affected","CTF_RL_2040_INT":"Not Affected","CTF_RL_2070_IL":"Not Affected","CTF_RL_2070_INT":"Not Affected","SSF_RL_100YR_CURR":"Not Affected","SSF_RL_100YR_2040_IL":"Not Affected","SSF_RL_100YR_2040_INT":"Not Affected","SSF_RL_100YR_2070_IL":"Not Affected","SSF_RL_100YR_2070_INT":"Not Affected","SSF_RL_500YR_CURR":"Not Affected","SSF_RL_500YR_2040_IL":"Not Affected","SSF_RL_500YR_2040_INT":"Not Affected","SSF_RL_500YR_2070_IL":"Not Affected","SSF_RL_500YR_2070_INT":"Not Affected","RIF_RL_100YR_2020":"Not Affected","RIF_RL_100YR_2040":"Not Affected","RIF_RL_100YR_2070":"Not Affected","RIF_RL_500YR_2020":"Not Affected","RIF_RL_500YR_2040":"Not Affected","RIF_RL_500YR_2070":"Not Affected"}},{"type":"Feature","id":98,"geometry":{"type":"Point","coordinates":[-84.5486186420538,30.5689935149636]},"properties":{"OBJECTID_1":98,"OBJECTID":98,"HAZUSID":" ","Name":"CAPITAL REGIONAL MED CENT/GADSDEN","Address":"23186 BLUE STAR HWY","City":"QUINCY","Zip":"32353","COUNTY":"Gadsden","X":-84.54861864,"Y":30.56899352,"LONGLAT":"-84.54861864,30.56899352","USNG":"16R GU 35104 84396","OWNERSHIP":" ","PARCELID":" ","FACILITY_T":"HOSPITAL - ACUTE CARE","TTL_BEDS":4,"EFCLASS":"EFHS","Asset_Elevation":null,"Owned_Maintained":null,"Asset":"HOSPITAL - ACUTE CARE","Asset_Sub_Type":null,"Asset_Type":"Hospitals","Asset_Group":"Critical Community and Emergency Facilities","Asset_Relevancy":"Locally Significant","Asset_ID":"HOSP_PT_98","Municipality":null,"Water_Management_District":"Northwest Florida Water Management District","Souce_Dataset_Entity":"FDEM","Souce_Dataset_Name":"Hospitals - FDEM","Source_Asset_ID":null,"Restricted_Public_Disclosure":null,"Notes":null,"Regional_Planning_Council":"Apalachee","FDEP_Regulatory_District":"Northwest District","RCP_Region":"Northwest","FDOT_District":3,"House_District_Number":8,"Senate_District_Number":3,"CTF_RL_2020":"Not Affected","CTF_RL_2040_IL":"Not Affected","CTF_RL_2040_INT":"Not Affected","CTF_RL_2070_IL":"Not Affected","CTF_RL_2070_INT":"Not Affected","SSF_RL_100YR_CURR":"Not Affected","SSF_RL_100YR_2040_IL":"Not Affected","SSF_RL_100YR_2040_INT":"Not Affected","SSF_RL_100YR_2070_IL":"Not Affected","SSF_RL_100YR_2070_INT":"Not Affected","SSF_RL_500YR_CURR":"Not Affected","SSF_RL_500YR_2040_IL":"Not Affected","SSF_RL_500YR_2040_INT":"Not Affected","SSF_RL_500YR_2070_IL":"Not Affected","SSF_RL_500YR_2070_INT":"Not Affected","RIF_RL_100YR_2020":"Not Affected","RIF_RL_100YR_2040":"Not Affected","RIF_RL_100YR_2070":"Not Affected","RIF_RL_500YR_2020":"Not Affected","RIF_RL_500YR_2040":"Not Affected","RIF_RL_500YR_2070":"Not Affected"}},{"type":"Feature","id":99,"geometry":{"type":"Point","coordinates":[-82.8188331324063,29.6075399344817]},"properties":{"OBJECTID_1":99,"OBJECTID":99,"HAZUSID":" ","Name":"TRENTON MEDICAL CENTER (PRIVATE)","Address":"911 S MAIN ST","City":"TRENTON","Zip":"32693","COUNTY":"Gilchrist","X":-82.81883313,"Y":29.60753994,"LONGLAT":"-82.81883313,29.60753994","USNG":"17R LN 23876 76680","OWNERSHIP":" ","PARCELID":" ","FACILITY_T":"HOSPITAL","TTL_BEDS":0,"EFCLASS":"MDFLT","Asset_Elevation":null,"Owned_Maintained":null,"Asset":"HOSPITAL","Asset_Sub_Type":null,"Asset_Type":"Hospitals","Asset_Group":"Critical Community and Emergency Facilities","Asset_Relevancy":"Locally Significant","Asset_ID":"HOSP_PT_99","Municipality":"Trenton","Water_Management_District":"Suwannee River Water Management District","Souce_Dataset_Entity":"FDEM","Souce_Dataset_Name":"Hospitals - FDEM","Source_Asset_ID":null,"Restricted_Public_Disclosure":null,"Notes":null,"Regional_Planning_Council":"North Central Florida","FDEP_Regulatory_District":"Northeast District","RCP_Region":"Northwest","FDOT_District":2,"House_District_Number":22,"Senate_District_Number":6,"CTF_RL_2020":"Not Affected","CTF_RL_2040_IL":"Not Affected","CTF_RL_2040_INT":"Not Affected","CTF_RL_2070_IL":"Not Affected","CTF_RL_2070_INT":"Not Affected","SSF_RL_100YR_CURR":"Not Affected","SSF_RL_100YR_2040_IL":"Not Affected","SSF_RL_100YR_2040_INT":"Not Affected","SSF_RL_100YR_2070_IL":"Not Affected","SSF_RL_100YR_2070_INT":"Not Affected","SSF_RL_500YR_CURR":"Not Affected","SSF_RL_500YR_2040_IL":"Not Affected","SSF_RL_500YR_2040_INT":"Not Affected","SSF_RL_500YR_2070_IL":"Not Affected","SSF_RL_500YR_2070_INT":"Not Affected","RIF_RL_100YR_2020":"Not Affected","RIF_RL_100YR_2040":"Not Affected","RIF_RL_100YR_2070":"Not Affected","RIF_RL_500YR_2020":"Not Affected","RIF_RL_500YR_2040":"Not Affected","RIF_RL_500YR_2070":"Not Affected"}},{"type":"Feature","id":100,"geometry":{"type":"Point","coordinates":[-85.2879828552441,29.7789152912458]},"properties":{"OBJECTID_1":100,"OBJECTID":100,"HAZUSID":" ","Name":"SACRED HEART HOSPITAL ON THE GULF","Address":"3801 E HWY 98","City":"PORT SAINT JOE","Zip":"32456","COUNTY":"Gulf","X":-85.28798285,"Y":29.77891529,"LONGLAT":"-85.28798285,29.77891529","USNG":"16R FT 65497 95516","OWNERSHIP":" ","PARCELID":" ","FACILITY_T":"HOSPITAL - ACUTE CARE","TTL_BEDS":19,"EFCLASS":"EFHS","Asset_Elevation":null,"Owned_Maintained":null,"Asset":"HOSPITAL - ACUTE CARE","Asset_Sub_Type":null,"Asset_Type":"Hospitals","Asset_Group":"Critical Community and Emergency Facilities","Asset_Relevancy":"Locally Significant","Asset_ID":"HOSP_PT_100","Municipality":"Port St. Joe","Water_Management_District":"Northwest Florida Water Management District","Souce_Dataset_Entity":"FDEM","Souce_Dataset_Name":"Hospitals - FDEM","Source_Asset_ID":null,"Restricted_Public_Disclosure":null,"Notes":null,"Regional_Planning_Council":"Apalachee","FDEP_Regulatory_District":"Northwest District","RCP_Region":"Northwest","FDOT_District":3,"House_District_Number":7,"Senate_District_Number":3,"CTF_RL_2020":"Not Affected","CTF_RL_2040_IL":"Not Affected","CTF_RL_2040_INT":"Not Affected","CTF_RL_2070_IL":"Not Affected","CTF_RL_2070_INT":"Not Affected","SSF_RL_100YR_CURR":"Not Affected","SSF_RL_100YR_2040_IL":"Not Affected","SSF_RL_100YR_2040_INT":"Not Affected","SSF_RL_100YR_2070_IL":"Not Affected","SSF_RL_100YR_2070_INT":"Not Affected","SSF_RL_500YR_CURR":"Not Affected","SSF_RL_500YR_2040_IL":"Not Affected","SSF_RL_500YR_2040_INT":"Not Affected","SSF_RL_500YR_2070_IL":"Not Affected","SSF_RL_500YR_2070_INT":"Not Affected","RIF_RL_100YR_2020":"Not Affected","RIF_RL_100YR_2040":"Not Affected","RIF_RL_100YR_2070":"Not Affected","RIF_RL_500YR_2020":"Not Affected","RIF_RL_500YR_2040":"Not Affected","RIF_RL_500YR_2070":"Not Affected"}},{"type":"Feature","id":101,"geometry":{"type":"Point","coordinates":[-81.8169052748424,27.5356321338354]},"properties":{"OBJECTID_1":101,"OBJECTID":101,"HAZUSID":" ","Name":"FL HOSP WAUCHULA","Address":"533 W CARLTON ST","City":"WAUCHULA","Zip":"33873","COUNTY":"Hardee","X":-81.81690527,"Y":27.53563213,"LONGLAT":"-81.81690527,27.53563213","USNG":"17R ML 19336 46029","OWNERSHIP":" ","PARCELID":" ","FACILITY_T":"HOSPITAL - ACUTE CARE","TTL_BEDS":25,"EFCLASS":"EFHS","Asset_Elevation":null,"Owned_Maintained":null,"Asset":"HOSPITAL - ACUTE CARE","Asset_Sub_Type":null,"Asset_Type":"Hospitals","Asset_Group":"Critical Community and Emergency Facilities","Asset_Relevancy":"Locally Significant","Asset_ID":"HOSP_PT_101","Municipality":"Wauchula","Water_Management_District":"Southwest Florida Water Management District","Souce_Dataset_Entity":"FDEM","Souce_Dataset_Name":"Hospitals - FDEM","Source_Asset_ID":null,"Restricted_Public_Disclosure":null,"Notes":null,"Regional_Planning_Council":"Central Florida","FDEP_Regulatory_District":"Southwest District","RCP_Region":"Southwest","FDOT_District":1,"House_District_Number":83,"Senate_District_Number":27,"CTF_RL_2020":"Not Affected","CTF_RL_2040_IL":"Not Affected","CTF_RL_2040_INT":"Not Affected","CTF_RL_2070_IL":"Not Affected","CTF_RL_2070_INT":"Not Affected","SSF_RL_100YR_CURR":"Not Affected","SSF_RL_100YR_2040_IL":"Not Affected","SSF_RL_100YR_2040_INT":"Not Affected","SSF_RL_100YR_2070_IL":"Not Affected","SSF_RL_100YR_2070_INT":"Not Affected","SSF_RL_500YR_CURR":"Not Affected","SSF_RL_500YR_2040_IL":"Not Affected","SSF_RL_500YR_2040_INT":"Not Affected","SSF_RL_500YR_2070_IL":"Not Affected","SSF_RL_500YR_2070_INT":"Not Affected","RIF_RL_100YR_2020":"Not Affected","RIF_RL_100YR_2040":"Not Affected","RIF_RL_100YR_2070":"Not Affected","RIF_RL_500YR_2020":"Not Affected","RIF_RL_500YR_2040":"Not Affected","RIF_RL_500YR_2070":"Not Affected"}},{"type":"Feature","id":102,"geometry":{"type":"Point","coordinates":[-80.9412492267757,26.7528176137003]},"properties":{"OBJECTID_1":102,"OBJECTID":102,"HAZUSID":" ","Name":"HENDRY REGION MED CNTR","Address":"524 W SAGAMORE AVE","City":"CLEWISTON","Zip":"33440","COUNTY":"Hendry","X":-80.94124923,"Y":26.75281761,"LONGLAT":"-80.94124923,26.75281761","USNG":"17R NK 05841 59059","OWNERSHIP":" ","PARCELID":" ","FACILITY_T":"HOSPITAL - ACUTE CARE","TTL_BEDS":25,"EFCLASS":"EFHS","Asset_Elevation":null,"Owned_Maintained":null,"Asset":"HOSPITAL - ACUTE CARE","Asset_Sub_Type":null,"Asset_Type":"Hospitals","Asset_Group":"Critical Community and Emergency Facilities","Asset_Relevancy":"Locally Significant","Asset_ID":"HOSP_PT_102","Municipality":"Clewiston","Water_Management_District":"South Florida Water Management District","Souce_Dataset_Entity":"FDEM","Souce_Dataset_Name":"Hospitals - FDEM","Source_Asset_ID":null,"Restricted_Public_Disclosure":null,"Notes":null,"Regional_Planning_Council":"Southwest Florida","FDEP_Regulatory_District":"South District","RCP_Region":"Southwest","FDOT_District":1,"House_District_Number":82,"Senate_District_Number":28,"CTF_RL_2020":"Not Affected","CTF_RL_2040_IL":"Not Affected","CTF_RL_2040_INT":"Not Affected","CTF_RL_2070_IL":"Not Affected","CTF_RL_2070_INT":"Not Affected","SSF_RL_100YR_CURR":"Not Affected","SSF_RL_100YR_2040_IL":"Not Affected","SSF_RL_100YR_2040_INT":"Not Affected","SSF_RL_100YR_2070_IL":"Not Affected","SSF_RL_100YR_2070_INT":"Not Affected","SSF_RL_500YR_CURR":"Not Affected","SSF_RL_500YR_2040_IL":"Not Affected","SSF_RL_500YR_2040_INT":"Not Affected","SSF_RL_500YR_2070_IL":"Not Affected","SSF_RL_500YR_2070_INT":"Not Affected","RIF_RL_100YR_2020":"Not Affected","RIF_RL_100YR_2040":"Not Affected","RIF_RL_100YR_2070":"Not Affected","RIF_RL_500YR_2020":"Not Affected","RIF_RL_500YR_2040":"Not Affected","RIF_RL_500YR_2070":"Not Affected"}},{"type":"Feature","id":103,"geometry":{"type":"Point","coordinates":[-82.5403645455974,28.4374746386146]},"properties":{"OBJECTID_1":103,"OBJECTID":103,"HAZUSID":" ","Name":"SPRING HILL REGIONAL HOSP","Address":"10461 QUALITY DR","City":"SPRING HILL","Zip":"34609","COUNTY":"Hernando","X":-82.54036455,"Y":28.43747464,"LONGLAT":"-82.54036455,28.43747464","USNG":"17R LM 49153 46630","OWNERSHIP":" ","PARCELID":" ","FACILITY_T":"HOSPITAL - ACUTE CARE","TTL_BEDS":124,"EFCLASS":"EFHL","Asset_Elevation":null,"Owned_Maintained":null,"Asset":"HOSPITAL - ACUTE CARE","Asset_Sub_Type":null,"Asset_Type":"Hospitals","Asset_Group":"Critical Community and Emergency Facilities","Asset_Relevancy":"Locally Significant","Asset_ID":"HOSP_PT_103","Municipality":null,"Water_Management_District":"Southwest Florida Water Management District","Souce_Dataset_Entity":"FDEM","Souce_Dataset_Name":"Hospitals - FDEM","Source_Asset_ID":null,"Restricted_Public_Disclosure":null,"Notes":null,"Regional_Planning_Council":"Tampa Bay","FDEP_Regulatory_District":"Southwest District","RCP_Region":"Northwest","FDOT_District":7,"House_District_Number":53,"Senate_District_Number":11,"CTF_RL_2020":"Not Affected","CTF_RL_2040_IL":"Not Affected","CTF_RL_2040_INT":"Not Affected","CTF_RL_2070_IL":"Not Affected","CTF_RL_2070_INT":"Not Affected","SSF_RL_100YR_CURR":"Not Affected","SSF_RL_100YR_2040_IL":"Not Affected","SSF_RL_100YR_2040_INT":"Not Affected","SSF_RL_100YR_2070_IL":"Not Affected","SSF_RL_100YR_2070_INT":"Not Affected","SSF_RL_500YR_CURR":"Not Affected","SSF_RL_500YR_2040_IL":"Not Affected","SSF_RL_500YR_2040_INT":"Not Affected","SSF_RL_500YR_2070_IL":"Not Affected","SSF_RL_500YR_2070_INT":"Not Affected","RIF_RL_100YR_2020":"Not Affected","RIF_RL_100YR_2040":"Medium","RIF_RL_100YR_2070":"Medium","RIF_RL_500YR_2020":"Medium","RIF_RL_500YR_2040":"Medium","RIF_RL_500YR_2070":"Medium"}},{"type":"Feature","id":104,"geometry":{"type":"Point","coordinates":[-82.4842191290521,28.5327725266152]},"properties":{"OBJECTID_1":104,"OBJECTID":104,"HAZUSID":" ","Name":"SPRINGBROOK HOSPITAL","Address":"7007 GROVE RD","City":"BROOKSVILLE","Zip":"34609","COUNTY":"Hernando","X":-82.48421913,"Y":28.53277253,"LONGLAT":"-82.48421913,28.53277253","USNG":"17R LM 54782 57121","OWNERSHIP":" ","PARCELID":" ","FACILITY_T":"HOSPITAL","TTL_BEDS":66,"EFCLASS":"EFHM","Asset_Elevation":null,"Owned_Maintained":null,"Asset":"HOSPITAL","Asset_Sub_Type":null,"Asset_Type":"Hospitals","Asset_Group":"Critical Community and Emergency Facilities","Asset_Relevancy":"Locally Significant","Asset_ID":"HOSP_PT_104","Municipality":null,"Water_Management_District":"Southwest Florida Water Management District","Souce_Dataset_Entity":"FDEM","Souce_Dataset_Name":"Hospitals - FDEM","Source_Asset_ID":null,"Restricted_Public_Disclosure":null,"Notes":null,"Regional_Planning_Council":"Tampa Bay","FDEP_Regulatory_District":"Southwest District","RCP_Region":"Northwest","FDOT_District":7,"House_District_Number":53,"Senate_District_Number":11,"CTF_RL_2020":"Not Affected","CTF_RL_2040_IL":"Not Affected","CTF_RL_2040_INT":"Not Affected","CTF_RL_2070_IL":"Not Affected","CTF_RL_2070_INT":"Not Affected","SSF_RL_100YR_CURR":"Not Affected","SSF_RL_100YR_2040_IL":"Not Affected","SSF_RL_100YR_2040_INT":"Not Affected","SSF_RL_100YR_2070_IL":"Not Affected","SSF_RL_100YR_2070_INT":"Not Affected","SSF_RL_500YR_CURR":"Not Affected","SSF_RL_500YR_2040_IL":"Not Affected","SSF_RL_500YR_2040_INT":"Not Affected","SSF_RL_500YR_2070_IL":"Not Affected","SSF_RL_500YR_2070_INT":"Not Affected","RIF_RL_100YR_2020":"Not Affected","RIF_RL_100YR_2040":"Not Affected","RIF_RL_100YR_2070":"Not Affected","RIF_RL_500YR_2020":"Medium","RIF_RL_500YR_2040":"High","RIF_RL_500YR_2070":"Medium"}},{"type":"Feature","id":105,"geometry":{"type":"Point","coordinates":[-82.5340596102543,28.5366212344688]},"properties":{"OBJECTID_1":105,"OBJECTID":105,"HAZUSID":" ","Name":"OAK HILL HOSP","Address":"11375 CORTEZ BLVD","City":"BROOKSVILLE","Zip":"34613","COUNTY":"Hernando","X":-82.53405961,"Y":28.53662124,"LONGLAT":"-82.53405961,28.53662124","USNG":"17R LM 49911 57608","OWNERSHIP":" ","PARCELID":" ","FACILITY_T":"HOSPITAL - ACUTE CARE","TTL_BEDS":262,"EFCLASS":"EFHL","Asset_Elevation":null,"Owned_Maintained":null,"Asset":"HOSPITAL - ACUTE CARE","Asset_Sub_Type":null,"Asset_Type":"Hospitals","Asset_Group":"Critical Community and Emergency Facilities","Asset_Relevancy":"Locally Significant","Asset_ID":"HOSP_PT_105","Municipality":null,"Water_Management_District":"Southwest Florida Water Management District","Souce_Dataset_Entity":"FDEM","Souce_Dataset_Name":"Hospitals - FDEM","Source_Asset_ID":null,"Restricted_Public_Disclosure":null,"Notes":null,"Regional_Planning_Council":"Tampa Bay","FDEP_Regulatory_District":"Southwest District","RCP_Region":"Northwest","FDOT_District":7,"House_District_Number":53,"Senate_District_Number":11,"CTF_RL_2020":"Not Affected","CTF_RL_2040_IL":"Not Affected","CTF_RL_2040_INT":"Not Affected","CTF_RL_2070_IL":"Not Affected","CTF_RL_2070_INT":"Not Affected","SSF_RL_100YR_CURR":"Not Affected","SSF_RL_100YR_2040_IL":"Not Affected","SSF_RL_100YR_2040_INT":"Not Affected","SSF_RL_100YR_2070_IL":"Not Affected","SSF_RL_100YR_2070_INT":"Not Affected","SSF_RL_500YR_CURR":"Not Affected","SSF_RL_500YR_2040_IL":"Not Affected","SSF_RL_500YR_2040_INT":"Not Affected","SSF_RL_500YR_2070_IL":"Not Affected","SSF_RL_500YR_2070_INT":"Not Affected","RIF_RL_100YR_2020":"Not Affected","RIF_RL_100YR_2040":"Not Affected","RIF_RL_100YR_2070":"Not Affected","RIF_RL_500YR_2020":"Not Affected","RIF_RL_500YR_2040":"Not Affected","RIF_RL_500YR_2070":"Not Affected"}},{"type":"Feature","id":106,"geometry":{"type":"Point","coordinates":[-82.4428275905177,28.5386012351229]},"properties":{"OBJECTID_1":106,"OBJECTID":106,"HAZUSID":" ","Name":"BAYFRNT HLTH BROOKSVILLE","Address":"17240 CORTEZ BLVD","City":"BROOKSVILLE","Zip":"34601","COUNTY":"Hernando","X":-82.44282759,"Y":28.53860124,"LONGLAT":"-82.44282759,28.53860124","USNG":"17R LM 58840 57717","OWNERSHIP":" ","PARCELID":" ","FACILITY_T":"HOSPITAL - ACUTE CARE","TTL_BEDS":120,"EFCLASS":"EFHL","Asset_Elevation":null,"Owned_Maintained":null,"Asset":"HOSPITAL - ACUTE CARE","Asset_Sub_Type":null,"Asset_Type":"Hospitals","Asset_Group":"Critical Community and Emergency Facilities","Asset_Relevancy":"Locally Significant","Asset_ID":"HOSP_PT_106","Municipality":null,"Water_Management_District":"Southwest Florida Water Management District","Souce_Dataset_Entity":"FDEM","Souce_Dataset_Name":"Hospitals - FDEM","Source_Asset_ID":null,"Restricted_Public_Disclosure":null,"Notes":null,"Regional_Planning_Council":"Tampa Bay","FDEP_Regulatory_District":"Southwest District","RCP_Region":"Northwest","FDOT_District":7,"House_District_Number":52,"Senate_District_Number":11,"CTF_RL_2020":"Not Affected","CTF_RL_2040_IL":"Not Affected","CTF_RL_2040_INT":"Not Affected","CTF_RL_2070_IL":"Not Affected","CTF_RL_2070_INT":"Not Affected","SSF_RL_100YR_CURR":"Not Affected","SSF_RL_100YR_2040_IL":"Not Affected","SSF_RL_100YR_2040_INT":"Not Affected","SSF_RL_100YR_2070_IL":"Not Affected","SSF_RL_100YR_2070_INT":"Not Affected","SSF_RL_500YR_CURR":"Not Affected","SSF_RL_500YR_2040_IL":"Not Affected","SSF_RL_500YR_2040_INT":"Not Affected","SSF_RL_500YR_2070_IL":"Not Affected","SSF_RL_500YR_2070_INT":"Not Affected","RIF_RL_100YR_2020":"Not Affected","RIF_RL_100YR_2040":"Not Affected","RIF_RL_100YR_2070":"Not Affected","RIF_RL_500YR_2020":"Not Affected","RIF_RL_500YR_2040":"Not Affected","RIF_RL_500YR_2070":"Not Affected"}},{"type":"Feature","id":107,"geometry":{"type":"Point","coordinates":[-81.4333815608427,27.4656921184977]},"properties":{"OBJECTID_1":107,"OBJECTID":107,"HAZUSID":" ","Name":"HIGHLANDS REGIONAL MEDICAL CNTR","Address":"3600 S HIGHLANDS AVE","City":"SEBRING","Zip":"33870","COUNTY":"Highlands","X":-81.43338156,"Y":27.46569212,"LONGLAT":"-81.43338156,27.46569212","USNG":"17R ML 57180 38091","OWNERSHIP":" ","PARCELID":" ","FACILITY_T":"HOSPITAL - ACUTE CARE","TTL_BEDS":126,"EFCLASS":"EFHL","Asset_Elevation":null,"Owned_Maintained":null,"Asset":"HOSPITAL - ACUTE CARE","Asset_Sub_Type":null,"Asset_Type":"Hospitals","Asset_Group":"Critical Community and Emergency Facilities","Asset_Relevancy":"Locally Significant","Asset_ID":"HOSP_PT_107","Municipality":"Sebring","Water_Management_District":"Southwest Florida Water Management District","Souce_Dataset_Entity":"FDEM","Souce_Dataset_Name":"Hospitals - FDEM","Source_Asset_ID":null,"Restricted_Public_Disclosure":null,"Notes":null,"Regional_Planning_Council":"Central Florida","FDEP_Regulatory_District":"South District","RCP_Region":"Southwest","FDOT_District":1,"House_District_Number":83,"Senate_District_Number":29,"CTF_RL_2020":"Not Affected","CTF_RL_2040_IL":"Not Affected","CTF_RL_2040_INT":"Not Affected","CTF_RL_2070_IL":"Not Affected","CTF_RL_2070_INT":"Not Affected","SSF_RL_100YR_CURR":"Not Affected","SSF_RL_100YR_2040_IL":"Not Affected","SSF_RL_100YR_2040_INT":"Not Affected","SSF_RL_100YR_2070_IL":"Not Affected","SSF_RL_100YR_2070_INT":"Not Affected","SSF_RL_500YR_CURR":"Not Affected","SSF_RL_500YR_2040_IL":"Not Affected","SSF_RL_500YR_2040_INT":"Not Affected","SSF_RL_500YR_2070_IL":"Not Affected","SSF_RL_500YR_2070_INT":"Not Affected","RIF_RL_100YR_2020":"Not Affected","RIF_RL_100YR_2040":"Not Affected","RIF_RL_100YR_2070":"Not Affected","RIF_RL_500YR_2020":"Not Affected","RIF_RL_500YR_2040":"Not Affected","RIF_RL_500YR_2070":"Not Affected"}},{"type":"Feature","id":108,"geometry":{"type":"Point","coordinates":[-81.5059420005607,27.5390589991195]},"properties":{"OBJECTID_1":108,"OBJECTID":108,"HAZUSID":" ","Name":"FL HOSP HEARTLAND MED. CENT","Address":"4200 SUN N LAKE BLVD","City":"SEBRING","Zip":"33872","COUNTY":"Highlands","X":-81.505942,"Y":27.539059,"LONGLAT":"-81.50594200,27.53905900","USNG":"17R ML 50044 46245","OWNERSHIP":" ","PARCELID":" ","FACILITY_T":"HOSPITAL - ACUTE CARE","TTL_BEDS":147,"EFCLASS":"EFHL","Asset_Elevation":null,"Owned_Maintained":null,"Asset":"HOSPITAL - ACUTE CARE","Asset_Sub_Type":null,"Asset_Type":"Hospitals","Asset_Group":"Critical Community and Emergency Facilities","Asset_Relevancy":"Locally Significant","Asset_ID":"HOSP_PT_108","Municipality":null,"Water_Management_District":"Southwest Florida Water Management District","Souce_Dataset_Entity":"FDEM","Souce_Dataset_Name":"Hospitals - FDEM","Source_Asset_ID":null,"Restricted_Public_Disclosure":null,"Notes":null,"Regional_Planning_Council":"Central Florida","FDEP_Regulatory_District":"South District","RCP_Region":"Southwest","FDOT_District":1,"House_District_Number":83,"Senate_District_Number":29,"CTF_RL_2020":"Not Affected","CTF_RL_2040_IL":"Not Affected","CTF_RL_2040_INT":"Not Affected","CTF_RL_2070_IL":"Not Affected","CTF_RL_2070_INT":"Not Affected","SSF_RL_100YR_CURR":"Not Affected","SSF_RL_100YR_2040_IL":"Not Affected","SSF_RL_100YR_2040_INT":"Not Affected","SSF_RL_100YR_2070_IL":"Not Affected","SSF_RL_100YR_2070_INT":"Not Affected","SSF_RL_500YR_CURR":"Not Affected","SSF_RL_500YR_2040_IL":"Not Affected","SSF_RL_500YR_2040_INT":"Not Affected","SSF_RL_500YR_2070_IL":"Not Affected","SSF_RL_500YR_2070_INT":"Not Affected","RIF_RL_100YR_2020":"Not Affected","RIF_RL_100YR_2040":"Not Affected","RIF_RL_100YR_2070":"Not Affected","RIF_RL_500YR_2020":"Not Affected","RIF_RL_500YR_2040":"Not Affected","RIF_RL_500YR_2070":"Not Affected"}},{"type":"Feature","id":109,"geometry":{"type":"Point","coordinates":[-81.3698021324467,27.320555975379]},"properties":{"OBJECTID_1":109,"OBJECTID":109,"HAZUSID":" ","Name":"FL HOSP HEARTLAND MEDI CNTR LAKE PLACID","Address":"1210 US 27 N","City":"LAKE PLACID","Zip":"33852","COUNTY":"Highlands","X":-81.36980213,"Y":27.32055598,"LONGLAT":"-81.36980213,27.32055598","USNG":"17R ML 63414 21994","OWNERSHIP":" ","PARCELID":" ","FACILITY_T":"HOSPITAL - ACUTE CARE","TTL_BEDS":50,"EFCLASS":"EFHS","Asset_Elevation":null,"Owned_Maintained":null,"Asset":"HOSPITAL - ACUTE CARE","Asset_Sub_Type":null,"Asset_Type":"Hospitals","Asset_Group":"Critical Community and Emergency Facilities","Asset_Relevancy":"Locally Significant","Asset_ID":"HOSP_PT_109","Municipality":null,"Water_Management_District":"Southwest Florida Water Management District","Souce_Dataset_Entity":"FDEM","Souce_Dataset_Name":"Hospitals - FDEM","Source_Asset_ID":null,"Restricted_Public_Disclosure":null,"Notes":null,"Regional_Planning_Council":"Central Florida","FDEP_Regulatory_District":"South District","RCP_Region":"Southwest","FDOT_District":1,"House_District_Number":83,"Senate_District_Number":29,"CTF_RL_2020":"Not Affected","CTF_RL_2040_IL":"Not Affected","CTF_RL_2040_INT":"Not Affected","CTF_RL_2070_IL":"Not Affected","CTF_RL_2070_INT":"Not Affected","SSF_RL_100YR_CURR":"Not Affected","SSF_RL_100YR_2040_IL":"Not Affected","SSF_RL_100YR_2040_INT":"Not Affected","SSF_RL_100YR_2070_IL":"Not Affected","SSF_RL_100YR_2070_INT":"Not Affected","SSF_RL_500YR_CURR":"Not Affected","SSF_RL_500YR_2040_IL":"Not Affected","SSF_RL_500YR_2040_INT":"Not Affected","SSF_RL_500YR_2070_IL":"Not Affected","SSF_RL_500YR_2070_INT":"Not Affected","RIF_RL_100YR_2020":"Low","RIF_RL_100YR_2040":"Low","RIF_RL_100YR_2070":"Low","RIF_RL_500YR_2020":"Low","RIF_RL_500YR_2040":"Low","RIF_RL_500YR_2070":"Low"}},{"type":"Feature","id":110,"geometry":{"type":"Point","coordinates":[-82.5741967036941,28.0025009757679]},"properties":{"OBJECTID_1":110,"OBJECTID":110,"HAZUSID":" ","Name":"TAMPA COMMUNITY HOSP","Address":"6001 WEBB RD","City":"TAMPA","Zip":"33615","COUNTY":"Hillsborough","X":-82.5741967,"Y":28.00250098,"LONGLAT":"-82.57419670,28.00250098","USNG":"17R LL 45213 98477","OWNERSHIP":" ","PARCELID":" ","FACILITY_T":"HOSPITAL - ACUTE CARE","TTL_BEDS":201,"EFCLASS":"EFHL","Asset_Elevation":null,"Owned_Maintained":null,"Asset":"HOSPITAL - ACUTE CARE","Asset_Sub_Type":null,"Asset_Type":"Hospitals","Asset_Group":"Critical Community and Emergency Facilities","Asset_Relevancy":"Locally Significant","Asset_ID":"HOSP_PT_110","Municipality":null,"Water_Management_District":"Southwest Florida Water Management District","Souce_Dataset_Entity":"FDEM","Souce_Dataset_Name":"Hospitals - FDEM","Source_Asset_ID":null,"Restricted_Public_Disclosure":null,"Notes":null,"Regional_Planning_Council":"Tampa Bay","FDEP_Regulatory_District":"Southwest District","RCP_Region":"Southwest","FDOT_District":7,"House_District_Number":64,"Senate_District_Number":14,"CTF_RL_2020":"Not Affected","CTF_RL_2040_IL":"Not Affected","CTF_RL_2040_INT":"Not Affected","CTF_RL_2070_IL":"Not Affected","CTF_RL_2070_INT":"Not Affected","SSF_RL_100YR_CURR":"Not Affected","SSF_RL_100YR_2040_IL":"Not Affected","SSF_RL_100YR_2040_INT":"Not Affected","SSF_RL_100YR_2070_IL":"Not Affected","SSF_RL_100YR_2070_INT":"Not Affected","SSF_RL_500YR_CURR":"Medium","SSF_RL_500YR_2040_IL":"Medium","SSF_RL_500YR_2040_INT":"Medium","SSF_RL_500YR_2070_IL":"Medium","SSF_RL_500YR_2070_INT":"High","RIF_RL_100YR_2020":"Not Affected","RIF_RL_100YR_2040":"Not Affected","RIF_RL_100YR_2070":"Not Affected","RIF_RL_500YR_2020":"Not Affected","RIF_RL_500YR_2040":"Not Affected","RIF_RL_500YR_2070":"Not Affected"}},{"type":"Feature","id":111,"geometry":{"type":"Point","coordinates":[-82.42283589538,28.0615302379503]},"properties":{"OBJECTID_1":111,"OBJECTID":111,"HAZUSID":" ","Name":"SHRINER'S HOSPITAL FOR CHILDREN/TAMPA","Address":"12502 N PINE DR","City":"TAMPA","Zip":"33612","COUNTY":"Hillsborough","X":-82.4228359,"Y":28.06153024,"LONGLAT":"-82.42283590,28.06153024","USNG":"17R LM 60174 04835","OWNERSHIP":" ","PARCELID":" ","FACILITY_T":"HOSPITAL - PEDIATRIC","TTL_BEDS":60,"EFCLASS":"EFHM","Asset_Elevation":null,"Owned_Maintained":null,"Asset":"HOSPITAL - PEDIATRIC","Asset_Sub_Type":null,"Asset_Type":"Hospitals","Asset_Group":"Critical Community and Emergency Facilities","Asset_Relevancy":"Locally Significant","Asset_ID":"HOSP_PT_111","Municipality":"Tampa","Water_Management_District":"Southwest Florida Water Management District","Souce_Dataset_Entity":"FDEM","Souce_Dataset_Name":"Hospitals - FDEM","Source_Asset_ID":null,"Restricted_Public_Disclosure":null,"Notes":null,"Regional_Planning_Council":"Tampa Bay","FDEP_Regulatory_District":"Southwest District","RCP_Region":"Southwest","FDOT_District":7,"House_District_Number":67,"Senate_District_Number":16,"CTF_RL_2020":"Not Affected","CTF_RL_2040_IL":"Not Affected","CTF_RL_2040_INT":"Not Affected","CTF_RL_2070_IL":"Not Affected","CTF_RL_2070_INT":"Not Affected","SSF_RL_100YR_CURR":"Not Affected","SSF_RL_100YR_2040_IL":"Not Affected","SSF_RL_100YR_2040_INT":"Not Affected","SSF_RL_100YR_2070_IL":"Not Affected","SSF_RL_100YR_2070_INT":"Not Affected","SSF_RL_500YR_CURR":"Not Affected","SSF_RL_500YR_2040_IL":"Not Affected","SSF_RL_500YR_2040_INT":"Not Affected","SSF_RL_500YR_2070_IL":"Not Affected","SSF_RL_500YR_2070_INT":"Not Affected","RIF_RL_100YR_2020":"Not Affected","RIF_RL_100YR_2040":"Not Affected","RIF_RL_100YR_2070":"Not Affected","RIF_RL_500YR_2020":"Not Affected","RIF_RL_500YR_2040":"Not Affected","RIF_RL_500YR_2070":"Not Affected"}},{"type":"Feature","id":112,"geometry":{"type":"Point","coordinates":[-82.5096811695229,28.1295979275093]},"properties":{"OBJECTID_1":112,"OBJECTID":112,"HAZUSID":" ","Name":"ST JOSEPHS HOSPITAL - NORTH","Address":"4211 VAN DYKE RD","City":"LUTZ","Zip":"33558","COUNTY":"Hillsborough","X":-82.50968117,"Y":28.12959793,"LONGLAT":"-82.50968117,28.12959793","USNG":"17R LM 51732 12479","OWNERSHIP":" ","PARCELID":" ","FACILITY_T":"HOSPITAL - ACUTE CARE","TTL_BEDS":76,"EFCLASS":"EFHM","Asset_Elevation":null,"Owned_Maintained":null,"Asset":"HOSPITAL - ACUTE CARE","Asset_Sub_Type":null,"Asset_Type":"Hospitals","Asset_Group":"Critical Community and Emergency Facilities","Asset_Relevancy":"Locally Significant","Asset_ID":"HOSP_PT_112","Municipality":null,"Water_Management_District":"Southwest Florida Water Management District","Souce_Dataset_Entity":"FDEM","Souce_Dataset_Name":"Hospitals - FDEM","Source_Asset_ID":null,"Restricted_Public_Disclosure":null,"Notes":null,"Regional_Planning_Council":"Tampa Bay","FDEP_Regulatory_District":"Southwest District","RCP_Region":"Southwest","FDOT_District":7,"House_District_Number":66,"Senate_District_Number":14,"CTF_RL_2020":"Not Affected","CTF_RL_2040_IL":"Not Affected","CTF_RL_2040_INT":"Not Affected","CTF_RL_2070_IL":"Not Affected","CTF_RL_2070_INT":"Not Affected","SSF_RL_100YR_CURR":"Not Affected","SSF_RL_100YR_2040_IL":"Not Affected","SSF_RL_100YR_2040_INT":"Not Affected","SSF_RL_100YR_2070_IL":"Not Affected","SSF_RL_100YR_2070_INT":"Not Affected","SSF_RL_500YR_CURR":"Not Affected","SSF_RL_500YR_2040_IL":"Not Affected","SSF_RL_500YR_2040_INT":"Not Affected","SSF_RL_500YR_2070_IL":"Not Affected","SSF_RL_500YR_2070_INT":"Not Affected","RIF_RL_100YR_2020":"Not Affected","RIF_RL_100YR_2040":"Not Affected","RIF_RL_100YR_2070":"Not Affected","RIF_RL_500YR_2020":"Not Affected","RIF_RL_500YR_2040":"Medium","RIF_RL_500YR_2070":"Medium"}},{"type":"Feature","id":113,"geometry":{"type":"Point","coordinates":[-82.4213561681777,28.0641049531339]},"properties":{"OBJECTID_1":113,"OBJECTID":113,"HAZUSID":" ","Name":"LEE MOFFITT CANCER CNTR & RESEARCH INST","Address":"12902 MAGNOLIA DR","City":"TAMPA","Zip":"33612","COUNTY":"Hillsborough","X":-82.42135617,"Y":28.06410495,"LONGLAT":"-82.42135617,28.06410495","USNG":"17R LM 60323 05118","OWNERSHIP":" ","PARCELID":" ","FACILITY_T":"HOSPITAL - ACUTE CARE","TTL_BEDS":206,"EFCLASS":"EFHL","Asset_Elevation":null,"Owned_Maintained":null,"Asset":"HOSPITAL - ACUTE CARE","Asset_Sub_Type":null,"Asset_Type":"Hospitals","Asset_Group":"Critical Community and Emergency Facilities","Asset_Relevancy":"Locally Significant","Asset_ID":"HOSP_PT_113","Municipality":"Tampa","Water_Management_District":"Southwest Florida Water Management District","Souce_Dataset_Entity":"FDEM","Souce_Dataset_Name":"Hospitals - FDEM","Source_Asset_ID":null,"Restricted_Public_Disclosure":null,"Notes":null,"Regional_Planning_Council":"Tampa Bay","FDEP_Regulatory_District":"Southwest District","RCP_Region":"Southwest","FDOT_District":7,"House_District_Number":67,"Senate_District_Number":16,"CTF_RL_2020":"Not Affected","CTF_RL_2040_IL":"Not Affected","CTF_RL_2040_INT":"Not Affected","CTF_RL_2070_IL":"Not Affected","CTF_RL_2070_INT":"Not Affected","SSF_RL_100YR_CURR":"Not Affected","SSF_RL_100YR_2040_IL":"Not Affected","SSF_RL_100YR_2040_INT":"Not Affected","SSF_RL_100YR_2070_IL":"Not Affected","SSF_RL_100YR_2070_INT":"Not Affected","SSF_RL_500YR_CURR":"Not Affected","SSF_RL_500YR_2040_IL":"Not Affected","SSF_RL_500YR_2040_INT":"Not Affected","SSF_RL_500YR_2070_IL":"Not Affected","SSF_RL_500YR_2070_INT":"Not Affected","RIF_RL_100YR_2020":"Not Affected","RIF_RL_100YR_2040":"Not Affected","RIF_RL_100YR_2070":"Not Affected","RIF_RL_500YR_2020":"Not Affected","RIF_RL_500YR_2040":"Not Affected","RIF_RL_500YR_2070":"Not Affected"}},{"type":"Feature","id":114,"geometry":{"type":"Point","coordinates":[-82.3652922052161,27.7134990691635]},"properties":{"OBJECTID_1":114,"OBJECTID":114,"HAZUSID":" ","Name":"SOUTH BAY HOSPITAL","Address":"4016 SUN CITY CENTER BLVD","City":"SUN CITY CENTER","Zip":"33573","COUNTY":"Hillsborough","X":-82.36529221,"Y":27.71349907,"LONGLAT":"-82.36529221,27.71349907","USNG":"17R LL 65400 66211","OWNERSHIP":" ","PARCELID":" ","FACILITY_T":"HOSPITAL - ACUTE CARE","TTL_BEDS":112,"EFCLASS":"EFHL","Asset_Elevation":null,"Owned_Maintained":null,"Asset":"HOSPITAL - ACUTE CARE","Asset_Sub_Type":null,"Asset_Type":"Hospitals","Asset_Group":"Critical Community and Emergency Facilities","Asset_Relevancy":"Locally Significant","Asset_ID":"HOSP_PT_114","Municipality":null,"Water_Management_District":"Southwest Florida Water Management District","Souce_Dataset_Entity":"FDEM","Souce_Dataset_Name":"Hospitals - FDEM","Source_Asset_ID":null,"Restricted_Public_Disclosure":null,"Notes":null,"Regional_Planning_Council":"Tampa Bay","FDEP_Regulatory_District":"Southwest District","RCP_Region":"Southwest","FDOT_District":7,"House_District_Number":70,"Senate_District_Number":20,"CTF_RL_2020":"Not Affected","CTF_RL_2040_IL":"Not Affected","CTF_RL_2040_INT":"Not Affected","CTF_RL_2070_IL":"Not Affected","CTF_RL_2070_INT":"Not Affected","SSF_RL_100YR_CURR":"Not Affected","SSF_RL_100YR_2040_IL":"Not Affected","SSF_RL_100YR_2040_INT":"Not Affected","SSF_RL_100YR_2070_IL":"Not Affected","SSF_RL_100YR_2070_INT":"Not Affected","SSF_RL_500YR_CURR":"Not Affected","SSF_RL_500YR_2040_IL":"Not Affected","SSF_RL_500YR_2040_INT":"Not Affected","SSF_RL_500YR_2070_IL":"Not Affected","SSF_RL_500YR_2070_INT":"Not Affected","RIF_RL_100YR_2020":"Not Affected","RIF_RL_100YR_2040":"Not Affected","RIF_RL_100YR_2070":"Not Affected","RIF_RL_500YR_2020":"Not Affected","RIF_RL_500YR_2040":"Not Affected","RIF_RL_500YR_2070":"Not Affected"}},{"type":"Feature","id":115,"geometry":{"type":"Point","coordinates":[-82.4897058937259,27.9379161240083]},"properties":{"OBJECTID_1":115,"OBJECTID":115,"HAZUSID":" ","Name":"MEMORIAL HOSPITAL OF TAMPA","Address":"2901 SWANN AVE","City":"TAMPA","Zip":"33609","COUNTY":"Hillsborough","X":-82.48970589,"Y":27.93791613,"LONGLAT":"-82.48970589,27.93791613","USNG":"17R LL 53435 91217","OWNERSHIP":" ","PARCELID":" ","FACILITY_T":"HOSPITAL - ACUTE CARE","TTL_BEDS":183,"EFCLASS":"EFHL","Asset_Elevation":null,"Owned_Maintained":null,"Asset":"HOSPITAL - ACUTE CARE","Asset_Sub_Type":null,"Asset_Type":"Hospitals","Asset_Group":"Critical Community and Emergency Facilities","Asset_Relevancy":"Locally Significant","Asset_ID":"HOSP_PT_115","Municipality":"Tampa","Water_Management_District":"Southwest Florida Water Management District","Souce_Dataset_Entity":"FDEM","Souce_Dataset_Name":"Hospitals - FDEM","Source_Asset_ID":null,"Restricted_Public_Disclosure":null,"Notes":null,"Regional_Planning_Council":"Tampa Bay","FDEP_Regulatory_District":"Southwest District","RCP_Region":"Southwest","FDOT_District":7,"House_District_Number":65,"Senate_District_Number":14,"CTF_RL_2020":"Not Affected","CTF_RL_2040_IL":"Not Affected","CTF_RL_2040_INT":"Not Affected","CTF_RL_2070_IL":"Not Affected","CTF_RL_2070_INT":"Not Affected","SSF_RL_100YR_CURR":"Not Affected","SSF_RL_100YR_2040_IL":"Not Affected","SSF_RL_100YR_2040_INT":"Not Affected","SSF_RL_100YR_2070_IL":"Not Affected","SSF_RL_100YR_2070_INT":"Not Affected","SSF_RL_500YR_CURR":"Not Affected","SSF_RL_500YR_2040_IL":"Not Affected","SSF_RL_500YR_2040_INT":"Not Affected","SSF_RL_500YR_2070_IL":"Not Affected","SSF_RL_500YR_2070_INT":"Not Affected","RIF_RL_100YR_2020":"Not Affected","RIF_RL_100YR_2040":"Not Affected","RIF_RL_100YR_2070":"Not Affected","RIF_RL_500YR_2020":"Not Affected","RIF_RL_500YR_2040":"Not Affected","RIF_RL_500YR_2070":"Not Affected"}},{"type":"Feature","id":116,"geometry":{"type":"Point","coordinates":[-82.2877462689402,27.9328113794724]},"properties":{"OBJECTID_1":116,"OBJECTID":116,"HAZUSID":" ","Name":"BRANDON REG HOSP","Address":"119 OAKFIELD DR","City":"BRANDON","Zip":"33511","COUNTY":"Hillsborough","X":-82.28774627,"Y":27.93281138,"LONGLAT":"-82.28774627,27.93281138","USNG":"17R LL 73301 90426","OWNERSHIP":" ","PARCELID":" ","FACILITY_T":"HOSPITAL - ACUTE CARE","TTL_BEDS":422,"EFCLASS":"EFHL","Asset_Elevation":null,"Owned_Maintained":null,"Asset":"HOSPITAL - ACUTE CARE","Asset_Sub_Type":null,"Asset_Type":"Hospitals","Asset_Group":"Critical Community and Emergency Facilities","Asset_Relevancy":"Locally Significant","Asset_ID":"HOSP_PT_116","Municipality":null,"Water_Management_District":"Southwest Florida Water Management District","Souce_Dataset_Entity":"FDEM","Souce_Dataset_Name":"Hospitals - FDEM","Source_Asset_ID":null,"Restricted_Public_Disclosure":null,"Notes":null,"Regional_Planning_Council":"Tampa Bay","FDEP_Regulatory_District":"Southwest District","RCP_Region":"Southwest","FDOT_District":7,"House_District_Number":69,"Senate_District_Number":23,"CTF_RL_2020":"Not Affected","CTF_RL_2040_IL":"Not Affected","CTF_RL_2040_INT":"Not Affected","CTF_RL_2070_IL":"Not Affected","CTF_RL_2070_INT":"Not Affected","SSF_RL_100YR_CURR":"Not Affected","SSF_RL_100YR_2040_IL":"Not Affected","SSF_RL_100YR_2040_INT":"Not Affected","SSF_RL_100YR_2070_IL":"Not Affected","SSF_RL_100YR_2070_INT":"Not Affected","SSF_RL_500YR_CURR":"Not Affected","SSF_RL_500YR_2040_IL":"Not Affected","SSF_RL_500YR_2040_INT":"Not Affected","SSF_RL_500YR_2070_IL":"Not Affected","SSF_RL_500YR_2070_INT":"Not Affected","RIF_RL_100YR_2020":"Not Affected","RIF_RL_100YR_2040":"Not Affected","RIF_RL_100YR_2070":"Not Affected","RIF_RL_500YR_2020":"Not Affected","RIF_RL_500YR_2040":"Not Affected","RIF_RL_500YR_2070":"Not Affected"}},{"type":"Feature","id":117,"geometry":{"type":"Point","coordinates":[-82.5188599993848,27.8980599987905]},"properties":{"OBJECTID_1":117,"OBJECTID":117,"HAZUSID":" ","Name":"KINDRED HOSP - BAY AREA TAMPA","Address":"4555 S MANHATTAN AVE","City":"TAMPA","Zip":"33611","COUNTY":"Hillsborough","X":-82.51886,"Y":27.89806,"LONGLAT":"-82.51886000,27.89806000","USNG":"17R LL 50511 86837","OWNERSHIP":" ","PARCELID":" ","FACILITY_T":"HOSPITAL","TTL_BEDS":73,"EFCLASS":"EFHM","Asset_Elevation":null,"Owned_Maintained":null,"Asset":"HOSPITAL","Asset_Sub_Type":null,"Asset_Type":"Hospitals","Asset_Group":"Critical Community and Emergency Facilities","Asset_Relevancy":"Locally Significant","Asset_ID":"HOSP_PT_117","Municipality":"Tampa","Water_Management_District":"Southwest Florida Water Management District","Souce_Dataset_Entity":"FDEM","Souce_Dataset_Name":"Hospitals - FDEM","Source_Asset_ID":null,"Restricted_Public_Disclosure":null,"Notes":null,"Regional_Planning_Council":"Tampa Bay","FDEP_Regulatory_District":"Southwest District","RCP_Region":"Southwest","FDOT_District":7,"House_District_Number":65,"Senate_District_Number":14,"CTF_RL_2020":"Not Affected","CTF_RL_2040_IL":"Not Affected","CTF_RL_2040_INT":"Not Affected","CTF_RL_2070_IL":"Not Affected","CTF_RL_2070_INT":"Not Affected","SSF_RL_100YR_CURR":"Not Affected","SSF_RL_100YR_2040_IL":"Not Affected","SSF_RL_100YR_2040_INT":"Not Affected","SSF_RL_100YR_2070_IL":"Medium","SSF_RL_100YR_2070_INT":"Medium","SSF_RL_500YR_CURR":"High","SSF_RL_500YR_2040_IL":"High","SSF_RL_500YR_2040_INT":"High","SSF_RL_500YR_2070_IL":"High","SSF_RL_500YR_2070_INT":"High","RIF_RL_100YR_2020":"Not Affected","RIF_RL_100YR_2040":"Not Affected","RIF_RL_100YR_2070":"Not Affected","RIF_RL_500YR_2020":"Not Affected","RIF_RL_500YR_2040":"Not Affected","RIF_RL_500YR_2070":"Not Affected"}},{"type":"Feature","id":118,"geometry":{"type":"Point","coordinates":[-82.4892800001263,27.9920799987095]},"properties":{"OBJECTID_1":118,"OBJECTID":118,"HAZUSID":" ","Name":"ST JOSEPHS HOSP BEHAV CNTR","Address":"4918 HABANA AVE","City":"TAMPA","Zip":"33607","COUNTY":"Hillsborough","X":-82.48928,"Y":27.99208,"LONGLAT":"-82.48928000,27.99208000","USNG":"17R LL 53550 97218","OWNERSHIP":" ","PARCELID":" ","FACILITY_T":"HOSPITAL","TTL_BEDS":60,"EFCLASS":"EFHM","Asset_Elevation":null,"Owned_Maintained":null,"Asset":"HOSPITAL","Asset_Sub_Type":null,"Asset_Type":"Hospitals","Asset_Group":"Critical Community and Emergency Facilities","Asset_Relevancy":"Locally Significant","Asset_ID":"HOSP_PT_118","Municipality":"Tampa","Water_Management_District":"Southwest Florida Water Management District","Souce_Dataset_Entity":"FDEM","Souce_Dataset_Name":"Hospitals - FDEM","Source_Asset_ID":null,"Restricted_Public_Disclosure":null,"Notes":null,"Regional_Planning_Council":"Tampa Bay","FDEP_Regulatory_District":"Southwest District","RCP_Region":"Southwest","FDOT_District":7,"House_District_Number":64,"Senate_District_Number":14,"CTF_RL_2020":"Not Affected","CTF_RL_2040_IL":"Not Affected","CTF_RL_2040_INT":"Not Affected","CTF_RL_2070_IL":"Not Affected","CTF_RL_2070_INT":"Not Affected","SSF_RL_100YR_CURR":"Not Affected","SSF_RL_100YR_2040_IL":"Not Affected","SSF_RL_100YR_2040_INT":"Not Affected","SSF_RL_100YR_2070_IL":"Not Affected","SSF_RL_100YR_2070_INT":"Not Affected","SSF_RL_500YR_CURR":"Not Affected","SSF_RL_500YR_2040_IL":"Not Affected","SSF_RL_500YR_2040_INT":"Not Affected","SSF_RL_500YR_2070_IL":"Not Affected","SSF_RL_500YR_2070_INT":"Not Affected","RIF_RL_100YR_2020":"Not Affected","RIF_RL_100YR_2040":"Not Affected","RIF_RL_100YR_2070":"Not Affected","RIF_RL_500YR_2020":"Not Affected","RIF_RL_500YR_2040":"Not Affected","RIF_RL_500YR_2070":"Not Affected"}},{"type":"Feature","id":119,"geometry":{"type":"Point","coordinates":[-82.1390529977625,28.0155340956429]},"properties":{"OBJECTID_1":119,"OBJECTID":119,"HAZUSID":" ","Name":"SOUTH FLORIDA BAPTIST HOSP","Address":"301 N ALEXANDER ST","City":"PLANT CITY","Zip":"33563","COUNTY":"Hillsborough","X":-82.139053,"Y":28.0155341,"LONGLAT":"-82.13905300,28.01553410","USNG":"17R LL 88017 99446","OWNERSHIP":" ","PARCELID":" ","FACILITY_T":"HOSPITAL - ACUTE CARE","TTL_BEDS":147,"EFCLASS":"EFHL","Asset_Elevation":null,"Owned_Maintained":null,"Asset":"HOSPITAL - ACUTE CARE","Asset_Sub_Type":null,"Asset_Type":"Hospitals","Asset_Group":"Critical Community and Emergency Facilities","Asset_Relevancy":"Locally Significant","Asset_ID":"HOSP_PT_119","Municipality":"Plant City","Water_Management_District":"Southwest Florida Water Management District","Souce_Dataset_Entity":"FDEM","Souce_Dataset_Name":"Hospitals - FDEM","Source_Asset_ID":null,"Restricted_Public_Disclosure":null,"Notes":null,"Regional_Planning_Council":"Tampa Bay","FDEP_Regulatory_District":"Southwest District","RCP_Region":"Southwest","FDOT_District":7,"House_District_Number":68,"Senate_District_Number":23,"CTF_RL_2020":"Not Affected","CTF_RL_2040_IL":"Not Affected","CTF_RL_2040_INT":"Not Affected","CTF_RL_2070_IL":"Not Affected","CTF_RL_2070_INT":"Not Affected","SSF_RL_100YR_CURR":"Not Affected","SSF_RL_100YR_2040_IL":"Not Affected","SSF_RL_100YR_2040_INT":"Not Affected","SSF_RL_100YR_2070_IL":"Not Affected","SSF_RL_100YR_2070_INT":"Not Affected","SSF_RL_500YR_CURR":"Not Affected","SSF_RL_500YR_2040_IL":"Not Affected","SSF_RL_500YR_2040_INT":"Not Affected","SSF_RL_500YR_2070_IL":"Not Affected","SSF_RL_500YR_2070_INT":"Not Affected","RIF_RL_100YR_2020":"Not Affected","RIF_RL_100YR_2040":"Not Affected","RIF_RL_100YR_2070":"Not Affected","RIF_RL_500YR_2020":"Not Affected","RIF_RL_500YR_2040":"Not Affected","RIF_RL_500YR_2070":"Not Affected"}},{"type":"Feature","id":120,"geometry":{"type":"Point","coordinates":[-82.3473340006424,27.7892299995079]},"properties":{"OBJECTID_1":120,"OBJECTID":120,"HAZUSID":" ","Name":"ST JOSEPHS HOSP S","Address":"6901 SIMMONS LOOP","City":"RIVERVIEW","Zip":"33578","COUNTY":"Hillsborough","X":-82.347334,"Y":27.78923,"LONGLAT":"-82.34733400,27.78923000","USNG":"17R LL 67262 74582","OWNERSHIP":" ","PARCELID":" ","FACILITY_T":"HOSPITAL - ACUTE CARE","TTL_BEDS":90,"EFCLASS":"EFHM","Asset_Elevation":null,"Owned_Maintained":null,"Asset":"HOSPITAL - ACUTE CARE","Asset_Sub_Type":null,"Asset_Type":"Hospitals","Asset_Group":"Critical Community and Emergency Facilities","Asset_Relevancy":"Locally Significant","Asset_ID":"HOSP_PT_120","Municipality":null,"Water_Management_District":"Southwest Florida Water Management District","Souce_Dataset_Entity":"FDEM","Souce_Dataset_Name":"Hospitals - FDEM","Source_Asset_ID":null,"Restricted_Public_Disclosure":null,"Notes":null,"Regional_Planning_Council":"Tampa Bay","FDEP_Regulatory_District":"Southwest District","RCP_Region":"Southwest","FDOT_District":7,"House_District_Number":70,"Senate_District_Number":16,"CTF_RL_2020":"Not Affected","CTF_RL_2040_IL":"Not Affected","CTF_RL_2040_INT":"Not Affected","CTF_RL_2070_IL":"Not Affected","CTF_RL_2070_INT":"Not Affected","SSF_RL_100YR_CURR":"Not Affected","SSF_RL_100YR_2040_IL":"Not Affected","SSF_RL_100YR_2040_INT":"Not Affected","SSF_RL_100YR_2070_IL":"Not Affected","SSF_RL_100YR_2070_INT":"Not Affected","SSF_RL_500YR_CURR":"Not Affected","SSF_RL_500YR_2040_IL":"Not Affected","SSF_RL_500YR_2040_INT":"Not Affected","SSF_RL_500YR_2070_IL":"Not Affected","SSF_RL_500YR_2070_INT":"Not Affected","RIF_RL_100YR_2020":"Not Affected","RIF_RL_100YR_2040":"Not Affected","RIF_RL_100YR_2070":"Not Affected","RIF_RL_500YR_2020":"Not Affected","RIF_RL_500YR_2040":"Not Affected","RIF_RL_500YR_2070":"Not Affected"}},{"type":"Feature","id":121,"geometry":{"type":"Point","coordinates":[-82.4816220555027,27.9891481850621]},"properties":{"OBJECTID_1":121,"OBJECTID":121,"HAZUSID":" ","Name":"KINDRED HOSP - CENTRAL TAMPA","Address":"4801 N HOWARD AVE","City":"TAMPA","Zip":"33603","COUNTY":"Hillsborough","X":-82.48162206,"Y":27.98914819,"LONGLAT":"-82.48162206,27.98914819","USNG":"17R LL 54299 96884","OWNERSHIP":" ","PARCELID":" ","FACILITY_T":"HOSPITAL","TTL_BEDS":102,"EFCLASS":"EFHL","Asset_Elevation":null,"Owned_Maintained":null,"Asset":"HOSPITAL","Asset_Sub_Type":null,"Asset_Type":"Hospitals","Asset_Group":"Critical Community and Emergency Facilities","Asset_Relevancy":"Locally Significant","Asset_ID":"HOSP_PT_121","Municipality":"Tampa","Water_Management_District":"Southwest Florida Water Management District","Souce_Dataset_Entity":"FDEM","Souce_Dataset_Name":"Hospitals - FDEM","Source_Asset_ID":null,"Restricted_Public_Disclosure":null,"Notes":null,"Regional_Planning_Council":"Tampa Bay","FDEP_Regulatory_District":"Southwest District","RCP_Region":"Southwest","FDOT_District":7,"House_District_Number":64,"Senate_District_Number":14,"CTF_RL_2020":"Not Affected","CTF_RL_2040_IL":"Not Affected","CTF_RL_2040_INT":"Not Affected","CTF_RL_2070_IL":"Not Affected","CTF_RL_2070_INT":"Not Affected","SSF_RL_100YR_CURR":"Not Affected","SSF_RL_100YR_2040_IL":"Not Affected","SSF_RL_100YR_2040_INT":"Not Affected","SSF_RL_100YR_2070_IL":"Not Affected","SSF_RL_100YR_2070_INT":"Not Affected","SSF_RL_500YR_CURR":"Not Affected","SSF_RL_500YR_2040_IL":"Not Affected","SSF_RL_500YR_2040_INT":"Not Affected","SSF_RL_500YR_2070_IL":"Not Affected","SSF_RL_500YR_2070_INT":"Not Affected","RIF_RL_100YR_2020":"Not Affected","RIF_RL_100YR_2040":"Not Affected","RIF_RL_100YR_2070":"Not Affected","RIF_RL_500YR_2020":"Not Affected","RIF_RL_500YR_2040":"Not Affected","RIF_RL_500YR_2070":"Not Affected"}},{"type":"Feature","id":122,"geometry":{"type":"Point","coordinates":[-82.5040552444938,28.013526020313]},"properties":{"OBJECTID_1":122,"OBJECTID":122,"HAZUSID":" ","Name":"FL HOSP CARROLLWOOD","Address":"7171 N DALE MABRY HWY","City":"TAMPA","Zip":"33614","COUNTY":"Hillsborough","X":-82.50405524,"Y":28.01352602,"LONGLAT":"-82.50405524,28.01352602","USNG":"17R LL 52126 99612","OWNERSHIP":" ","PARCELID":" ","FACILITY_T":"HOSPITAL - ACUTE CARE","TTL_BEDS":120,"EFCLASS":"EFHL","Asset_Elevation":null,"Owned_Maintained":null,"Asset":"HOSPITAL - ACUTE CARE","Asset_Sub_Type":null,"Asset_Type":"Hospitals","Asset_Group":"Critical Community and Emergency Facilities","Asset_Relevancy":"Locally Significant","Asset_ID":"HOSP_PT_122","Municipality":null,"Water_Management_District":"Southwest Florida Water Management District","Souce_Dataset_Entity":"FDEM","Souce_Dataset_Name":"Hospitals - FDEM","Source_Asset_ID":null,"Restricted_Public_Disclosure":null,"Notes":null,"Regional_Planning_Council":"Tampa Bay","FDEP_Regulatory_District":"Southwest District","RCP_Region":"Southwest","FDOT_District":7,"House_District_Number":64,"Senate_District_Number":14,"CTF_RL_2020":"Not Affected","CTF_RL_2040_IL":"Not Affected","CTF_RL_2040_INT":"Not Affected","CTF_RL_2070_IL":"Not Affected","CTF_RL_2070_INT":"Not Affected","SSF_RL_100YR_CURR":"Not Affected","SSF_RL_100YR_2040_IL":"Not Affected","SSF_RL_100YR_2040_INT":"Not Affected","SSF_RL_100YR_2070_IL":"Not Affected","SSF_RL_100YR_2070_INT":"Not Affected","SSF_RL_500YR_CURR":"Not Affected","SSF_RL_500YR_2040_IL":"Not Affected","SSF_RL_500YR_2040_INT":"Not Affected","SSF_RL_500YR_2070_IL":"Not Affected","SSF_RL_500YR_2070_INT":"Not Affected","RIF_RL_100YR_2020":"Not Affected","RIF_RL_100YR_2040":"Not Affected","RIF_RL_100YR_2070":"Not Affected","RIF_RL_500YR_2020":"Not Affected","RIF_RL_500YR_2040":"Not Affected","RIF_RL_500YR_2070":"Not Affected"}},{"type":"Feature","id":123,"geometry":{"type":"Point","coordinates":[-82.423319392978,28.0706177964212]},"properties":{"OBJECTID_1":123,"OBJECTID":123,"HAZUSID":" ","Name":"FL HOSP TAMPA","Address":"3100 E FLETCHER AVE","City":"TAMPA","Zip":"33613","COUNTY":"Hillsborough","X":-82.42331939,"Y":28.0706178,"LONGLAT":"-82.42331939,28.07061780","USNG":"17R LM 60138 05842","OWNERSHIP":"PR","PARCELID":" ","FACILITY_T":"HOSPITAL - ACUTE CARE","TTL_BEDS":517,"EFCLASS":"EFHL","Asset_Elevation":null,"Owned_Maintained":null,"Asset":"HOSPITAL - ACUTE CARE","Asset_Sub_Type":null,"Asset_Type":"Hospitals","Asset_Group":"Critical Community and Emergency Facilities","Asset_Relevancy":"Locally Significant","Asset_ID":"HOSP_PT_123","Municipality":null,"Water_Management_District":"Southwest Florida Water Management District","Souce_Dataset_Entity":"FDEM","Souce_Dataset_Name":"Hospitals - FDEM","Source_Asset_ID":null,"Restricted_Public_Disclosure":null,"Notes":null,"Regional_Planning_Council":"Tampa Bay","FDEP_Regulatory_District":"Southwest District","RCP_Region":"Southwest","FDOT_District":7,"House_District_Number":67,"Senate_District_Number":16,"CTF_RL_2020":"Not Affected","CTF_RL_2040_IL":"Not Affected","CTF_RL_2040_INT":"Not Affected","CTF_RL_2070_IL":"Not Affected","CTF_RL_2070_INT":"Not Affected","SSF_RL_100YR_CURR":"Not Affected","SSF_RL_100YR_2040_IL":"Not Affected","SSF_RL_100YR_2040_INT":"Not Affected","SSF_RL_100YR_2070_IL":"Not Affected","SSF_RL_100YR_2070_INT":"Not Affected","SSF_RL_500YR_CURR":"Not Affected","SSF_RL_500YR_2040_IL":"Not Affected","SSF_RL_500YR_2040_INT":"Not Affected","SSF_RL_500YR_2070_IL":"Not Affected","SSF_RL_500YR_2070_INT":"Not Affected","RIF_RL_100YR_2020":"Not Affected","RIF_RL_100YR_2040":"Not Affected","RIF_RL_100YR_2070":"Not Affected","RIF_RL_500YR_2020":"Not Affected","RIF_RL_500YR_2040":"Not Affected","RIF_RL_500YR_2070":"Not Affected"}},{"type":"Feature","id":124,"geometry":{"type":"Point","coordinates":[-82.4280571710132,28.0644437168411]},"properties":{"OBJECTID_1":124,"OBJECTID":124,"HAZUSID":" ","Name":"JAMES A HALEY VA MED CNTRQ","Address":"13000 N BRUCE B DOWNS BLVD","City":"TAMPA","Zip":"33612","COUNTY":"Hillsborough","X":-82.42805717,"Y":28.06444372,"LONGLAT":"-82.42805717,28.06444372","USNG":"17R LM 59665 05164","OWNERSHIP":" ","PARCELID":" ","FACILITY_T":"HOSPITAL - VA","TTL_BEDS":415,"EFCLASS":"EFHL","Asset_Elevation":null,"Owned_Maintained":null,"Asset":"HOSPITAL - VA","Asset_Sub_Type":null,"Asset_Type":"Hospitals","Asset_Group":"Critical Community and Emergency Facilities","Asset_Relevancy":"Locally Significant","Asset_ID":"HOSP_PT_124","Municipality":null,"Water_Management_District":"Southwest Florida Water Management District","Souce_Dataset_Entity":"FDEM","Souce_Dataset_Name":"Hospitals - FDEM","Source_Asset_ID":null,"Restricted_Public_Disclosure":null,"Notes":null,"Regional_Planning_Council":"Tampa Bay","FDEP_Regulatory_District":"Southwest District","RCP_Region":"Southwest","FDOT_District":7,"House_District_Number":63,"Senate_District_Number":16,"CTF_RL_2020":"Not Affected","CTF_RL_2040_IL":"Not Affected","CTF_RL_2040_INT":"Not Affected","CTF_RL_2070_IL":"Not Affected","CTF_RL_2070_INT":"Not Affected","SSF_RL_100YR_CURR":"Not Affected","SSF_RL_100YR_2040_IL":"Not Affected","SSF_RL_100YR_2040_INT":"Not Affected","SSF_RL_100YR_2070_IL":"Not Affected","SSF_RL_100YR_2070_INT":"Not Affected","SSF_RL_500YR_CURR":"Not Affected","SSF_RL_500YR_2040_IL":"Not Affected","SSF_RL_500YR_2040_INT":"Not Affected","SSF_RL_500YR_2070_IL":"Not Affected","SSF_RL_500YR_2070_INT":"Not Affected","RIF_RL_100YR_2020":"Medium","RIF_RL_100YR_2040":"Medium","RIF_RL_100YR_2070":"Medium","RIF_RL_500YR_2020":"Medium","RIF_RL_500YR_2040":"Medium","RIF_RL_500YR_2070":"Medium"}},{"type":"Feature","id":125,"geometry":{"type":"Point","coordinates":[-82.5007256257141,27.8599478346147]},"properties":{"OBJECTID_1":125,"OBJECTID":125,"HAZUSID":" ","Name":"6TH MED GROUP","Address":"3250 ZEMKE AVE","City":"MACDILL AFB","Zip":"33621","COUNTY":"Hillsborough","X":-82.50072563,"Y":27.85994784,"LONGLAT":"-82.50072563,27.85994784","USNG":"17R LL 52244 82592","OWNERSHIP":" ","PARCELID":" ","FACILITY_T":"HOSPITAL - VA","TTL_BEDS":0,"EFCLASS":"MDFLT","Asset_Elevation":null,"Owned_Maintained":null,"Asset":"HOSPITAL - VA","Asset_Sub_Type":null,"Asset_Type":"Hospitals","Asset_Group":"Critical Community and Emergency Facilities","Asset_Relevancy":"Locally Significant","Asset_ID":"HOSP_PT_125","Municipality":"Tampa","Water_Management_District":"Southwest Florida Water Management District","Souce_Dataset_Entity":"FDEM","Souce_Dataset_Name":"Hospitals - FDEM","Source_Asset_ID":null,"Restricted_Public_Disclosure":null,"Notes":null,"Regional_Planning_Council":"Tampa Bay","FDEP_Regulatory_District":"Southwest District","RCP_Region":"Southwest","FDOT_District":7,"House_District_Number":65,"Senate_District_Number":14,"CTF_RL_2020":"Not Affected","CTF_RL_2040_IL":"Not Affected","CTF_RL_2040_INT":"Not Affected","CTF_RL_2070_IL":"Not Affected","CTF_RL_2070_INT":"Not Affected","SSF_RL_100YR_CURR":"Not Affected","SSF_RL_100YR_2040_IL":"Not Affected","SSF_RL_100YR_2040_INT":"Not Affected","SSF_RL_100YR_2070_IL":"Not Affected","SSF_RL_100YR_2070_INT":"Not Affected","SSF_RL_500YR_CURR":"Not Affected","SSF_RL_500YR_2040_IL":"Not Affected","SSF_RL_500YR_2040_INT":"Not Affected","SSF_RL_500YR_2070_IL":"Not Affected","SSF_RL_500YR_2070_INT":"Not Affected","RIF_RL_100YR_2020":"Medium","RIF_RL_100YR_2040":"Medium","RIF_RL_100YR_2070":"Medium","RIF_RL_500YR_2020":"Medium","RIF_RL_500YR_2040":"Medium","RIF_RL_500YR_2070":"Medium"}},{"type":"Feature","id":126,"geometry":{"type":"Point","coordinates":[-82.4909133502766,27.98233667573]},"properties":{"OBJECTID_1":126,"OBJECTID":126,"HAZUSID":" ","Name":"ST JOSEPH'S HOSPITAL","Address":"3001 W MARTIN LUTHER KING JR BLVD","City":"TAMPA","Zip":"33607","COUNTY":"Hillsborough","X":-82.49091335,"Y":27.98233668,"LONGLAT":"-82.49091335,27.98233668","USNG":"17R LL 53376 96140","OWNERSHIP":" ","PARCELID":" ","FACILITY_T":"HOSPITAL - TRAUMA","TTL_BEDS":780,"EFCLASS":"EFHL","Asset_Elevation":null,"Owned_Maintained":null,"Asset":"HOSPITAL - TRAUMA","Asset_Sub_Type":null,"Asset_Type":"Hospitals","Asset_Group":"Critical Community and Emergency Facilities","Asset_Relevancy":"Locally Significant","Asset_ID":"HOSP_PT_126","Municipality":"Tampa","Water_Management_District":"Southwest Florida Water Management District","Souce_Dataset_Entity":"FDEM","Souce_Dataset_Name":"Hospitals - FDEM","Source_Asset_ID":null,"Restricted_Public_Disclosure":null,"Notes":null,"Regional_Planning_Council":"Tampa Bay","FDEP_Regulatory_District":"Southwest District","RCP_Region":"Southwest","FDOT_District":7,"House_District_Number":64,"Senate_District_Number":14,"CTF_RL_2020":"Not Affected","CTF_RL_2040_IL":"Not Affected","CTF_RL_2040_INT":"Not Affected","CTF_RL_2070_IL":"Not Affected","CTF_RL_2070_INT":"Not Affected","SSF_RL_100YR_CURR":"Not Affected","SSF_RL_100YR_2040_IL":"Not Affected","SSF_RL_100YR_2040_INT":"Not Affected","SSF_RL_100YR_2070_IL":"Not Affected","SSF_RL_100YR_2070_INT":"Not Affected","SSF_RL_500YR_CURR":"Not Affected","SSF_RL_500YR_2040_IL":"Not Affected","SSF_RL_500YR_2040_INT":"Not Affected","SSF_RL_500YR_2070_IL":"Not Affected","SSF_RL_500YR_2070_INT":"Not Affected","RIF_RL_100YR_2020":"Not Affected","RIF_RL_100YR_2040":"Not Affected","RIF_RL_100YR_2070":"Not Affected","RIF_RL_500YR_2020":"Not Affected","RIF_RL_500YR_2040":"Not Affected","RIF_RL_500YR_2070":"Not Affected"}},{"type":"Feature","id":127,"geometry":{"type":"Point","coordinates":[-82.4584181212266,27.9381212635332]},"properties":{"OBJECTID_1":127,"OBJECTID":127,"HAZUSID":" ","Name":"TAMPA GENERAL HOSPITAL","Address":"1 TAMPA GENERAL CIR","City":"TAMPA","Zip":"33606","COUNTY":"Hillsborough","X":-82.45841812,"Y":27.93812126,"LONGLAT":"-82.45841812,27.93812126","USNG":"17R LL 56514 91203","OWNERSHIP":"M","PARCELID":" ","FACILITY_T":"HOSPITAL - TRAUMA","TTL_BEDS":1011,"EFCLASS":"EFHL","Asset_Elevation":null,"Owned_Maintained":null,"Asset":"HOSPITAL - TRAUMA","Asset_Sub_Type":null,"Asset_Type":"Hospitals","Asset_Group":"Critical Community and Emergency Facilities","Asset_Relevancy":"Locally Significant","Asset_ID":"HOSP_PT_127","Municipality":"Tampa","Water_Management_District":"Southwest Florida Water Management District","Souce_Dataset_Entity":"FDEM","Souce_Dataset_Name":"Hospitals - FDEM","Source_Asset_ID":null,"Restricted_Public_Disclosure":null,"Notes":null,"Regional_Planning_Council":"Tampa Bay","FDEP_Regulatory_District":"Southwest District","RCP_Region":"Southwest","FDOT_District":7,"House_District_Number":65,"Senate_District_Number":14,"CTF_RL_2020":"Not Affected","CTF_RL_2040_IL":"Not Affected","CTF_RL_2040_INT":"Not Affected","CTF_RL_2070_IL":"Not Affected","CTF_RL_2070_INT":"Not Affected","SSF_RL_100YR_CURR":"Not Affected","SSF_RL_100YR_2040_IL":"Not Affected","SSF_RL_100YR_2040_INT":"Not Affected","SSF_RL_100YR_2070_IL":"Not Affected","SSF_RL_100YR_2070_INT":"Not Affected","SSF_RL_500YR_CURR":"Not Affected","SSF_RL_500YR_2040_IL":"Not Affected","SSF_RL_500YR_2040_INT":"Not Affected","SSF_RL_500YR_2070_IL":"Not Affected","SSF_RL_500YR_2070_INT":"Not Affected","RIF_RL_100YR_2020":"Not Affected","RIF_RL_100YR_2040":"Not Affected","RIF_RL_100YR_2070":"Not Affected","RIF_RL_500YR_2020":"Not Affected","RIF_RL_500YR_2040":"Not Affected","RIF_RL_500YR_2070":"Not Affected"}},{"type":"Feature","id":128,"geometry":{"type":"Point","coordinates":[-82.3263199996572,27.9436499994139]},"properties":{"OBJECTID_1":128,"OBJECTID":128,"HAZUSID":" ","Name":"6TH MED GROUP USAF - BRANDON CLIN","Address":"22 0GRAND REGENCY BLVD","City":"BRANDON","Zip":"33510","COUNTY":"Hillsborough","X":-82.32632,"Y":27.94365,"LONGLAT":"-82.32632000,27.94365000","USNG":"17R LL 69518 91668","OWNERSHIP":" ","PARCELID":" ","FACILITY_T":"HOSPITAL - VA","TTL_BEDS":0,"EFCLASS":"MDFLT","Asset_Elevation":null,"Owned_Maintained":null,"Asset":"HOSPITAL - VA","Asset_Sub_Type":null,"Asset_Type":"Hospitals","Asset_Group":"Critical Community and Emergency Facilities","Asset_Relevancy":"Locally Significant","Asset_ID":"HOSP_PT_128","Municipality":null,"Water_Management_District":"Southwest Florida Water Management District","Souce_Dataset_Entity":"FDEM","Souce_Dataset_Name":"Hospitals - FDEM","Source_Asset_ID":null,"Restricted_Public_Disclosure":null,"Notes":null,"Regional_Planning_Council":"Tampa Bay","FDEP_Regulatory_District":"Southwest District","RCP_Region":"Southwest","FDOT_District":7,"House_District_Number":67,"Senate_District_Number":23,"CTF_RL_2020":"Not Affected","CTF_RL_2040_IL":"Not Affected","CTF_RL_2040_INT":"Not Affected","CTF_RL_2070_IL":"Not Affected","CTF_RL_2070_INT":"Not Affected","SSF_RL_100YR_CURR":"Not Affected","SSF_RL_100YR_2040_IL":"Not Affected","SSF_RL_100YR_2040_INT":"Not Affected","SSF_RL_100YR_2070_IL":"Not Affected","SSF_RL_100YR_2070_INT":"Not Affected","SSF_RL_500YR_CURR":"Not Affected","SSF_RL_500YR_2040_IL":"Not Affected","SSF_RL_500YR_2040_INT":"Not Affected","SSF_RL_500YR_2070_IL":"Not Affected","SSF_RL_500YR_2070_INT":"Not Affected","RIF_RL_100YR_2020":"Not Affected","RIF_RL_100YR_2040":"Not Affected","RIF_RL_100YR_2070":"Not Affected","RIF_RL_500YR_2020":"Not Affected","RIF_RL_500YR_2040":"Not Affected","RIF_RL_500YR_2070":"Not Affected"}},{"type":"Feature","id":129,"geometry":{"type":"Point","coordinates":[-85.6828443473183,30.7609605508024]},"properties":{"OBJECTID_1":129,"OBJECTID":129,"HAZUSID":" ","Name":"DOCTORS MEMORIAL HOSP","Address":"2600 HOSPITAL DR","City":"BONIFAY","Zip":"32425","COUNTY":"Holmes","X":-85.68284435,"Y":30.76096055,"LONGLAT":"-85.68284435,30.76096055","USNG":"16R FV 26061 03852","OWNERSHIP":" ","PARCELID":" ","FACILITY_T":"HOSPITAL - ACUTE CARE","TTL_BEDS":20,"EFCLASS":"EFHS","Asset_Elevation":null,"Owned_Maintained":null,"Asset":"HOSPITAL - ACUTE CARE","Asset_Sub_Type":null,"Asset_Type":"Hospitals","Asset_Group":"Critical Community and Emergency Facilities","Asset_Relevancy":"Locally Significant","Asset_ID":"HOSP_PT_129","Municipality":null,"Water_Management_District":"Northwest Florida Water Management District","Souce_Dataset_Entity":"FDEM","Souce_Dataset_Name":"Hospitals - FDEM","Source_Asset_ID":null,"Restricted_Public_Disclosure":null,"Notes":null,"Regional_Planning_Council":"Emerald Coast","FDEP_Regulatory_District":"Northwest District","RCP_Region":"Northwest","FDOT_District":3,"House_District_Number":5,"Senate_District_Number":2,"CTF_RL_2020":"Not Affected","CTF_RL_2040_IL":"Not Affected","CTF_RL_2040_INT":"Not Affected","CTF_RL_2070_IL":"Not Affected","CTF_RL_2070_INT":"Not Affected","SSF_RL_100YR_CURR":"Not Affected","SSF_RL_100YR_2040_IL":"Not Affected","SSF_RL_100YR_2040_INT":"Not Affected","SSF_RL_100YR_2070_IL":"Not Affected","SSF_RL_100YR_2070_INT":"Not Affected","SSF_RL_500YR_CURR":"Not Affected","SSF_RL_500YR_2040_IL":"Not Affected","SSF_RL_500YR_2040_INT":"Not Affected","SSF_RL_500YR_2070_IL":"Not Affected","SSF_RL_500YR_2070_INT":"Not Affected","RIF_RL_100YR_2020":"Not Affected","RIF_RL_100YR_2040":"Not Affected","RIF_RL_100YR_2070":"Not Affected","RIF_RL_500YR_2020":"Not Affected","RIF_RL_500YR_2040":"Not Affected","RIF_RL_500YR_2070":"Not Affected"}},{"type":"Feature","id":130,"geometry":{"type":"Point","coordinates":[-80.3945177307103,27.6585760852237]},"properties":{"OBJECTID_1":130,"OBJECTID":130,"HAZUSID":" ","Name":"INDIAN RIVER MED CNTR","Address":"1000 36TH ST","City":"VERO BEACH","Zip":"32960","COUNTY":"Indian River","X":-80.39451773,"Y":27.65857609,"LONGLAT":"-80.39451773,27.65857609","USNG":"17R NL 59719 59528","OWNERSHIP":" ","PARCELID":" ","FACILITY_T":"HOSPITAL - ACUTE CARE","TTL_BEDS":332,"EFCLASS":"EFHL","Asset_Elevation":null,"Owned_Maintained":null,"Asset":"HOSPITAL - ACUTE CARE","Asset_Sub_Type":null,"Asset_Type":"Hospitals","Asset_Group":"Critical Community and Emergency Facilities","Asset_Relevancy":"Locally Significant","Asset_ID":"HOSP_PT_130","Municipality":null,"Water_Management_District":"St. Johns River Water Management District","Souce_Dataset_Entity":"FDEM","Souce_Dataset_Name":"Hospitals - FDEM","Source_Asset_ID":null,"Restricted_Public_Disclosure":null,"Notes":null,"Regional_Planning_Council":"Treasure Coast","FDEP_Regulatory_District":"Southeast District","RCP_Region":"Northeast","FDOT_District":4,"House_District_Number":34,"Senate_District_Number":29,"CTF_RL_2020":"Not Affected","CTF_RL_2040_IL":"Not Affected","CTF_RL_2040_INT":"Not Affected","CTF_RL_2070_IL":"Not Affected","CTF_RL_2070_INT":"Not Affected","SSF_RL_100YR_CURR":"Not Affected","SSF_RL_100YR_2040_IL":"Not Affected","SSF_RL_100YR_2040_INT":"Not Affected","SSF_RL_100YR_2070_IL":"Not Affected","SSF_RL_100YR_2070_INT":"Not Affected","SSF_RL_500YR_CURR":"Not Affected","SSF_RL_500YR_2040_IL":"Not Affected","SSF_RL_500YR_2040_INT":"Not Affected","SSF_RL_500YR_2070_IL":"Not Affected","SSF_RL_500YR_2070_INT":"Not Affected","RIF_RL_100YR_2020":"Medium","RIF_RL_100YR_2040":"Medium","RIF_RL_100YR_2070":"Medium","RIF_RL_500YR_2020":"Medium","RIF_RL_500YR_2040":"Medium","RIF_RL_500YR_2070":"Medium"}},{"type":"Feature","id":131,"geometry":{"type":"Point","coordinates":[-80.4890337404286,27.8436644603981]},"properties":{"OBJECTID_1":131,"OBJECTID":131,"HAZUSID":" ","Name":"SEBASTIAN RIVER MEDICAL CNTR","Address":"13695 US HWY 1","City":"SEBASTIAN","Zip":"32958","COUNTY":"Indian River","X":-80.48903374,"Y":27.84366446,"LONGLAT":"-80.48903374,27.84366446","USNG":"17R NL 50312 79989","OWNERSHIP":" ","PARCELID":" ","FACILITY_T":"HOSPITAL - ACUTE CARE","TTL_BEDS":154,"EFCLASS":"EFHL","Asset_Elevation":null,"Owned_Maintained":null,"Asset":"HOSPITAL - ACUTE CARE","Asset_Sub_Type":null,"Asset_Type":"Hospitals","Asset_Group":"Critical Community and Emergency Facilities","Asset_Relevancy":"Locally Significant","Asset_ID":"HOSP_PT_131","Municipality":null,"Water_Management_District":"St. Johns River Water Management District","Souce_Dataset_Entity":"FDEM","Souce_Dataset_Name":"Hospitals - FDEM","Source_Asset_ID":null,"Restricted_Public_Disclosure":null,"Notes":null,"Regional_Planning_Council":"Treasure Coast","FDEP_Regulatory_District":"Southeast District","RCP_Region":"Northeast","FDOT_District":4,"House_District_Number":34,"Senate_District_Number":29,"CTF_RL_2020":"Not Affected","CTF_RL_2040_IL":"Not Affected","CTF_RL_2040_INT":"Not Affected","CTF_RL_2070_IL":"Not Affected","CTF_RL_2070_INT":"Not Affected","SSF_RL_100YR_CURR":"Not Affected","SSF_RL_100YR_2040_IL":"Not Affected","SSF_RL_100YR_2040_INT":"Not Affected","SSF_RL_100YR_2070_IL":"Not Affected","SSF_RL_100YR_2070_INT":"Not Affected","SSF_RL_500YR_CURR":"Not Affected","SSF_RL_500YR_2040_IL":"Not Affected","SSF_RL_500YR_2040_INT":"Not Affected","SSF_RL_500YR_2070_IL":"Not Affected","SSF_RL_500YR_2070_INT":"Not Affected","RIF_RL_100YR_2020":"Low","RIF_RL_100YR_2040":"Low","RIF_RL_100YR_2070":"Low","RIF_RL_500YR_2020":"Low","RIF_RL_500YR_2040":"Low","RIF_RL_500YR_2070":"Medium"}},{"type":"Feature","id":132,"geometry":{"type":"Point","coordinates":[-80.4004405052834,27.6610143735658]},"properties":{"OBJECTID_1":132,"OBJECTID":132,"HAZUSID":" ","Name":"HEALTHSOUTH TREASURE COAST REHAB","Address":"1600 37TH ST","City":"VERO BEACH","Zip":"32960","COUNTY":"Indian River","X":-80.40044051,"Y":27.66101437,"LONGLAT":"-80.40044051,27.66101437","USNG":"17R NL 59134 59795","OWNERSHIP":" ","PARCELID":" ","FACILITY_T":"HOSPITAL","TTL_BEDS":80,"EFCLASS":"EFHM","Asset_Elevation":null,"Owned_Maintained":null,"Asset":"HOSPITAL","Asset_Sub_Type":null,"Asset_Type":"Hospitals","Asset_Group":"Critical Community and Emergency Facilities","Asset_Relevancy":"Locally Significant","Asset_ID":"HOSP_PT_132","Municipality":null,"Water_Management_District":"St. Johns River Water Management District","Souce_Dataset_Entity":"FDEM","Souce_Dataset_Name":"Hospitals - FDEM","Source_Asset_ID":null,"Restricted_Public_Disclosure":null,"Notes":null,"Regional_Planning_Council":"Treasure Coast","FDEP_Regulatory_District":"Southeast District","RCP_Region":"Northeast","FDOT_District":4,"House_District_Number":34,"Senate_District_Number":29,"CTF_RL_2020":"Not Affected","CTF_RL_2040_IL":"Not Affected","CTF_RL_2040_INT":"Not Affected","CTF_RL_2070_IL":"Not Affected","CTF_RL_2070_INT":"Not Affected","SSF_RL_100YR_CURR":"Not Affected","SSF_RL_100YR_2040_IL":"Not Affected","SSF_RL_100YR_2040_INT":"Not Affected","SSF_RL_100YR_2070_IL":"Not Affected","SSF_RL_100YR_2070_INT":"Not Affected","SSF_RL_500YR_CURR":"Not Affected","SSF_RL_500YR_2040_IL":"Not Affected","SSF_RL_500YR_2040_INT":"Not Affected","SSF_RL_500YR_2070_IL":"Not Affected","SSF_RL_500YR_2070_INT":"Not Affected","RIF_RL_100YR_2020":"Not Affected","RIF_RL_100YR_2040":"Not Affected","RIF_RL_100YR_2070":"Not Affected","RIF_RL_500YR_2020":"Not Affected","RIF_RL_500YR_2040":"Not Affected","RIF_RL_500YR_2070":"Not Affected"}},{"type":"Feature","id":133,"geometry":{"type":"Point","coordinates":[-85.2415463253933,30.7868759486488]},"properties":{"OBJECTID_1":133,"OBJECTID":133,"HAZUSID":" ","Name":"JACKSON HOSP","Address":"4250 HOSPITAL DR","City":"MARIANNA","Zip":"32446","COUNTY":"Jackson","X":-85.24154633,"Y":30.78687595,"LONGLAT":"-85.24154633,30.78687595","USNG":"16R FV 68257 07304","OWNERSHIP":" ","PARCELID":" ","FACILITY_T":"HOSPITAL - ACUTE CARE","TTL_BEDS":100,"EFCLASS":"EFHM","Asset_Elevation":null,"Owned_Maintained":null,"Asset":"HOSPITAL - ACUTE CARE","Asset_Sub_Type":null,"Asset_Type":"Hospitals","Asset_Group":"Critical Community and Emergency Facilities","Asset_Relevancy":"Locally Significant","Asset_ID":"HOSP_PT_133","Municipality":"Marianna","Water_Management_District":"Northwest Florida Water Management District","Souce_Dataset_Entity":"FDEM","Souce_Dataset_Name":"Hospitals - FDEM","Source_Asset_ID":null,"Restricted_Public_Disclosure":null,"Notes":null,"Regional_Planning_Council":"Apalachee","FDEP_Regulatory_District":"Northwest District","RCP_Region":"Northwest","FDOT_District":3,"House_District_Number":5,"Senate_District_Number":2,"CTF_RL_2020":"Not Affected","CTF_RL_2040_IL":"Not Affected","CTF_RL_2040_INT":"Not Affected","CTF_RL_2070_IL":"Not Affected","CTF_RL_2070_INT":"Not Affected","SSF_RL_100YR_CURR":"Not Affected","SSF_RL_100YR_2040_IL":"Not Affected","SSF_RL_100YR_2040_INT":"Not Affected","SSF_RL_100YR_2070_IL":"Not Affected","SSF_RL_100YR_2070_INT":"Not Affected","SSF_RL_500YR_CURR":"Not Affected","SSF_RL_500YR_2040_IL":"Not Affected","SSF_RL_500YR_2040_INT":"Not Affected","SSF_RL_500YR_2070_IL":"Not Affected","SSF_RL_500YR_2070_INT":"Not Affected","RIF_RL_100YR_2020":"Not Affected","RIF_RL_100YR_2040":"Not Affected","RIF_RL_100YR_2070":"Not Affected","RIF_RL_500YR_2020":"Not Affected","RIF_RL_500YR_2040":"Not Affected","RIF_RL_500YR_2070":"Not Affected"}},{"type":"Feature","id":134,"geometry":{"type":"Point","coordinates":[-85.5068008050003,30.9631442429186]},"properties":{"OBJECTID_1":134,"OBJECTID":134,"HAZUSID":" ","Name":"CAMPBELLTON-GRACEVILLE HOSP","Address":"5429 COLLEGE DR","City":"GRACEVILLE","Zip":"32440","COUNTY":"Jackson","X":-85.50680081,"Y":30.96314424,"LONGLAT":"-85.50680081,30.96314424","USNG":"16R FV 42612 26473","OWNERSHIP":" ","PARCELID":" ","FACILITY_T":"HOSPITAL - ACUTE CARE","TTL_BEDS":25,"EFCLASS":"EFHS","Asset_Elevation":null,"Owned_Maintained":null,"Asset":"HOSPITAL - ACUTE CARE","Asset_Sub_Type":null,"Asset_Type":"Hospitals","Asset_Group":"Critical Community and Emergency Facilities","Asset_Relevancy":"Locally Significant","Asset_ID":"HOSP_PT_134","Municipality":"Graceville","Water_Management_District":"Northwest Florida Water Management District","Souce_Dataset_Entity":"FDEM","Souce_Dataset_Name":"Hospitals - FDEM","Source_Asset_ID":null,"Restricted_Public_Disclosure":null,"Notes":null,"Regional_Planning_Council":"Apalachee","FDEP_Regulatory_District":"Northwest District","RCP_Region":"Northwest","FDOT_District":3,"House_District_Number":5,"Senate_District_Number":2,"CTF_RL_2020":"Not Affected","CTF_RL_2040_IL":"Not Affected","CTF_RL_2040_INT":"Not Affected","CTF_RL_2070_IL":"Not Affected","CTF_RL_2070_INT":"Not Affected","SSF_RL_100YR_CURR":"Not Affected","SSF_RL_100YR_2040_IL":"Not Affected","SSF_RL_100YR_2040_INT":"Not Affected","SSF_RL_100YR_2070_IL":"Not Affected","SSF_RL_100YR_2070_INT":"Not Affected","SSF_RL_500YR_CURR":"Not Affected","SSF_RL_500YR_2040_IL":"Not Affected","SSF_RL_500YR_2040_INT":"Not Affected","SSF_RL_500YR_2070_IL":"Not Affected","SSF_RL_500YR_2070_INT":"Not Affected","RIF_RL_100YR_2020":"Not Affected","RIF_RL_100YR_2040":"Not Affected","RIF_RL_100YR_2070":"Not Affected","RIF_RL_500YR_2020":"Not Affected","RIF_RL_500YR_2040":"Not Affected","RIF_RL_500YR_2070":"Not Affected"}},{"type":"Feature","id":135,"geometry":{"type":"Point","coordinates":[-81.7106984286225,28.8234507448983]},"properties":{"OBJECTID_1":135,"OBJECTID":135,"HAZUSID":" ","Name":"FL HOSP WATERMAN","Address":"1000 WATERMAN WAY","City":"TAVARES","Zip":"32778","COUNTY":"Lake","X":-81.71069843,"Y":28.82345075,"LONGLAT":"-81.71069843,28.82345075","USNG":"17R MM 30659 88633","OWNERSHIP":" ","PARCELID":" ","FACILITY_T":"HOSPITAL - ACUTE CARE","TTL_BEDS":269,"EFCLASS":"EFHL","Asset_Elevation":null,"Owned_Maintained":null,"Asset":"HOSPITAL - ACUTE CARE","Asset_Sub_Type":null,"Asset_Type":"Hospitals","Asset_Group":"Critical Community and Emergency Facilities","Asset_Relevancy":"Locally Significant","Asset_ID":"HOSP_PT_135","Municipality":"Tavares","Water_Management_District":"St. Johns River Water Management District","Souce_Dataset_Entity":"FDEM","Souce_Dataset_Name":"Hospitals - FDEM","Source_Asset_ID":null,"Restricted_Public_Disclosure":null,"Notes":null,"Regional_Planning_Council":"East Central Florida","FDEP_Regulatory_District":"Central District","RCP_Region":"Northeast","FDOT_District":5,"House_District_Number":26,"Senate_District_Number":13,"CTF_RL_2020":"Not Affected","CTF_RL_2040_IL":"Not Affected","CTF_RL_2040_INT":"Not Affected","CTF_RL_2070_IL":"Not Affected","CTF_RL_2070_INT":"Not Affected","SSF_RL_100YR_CURR":"Not Affected","SSF_RL_100YR_2040_IL":"Not Affected","SSF_RL_100YR_2040_INT":"Not Affected","SSF_RL_100YR_2070_IL":"Not Affected","SSF_RL_100YR_2070_INT":"Not Affected","SSF_RL_500YR_CURR":"Not Affected","SSF_RL_500YR_2040_IL":"Not Affected","SSF_RL_500YR_2040_INT":"Not Affected","SSF_RL_500YR_2070_IL":"Not Affected","SSF_RL_500YR_2070_INT":"Not Affected","RIF_RL_100YR_2020":"Medium","RIF_RL_100YR_2040":"Medium","RIF_RL_100YR_2070":"Medium","RIF_RL_500YR_2020":"Medium","RIF_RL_500YR_2040":"Medium","RIF_RL_500YR_2070":"Medium"}},{"type":"Feature","id":136,"geometry":{"type":"Point","coordinates":[-81.8744030548048,28.817900444011]},"properties":{"OBJECTID_1":136,"OBJECTID":136,"HAZUSID":" ","Name":"LEESBURG REHABILITATION HOSPITAL","Address":"700 N PALMETTO ST","City":"LEESBURG","Zip":"34748","COUNTY":"Lake","X":-81.87440306,"Y":28.81790045,"LONGLAT":"-81.87440306,28.81790045","USNG":"17R MM 14682 88124","OWNERSHIP":" ","PARCELID":" ","FACILITY_T":"HOSPITAL - ACUTE CARE","TTL_BEDS":2,"EFCLASS":"EFHS","Asset_Elevation":null,"Owned_Maintained":null,"Asset":"HOSPITAL - ACUTE CARE","Asset_Sub_Type":null,"Asset_Type":"Hospitals","Asset_Group":"Critical Community and Emergency Facilities","Asset_Relevancy":"Locally Significant","Asset_ID":"HOSP_PT_136","Municipality":"Leesburg","Water_Management_District":"St. Johns River Water Management District","Souce_Dataset_Entity":"FDEM","Souce_Dataset_Name":"Hospitals - FDEM","Source_Asset_ID":null,"Restricted_Public_Disclosure":null,"Notes":null,"Regional_Planning_Council":"East Central Florida","FDEP_Regulatory_District":"Central District","RCP_Region":"Northeast","FDOT_District":5,"House_District_Number":26,"Senate_District_Number":13,"CTF_RL_2020":"Not Affected","CTF_RL_2040_IL":"Not Affected","CTF_RL_2040_INT":"Not Affected","CTF_RL_2070_IL":"Not Affected","CTF_RL_2070_INT":"Not Affected","SSF_RL_100YR_CURR":"Not Affected","SSF_RL_100YR_2040_IL":"Not Affected","SSF_RL_100YR_2040_INT":"Not Affected","SSF_RL_100YR_2070_IL":"Not Affected","SSF_RL_100YR_2070_INT":"Not Affected","SSF_RL_500YR_CURR":"Not Affected","SSF_RL_500YR_2040_IL":"Not Affected","SSF_RL_500YR_2040_INT":"Not Affected","SSF_RL_500YR_2070_IL":"Not Affected","SSF_RL_500YR_2070_INT":"Not Affected","RIF_RL_100YR_2020":"Not Affected","RIF_RL_100YR_2040":"Not Affected","RIF_RL_100YR_2070":"Not Affected","RIF_RL_500YR_2020":"Not Affected","RIF_RL_500YR_2040":"Not Affected","RIF_RL_500YR_2070":"Not Affected"}},{"type":"Feature","id":137,"geometry":{"type":"Point","coordinates":[-81.8683212595976,28.8074935827601]},"properties":{"OBJECTID_1":137,"OBJECTID":137,"HAZUSID":" ","Name":"LEESBURG REGIONAL MEDICAL CNTR","Address":"600 E DIXIE AVE","City":"LEESBURG","Zip":"34748","COUNTY":"Lake","X":-81.86832126,"Y":28.80749358,"LONGLAT":"-81.86832126,28.80749358","USNG":"17R MM 15267 86967","OWNERSHIP":" ","PARCELID":" ","FACILITY_T":"HOSPITAL - ACUTE CARE","TTL_BEDS":308,"EFCLASS":"EFHL","Asset_Elevation":null,"Owned_Maintained":null,"Asset":"HOSPITAL - ACUTE CARE","Asset_Sub_Type":null,"Asset_Type":"Hospitals","Asset_Group":"Critical Community and Emergency Facilities","Asset_Relevancy":"Locally Significant","Asset_ID":"HOSP_PT_137","Municipality":"Leesburg","Water_Management_District":"St. Johns River Water Management District","Souce_Dataset_Entity":"FDEM","Souce_Dataset_Name":"Hospitals - FDEM","Source_Asset_ID":null,"Restricted_Public_Disclosure":null,"Notes":null,"Regional_Planning_Council":"East Central Florida","FDEP_Regulatory_District":"Central District","RCP_Region":"Northeast","FDOT_District":5,"House_District_Number":26,"Senate_District_Number":13,"CTF_RL_2020":"Not Affected","CTF_RL_2040_IL":"Not Affected","CTF_RL_2040_INT":"Not Affected","CTF_RL_2070_IL":"Not Affected","CTF_RL_2070_INT":"Not Affected","SSF_RL_100YR_CURR":"Not Affected","SSF_RL_100YR_2040_IL":"Not Affected","SSF_RL_100YR_2040_INT":"Not Affected","SSF_RL_100YR_2070_IL":"Not Affected","SSF_RL_100YR_2070_INT":"Not Affected","SSF_RL_500YR_CURR":"Not Affected","SSF_RL_500YR_2040_IL":"Not Affected","SSF_RL_500YR_2040_INT":"Not Affected","SSF_RL_500YR_2070_IL":"Not Affected","SSF_RL_500YR_2070_INT":"Not Affected","RIF_RL_100YR_2020":"Not Affected","RIF_RL_100YR_2040":"Not Affected","RIF_RL_100YR_2070":"Not Affected","RIF_RL_500YR_2020":"Not Affected","RIF_RL_500YR_2040":"Not Affected","RIF_RL_500YR_2070":"Not Affected"}},{"type":"Feature","id":138,"geometry":{"type":"Point","coordinates":[-81.7222069303264,28.5519305799386]},"properties":{"OBJECTID_1":138,"OBJECTID":138,"HAZUSID":" ","Name":"SOUTH LAKE HOSPITAL","Address":"1900 DON WICKHAM DR","City":"CLERMONT","Zip":"34711","COUNTY":"Lake","X":-81.72220693,"Y":28.55193058,"LONGLAT":"-81.72220693,28.55193058","USNG":"17R MM 29354 58557","OWNERSHIP":" ","PARCELID":" ","FACILITY_T":"HOSPITAL - ACUTE CARE","TTL_BEDS":170,"EFCLASS":"EFHL","Asset_Elevation":null,"Owned_Maintained":null,"Asset":"HOSPITAL - ACUTE CARE","Asset_Sub_Type":null,"Asset_Type":"Hospitals","Asset_Group":"Critical Community and Emergency Facilities","Asset_Relevancy":"Locally Significant","Asset_ID":"HOSP_PT_138","Municipality":"Clermont","Water_Management_District":"St. Johns River Water Management District","Souce_Dataset_Entity":"FDEM","Souce_Dataset_Name":"Hospitals - FDEM","Source_Asset_ID":null,"Restricted_Public_Disclosure":null,"Notes":null,"Regional_Planning_Council":"East Central Florida","FDEP_Regulatory_District":"Central District","RCP_Region":"Northeast","FDOT_District":5,"House_District_Number":25,"Senate_District_Number":13,"CTF_RL_2020":"Not Affected","CTF_RL_2040_IL":"Not Affected","CTF_RL_2040_INT":"Not Affected","CTF_RL_2070_IL":"Not Affected","CTF_RL_2070_INT":"Not Affected","SSF_RL_100YR_CURR":"Not Affected","SSF_RL_100YR_2040_IL":"Not Affected","SSF_RL_100YR_2040_INT":"Not Affected","SSF_RL_100YR_2070_IL":"Not Affected","SSF_RL_100YR_2070_INT":"Not Affected","SSF_RL_500YR_CURR":"Not Affected","SSF_RL_500YR_2040_IL":"Not Affected","SSF_RL_500YR_2040_INT":"Not Affected","SSF_RL_500YR_2070_IL":"Not Affected","SSF_RL_500YR_2070_INT":"Not Affected","RIF_RL_100YR_2020":"Not Affected","RIF_RL_100YR_2040":"Not Affected","RIF_RL_100YR_2070":"Not Affected","RIF_RL_500YR_2020":"Not Affected","RIF_RL_500YR_2040":"Not Affected","RIF_RL_500YR_2070":"Not Affected"}},{"type":"Feature","id":139,"geometry":{"type":"Point","coordinates":[-81.8946086290463,28.8379413312126]},"properties":{"OBJECTID_1":139,"OBJECTID":139,"HAZUSID":" ","Name":"LIFESTREAM BEHAVIORAL CNTR","Address":"2020 TALLY RD","City":"LEESBURG","Zip":"34748","COUNTY":"Lake","X":-81.89460863,"Y":28.83794133,"LONGLAT":"-81.89460863,28.83794133","USNG":"17R MM 12727 90359","OWNERSHIP":" ","PARCELID":" ","FACILITY_T":"HOSPITAL","TTL_BEDS":46,"EFCLASS":"EFHS","Asset_Elevation":null,"Owned_Maintained":null,"Asset":"HOSPITAL","Asset_Sub_Type":null,"Asset_Type":"Hospitals","Asset_Group":"Critical Community and Emergency Facilities","Asset_Relevancy":"Locally Significant","Asset_ID":"HOSP_PT_139","Municipality":"Leesburg","Water_Management_District":"St. Johns River Water Management District","Souce_Dataset_Entity":"FDEM","Souce_Dataset_Name":"Hospitals - FDEM","Source_Asset_ID":null,"Restricted_Public_Disclosure":null,"Notes":null,"Regional_Planning_Council":"East Central Florida","FDEP_Regulatory_District":"Central District","RCP_Region":"Northeast","FDOT_District":5,"House_District_Number":26,"Senate_District_Number":13,"CTF_RL_2020":"Not Affected","CTF_RL_2040_IL":"Not Affected","CTF_RL_2040_INT":"Not Affected","CTF_RL_2070_IL":"Not Affected","CTF_RL_2070_INT":"Not Affected","SSF_RL_100YR_CURR":"Not Affected","SSF_RL_100YR_2040_IL":"Not Affected","SSF_RL_100YR_2040_INT":"Not Affected","SSF_RL_100YR_2070_IL":"Not Affected","SSF_RL_100YR_2070_INT":"Not Affected","SSF_RL_500YR_CURR":"Not Affected","SSF_RL_500YR_2040_IL":"Not Affected","SSF_RL_500YR_2040_INT":"Not Affected","SSF_RL_500YR_2070_IL":"Not Affected","SSF_RL_500YR_2070_INT":"Not Affected","RIF_RL_100YR_2020":"Not Affected","RIF_RL_100YR_2040":"Not Affected","RIF_RL_100YR_2070":"Not Affected","RIF_RL_500YR_2020":"Not Affected","RIF_RL_500YR_2040":"Not Affected","RIF_RL_500YR_2070":"Not Affected"}},{"type":"Feature","id":140,"geometry":{"type":"Point","coordinates":[-81.8498150342347,26.5441147037021]},"properties":{"OBJECTID_1":140,"OBJECTID":140,"HAZUSID":" ","Name":"GULF COAST MEDICAL CNTR LMHS","Address":"13681 DOCTORS WAY","City":"FORT MYERS","Zip":"33912","COUNTY":"Lee","X":-81.84981503,"Y":26.5441147,"LONGLAT":"-81.84981503,26.54411470","USNG":"17R MK 15346 36223","OWNERSHIP":" ","PARCELID":" ","FACILITY_T":"HOSPITAL - ACUTE CARE","TTL_BEDS":356,"EFCLASS":"EFHL","Asset_Elevation":null,"Owned_Maintained":null,"Asset":"HOSPITAL - ACUTE CARE","Asset_Sub_Type":null,"Asset_Type":"Hospitals","Asset_Group":"Critical Community and Emergency Facilities","Asset_Relevancy":"Locally Significant","Asset_ID":"HOSP_PT_140","Municipality":null,"Water_Management_District":"South Florida Water Management District","Souce_Dataset_Entity":"FDEM","Souce_Dataset_Name":"Hospitals - FDEM","Source_Asset_ID":null,"Restricted_Public_Disclosure":null,"Notes":null,"Regional_Planning_Council":"Southwest Florida","FDEP_Regulatory_District":"South District","RCP_Region":"Southwest","FDOT_District":1,"House_District_Number":78,"Senate_District_Number":33,"CTF_RL_2020":"Not Affected","CTF_RL_2040_IL":"Not Affected","CTF_RL_2040_INT":"Not Affected","CTF_RL_2070_IL":"Not Affected","CTF_RL_2070_INT":"Not Affected","SSF_RL_100YR_CURR":"Not Affected","SSF_RL_100YR_2040_IL":"Not Affected","SSF_RL_100YR_2040_INT":"Not Affected","SSF_RL_100YR_2070_IL":"Not Affected","SSF_RL_100YR_2070_INT":"Not Affected","SSF_RL_500YR_CURR":"Not Affected","SSF_RL_500YR_2040_IL":"Not Affected","SSF_RL_500YR_2040_INT":"Not Affected","SSF_RL_500YR_2070_IL":"Not Affected","SSF_RL_500YR_2070_INT":"Not Affected","RIF_RL_100YR_2020":"Not Affected","RIF_RL_100YR_2040":"Not Affected","RIF_RL_100YR_2070":"Not Affected","RIF_RL_500YR_2020":"Not Affected","RIF_RL_500YR_2040":"Not Affected","RIF_RL_500YR_2070":"Not Affected"}},{"type":"Feature","id":141,"geometry":{"type":"Point","coordinates":[-81.9380077553467,26.6685406167644]},"properties":{"OBJECTID_1":141,"OBJECTID":141,"HAZUSID":" ","Name":"LMHS LEE CONVENIENT CARE/PINE ISLAND RD","Address":"1682 NE PINE ISLAND RD","City":"CAPE CORAL","Zip":"33909","COUNTY":"Lee","X":-81.93800776,"Y":26.66854062,"LONGLAT":"-81.93800776,26.66854062","USNG":"17R MK 06661 50066","OWNERSHIP":" ","PARCELID":" ","FACILITY_T":"HOSPITAL","TTL_BEDS":0,"EFCLASS":"MDFLT","Asset_Elevation":null,"Owned_Maintained":null,"Asset":"HOSPITAL","Asset_Sub_Type":null,"Asset_Type":"Hospitals","Asset_Group":"Critical Community and Emergency Facilities","Asset_Relevancy":"Locally Significant","Asset_ID":"HOSP_PT_141","Municipality":"Cape Coral","Water_Management_District":"South Florida Water Management District","Souce_Dataset_Entity":"FDEM","Souce_Dataset_Name":"Hospitals - FDEM","Source_Asset_ID":null,"Restricted_Public_Disclosure":null,"Notes":null,"Regional_Planning_Council":"Southwest Florida","FDEP_Regulatory_District":"South District","RCP_Region":"Southwest","FDOT_District":1,"House_District_Number":79,"Senate_District_Number":33,"CTF_RL_2020":"Not Affected","CTF_RL_2040_IL":"Not Affected","CTF_RL_2040_INT":"Not Affected","CTF_RL_2070_IL":"Not Affected","CTF_RL_2070_INT":"Not Affected","SSF_RL_100YR_CURR":"Not Affected","SSF_RL_100YR_2040_IL":"Not Affected","SSF_RL_100YR_2040_INT":"Not Affected","SSF_RL_100YR_2070_IL":"Not Affected","SSF_RL_100YR_2070_INT":"Not Affected","SSF_RL_500YR_CURR":"Not Affected","SSF_RL_500YR_2040_IL":"Not Affected","SSF_RL_500YR_2040_INT":"Not Affected","SSF_RL_500YR_2070_IL":"Not Affected","SSF_RL_500YR_2070_INT":"Not Affected","RIF_RL_100YR_2020":"Not Affected","RIF_RL_100YR_2040":"Not Affected","RIF_RL_100YR_2070":"Not Affected","RIF_RL_500YR_2020":"Not Affected","RIF_RL_500YR_2040":"Not Affected","RIF_RL_500YR_2070":"Not Affected"}},{"type":"Feature","id":142,"geometry":{"type":"Point","coordinates":[-81.9095390691331,26.5104032289262]},"properties":{"OBJECTID_1":142,"OBJECTID":142,"HAZUSID":" ","Name":"PARK ROYAL HOSP","Address":"9241 PARK ROYAL DR","City":"FORT MYERS","Zip":"33908","COUNTY":"Lee","X":-81.90953907,"Y":26.51040323,"LONGLAT":"-81.90953907,26.51040323","USNG":"17R MK 09370 32530","OWNERSHIP":" ","PARCELID":" ","FACILITY_T":"HOSPITAL","TTL_BEDS":103,"EFCLASS":"EFHL","Asset_Elevation":null,"Owned_Maintained":null,"Asset":"HOSPITAL","Asset_Sub_Type":null,"Asset_Type":"Hospitals","Asset_Group":"Critical Community and Emergency Facilities","Asset_Relevancy":"Locally Significant","Asset_ID":"HOSP_PT_142","Municipality":null,"Water_Management_District":"South Florida Water Management District","Souce_Dataset_Entity":"FDEM","Souce_Dataset_Name":"Hospitals - FDEM","Source_Asset_ID":null,"Restricted_Public_Disclosure":null,"Notes":null,"Regional_Planning_Council":"Southwest Florida","FDEP_Regulatory_District":"South District","RCP_Region":"Southwest","FDOT_District":1,"House_District_Number":78,"Senate_District_Number":33,"CTF_RL_2020":"Not Affected","CTF_RL_2040_IL":"Not Affected","CTF_RL_2040_INT":"Not Affected","CTF_RL_2070_IL":"Not Affected","CTF_RL_2070_INT":"Not Affected","SSF_RL_100YR_CURR":"Low","SSF_RL_100YR_2040_IL":"Medium","SSF_RL_100YR_2040_INT":"Medium","SSF_RL_100YR_2070_IL":"Medium","SSF_RL_100YR_2070_INT":"High","SSF_RL_500YR_CURR":"High","SSF_RL_500YR_2040_IL":"High","SSF_RL_500YR_2040_INT":"High","SSF_RL_500YR_2070_IL":"High","SSF_RL_500YR_2070_INT":"High","RIF_RL_100YR_2020":"Not Affected","RIF_RL_100YR_2040":"Not Affected","RIF_RL_100YR_2070":"Not Affected","RIF_RL_500YR_2020":"Not Affected","RIF_RL_500YR_2040":"Not Affected","RIF_RL_500YR_2070":"Not Affected"}},{"type":"Feature","id":143,"geometry":{"type":"Point","coordinates":[-81.8713491424823,26.5918665253373]},"properties":{"OBJECTID_1":143,"OBJECTID":143,"HAZUSID":" ","Name":"LMHS LEE CONVENIENT CARE - PAGE FIELD","Address":"4741-4771 S CLEVELAND AVE","City":"FORT MYERS","Zip":"33907","COUNTY":"Lee","X":-81.87134914,"Y":26.59186653,"LONGLAT":"-81.87134914,26.59186653","USNG":"17R MK 13237 41527","OWNERSHIP":" ","PARCELID":" ","FACILITY_T":"HOSPITAL","TTL_BEDS":0,"EFCLASS":"MDFLT","Asset_Elevation":null,"Owned_Maintained":null,"Asset":"HOSPITAL","Asset_Sub_Type":null,"Asset_Type":"Hospitals","Asset_Group":"Critical Community and Emergency Facilities","Asset_Relevancy":"Locally Significant","Asset_ID":"HOSP_PT_143","Municipality":null,"Water_Management_District":"South Florida Water Management District","Souce_Dataset_Entity":"FDEM","Souce_Dataset_Name":"Hospitals - FDEM","Source_Asset_ID":null,"Restricted_Public_Disclosure":null,"Notes":null,"Regional_Planning_Council":"Southwest Florida","FDEP_Regulatory_District":"South District","RCP_Region":"Southwest","FDOT_District":1,"House_District_Number":78,"Senate_District_Number":33,"CTF_RL_2020":"Not Affected","CTF_RL_2040_IL":"Not Affected","CTF_RL_2040_INT":"Not Affected","CTF_RL_2070_IL":"Not Affected","CTF_RL_2070_INT":"Not Affected","SSF_RL_100YR_CURR":"Not Affected","SSF_RL_100YR_2040_IL":"Not Affected","SSF_RL_100YR_2040_INT":"Not Affected","SSF_RL_100YR_2070_IL":"Not Affected","SSF_RL_100YR_2070_INT":"Not Affected","SSF_RL_500YR_CURR":"Not Affected","SSF_RL_500YR_2040_IL":"Not Affected","SSF_RL_500YR_2040_INT":"Not Affected","SSF_RL_500YR_2070_IL":"Not Affected","SSF_RL_500YR_2070_INT":"Not Affected","RIF_RL_100YR_2020":"Not Affected","RIF_RL_100YR_2040":"Not Affected","RIF_RL_100YR_2070":"Not Affected","RIF_RL_500YR_2020":"Not Affected","RIF_RL_500YR_2040":"Not Affected","RIF_RL_500YR_2070":"Not Affected"}},{"type":"Feature","id":144,"geometry":{"type":"Point","coordinates":[-81.9421771181893,26.6392202735011]},"properties":{"OBJECTID_1":144,"OBJECTID":144,"HAZUSID":" ","Name":"CAPE CORAL HOSP LMHS","Address":"636 DEL PRADO BLVD","City":"CAPE CORAL","Zip":"33990","COUNTY":"Lee","X":-81.94217712,"Y":26.63922027,"LONGLAT":"-81.94217712,26.63922027","USNG":"17R MK 06222 46822","OWNERSHIP":"PR","PARCELID":" ","FACILITY_T":"HOSPITAL - ACUTE CARE","TTL_BEDS":291,"EFCLASS":"EFHL","Asset_Elevation":null,"Owned_Maintained":null,"Asset":"HOSPITAL - ACUTE CARE","Asset_Sub_Type":null,"Asset_Type":"Hospitals","Asset_Group":"Critical Community and Emergency Facilities","Asset_Relevancy":"Locally Significant","Asset_ID":"HOSP_PT_144","Municipality":"Cape Coral","Water_Management_District":"South Florida Water Management District","Souce_Dataset_Entity":"FDEM","Souce_Dataset_Name":"Hospitals - FDEM","Source_Asset_ID":null,"Restricted_Public_Disclosure":null,"Notes":null,"Regional_Planning_Council":"Southwest Florida","FDEP_Regulatory_District":"South District","RCP_Region":"Southwest","FDOT_District":1,"House_District_Number":79,"Senate_District_Number":33,"CTF_RL_2020":"Not Affected","CTF_RL_2040_IL":"Not Affected","CTF_RL_2040_INT":"Not Affected","CTF_RL_2070_IL":"Not Affected","CTF_RL_2070_INT":"Not Affected","SSF_RL_100YR_CURR":"Not Affected","SSF_RL_100YR_2040_IL":"Not Affected","SSF_RL_100YR_2040_INT":"Not Affected","SSF_RL_100YR_2070_IL":"Not Affected","SSF_RL_100YR_2070_INT":"Not Affected","SSF_RL_500YR_CURR":"Not Affected","SSF_RL_500YR_2040_IL":"Not Affected","SSF_RL_500YR_2040_INT":"Not Affected","SSF_RL_500YR_2070_IL":"Not Affected","SSF_RL_500YR_2070_INT":"Not Affected","RIF_RL_100YR_2020":"Not Affected","RIF_RL_100YR_2040":"Not Affected","RIF_RL_100YR_2070":"Not Affected","RIF_RL_500YR_2020":"Not Affected","RIF_RL_500YR_2040":"Not Affected","RIF_RL_500YR_2070":"Not Affected"}},{"type":"Feature","id":145,"geometry":{"type":"Point","coordinates":[-81.8027189995425,26.6310779985406]},"properties":{"OBJECTID_1":145,"OBJECTID":145,"HAZUSID":" ","Name":"PROMISE HOSP OF FORT MYERS","Address":"3050 CHAMPION RING RD","City":"FORT MYERS","Zip":"33905","COUNTY":"Lee","X":-81.802719,"Y":26.631078,"LONGLAT":"-81.80271900,26.63107800","USNG":"17R MK 20098 45825","OWNERSHIP":" ","PARCELID":" ","FACILITY_T":"HOSPITAL - ACUTE CARE","TTL_BEDS":60,"EFCLASS":"EFHM","Asset_Elevation":null,"Owned_Maintained":null,"Asset":"HOSPITAL - ACUTE CARE","Asset_Sub_Type":null,"Asset_Type":"Hospitals","Asset_Group":"Critical Community and Emergency Facilities","Asset_Relevancy":"Locally Significant","Asset_ID":"HOSP_PT_145","Municipality":"Fort Myers","Water_Management_District":"South Florida Water Management District","Souce_Dataset_Entity":"FDEM","Souce_Dataset_Name":"Hospitals - FDEM","Source_Asset_ID":null,"Restricted_Public_Disclosure":null,"Notes":null,"Regional_Planning_Council":"Southwest Florida","FDEP_Regulatory_District":"South District","RCP_Region":"Southwest","FDOT_District":1,"House_District_Number":78,"Senate_District_Number":27,"CTF_RL_2020":"Not Affected","CTF_RL_2040_IL":"Not Affected","CTF_RL_2040_INT":"Not Affected","CTF_RL_2070_IL":"Not Affected","CTF_RL_2070_INT":"Not Affected","SSF_RL_100YR_CURR":"Not Affected","SSF_RL_100YR_2040_IL":"Not Affected","SSF_RL_100YR_2040_INT":"Not Affected","SSF_RL_100YR_2070_IL":"Not Affected","SSF_RL_100YR_2070_INT":"Not Affected","SSF_RL_500YR_CURR":"Not Affected","SSF_RL_500YR_2040_IL":"Not Affected","SSF_RL_500YR_2040_INT":"Not Affected","SSF_RL_500YR_2070_IL":"Not Affected","SSF_RL_500YR_2070_INT":"Not Affected","RIF_RL_100YR_2020":"Not Affected","RIF_RL_100YR_2040":"Not Affected","RIF_RL_100YR_2070":"Not Affected","RIF_RL_500YR_2020":"Not Affected","RIF_RL_500YR_2040":"Not Affected","RIF_RL_500YR_2070":"Not Affected"}},{"type":"Feature","id":146,"geometry":{"type":"Point","coordinates":[-81.9129764496732,26.5072926381965]},"properties":{"OBJECTID_1":146,"OBJECTID":146,"HAZUSID":" ","Name":"HEALTHPARK MEDICAL CNTR","Address":"9981 HEALTHPARK CIR","City":"FORT MYERS","Zip":"33908","COUNTY":"Lee","X":-81.91297645,"Y":26.50729264,"LONGLAT":"-81.91297645,26.50729264","USNG":"17R MK 09025 32188","OWNERSHIP":" ","PARCELID":" ","FACILITY_T":"HOSPITAL - ACUTE CARE","TTL_BEDS":368,"EFCLASS":"EFHL","Asset_Elevation":null,"Owned_Maintained":null,"Asset":"HOSPITAL - ACUTE CARE","Asset_Sub_Type":null,"Asset_Type":"Hospitals","Asset_Group":"Critical Community and Emergency Facilities","Asset_Relevancy":"Locally Significant","Asset_ID":"HOSP_PT_146","Municipality":null,"Water_Management_District":"South Florida Water Management District","Souce_Dataset_Entity":"FDEM","Souce_Dataset_Name":"Hospitals - FDEM","Source_Asset_ID":null,"Restricted_Public_Disclosure":null,"Notes":null,"Regional_Planning_Council":"Southwest Florida","FDEP_Regulatory_District":"South District","RCP_Region":"Southwest","FDOT_District":1,"House_District_Number":78,"Senate_District_Number":33,"CTF_RL_2020":"Not Affected","CTF_RL_2040_IL":"Not Affected","CTF_RL_2040_INT":"Not Affected","CTF_RL_2070_IL":"Not Affected","CTF_RL_2070_INT":"Not Affected","SSF_RL_100YR_CURR":"Not Affected","SSF_RL_100YR_2040_IL":"Not Affected","SSF_RL_100YR_2040_INT":"Not Affected","SSF_RL_100YR_2070_IL":"Not Affected","SSF_RL_100YR_2070_INT":"Low","SSF_RL_500YR_CURR":"High","SSF_RL_500YR_2040_IL":"High","SSF_RL_500YR_2040_INT":"High","SSF_RL_500YR_2070_IL":"High","SSF_RL_500YR_2070_INT":"High","RIF_RL_100YR_2020":"Not Affected","RIF_RL_100YR_2040":"Not Affected","RIF_RL_100YR_2070":"Not Affected","RIF_RL_500YR_2020":"Not Affected","RIF_RL_500YR_2040":"Not Affected","RIF_RL_500YR_2070":"Not Affected"}},{"type":"Feature","id":147,"geometry":{"type":"Point","coordinates":[-81.6592937257575,26.6160825172024]},"properties":{"OBJECTID_1":147,"OBJECTID":147,"HAZUSID":" ","Name":"LEHIGH REGIONAL MEDICAL CNTR","Address":"1500 LEE BLVD","City":"LEHIGH ACRES","Zip":"33936","COUNTY":"Lee","X":-81.65929373,"Y":26.61608252,"LONGLAT":"-81.65929373,26.61608252","USNG":"17R MK 34366 44083","OWNERSHIP":" ","PARCELID":" ","FACILITY_T":"HOSPITAL - ACUTE CARE","TTL_BEDS":88,"EFCLASS":"EFHM","Asset_Elevation":null,"Owned_Maintained":null,"Asset":"HOSPITAL - ACUTE CARE","Asset_Sub_Type":null,"Asset_Type":"Hospitals","Asset_Group":"Critical Community and Emergency Facilities","Asset_Relevancy":"Locally Significant","Asset_ID":"HOSP_PT_147","Municipality":null,"Water_Management_District":"South Florida Water Management District","Souce_Dataset_Entity":"FDEM","Souce_Dataset_Name":"Hospitals - FDEM","Source_Asset_ID":null,"Restricted_Public_Disclosure":null,"Notes":null,"Regional_Planning_Council":"Southwest Florida","FDEP_Regulatory_District":"South District","RCP_Region":"Southwest","FDOT_District":1,"House_District_Number":77,"Senate_District_Number":27,"CTF_RL_2020":"Not Affected","CTF_RL_2040_IL":"Not Affected","CTF_RL_2040_INT":"Not Affected","CTF_RL_2070_IL":"Not Affected","CTF_RL_2070_INT":"Not Affected","SSF_RL_100YR_CURR":"Not Affected","SSF_RL_100YR_2040_IL":"Not Affected","SSF_RL_100YR_2040_INT":"Not Affected","SSF_RL_100YR_2070_IL":"Not Affected","SSF_RL_100YR_2070_INT":"Not Affected","SSF_RL_500YR_CURR":"Not Affected","SSF_RL_500YR_2040_IL":"Not Affected","SSF_RL_500YR_2040_INT":"Not Affected","SSF_RL_500YR_2070_IL":"Not Affected","SSF_RL_500YR_2070_INT":"Not Affected","RIF_RL_100YR_2020":"Not Affected","RIF_RL_100YR_2040":"Not Affected","RIF_RL_100YR_2070":"Not Affected","RIF_RL_500YR_2020":"Not Affected","RIF_RL_500YR_2040":"Not Affected","RIF_RL_500YR_2070":"Not Affected"}},{"type":"Feature","id":148,"geometry":{"type":"Point","coordinates":[-81.9201176434646,26.6857838697047]},"properties":{"OBJECTID_1":148,"OBJECTID":148,"HAZUSID":" ","Name":"LEE COUNY VA HEALTHCARE CENTER","Address":"2489 DIPLOMAT PKWY E","City":"CAPE CORAL","Zip":"33909","COUNTY":"Lee","X":-81.92011764,"Y":26.68578387,"LONGLAT":"-81.92011764,26.68578387","USNG":"17R MK 08455 51963","OWNERSHIP":" ","PARCELID":" ","FACILITY_T":"HOSPITAL - VA","TTL_BEDS":0,"EFCLASS":"MDFLT","Asset_Elevation":null,"Owned_Maintained":null,"Asset":"HOSPITAL - VA","Asset_Sub_Type":null,"Asset_Type":"Hospitals","Asset_Group":"Critical Community and Emergency Facilities","Asset_Relevancy":"Locally Significant","Asset_ID":"HOSP_PT_148","Municipality":"Cape Coral","Water_Management_District":"South Florida Water Management District","Souce_Dataset_Entity":"FDEM","Souce_Dataset_Name":"Hospitals - FDEM","Source_Asset_ID":null,"Restricted_Public_Disclosure":null,"Notes":null,"Regional_Planning_Council":"Southwest Florida","FDEP_Regulatory_District":"South District","RCP_Region":"Southwest","FDOT_District":1,"House_District_Number":76,"Senate_District_Number":33,"CTF_RL_2020":"Not Affected","CTF_RL_2040_IL":"Not Affected","CTF_RL_2040_INT":"Not Affected","CTF_RL_2070_IL":"Not Affected","CTF_RL_2070_INT":"Not Affected","SSF_RL_100YR_CURR":"Not Affected","SSF_RL_100YR_2040_IL":"Not Affected","SSF_RL_100YR_2040_INT":"Not Affected","SSF_RL_100YR_2070_IL":"Not Affected","SSF_RL_100YR_2070_INT":"Not Affected","SSF_RL_500YR_CURR":"Not Affected","SSF_RL_500YR_2040_IL":"Not Affected","SSF_RL_500YR_2040_INT":"Not Affected","SSF_RL_500YR_2070_IL":"Not Affected","SSF_RL_500YR_2070_INT":"Not Affected","RIF_RL_100YR_2020":"Not Affected","RIF_RL_100YR_2040":"Not Affected","RIF_RL_100YR_2070":"Not Affected","RIF_RL_500YR_2020":"Not Affected","RIF_RL_500YR_2040":"Not Affected","RIF_RL_500YR_2070":"Not Affected"}},{"type":"Feature","id":149,"geometry":{"type":"Point","coordinates":[-81.8740477386762,26.6283903862903]},"properties":{"OBJECTID_1":149,"OBJECTID":149,"HAZUSID":" ","Name":"LEE MEMORIAL HOSP","Address":"2776 CLEVELAND AVE","City":"FORT MYERS","Zip":"33901","COUNTY":"Lee","X":-81.87404774,"Y":26.62839039,"LONGLAT":"-81.87404774,26.62839039","USNG":"17R MK 12995 45574","OWNERSHIP":"PR","PARCELID":" ","FACILITY_T":"HOSPITAL - TRAUMA","TTL_BEDS":411,"EFCLASS":"EFHL","Asset_Elevation":null,"Owned_Maintained":null,"Asset":"HOSPITAL - TRAUMA","Asset_Sub_Type":null,"Asset_Type":"Hospitals","Asset_Group":"Critical Community and Emergency Facilities","Asset_Relevancy":"Locally Significant","Asset_ID":"HOSP_PT_149","Municipality":"Fort Myers","Water_Management_District":"South Florida Water Management District","Souce_Dataset_Entity":"FDEM","Souce_Dataset_Name":"Hospitals - FDEM","Source_Asset_ID":null,"Restricted_Public_Disclosure":null,"Notes":null,"Regional_Planning_Council":"Southwest Florida","FDEP_Regulatory_District":"South District","RCP_Region":"Southwest","FDOT_District":1,"House_District_Number":78,"Senate_District_Number":33,"CTF_RL_2020":"Not Affected","CTF_RL_2040_IL":"Not Affected","CTF_RL_2040_INT":"Not Affected","CTF_RL_2070_IL":"Not Affected","CTF_RL_2070_INT":"Not Affected","SSF_RL_100YR_CURR":"Not Affected","SSF_RL_100YR_2040_IL":"Not Affected","SSF_RL_100YR_2040_INT":"Not Affected","SSF_RL_100YR_2070_IL":"Not Affected","SSF_RL_100YR_2070_INT":"Not Affected","SSF_RL_500YR_CURR":"Not Affected","SSF_RL_500YR_2040_IL":"Not Affected","SSF_RL_500YR_2040_INT":"Not Affected","SSF_RL_500YR_2070_IL":"Not Affected","SSF_RL_500YR_2070_INT":"Not Affected","RIF_RL_100YR_2020":"Not Affected","RIF_RL_100YR_2040":"Not Affected","RIF_RL_100YR_2070":"Not Affected","RIF_RL_500YR_2020":"Not Affected","RIF_RL_500YR_2040":"Not Affected","RIF_RL_500YR_2070":"Not Affected"}},{"type":"Feature","id":150,"geometry":{"type":"Point","coordinates":[-81.8494808713882,26.6055041005703]},"properties":{"OBJECTID_1":150,"OBJECTID":150,"HAZUSID":"0","Name":"VA CLINIC","Address":"3033 WINKLER AVE EXT","City":"FORT MYERS","Zip":" ","COUNTY":"Lee","X":-81.84948087,"Y":26.6055041,"LONGLAT":"-81.84948087,26.60550410","USNG":"17R MK 15424 43023","OWNERSHIP":" ","PARCELID":" ","FACILITY_T":"HOSPITAL - VA","TTL_BEDS":0,"EFCLASS":"MDFLT","Asset_Elevation":null,"Owned_Maintained":null,"Asset":"HOSPITAL - VA","Asset_Sub_Type":null,"Asset_Type":"Hospitals","Asset_Group":"Critical Community and Emergency Facilities","Asset_Relevancy":"Locally Significant","Asset_ID":"HOSP_PT_150","Municipality":"Fort Myers","Water_Management_District":"South Florida Water Management District","Souce_Dataset_Entity":"FDEM","Souce_Dataset_Name":"Hospitals - FDEM","Source_Asset_ID":null,"Restricted_Public_Disclosure":null,"Notes":null,"Regional_Planning_Council":"Southwest Florida","FDEP_Regulatory_District":"South District","RCP_Region":"Southwest","FDOT_District":1,"House_District_Number":78,"Senate_District_Number":33,"CTF_RL_2020":"Not Affected","CTF_RL_2040_IL":"Not Affected","CTF_RL_2040_INT":"Not Affected","CTF_RL_2070_IL":"Not Affected","CTF_RL_2070_INT":"Not Affected","SSF_RL_100YR_CURR":"Not Affected","SSF_RL_100YR_2040_IL":"Not Affected","SSF_RL_100YR_2040_INT":"Not Affected","SSF_RL_100YR_2070_IL":"Not Affected","SSF_RL_100YR_2070_INT":"Not Affected","SSF_RL_500YR_CURR":"Not Affected","SSF_RL_500YR_2040_IL":"Not Affected","SSF_RL_500YR_2040_INT":"Not Affected","SSF_RL_500YR_2070_IL":"Not Affected","SSF_RL_500YR_2070_INT":"Not Affected","RIF_RL_100YR_2020":"Not Affected","RIF_RL_100YR_2040":"Not Affected","RIF_RL_100YR_2070":"Not Affected","RIF_RL_500YR_2020":"Not Affected","RIF_RL_500YR_2040":"Not Affected","RIF_RL_500YR_2070":"Not Affected"}},{"type":"Feature","id":151,"geometry":{"type":"Point","coordinates":[-84.2402900002847,30.4565199996354]},"properties":{"OBJECTID_1":151,"OBJECTID":151,"HAZUSID":" ","Name":"TALLAHASSEE OUTPATIENT CLIN","Address":"1607 ST JAMES CT","City":"TALLAHASSEE","Zip":"32308","COUNTY":"Leon","X":-84.24029,"Y":30.45652,"LONGLAT":"-84.24029000,30.45652000","USNG":"16R GU 64991 72609","OWNERSHIP":" ","PARCELID":" ","FACILITY_T":"HOSPITAL - VA","TTL_BEDS":0,"EFCLASS":"MDFLT","Asset_Elevation":null,"Owned_Maintained":null,"Asset":"HOSPITAL - VA","Asset_Sub_Type":null,"Asset_Type":"Hospitals","Asset_Group":"Critical Community and Emergency Facilities","Asset_Relevancy":"Locally Significant","Asset_ID":"HOSP_PT_151","Municipality":"Tallahassee","Water_Management_District":"Northwest Florida Water Management District","Souce_Dataset_Entity":"FDEM","Souce_Dataset_Name":"Hospitals - FDEM","Source_Asset_ID":null,"Restricted_Public_Disclosure":null,"Notes":null,"Regional_Planning_Council":"Apalachee","FDEP_Regulatory_District":"Northwest District","RCP_Region":"Northwest","FDOT_District":3,"House_District_Number":9,"Senate_District_Number":3,"CTF_RL_2020":"Not Affected","CTF_RL_2040_IL":"Not Affected","CTF_RL_2040_INT":"Not Affected","CTF_RL_2070_IL":"Not Affected","CTF_RL_2070_INT":"Not Affected","SSF_RL_100YR_CURR":"Not Affected","SSF_RL_100YR_2040_IL":"Not Affected","SSF_RL_100YR_2040_INT":"Not Affected","SSF_RL_100YR_2070_IL":"Not Affected","SSF_RL_100YR_2070_INT":"Not Affected","SSF_RL_500YR_CURR":"Not Affected","SSF_RL_500YR_2040_IL":"Not Affected","SSF_RL_500YR_2040_INT":"Not Affected","SSF_RL_500YR_2070_IL":"Not Affected","SSF_RL_500YR_2070_INT":"Not Affected","RIF_RL_100YR_2020":"Not Affected","RIF_RL_100YR_2040":"Not Affected","RIF_RL_100YR_2070":"Not Affected","RIF_RL_500YR_2020":"Medium","RIF_RL_500YR_2040":"High","RIF_RL_500YR_2070":"High"}},{"type":"Feature","id":152,"geometry":{"type":"Point","coordinates":[-84.2480451316626,30.4099805978665]},"properties":{"OBJECTID_1":152,"OBJECTID":152,"HAZUSID":" ","Name":"TALLAHASSEE OUTPATIENT CLINIC","Address":"2181 E. ORANGE AVE.","City":"TALLAHASSEE","Zip":"32311","COUNTY":"Leon","X":-84.24804513,"Y":30.4099806,"LONGLAT":"-84.24804513,30.40998060","USNG":"16R GU 64371 67431","OWNERSHIP":" ","PARCELID":" ","FACILITY_T":"HOSPITAL - VA","TTL_BEDS":0,"EFCLASS":"MDFLT","Asset_Elevation":null,"Owned_Maintained":null,"Asset":"HOSPITAL - VA","Asset_Sub_Type":null,"Asset_Type":"Hospitals","Asset_Group":"Critical Community and Emergency Facilities","Asset_Relevancy":"Locally Significant","Asset_ID":"HOSP_PT_152","Municipality":"Tallahassee","Water_Management_District":"Northwest Florida Water Management District","Souce_Dataset_Entity":"FDEM","Souce_Dataset_Name":"Hospitals - FDEM","Source_Asset_ID":null,"Restricted_Public_Disclosure":null,"Notes":null,"Regional_Planning_Council":"Apalachee","FDEP_Regulatory_District":"Northwest District","RCP_Region":"Northwest","FDOT_District":3,"House_District_Number":8,"Senate_District_Number":3,"CTF_RL_2020":"Not Affected","CTF_RL_2040_IL":"Not Affected","CTF_RL_2040_INT":"Not Affected","CTF_RL_2070_IL":"Not Affected","CTF_RL_2070_INT":"Not Affected","SSF_RL_100YR_CURR":"Not Affected","SSF_RL_100YR_2040_IL":"Not Affected","SSF_RL_100YR_2040_INT":"Not Affected","SSF_RL_100YR_2070_IL":"Not Affected","SSF_RL_100YR_2070_INT":"Not Affected","SSF_RL_500YR_CURR":"Not Affected","SSF_RL_500YR_2040_IL":"Not Affected","SSF_RL_500YR_2040_INT":"Not Affected","SSF_RL_500YR_2070_IL":"Not Affected","SSF_RL_500YR_2070_INT":"Not Affected","RIF_RL_100YR_2020":"Not Affected","RIF_RL_100YR_2040":"Not Affected","RIF_RL_100YR_2070":"Not Affected","RIF_RL_500YR_2020":"Not Affected","RIF_RL_500YR_2040":"Not Affected","RIF_RL_500YR_2070":"Not Affected"}},{"type":"Feature","id":153,"geometry":{"type":"Point","coordinates":[-84.2621059775335,30.4562463161463]},"properties":{"OBJECTID_1":153,"OBJECTID":153,"HAZUSID":" ","Name":"TALLAHASSEE MEMORIAL HOSPITAL","Address":"1300 MICCOSUKEE RD","City":"TALLAHASSEE","Zip":"32308","COUNTY":"Leon","X":-84.26210598,"Y":30.45624632,"LONGLAT":"-84.26210598,30.45624632","USNG":"16R GU 62896 72528","OWNERSHIP":" ","PARCELID":" ","FACILITY_T":"HOSPITAL - TRAUMA","TTL_BEDS":772,"EFCLASS":"EFHL","Asset_Elevation":null,"Owned_Maintained":null,"Asset":"HOSPITAL - TRAUMA","Asset_Sub_Type":null,"Asset_Type":"Hospitals","Asset_Group":"Critical Community and Emergency Facilities","Asset_Relevancy":"Locally Significant","Asset_ID":"HOSP_PT_153","Municipality":"Tallahassee","Water_Management_District":"Northwest Florida Water Management District","Souce_Dataset_Entity":"FDEM","Souce_Dataset_Name":"Hospitals - FDEM","Source_Asset_ID":null,"Restricted_Public_Disclosure":null,"Notes":null,"Regional_Planning_Council":"Apalachee","FDEP_Regulatory_District":"Northwest District","RCP_Region":"Northwest","FDOT_District":3,"House_District_Number":9,"Senate_District_Number":3,"CTF_RL_2020":"Not Affected","CTF_RL_2040_IL":"Not Affected","CTF_RL_2040_INT":"Not Affected","CTF_RL_2070_IL":"Not Affected","CTF_RL_2070_INT":"Not Affected","SSF_RL_100YR_CURR":"Not Affected","SSF_RL_100YR_2040_IL":"Not Affected","SSF_RL_100YR_2040_INT":"Not Affected","SSF_RL_100YR_2070_IL":"Not Affected","SSF_RL_100YR_2070_INT":"Not Affected","SSF_RL_500YR_CURR":"Not Affected","SSF_RL_500YR_2040_IL":"Not Affected","SSF_RL_500YR_2040_INT":"Not Affected","SSF_RL_500YR_2070_IL":"Not Affected","SSF_RL_500YR_2070_INT":"Not Affected","RIF_RL_100YR_2020":"Not Affected","RIF_RL_100YR_2040":"Not Affected","RIF_RL_100YR_2070":"Not Affected","RIF_RL_500YR_2020":"Not Affected","RIF_RL_500YR_2040":"Not Affected","RIF_RL_500YR_2070":"Not Affected"}},{"type":"Feature","id":154,"geometry":{"type":"Point","coordinates":[-84.2311978459896,30.4758093790614]},"properties":{"OBJECTID_1":154,"OBJECTID":154,"HAZUSID":" ","Name":"CAPITAL REGIONAL MED CENT","Address":"2626 CAPITAL MEDICAL BLVD","City":"TALLAHASSEE","Zip":"32308","COUNTY":"Leon","X":-84.23119785,"Y":30.47580938,"LONGLAT":"-84.23119785,30.47580938","USNG":"16R GU 65812 74769","OWNERSHIP":" ","PARCELID":" ","FACILITY_T":"HOSPITAL - ACUTE CARE","TTL_BEDS":266,"EFCLASS":"EFHL","Asset_Elevation":null,"Owned_Maintained":null,"Asset":"HOSPITAL - ACUTE CARE","Asset_Sub_Type":null,"Asset_Type":"Hospitals","Asset_Group":"Critical Community and Emergency Facilities","Asset_Relevancy":"Locally Significant","Asset_ID":"HOSP_PT_154","Municipality":"Tallahassee","Water_Management_District":"Northwest Florida Water Management District","Souce_Dataset_Entity":"FDEM","Souce_Dataset_Name":"Hospitals - FDEM","Source_Asset_ID":null,"Restricted_Public_Disclosure":null,"Notes":null,"Regional_Planning_Council":"Apalachee","FDEP_Regulatory_District":"Northwest District","RCP_Region":"Northwest","FDOT_District":3,"House_District_Number":9,"Senate_District_Number":3,"CTF_RL_2020":"Not Affected","CTF_RL_2040_IL":"Not Affected","CTF_RL_2040_INT":"Not Affected","CTF_RL_2070_IL":"Not Affected","CTF_RL_2070_INT":"Not Affected","SSF_RL_100YR_CURR":"Not Affected","SSF_RL_100YR_2040_IL":"Not Affected","SSF_RL_100YR_2040_INT":"Not Affected","SSF_RL_100YR_2070_IL":"Not Affected","SSF_RL_100YR_2070_INT":"Not Affected","SSF_RL_500YR_CURR":"Not Affected","SSF_RL_500YR_2040_IL":"Not Affected","SSF_RL_500YR_2040_INT":"Not Affected","SSF_RL_500YR_2070_IL":"Not Affected","SSF_RL_500YR_2070_INT":"Not Affected","RIF_RL_100YR_2020":"Not Affected","RIF_RL_100YR_2040":"Not Affected","RIF_RL_100YR_2070":"Not Affected","RIF_RL_500YR_2020":"Not Affected","RIF_RL_500YR_2040":"Not Affected","RIF_RL_500YR_2070":"Not Affected"}},{"type":"Feature","id":155,"geometry":{"type":"Point","coordinates":[-84.2375018347058,30.4595067352659]},"properties":{"OBJECTID_1":155,"OBJECTID":155,"HAZUSID":" ","Name":"HEALTHSOUTH REHAB HOSP OF TAL","Address":"1675 RIGGINS RD","City":"TALLAHASSEE","Zip":"32308","COUNTY":"Leon","X":-84.23750184,"Y":30.45950674,"LONGLAT":"-84.23750184,30.45950674","USNG":"16R GU 65250 72947","OWNERSHIP":" ","PARCELID":" ","FACILITY_T":"HOSPITAL","TTL_BEDS":76,"EFCLASS":"EFHM","Asset_Elevation":null,"Owned_Maintained":null,"Asset":"HOSPITAL","Asset_Sub_Type":null,"Asset_Type":"Hospitals","Asset_Group":"Critical Community and Emergency Facilities","Asset_Relevancy":"Locally Significant","Asset_ID":"HOSP_PT_155","Municipality":"Tallahassee","Water_Management_District":"Northwest Florida Water Management District","Souce_Dataset_Entity":"FDEM","Souce_Dataset_Name":"Hospitals - FDEM","Source_Asset_ID":null,"Restricted_Public_Disclosure":null,"Notes":null,"Regional_Planning_Council":"Apalachee","FDEP_Regulatory_District":"Northwest District","RCP_Region":"Northwest","FDOT_District":3,"House_District_Number":9,"Senate_District_Number":3,"CTF_RL_2020":"Not Affected","CTF_RL_2040_IL":"Not Affected","CTF_RL_2040_INT":"Not Affected","CTF_RL_2070_IL":"Not Affected","CTF_RL_2070_INT":"Not Affected","SSF_RL_100YR_CURR":"Not Affected","SSF_RL_100YR_2040_IL":"Not Affected","SSF_RL_100YR_2040_INT":"Not Affected","SSF_RL_100YR_2070_IL":"Not Affected","SSF_RL_100YR_2070_INT":"Not Affected","SSF_RL_500YR_CURR":"Not Affected","SSF_RL_500YR_2040_IL":"Not Affected","SSF_RL_500YR_2040_INT":"Not Affected","SSF_RL_500YR_2070_IL":"Not Affected","SSF_RL_500YR_2070_INT":"Not Affected","RIF_RL_100YR_2020":"Not Affected","RIF_RL_100YR_2040":"Not Affected","RIF_RL_100YR_2070":"Not Affected","RIF_RL_500YR_2020":"Not Affected","RIF_RL_500YR_2040":"Not Affected","RIF_RL_500YR_2070":"Not Affected"}},{"type":"Feature","id":156,"geometry":{"type":"Point","coordinates":[-84.2393281200624,30.4877495124641]},"properties":{"OBJECTID_1":156,"OBJECTID":156,"HAZUSID":" ","Name":"EASTSIDE PSYCH HOSP","Address":"2634B CAPITAL CIRCLE NE, 2ND FLR","City":"TALLAHASSEE","Zip":"32308","COUNTY":"Leon","X":-84.23932812,"Y":30.48774951,"LONGLAT":"-84.23932812,30.48774951","USNG":"16R GU 64998 76074","OWNERSHIP":" ","PARCELID":" ","FACILITY_T":"HOSPITAL","TTL_BEDS":46,"EFCLASS":"EFHS","Asset_Elevation":null,"Owned_Maintained":null,"Asset":"HOSPITAL","Asset_Sub_Type":null,"Asset_Type":"Hospitals","Asset_Group":"Critical Community and Emergency Facilities","Asset_Relevancy":"Locally Significant","Asset_ID":"HOSP_PT_156","Municipality":"Tallahassee","Water_Management_District":"Northwest Florida Water Management District","Souce_Dataset_Entity":"FDEM","Souce_Dataset_Name":"Hospitals - FDEM","Source_Asset_ID":null,"Restricted_Public_Disclosure":null,"Notes":null,"Regional_Planning_Council":"Apalachee","FDEP_Regulatory_District":"Northwest District","RCP_Region":"Northwest","FDOT_District":3,"House_District_Number":9,"Senate_District_Number":3,"CTF_RL_2020":"Not Affected","CTF_RL_2040_IL":"Not Affected","CTF_RL_2040_INT":"Not Affected","CTF_RL_2070_IL":"Not Affected","CTF_RL_2070_INT":"Not Affected","SSF_RL_100YR_CURR":"Not Affected","SSF_RL_100YR_2040_IL":"Not Affected","SSF_RL_100YR_2040_INT":"Not Affected","SSF_RL_100YR_2070_IL":"Not Affected","SSF_RL_100YR_2070_INT":"Not Affected","SSF_RL_500YR_CURR":"Not Affected","SSF_RL_500YR_2040_IL":"Not Affected","SSF_RL_500YR_2040_INT":"Not Affected","SSF_RL_500YR_2070_IL":"Not Affected","SSF_RL_500YR_2070_INT":"Not Affected","RIF_RL_100YR_2020":"Not Affected","RIF_RL_100YR_2040":"Not Affected","RIF_RL_100YR_2070":"Not Affected","RIF_RL_500YR_2020":"Not Affected","RIF_RL_500YR_2040":"Not Affected","RIF_RL_500YR_2070":"Not Affected"}},{"type":"Feature","id":157,"geometry":{"type":"Point","coordinates":[-84.2530746707542,30.4615365764139]},"properties":{"OBJECTID_1":157,"OBJECTID":157,"HAZUSID":" ","Name":"SELECT SPECIALTY HOSPITAL - TAL","Address":"1554 SURGEONS DR","City":"TALLAHASSEE","Zip":"32308","COUNTY":"Leon","X":-84.25307467,"Y":30.46153658,"LONGLAT":"-84.25307467,30.46153658","USNG":"16R GU 63749 73135","OWNERSHIP":" ","PARCELID":" ","FACILITY_T":"HOSPITAL","TTL_BEDS":29,"EFCLASS":"EFHS","Asset_Elevation":null,"Owned_Maintained":null,"Asset":"HOSPITAL","Asset_Sub_Type":null,"Asset_Type":"Hospitals","Asset_Group":"Critical Community and Emergency Facilities","Asset_Relevancy":"Locally Significant","Asset_ID":"HOSP_PT_157","Municipality":"Tallahassee","Water_Management_District":"Northwest Florida Water Management District","Souce_Dataset_Entity":"FDEM","Souce_Dataset_Name":"Hospitals - FDEM","Source_Asset_ID":null,"Restricted_Public_Disclosure":null,"Notes":null,"Regional_Planning_Council":"Apalachee","FDEP_Regulatory_District":"Northwest District","RCP_Region":"Northwest","FDOT_District":3,"House_District_Number":9,"Senate_District_Number":3,"CTF_RL_2020":"Not Affected","CTF_RL_2040_IL":"Not Affected","CTF_RL_2040_INT":"Not Affected","CTF_RL_2070_IL":"Not Affected","CTF_RL_2070_INT":"Not Affected","SSF_RL_100YR_CURR":"Not Affected","SSF_RL_100YR_2040_IL":"Not Affected","SSF_RL_100YR_2040_INT":"Not Affected","SSF_RL_100YR_2070_IL":"Not Affected","SSF_RL_100YR_2070_INT":"Not Affected","SSF_RL_500YR_CURR":"Not Affected","SSF_RL_500YR_2040_IL":"Not Affected","SSF_RL_500YR_2040_INT":"Not Affected","SSF_RL_500YR_2070_IL":"Not Affected","SSF_RL_500YR_2070_INT":"Not Affected","RIF_RL_100YR_2020":"Not Affected","RIF_RL_100YR_2040":"Not Affected","RIF_RL_100YR_2070":"Not Affected","RIF_RL_500YR_2020":"Not Affected","RIF_RL_500YR_2040":"Not Affected","RIF_RL_500YR_2070":"Not Affected"}},{"type":"Feature","id":158,"geometry":{"type":"Point","coordinates":[-82.4549165455957,29.3843503364547]},"properties":{"OBJECTID_1":158,"OBJECTID":158,"HAZUSID":" ","Name":"REGIONAL GENERAL HOSPITAL WILLISTON","Address":"125 SW 7TH ST","City":"WILLISTON","Zip":"32696","COUNTY":"Levy","X":-82.45491655,"Y":29.38435034,"LONGLAT":"-82.45491655,29.38435034","USNG":"17R LN 58810 51449","OWNERSHIP":" ","PARCELID":" ","FACILITY_T":"HOSPITAL - ACUTE CARE","TTL_BEDS":40,"EFCLASS":"EFHS","Asset_Elevation":null,"Owned_Maintained":null,"Asset":"HOSPITAL - ACUTE CARE","Asset_Sub_Type":null,"Asset_Type":"Hospitals","Asset_Group":"Critical Community and Emergency Facilities","Asset_Relevancy":"Locally Significant","Asset_ID":"HOSP_PT_158","Municipality":"Williston","Water_Management_District":"Southwest Florida Water Management District","Souce_Dataset_Entity":"FDEM","Souce_Dataset_Name":"Hospitals - FDEM","Source_Asset_ID":null,"Restricted_Public_Disclosure":null,"Notes":null,"Regional_Planning_Council":"North Central Florida","FDEP_Regulatory_District":"Northeast District","RCP_Region":"Northwest","FDOT_District":2,"House_District_Number":22,"Senate_District_Number":9,"CTF_RL_2020":"Not Affected","CTF_RL_2040_IL":"Not Affected","CTF_RL_2040_INT":"Not Affected","CTF_RL_2070_IL":"Not Affected","CTF_RL_2070_INT":"Not Affected","SSF_RL_100YR_CURR":"Not Affected","SSF_RL_100YR_2040_IL":"Not Affected","SSF_RL_100YR_2040_INT":"Not Affected","SSF_RL_100YR_2070_IL":"Not Affected","SSF_RL_100YR_2070_INT":"Not Affected","SSF_RL_500YR_CURR":"Not Affected","SSF_RL_500YR_2040_IL":"Not Affected","SSF_RL_500YR_2040_INT":"Not Affected","SSF_RL_500YR_2070_IL":"Not Affected","SSF_RL_500YR_2070_INT":"Not Affected","RIF_RL_100YR_2020":"Not Affected","RIF_RL_100YR_2040":"Not Affected","RIF_RL_100YR_2070":"Not Affected","RIF_RL_500YR_2020":"Not Affected","RIF_RL_500YR_2040":"Not Affected","RIF_RL_500YR_2070":"Not Affected"}},{"type":"Feature","id":159,"geometry":{"type":"Point","coordinates":[-83.4188175457001,30.4713336466582]},"properties":{"OBJECTID_1":159,"OBJECTID":159,"HAZUSID":" ","Name":"MADISON COUNTY MEMORIAL HOSPITAL","Address":"224 NW CRANE AVE","City":"MADISON","Zip":"32340","COUNTY":"Madison","X":-83.41881755,"Y":30.47133365,"LONGLAT":"-83.41881755,30.47133365","USNG":"17R KP 67787 73501","OWNERSHIP":" ","PARCELID":" ","FACILITY_T":"HOSPITAL - ACUTE CARE","TTL_BEDS":25,"EFCLASS":"EFHS","Asset_Elevation":null,"Owned_Maintained":null,"Asset":"HOSPITAL - ACUTE CARE","Asset_Sub_Type":null,"Asset_Type":"Hospitals","Asset_Group":"Critical Community and Emergency Facilities","Asset_Relevancy":"Locally Significant","Asset_ID":"HOSP_PT_159","Municipality":"Madison","Water_Management_District":"Suwannee River Water Management District","Souce_Dataset_Entity":"FDEM","Souce_Dataset_Name":"Hospitals - FDEM","Source_Asset_ID":null,"Restricted_Public_Disclosure":null,"Notes":null,"Regional_Planning_Council":"North Central Florida","FDEP_Regulatory_District":"Northeast District","RCP_Region":"Northwest","FDOT_District":2,"House_District_Number":9,"Senate_District_Number":3,"CTF_RL_2020":"Not Affected","CTF_RL_2040_IL":"Not Affected","CTF_RL_2040_INT":"Not Affected","CTF_RL_2070_IL":"Not Affected","CTF_RL_2070_INT":"Not Affected","SSF_RL_100YR_CURR":"Not Affected","SSF_RL_100YR_2040_IL":"Not Affected","SSF_RL_100YR_2040_INT":"Not Affected","SSF_RL_100YR_2070_IL":"Not Affected","SSF_RL_100YR_2070_INT":"Not Affected","SSF_RL_500YR_CURR":"Not Affected","SSF_RL_500YR_2040_IL":"Not Affected","SSF_RL_500YR_2040_INT":"Not Affected","SSF_RL_500YR_2070_IL":"Not Affected","SSF_RL_500YR_2070_INT":"Not Affected","RIF_RL_100YR_2020":"Not Affected","RIF_RL_100YR_2040":"Not Affected","RIF_RL_100YR_2070":"Not Affected","RIF_RL_500YR_2020":"Not Affected","RIF_RL_500YR_2040":"Not Affected","RIF_RL_500YR_2070":"Not Affected"}},{"type":"Feature","id":160,"geometry":{"type":"Point","coordinates":[-82.4354683011446,27.3910690425338]},"properties":{"OBJECTID_1":160,"OBJECTID":160,"HAZUSID":" ","Name":"LAKEWOOD RANCH MEDICAL CNTR","Address":"8330 LAKEWOOD RANCH BLVD","City":"BRADENTON","Zip":"34202","COUNTY":"Manatee","X":-82.4354683,"Y":27.39106904,"LONGLAT":"-82.43546830,27.39106904","USNG":"17R LL 58067 30569","OWNERSHIP":" ","PARCELID":" ","FACILITY_T":"HOSPITAL - ACUTE CARE","TTL_BEDS":120,"EFCLASS":"EFHL","Asset_Elevation":null,"Owned_Maintained":null,"Asset":"HOSPITAL - ACUTE CARE","Asset_Sub_Type":null,"Asset_Type":"Hospitals","Asset_Group":"Critical Community and Emergency Facilities","Asset_Relevancy":"Locally Significant","Asset_ID":"HOSP_PT_160","Municipality":null,"Water_Management_District":"Southwest Florida Water Management District","Souce_Dataset_Entity":"FDEM","Souce_Dataset_Name":"Hospitals - FDEM","Source_Asset_ID":null,"Restricted_Public_Disclosure":null,"Notes":null,"Regional_Planning_Council":"Tampa Bay","FDEP_Regulatory_District":"Southwest District","RCP_Region":"Southwest","FDOT_District":1,"House_District_Number":72,"Senate_District_Number":22,"CTF_RL_2020":"Not Affected","CTF_RL_2040_IL":"Not Affected","CTF_RL_2040_INT":"Not Affected","CTF_RL_2070_IL":"Not Affected","CTF_RL_2070_INT":"Not Affected","SSF_RL_100YR_CURR":"Not Affected","SSF_RL_100YR_2040_IL":"Not Affected","SSF_RL_100YR_2040_INT":"Not Affected","SSF_RL_100YR_2070_IL":"Not Affected","SSF_RL_100YR_2070_INT":"Not Affected","SSF_RL_500YR_CURR":"Not Affected","SSF_RL_500YR_2040_IL":"Not Affected","SSF_RL_500YR_2040_INT":"Not Affected","SSF_RL_500YR_2070_IL":"Not Affected","SSF_RL_500YR_2070_INT":"Not Affected","RIF_RL_100YR_2020":"Not Affected","RIF_RL_100YR_2040":"Low","RIF_RL_100YR_2070":"Low","RIF_RL_500YR_2020":"Medium","RIF_RL_500YR_2040":"Medium","RIF_RL_500YR_2070":"Medium"}},{"type":"Feature","id":161,"geometry":{"type":"Point","coordinates":[-82.6237691036305,27.4821291613971]},"properties":{"OBJECTID_1":161,"OBJECTID":161,"HAZUSID":" ","Name":"BLAKE MED CENT","Address":"2020 59TH ST W","City":"BRADENTON","Zip":"34209","COUNTY":"Manatee","X":-82.6237691,"Y":27.48212916,"LONGLAT":"-82.62376910,27.48212916","USNG":"17R LL 39577 40886","OWNERSHIP":" ","PARCELID":" ","FACILITY_T":"HOSPITAL - TRAUMA","TTL_BEDS":383,"EFCLASS":"EFHL","Asset_Elevation":null,"Owned_Maintained":null,"Asset":"HOSPITAL - TRAUMA","Asset_Sub_Type":null,"Asset_Type":"Hospitals","Asset_Group":"Critical Community and Emergency Facilities","Asset_Relevancy":"Locally Significant","Asset_ID":"HOSP_PT_161","Municipality":"Bradenton","Water_Management_District":"Southwest Florida Water Management District","Souce_Dataset_Entity":"FDEM","Souce_Dataset_Name":"Hospitals - FDEM","Source_Asset_ID":null,"Restricted_Public_Disclosure":null,"Notes":null,"Regional_Planning_Council":"Tampa Bay","FDEP_Regulatory_District":"Southwest District","RCP_Region":"Southwest","FDOT_District":1,"House_District_Number":71,"Senate_District_Number":20,"CTF_RL_2020":"Not Affected","CTF_RL_2040_IL":"Not Affected","CTF_RL_2040_INT":"Not Affected","CTF_RL_2070_IL":"Not Affected","CTF_RL_2070_INT":"Not Affected","SSF_RL_100YR_CURR":"Not Affected","SSF_RL_100YR_2040_IL":"Not Affected","SSF_RL_100YR_2040_INT":"Not Affected","SSF_RL_100YR_2070_IL":"Not Affected","SSF_RL_100YR_2070_INT":"Not Affected","SSF_RL_500YR_CURR":"Not Affected","SSF_RL_500YR_2040_IL":"Not Affected","SSF_RL_500YR_2040_INT":"Not Affected","SSF_RL_500YR_2070_IL":"Not Affected","SSF_RL_500YR_2070_INT":"Not Affected","RIF_RL_100YR_2020":"Not Affected","RIF_RL_100YR_2040":"Not Affected","RIF_RL_100YR_2070":"Low","RIF_RL_500YR_2020":"Low","RIF_RL_500YR_2040":"Low","RIF_RL_500YR_2070":"Low"}},{"type":"Feature","id":162,"geometry":{"type":"Point","coordinates":[-82.5621508346942,27.4973928980028]},"properties":{"OBJECTID_1":162,"OBJECTID":162,"HAZUSID":" ","Name":"MANATEE MEMORIAL HOSPITAL","Address":"206 2ND ST E","City":"BRADENTON","Zip":"34208","COUNTY":"Manatee","X":-82.56215083,"Y":27.4973929,"LONGLAT":"-82.56215083,27.49739290","USNG":"17R LL 45687 42499","OWNERSHIP":" ","PARCELID":" ","FACILITY_T":"HOSPITAL - ACUTE CARE","TTL_BEDS":295,"EFCLASS":"EFHL","Asset_Elevation":null,"Owned_Maintained":null,"Asset":"HOSPITAL - ACUTE CARE","Asset_Sub_Type":null,"Asset_Type":"Hospitals","Asset_Group":"Critical Community and Emergency Facilities","Asset_Relevancy":"Locally Significant","Asset_ID":"HOSP_PT_162","Municipality":"Bradenton","Water_Management_District":"Southwest Florida Water Management District","Souce_Dataset_Entity":"FDEM","Souce_Dataset_Name":"Hospitals - FDEM","Source_Asset_ID":null,"Restricted_Public_Disclosure":null,"Notes":null,"Regional_Planning_Council":"Tampa Bay","FDEP_Regulatory_District":"Southwest District","RCP_Region":"Southwest","FDOT_District":1,"House_District_Number":71,"Senate_District_Number":20,"CTF_RL_2020":"Not Affected","CTF_RL_2040_IL":"Not Affected","CTF_RL_2040_INT":"Not Affected","CTF_RL_2070_IL":"Not Affected","CTF_RL_2070_INT":"Not Affected","SSF_RL_100YR_CURR":"Not Affected","SSF_RL_100YR_2040_IL":"Not Affected","SSF_RL_100YR_2040_INT":"Not Affected","SSF_RL_100YR_2070_IL":"Not Affected","SSF_RL_100YR_2070_INT":"Not Affected","SSF_RL_500YR_CURR":"Not Affected","SSF_RL_500YR_2040_IL":"Not Affected","SSF_RL_500YR_2040_INT":"Not Affected","SSF_RL_500YR_2070_IL":"Not Affected","SSF_RL_500YR_2070_INT":"Not Affected","RIF_RL_100YR_2020":"Not Affected","RIF_RL_100YR_2040":"Not Affected","RIF_RL_100YR_2070":"Not Affected","RIF_RL_500YR_2020":"Not Affected","RIF_RL_500YR_2040":"Not Affected","RIF_RL_500YR_2070":"Not Affected"}},{"type":"Feature","id":163,"geometry":{"type":"Point","coordinates":[-82.5396846205972,27.4756614316705]},"properties":{"OBJECTID_1":163,"OBJECTID":163,"HAZUSID":" ","Name":"MANATEE GLENS HOSP & ADDICTION CNTR","Address":"2020 26TH AVE E","City":"BRADENTON","Zip":"34208","COUNTY":"Manatee","X":-82.53968462,"Y":27.47566143,"LONGLAT":"-82.53968462,27.47566143","USNG":"17R LL 47877 40064","OWNERSHIP":" ","PARCELID":" ","FACILITY_T":"HOSPITAL","TTL_BEDS":27,"EFCLASS":"EFHS","Asset_Elevation":null,"Owned_Maintained":null,"Asset":"HOSPITAL","Asset_Sub_Type":null,"Asset_Type":"Hospitals","Asset_Group":"Critical Community and Emergency Facilities","Asset_Relevancy":"Locally Significant","Asset_ID":"HOSP_PT_163","Municipality":null,"Water_Management_District":"Southwest Florida Water Management District","Souce_Dataset_Entity":"FDEM","Souce_Dataset_Name":"Hospitals - FDEM","Source_Asset_ID":null,"Restricted_Public_Disclosure":null,"Notes":null,"Regional_Planning_Council":"Tampa Bay","FDEP_Regulatory_District":"Southwest District","RCP_Region":"Southwest","FDOT_District":1,"House_District_Number":71,"Senate_District_Number":20,"CTF_RL_2020":"Not Affected","CTF_RL_2040_IL":"Not Affected","CTF_RL_2040_INT":"Not Affected","CTF_RL_2070_IL":"Not Affected","CTF_RL_2070_INT":"Not Affected","SSF_RL_100YR_CURR":"Not Affected","SSF_RL_100YR_2040_IL":"Not Affected","SSF_RL_100YR_2040_INT":"Not Affected","SSF_RL_100YR_2070_IL":"Not Affected","SSF_RL_100YR_2070_INT":"Not Affected","SSF_RL_500YR_CURR":"Not Affected","SSF_RL_500YR_2040_IL":"Not Affected","SSF_RL_500YR_2040_INT":"Not Affected","SSF_RL_500YR_2070_IL":"Not Affected","SSF_RL_500YR_2070_INT":"Not Affected","RIF_RL_100YR_2020":"Low","RIF_RL_100YR_2040":"Low","RIF_RL_100YR_2070":"Low","RIF_RL_500YR_2020":"Medium","RIF_RL_500YR_2040":"Medium","RIF_RL_500YR_2070":"Medium"}},{"type":"Feature","id":164,"geometry":{"type":"Point","coordinates":[-82.6129642428544,27.4597354045216]},"properties":{"OBJECTID_1":164,"OBJECTID":164,"HAZUSID":" ","Name":"SUNCOAST BEHAVIORAL HEALTH CNTR","Address":"4480 51ST ST W","City":"BRADENTON","Zip":"34210","COUNTY":"Manatee","X":-82.61296424,"Y":27.45973541,"LONGLAT":"-82.61296424,27.45973541","USNG":"17R LL 40613 38391","OWNERSHIP":" ","PARCELID":" ","FACILITY_T":"HOSPITAL","TTL_BEDS":60,"EFCLASS":"EFHM","Asset_Elevation":null,"Owned_Maintained":null,"Asset":"HOSPITAL","Asset_Sub_Type":null,"Asset_Type":"Hospitals","Asset_Group":"Critical Community and Emergency Facilities","Asset_Relevancy":"Locally Significant","Asset_ID":"HOSP_PT_164","Municipality":null,"Water_Management_District":"Southwest Florida Water Management District","Souce_Dataset_Entity":"FDEM","Souce_Dataset_Name":"Hospitals - FDEM","Source_Asset_ID":null,"Restricted_Public_Disclosure":null,"Notes":null,"Regional_Planning_Council":"Tampa Bay","FDEP_Regulatory_District":"Southwest District","RCP_Region":"Southwest","FDOT_District":1,"House_District_Number":71,"Senate_District_Number":20,"CTF_RL_2020":"Not Affected","CTF_RL_2040_IL":"Not Affected","CTF_RL_2040_INT":"Not Affected","CTF_RL_2070_IL":"Not Affected","CTF_RL_2070_INT":"Not Affected","SSF_RL_100YR_CURR":"Not Affected","SSF_RL_100YR_2040_IL":"Not Affected","SSF_RL_100YR_2040_INT":"Not Affected","SSF_RL_100YR_2070_IL":"Not Affected","SSF_RL_100YR_2070_INT":"Not Affected","SSF_RL_500YR_CURR":"Not Affected","SSF_RL_500YR_2040_IL":"Not Affected","SSF_RL_500YR_2040_INT":"Not Affected","SSF_RL_500YR_2070_IL":"Not Affected","SSF_RL_500YR_2070_INT":"Not Affected","RIF_RL_100YR_2020":"Not Affected","RIF_RL_100YR_2040":"Not Affected","RIF_RL_100YR_2070":"Not Affected","RIF_RL_500YR_2020":"Not Affected","RIF_RL_500YR_2040":"Low","RIF_RL_500YR_2070":"Low"}},{"type":"Feature","id":165,"geometry":{"type":"Point","coordinates":[-82.1700637705167,29.1556088358509]},"properties":{"OBJECTID_1":165,"OBJECTID":165,"HAZUSID":" ","Name":"VINES HOSPITAL","Address":"3130 SW 27TH AVE","City":"OCALA","Zip":"34474","COUNTY":"Marion","X":-82.17006377,"Y":29.15560884,"LONGLAT":"-82.17006377,29.15560884","USNG":"17R LN 86202 25792","OWNERSHIP":" ","PARCELID":" ","FACILITY_T":"HOSPITAL","TTL_BEDS":64,"EFCLASS":"EFHM","Asset_Elevation":null,"Owned_Maintained":null,"Asset":"HOSPITAL","Asset_Sub_Type":null,"Asset_Type":"Hospitals","Asset_Group":"Critical Community and Emergency Facilities","Asset_Relevancy":"Locally Significant","Asset_ID":"HOSP_PT_165","Municipality":"Ocala","Water_Management_District":"St. Johns River Water Management District","Souce_Dataset_Entity":"FDEM","Souce_Dataset_Name":"Hospitals - FDEM","Source_Asset_ID":null,"Restricted_Public_Disclosure":null,"Notes":null,"Regional_Planning_Council":"East Central Florida","FDEP_Regulatory_District":"Central District","RCP_Region":"Northwest","FDOT_District":5,"House_District_Number":24,"Senate_District_Number":9,"CTF_RL_2020":"Not Affected","CTF_RL_2040_IL":"Not Affected","CTF_RL_2040_INT":"Not Affected","CTF_RL_2070_IL":"Not Affected","CTF_RL_2070_INT":"Not Affected","SSF_RL_100YR_CURR":"Not Affected","SSF_RL_100YR_2040_IL":"Not Affected","SSF_RL_100YR_2040_INT":"Not Affected","SSF_RL_100YR_2070_IL":"Not Affected","SSF_RL_100YR_2070_INT":"Not Affected","SSF_RL_500YR_CURR":"Not Affected","SSF_RL_500YR_2040_IL":"Not Affected","SSF_RL_500YR_2040_INT":"Not Affected","SSF_RL_500YR_2070_IL":"Not Affected","SSF_RL_500YR_2070_INT":"Not Affected","RIF_RL_100YR_2020":"Not Affected","RIF_RL_100YR_2040":"Not Affected","RIF_RL_100YR_2070":"Not Affected","RIF_RL_500YR_2020":"Not Affected","RIF_RL_500YR_2040":"Not Affected","RIF_RL_500YR_2070":"Not Affected"}},{"type":"Feature","id":166,"geometry":{"type":"Point","coordinates":[-82.1389794841013,29.1749182765315]},"properties":{"OBJECTID_1":166,"OBJECTID":166,"HAZUSID":" ","Name":"MUNROE REGIONAL MEDICAL CNTR","Address":"1500 SW 1ST AVE","City":"OCALA","Zip":"34471","COUNTY":"Marion","X":-82.13897948,"Y":29.17491828,"LONGLAT":"-82.13897948,29.17491828","USNG":"17R LN 89246 27901","OWNERSHIP":" ","PARCELID":" ","FACILITY_T":"HOSPITAL","TTL_BEDS":421,"EFCLASS":"EFHL","Asset_Elevation":null,"Owned_Maintained":null,"Asset":"HOSPITAL","Asset_Sub_Type":null,"Asset_Type":"Hospitals","Asset_Group":"Critical Community and Emergency Facilities","Asset_Relevancy":"Locally Significant","Asset_ID":"HOSP_PT_166","Municipality":"Ocala","Water_Management_District":"St. Johns River Water Management District","Souce_Dataset_Entity":"FDEM","Souce_Dataset_Name":"Hospitals - FDEM","Source_Asset_ID":null,"Restricted_Public_Disclosure":null,"Notes":null,"Regional_Planning_Council":"East Central Florida","FDEP_Regulatory_District":"Central District","RCP_Region":"Northwest","FDOT_District":5,"House_District_Number":21,"Senate_District_Number":9,"CTF_RL_2020":"Not Affected","CTF_RL_2040_IL":"Not Affected","CTF_RL_2040_INT":"Not Affected","CTF_RL_2070_IL":"Not Affected","CTF_RL_2070_INT":"Not Affected","SSF_RL_100YR_CURR":"Not Affected","SSF_RL_100YR_2040_IL":"Not Affected","SSF_RL_100YR_2040_INT":"Not Affected","SSF_RL_100YR_2070_IL":"Not Affected","SSF_RL_100YR_2070_INT":"Not Affected","SSF_RL_500YR_CURR":"Not Affected","SSF_RL_500YR_2040_IL":"Not Affected","SSF_RL_500YR_2040_INT":"Not Affected","SSF_RL_500YR_2070_IL":"Not Affected","SSF_RL_500YR_2070_INT":"Not Affected","RIF_RL_100YR_2020":"High","RIF_RL_100YR_2040":"High","RIF_RL_100YR_2070":"High","RIF_RL_500YR_2020":"High","RIF_RL_500YR_2040":"High","RIF_RL_500YR_2070":"High"}},{"type":"Feature","id":167,"geometry":{"type":"Point","coordinates":[-82.219194510793,29.1307091731857]},"properties":{"OBJECTID_1":167,"OBJECTID":167,"HAZUSID":" ","Name":"THE CENTERS INC","Address":"5664 SW 60TH AVE","City":"OCALA","Zip":"34474","COUNTY":"Marion","X":-82.21919451,"Y":29.13070917,"LONGLAT":"-82.21919451,29.13070917","USNG":"17R LN 81395 23081","OWNERSHIP":" ","PARCELID":" ","FACILITY_T":"HOSPITAL","TTL_BEDS":15,"EFCLASS":"EFHS","Asset_Elevation":null,"Owned_Maintained":null,"Asset":"HOSPITAL","Asset_Sub_Type":null,"Asset_Type":"Hospitals","Asset_Group":"Critical Community and Emergency Facilities","Asset_Relevancy":"Locally Significant","Asset_ID":"HOSP_PT_167","Municipality":null,"Water_Management_District":"Southwest Florida Water Management District","Souce_Dataset_Entity":"FDEM","Souce_Dataset_Name":"Hospitals - FDEM","Source_Asset_ID":null,"Restricted_Public_Disclosure":null,"Notes":null,"Regional_Planning_Council":"East Central Florida","FDEP_Regulatory_District":"Central District","RCP_Region":"Northwest","FDOT_District":5,"House_District_Number":24,"Senate_District_Number":9,"CTF_RL_2020":"Not Affected","CTF_RL_2040_IL":"Not Affected","CTF_RL_2040_INT":"Not Affected","CTF_RL_2070_IL":"Not Affected","CTF_RL_2070_INT":"Not Affected","SSF_RL_100YR_CURR":"Not Affected","SSF_RL_100YR_2040_IL":"Not Affected","SSF_RL_100YR_2040_INT":"Not Affected","SSF_RL_100YR_2070_IL":"Not Affected","SSF_RL_100YR_2070_INT":"Not Affected","SSF_RL_500YR_CURR":"Not Affected","SSF_RL_500YR_2040_IL":"Not Affected","SSF_RL_500YR_2040_INT":"Not Affected","SSF_RL_500YR_2070_IL":"Not Affected","SSF_RL_500YR_2070_INT":"Not Affected","RIF_RL_100YR_2020":"Not Affected","RIF_RL_100YR_2040":"Medium","RIF_RL_100YR_2070":"Low","RIF_RL_500YR_2020":"Low","RIF_RL_500YR_2040":"Low","RIF_RL_500YR_2070":"Low"}},{"type":"Feature","id":168,"geometry":{"type":"Point","coordinates":[-82.1381864044695,29.1734263588861]},"properties":{"OBJECTID_1":168,"OBJECTID":168,"HAZUSID":" ","Name":"KINDRED HOSP - OCALA","Address":"1500 SW 1ST AVE, 5TH FLR","City":"OCALA","Zip":"34474","COUNTY":"Marion","X":-82.1381864,"Y":29.17342636,"LONGLAT":"-82.13818640,29.17342636","USNG":"17R LN 89322 27735","OWNERSHIP":" ","PARCELID":" ","FACILITY_T":"HOSPITAL","TTL_BEDS":31,"EFCLASS":"EFHS","Asset_Elevation":null,"Owned_Maintained":null,"Asset":"HOSPITAL","Asset_Sub_Type":null,"Asset_Type":"Hospitals","Asset_Group":"Critical Community and Emergency Facilities","Asset_Relevancy":"Locally Significant","Asset_ID":"HOSP_PT_168","Municipality":"Ocala","Water_Management_District":"St. Johns River Water Management District","Souce_Dataset_Entity":"FDEM","Souce_Dataset_Name":"Hospitals - FDEM","Source_Asset_ID":null,"Restricted_Public_Disclosure":null,"Notes":null,"Regional_Planning_Council":"East Central Florida","FDEP_Regulatory_District":"Central District","RCP_Region":"Northwest","FDOT_District":5,"House_District_Number":21,"Senate_District_Number":9,"CTF_RL_2020":"Not Affected","CTF_RL_2040_IL":"Not Affected","CTF_RL_2040_INT":"Not Affected","CTF_RL_2070_IL":"Not Affected","CTF_RL_2070_INT":"Not Affected","SSF_RL_100YR_CURR":"Not Affected","SSF_RL_100YR_2040_IL":"Not Affected","SSF_RL_100YR_2040_INT":"Not Affected","SSF_RL_100YR_2070_IL":"Not Affected","SSF_RL_100YR_2070_INT":"Not Affected","SSF_RL_500YR_CURR":"Not Affected","SSF_RL_500YR_2040_IL":"Not Affected","SSF_RL_500YR_2040_INT":"Not Affected","SSF_RL_500YR_2070_IL":"Not Affected","SSF_RL_500YR_2070_INT":"Not Affected","RIF_RL_100YR_2020":"Not Affected","RIF_RL_100YR_2040":"Not Affected","RIF_RL_100YR_2070":"Not Affected","RIF_RL_500YR_2020":"Not Affected","RIF_RL_500YR_2040":"Not Affected","RIF_RL_500YR_2070":"Not Affected"}},{"type":"Feature","id":169,"geometry":{"type":"Point","coordinates":[-82.3955899997708,29.1666419993031]},"properties":{"OBJECTID_1":169,"OBJECTID":169,"HAZUSID":" ","Name":"HEALTHSOUTH REHAB HOSP OF OCALA","Address":"2275 SW 22ND LANE","City":"OCALA","Zip":"34471","COUNTY":"Marion","X":-82.39559,"Y":29.166642,"LONGLAT":"-82.39559000,29.16664200","USNG":"17R LN 64281 27253","OWNERSHIP":" ","PARCELID":" ","FACILITY_T":"HOSPITAL","TTL_BEDS":50,"EFCLASS":"EFHS","Asset_Elevation":null,"Owned_Maintained":null,"Asset":"HOSPITAL","Asset_Sub_Type":null,"Asset_Type":"Hospitals","Asset_Group":"Critical Community and Emergency Facilities","Asset_Relevancy":"Locally Significant","Asset_ID":"HOSP_PT_169","Municipality":null,"Water_Management_District":"Southwest Florida Water Management District","Souce_Dataset_Entity":"FDEM","Souce_Dataset_Name":"Hospitals - FDEM","Source_Asset_ID":null,"Restricted_Public_Disclosure":null,"Notes":null,"Regional_Planning_Council":"East Central Florida","FDEP_Regulatory_District":"Central District","RCP_Region":"Northwest","FDOT_District":5,"House_District_Number":23,"Senate_District_Number":9,"CTF_RL_2020":"Not Affected","CTF_RL_2040_IL":"Not Affected","CTF_RL_2040_INT":"Not Affected","CTF_RL_2070_IL":"Not Affected","CTF_RL_2070_INT":"Not Affected","SSF_RL_100YR_CURR":"Not Affected","SSF_RL_100YR_2040_IL":"Not Affected","SSF_RL_100YR_2040_INT":"Not Affected","SSF_RL_100YR_2070_IL":"Not Affected","SSF_RL_100YR_2070_INT":"Not Affected","SSF_RL_500YR_CURR":"Not Affected","SSF_RL_500YR_2040_IL":"Not Affected","SSF_RL_500YR_2040_INT":"Not Affected","SSF_RL_500YR_2070_IL":"Not Affected","SSF_RL_500YR_2070_INT":"Not Affected","RIF_RL_100YR_2020":"Not Affected","RIF_RL_100YR_2040":"Not Affected","RIF_RL_100YR_2070":"Not Affected","RIF_RL_500YR_2020":"Not Affected","RIF_RL_500YR_2040":"Not Affected","RIF_RL_500YR_2070":"Not Affected"}},{"type":"Feature","id":170,"geometry":{"type":"Point","coordinates":[-82.2000891210499,29.14109295151]},"properties":{"OBJECTID_1":170,"OBJECTID":170,"HAZUSID":" ","Name":"WEST MARION COMMUNITY HOSPITAL","Address":"4600 SW 46TH CT","City":"OCALA","Zip":"34474","COUNTY":"Marion","X":-82.20008912,"Y":29.14109295,"LONGLAT":"-82.20008912,29.14109295","USNG":"17R LN 83265 24213","OWNERSHIP":" ","PARCELID":" ","FACILITY_T":"HOSPITAL - ACUTE CARE","TTL_BEDS":94,"EFCLASS":"EFHM","Asset_Elevation":null,"Owned_Maintained":null,"Asset":"HOSPITAL - ACUTE CARE","Asset_Sub_Type":null,"Asset_Type":"Hospitals","Asset_Group":"Critical Community and Emergency Facilities","Asset_Relevancy":"Locally Significant","Asset_ID":"HOSP_PT_170","Municipality":"Ocala","Water_Management_District":"Southwest Florida Water Management District","Souce_Dataset_Entity":"FDEM","Souce_Dataset_Name":"Hospitals - FDEM","Source_Asset_ID":null,"Restricted_Public_Disclosure":null,"Notes":null,"Regional_Planning_Council":"East Central Florida","FDEP_Regulatory_District":"Central District","RCP_Region":"Northwest","FDOT_District":5,"House_District_Number":24,"Senate_District_Number":9,"CTF_RL_2020":"Not Affected","CTF_RL_2040_IL":"Not Affected","CTF_RL_2040_INT":"Not Affected","CTF_RL_2070_IL":"Not Affected","CTF_RL_2070_INT":"Not Affected","SSF_RL_100YR_CURR":"Not Affected","SSF_RL_100YR_2040_IL":"Not Affected","SSF_RL_100YR_2040_INT":"Not Affected","SSF_RL_100YR_2070_IL":"Not Affected","SSF_RL_100YR_2070_INT":"Not Affected","SSF_RL_500YR_CURR":"Not Affected","SSF_RL_500YR_2040_IL":"Not Affected","SSF_RL_500YR_2040_INT":"Not Affected","SSF_RL_500YR_2070_IL":"Not Affected","SSF_RL_500YR_2070_INT":"Not Affected","RIF_RL_100YR_2020":"Not Affected","RIF_RL_100YR_2040":"Not Affected","RIF_RL_100YR_2070":"Not Affected","RIF_RL_500YR_2020":"Not Affected","RIF_RL_500YR_2040":"Not Affected","RIF_RL_500YR_2070":"Not Affected"}},{"type":"Feature","id":171,"geometry":{"type":"Point","coordinates":[-82.1368341342222,29.1753535933966]},"properties":{"OBJECTID_1":171,"OBJECTID":171,"HAZUSID":" ","Name":"OCALA REGIONAL MEDICAL CNTR","Address":"1431 SW 1ST AVE","City":"OCALA","Zip":"34474","COUNTY":"Marion","X":-82.13683413,"Y":29.17535359,"LONGLAT":"-82.13683413,29.17535359","USNG":"17R LN 89455 27948","OWNERSHIP":" ","PARCELID":" ","FACILITY_T":"HOSPITAL - TRAUMA","TTL_BEDS":222,"EFCLASS":"EFHL","Asset_Elevation":null,"Owned_Maintained":null,"Asset":"HOSPITAL - TRAUMA","Asset_Sub_Type":null,"Asset_Type":"Hospitals","Asset_Group":"Critical Community and Emergency Facilities","Asset_Relevancy":"Locally Significant","Asset_ID":"HOSP_PT_171","Municipality":"Ocala","Water_Management_District":"St. Johns River Water Management District","Souce_Dataset_Entity":"FDEM","Souce_Dataset_Name":"Hospitals - FDEM","Source_Asset_ID":null,"Restricted_Public_Disclosure":null,"Notes":null,"Regional_Planning_Council":"East Central Florida","FDEP_Regulatory_District":"Central District","RCP_Region":"Northwest","FDOT_District":5,"House_District_Number":21,"Senate_District_Number":9,"CTF_RL_2020":"Not Affected","CTF_RL_2040_IL":"Not Affected","CTF_RL_2040_INT":"Not Affected","CTF_RL_2070_IL":"Not Affected","CTF_RL_2070_INT":"Not Affected","SSF_RL_100YR_CURR":"Not Affected","SSF_RL_100YR_2040_IL":"Not Affected","SSF_RL_100YR_2040_INT":"Not Affected","SSF_RL_100YR_2070_IL":"Not Affected","SSF_RL_100YR_2070_INT":"Not Affected","SSF_RL_500YR_CURR":"Not Affected","SSF_RL_500YR_2040_IL":"Not Affected","SSF_RL_500YR_2040_INT":"Not Affected","SSF_RL_500YR_2070_IL":"Not Affected","SSF_RL_500YR_2070_INT":"Not Affected","RIF_RL_100YR_2020":"Not Affected","RIF_RL_100YR_2040":"Not Affected","RIF_RL_100YR_2070":"Not Affected","RIF_RL_500YR_2020":"Not Affected","RIF_RL_500YR_2040":"Not Affected","RIF_RL_500YR_2070":"Not Affected"}},{"type":"Feature","id":172,"geometry":{"type":"Point","coordinates":[-82.0051999999711,28.9803099996168]},"properties":{"OBJECTID_1":172,"OBJECTID":172,"HAZUSID":" ","Name":"THE VILLAGES OUTPATIENT CLIN","Address":"8900 SE 165TH MULBERRY LN","City":"THE VILLAGES","Zip":"32162","COUNTY":"Marion","X":-82.0052,"Y":28.98031,"LONGLAT":"-82.00520000,28.98031000","USNG":"17R MN 02072 06220","OWNERSHIP":" ","PARCELID":" ","FACILITY_T":"HOSPITAL - VA","TTL_BEDS":0,"EFCLASS":"MDFLT","Asset_Elevation":null,"Owned_Maintained":null,"Asset":"HOSPITAL - VA","Asset_Sub_Type":null,"Asset_Type":"Hospitals","Asset_Group":"Critical Community and Emergency Facilities","Asset_Relevancy":"Locally Significant","Asset_ID":"HOSP_PT_172","Municipality":null,"Water_Management_District":"St. Johns River Water Management District","Souce_Dataset_Entity":"FDEM","Souce_Dataset_Name":"Hospitals - FDEM","Source_Asset_ID":null,"Restricted_Public_Disclosure":null,"Notes":null,"Regional_Planning_Council":"East Central Florida","FDEP_Regulatory_District":"Central District","RCP_Region":"Northwest","FDOT_District":5,"House_District_Number":27,"Senate_District_Number":9,"CTF_RL_2020":"Not Affected","CTF_RL_2040_IL":"Not Affected","CTF_RL_2040_INT":"Not Affected","CTF_RL_2070_IL":"Not Affected","CTF_RL_2070_INT":"Not Affected","SSF_RL_100YR_CURR":"Not Affected","SSF_RL_100YR_2040_IL":"Not Affected","SSF_RL_100YR_2040_INT":"Not Affected","SSF_RL_100YR_2070_IL":"Not Affected","SSF_RL_100YR_2070_INT":"Not Affected","SSF_RL_500YR_CURR":"Not Affected","SSF_RL_500YR_2040_IL":"Not Affected","SSF_RL_500YR_2040_INT":"Not Affected","SSF_RL_500YR_2070_IL":"Not Affected","SSF_RL_500YR_2070_INT":"Not Affected","RIF_RL_100YR_2020":"Not Affected","RIF_RL_100YR_2040":"Not Affected","RIF_RL_100YR_2070":"Not Affected","RIF_RL_500YR_2020":"Not Affected","RIF_RL_500YR_2040":"Not Affected","RIF_RL_500YR_2070":"Not Affected"}},{"type":"Feature","id":173,"geometry":{"type":"Point","coordinates":[-80.2241769561596,27.1338680895]},"properties":{"OBJECTID_1":173,"OBJECTID":173,"HAZUSID":" ","Name":"MARTIN HOSP SOUTH","Address":"2100 SE SALERNO RD","City":"STUART","Zip":"34997","COUNTY":"Martin","X":-80.22417696,"Y":27.13386809,"LONGLAT":"-80.22417696,27.13386809","USNG":"17R NL 76883 01499","OWNERSHIP":" ","PARCELID":" ","FACILITY_T":"HOSPITAL - ACUTE CARE","TTL_BEDS":100,"EFCLASS":"EFHM","Asset_Elevation":null,"Owned_Maintained":null,"Asset":"HOSPITAL - ACUTE CARE","Asset_Sub_Type":null,"Asset_Type":"Hospitals","Asset_Group":"Critical Community and Emergency Facilities","Asset_Relevancy":"Locally Significant","Asset_ID":"HOSP_PT_173","Municipality":null,"Water_Management_District":"South Florida Water Management District","Souce_Dataset_Entity":"FDEM","Souce_Dataset_Name":"Hospitals - FDEM","Source_Asset_ID":null,"Restricted_Public_Disclosure":null,"Notes":null,"Regional_Planning_Council":"Treasure Coast","FDEP_Regulatory_District":"Southeast District","RCP_Region":"Northeast","FDOT_District":4,"House_District_Number":86,"Senate_District_Number":31,"CTF_RL_2020":"Not Affected","CTF_RL_2040_IL":"Not Affected","CTF_RL_2040_INT":"Not Affected","CTF_RL_2070_IL":"Not Affected","CTF_RL_2070_INT":"Not Affected","SSF_RL_100YR_CURR":"Not Affected","SSF_RL_100YR_2040_IL":"Not Affected","SSF_RL_100YR_2040_INT":"Not Affected","SSF_RL_100YR_2070_IL":"Not Affected","SSF_RL_100YR_2070_INT":"Not Affected","SSF_RL_500YR_CURR":"Not Affected","SSF_RL_500YR_2040_IL":"Not Affected","SSF_RL_500YR_2040_INT":"Not Affected","SSF_RL_500YR_2070_IL":"Not Affected","SSF_RL_500YR_2070_INT":"Not Affected","RIF_RL_100YR_2020":"Not Affected","RIF_RL_100YR_2040":"Not Affected","RIF_RL_100YR_2070":"Not Affected","RIF_RL_500YR_2020":"Not Affected","RIF_RL_500YR_2040":"Not Affected","RIF_RL_500YR_2070":"Not Affected"}},{"type":"Feature","id":174,"geometry":{"type":"Point","coordinates":[-80.2427430489432,27.2000204458297]},"properties":{"OBJECTID_1":174,"OBJECTID":174,"HAZUSID":" ","Name":"MARTIN MEDICAL CNTR","Address":"200 SE HOSPITAL AVE","City":"STUART","Zip":"34994","COUNTY":"Martin","X":-80.24274305,"Y":27.20002045,"LONGLAT":"-80.24274305,27.20002045","USNG":"17R NL 74999 08816","OWNERSHIP":" ","PARCELID":" ","FACILITY_T":"HOSPITAL - ACUTE CARE","TTL_BEDS":244,"EFCLASS":"EFHL","Asset_Elevation":null,"Owned_Maintained":null,"Asset":"HOSPITAL - ACUTE CARE","Asset_Sub_Type":null,"Asset_Type":"Hospitals","Asset_Group":"Critical Community and Emergency Facilities","Asset_Relevancy":"Locally Significant","Asset_ID":"HOSP_PT_174","Municipality":"Stuart","Water_Management_District":"South Florida Water Management District","Souce_Dataset_Entity":"FDEM","Souce_Dataset_Name":"Hospitals - FDEM","Source_Asset_ID":null,"Restricted_Public_Disclosure":null,"Notes":null,"Regional_Planning_Council":"Treasure Coast","FDEP_Regulatory_District":"Southeast District","RCP_Region":"Northeast","FDOT_District":4,"House_District_Number":86,"Senate_District_Number":31,"CTF_RL_2020":"Not Affected","CTF_RL_2040_IL":"Not Affected","CTF_RL_2040_INT":"Not Affected","CTF_RL_2070_IL":"Not Affected","CTF_RL_2070_INT":"Not Affected","SSF_RL_100YR_CURR":"Not Affected","SSF_RL_100YR_2040_IL":"Not Affected","SSF_RL_100YR_2040_INT":"Not Affected","SSF_RL_100YR_2070_IL":"Not Affected","SSF_RL_100YR_2070_INT":"Not Affected","SSF_RL_500YR_CURR":"Not Affected","SSF_RL_500YR_2040_IL":"Not Affected","SSF_RL_500YR_2040_INT":"Not Affected","SSF_RL_500YR_2070_IL":"Not Affected","SSF_RL_500YR_2070_INT":"Not Affected","RIF_RL_100YR_2020":"Not Affected","RIF_RL_100YR_2040":"Not Affected","RIF_RL_100YR_2070":"Not Affected","RIF_RL_500YR_2020":"Not Affected","RIF_RL_500YR_2040":"Not Affected","RIF_RL_500YR_2070":"Not Affected"}},{"type":"Feature","id":175,"geometry":{"type":"Point","coordinates":[-80.1016426061353,26.9770155709756]},"properties":{"OBJECTID_1":175,"OBJECTID":175,"HAZUSID":" ","Name":"SANDY PINES RESI TREATMENT CNTR","Address":"11301 SE TEQUESTA TER","City":"TEQUESTA","Zip":"33469","COUNTY":"Martin","X":-80.10164261,"Y":26.97701557,"LONGLAT":"-80.10164261,26.97701557","USNG":"17R NK 89150 84206","OWNERSHIP":" ","PARCELID":" ","FACILITY_T":"HOSPITAL","TTL_BEDS":0,"EFCLASS":"MDFLT","Asset_Elevation":null,"Owned_Maintained":null,"Asset":"HOSPITAL","Asset_Sub_Type":null,"Asset_Type":"Hospitals","Asset_Group":"Critical Community and Emergency Facilities","Asset_Relevancy":"Locally Significant","Asset_ID":"HOSP_PT_175","Municipality":null,"Water_Management_District":"South Florida Water Management District","Souce_Dataset_Entity":"FDEM","Souce_Dataset_Name":"Hospitals - FDEM","Source_Asset_ID":null,"Restricted_Public_Disclosure":null,"Notes":null,"Regional_Planning_Council":"Treasure Coast","FDEP_Regulatory_District":"Southeast District","RCP_Region":"Northeast","FDOT_District":4,"House_District_Number":86,"Senate_District_Number":31,"CTF_RL_2020":"Not Affected","CTF_RL_2040_IL":"Not Affected","CTF_RL_2040_INT":"Not Affected","CTF_RL_2070_IL":"Not Affected","CTF_RL_2070_INT":"Not Affected","SSF_RL_100YR_CURR":"Not Affected","SSF_RL_100YR_2040_IL":"Not Affected","SSF_RL_100YR_2040_INT":"Not Affected","SSF_RL_100YR_2070_IL":"Not Affected","SSF_RL_100YR_2070_INT":"Not Affected","SSF_RL_500YR_CURR":"Not Affected","SSF_RL_500YR_2040_IL":"Not Affected","SSF_RL_500YR_2040_INT":"Not Affected","SSF_RL_500YR_2070_IL":"Not Affected","SSF_RL_500YR_2070_INT":"Not Affected","RIF_RL_100YR_2020":"Not Affected","RIF_RL_100YR_2040":"Not Affected","RIF_RL_100YR_2070":"Not Affected","RIF_RL_500YR_2020":"Low","RIF_RL_500YR_2040":"Medium","RIF_RL_500YR_2070":"Medium"}},{"type":"Feature","id":176,"geometry":{"type":"Point","coordinates":[-80.2220072891552,27.1327633329497]},"properties":{"OBJECTID_1":176,"OBJECTID":176,"HAZUSID":" ","Name":"HEALTHSOUTH REHAB HOSP/MARTIN HEAL","Address":"5850 SE COMMUNITY DR","City":"STUART","Zip":"34997","COUNTY":"Martin","X":-80.22200729,"Y":27.13276333,"LONGLAT":"-80.22200729,27.13276333","USNG":"17R NL 77099 01378","OWNERSHIP":" ","PARCELID":" ","FACILITY_T":"HOSPITAL","TTL_BEDS":44,"EFCLASS":"EFHS","Asset_Elevation":null,"Owned_Maintained":null,"Asset":"HOSPITAL","Asset_Sub_Type":null,"Asset_Type":"Hospitals","Asset_Group":"Critical Community and Emergency Facilities","Asset_Relevancy":"Locally Significant","Asset_ID":"HOSP_PT_176","Municipality":null,"Water_Management_District":"South Florida Water Management District","Souce_Dataset_Entity":"FDEM","Souce_Dataset_Name":"Hospitals - FDEM","Source_Asset_ID":null,"Restricted_Public_Disclosure":null,"Notes":null,"Regional_Planning_Council":"Treasure Coast","FDEP_Regulatory_District":"Southeast District","RCP_Region":"Northeast","FDOT_District":4,"House_District_Number":86,"Senate_District_Number":31,"CTF_RL_2020":"Not Affected","CTF_RL_2040_IL":"Not Affected","CTF_RL_2040_INT":"Not Affected","CTF_RL_2070_IL":"Not Affected","CTF_RL_2070_INT":"Not Affected","SSF_RL_100YR_CURR":"Not Affected","SSF_RL_100YR_2040_IL":"Not Affected","SSF_RL_100YR_2040_INT":"Not Affected","SSF_RL_100YR_2070_IL":"Not Affected","SSF_RL_100YR_2070_INT":"Not Affected","SSF_RL_500YR_CURR":"Not Affected","SSF_RL_500YR_2040_IL":"Not Affected","SSF_RL_500YR_2040_INT":"Not Affected","SSF_RL_500YR_2070_IL":"Not Affected","SSF_RL_500YR_2070_INT":"Not Affected","RIF_RL_100YR_2020":"Not Affected","RIF_RL_100YR_2040":"Not Affected","RIF_RL_100YR_2070":"Not Affected","RIF_RL_500YR_2020":"Not Affected","RIF_RL_500YR_2040":"Not Affected","RIF_RL_500YR_2070":"Not Affected"}},{"type":"Feature","id":177,"geometry":{"type":"Point","coordinates":[-80.2145838195326,25.7881973306039]},"properties":{"OBJECTID_1":177,"OBJECTID":177,"HAZUSID":" ","Name":"U OF M HOSPITAL AND CLINICS","Address":"1475 NW 12TH AVE","City":"MIAMI","Zip":"33136","COUNTY":"Miami-Dade","X":-80.21458382,"Y":25.78819733,"LONGLAT":"-80.21458382,25.78819733","USNG":"17R NJ 78744 52463","OWNERSHIP":" ","PARCELID":" ","FACILITY_T":"HOSPITAL","TTL_BEDS":10,"EFCLASS":"EFHS","Asset_Elevation":null,"Owned_Maintained":null,"Asset":"HOSPITAL","Asset_Sub_Type":null,"Asset_Type":"Hospitals","Asset_Group":"Critical Community and Emergency Facilities","Asset_Relevancy":"Locally Significant","Asset_ID":"HOSP_PT_177","Municipality":"Miami","Water_Management_District":"South Florida Water Management District","Souce_Dataset_Entity":"FDEM","Souce_Dataset_Name":"Hospitals - FDEM","Source_Asset_ID":null,"Restricted_Public_Disclosure":null,"Notes":null,"Regional_Planning_Council":"South Florida","FDEP_Regulatory_District":"Southeast District","RCP_Region":"Southeast","FDOT_District":6,"House_District_Number":109,"Senate_District_Number":36,"CTF_RL_2020":"Not Affected","CTF_RL_2040_IL":"Not Affected","CTF_RL_2040_INT":"Not Affected","CTF_RL_2070_IL":"Not Affected","CTF_RL_2070_INT":"Not Affected","SSF_RL_100YR_CURR":"Not Affected","SSF_RL_100YR_2040_IL":"Not Affected","SSF_RL_100YR_2040_INT":"Not Affected","SSF_RL_100YR_2070_IL":"Not Affected","SSF_RL_100YR_2070_INT":"Not Affected","SSF_RL_500YR_CURR":"Not Affected","SSF_RL_500YR_2040_IL":"Not Affected","SSF_RL_500YR_2040_INT":"Not Affected","SSF_RL_500YR_2070_IL":"Not Affected","SSF_RL_500YR_2070_INT":"Not Affected","RIF_RL_100YR_2020":"Not Affected","RIF_RL_100YR_2040":"Not Affected","RIF_RL_100YR_2070":"Not Affected","RIF_RL_500YR_2020":"Not Affected","RIF_RL_500YR_2040":"Not Affected","RIF_RL_500YR_2070":"Not Affected"}},{"type":"Feature","id":178,"geometry":{"type":"Point","coordinates":[-80.2789141928512,25.7636646633671]},"properties":{"OBJECTID_1":178,"OBJECTID":178,"HAZUSID":" ","Name":"KINDRED HOSP/S FLORIDA/CORAL GABLES","Address":"5190 SW 8TH ST","City":"CORAL GABLES","Zip":"33134","COUNTY":"Miami-Dade","X":-80.27891419,"Y":25.76366466,"LONGLAT":"-80.27891419,25.76366466","USNG":"17R NJ 72309 49709","OWNERSHIP":" ","PARCELID":" ","FACILITY_T":"HOSPITAL","TTL_BEDS":55,"EFCLASS":"EFHM","Asset_Elevation":null,"Owned_Maintained":null,"Asset":"HOSPITAL","Asset_Sub_Type":null,"Asset_Type":"Hospitals","Asset_Group":"Critical Community and Emergency Facilities","Asset_Relevancy":"Locally Significant","Asset_ID":"HOSP_PT_178","Municipality":"Coral Gables","Water_Management_District":"South Florida Water Management District","Souce_Dataset_Entity":"FDEM","Souce_Dataset_Name":"Hospitals - FDEM","Source_Asset_ID":null,"Restricted_Public_Disclosure":null,"Notes":null,"Regional_Planning_Council":"South Florida","FDEP_Regulatory_District":"Southeast District","RCP_Region":"Southeast","FDOT_District":6,"House_District_Number":114,"Senate_District_Number":36,"CTF_RL_2020":"Not Affected","CTF_RL_2040_IL":"Not Affected","CTF_RL_2040_INT":"Not Affected","CTF_RL_2070_IL":"Not Affected","CTF_RL_2070_INT":"Not Affected","SSF_RL_100YR_CURR":"Not Affected","SSF_RL_100YR_2040_IL":"Not Affected","SSF_RL_100YR_2040_INT":"Not Affected","SSF_RL_100YR_2070_IL":"Not Affected","SSF_RL_100YR_2070_INT":"Not Affected","SSF_RL_500YR_CURR":"Not Affected","SSF_RL_500YR_2040_IL":"Not Affected","SSF_RL_500YR_2040_INT":"Not Affected","SSF_RL_500YR_2070_IL":"Not Affected","SSF_RL_500YR_2070_INT":"Not Affected","RIF_RL_100YR_2020":"Not Affected","RIF_RL_100YR_2040":"Not Affected","RIF_RL_100YR_2070":"Not Affected","RIF_RL_500YR_2020":"Not Affected","RIF_RL_500YR_2040":"Not Affected","RIF_RL_500YR_2070":"Not Affected"}},{"type":"Feature","id":179,"geometry":{"type":"Point","coordinates":[-80.2036956517243,25.9302684286515]},"properties":{"OBJECTID_1":179,"OBJECTID":179,"HAZUSID":" ","Name":"JACKSON NORTH MED CNTR","Address":"160 NW 170TH ST","City":"NORTH MIAMI BEACH","Zip":"33169","COUNTY":"Miami-Dade","X":-80.20369565,"Y":25.93026843,"LONGLAT":"-80.20369565,25.93026843","USNG":"17R NJ 79740 68203","OWNERSHIP":" ","PARCELID":" ","FACILITY_T":"HOSPITAL - ACUTE CARE","TTL_BEDS":382,"EFCLASS":"EFHL","Asset_Elevation":null,"Owned_Maintained":null,"Asset":"HOSPITAL - ACUTE CARE","Asset_Sub_Type":null,"Asset_Type":"Hospitals","Asset_Group":"Critical Community and Emergency Facilities","Asset_Relevancy":"Locally Significant","Asset_ID":"HOSP_PT_179","Municipality":"North Miami Beach","Water_Management_District":"South Florida Water Management District","Souce_Dataset_Entity":"FDEM","Souce_Dataset_Name":"Hospitals - FDEM","Source_Asset_ID":null,"Restricted_Public_Disclosure":null,"Notes":null,"Regional_Planning_Council":"South Florida","FDEP_Regulatory_District":"Southeast District","RCP_Region":"Southeast","FDOT_District":6,"House_District_Number":107,"Senate_District_Number":34,"CTF_RL_2020":"Not Affected","CTF_RL_2040_IL":"Not Affected","CTF_RL_2040_INT":"Not Affected","CTF_RL_2070_IL":"Not Affected","CTF_RL_2070_INT":"Not Affected","SSF_RL_100YR_CURR":"Not Affected","SSF_RL_100YR_2040_IL":"Not Affected","SSF_RL_100YR_2040_INT":"Not Affected","SSF_RL_100YR_2070_IL":"Not Affected","SSF_RL_100YR_2070_INT":"Not Affected","SSF_RL_500YR_CURR":"Not Affected","SSF_RL_500YR_2040_IL":"Not Affected","SSF_RL_500YR_2040_INT":"Not Affected","SSF_RL_500YR_2070_IL":"Not Affected","SSF_RL_500YR_2070_INT":"Not Affected","RIF_RL_100YR_2020":"Low","RIF_RL_100YR_2040":"Not Affected","RIF_RL_100YR_2070":"Low","RIF_RL_500YR_2020":"Low","RIF_RL_500YR_2040":"Low","RIF_RL_500YR_2070":"Low"}},{"type":"Feature","id":180,"geometry":{"type":"Point","coordinates":[-80.3393728661494,25.6841306862388]},"properties":{"OBJECTID_1":180,"OBJECTID":180,"HAZUSID":" ","Name":"BAPTIST HOSP OF MIA","Address":"8900 N KENDALL DR","City":"MIAMI","Zip":"33176","COUNTY":"Miami-Dade","X":-80.33937287,"Y":25.68413069,"LONGLAT":"-80.33937287,25.68413069","USNG":"17R NJ 66290 40869","OWNERSHIP":" ","PARCELID":" ","FACILITY_T":"HOSPITAL - ACUTE CARE","TTL_BEDS":728,"EFCLASS":"EFHL","Asset_Elevation":null,"Owned_Maintained":null,"Asset":"HOSPITAL - ACUTE CARE","Asset_Sub_Type":null,"Asset_Type":"Hospitals","Asset_Group":"Critical Community and Emergency Facilities","Asset_Relevancy":"Locally Significant","Asset_ID":"HOSP_PT_180","Municipality":null,"Water_Management_District":"South Florida Water Management District","Souce_Dataset_Entity":"FDEM","Souce_Dataset_Name":"Hospitals - FDEM","Source_Asset_ID":null,"Restricted_Public_Disclosure":null,"Notes":null,"Regional_Planning_Council":"South Florida","FDEP_Regulatory_District":"Southeast District","RCP_Region":"Southeast","FDOT_District":6,"House_District_Number":115,"Senate_District_Number":38,"CTF_RL_2020":"Not Affected","CTF_RL_2040_IL":"Not Affected","CTF_RL_2040_INT":"Not Affected","CTF_RL_2070_IL":"Not Affected","CTF_RL_2070_INT":"Not Affected","SSF_RL_100YR_CURR":"Not Affected","SSF_RL_100YR_2040_IL":"Not Affected","SSF_RL_100YR_2040_INT":"Not Affected","SSF_RL_100YR_2070_IL":"Not Affected","SSF_RL_100YR_2070_INT":"Not Affected","SSF_RL_500YR_CURR":"Not Affected","SSF_RL_500YR_2040_IL":"Not Affected","SSF_RL_500YR_2040_INT":"Not Affected","SSF_RL_500YR_2070_IL":"Not Affected","SSF_RL_500YR_2070_INT":"Not Affected","RIF_RL_100YR_2020":"Medium","RIF_RL_100YR_2040":"Medium","RIF_RL_100YR_2070":"Medium","RIF_RL_500YR_2020":"Medium","RIF_RL_500YR_2040":"Medium","RIF_RL_500YR_2070":"Medium"}},{"type":"Feature","id":181,"geometry":{"type":"Point","coordinates":[-80.3176329280331,25.7473548267736]},"properties":{"OBJECTID_1":181,"OBJECTID":181,"HAZUSID":" ","Name":"WESTCHESTER GENERAL HOSPITAL","Address":"2500 SW 75TH AVE","City":"MIAMI","Zip":"33155","COUNTY":"Miami-Dade","X":-80.31763293,"Y":25.74735483,"LONGLAT":"-80.31763293,25.74735483","USNG":"17R NJ 68436 47882","OWNERSHIP":" ","PARCELID":" ","FACILITY_T":"HOSPITAL - ACUTE CARE","TTL_BEDS":125,"EFCLASS":"EFHL","Asset_Elevation":null,"Owned_Maintained":null,"Asset":"HOSPITAL - ACUTE CARE","Asset_Sub_Type":null,"Asset_Type":"Hospitals","Asset_Group":"Critical Community and Emergency Facilities","Asset_Relevancy":"Locally Significant","Asset_ID":"HOSP_PT_181","Municipality":null,"Water_Management_District":"South Florida Water Management District","Souce_Dataset_Entity":"FDEM","Souce_Dataset_Name":"Hospitals - FDEM","Source_Asset_ID":null,"Restricted_Public_Disclosure":null,"Notes":null,"Regional_Planning_Council":"South Florida","FDEP_Regulatory_District":"Southeast District","RCP_Region":"Southeast","FDOT_District":6,"House_District_Number":115,"Senate_District_Number":36,"CTF_RL_2020":"Not Affected","CTF_RL_2040_IL":"Not Affected","CTF_RL_2040_INT":"Not Affected","CTF_RL_2070_IL":"Not Affected","CTF_RL_2070_INT":"Not Affected","SSF_RL_100YR_CURR":"Not Affected","SSF_RL_100YR_2040_IL":"Not Affected","SSF_RL_100YR_2040_INT":"Not Affected","SSF_RL_100YR_2070_IL":"Not Affected","SSF_RL_100YR_2070_INT":"Not Affected","SSF_RL_500YR_CURR":"Medium","SSF_RL_500YR_2040_IL":"Medium","SSF_RL_500YR_2040_INT":"Medium","SSF_RL_500YR_2070_IL":"High","SSF_RL_500YR_2070_INT":"High","RIF_RL_100YR_2020":"Not Affected","RIF_RL_100YR_2040":"Not Affected","RIF_RL_100YR_2070":"Not Affected","RIF_RL_500YR_2020":"Low","RIF_RL_500YR_2040":"Medium","RIF_RL_500YR_2070":"Low"}},{"type":"Feature","id":182,"geometry":{"type":"Point","coordinates":[-80.4914204254795,25.4194380222576]},"properties":{"OBJECTID_1":182,"OBJECTID":182,"HAZUSID":" ","Name":"SOUTH FL EVALUATION AND TREATMENT CNTR","Address":"18680 SW 376 ST","City":"FLORIDA CITY","Zip":"33034","COUNTY":"Miami-Dade","X":-80.49142043,"Y":25.41943802,"LONGLAT":"-80.49142043,25.41943802","USNG":"17R NJ 51145 11490","OWNERSHIP":" ","PARCELID":" ","FACILITY_T":"HOSPITAL","TTL_BEDS":249,"EFCLASS":"EFHL","Asset_Elevation":null,"Owned_Maintained":null,"Asset":"HOSPITAL","Asset_Sub_Type":null,"Asset_Type":"Hospitals","Asset_Group":"Critical Community and Emergency Facilities","Asset_Relevancy":"Locally Significant","Asset_ID":"HOSP_PT_182","Municipality":null,"Water_Management_District":"South Florida Water Management District","Souce_Dataset_Entity":"FDEM","Souce_Dataset_Name":"Hospitals - FDEM","Source_Asset_ID":null,"Restricted_Public_Disclosure":null,"Notes":null,"Regional_Planning_Council":"South Florida","FDEP_Regulatory_District":"Southeast District","RCP_Region":"Southeast","FDOT_District":6,"House_District_Number":120,"Senate_District_Number":40,"CTF_RL_2020":"Not Affected","CTF_RL_2040_IL":"Not Affected","CTF_RL_2040_INT":"Not Affected","CTF_RL_2070_IL":"Not Affected","CTF_RL_2070_INT":"Not Affected","SSF_RL_100YR_CURR":"Not Affected","SSF_RL_100YR_2040_IL":"Not Affected","SSF_RL_100YR_2040_INT":"Not Affected","SSF_RL_100YR_2070_IL":"Not Affected","SSF_RL_100YR_2070_INT":"Medium","SSF_RL_500YR_CURR":"High","SSF_RL_500YR_2040_IL":"High","SSF_RL_500YR_2040_INT":"High","SSF_RL_500YR_2070_IL":"High","SSF_RL_500YR_2070_INT":"High","RIF_RL_100YR_2020":"Medium","RIF_RL_100YR_2040":"Medium","RIF_RL_100YR_2070":"Medium","RIF_RL_500YR_2020":"Medium","RIF_RL_500YR_2040":"Medium","RIF_RL_500YR_2070":"Medium"}},{"type":"Feature","id":183,"geometry":{"type":"Point","coordinates":[-80.2133873635295,25.7404613327139]},"properties":{"OBJECTID_1":183,"OBJECTID":183,"HAZUSID":" ","Name":"SISTER EMMANUEL HOSPITAL","Address":"3663 S MIAMI AVE","City":"MIAMI","Zip":"33133","COUNTY":"Miami-Dade","X":-80.21338736,"Y":25.74046133,"LONGLAT":"-80.21338736,25.74046133","USNG":"17R NJ 78896 47177","OWNERSHIP":" ","PARCELID":" ","FACILITY_T":"HOSPITAL","TTL_BEDS":29,"EFCLASS":"EFHS","Asset_Elevation":null,"Owned_Maintained":null,"Asset":"HOSPITAL","Asset_Sub_Type":null,"Asset_Type":"Hospitals","Asset_Group":"Critical Community and Emergency Facilities","Asset_Relevancy":"Locally Significant","Asset_ID":"HOSP_PT_183","Municipality":"Miami","Water_Management_District":"South Florida Water Management District","Souce_Dataset_Entity":"FDEM","Souce_Dataset_Name":"Hospitals - FDEM","Source_Asset_ID":null,"Restricted_Public_Disclosure":null,"Notes":null,"Regional_Planning_Council":"South Florida","FDEP_Regulatory_District":"Southeast District","RCP_Region":"Southeast","FDOT_District":6,"House_District_Number":113,"Senate_District_Number":38,"CTF_RL_2020":"Not Affected","CTF_RL_2040_IL":"Not Affected","CTF_RL_2040_INT":"Not Affected","CTF_RL_2070_IL":"Not Affected","CTF_RL_2070_INT":"Not Affected","SSF_RL_100YR_CURR":"Not Affected","SSF_RL_100YR_2040_IL":"Not Affected","SSF_RL_100YR_2040_INT":"Low","SSF_RL_100YR_2070_IL":"Medium","SSF_RL_100YR_2070_INT":"Medium","SSF_RL_500YR_CURR":"High","SSF_RL_500YR_2040_IL":"High","SSF_RL_500YR_2040_INT":"High","SSF_RL_500YR_2070_IL":"High","SSF_RL_500YR_2070_INT":"High","RIF_RL_100YR_2020":"Not Affected","RIF_RL_100YR_2040":"Not Affected","RIF_RL_100YR_2070":"Not Affected","RIF_RL_500YR_2020":"Not Affected","RIF_RL_500YR_2040":"Not Affected","RIF_RL_500YR_2070":"Not Affected"}},{"type":"Feature","id":184,"geometry":{"type":"Point","coordinates":[-80.3167431798628,25.7469945375973]},"properties":{"OBJECTID_1":184,"OBJECTID":184,"HAZUSID":" ","Name":"WEST GABLES REHABILITATION HOSPITAL","Address":"2525 SW 75TH AVE","City":"MIAMI","Zip":"33155","COUNTY":"Miami-Dade","X":-80.31674318,"Y":25.74699454,"LONGLAT":"-80.31674318,25.74699454","USNG":"17R NJ 68525 47843","OWNERSHIP":" ","PARCELID":" ","FACILITY_T":"HOSPITAL","TTL_BEDS":60,"EFCLASS":"EFHM","Asset_Elevation":null,"Owned_Maintained":null,"Asset":"HOSPITAL","Asset_Sub_Type":null,"Asset_Type":"Hospitals","Asset_Group":"Critical Community and Emergency Facilities","Asset_Relevancy":"Locally Significant","Asset_ID":"HOSP_PT_184","Municipality":null,"Water_Management_District":"South Florida Water Management District","Souce_Dataset_Entity":"FDEM","Souce_Dataset_Name":"Hospitals - FDEM","Source_Asset_ID":null,"Restricted_Public_Disclosure":null,"Notes":null,"Regional_Planning_Council":"South Florida","FDEP_Regulatory_District":"Southeast District","RCP_Region":"Southeast","FDOT_District":6,"House_District_Number":115,"Senate_District_Number":36,"CTF_RL_2020":"Not Affected","CTF_RL_2040_IL":"Not Affected","CTF_RL_2040_INT":"Not Affected","CTF_RL_2070_IL":"Not Affected","CTF_RL_2070_INT":"Not Affected","SSF_RL_100YR_CURR":"Not Affected","SSF_RL_100YR_2040_IL":"Not Affected","SSF_RL_100YR_2040_INT":"Not Affected","SSF_RL_100YR_2070_IL":"Not Affected","SSF_RL_100YR_2070_INT":"Not Affected","SSF_RL_500YR_CURR":"Medium","SSF_RL_500YR_2040_IL":"Medium","SSF_RL_500YR_2040_INT":"Medium","SSF_RL_500YR_2070_IL":"Medium","SSF_RL_500YR_2070_INT":"High","RIF_RL_100YR_2020":"Not Affected","RIF_RL_100YR_2040":"Not Affected","RIF_RL_100YR_2070":"Not Affected","RIF_RL_500YR_2020":"Not Affected","RIF_RL_500YR_2040":"Not Affected","RIF_RL_500YR_2070":"Not Affected"}},{"type":"Feature","id":185,"geometry":{"type":"Point","coordinates":[-80.2108493701273,25.7770151022071]},"properties":{"OBJECTID_1":185,"OBJECTID":185,"HAZUSID":" ","Name":"SELECT SPECIALTY HOSPITAL - MIAMI","Address":"955 NW 3RD ST SUITE #736","City":"MIAMI","Zip":"33128","COUNTY":"Miami-Dade","X":-80.21084937,"Y":25.7770151,"LONGLAT":"-80.21084937,25.77701510","USNG":"17R NJ 79126 51227","OWNERSHIP":" ","PARCELID":" ","FACILITY_T":"HOSPITAL","TTL_BEDS":47,"EFCLASS":"EFHS","Asset_Elevation":null,"Owned_Maintained":null,"Asset":"HOSPITAL","Asset_Sub_Type":null,"Asset_Type":"Hospitals","Asset_Group":"Critical Community and Emergency Facilities","Asset_Relevancy":"Locally Significant","Asset_ID":"HOSP_PT_185","Municipality":"Miami","Water_Management_District":"South Florida Water Management District","Souce_Dataset_Entity":"FDEM","Souce_Dataset_Name":"Hospitals - FDEM","Source_Asset_ID":null,"Restricted_Public_Disclosure":null,"Notes":null,"Regional_Planning_Council":"South Florida","FDEP_Regulatory_District":"Southeast District","RCP_Region":"Southeast","FDOT_District":6,"House_District_Number":113,"Senate_District_Number":36,"CTF_RL_2020":"Not Affected","CTF_RL_2040_IL":"Not Affected","CTF_RL_2040_INT":"Not Affected","CTF_RL_2070_IL":"Not Affected","CTF_RL_2070_INT":"Not Affected","SSF_RL_100YR_CURR":"High","SSF_RL_100YR_2040_IL":"High","SSF_RL_100YR_2040_INT":"High","SSF_RL_100YR_2070_IL":"High","SSF_RL_100YR_2070_INT":"High","SSF_RL_500YR_CURR":"High","SSF_RL_500YR_2040_IL":"High","SSF_RL_500YR_2040_INT":"High","SSF_RL_500YR_2070_IL":"High","SSF_RL_500YR_2070_INT":"High","RIF_RL_100YR_2020":"High","RIF_RL_100YR_2040":"High","RIF_RL_100YR_2070":"High","RIF_RL_500YR_2020":"High","RIF_RL_500YR_2040":"High","RIF_RL_500YR_2070":"High"}},{"type":"Feature","id":186,"geometry":{"type":"Point","coordinates":[-80.2107060223295,25.7910240189925]},"properties":{"OBJECTID_1":186,"OBJECTID":186,"HAZUSID":" ","Name":"BASCOM PALMER EYE INSTITUTE","Address":"900 NW 17TH ST","City":"MIAMI","Zip":"33136","COUNTY":"Miami-Dade","X":-80.21070602,"Y":25.79102402,"LONGLAT":"-80.21070602,25.79102402","USNG":"17R NJ 79131 52778","OWNERSHIP":" ","PARCELID":" ","FACILITY_T":"HOSPITAL","TTL_BEDS":100,"EFCLASS":"EFHM","Asset_Elevation":null,"Owned_Maintained":null,"Asset":"HOSPITAL","Asset_Sub_Type":null,"Asset_Type":"Hospitals","Asset_Group":"Critical Community and Emergency Facilities","Asset_Relevancy":"Locally Significant","Asset_ID":"HOSP_PT_186","Municipality":"Miami","Water_Management_District":"South Florida Water Management District","Souce_Dataset_Entity":"FDEM","Souce_Dataset_Name":"Hospitals - FDEM","Source_Asset_ID":null,"Restricted_Public_Disclosure":null,"Notes":null,"Regional_Planning_Council":"South Florida","FDEP_Regulatory_District":"Southeast District","RCP_Region":"Southeast","FDOT_District":6,"House_District_Number":109,"Senate_District_Number":36,"CTF_RL_2020":"Not Affected","CTF_RL_2040_IL":"Not Affected","CTF_RL_2040_INT":"Not Affected","CTF_RL_2070_IL":"Not Affected","CTF_RL_2070_INT":"Not Affected","SSF_RL_100YR_CURR":"Not Affected","SSF_RL_100YR_2040_IL":"Not Affected","SSF_RL_100YR_2040_INT":"Not Affected","SSF_RL_100YR_2070_IL":"Not Affected","SSF_RL_100YR_2070_INT":"Not Affected","SSF_RL_500YR_CURR":"Not Affected","SSF_RL_500YR_2040_IL":"Not Affected","SSF_RL_500YR_2040_INT":"Not Affected","SSF_RL_500YR_2070_IL":"Not Affected","SSF_RL_500YR_2070_INT":"Not Affected","RIF_RL_100YR_2020":"Not Affected","RIF_RL_100YR_2040":"Not Affected","RIF_RL_100YR_2070":"Not Affected","RIF_RL_500YR_2020":"Not Affected","RIF_RL_500YR_2040":"Not Affected","RIF_RL_500YR_2070":"Not Affected"}},{"type":"Feature","id":187,"geometry":{"type":"Point","coordinates":[-80.1925057382416,25.822825870167]},"properties":{"OBJECTID_1":187,"OBJECTID":187,"HAZUSID":" ","Name":"DOUGLAS GARDENS HOSP","Address":"5200 NE 2ND AVE","City":"MIAMI","Zip":"33137","COUNTY":"Miami-Dade","X":-80.19250574,"Y":25.82282587,"LONGLAT":"-80.19250574,25.82282587","USNG":"17R NJ 80934 56311","OWNERSHIP":" ","PARCELID":" ","FACILITY_T":"HOSPITAL","TTL_BEDS":32,"EFCLASS":"EFHS","Asset_Elevation":null,"Owned_Maintained":null,"Asset":"HOSPITAL","Asset_Sub_Type":null,"Asset_Type":"Hospitals","Asset_Group":"Critical Community and Emergency Facilities","Asset_Relevancy":"Locally Significant","Asset_ID":"HOSP_PT_187","Municipality":"Miami","Water_Management_District":"South Florida Water Management District","Souce_Dataset_Entity":"FDEM","Souce_Dataset_Name":"Hospitals - FDEM","Source_Asset_ID":null,"Restricted_Public_Disclosure":null,"Notes":null,"Regional_Planning_Council":"South Florida","FDEP_Regulatory_District":"Southeast District","RCP_Region":"Southeast","FDOT_District":6,"House_District_Number":108,"Senate_District_Number":34,"CTF_RL_2020":"Not Affected","CTF_RL_2040_IL":"Not Affected","CTF_RL_2040_INT":"Not Affected","CTF_RL_2070_IL":"Not Affected","CTF_RL_2070_INT":"Not Affected","SSF_RL_100YR_CURR":"Not Affected","SSF_RL_100YR_2040_IL":"Not Affected","SSF_RL_100YR_2040_INT":"Not Affected","SSF_RL_100YR_2070_IL":"Not Affected","SSF_RL_100YR_2070_INT":"Not Affected","SSF_RL_500YR_CURR":"Not Affected","SSF_RL_500YR_2040_IL":"Not Affected","SSF_RL_500YR_2040_INT":"Not Affected","SSF_RL_500YR_2070_IL":"Not Affected","SSF_RL_500YR_2070_INT":"Not Affected","RIF_RL_100YR_2020":"Not Affected","RIF_RL_100YR_2040":"Not Affected","RIF_RL_100YR_2070":"Not Affected","RIF_RL_500YR_2020":"Not Affected","RIF_RL_500YR_2040":"Not Affected","RIF_RL_500YR_2070":"Not Affected"}},{"type":"Feature","id":188,"geometry":{"type":"Point","coordinates":[-80.3429795660484,25.8836564878796]},"properties":{"OBJECTID_1":188,"OBJECTID":188,"HAZUSID":" ","Name":"ST CATHERINE'S WEST REHAB HOSPITAL","Address":"8850 NW 122 ST","City":"HIALEAH GARDENS","Zip":"33018","COUNTY":"Miami-Dade","X":-80.34297957,"Y":25.88365649,"LONGLAT":"-80.34297957,25.88365649","USNG":"17R NJ 65818 62964","OWNERSHIP":" ","PARCELID":" ","FACILITY_T":"HOSPITAL","TTL_BEDS":40,"EFCLASS":"EFHS","Asset_Elevation":null,"Owned_Maintained":null,"Asset":"HOSPITAL","Asset_Sub_Type":null,"Asset_Type":"Hospitals","Asset_Group":"Critical Community and Emergency Facilities","Asset_Relevancy":"Locally Significant","Asset_ID":"HOSP_PT_188","Municipality":"Hialeah Gardens","Water_Management_District":"South Florida Water Management District","Souce_Dataset_Entity":"FDEM","Souce_Dataset_Name":"Hospitals - FDEM","Source_Asset_ID":null,"Restricted_Public_Disclosure":null,"Notes":null,"Regional_Planning_Council":"South Florida","FDEP_Regulatory_District":"Southeast District","RCP_Region":"Southeast","FDOT_District":6,"House_District_Number":111,"Senate_District_Number":39,"CTF_RL_2020":"Not Affected","CTF_RL_2040_IL":"Not Affected","CTF_RL_2040_INT":"Not Affected","CTF_RL_2070_IL":"Not Affected","CTF_RL_2070_INT":"Not Affected","SSF_RL_100YR_CURR":"Not Affected","SSF_RL_100YR_2040_IL":"Not Affected","SSF_RL_100YR_2040_INT":"Not Affected","SSF_RL_100YR_2070_IL":"Low","SSF_RL_100YR_2070_INT":"Medium","SSF_RL_500YR_CURR":"Medium","SSF_RL_500YR_2040_IL":"Medium","SSF_RL_500YR_2040_INT":"Medium","SSF_RL_500YR_2070_IL":"High","SSF_RL_500YR_2070_INT":"High","RIF_RL_100YR_2020":"Medium","RIF_RL_100YR_2040":"Medium","RIF_RL_100YR_2070":"Medium","RIF_RL_500YR_2020":"Medium","RIF_RL_500YR_2040":"Medium","RIF_RL_500YR_2070":"Medium"}},{"type":"Feature","id":189,"geometry":{"type":"Point","coordinates":[-80.3413401430704,25.5747572934643]},"properties":{"OBJECTID_1":189,"OBJECTID":189,"HAZUSID":" ","Name":"HEALTHSOUTH REHAB HOSP OF MIA","Address":"20601 OLD CUTLER RD","City":"MIAMI","Zip":"33189","COUNTY":"Miami-Dade","X":-80.34134014,"Y":25.57475729,"LONGLAT":"-80.34134014,25.57475729","USNG":"17R NJ 66153 28756","OWNERSHIP":" ","PARCELID":" ","FACILITY_T":"HOSPITAL","TTL_BEDS":60,"EFCLASS":"EFHM","Asset_Elevation":null,"Owned_Maintained":null,"Asset":"HOSPITAL","Asset_Sub_Type":null,"Asset_Type":"Hospitals","Asset_Group":"Critical Community and Emergency Facilities","Asset_Relevancy":"Locally Significant","Asset_ID":"HOSP_PT_189","Municipality":"Cutler Bay","Water_Management_District":"South Florida Water Management District","Souce_Dataset_Entity":"FDEM","Souce_Dataset_Name":"Hospitals - FDEM","Source_Asset_ID":null,"Restricted_Public_Disclosure":null,"Notes":null,"Regional_Planning_Council":"South Florida","FDEP_Regulatory_District":"Southeast District","RCP_Region":"Southeast","FDOT_District":6,"House_District_Number":115,"Senate_District_Number":38,"CTF_RL_2020":"Not Affected","CTF_RL_2040_IL":"Not Affected","CTF_RL_2040_INT":"Not Affected","CTF_RL_2070_IL":"Not Affected","CTF_RL_2070_INT":"Not Affected","SSF_RL_100YR_CURR":"Not Affected","SSF_RL_100YR_2040_IL":"Not Affected","SSF_RL_100YR_2040_INT":"Not Affected","SSF_RL_100YR_2070_IL":"Not Affected","SSF_RL_100YR_2070_INT":"Not Affected","SSF_RL_500YR_CURR":"Not Affected","SSF_RL_500YR_2040_IL":"Not Affected","SSF_RL_500YR_2040_INT":"Not Affected","SSF_RL_500YR_2070_IL":"Not Affected","SSF_RL_500YR_2070_INT":"Not Affected","RIF_RL_100YR_2020":"Not Affected","RIF_RL_100YR_2040":"Not Affected","RIF_RL_100YR_2070":"Not Affected","RIF_RL_500YR_2020":"Not Affected","RIF_RL_500YR_2040":"Not Affected","RIF_RL_500YR_2070":"Not Affected"}},{"type":"Feature","id":190,"geometry":{"type":"Point","coordinates":[-80.1773183796757,25.8899037490281]},"properties":{"OBJECTID_1":190,"OBJECTID":190,"HAZUSID":" ","Name":"ST CATHERINE'S REHABILITATION HOSPITAL","Address":"1050 NE 125TH ST","City":"NORTH MIAMI","Zip":"33161","COUNTY":"Miami-Dade","X":-80.17731838,"Y":25.88990375,"LONGLAT":"-80.17731838,25.88990375","USNG":"17R NJ 82410 63749","OWNERSHIP":" ","PARCELID":" ","FACILITY_T":"HOSPITAL","TTL_BEDS":22,"EFCLASS":"EFHS","Asset_Elevation":null,"Owned_Maintained":null,"Asset":"HOSPITAL","Asset_Sub_Type":null,"Asset_Type":"Hospitals","Asset_Group":"Critical Community and Emergency Facilities","Asset_Relevancy":"Locally Significant","Asset_ID":"HOSP_PT_190","Municipality":"North Miami","Water_Management_District":"South Florida Water Management District","Souce_Dataset_Entity":"FDEM","Souce_Dataset_Name":"Hospitals - FDEM","Source_Asset_ID":null,"Restricted_Public_Disclosure":null,"Notes":null,"Regional_Planning_Council":"South Florida","FDEP_Regulatory_District":"Southeast District","RCP_Region":"Southeast","FDOT_District":6,"House_District_Number":108,"Senate_District_Number":34,"CTF_RL_2020":"Not Affected","CTF_RL_2040_IL":"Not Affected","CTF_RL_2040_INT":"Not Affected","CTF_RL_2070_IL":"Not Affected","CTF_RL_2070_INT":"Not Affected","SSF_RL_100YR_CURR":"Not Affected","SSF_RL_100YR_2040_IL":"Not Affected","SSF_RL_100YR_2040_INT":"Not Affected","SSF_RL_100YR_2070_IL":"Not Affected","SSF_RL_100YR_2070_INT":"Not Affected","SSF_RL_500YR_CURR":"Not Affected","SSF_RL_500YR_2040_IL":"Not Affected","SSF_RL_500YR_2040_INT":"Not Affected","SSF_RL_500YR_2070_IL":"Medium","SSF_RL_500YR_2070_INT":"Medium","RIF_RL_100YR_2020":"Not Affected","RIF_RL_100YR_2040":"Not Affected","RIF_RL_100YR_2070":"Not Affected","RIF_RL_500YR_2020":"Not Affected","RIF_RL_500YR_2040":"Not Affected","RIF_RL_500YR_2070":"Not Affected"}},{"type":"Feature","id":191,"geometry":{"type":"Point","coordinates":[-80.2693526206666,25.8455631088313]},"properties":{"OBJECTID_1":191,"OBJECTID":191,"HAZUSID":" ","Name":"HIALEAH HOSP","Address":"651 E 25TH ST","City":"HIALEAH","Zip":"33013","COUNTY":"Miami-Dade","X":-80.26935262,"Y":25.84556311,"LONGLAT":"-80.26935262,25.84556311","USNG":"17R NJ 73218 58784","OWNERSHIP":" ","PARCELID":" ","FACILITY_T":"HOSPITAL - ACUTE CARE","TTL_BEDS":378,"EFCLASS":"EFHL","Asset_Elevation":null,"Owned_Maintained":null,"Asset":"HOSPITAL - ACUTE CARE","Asset_Sub_Type":null,"Asset_Type":"Hospitals","Asset_Group":"Critical Community and Emergency Facilities","Asset_Relevancy":"Locally Significant","Asset_ID":"HOSP_PT_191","Municipality":"Hialeah","Water_Management_District":"South Florida Water Management District","Souce_Dataset_Entity":"FDEM","Souce_Dataset_Name":"Hospitals - FDEM","Source_Asset_ID":null,"Restricted_Public_Disclosure":null,"Notes":null,"Regional_Planning_Council":"South Florida","FDEP_Regulatory_District":"Southeast District","RCP_Region":"Southeast","FDOT_District":6,"House_District_Number":112,"Senate_District_Number":39,"CTF_RL_2020":"Not Affected","CTF_RL_2040_IL":"Not Affected","CTF_RL_2040_INT":"Not Affected","CTF_RL_2070_IL":"Not Affected","CTF_RL_2070_INT":"Not Affected","SSF_RL_100YR_CURR":"Not Affected","SSF_RL_100YR_2040_IL":"Not Affected","SSF_RL_100YR_2040_INT":"Not Affected","SSF_RL_100YR_2070_IL":"Not Affected","SSF_RL_100YR_2070_INT":"Not Affected","SSF_RL_500YR_CURR":"Not Affected","SSF_RL_500YR_2040_IL":"Not Affected","SSF_RL_500YR_2040_INT":"Not Affected","SSF_RL_500YR_2070_IL":"Not Affected","SSF_RL_500YR_2070_INT":"Not Affected","RIF_RL_100YR_2020":"Not Affected","RIF_RL_100YR_2040":"Not Affected","RIF_RL_100YR_2070":"Not Affected","RIF_RL_500YR_2020":"Not Affected","RIF_RL_500YR_2040":"Not Affected","RIF_RL_500YR_2070":"Not Affected"}},{"type":"Feature","id":192,"geometry":{"type":"Point","coordinates":[-80.4559559470737,25.6781672678049]},"properties":{"OBJECTID_1":192,"OBJECTID":192,"HAZUSID":" ","Name":"WEST KENDALL BAPTIST HOSPITAL","Address":"9555 SW 162 AVE","City":"MIAMI","Zip":"33196","COUNTY":"Miami-Dade","X":-80.45595595,"Y":25.67816727,"LONGLAT":"-80.45595595,25.67816727","USNG":"17R NJ 54594 40156","OWNERSHIP":" ","PARCELID":" ","FACILITY_T":"HOSPITAL - ACUTE CARE","TTL_BEDS":133,"EFCLASS":"EFHL","Asset_Elevation":null,"Owned_Maintained":null,"Asset":"HOSPITAL - ACUTE CARE","Asset_Sub_Type":null,"Asset_Type":"Hospitals","Asset_Group":"Critical Community and Emergency Facilities","Asset_Relevancy":"Locally Significant","Asset_ID":"HOSP_PT_192","Municipality":null,"Water_Management_District":"South Florida Water Management District","Souce_Dataset_Entity":"FDEM","Souce_Dataset_Name":"Hospitals - FDEM","Source_Asset_ID":null,"Restricted_Public_Disclosure":null,"Notes":null,"Regional_Planning_Council":"South Florida","FDEP_Regulatory_District":"Southeast District","RCP_Region":"Southeast","FDOT_District":6,"House_District_Number":119,"Senate_District_Number":40,"CTF_RL_2020":"Not Affected","CTF_RL_2040_IL":"Not Affected","CTF_RL_2040_INT":"Not Affected","CTF_RL_2070_IL":"Not Affected","CTF_RL_2070_INT":"Not Affected","SSF_RL_100YR_CURR":"Not Affected","SSF_RL_100YR_2040_IL":"Not Affected","SSF_RL_100YR_2040_INT":"Not Affected","SSF_RL_100YR_2070_IL":"Not Affected","SSF_RL_100YR_2070_INT":"Not Affected","SSF_RL_500YR_CURR":"Not Affected","SSF_RL_500YR_2040_IL":"Not Affected","SSF_RL_500YR_2040_INT":"Not Affected","SSF_RL_500YR_2070_IL":"Not Affected","SSF_RL_500YR_2070_INT":"Not Affected","RIF_RL_100YR_2020":"Not Affected","RIF_RL_100YR_2040":"Not Affected","RIF_RL_100YR_2070":"Not Affected","RIF_RL_500YR_2020":"Not Affected","RIF_RL_500YR_2040":"Not Affected","RIF_RL_500YR_2070":"Not Affected"}},{"type":"Feature","id":193,"geometry":{"type":"Point","coordinates":[-80.1382994568963,25.815399981672]},"properties":{"OBJECTID_1":193,"OBJECTID":193,"HAZUSID":" ","Name":"MOUNT SINAI MEDIAL CENTER","Address":"4300 ALTON ROAD","City":"MIAMI BEACH","Zip":"33140","COUNTY":"Miami-Dade","X":-80.13829946,"Y":25.81539998,"LONGLAT":"-80.13829946,25.81539998","USNG":"17R NJ 86373 55523","OWNERSHIP":" ","PARCELID":" ","FACILITY_T":"HOSPITAL - ACUTE CARE","TTL_BEDS":955,"EFCLASS":"EFHL","Asset_Elevation":null,"Owned_Maintained":null,"Asset":"HOSPITAL - ACUTE CARE","Asset_Sub_Type":null,"Asset_Type":"Hospitals","Asset_Group":"Critical Community and Emergency Facilities","Asset_Relevancy":"Locally Significant","Asset_ID":"HOSP_PT_193","Municipality":"Miami Beach","Water_Management_District":"South Florida Water Management District","Souce_Dataset_Entity":"FDEM","Souce_Dataset_Name":"Hospitals - FDEM","Source_Asset_ID":null,"Restricted_Public_Disclosure":null,"Notes":null,"Regional_Planning_Council":"South Florida","FDEP_Regulatory_District":"Southeast District","RCP_Region":"Southeast","FDOT_District":6,"House_District_Number":106,"Senate_District_Number":34,"CTF_RL_2020":"Not Affected","CTF_RL_2040_IL":"Not Affected","CTF_RL_2040_INT":"Not Affected","CTF_RL_2070_IL":"Not Affected","CTF_RL_2070_INT":"Not Affected","SSF_RL_100YR_CURR":"Medium","SSF_RL_100YR_2040_IL":"Medium","SSF_RL_100YR_2040_INT":"Medium","SSF_RL_100YR_2070_IL":"High","SSF_RL_100YR_2070_INT":"High","SSF_RL_500YR_CURR":"High","SSF_RL_500YR_2040_IL":"High","SSF_RL_500YR_2040_INT":"High","SSF_RL_500YR_2070_IL":"High","SSF_RL_500YR_2070_INT":"High","RIF_RL_100YR_2020":"Not Affected","RIF_RL_100YR_2040":"Not Affected","RIF_RL_100YR_2070":"Not Affected","RIF_RL_500YR_2020":"Not Affected","RIF_RL_500YR_2040":"Not Affected","RIF_RL_500YR_2070":"Not Affected"}},{"type":"Feature","id":194,"geometry":{"type":"Point","coordinates":[-80.1404513215391,25.813433066962]},"properties":{"OBJECTID_1":194,"OBJECTID":194,"HAZUSID":" ","Name":"MOUNT SINAI MEDICAL CNTR","Address":"4300 ALTON RD","City":"MIAMI BEACH","Zip":"33140","COUNTY":"Miami-Dade","X":-80.14045132,"Y":25.81343307,"LONGLAT":"-80.14045132,25.81343307","USNG":"17R NJ 86159 55304","OWNERSHIP":" ","PARCELID":" ","FACILITY_T":"HOSPITAL - ACUTE CARE","TTL_BEDS":672,"EFCLASS":"EFHL","Asset_Elevation":null,"Owned_Maintained":null,"Asset":"HOSPITAL - ACUTE CARE","Asset_Sub_Type":null,"Asset_Type":"Hospitals","Asset_Group":"Critical Community and Emergency Facilities","Asset_Relevancy":"Locally Significant","Asset_ID":"HOSP_PT_194","Municipality":"Miami Beach","Water_Management_District":"South Florida Water Management District","Souce_Dataset_Entity":"FDEM","Souce_Dataset_Name":"Hospitals - FDEM","Source_Asset_ID":null,"Restricted_Public_Disclosure":null,"Notes":null,"Regional_Planning_Council":"South Florida","FDEP_Regulatory_District":"Southeast District","RCP_Region":"Southeast","FDOT_District":6,"House_District_Number":106,"Senate_District_Number":34,"CTF_RL_2020":"Not Affected","CTF_RL_2040_IL":"Not Affected","CTF_RL_2040_INT":"Not Affected","CTF_RL_2070_IL":"Not Affected","CTF_RL_2070_INT":"Not Affected","SSF_RL_100YR_CURR":"Not Affected","SSF_RL_100YR_2040_IL":"Not Affected","SSF_RL_100YR_2040_INT":"Not Affected","SSF_RL_100YR_2070_IL":"Not Affected","SSF_RL_100YR_2070_INT":"Not Affected","SSF_RL_500YR_CURR":"Not Affected","SSF_RL_500YR_2040_IL":"Not Affected","SSF_RL_500YR_2040_INT":"Not Affected","SSF_RL_500YR_2070_IL":"Not Affected","SSF_RL_500YR_2070_INT":"Low","RIF_RL_100YR_2020":"Not Affected","RIF_RL_100YR_2040":"Not Affected","RIF_RL_100YR_2070":"Not Affected","RIF_RL_500YR_2020":"Medium","RIF_RL_500YR_2040":"Medium","RIF_RL_500YR_2070":"Medium"}},{"type":"Feature","id":195,"geometry":{"type":"Point","coordinates":[-80.3122860137459,25.8686812804487]},"properties":{"OBJECTID_1":195,"OBJECTID":195,"HAZUSID":" ","Name":"LARKIN COMM HOSP PALM SPRINGS CAMPUS","Address":"1475 W 49TH ST","City":"HIALEAH","Zip":"33012","COUNTY":"Miami-Dade","X":-80.31228601,"Y":25.86868128,"LONGLAT":"-80.31228601,25.86868128","USNG":"17R NJ 68902 61321","OWNERSHIP":" ","PARCELID":" ","FACILITY_T":"HOSPITAL - ACUTE CARE","TTL_BEDS":247,"EFCLASS":"EFHL","Asset_Elevation":null,"Owned_Maintained":null,"Asset":"HOSPITAL - ACUTE CARE","Asset_Sub_Type":null,"Asset_Type":"Hospitals","Asset_Group":"Critical Community and Emergency Facilities","Asset_Relevancy":"Locally Significant","Asset_ID":"HOSP_PT_195","Municipality":"Hialeah","Water_Management_District":"South Florida Water Management District","Souce_Dataset_Entity":"FDEM","Souce_Dataset_Name":"Hospitals - FDEM","Source_Asset_ID":null,"Restricted_Public_Disclosure":null,"Notes":null,"Regional_Planning_Council":"South Florida","FDEP_Regulatory_District":"Southeast District","RCP_Region":"Southeast","FDOT_District":6,"House_District_Number":112,"Senate_District_Number":39,"CTF_RL_2020":"Not Affected","CTF_RL_2040_IL":"Not Affected","CTF_RL_2040_INT":"Not Affected","CTF_RL_2070_IL":"Not Affected","CTF_RL_2070_INT":"Not Affected","SSF_RL_100YR_CURR":"Not Affected","SSF_RL_100YR_2040_IL":"Not Affected","SSF_RL_100YR_2040_INT":"Not Affected","SSF_RL_100YR_2070_IL":"Low","SSF_RL_100YR_2070_INT":"Medium","SSF_RL_500YR_CURR":"Medium","SSF_RL_500YR_2040_IL":"Medium","SSF_RL_500YR_2040_INT":"Medium","SSF_RL_500YR_2070_IL":"High","SSF_RL_500YR_2070_INT":"High","RIF_RL_100YR_2020":"Medium","RIF_RL_100YR_2040":"Medium","RIF_RL_100YR_2070":"Medium","RIF_RL_500YR_2020":"Medium","RIF_RL_500YR_2040":"Medium","RIF_RL_500YR_2070":"Medium"}},{"type":"Feature","id":196,"geometry":{"type":"Point","coordinates":[-80.4300215102665,25.4800388522799]},"properties":{"OBJECTID_1":196,"OBJECTID":196,"HAZUSID":" ","Name":"HOMESTEAD HOSP","Address":"975 BAPTIST WAY","City":"HOMESTEAD","Zip":"33033","COUNTY":"Miami-Dade","X":-80.43002151,"Y":25.48003885,"LONGLAT":"-80.43002151,25.48003885","USNG":"17R NJ 57291 18226","OWNERSHIP":" ","PARCELID":" ","FACILITY_T":"HOSPITAL - ACUTE CARE","TTL_BEDS":142,"EFCLASS":"EFHL","Asset_Elevation":null,"Owned_Maintained":null,"Asset":"HOSPITAL - ACUTE CARE","Asset_Sub_Type":null,"Asset_Type":"Hospitals","Asset_Group":"Critical Community and Emergency Facilities","Asset_Relevancy":"Locally Significant","Asset_ID":"HOSP_PT_196","Municipality":"Homestead","Water_Management_District":"South Florida Water Management District","Souce_Dataset_Entity":"FDEM","Souce_Dataset_Name":"Hospitals - FDEM","Source_Asset_ID":null,"Restricted_Public_Disclosure":null,"Notes":null,"Regional_Planning_Council":"South Florida","FDEP_Regulatory_District":"Southeast District","RCP_Region":"Southeast","FDOT_District":6,"House_District_Number":120,"Senate_District_Number":40,"CTF_RL_2020":"Not Affected","CTF_RL_2040_IL":"Not Affected","CTF_RL_2040_INT":"Not Affected","CTF_RL_2070_IL":"Not Affected","CTF_RL_2070_INT":"Not Affected","SSF_RL_100YR_CURR":"Not Affected","SSF_RL_100YR_2040_IL":"Low","SSF_RL_100YR_2040_INT":"Low","SSF_RL_100YR_2070_IL":"Medium","SSF_RL_100YR_2070_INT":"Medium","SSF_RL_500YR_CURR":"High","SSF_RL_500YR_2040_IL":"High","SSF_RL_500YR_2040_INT":"High","SSF_RL_500YR_2070_IL":"High","SSF_RL_500YR_2070_INT":"High","RIF_RL_100YR_2020":"Not Affected","RIF_RL_100YR_2040":"Not Affected","RIF_RL_100YR_2070":"Not Affected","RIF_RL_500YR_2020":"Not Affected","RIF_RL_500YR_2040":"Not Affected","RIF_RL_500YR_2070":"Not Affected"}},{"type":"Feature","id":197,"geometry":{"type":"Point","coordinates":[-80.3323459995312,25.8992769992256]},"properties":{"OBJECTID_1":197,"OBJECTID":197,"HAZUSID":" ","Name":"PROMISE HOSP OF MIAMI","Address":"14001 NW 82ND AVE","City":"MIAMI LAKES","Zip":"33016","COUNTY":"Miami-Dade","X":-80.332346,"Y":25.899277,"LONGLAT":"-80.33234600,25.89927700","USNG":"17R NJ 66875 64699","OWNERSHIP":" ","PARCELID":" ","FACILITY_T":"HOSPITAL - ACUTE CARE","TTL_BEDS":60,"EFCLASS":"EFHM","Asset_Elevation":null,"Owned_Maintained":null,"Asset":"HOSPITAL - ACUTE CARE","Asset_Sub_Type":null,"Asset_Type":"Hospitals","Asset_Group":"Critical Community and Emergency Facilities","Asset_Relevancy":"Locally Significant","Asset_ID":"HOSP_PT_197","Municipality":"Miami Lakes","Water_Management_District":"South Florida Water Management District","Souce_Dataset_Entity":"FDEM","Souce_Dataset_Name":"Hospitals - FDEM","Source_Asset_ID":null,"Restricted_Public_Disclosure":null,"Notes":null,"Regional_Planning_Council":"South Florida","FDEP_Regulatory_District":"Southeast District","RCP_Region":"Southeast","FDOT_District":6,"House_District_Number":110,"Senate_District_Number":39,"CTF_RL_2020":"Not Affected","CTF_RL_2040_IL":"Not Affected","CTF_RL_2040_INT":"Not Affected","CTF_RL_2070_IL":"Not Affected","CTF_RL_2070_INT":"Not Affected","SSF_RL_100YR_CURR":"Not Affected","SSF_RL_100YR_2040_IL":"Low","SSF_RL_100YR_2040_INT":"Low","SSF_RL_100YR_2070_IL":"Medium","SSF_RL_100YR_2070_INT":"Medium","SSF_RL_500YR_CURR":"High","SSF_RL_500YR_2040_IL":"High","SSF_RL_500YR_2040_INT":"High","SSF_RL_500YR_2070_IL":"High","SSF_RL_500YR_2070_INT":"High","RIF_RL_100YR_2020":"High","RIF_RL_100YR_2040":"High","RIF_RL_100YR_2070":"High","RIF_RL_500YR_2020":"High","RIF_RL_500YR_2040":"High","RIF_RL_500YR_2070":"High"}},{"type":"Feature","id":198,"geometry":{"type":"Point","coordinates":[-80.2738820179324,25.7244207530826]},"properties":{"OBJECTID_1":198,"OBJECTID":198,"HAZUSID":" ","Name":"HEALTH SOUTH DOCTOR'S HOSP","Address":"5000 UNIVERSITY DR","City":"CORAL GABLES","Zip":"33146","COUNTY":"Miami-Dade","X":-80.27388202,"Y":25.72442075,"LONGLAT":"-80.27388202,25.72442075","USNG":"17R NJ 72838 45366","OWNERSHIP":" ","PARCELID":" ","FACILITY_T":"HOSPITAL - ACUTE CARE","TTL_BEDS":281,"EFCLASS":"EFHL","Asset_Elevation":null,"Owned_Maintained":null,"Asset":"HOSPITAL - ACUTE CARE","Asset_Sub_Type":null,"Asset_Type":"Hospitals","Asset_Group":"Critical Community and Emergency Facilities","Asset_Relevancy":"Locally Significant","Asset_ID":"HOSP_PT_198","Municipality":"Coral Gables","Water_Management_District":"South Florida Water Management District","Souce_Dataset_Entity":"FDEM","Souce_Dataset_Name":"Hospitals - FDEM","Source_Asset_ID":null,"Restricted_Public_Disclosure":null,"Notes":null,"Regional_Planning_Council":"South Florida","FDEP_Regulatory_District":"Southeast District","RCP_Region":"Southeast","FDOT_District":6,"House_District_Number":114,"Senate_District_Number":38,"CTF_RL_2020":"Not Affected","CTF_RL_2040_IL":"Not Affected","CTF_RL_2040_INT":"Not Affected","CTF_RL_2070_IL":"Not Affected","CTF_RL_2070_INT":"Not Affected","SSF_RL_100YR_CURR":"Not Affected","SSF_RL_100YR_2040_IL":"Not Affected","SSF_RL_100YR_2040_INT":"Not Affected","SSF_RL_100YR_2070_IL":"Not Affected","SSF_RL_100YR_2070_INT":"Low","SSF_RL_500YR_CURR":"Medium","SSF_RL_500YR_2040_IL":"Medium","SSF_RL_500YR_2040_INT":"Medium","SSF_RL_500YR_2070_IL":"High","SSF_RL_500YR_2070_INT":"High","RIF_RL_100YR_2020":"Medium","RIF_RL_100YR_2040":"Low","RIF_RL_100YR_2070":"Medium","RIF_RL_500YR_2020":"Medium","RIF_RL_500YR_2040":"Medium","RIF_RL_500YR_2070":"Medium"}},{"type":"Feature","id":199,"geometry":{"type":"Point","coordinates":[-80.2143731774482,25.859493279645]},"properties":{"OBJECTID_1":199,"OBJECTID":199,"HAZUSID":" ","Name":"NORTH SHORE MEDICAL CNTR","Address":"1100 NW 95TH ST","City":"MIAMI","Zip":"33150","COUNTY":"Miami-Dade","X":-80.21437318,"Y":25.85949328,"LONGLAT":"-80.21437318,25.85949328","USNG":"17R NJ 78718 60359","OWNERSHIP":" ","PARCELID":" ","FACILITY_T":"HOSPITAL - ACUTE CARE","TTL_BEDS":337,"EFCLASS":"EFHL","Asset_Elevation":null,"Owned_Maintained":null,"Asset":"HOSPITAL - ACUTE CARE","Asset_Sub_Type":null,"Asset_Type":"Hospitals","Asset_Group":"Critical Community and Emergency Facilities","Asset_Relevancy":"Locally Significant","Asset_ID":"HOSP_PT_199","Municipality":null,"Water_Management_District":"South Florida Water Management District","Souce_Dataset_Entity":"FDEM","Souce_Dataset_Name":"Hospitals - FDEM","Source_Asset_ID":null,"Restricted_Public_Disclosure":null,"Notes":null,"Regional_Planning_Council":"South Florida","FDEP_Regulatory_District":"Southeast District","RCP_Region":"Southeast","FDOT_District":6,"House_District_Number":108,"Senate_District_Number":34,"CTF_RL_2020":"Not Affected","CTF_RL_2040_IL":"Not Affected","CTF_RL_2040_INT":"Not Affected","CTF_RL_2070_IL":"Not Affected","CTF_RL_2070_INT":"Not Affected","SSF_RL_100YR_CURR":"Not Affected","SSF_RL_100YR_2040_IL":"Not Affected","SSF_RL_100YR_2040_INT":"Not Affected","SSF_RL_100YR_2070_IL":"Not Affected","SSF_RL_100YR_2070_INT":"Not Affected","SSF_RL_500YR_CURR":"Not Affected","SSF_RL_500YR_2040_IL":"Not Affected","SSF_RL_500YR_2040_INT":"Not Affected","SSF_RL_500YR_2070_IL":"Not Affected","SSF_RL_500YR_2070_INT":"Low","RIF_RL_100YR_2020":"Not Affected","RIF_RL_100YR_2040":"Not Affected","RIF_RL_100YR_2070":"Not Affected","RIF_RL_500YR_2020":"Not Affected","RIF_RL_500YR_2040":"Not Affected","RIF_RL_500YR_2070":"Not Affected"}},{"type":"Feature","id":200,"geometry":{"type":"Point","coordinates":[-80.2934851610903,25.7783427001788]},"properties":{"OBJECTID_1":200,"OBJECTID":200,"HAZUSID":" ","Name":"MIAMI MEDICAL CNTR, THE","Address":"5959 NW 7TH ST","City":"MIAMI","Zip":"33126","COUNTY":"Miami-Dade","X":-80.29348516,"Y":25.7783427,"LONGLAT":"-80.29348516,25.77834270","USNG":"17R NJ 70839 51327","OWNERSHIP":" ","PARCELID":" ","FACILITY_T":"HOSPITAL - ACUTE CARE","TTL_BEDS":69,"EFCLASS":"EFHM","Asset_Elevation":null,"Owned_Maintained":null,"Asset":"HOSPITAL - ACUTE CARE","Asset_Sub_Type":null,"Asset_Type":"Hospitals","Asset_Group":"Critical Community and Emergency Facilities","Asset_Relevancy":"Locally Significant","Asset_ID":"HOSP_PT_200","Municipality":"Miami","Water_Management_District":"South Florida Water Management District","Souce_Dataset_Entity":"FDEM","Souce_Dataset_Name":"Hospitals - FDEM","Source_Asset_ID":null,"Restricted_Public_Disclosure":null,"Notes":null,"Regional_Planning_Council":"South Florida","FDEP_Regulatory_District":"Southeast District","RCP_Region":"Southeast","FDOT_District":6,"House_District_Number":114,"Senate_District_Number":36,"CTF_RL_2020":"Not Affected","CTF_RL_2040_IL":"Not Affected","CTF_RL_2040_INT":"Not Affected","CTF_RL_2070_IL":"Not Affected","CTF_RL_2070_INT":"Not Affected","SSF_RL_100YR_CURR":"Medium","SSF_RL_100YR_2040_IL":"Medium","SSF_RL_100YR_2040_INT":"Medium","SSF_RL_100YR_2070_IL":"High","SSF_RL_100YR_2070_INT":"High","SSF_RL_500YR_CURR":"Medium","SSF_RL_500YR_2040_IL":"High","SSF_RL_500YR_2040_INT":"High","SSF_RL_500YR_2070_IL":"High","SSF_RL_500YR_2070_INT":"High","RIF_RL_100YR_2020":"Not Affected","RIF_RL_100YR_2040":"Low","RIF_RL_100YR_2070":"Low","RIF_RL_500YR_2020":"Medium","RIF_RL_500YR_2040":"Medium","RIF_RL_500YR_2070":"Medium"}},{"type":"Feature","id":201,"geometry":{"type":"Point","coordinates":[-80.3215228558028,25.8603707232101]},"properties":{"OBJECTID_1":201,"OBJECTID":201,"HAZUSID":" ","Name":"SOUTHERN WINDS HOSPITAL","Address":"4225 W 20TH AVE","City":"HIALEAH","Zip":"33012","COUNTY":"Miami-Dade","X":-80.32152286,"Y":25.86037072,"LONGLAT":"-80.32152286,25.86037072","USNG":"17R NJ 67981 60396","OWNERSHIP":" ","PARCELID":" ","FACILITY_T":"HOSPITAL - ACUTE CARE","TTL_BEDS":72,"EFCLASS":"EFHM","Asset_Elevation":null,"Owned_Maintained":null,"Asset":"HOSPITAL - ACUTE CARE","Asset_Sub_Type":null,"Asset_Type":"Hospitals","Asset_Group":"Critical Community and Emergency Facilities","Asset_Relevancy":"Locally Significant","Asset_ID":"HOSP_PT_201","Municipality":"Hialeah","Water_Management_District":"South Florida Water Management District","Souce_Dataset_Entity":"FDEM","Souce_Dataset_Name":"Hospitals - FDEM","Source_Asset_ID":null,"Restricted_Public_Disclosure":null,"Notes":null,"Regional_Planning_Council":"South Florida","FDEP_Regulatory_District":"Southeast District","RCP_Region":"Southeast","FDOT_District":6,"House_District_Number":112,"Senate_District_Number":39,"CTF_RL_2020":"Not Affected","CTF_RL_2040_IL":"Not Affected","CTF_RL_2040_INT":"Not Affected","CTF_RL_2070_IL":"Not Affected","CTF_RL_2070_INT":"Not Affected","SSF_RL_100YR_CURR":"Not Affected","SSF_RL_100YR_2040_IL":"Not Affected","SSF_RL_100YR_2040_INT":"Not Affected","SSF_RL_100YR_2070_IL":"Not Affected","SSF_RL_100YR_2070_INT":"Low","SSF_RL_500YR_CURR":"Not Affected","SSF_RL_500YR_2040_IL":"Low","SSF_RL_500YR_2040_INT":"Low","SSF_RL_500YR_2070_IL":"Medium","SSF_RL_500YR_2070_INT":"Medium","RIF_RL_100YR_2020":"Not Affected","RIF_RL_100YR_2040":"Not Affected","RIF_RL_100YR_2070":"Not Affected","RIF_RL_500YR_2020":"Not Affected","RIF_RL_500YR_2040":"Not Affected","RIF_RL_500YR_2070":"Not Affected"}},{"type":"Feature","id":202,"geometry":{"type":"Point","coordinates":[-80.3860596657392,25.7308368502733]},"properties":{"OBJECTID_1":202,"OBJECTID":202,"HAZUSID":" ","Name":"KENDALL REGIONAL MED CNTR","Address":"11750 BIRD RD","City":"MIAMI","Zip":"33175","COUNTY":"Miami-Dade","X":-80.38605967,"Y":25.73083685,"LONGLAT":"-80.38605967,25.73083685","USNG":"17R NJ 61581 46019","OWNERSHIP":" ","PARCELID":" ","FACILITY_T":"HOSPITAL - TRAUMA","TTL_BEDS":417,"EFCLASS":"EFHL","Asset_Elevation":null,"Owned_Maintained":null,"Asset":"HOSPITAL - TRAUMA","Asset_Sub_Type":null,"Asset_Type":"Hospitals","Asset_Group":"Critical Community and Emergency Facilities","Asset_Relevancy":"Locally Significant","Asset_ID":"HOSP_PT_202","Municipality":null,"Water_Management_District":"South Florida Water Management District","Souce_Dataset_Entity":"FDEM","Souce_Dataset_Name":"Hospitals - FDEM","Source_Asset_ID":null,"Restricted_Public_Disclosure":null,"Notes":null,"Regional_Planning_Council":"South Florida","FDEP_Regulatory_District":"Southeast District","RCP_Region":"Southeast","FDOT_District":6,"House_District_Number":118,"Senate_District_Number":40,"CTF_RL_2020":"Not Affected","CTF_RL_2040_IL":"Not Affected","CTF_RL_2040_INT":"Not Affected","CTF_RL_2070_IL":"Not Affected","CTF_RL_2070_INT":"Not Affected","SSF_RL_100YR_CURR":"Not Affected","SSF_RL_100YR_2040_IL":"Not Affected","SSF_RL_100YR_2040_INT":"Not Affected","SSF_RL_100YR_2070_IL":"Not Affected","SSF_RL_100YR_2070_INT":"Not Affected","SSF_RL_500YR_CURR":"Not Affected","SSF_RL_500YR_2040_IL":"Not Affected","SSF_RL_500YR_2040_INT":"Not Affected","SSF_RL_500YR_2070_IL":"Not Affected","SSF_RL_500YR_2070_INT":"Not Affected","RIF_RL_100YR_2020":"High","RIF_RL_100YR_2040":"High","RIF_RL_100YR_2070":"High","RIF_RL_500YR_2020":"High","RIF_RL_500YR_2040":"High","RIF_RL_500YR_2070":"High"}},{"type":"Feature","id":203,"geometry":{"type":"Point","coordinates":[-80.3446745066746,25.6299056646298]},"properties":{"OBJECTID_1":203,"OBJECTID":203,"HAZUSID":" ","Name":"JACKSON SOUTH COMM HOSP","Address":"9333 SW 152ND ST","City":"MIAMI","Zip":"33157","COUNTY":"Miami-Dade","X":-80.34467451,"Y":25.62990567,"LONGLAT":"-80.34467451,25.62990567","USNG":"17R NJ 65788 34862","OWNERSHIP":" ","PARCELID":" ","FACILITY_T":"HOSPITAL - ACUTE CARE","TTL_BEDS":226,"EFCLASS":"EFHL","Asset_Elevation":null,"Owned_Maintained":null,"Asset":"HOSPITAL - ACUTE CARE","Asset_Sub_Type":null,"Asset_Type":"Hospitals","Asset_Group":"Critical Community and Emergency Facilities","Asset_Relevancy":"Locally Significant","Asset_ID":"HOSP_PT_203","Municipality":null,"Water_Management_District":"South Florida Water Management District","Souce_Dataset_Entity":"FDEM","Souce_Dataset_Name":"Hospitals - FDEM","Source_Asset_ID":null,"Restricted_Public_Disclosure":null,"Notes":null,"Regional_Planning_Council":"South Florida","FDEP_Regulatory_District":"Southeast District","RCP_Region":"Southeast","FDOT_District":6,"House_District_Number":115,"Senate_District_Number":38,"CTF_RL_2020":"Not Affected","CTF_RL_2040_IL":"Not Affected","CTF_RL_2040_INT":"Not Affected","CTF_RL_2070_IL":"Not Affected","CTF_RL_2070_INT":"Not Affected","SSF_RL_100YR_CURR":"Not Affected","SSF_RL_100YR_2040_IL":"Not Affected","SSF_RL_100YR_2040_INT":"Not Affected","SSF_RL_100YR_2070_IL":"Not Affected","SSF_RL_100YR_2070_INT":"Not Affected","SSF_RL_500YR_CURR":"Not Affected","SSF_RL_500YR_2040_IL":"Not Affected","SSF_RL_500YR_2040_INT":"Not Affected","SSF_RL_500YR_2070_IL":"Not Affected","SSF_RL_500YR_2070_INT":"Not Affected","RIF_RL_100YR_2020":"Not Affected","RIF_RL_100YR_2040":"Not Affected","RIF_RL_100YR_2070":"Not Affected","RIF_RL_500YR_2020":"Not Affected","RIF_RL_500YR_2040":"Not Affected","RIF_RL_500YR_2070":"Not Affected"}},{"type":"Feature","id":204,"geometry":{"type":"Point","coordinates":[-80.3405113619662,25.8761966520392]},"properties":{"OBJECTID_1":204,"OBJECTID":204,"HAZUSID":" ","Name":"HELPING HANDS EXTENDED CARE","Address":"11300 NW 87TH CT SUITE 162-164","City":"HIALEH GARDENS","Zip":"33018","COUNTY":"Miami-Dade","X":-80.34051136,"Y":25.87619665,"LONGLAT":"-80.34051136,25.87619665","USNG":"17R NJ 66070 62139","OWNERSHIP":" ","PARCELID":" ","FACILITY_T":"HOSPITAL - PEDIATRIC","TTL_BEDS":20,"EFCLASS":"EFHS","Asset_Elevation":null,"Owned_Maintained":null,"Asset":"HOSPITAL - PEDIATRIC","Asset_Sub_Type":null,"Asset_Type":"Hospitals","Asset_Group":"Critical Community and Emergency Facilities","Asset_Relevancy":"Locally Significant","Asset_ID":"HOSP_PT_204","Municipality":"Hialeah Gardens","Water_Management_District":"South Florida Water Management District","Souce_Dataset_Entity":"FDEM","Souce_Dataset_Name":"Hospitals - FDEM","Source_Asset_ID":null,"Restricted_Public_Disclosure":null,"Notes":null,"Regional_Planning_Council":"South Florida","FDEP_Regulatory_District":"Southeast District","RCP_Region":"Southeast","FDOT_District":6,"House_District_Number":111,"Senate_District_Number":39,"CTF_RL_2020":"Not Affected","CTF_RL_2040_IL":"Not Affected","CTF_RL_2040_INT":"Not Affected","CTF_RL_2070_IL":"Not Affected","CTF_RL_2070_INT":"Not Affected","SSF_RL_100YR_CURR":"Not Affected","SSF_RL_100YR_2040_IL":"Medium","SSF_RL_100YR_2040_INT":"Medium","SSF_RL_100YR_2070_IL":"Medium","SSF_RL_100YR_2070_INT":"Medium","SSF_RL_500YR_CURR":"High","SSF_RL_500YR_2040_IL":"High","SSF_RL_500YR_2040_INT":"High","SSF_RL_500YR_2070_IL":"High","SSF_RL_500YR_2070_INT":"High","RIF_RL_100YR_2020":"Medium","RIF_RL_100YR_2040":"Medium","RIF_RL_100YR_2070":"Medium","RIF_RL_500YR_2020":"High","RIF_RL_500YR_2040":"High","RIF_RL_500YR_2070":"High"}},{"type":"Feature","id":205,"geometry":{"type":"Point","coordinates":[-80.2548040442385,25.7436054734117]},"properties":{"OBJECTID_1":205,"OBJECTID":205,"HAZUSID":" ","Name":"CORAL GABLES HOSPI","Address":"3100 DOUGLAS RD","City":"CORAL GABLES","Zip":"33134","COUNTY":"Miami-Dade","X":-80.25480404,"Y":25.74360547,"LONGLAT":"-80.25480404,25.74360547","USNG":"17R NJ 74739 47501","OWNERSHIP":" ","PARCELID":" ","FACILITY_T":"HOSPITAL - ACUTE CARE","TTL_BEDS":245,"EFCLASS":"EFHL","Asset_Elevation":null,"Owned_Maintained":null,"Asset":"HOSPITAL - ACUTE CARE","Asset_Sub_Type":null,"Asset_Type":"Hospitals","Asset_Group":"Critical Community and Emergency Facilities","Asset_Relevancy":"Locally Significant","Asset_ID":"HOSP_PT_205","Municipality":"Coral Gables","Water_Management_District":"South Florida Water Management District","Souce_Dataset_Entity":"FDEM","Souce_Dataset_Name":"Hospitals - FDEM","Source_Asset_ID":null,"Restricted_Public_Disclosure":null,"Notes":null,"Regional_Planning_Council":"South Florida","FDEP_Regulatory_District":"Southeast District","RCP_Region":"Southeast","FDOT_District":6,"House_District_Number":114,"Senate_District_Number":36,"CTF_RL_2020":"Not Affected","CTF_RL_2040_IL":"Not Affected","CTF_RL_2040_INT":"Not Affected","CTF_RL_2070_IL":"Not Affected","CTF_RL_2070_INT":"Not Affected","SSF_RL_100YR_CURR":"Not Affected","SSF_RL_100YR_2040_IL":"Not Affected","SSF_RL_100YR_2040_INT":"Not Affected","SSF_RL_100YR_2070_IL":"Not Affected","SSF_RL_100YR_2070_INT":"Not Affected","SSF_RL_500YR_CURR":"Not Affected","SSF_RL_500YR_2040_IL":"Not Affected","SSF_RL_500YR_2040_INT":"Not Affected","SSF_RL_500YR_2070_IL":"Medium","SSF_RL_500YR_2070_INT":"Medium","RIF_RL_100YR_2020":"Not Affected","RIF_RL_100YR_2040":"Not Affected","RIF_RL_100YR_2070":"Not Affected","RIF_RL_500YR_2020":"Medium","RIF_RL_500YR_2040":"Medium","RIF_RL_500YR_2070":"Medium"}},{"type":"Feature","id":206,"geometry":{"type":"Point","coordinates":[-80.293154230624,25.7056123445561]},"properties":{"OBJECTID_1":206,"OBJECTID":206,"HAZUSID":" ","Name":"LARKIN COMMUNITY HOSPITAL","Address":"7031 SW 62ND AVE","City":"SOUTH MIAMI","Zip":"33143","COUNTY":"Miami-Dade","X":-80.29315423,"Y":25.70561235,"LONGLAT":"-80.29315423,25.70561235","USNG":"17R NJ 70915 43272","OWNERSHIP":" ","PARCELID":" ","FACILITY_T":"HOSPITAL - ACUTE CARE","TTL_BEDS":146,"EFCLASS":"EFHL","Asset_Elevation":null,"Owned_Maintained":null,"Asset":"HOSPITAL - ACUTE CARE","Asset_Sub_Type":null,"Asset_Type":"Hospitals","Asset_Group":"Critical Community and Emergency Facilities","Asset_Relevancy":"Locally Significant","Asset_ID":"HOSP_PT_206","Municipality":"South Miami","Water_Management_District":"South Florida Water Management District","Souce_Dataset_Entity":"FDEM","Souce_Dataset_Name":"Hospitals - FDEM","Source_Asset_ID":null,"Restricted_Public_Disclosure":null,"Notes":null,"Regional_Planning_Council":"South Florida","FDEP_Regulatory_District":"Southeast District","RCP_Region":"Southeast","FDOT_District":6,"House_District_Number":114,"Senate_District_Number":38,"CTF_RL_2020":"Not Affected","CTF_RL_2040_IL":"Not Affected","CTF_RL_2040_INT":"Not Affected","CTF_RL_2070_IL":"Not Affected","CTF_RL_2070_INT":"Not Affected","SSF_RL_100YR_CURR":"Not Affected","SSF_RL_100YR_2040_IL":"Not Affected","SSF_RL_100YR_2040_INT":"Not Affected","SSF_RL_100YR_2070_IL":"Not Affected","SSF_RL_100YR_2070_INT":"Not Affected","SSF_RL_500YR_CURR":"Not Affected","SSF_RL_500YR_2040_IL":"Not Affected","SSF_RL_500YR_2040_INT":"Not Affected","SSF_RL_500YR_2070_IL":"Not Affected","SSF_RL_500YR_2070_INT":"Not Affected","RIF_RL_100YR_2020":"Not Affected","RIF_RL_100YR_2040":"Not Affected","RIF_RL_100YR_2070":"Not Affected","RIF_RL_500YR_2020":"Not Affected","RIF_RL_500YR_2040":"Not Affected","RIF_RL_500YR_2070":"Not Affected"}},{"type":"Feature","id":207,"geometry":{"type":"Point","coordinates":[-80.2159445954751,25.7886958502927]},"properties":{"OBJECTID_1":207,"OBJECTID":207,"HAZUSID":" ","Name":"U OF M HOSPITAL","Address":"1400 NW 12TH AVE","City":"MIAMI","Zip":"33136","COUNTY":"Miami-Dade","X":-80.2159446,"Y":25.78869585,"LONGLAT":"-80.21594460,25.78869585","USNG":"17R NJ 78607 52517","OWNERSHIP":" ","PARCELID":" ","FACILITY_T":"HOSPITAL - ACUTE CARE","TTL_BEDS":560,"EFCLASS":"EFHL","Asset_Elevation":null,"Owned_Maintained":null,"Asset":"HOSPITAL - ACUTE CARE","Asset_Sub_Type":null,"Asset_Type":"Hospitals","Asset_Group":"Critical Community and Emergency Facilities","Asset_Relevancy":"Locally Significant","Asset_ID":"HOSP_PT_207","Municipality":"Miami","Water_Management_District":"South Florida Water Management District","Souce_Dataset_Entity":"FDEM","Souce_Dataset_Name":"Hospitals - FDEM","Source_Asset_ID":null,"Restricted_Public_Disclosure":null,"Notes":null,"Regional_Planning_Council":"South Florida","FDEP_Regulatory_District":"Southeast District","RCP_Region":"Southeast","FDOT_District":6,"House_District_Number":109,"Senate_District_Number":36,"CTF_RL_2020":"Not Affected","CTF_RL_2040_IL":"Not Affected","CTF_RL_2040_INT":"Not Affected","CTF_RL_2070_IL":"Not Affected","CTF_RL_2070_INT":"Not Affected","SSF_RL_100YR_CURR":"Not Affected","SSF_RL_100YR_2040_IL":"Not Affected","SSF_RL_100YR_2040_INT":"Not Affected","SSF_RL_100YR_2070_IL":"Low","SSF_RL_100YR_2070_INT":"Medium","SSF_RL_500YR_CURR":"Medium","SSF_RL_500YR_2040_IL":"Medium","SSF_RL_500YR_2040_INT":"Medium","SSF_RL_500YR_2070_IL":"High","SSF_RL_500YR_2070_INT":"High","RIF_RL_100YR_2020":"Not Affected","RIF_RL_100YR_2040":"Not Affected","RIF_RL_100YR_2070":"Not Affected","RIF_RL_500YR_2020":"Not Affected","RIF_RL_500YR_2040":"Not Affected","RIF_RL_500YR_2070":"Not Affected"}},{"type":"Feature","id":208,"geometry":{"type":"Point","coordinates":[-80.2133873635295,25.7404613327139]},"properties":{"OBJECTID_1":208,"OBJECTID":208,"HAZUSID":" ","Name":"MERCY HOSP/CAMPUS OF PLANTATION GEN","Address":"3663 S MIAMI AVE","City":"MIAMI","Zip":"33133","COUNTY":"Miami-Dade","X":-80.21338736,"Y":25.74046133,"LONGLAT":"-80.21338736,25.74046133","USNG":"17R NJ 78896 47177","OWNERSHIP":" ","PARCELID":" ","FACILITY_T":"HOSPITAL - ACUTE CARE","TTL_BEDS":488,"EFCLASS":"EFHL","Asset_Elevation":null,"Owned_Maintained":null,"Asset":"HOSPITAL - ACUTE CARE","Asset_Sub_Type":null,"Asset_Type":"Hospitals","Asset_Group":"Critical Community and Emergency Facilities","Asset_Relevancy":"Locally Significant","Asset_ID":"HOSP_PT_208","Municipality":"Miami","Water_Management_District":"South Florida Water Management District","Souce_Dataset_Entity":"FDEM","Souce_Dataset_Name":"Hospitals - FDEM","Source_Asset_ID":null,"Restricted_Public_Disclosure":null,"Notes":null,"Regional_Planning_Council":"South Florida","FDEP_Regulatory_District":"Southeast District","RCP_Region":"Southeast","FDOT_District":6,"House_District_Number":113,"Senate_District_Number":38,"CTF_RL_2020":"Not Affected","CTF_RL_2040_IL":"Not Affected","CTF_RL_2040_INT":"Not Affected","CTF_RL_2070_IL":"Not Affected","CTF_RL_2070_INT":"Not Affected","SSF_RL_100YR_CURR":"Not Affected","SSF_RL_100YR_2040_IL":"Not Affected","SSF_RL_100YR_2040_INT":"Low","SSF_RL_100YR_2070_IL":"Medium","SSF_RL_100YR_2070_INT":"Medium","SSF_RL_500YR_CURR":"High","SSF_RL_500YR_2040_IL":"High","SSF_RL_500YR_2040_INT":"High","SSF_RL_500YR_2070_IL":"High","SSF_RL_500YR_2070_INT":"High","RIF_RL_100YR_2020":"Not Affected","RIF_RL_100YR_2040":"Not Affected","RIF_RL_100YR_2070":"Not Affected","RIF_RL_500YR_2020":"Not Affected","RIF_RL_500YR_2040":"Not Affected","RIF_RL_500YR_2070":"Not Affected"}},{"type":"Feature","id":209,"geometry":{"type":"Point","coordinates":[-80.2939031711015,25.7033211643722]},"properties":{"OBJECTID_1":209,"OBJECTID":209,"HAZUSID":" ","Name":"SOUTH MIAMI HOSPITAL","Address":"6200 SW 73RD ST","City":"SOUTH MIAMI","Zip":"33143","COUNTY":"Miami-Dade","X":-80.29390317,"Y":25.70332116,"LONGLAT":"-80.29390317,25.70332116","USNG":"17R NJ 70842 43018","OWNERSHIP":" ","PARCELID":" ","FACILITY_T":"HOSPITAL - ACUTE CARE","TTL_BEDS":453,"EFCLASS":"EFHL","Asset_Elevation":null,"Owned_Maintained":null,"Asset":"HOSPITAL - ACUTE CARE","Asset_Sub_Type":null,"Asset_Type":"Hospitals","Asset_Group":"Critical Community and Emergency Facilities","Asset_Relevancy":"Locally Significant","Asset_ID":"HOSP_PT_209","Municipality":"South Miami","Water_Management_District":"South Florida Water Management District","Souce_Dataset_Entity":"FDEM","Souce_Dataset_Name":"Hospitals - FDEM","Source_Asset_ID":null,"Restricted_Public_Disclosure":null,"Notes":null,"Regional_Planning_Council":"South Florida","FDEP_Regulatory_District":"Southeast District","RCP_Region":"Southeast","FDOT_District":6,"House_District_Number":114,"Senate_District_Number":38,"CTF_RL_2020":"Not Affected","CTF_RL_2040_IL":"Not Affected","CTF_RL_2040_INT":"Not Affected","CTF_RL_2070_IL":"Not Affected","CTF_RL_2070_INT":"Not Affected","SSF_RL_100YR_CURR":"Not Affected","SSF_RL_100YR_2040_IL":"Not Affected","SSF_RL_100YR_2040_INT":"Not Affected","SSF_RL_100YR_2070_IL":"Not Affected","SSF_RL_100YR_2070_INT":"Not Affected","SSF_RL_500YR_CURR":"Not Affected","SSF_RL_500YR_2040_IL":"Not Affected","SSF_RL_500YR_2040_INT":"Not Affected","SSF_RL_500YR_2070_IL":"Not Affected","SSF_RL_500YR_2070_INT":"Not Affected","RIF_RL_100YR_2020":"Not Affected","RIF_RL_100YR_2040":"Not Affected","RIF_RL_100YR_2070":"Not Affected","RIF_RL_500YR_2020":"Not Affected","RIF_RL_500YR_2040":"Not Affected","RIF_RL_500YR_2070":"Not Affected"}},{"type":"Feature","id":210,"geometry":{"type":"Point","coordinates":[-80.3267042130227,25.8860420818483]},"properties":{"OBJECTID_1":210,"OBJECTID":210,"HAZUSID":" ","Name":"PALMETTO GENERAL HOSP","Address":"2001 W 68TH ST","City":"HIALEAH","Zip":"33016","COUNTY":"Miami-Dade","X":-80.32670421,"Y":25.88604208,"LONGLAT":"-80.32670421,25.88604208","USNG":"17R NJ 67447 63236","OWNERSHIP":" ","PARCELID":" ","FACILITY_T":"HOSPITAL - ACUTE CARE","TTL_BEDS":368,"EFCLASS":"EFHL","Asset_Elevation":null,"Owned_Maintained":null,"Asset":"HOSPITAL - ACUTE CARE","Asset_Sub_Type":null,"Asset_Type":"Hospitals","Asset_Group":"Critical Community and Emergency Facilities","Asset_Relevancy":"Locally Significant","Asset_ID":"HOSP_PT_210","Municipality":"Hialeah","Water_Management_District":"South Florida Water Management District","Souce_Dataset_Entity":"FDEM","Souce_Dataset_Name":"Hospitals - FDEM","Source_Asset_ID":null,"Restricted_Public_Disclosure":null,"Notes":null,"Regional_Planning_Council":"South Florida","FDEP_Regulatory_District":"Southeast District","RCP_Region":"Southeast","FDOT_District":6,"House_District_Number":111,"Senate_District_Number":39,"CTF_RL_2020":"Not Affected","CTF_RL_2040_IL":"Not Affected","CTF_RL_2040_INT":"Not Affected","CTF_RL_2070_IL":"Not Affected","CTF_RL_2070_INT":"Not Affected","SSF_RL_100YR_CURR":"Not Affected","SSF_RL_100YR_2040_IL":"Not Affected","SSF_RL_100YR_2040_INT":"Not Affected","SSF_RL_100YR_2070_IL":"Not Affected","SSF_RL_100YR_2070_INT":"Not Affected","SSF_RL_500YR_CURR":"Not Affected","SSF_RL_500YR_2040_IL":"Not Affected","SSF_RL_500YR_2040_INT":"Not Affected","SSF_RL_500YR_2070_IL":"Not Affected","SSF_RL_500YR_2070_INT":"Not Affected","RIF_RL_100YR_2020":"Not Affected","RIF_RL_100YR_2040":"Not Affected","RIF_RL_100YR_2070":"Not Affected","RIF_RL_500YR_2020":"Not Affected","RIF_RL_500YR_2040":"Not Affected","RIF_RL_500YR_2070":"Not Affected"}},{"type":"Feature","id":211,"geometry":{"type":"Point","coordinates":[-80.2167569342481,25.7912448584269]},"properties":{"OBJECTID_1":211,"OBJECTID":211,"HAZUSID":" ","Name":"MIAMI VA MEDICAL CENTER","Address":"1201 NW 16TH ST","City":"MIAMI","Zip":"33744","COUNTY":"Miami-Dade","X":-80.21675693,"Y":25.79124486,"LONGLAT":"-80.21675693,25.79124486","USNG":"17R NJ 78524 52799","OWNERSHIP":" ","PARCELID":" ","FACILITY_T":"HOSPITAL - VA","TTL_BEDS":432,"EFCLASS":"EFHL","Asset_Elevation":null,"Owned_Maintained":null,"Asset":"HOSPITAL - VA","Asset_Sub_Type":null,"Asset_Type":"Hospitals","Asset_Group":"Critical Community and Emergency Facilities","Asset_Relevancy":"Locally Significant","Asset_ID":"HOSP_PT_211","Municipality":"Miami","Water_Management_District":"South Florida Water Management District","Souce_Dataset_Entity":"FDEM","Souce_Dataset_Name":"Hospitals - FDEM","Source_Asset_ID":null,"Restricted_Public_Disclosure":null,"Notes":null,"Regional_Planning_Council":"South Florida","FDEP_Regulatory_District":"Southeast District","RCP_Region":"Southeast","FDOT_District":6,"House_District_Number":109,"Senate_District_Number":36,"CTF_RL_2020":"Not Affected","CTF_RL_2040_IL":"Not Affected","CTF_RL_2040_INT":"Not Affected","CTF_RL_2070_IL":"Not Affected","CTF_RL_2070_INT":"Not Affected","SSF_RL_100YR_CURR":"Not Affected","SSF_RL_100YR_2040_IL":"Not Affected","SSF_RL_100YR_2040_INT":"Not Affected","SSF_RL_100YR_2070_IL":"Not Affected","SSF_RL_100YR_2070_INT":"Not Affected","SSF_RL_500YR_CURR":"Not Affected","SSF_RL_500YR_2040_IL":"Not Affected","SSF_RL_500YR_2040_INT":"Not Affected","SSF_RL_500YR_2070_IL":"Not Affected","SSF_RL_500YR_2070_INT":"Not Affected","RIF_RL_100YR_2020":"Not Affected","RIF_RL_100YR_2040":"Not Affected","RIF_RL_100YR_2070":"Not Affected","RIF_RL_500YR_2020":"Not Affected","RIF_RL_500YR_2040":"Low","RIF_RL_500YR_2070":"Low"}},{"type":"Feature","id":212,"geometry":{"type":"Point","coordinates":[-80.1453200225406,25.9696093653581]},"properties":{"OBJECTID_1":212,"OBJECTID":212,"HAZUSID":" ","Name":"AVENTURA HOSP AND MED CENT","Address":"20900 BISCAYNE BLVD","City":"AVENTURA","Zip":"33180","COUNTY":"Miami-Dade","X":-80.14532002,"Y":25.96960937,"LONGLAT":"-80.14532002,25.96960937","USNG":"17R NJ 85558 72597","OWNERSHIP":" ","PARCELID":" ","FACILITY_T":"HOSPITAL - TRAUMA","TTL_BEDS":407,"EFCLASS":"EFHL","Asset_Elevation":null,"Owned_Maintained":null,"Asset":"HOSPITAL - TRAUMA","Asset_Sub_Type":null,"Asset_Type":"Hospitals","Asset_Group":"Critical Community and Emergency Facilities","Asset_Relevancy":"Locally Significant","Asset_ID":"HOSP_PT_212","Municipality":"Aventura","Water_Management_District":"South Florida Water Management District","Souce_Dataset_Entity":"FDEM","Souce_Dataset_Name":"Hospitals - FDEM","Source_Asset_ID":null,"Restricted_Public_Disclosure":null,"Notes":null,"Regional_Planning_Council":"South Florida","FDEP_Regulatory_District":"Southeast District","RCP_Region":"Southeast","FDOT_District":6,"House_District_Number":106,"Senate_District_Number":37,"CTF_RL_2020":"Not Affected","CTF_RL_2040_IL":"Not Affected","CTF_RL_2040_INT":"Not Affected","CTF_RL_2070_IL":"Not Affected","CTF_RL_2070_INT":"Not Affected","SSF_RL_100YR_CURR":"Not Affected","SSF_RL_100YR_2040_IL":"Not Affected","SSF_RL_100YR_2040_INT":"Not Affected","SSF_RL_100YR_2070_IL":"Not Affected","SSF_RL_100YR_2070_INT":"Medium","SSF_RL_500YR_CURR":"Medium","SSF_RL_500YR_2040_IL":"Medium","SSF_RL_500YR_2040_INT":"Medium","SSF_RL_500YR_2070_IL":"Medium","SSF_RL_500YR_2070_INT":"High","RIF_RL_100YR_2020":"Not Affected","RIF_RL_100YR_2040":"Not Affected","RIF_RL_100YR_2070":"Not Affected","RIF_RL_500YR_2020":"Not Affected","RIF_RL_500YR_2040":"Not Affected","RIF_RL_500YR_2070":"Not Affected"}},{"type":"Feature","id":213,"geometry":{"type":"Point","coordinates":[-80.2944611112153,25.7414256430307]},"properties":{"OBJECTID_1":213,"OBJECTID":213,"HAZUSID":" ","Name":"NICKLAUS CHILDREN'S HOSP","Address":"3100 SW 62ND AVE","City":"MIAMI","Zip":"33155","COUNTY":"Miami-Dade","X":-80.29446111,"Y":25.74142564,"LONGLAT":"-80.29446111,25.74142564","USNG":"17R NJ 70763 47238","OWNERSHIP":" ","PARCELID":" ","FACILITY_T":"HOSPITAL - TRAUMA","TTL_BEDS":289,"EFCLASS":"EFHL","Asset_Elevation":null,"Owned_Maintained":null,"Asset":"HOSPITAL - TRAUMA","Asset_Sub_Type":null,"Asset_Type":"Hospitals","Asset_Group":"Critical Community and Emergency Facilities","Asset_Relevancy":"Locally Significant","Asset_ID":"HOSP_PT_213","Municipality":null,"Water_Management_District":"South Florida Water Management District","Souce_Dataset_Entity":"FDEM","Souce_Dataset_Name":"Hospitals - FDEM","Source_Asset_ID":null,"Restricted_Public_Disclosure":null,"Notes":null,"Regional_Planning_Council":"South Florida","FDEP_Regulatory_District":"Southeast District","RCP_Region":"Southeast","FDOT_District":6,"House_District_Number":114,"Senate_District_Number":36,"CTF_RL_2020":"Not Affected","CTF_RL_2040_IL":"Not Affected","CTF_RL_2040_INT":"Not Affected","CTF_RL_2070_IL":"Not Affected","CTF_RL_2070_INT":"Not Affected","SSF_RL_100YR_CURR":"Not Affected","SSF_RL_100YR_2040_IL":"Not Affected","SSF_RL_100YR_2040_INT":"Not Affected","SSF_RL_100YR_2070_IL":"Not Affected","SSF_RL_100YR_2070_INT":"Not Affected","SSF_RL_500YR_CURR":"Not Affected","SSF_RL_500YR_2040_IL":"Low","SSF_RL_500YR_2040_INT":"Medium","SSF_RL_500YR_2070_IL":"Medium","SSF_RL_500YR_2070_INT":"Medium","RIF_RL_100YR_2020":"Not Affected","RIF_RL_100YR_2040":"Not Affected","RIF_RL_100YR_2070":"Not Affected","RIF_RL_500YR_2020":"Not Affected","RIF_RL_500YR_2040":"Not Affected","RIF_RL_500YR_2070":"Not Affected"}},{"type":"Feature","id":214,"geometry":{"type":"Point","coordinates":[-80.2132574492675,25.7918426909871]},"properties":{"OBJECTID_1":214,"OBJECTID":214,"HAZUSID":" ","Name":"Jackson Memorial Hospital","Address":"1611 NW 12TH AVE","City":"MIAMI","Zip":"33136","COUNTY":"Miami-Dade","X":-80.21325745,"Y":25.79184269,"LONGLAT":"-80.21325745,25.79184269","USNG":"17R NJ 78875 52867","OWNERSHIP":" ","PARCELID":" ","FACILITY_T":"HOSPITAL - TRAUMA","TTL_BEDS":1493,"EFCLASS":"EFHL","Asset_Elevation":null,"Owned_Maintained":null,"Asset":"HOSPITAL - TRAUMA","Asset_Sub_Type":null,"Asset_Type":"Hospitals","Asset_Group":"Critical Community and Emergency Facilities","Asset_Relevancy":"Locally Significant","Asset_ID":"HOSP_PT_214","Municipality":"Miami","Water_Management_District":"South Florida Water Management District","Souce_Dataset_Entity":"FDEM","Souce_Dataset_Name":"Hospitals - FDEM","Source_Asset_ID":null,"Restricted_Public_Disclosure":null,"Notes":null,"Regional_Planning_Council":"South Florida","FDEP_Regulatory_District":"Southeast District","RCP_Region":"Southeast","FDOT_District":6,"House_District_Number":109,"Senate_District_Number":36,"CTF_RL_2020":"Not Affected","CTF_RL_2040_IL":"Not Affected","CTF_RL_2040_INT":"Not Affected","CTF_RL_2070_IL":"Not Affected","CTF_RL_2070_INT":"Not Affected","SSF_RL_100YR_CURR":"Not Affected","SSF_RL_100YR_2040_IL":"Not Affected","SSF_RL_100YR_2040_INT":"Not Affected","SSF_RL_100YR_2070_IL":"Not Affected","SSF_RL_100YR_2070_INT":"Not Affected","SSF_RL_500YR_CURR":"Not Affected","SSF_RL_500YR_2040_IL":"Not Affected","SSF_RL_500YR_2040_INT":"Not Affected","SSF_RL_500YR_2070_IL":"Not Affected","SSF_RL_500YR_2070_INT":"Not Affected","RIF_RL_100YR_2020":"Not Affected","RIF_RL_100YR_2040":"Not Affected","RIF_RL_100YR_2070":"Not Affected","RIF_RL_500YR_2020":"Not Affected","RIF_RL_500YR_2040":"Not Affected","RIF_RL_500YR_2070":"Not Affected"}},{"type":"Feature","id":215,"geometry":{"type":"Point","coordinates":[-81.7507369998547,24.5685329993528]},"properties":{"OBJECTID_1":215,"OBJECTID":215,"HAZUSID":" ","Name":"NAVAL BRANCH HEALTH CLINIC KEY WEST","Address":"1300 DOUGLAS CIRCLE","City":"KEY WEST","Zip":"33040","COUNTY":"Monroe","X":-81.750737,"Y":24.568533,"LONGLAT":"-81.75073700,24.56853300","USNG":"17R MH 23979 17380","OWNERSHIP":" ","PARCELID":" ","FACILITY_T":"HOSPITAL - VA","TTL_BEDS":0,"EFCLASS":"MDFLT","Asset_Elevation":null,"Owned_Maintained":null,"Asset":"HOSPITAL - VA","Asset_Sub_Type":null,"Asset_Type":"Hospitals","Asset_Group":"Critical Community and Emergency Facilities","Asset_Relevancy":"Locally Significant","Asset_ID":"HOSP_PT_215","Municipality":"Key West","Water_Management_District":"South Florida Water Management District","Souce_Dataset_Entity":"FDEM","Souce_Dataset_Name":"Hospitals - FDEM","Source_Asset_ID":null,"Restricted_Public_Disclosure":null,"Notes":null,"Regional_Planning_Council":"South Florida","FDEP_Regulatory_District":"Southeast District","RCP_Region":"Southeast","FDOT_District":6,"House_District_Number":120,"Senate_District_Number":40,"CTF_RL_2020":"Not Affected","CTF_RL_2040_IL":"Not Affected","CTF_RL_2040_INT":"Not Affected","CTF_RL_2070_IL":"Not Affected","CTF_RL_2070_INT":"Not Affected","SSF_RL_100YR_CURR":"Low","SSF_RL_100YR_2040_IL":"Medium","SSF_RL_100YR_2040_INT":"Medium","SSF_RL_100YR_2070_IL":"Medium","SSF_RL_100YR_2070_INT":"High","SSF_RL_500YR_CURR":"High","SSF_RL_500YR_2040_IL":"High","SSF_RL_500YR_2040_INT":"High","SSF_RL_500YR_2070_IL":"High","SSF_RL_500YR_2070_INT":"High","RIF_RL_100YR_2020":"Not Affected","RIF_RL_100YR_2040":"Not Affected","RIF_RL_100YR_2070":"Not Affected","RIF_RL_500YR_2020":"Not Affected","RIF_RL_500YR_2040":"Not Affected","RIF_RL_500YR_2070":"Not Affected"}},{"type":"Feature","id":216,"geometry":{"type":"Point","coordinates":[-81.7423679278552,24.5809685962665]},"properties":{"OBJECTID_1":216,"OBJECTID":216,"HAZUSID":" ","Name":"LOWER KEYS MEDICAL CENTER","Address":"5900 COLLEGE RD","City":"KEY WEST","Zip":"33040","COUNTY":"Monroe","X":-81.74236793,"Y":24.5809686,"LONGLAT":"-81.74236793,24.58096860","USNG":"17R MH 24834 18752","OWNERSHIP":" ","PARCELID":" ","FACILITY_T":"HOSPITAL - ACUTE CARE","TTL_BEDS":118,"EFCLASS":"EFHL","Asset_Elevation":null,"Owned_Maintained":null,"Asset":"HOSPITAL - ACUTE CARE","Asset_Sub_Type":null,"Asset_Type":"Hospitals","Asset_Group":"Critical Community and Emergency Facilities","Asset_Relevancy":"Locally Significant","Asset_ID":"HOSP_PT_216","Municipality":"Key West","Water_Management_District":"South Florida Water Management District","Souce_Dataset_Entity":"FDEM","Souce_Dataset_Name":"Hospitals - FDEM","Source_Asset_ID":null,"Restricted_Public_Disclosure":null,"Notes":null,"Regional_Planning_Council":"South Florida","FDEP_Regulatory_District":"Southeast District","RCP_Region":"Southeast","FDOT_District":6,"House_District_Number":120,"Senate_District_Number":40,"CTF_RL_2020":"Not Affected","CTF_RL_2040_IL":"Not Affected","CTF_RL_2040_INT":"Not Affected","CTF_RL_2070_IL":"Not Affected","CTF_RL_2070_INT":"Not Affected","SSF_RL_100YR_CURR":"Medium","SSF_RL_100YR_2040_IL":"Medium","SSF_RL_100YR_2040_INT":"Medium","SSF_RL_100YR_2070_IL":"High","SSF_RL_100YR_2070_INT":"High","SSF_RL_500YR_CURR":"High","SSF_RL_500YR_2040_IL":"High","SSF_RL_500YR_2040_INT":"High","SSF_RL_500YR_2070_IL":"High","SSF_RL_500YR_2070_INT":"High","RIF_RL_100YR_2020":"Not Affected","RIF_RL_100YR_2040":"Not Affected","RIF_RL_100YR_2070":"Not Affected","RIF_RL_500YR_2020":"Not Affected","RIF_RL_500YR_2040":"Not Affected","RIF_RL_500YR_2070":"Not Affected"}},{"type":"Feature","id":217,"geometry":{"type":"Point","coordinates":[-81.7673547853168,24.5644293285492]},"properties":{"OBJECTID_1":217,"OBJECTID":217,"HAZUSID":" ","Name":"DEPOO HOSP","Address":"1200 KENNEDY DR","City":"KEY WEST","Zip":"33040","COUNTY":"Monroe","X":-81.76735478,"Y":24.56442933,"LONGLAT":"-81.76735478,24.56442933","USNG":"17R MH 22294 16935","OWNERSHIP":" ","PARCELID":" ","FACILITY_T":"HOSPITAL - ACUTE CARE","TTL_BEDS":49,"EFCLASS":"EFHS","Asset_Elevation":null,"Owned_Maintained":null,"Asset":"HOSPITAL - ACUTE CARE","Asset_Sub_Type":null,"Asset_Type":"Hospitals","Asset_Group":"Critical Community and Emergency Facilities","Asset_Relevancy":"Locally Significant","Asset_ID":"HOSP_PT_217","Municipality":"Key West","Water_Management_District":"South Florida Water Management District","Souce_Dataset_Entity":"FDEM","Souce_Dataset_Name":"Hospitals - FDEM","Source_Asset_ID":null,"Restricted_Public_Disclosure":null,"Notes":null,"Regional_Planning_Council":"South Florida","FDEP_Regulatory_District":"Southeast District","RCP_Region":"Southeast","FDOT_District":6,"House_District_Number":120,"Senate_District_Number":40,"CTF_RL_2020":"Not Affected","CTF_RL_2040_IL":"Not Affected","CTF_RL_2040_INT":"Not Affected","CTF_RL_2070_IL":"Not Affected","CTF_RL_2070_INT":"Not Affected","SSF_RL_100YR_CURR":"Medium","SSF_RL_100YR_2040_IL":"Medium","SSF_RL_100YR_2040_INT":"High","SSF_RL_100YR_2070_IL":"High","SSF_RL_100YR_2070_INT":"High","SSF_RL_500YR_CURR":"High","SSF_RL_500YR_2040_IL":"High","SSF_RL_500YR_2040_INT":"High","SSF_RL_500YR_2070_IL":"High","SSF_RL_500YR_2070_INT":"High","RIF_RL_100YR_2020":"Not Affected","RIF_RL_100YR_2040":"Not Affected","RIF_RL_100YR_2070":"Not Affected","RIF_RL_500YR_2020":"Not Affected","RIF_RL_500YR_2040":"Not Affected","RIF_RL_500YR_2070":"Not Affected"}},{"type":"Feature","id":218,"geometry":{"type":"Point","coordinates":[-80.5215256580441,25.0057516565853]},"properties":{"OBJECTID_1":218,"OBJECTID":218,"HAZUSID":" ","Name":"MARINERS HOSPITAL","Address":"91500 OVERSEAS HWY","City":"TAVERNIER","Zip":"33070","COUNTY":"Monroe","X":-80.52152566,"Y":25.00575166,"LONGLAT":"-80.52152566,25.00575166","USNG":"17R NH 48280 65669","OWNERSHIP":" ","PARCELID":" ","FACILITY_T":"HOSPITAL - ACUTE CARE","TTL_BEDS":25,"EFCLASS":"EFHS","Asset_Elevation":null,"Owned_Maintained":null,"Asset":"HOSPITAL - ACUTE CARE","Asset_Sub_Type":null,"Asset_Type":"Hospitals","Asset_Group":"Critical Community and Emergency Facilities","Asset_Relevancy":"Locally Significant","Asset_ID":"HOSP_PT_218","Municipality":null,"Water_Management_District":"South Florida Water Management District","Souce_Dataset_Entity":"FDEM","Souce_Dataset_Name":"Hospitals - FDEM","Source_Asset_ID":null,"Restricted_Public_Disclosure":null,"Notes":null,"Regional_Planning_Council":"South Florida","FDEP_Regulatory_District":"Southeast District","RCP_Region":"Southeast","FDOT_District":6,"House_District_Number":120,"Senate_District_Number":40,"CTF_RL_2020":"Not Affected","CTF_RL_2040_IL":"Not Affected","CTF_RL_2040_INT":"Not Affected","CTF_RL_2070_IL":"Not Affected","CTF_RL_2070_INT":"Not Affected","SSF_RL_100YR_CURR":"Medium","SSF_RL_100YR_2040_IL":"High","SSF_RL_100YR_2040_INT":"High","SSF_RL_100YR_2070_IL":"High","SSF_RL_100YR_2070_INT":"High","SSF_RL_500YR_CURR":"High","SSF_RL_500YR_2040_IL":"High","SSF_RL_500YR_2040_INT":"High","SSF_RL_500YR_2070_IL":"High","SSF_RL_500YR_2070_INT":"High","RIF_RL_100YR_2020":"Not Affected","RIF_RL_100YR_2040":"Not Affected","RIF_RL_100YR_2070":"Not Affected","RIF_RL_500YR_2020":"Medium","RIF_RL_500YR_2040":"Medium","RIF_RL_500YR_2070":"Medium"}},{"type":"Feature","id":219,"geometry":{"type":"Point","coordinates":[-81.094461820877,24.710723970822]},"properties":{"OBJECTID_1":219,"OBJECTID":219,"HAZUSID":" ","Name":"FISHERMEN'S HOSP","Address":"3301 OVERSEAS HWY","City":"MARATHON","Zip":"33050","COUNTY":"Monroe","X":-81.09446182,"Y":24.71072397,"LONGLAT":"-81.09446182,24.71072397","USNG":"17R MH 90445 32920","OWNERSHIP":" ","PARCELID":" ","FACILITY_T":"HOSPITAL - ACUTE CARE","TTL_BEDS":25,"EFCLASS":"EFHS","Asset_Elevation":null,"Owned_Maintained":null,"Asset":"HOSPITAL - ACUTE CARE","Asset_Sub_Type":null,"Asset_Type":"Hospitals","Asset_Group":"Critical Community and Emergency Facilities","Asset_Relevancy":"Locally Significant","Asset_ID":"HOSP_PT_219","Municipality":"Marathon","Water_Management_District":"South Florida Water Management District","Souce_Dataset_Entity":"FDEM","Souce_Dataset_Name":"Hospitals - FDEM","Source_Asset_ID":null,"Restricted_Public_Disclosure":null,"Notes":null,"Regional_Planning_Council":"South Florida","FDEP_Regulatory_District":"Southeast District","RCP_Region":"Southeast","FDOT_District":6,"House_District_Number":120,"Senate_District_Number":40,"CTF_RL_2020":"Not Affected","CTF_RL_2040_IL":"Not Affected","CTF_RL_2040_INT":"Not Affected","CTF_RL_2070_IL":"Not Affected","CTF_RL_2070_INT":"Not Affected","SSF_RL_100YR_CURR":"Not Affected","SSF_RL_100YR_2040_IL":"Not Affected","SSF_RL_100YR_2040_INT":"Not Affected","SSF_RL_100YR_2070_IL":"Not Affected","SSF_RL_100YR_2070_INT":"Not Affected","SSF_RL_500YR_CURR":"Not Affected","SSF_RL_500YR_2040_IL":"Low","SSF_RL_500YR_2040_INT":"Low","SSF_RL_500YR_2070_IL":"Medium","SSF_RL_500YR_2070_INT":"Medium","RIF_RL_100YR_2020":"Not Affected","RIF_RL_100YR_2040":"Not Affected","RIF_RL_100YR_2070":"Not Affected","RIF_RL_500YR_2020":"Not Affected","RIF_RL_500YR_2040":"Not Affected","RIF_RL_500YR_2070":"Not Affected"}},{"type":"Feature","id":220,"geometry":{"type":"Point","coordinates":[-81.4484983098616,30.6536239493213]},"properties":{"OBJECTID_1":220,"OBJECTID":220,"HAZUSID":" ","Name":"BAPTIST MED CENT NASSAU","Address":"1250 S 18TH ST","City":"FERNANDINA BEACH","Zip":"32034","COUNTY":"Nassau","X":-81.44849831,"Y":30.65362395,"LONGLAT":"-81.44849831,30.65362395","USNG":"17R MP 57029 91301","OWNERSHIP":" ","PARCELID":" ","FACILITY_T":"HOSPITAL - ACUTE CARE","TTL_BEDS":62,"EFCLASS":"EFHM","Asset_Elevation":null,"Owned_Maintained":null,"Asset":"HOSPITAL - ACUTE CARE","Asset_Sub_Type":null,"Asset_Type":"Hospitals","Asset_Group":"Critical Community and Emergency Facilities","Asset_Relevancy":"Locally Significant","Asset_ID":"HOSP_PT_220","Municipality":null,"Water_Management_District":"St. Johns River Water Management District","Souce_Dataset_Entity":"FDEM","Souce_Dataset_Name":"Hospitals - FDEM","Source_Asset_ID":null,"Restricted_Public_Disclosure":null,"Notes":null,"Regional_Planning_Council":"Northeast Florida","FDEP_Regulatory_District":"Northeast District","RCP_Region":"Northeast","FDOT_District":2,"House_District_Number":15,"Senate_District_Number":4,"CTF_RL_2020":"Not Affected","CTF_RL_2040_IL":"Not Affected","CTF_RL_2040_INT":"Not Affected","CTF_RL_2070_IL":"Not Affected","CTF_RL_2070_INT":"Not Affected","SSF_RL_100YR_CURR":"Not Affected","SSF_RL_100YR_2040_IL":"Not Affected","SSF_RL_100YR_2040_INT":"Not Affected","SSF_RL_100YR_2070_IL":"Not Affected","SSF_RL_100YR_2070_INT":"Not Affected","SSF_RL_500YR_CURR":"Not Affected","SSF_RL_500YR_2040_IL":"Not Affected","SSF_RL_500YR_2040_INT":"Not Affected","SSF_RL_500YR_2070_IL":"Not Affected","SSF_RL_500YR_2070_INT":"Not Affected","RIF_RL_100YR_2020":"Not Affected","RIF_RL_100YR_2040":"Not Affected","RIF_RL_100YR_2070":"Not Affected","RIF_RL_500YR_2020":"Not Affected","RIF_RL_500YR_2040":"Not Affected","RIF_RL_500YR_2070":"Not Affected"}},{"type":"Feature","id":221,"geometry":{"type":"Point","coordinates":[-86.566145151239,30.7370029100723]},"properties":{"OBJECTID_1":221,"OBJECTID":221,"HAZUSID":" ","Name":"NORTH OKALOOSA MEDICAL CNTR","Address":"151 REDSTONE AVE SE","City":"CRESTVIEW","Zip":"32539","COUNTY":"Okaloosa","X":-86.56614515,"Y":30.73700291,"LONGLAT":"-86.56614515,30.73700291","USNG":"16R EV 41531 00536","OWNERSHIP":" ","PARCELID":" ","FACILITY_T":"HOSPITAL - ACUTE CARE","TTL_BEDS":110,"EFCLASS":"EFHL","Asset_Elevation":null,"Owned_Maintained":null,"Asset":"HOSPITAL - ACUTE CARE","Asset_Sub_Type":null,"Asset_Type":"Hospitals","Asset_Group":"Critical Community and Emergency Facilities","Asset_Relevancy":"Locally Significant","Asset_ID":"HOSP_PT_221","Municipality":"Crestview","Water_Management_District":"Northwest Florida Water Management District","Souce_Dataset_Entity":"FDEM","Souce_Dataset_Name":"Hospitals - FDEM","Source_Asset_ID":null,"Restricted_Public_Disclosure":null,"Notes":null,"Regional_Planning_Council":"Emerald Coast","FDEP_Regulatory_District":"Northwest District","RCP_Region":"Northwest","FDOT_District":3,"House_District_Number":4,"Senate_District_Number":1,"CTF_RL_2020":"Not Affected","CTF_RL_2040_IL":"Not Affected","CTF_RL_2040_INT":"Not Affected","CTF_RL_2070_IL":"Not Affected","CTF_RL_2070_INT":"Not Affected","SSF_RL_100YR_CURR":"Not Affected","SSF_RL_100YR_2040_IL":"Not Affected","SSF_RL_100YR_2040_INT":"Not Affected","SSF_RL_100YR_2070_IL":"Not Affected","SSF_RL_100YR_2070_INT":"Not Affected","SSF_RL_500YR_CURR":"Not Affected","SSF_RL_500YR_2040_IL":"Not Affected","SSF_RL_500YR_2040_INT":"Not Affected","SSF_RL_500YR_2070_IL":"Not Affected","SSF_RL_500YR_2070_INT":"Not Affected","RIF_RL_100YR_2020":"Not Affected","RIF_RL_100YR_2040":"Not Affected","RIF_RL_100YR_2070":"Not Affected","RIF_RL_500YR_2020":"Not Affected","RIF_RL_500YR_2040":"Not Affected","RIF_RL_500YR_2070":"Not Affected"}},{"type":"Feature","id":222,"geometry":{"type":"Point","coordinates":[-86.4954661899731,30.5331315335632]},"properties":{"OBJECTID_1":222,"OBJECTID":222,"HAZUSID":" ","Name":"TWIN CITIES HOSPITAL","Address":"2190 HWY 85 N","City":"NICEVILLE","Zip":"32578","COUNTY":"Okaloosa","X":-86.49546619,"Y":30.53313153,"LONGLAT":"-86.49546619,30.53313153","USNG":"16R EU 48399 77971","OWNERSHIP":" ","PARCELID":" ","FACILITY_T":"HOSPITAL - ACUTE CARE","TTL_BEDS":65,"EFCLASS":"EFHM","Asset_Elevation":null,"Owned_Maintained":null,"Asset":"HOSPITAL - ACUTE CARE","Asset_Sub_Type":null,"Asset_Type":"Hospitals","Asset_Group":"Critical Community and Emergency Facilities","Asset_Relevancy":"Locally Significant","Asset_ID":"HOSP_PT_222","Municipality":"Niceville","Water_Management_District":"Northwest Florida Water Management District","Souce_Dataset_Entity":"FDEM","Souce_Dataset_Name":"Hospitals - FDEM","Source_Asset_ID":null,"Restricted_Public_Disclosure":null,"Notes":null,"Regional_Planning_Council":"Emerald Coast","FDEP_Regulatory_District":"Northwest District","RCP_Region":"Northwest","FDOT_District":3,"House_District_Number":4,"Senate_District_Number":2,"CTF_RL_2020":"Not Affected","CTF_RL_2040_IL":"Not Affected","CTF_RL_2040_INT":"Not Affected","CTF_RL_2070_IL":"Not Affected","CTF_RL_2070_INT":"Not Affected","SSF_RL_100YR_CURR":"Not Affected","SSF_RL_100YR_2040_IL":"Not Affected","SSF_RL_100YR_2040_INT":"Not Affected","SSF_RL_100YR_2070_IL":"Not Affected","SSF_RL_100YR_2070_INT":"Not Affected","SSF_RL_500YR_CURR":"Not Affected","SSF_RL_500YR_2040_IL":"Not Affected","SSF_RL_500YR_2040_INT":"Not Affected","SSF_RL_500YR_2070_IL":"Not Affected","SSF_RL_500YR_2070_INT":"Not Affected","RIF_RL_100YR_2020":"Not Affected","RIF_RL_100YR_2040":"Not Affected","RIF_RL_100YR_2070":"Not Affected","RIF_RL_500YR_2020":"Not Affected","RIF_RL_500YR_2040":"Not Affected","RIF_RL_500YR_2070":"Not Affected"}},{"type":"Feature","id":223,"geometry":{"type":"Point","coordinates":[-86.4722029885384,30.39411699421]},"properties":{"OBJECTID_1":223,"OBJECTID":223,"HAZUSID":" ","Name":"REHABILITATION INST OF NORTHWEST FL","Address":"996 AIRPORT RD","City":"DESTIN","Zip":"32547","COUNTY":"Okaloosa","X":-86.47220299,"Y":30.394117,"LONGLAT":"-86.47220299,30.39411700","USNG":"16R EU 50702 62576","OWNERSHIP":" ","PARCELID":" ","FACILITY_T":"HOSPITAL","TTL_BEDS":20,"EFCLASS":"EFHS","Asset_Elevation":null,"Owned_Maintained":null,"Asset":"HOSPITAL","Asset_Sub_Type":null,"Asset_Type":"Hospitals","Asset_Group":"Critical Community and Emergency Facilities","Asset_Relevancy":"Locally Significant","Asset_ID":"HOSP_PT_223","Municipality":"Destin","Water_Management_District":"Northwest Florida Water Management District","Souce_Dataset_Entity":"FDEM","Souce_Dataset_Name":"Hospitals - FDEM","Source_Asset_ID":null,"Restricted_Public_Disclosure":null,"Notes":null,"Regional_Planning_Council":"Emerald Coast","FDEP_Regulatory_District":"Northwest District","RCP_Region":"Northwest","FDOT_District":3,"House_District_Number":4,"Senate_District_Number":2,"CTF_RL_2020":"Not Affected","CTF_RL_2040_IL":"Not Affected","CTF_RL_2040_INT":"Not Affected","CTF_RL_2070_IL":"Not Affected","CTF_RL_2070_INT":"Not Affected","SSF_RL_100YR_CURR":"Not Affected","SSF_RL_100YR_2040_IL":"Not Affected","SSF_RL_100YR_2040_INT":"Not Affected","SSF_RL_100YR_2070_IL":"Not Affected","SSF_RL_100YR_2070_INT":"Not Affected","SSF_RL_500YR_CURR":"Not Affected","SSF_RL_500YR_2040_IL":"Not Affected","SSF_RL_500YR_2040_INT":"Not Affected","SSF_RL_500YR_2070_IL":"Not Affected","SSF_RL_500YR_2070_INT":"Not Affected","RIF_RL_100YR_2020":"Not Affected","RIF_RL_100YR_2040":"Not Affected","RIF_RL_100YR_2070":"Not Affected","RIF_RL_500YR_2020":"Not Affected","RIF_RL_500YR_2040":"Not Affected","RIF_RL_500YR_2070":"Not Affected"}},{"type":"Feature","id":224,"geometry":{"type":"Point","coordinates":[-86.6360610000997,30.4549979992796]},"properties":{"OBJECTID_1":224,"OBJECTID":224,"HAZUSID":" ","Name":"GULF COAST TREATMENT CENT","Address":"1015 MAR WALT DR","City":"FORT WALTON BEACH","Zip":"32547","COUNTY":"Okaloosa","X":-86.636061,"Y":30.454998,"LONGLAT":"-86.63606100,30.45499800","USNG":"16R EU 34939 69260","OWNERSHIP":" ","PARCELID":" ","FACILITY_T":"HOSPITAL","TTL_BEDS":24,"EFCLASS":"EFHS","Asset_Elevation":null,"Owned_Maintained":null,"Asset":"HOSPITAL","Asset_Sub_Type":null,"Asset_Type":"Hospitals","Asset_Group":"Critical Community and Emergency Facilities","Asset_Relevancy":"Locally Significant","Asset_ID":"HOSP_PT_224","Municipality":null,"Water_Management_District":"Northwest Florida Water Management District","Souce_Dataset_Entity":"FDEM","Souce_Dataset_Name":"Hospitals - FDEM","Source_Asset_ID":null,"Restricted_Public_Disclosure":null,"Notes":null,"Regional_Planning_Council":"Emerald Coast","FDEP_Regulatory_District":"Northwest District","RCP_Region":"Northwest","FDOT_District":3,"House_District_Number":4,"Senate_District_Number":2,"CTF_RL_2020":"Not Affected","CTF_RL_2040_IL":"Not Affected","CTF_RL_2040_INT":"Not Affected","CTF_RL_2070_IL":"Not Affected","CTF_RL_2070_INT":"Not Affected","SSF_RL_100YR_CURR":"Not Affected","SSF_RL_100YR_2040_IL":"Not Affected","SSF_RL_100YR_2040_INT":"Not Affected","SSF_RL_100YR_2070_IL":"Not Affected","SSF_RL_100YR_2070_INT":"Not Affected","SSF_RL_500YR_CURR":"Not Affected","SSF_RL_500YR_2040_IL":"Not Affected","SSF_RL_500YR_2040_INT":"Not Affected","SSF_RL_500YR_2070_IL":"Not Affected","SSF_RL_500YR_2070_INT":"Not Affected","RIF_RL_100YR_2020":"Medium","RIF_RL_100YR_2040":"Medium","RIF_RL_100YR_2070":"Medium","RIF_RL_500YR_2020":"Medium","RIF_RL_500YR_2040":"Medium","RIF_RL_500YR_2070":"Medium"}},{"type":"Feature","id":225,"geometry":{"type":"Point","coordinates":[-86.6328495783472,30.4546219999195]},"properties":{"OBJECTID_1":225,"OBJECTID":225,"HAZUSID":" ","Name":"FT WALTON BEACH MED CENT","Address":"1000 MAR-WALT DR","City":"FORT WALTON BEACH","Zip":"32547","COUNTY":"Okaloosa","X":-86.63284958,"Y":30.454622,"LONGLAT":"-86.63284958,30.45462200","USNG":"16R EU 35248 69220","OWNERSHIP":" ","PARCELID":" ","FACILITY_T":"HOSPITAL - ACUTE CARE","TTL_BEDS":237,"EFCLASS":"EFHL","Asset_Elevation":null,"Owned_Maintained":null,"Asset":"HOSPITAL - ACUTE CARE","Asset_Sub_Type":null,"Asset_Type":"Hospitals","Asset_Group":"Critical Community and Emergency Facilities","Asset_Relevancy":"Locally Significant","Asset_ID":"HOSP_PT_225","Municipality":null,"Water_Management_District":"Northwest Florida Water Management District","Souce_Dataset_Entity":"FDEM","Souce_Dataset_Name":"Hospitals - FDEM","Source_Asset_ID":null,"Restricted_Public_Disclosure":null,"Notes":null,"Regional_Planning_Council":"Emerald Coast","FDEP_Regulatory_District":"Northwest District","RCP_Region":"Northwest","FDOT_District":3,"House_District_Number":4,"Senate_District_Number":2,"CTF_RL_2020":"Not Affected","CTF_RL_2040_IL":"Not Affected","CTF_RL_2040_INT":"Not Affected","CTF_RL_2070_IL":"Not Affected","CTF_RL_2070_INT":"Not Affected","SSF_RL_100YR_CURR":"Not Affected","SSF_RL_100YR_2040_IL":"Not Affected","SSF_RL_100YR_2040_INT":"Not Affected","SSF_RL_100YR_2070_IL":"Not Affected","SSF_RL_100YR_2070_INT":"Not Affected","SSF_RL_500YR_CURR":"Not Affected","SSF_RL_500YR_2040_IL":"Not Affected","SSF_RL_500YR_2040_INT":"Not Affected","SSF_RL_500YR_2070_IL":"Not Affected","SSF_RL_500YR_2070_INT":"Not Affected","RIF_RL_100YR_2020":"Not Affected","RIF_RL_100YR_2040":"Not Affected","RIF_RL_100YR_2070":"Not Affected","RIF_RL_500YR_2020":"Not Affected","RIF_RL_500YR_2040":"Not Affected","RIF_RL_500YR_2070":"Not Affected"}},{"type":"Feature","id":226,"geometry":{"type":"Point","coordinates":[-86.5527200001805,30.4588299988828]},"properties":{"OBJECTID_1":226,"OBJECTID":226,"HAZUSID":" ","Name":"96TH MEDICAL GROUP USAF","Address":"307 BOATNER ROAD","City":"EGLIN AFB","Zip":"32542","COUNTY":"Okaloosa","X":-86.55272,"Y":30.45883,"LONGLAT":"-86.55272000,30.45883000","USNG":"16R EU 42939 69714","OWNERSHIP":" ","PARCELID":" ","FACILITY_T":"HOSPITAL - VA","TTL_BEDS":0,"EFCLASS":"MDFLT","Asset_Elevation":null,"Owned_Maintained":null,"Asset":"HOSPITAL - VA","Asset_Sub_Type":null,"Asset_Type":"Hospitals","Asset_Group":"Critical Community and Emergency Facilities","Asset_Relevancy":"Locally Significant","Asset_ID":"HOSP_PT_226","Municipality":null,"Water_Management_District":"Northwest Florida Water Management District","Souce_Dataset_Entity":"FDEM","Souce_Dataset_Name":"Hospitals - FDEM","Source_Asset_ID":null,"Restricted_Public_Disclosure":null,"Notes":null,"Regional_Planning_Council":"Emerald Coast","FDEP_Regulatory_District":"Northwest District","RCP_Region":"Northwest","FDOT_District":3,"House_District_Number":4,"Senate_District_Number":2,"CTF_RL_2020":"Not Affected","CTF_RL_2040_IL":"Not Affected","CTF_RL_2040_INT":"Not Affected","CTF_RL_2070_IL":"Not Affected","CTF_RL_2070_INT":"Not Affected","SSF_RL_100YR_CURR":"Not Affected","SSF_RL_100YR_2040_IL":"Not Affected","SSF_RL_100YR_2040_INT":"Not Affected","SSF_RL_100YR_2070_IL":"Not Affected","SSF_RL_100YR_2070_INT":"Not Affected","SSF_RL_500YR_CURR":"Not Affected","SSF_RL_500YR_2040_IL":"Not Affected","SSF_RL_500YR_2040_INT":"Not Affected","SSF_RL_500YR_2070_IL":"Not Affected","SSF_RL_500YR_2070_INT":"Not Affected","RIF_RL_100YR_2020":"Not Affected","RIF_RL_100YR_2040":"Not Affected","RIF_RL_100YR_2070":"Not Affected","RIF_RL_500YR_2020":"Not Affected","RIF_RL_500YR_2040":"Not Affected","RIF_RL_500YR_2070":"Not Affected"}},{"type":"Feature","id":227,"geometry":{"type":"Point","coordinates":[-80.8291294485373,27.2598431423924]},"properties":{"OBJECTID_1":227,"OBJECTID":227,"HAZUSID":" ","Name":"RAULERSON HOSPITAL","Address":"1796 HWY 441 NORTH","City":"OKEECHOBEE","Zip":"34972","COUNTY":"Okeechobee","X":-80.82912945,"Y":27.25984314,"LONGLAT":"-80.82912945,27.25984314","USNG":"17R NL 16913 15227","OWNERSHIP":" ","PARCELID":" ","FACILITY_T":"HOSPITAL - ACUTE CARE","TTL_BEDS":100,"EFCLASS":"EFHM","Asset_Elevation":null,"Owned_Maintained":null,"Asset":"HOSPITAL - ACUTE CARE","Asset_Sub_Type":null,"Asset_Type":"Hospitals","Asset_Group":"Critical Community and Emergency Facilities","Asset_Relevancy":"Locally Significant","Asset_ID":"HOSP_PT_227","Municipality":null,"Water_Management_District":"South Florida Water Management District","Souce_Dataset_Entity":"FDEM","Souce_Dataset_Name":"Hospitals - FDEM","Source_Asset_ID":null,"Restricted_Public_Disclosure":null,"Notes":null,"Regional_Planning_Council":"Central Florida","FDEP_Regulatory_District":"Southeast District","RCP_Region":"Northeast","FDOT_District":1,"House_District_Number":83,"Senate_District_Number":29,"CTF_RL_2020":"Not Affected","CTF_RL_2040_IL":"Not Affected","CTF_RL_2040_INT":"Not Affected","CTF_RL_2070_IL":"Not Affected","CTF_RL_2070_INT":"Not Affected","SSF_RL_100YR_CURR":"Not Affected","SSF_RL_100YR_2040_IL":"Not Affected","SSF_RL_100YR_2040_INT":"Not Affected","SSF_RL_100YR_2070_IL":"Not Affected","SSF_RL_100YR_2070_INT":"Not Affected","SSF_RL_500YR_CURR":"Not Affected","SSF_RL_500YR_2040_IL":"Not Affected","SSF_RL_500YR_2040_INT":"Not Affected","SSF_RL_500YR_2070_IL":"Not Affected","SSF_RL_500YR_2070_INT":"Not Affected","RIF_RL_100YR_2020":"Not Affected","RIF_RL_100YR_2040":"Not Affected","RIF_RL_100YR_2070":"Not Affected","RIF_RL_500YR_2020":"Not Affected","RIF_RL_500YR_2040":"Not Affected","RIF_RL_500YR_2070":"Not Affected"}},{"type":"Feature","id":228,"geometry":{"type":"Point","coordinates":[-81.3781620006656,28.5259909987575]},"properties":{"OBJECTID_1":228,"OBJECTID":228,"HAZUSID":" ","Name":"ORLANDO REGIONAL MEDICAL CNTR","Address":"52 W UNDERWOOD ST","City":"ORLANDO","Zip":"32806","COUNTY":"Orange","X":-81.378162,"Y":28.525991,"LONGLAT":"-81.37816200,28.52599100","USNG":"17R MM 63000 55529","OWNERSHIP":" ","PARCELID":" ","FACILITY_T":"HOSPITAL - ACUTE CARE","TTL_BEDS":794,"EFCLASS":"EFHL","Asset_Elevation":null,"Owned_Maintained":null,"Asset":"HOSPITAL - ACUTE CARE","Asset_Sub_Type":null,"Asset_Type":"Hospitals","Asset_Group":"Critical Community and Emergency Facilities","Asset_Relevancy":"Locally Significant","Asset_ID":"HOSP_PT_228","Municipality":"Orlando","Water_Management_District":"St. Johns River Water Management District","Souce_Dataset_Entity":"FDEM","Souce_Dataset_Name":"Hospitals - FDEM","Source_Asset_ID":null,"Restricted_Public_Disclosure":null,"Notes":null,"Regional_Planning_Council":"East Central Florida","FDEP_Regulatory_District":"Central District","RCP_Region":"Northeast","FDOT_District":5,"House_District_Number":42,"Senate_District_Number":17,"CTF_RL_2020":"Not Affected","CTF_RL_2040_IL":"Not Affected","CTF_RL_2040_INT":"Not Affected","CTF_RL_2070_IL":"Not Affected","CTF_RL_2070_INT":"Not Affected","SSF_RL_100YR_CURR":"Not Affected","SSF_RL_100YR_2040_IL":"Not Affected","SSF_RL_100YR_2040_INT":"Not Affected","SSF_RL_100YR_2070_IL":"Not Affected","SSF_RL_100YR_2070_INT":"Not Affected","SSF_RL_500YR_CURR":"Not Affected","SSF_RL_500YR_2040_IL":"Not Affected","SSF_RL_500YR_2040_INT":"Not Affected","SSF_RL_500YR_2070_IL":"Not Affected","SSF_RL_500YR_2070_INT":"Not Affected","RIF_RL_100YR_2020":"Medium","RIF_RL_100YR_2040":"Medium","RIF_RL_100YR_2070":"Medium","RIF_RL_500YR_2020":"Medium","RIF_RL_500YR_2040":"Medium","RIF_RL_500YR_2070":"Medium"}},{"type":"Feature","id":229,"geometry":{"type":"Point","coordinates":[-81.369568646908,28.5755632804775]},"properties":{"OBJECTID_1":229,"OBJECTID":229,"HAZUSID":" ","Name":"FL HOSP","Address":"601 E ROLLINS ST","City":"ORLANDO","Zip":"32803","COUNTY":"Orange","X":-81.36956865,"Y":28.57556328,"LONGLAT":"-81.36956865,28.57556328","USNG":"17R MM 63857 61018","OWNERSHIP":" ","PARCELID":" ","FACILITY_T":"HOSPITAL - ACUTE CARE","TTL_BEDS":1289,"EFCLASS":"EFHL","Asset_Elevation":null,"Owned_Maintained":null,"Asset":"HOSPITAL - ACUTE CARE","Asset_Sub_Type":null,"Asset_Type":"Hospitals","Asset_Group":"Critical Community and Emergency Facilities","Asset_Relevancy":"Locally Significant","Asset_ID":"HOSP_PT_229","Municipality":"Orlando","Water_Management_District":"St. Johns River Water Management District","Souce_Dataset_Entity":"FDEM","Souce_Dataset_Name":"Hospitals - FDEM","Source_Asset_ID":null,"Restricted_Public_Disclosure":null,"Notes":null,"Regional_Planning_Council":"East Central Florida","FDEP_Regulatory_District":"Central District","RCP_Region":"Northeast","FDOT_District":5,"House_District_Number":42,"Senate_District_Number":10,"CTF_RL_2020":"Not Affected","CTF_RL_2040_IL":"Not Affected","CTF_RL_2040_INT":"Not Affected","CTF_RL_2070_IL":"Not Affected","CTF_RL_2070_INT":"Not Affected","SSF_RL_100YR_CURR":"Not Affected","SSF_RL_100YR_2040_IL":"Not Affected","SSF_RL_100YR_2040_INT":"Not Affected","SSF_RL_100YR_2070_IL":"Not Affected","SSF_RL_100YR_2070_INT":"Not Affected","SSF_RL_500YR_CURR":"Not Affected","SSF_RL_500YR_2040_IL":"Not Affected","SSF_RL_500YR_2040_INT":"Not Affected","SSF_RL_500YR_2070_IL":"Not Affected","SSF_RL_500YR_2070_INT":"Not Affected","RIF_RL_100YR_2020":"Not Affected","RIF_RL_100YR_2040":"Not Affected","RIF_RL_100YR_2070":"Not Affected","RIF_RL_500YR_2020":"Not Affected","RIF_RL_500YR_2040":"Not Affected","RIF_RL_500YR_2070":"Not Affected"}},{"type":"Feature","id":230,"geometry":{"type":"Point","coordinates":[-81.2729735491006,28.3767399209831]},"properties":{"OBJECTID_1":230,"OBJECTID":230,"HAZUSID":" ","Name":"NEMOURS CHILDRENS HOSP","Address":"13535 NEMOURS PKWY","City":"ORLANDO","Zip":"32827","COUNTY":"Orange","X":-81.27297355,"Y":28.37673992,"LONGLAT":"-81.27297355,28.37673992","USNG":"17R MM 73254 38967","OWNERSHIP":" ","PARCELID":" ","FACILITY_T":"HOSPITAL - ACUTE CARE","TTL_BEDS":100,"EFCLASS":"EFHM","Asset_Elevation":null,"Owned_Maintained":null,"Asset":"HOSPITAL - ACUTE CARE","Asset_Sub_Type":null,"Asset_Type":"Hospitals","Asset_Group":"Critical Community and Emergency Facilities","Asset_Relevancy":"Locally Significant","Asset_ID":"HOSP_PT_230","Municipality":"Orlando","Water_Management_District":"South Florida Water Management District","Souce_Dataset_Entity":"FDEM","Souce_Dataset_Name":"Hospitals - FDEM","Source_Asset_ID":null,"Restricted_Public_Disclosure":null,"Notes":null,"Regional_Planning_Council":"East Central Florida","FDEP_Regulatory_District":"Central District","RCP_Region":"Northeast","FDOT_District":5,"House_District_Number":35,"Senate_District_Number":17,"CTF_RL_2020":"Not Affected","CTF_RL_2040_IL":"Not Affected","CTF_RL_2040_INT":"Not Affected","CTF_RL_2070_IL":"Not Affected","CTF_RL_2070_INT":"Not Affected","SSF_RL_100YR_CURR":"Not Affected","SSF_RL_100YR_2040_IL":"Not Affected","SSF_RL_100YR_2040_INT":"Not Affected","SSF_RL_100YR_2070_IL":"Not Affected","SSF_RL_100YR_2070_INT":"Not Affected","SSF_RL_500YR_CURR":"Not Affected","SSF_RL_500YR_2040_IL":"Not Affected","SSF_RL_500YR_2040_INT":"Not Affected","SSF_RL_500YR_2070_IL":"Not Affected","SSF_RL_500YR_2070_INT":"Not Affected","RIF_RL_100YR_2020":"Not Affected","RIF_RL_100YR_2040":"Not Affected","RIF_RL_100YR_2070":"Not Affected","RIF_RL_500YR_2020":"Not Affected","RIF_RL_500YR_2040":"Not Affected","RIF_RL_500YR_2070":"Not Affected"}},{"type":"Feature","id":231,"geometry":{"type":"Point","coordinates":[-81.3263687071023,28.5983236381946]},"properties":{"OBJECTID_1":231,"OBJECTID":231,"HAZUSID":" ","Name":"WINTER PARK MEMORIAL HOSPITAL","Address":"200 N LAKEMONT AVE","City":"WINTER PARK","Zip":"32792","COUNTY":"Orange","X":-81.32636871,"Y":28.59832364,"LONGLAT":"-81.32636871,28.59832364","USNG":"17R MM 68089 63528","OWNERSHIP":" ","PARCELID":" ","FACILITY_T":"HOSPITAL - ACUTE CARE","TTL_BEDS":320,"EFCLASS":"EFHL","Asset_Elevation":null,"Owned_Maintained":null,"Asset":"HOSPITAL - ACUTE CARE","Asset_Sub_Type":null,"Asset_Type":"Hospitals","Asset_Group":"Critical Community and Emergency Facilities","Asset_Relevancy":"Locally Significant","Asset_ID":"HOSP_PT_231","Municipality":"Winter Park","Water_Management_District":"St. Johns River Water Management District","Souce_Dataset_Entity":"FDEM","Souce_Dataset_Name":"Hospitals - FDEM","Source_Asset_ID":null,"Restricted_Public_Disclosure":null,"Notes":null,"Regional_Planning_Council":"East Central Florida","FDEP_Regulatory_District":"Central District","RCP_Region":"Northeast","FDOT_District":5,"House_District_Number":42,"Senate_District_Number":10,"CTF_RL_2020":"Not Affected","CTF_RL_2040_IL":"Not Affected","CTF_RL_2040_INT":"Not Affected","CTF_RL_2070_IL":"Not Affected","CTF_RL_2070_INT":"Not Affected","SSF_RL_100YR_CURR":"Not Affected","SSF_RL_100YR_2040_IL":"Not Affected","SSF_RL_100YR_2040_INT":"Not Affected","SSF_RL_100YR_2070_IL":"Not Affected","SSF_RL_100YR_2070_INT":"Not Affected","SSF_RL_500YR_CURR":"Not Affected","SSF_RL_500YR_2040_IL":"Not Affected","SSF_RL_500YR_2040_INT":"Not Affected","SSF_RL_500YR_2070_IL":"Not Affected","SSF_RL_500YR_2070_INT":"Not Affected","RIF_RL_100YR_2020":"Not Affected","RIF_RL_100YR_2040":"Not Affected","RIF_RL_100YR_2070":"Not Affected","RIF_RL_500YR_2020":"Not Affected","RIF_RL_500YR_2040":"Not Affected","RIF_RL_500YR_2070":"Not Affected"}},{"type":"Feature","id":232,"geometry":{"type":"Point","coordinates":[-81.5273153495891,28.5501514971768]},"properties":{"OBJECTID_1":232,"OBJECTID":232,"HAZUSID":" ","Name":"HEALTH CENTRAL","Address":"10000 W COLONIAL DR","City":"OCOEE","Zip":"34761","COUNTY":"Orange","X":-81.52731535,"Y":28.5501515,"LONGLAT":"-81.52731535,28.55015150","USNG":"17R MM 48418 58261","OWNERSHIP":" ","PARCELID":" ","FACILITY_T":"HOSPITAL - ACUTE CARE","TTL_BEDS":171,"EFCLASS":"EFHL","Asset_Elevation":null,"Owned_Maintained":null,"Asset":"HOSPITAL - ACUTE CARE","Asset_Sub_Type":null,"Asset_Type":"Hospitals","Asset_Group":"Critical Community and Emergency Facilities","Asset_Relevancy":"Locally Significant","Asset_ID":"HOSP_PT_232","Municipality":"Ocoee","Water_Management_District":"St. Johns River Water Management District","Souce_Dataset_Entity":"FDEM","Souce_Dataset_Name":"Hospitals - FDEM","Source_Asset_ID":null,"Restricted_Public_Disclosure":null,"Notes":null,"Regional_Planning_Council":"East Central Florida","FDEP_Regulatory_District":"Central District","RCP_Region":"Northeast","FDOT_District":5,"House_District_Number":41,"Senate_District_Number":15,"CTF_RL_2020":"Not Affected","CTF_RL_2040_IL":"Not Affected","CTF_RL_2040_INT":"Not Affected","CTF_RL_2070_IL":"Not Affected","CTF_RL_2070_INT":"Not Affected","SSF_RL_100YR_CURR":"Not Affected","SSF_RL_100YR_2040_IL":"Not Affected","SSF_RL_100YR_2040_INT":"Not Affected","SSF_RL_100YR_2070_IL":"Not Affected","SSF_RL_100YR_2070_INT":"Not Affected","SSF_RL_500YR_CURR":"Not Affected","SSF_RL_500YR_2040_IL":"Not Affected","SSF_RL_500YR_2040_INT":"Not Affected","SSF_RL_500YR_2070_IL":"Not Affected","SSF_RL_500YR_2070_INT":"Not Affected","RIF_RL_100YR_2020":"Not Affected","RIF_RL_100YR_2040":"Not Affected","RIF_RL_100YR_2070":"Not Affected","RIF_RL_500YR_2020":"Not Affected","RIF_RL_500YR_2040":"Not Affected","RIF_RL_500YR_2070":"Not Affected"}},{"type":"Feature","id":233,"geometry":{"type":"Point","coordinates":[-81.5086494740698,28.6809089659873]},"properties":{"OBJECTID_1":233,"OBJECTID":233,"HAZUSID":" ","Name":"FL HOSP APOPKA","Address":"201 N PARK AV","City":"APOPKA","Zip":"32703","COUNTY":"Orange","X":-81.50864947,"Y":28.68090897,"LONGLAT":"-81.50864947,28.68090897","USNG":"17R MM 50305 72739","OWNERSHIP":" ","PARCELID":" ","FACILITY_T":"HOSPITAL - ACUTE CARE","TTL_BEDS":50,"EFCLASS":"EFHS","Asset_Elevation":null,"Owned_Maintained":null,"Asset":"HOSPITAL - ACUTE CARE","Asset_Sub_Type":null,"Asset_Type":"Hospitals","Asset_Group":"Critical Community and Emergency Facilities","Asset_Relevancy":"Locally Significant","Asset_ID":"HOSP_PT_233","Municipality":"Apopka","Water_Management_District":"St. Johns River Water Management District","Souce_Dataset_Entity":"FDEM","Souce_Dataset_Name":"Hospitals - FDEM","Source_Asset_ID":null,"Restricted_Public_Disclosure":null,"Notes":null,"Regional_Planning_Council":"East Central Florida","FDEP_Regulatory_District":"Central District","RCP_Region":"Northeast","FDOT_District":5,"House_District_Number":39,"Senate_District_Number":15,"CTF_RL_2020":"Not Affected","CTF_RL_2040_IL":"Not Affected","CTF_RL_2040_INT":"Not Affected","CTF_RL_2070_IL":"Not Affected","CTF_RL_2070_INT":"Not Affected","SSF_RL_100YR_CURR":"Not Affected","SSF_RL_100YR_2040_IL":"Not Affected","SSF_RL_100YR_2040_INT":"Not Affected","SSF_RL_100YR_2070_IL":"Not Affected","SSF_RL_100YR_2070_INT":"Not Affected","SSF_RL_500YR_CURR":"Not Affected","SSF_RL_500YR_2040_IL":"Not Affected","SSF_RL_500YR_2040_INT":"Not Affected","SSF_RL_500YR_2070_IL":"Not Affected","SSF_RL_500YR_2070_INT":"Not Affected","RIF_RL_100YR_2020":"Not Affected","RIF_RL_100YR_2040":"Not Affected","RIF_RL_100YR_2070":"Not Affected","RIF_RL_500YR_2020":"Not Affected","RIF_RL_500YR_2040":"Not Affected","RIF_RL_500YR_2070":"Not Affected"}},{"type":"Feature","id":234,"geometry":{"type":"Point","coordinates":[-81.1926888789001,28.5817141171564]},"properties":{"OBJECTID_1":234,"OBJECTID":234,"HAZUSID":" ","Name":"UNIVERSITY BEHAVIORAL CENTER","Address":"2500 DISCOVERY DR","City":"ORLANDO","Zip":"32826","COUNTY":"Orange","X":-81.19268888,"Y":28.58171412,"LONGLAT":"-81.19268888,28.58171412","USNG":"17R MM 81157 61659","OWNERSHIP":" ","PARCELID":" ","FACILITY_T":"HOSPITAL","TTL_BEDS":112,"EFCLASS":"EFHL","Asset_Elevation":null,"Owned_Maintained":null,"Asset":"HOSPITAL","Asset_Sub_Type":null,"Asset_Type":"Hospitals","Asset_Group":"Critical Community and Emergency Facilities","Asset_Relevancy":"Locally Significant","Asset_ID":"HOSP_PT_234","Municipality":null,"Water_Management_District":"St. Johns River Water Management District","Souce_Dataset_Entity":"FDEM","Souce_Dataset_Name":"Hospitals - FDEM","Source_Asset_ID":null,"Restricted_Public_Disclosure":null,"Notes":null,"Regional_Planning_Council":"East Central Florida","FDEP_Regulatory_District":"Central District","RCP_Region":"Northeast","FDOT_District":5,"House_District_Number":37,"Senate_District_Number":17,"CTF_RL_2020":"Not Affected","CTF_RL_2040_IL":"Not Affected","CTF_RL_2040_INT":"Not Affected","CTF_RL_2070_IL":"Not Affected","CTF_RL_2070_INT":"Not Affected","SSF_RL_100YR_CURR":"Not Affected","SSF_RL_100YR_2040_IL":"Not Affected","SSF_RL_100YR_2040_INT":"Not Affected","SSF_RL_100YR_2070_IL":"Not Affected","SSF_RL_100YR_2070_INT":"Not Affected","SSF_RL_500YR_CURR":"Not Affected","SSF_RL_500YR_2040_IL":"Not Affected","SSF_RL_500YR_2040_INT":"Not Affected","SSF_RL_500YR_2070_IL":"Not Affected","SSF_RL_500YR_2070_INT":"Not Affected","RIF_RL_100YR_2020":"Not Affected","RIF_RL_100YR_2040":"Not Affected","RIF_RL_100YR_2070":"Not Affected","RIF_RL_500YR_2020":"Not Affected","RIF_RL_500YR_2040":"Not Affected","RIF_RL_500YR_2070":"Not Affected"}},{"type":"Feature","id":235,"geometry":{"type":"Point","coordinates":[-81.3783104754717,28.527219804933]},"properties":{"OBJECTID_1":235,"OBJECTID":235,"HAZUSID":" ","Name":"ORLANDO HEALTH","Address":"52 W UNDERWOOD ST","City":"ORLANDO","Zip":"32806","COUNTY":"Orange","X":0,"Y":0,"LONGLAT":" ","USNG":" ","OWNERSHIP":" ","PARCELID":" ","FACILITY_T":"HOSPITAL","TTL_BEDS":0,"EFCLASS":"MDFLT","Asset_Elevation":null,"Owned_Maintained":null,"Asset":"HOSPITAL","Asset_Sub_Type":null,"Asset_Type":"Hospitals","Asset_Group":"Critical Community and Emergency Facilities","Asset_Relevancy":"Locally Significant","Asset_ID":"HOSP_PT_235","Municipality":"Orlando","Water_Management_District":"St. Johns River Water Management District","Souce_Dataset_Entity":"FDEM","Souce_Dataset_Name":"Hospitals - FDEM","Source_Asset_ID":null,"Restricted_Public_Disclosure":null,"Notes":null,"Regional_Planning_Council":"East Central Florida","FDEP_Regulatory_District":"Central District","RCP_Region":"Northeast","FDOT_District":5,"House_District_Number":42,"Senate_District_Number":17,"CTF_RL_2020":"Not Affected","CTF_RL_2040_IL":"Not Affected","CTF_RL_2040_INT":"Not Affected","CTF_RL_2070_IL":"Not Affected","CTF_RL_2070_INT":"Not Affected","SSF_RL_100YR_CURR":"Not Affected","SSF_RL_100YR_2040_IL":"Not Affected","SSF_RL_100YR_2040_INT":"Not Affected","SSF_RL_100YR_2070_IL":"Not Affected","SSF_RL_100YR_2070_INT":"Not Affected","SSF_RL_500YR_CURR":"Not Affected","SSF_RL_500YR_2040_IL":"Not Affected","SSF_RL_500YR_2040_INT":"Not Affected","SSF_RL_500YR_2070_IL":"Not Affected","SSF_RL_500YR_2070_INT":"Not Affected","RIF_RL_100YR_2020":"Not Affected","RIF_RL_100YR_2040":"Not Affected","RIF_RL_100YR_2070":"Not Affected","RIF_RL_500YR_2020":"Not Affected","RIF_RL_500YR_2040":"Not Affected","RIF_RL_500YR_2070":"Not Affected"}},{"type":"Feature","id":236,"geometry":{"type":"Point","coordinates":[-81.3649933083811,28.6130219996987]},"properties":{"OBJECTID_1":236,"OBJECTID":236,"HAZUSID":" ","Name":"LA AMISTAD RESIDENTIAL TREATMENT CNTR","Address":"1650 PARK AVE N","City":"MAITLAND","Zip":"32751","COUNTY":"Orange","X":-81.36499331,"Y":28.613022,"LONGLAT":"-81.36499331,28.61302200","USNG":"17R MM 64317 65167","OWNERSHIP":" ","PARCELID":" ","FACILITY_T":"HOSPITAL","TTL_BEDS":40,"EFCLASS":"EFHS","Asset_Elevation":null,"Owned_Maintained":null,"Asset":"HOSPITAL","Asset_Sub_Type":null,"Asset_Type":"Hospitals","Asset_Group":"Critical Community and Emergency Facilities","Asset_Relevancy":"Locally Significant","Asset_ID":"HOSP_PT_236","Municipality":"Maitland","Water_Management_District":"St. Johns River Water Management District","Souce_Dataset_Entity":"FDEM","Souce_Dataset_Name":"Hospitals - FDEM","Source_Asset_ID":null,"Restricted_Public_Disclosure":null,"Notes":null,"Regional_Planning_Council":"East Central Florida","FDEP_Regulatory_District":"Central District","RCP_Region":"Northeast","FDOT_District":5,"House_District_Number":42,"Senate_District_Number":10,"CTF_RL_2020":"Not Affected","CTF_RL_2040_IL":"Not Affected","CTF_RL_2040_INT":"Not Affected","CTF_RL_2070_IL":"Not Affected","CTF_RL_2070_INT":"Not Affected","SSF_RL_100YR_CURR":"Not Affected","SSF_RL_100YR_2040_IL":"Not Affected","SSF_RL_100YR_2040_INT":"Not Affected","SSF_RL_100YR_2070_IL":"Not Affected","SSF_RL_100YR_2070_INT":"Not Affected","SSF_RL_500YR_CURR":"Not Affected","SSF_RL_500YR_2040_IL":"Not Affected","SSF_RL_500YR_2040_INT":"Not Affected","SSF_RL_500YR_2070_IL":"Not Affected","SSF_RL_500YR_2070_INT":"Not Affected","RIF_RL_100YR_2020":"Not Affected","RIF_RL_100YR_2040":"Not Affected","RIF_RL_100YR_2070":"Not Affected","RIF_RL_500YR_2020":"Not Affected","RIF_RL_500YR_2040":"Not Affected","RIF_RL_500YR_2070":"Not Affected"}},{"type":"Feature","id":237,"geometry":{"type":"Point","coordinates":[-81.4698135239216,28.4088859239115]},"properties":{"OBJECTID_1":237,"OBJECTID":237,"HAZUSID":" ","Name":"CENTRAL FLORIDA BEHAVIORAL HOSP","Address":"6601 CENTRAL FLORIDA PKWY","City":"ORLANDO","Zip":"32821","COUNTY":"Orange","X":-81.46981352,"Y":28.40888593,"LONGLAT":"-81.46981352,28.40888593","USNG":"17R MM 53982 42587","OWNERSHIP":" ","PARCELID":" ","FACILITY_T":"HOSPITAL","TTL_BEDS":126,"EFCLASS":"EFHL","Asset_Elevation":null,"Owned_Maintained":null,"Asset":"HOSPITAL","Asset_Sub_Type":null,"Asset_Type":"Hospitals","Asset_Group":"Critical Community and Emergency Facilities","Asset_Relevancy":"Locally Significant","Asset_ID":"HOSP_PT_237","Municipality":null,"Water_Management_District":"South Florida Water Management District","Souce_Dataset_Entity":"FDEM","Souce_Dataset_Name":"Hospitals - FDEM","Source_Asset_ID":null,"Restricted_Public_Disclosure":null,"Notes":null,"Regional_Planning_Council":"East Central Florida","FDEP_Regulatory_District":"Central District","RCP_Region":"Northeast","FDOT_District":5,"House_District_Number":44,"Senate_District_Number":25,"CTF_RL_2020":"Not Affected","CTF_RL_2040_IL":"Not Affected","CTF_RL_2040_INT":"Not Affected","CTF_RL_2070_IL":"Not Affected","CTF_RL_2070_INT":"Not Affected","SSF_RL_100YR_CURR":"Not Affected","SSF_RL_100YR_2040_IL":"Not Affected","SSF_RL_100YR_2040_INT":"Not Affected","SSF_RL_100YR_2070_IL":"Not Affected","SSF_RL_100YR_2070_INT":"Not Affected","SSF_RL_500YR_CURR":"Not Affected","SSF_RL_500YR_2040_IL":"Not Affected","SSF_RL_500YR_2040_INT":"Not Affected","SSF_RL_500YR_2070_IL":"Not Affected","SSF_RL_500YR_2070_INT":"Not Affected","RIF_RL_100YR_2020":"Not Affected","RIF_RL_100YR_2040":"Not Affected","RIF_RL_100YR_2070":"Not Affected","RIF_RL_500YR_2020":"Not Affected","RIF_RL_500YR_2040":"Not Affected","RIF_RL_500YR_2070":"Not Affected"}},{"type":"Feature","id":238,"geometry":{"type":"Point","coordinates":[-81.3702736908034,28.5719474718928]},"properties":{"OBJECTID_1":238,"OBJECTID":238,"HAZUSID":" ","Name":"SELECT SPECIALTY HOSPITAL - ORLANDO N.","Address":"2250 BEDFORD RD","City":"ORLANDO","Zip":"32803","COUNTY":"Orange","X":-81.37027369,"Y":28.57194747,"LONGLAT":"-81.37027369,28.57194747","USNG":"17R MM 63787 60618","OWNERSHIP":" ","PARCELID":" ","FACILITY_T":"HOSPITAL","TTL_BEDS":35,"EFCLASS":"EFHS","Asset_Elevation":null,"Owned_Maintained":null,"Asset":"HOSPITAL","Asset_Sub_Type":null,"Asset_Type":"Hospitals","Asset_Group":"Critical Community and Emergency Facilities","Asset_Relevancy":"Locally Significant","Asset_ID":"HOSP_PT_238","Municipality":"Orlando","Water_Management_District":"St. Johns River Water Management District","Souce_Dataset_Entity":"FDEM","Souce_Dataset_Name":"Hospitals - FDEM","Source_Asset_ID":null,"Restricted_Public_Disclosure":null,"Notes":null,"Regional_Planning_Council":"East Central Florida","FDEP_Regulatory_District":"Central District","RCP_Region":"Northeast","FDOT_District":5,"House_District_Number":42,"Senate_District_Number":10,"CTF_RL_2020":"Not Affected","CTF_RL_2040_IL":"Not Affected","CTF_RL_2040_INT":"Not Affected","CTF_RL_2070_IL":"Not Affected","CTF_RL_2070_INT":"Not Affected","SSF_RL_100YR_CURR":"Not Affected","SSF_RL_100YR_2040_IL":"Not Affected","SSF_RL_100YR_2040_INT":"Not Affected","SSF_RL_100YR_2070_IL":"Not Affected","SSF_RL_100YR_2070_INT":"Not Affected","SSF_RL_500YR_CURR":"Not Affected","SSF_RL_500YR_2040_IL":"Not Affected","SSF_RL_500YR_2040_INT":"Not Affected","SSF_RL_500YR_2070_IL":"Not Affected","SSF_RL_500YR_2070_INT":"Not Affected","RIF_RL_100YR_2020":"Not Affected","RIF_RL_100YR_2040":"Not Affected","RIF_RL_100YR_2070":"Not Affected","RIF_RL_500YR_2020":"Not Affected","RIF_RL_500YR_2040":"Not Affected","RIF_RL_500YR_2070":"Not Affected"}},{"type":"Feature","id":239,"geometry":{"type":"Point","coordinates":[-81.4344591739273,28.5671760354206]},"properties":{"OBJECTID_1":239,"OBJECTID":239,"HAZUSID":" ","Name":"LAKESIDE BEHAVIORAL HEALTHCARE,INC","Address":"1800 MERCY DR","City":"ORLANDO","Zip":"32808","COUNTY":"Orange","X":-81.43445917,"Y":28.56717604,"LONGLAT":"-81.43445917,28.56717604","USNG":"17R MM 57508 60111","OWNERSHIP":" ","PARCELID":" ","FACILITY_T":"HOSPITAL","TTL_BEDS":56,"EFCLASS":"EFHM","Asset_Elevation":null,"Owned_Maintained":null,"Asset":"HOSPITAL","Asset_Sub_Type":null,"Asset_Type":"Hospitals","Asset_Group":"Critical Community and Emergency Facilities","Asset_Relevancy":"Locally Significant","Asset_ID":"HOSP_PT_239","Municipality":"Orlando","Water_Management_District":"St. Johns River Water Management District","Souce_Dataset_Entity":"FDEM","Souce_Dataset_Name":"Hospitals - FDEM","Source_Asset_ID":null,"Restricted_Public_Disclosure":null,"Notes":null,"Regional_Planning_Council":"East Central Florida","FDEP_Regulatory_District":"Central District","RCP_Region":"Northeast","FDOT_District":5,"House_District_Number":40,"Senate_District_Number":15,"CTF_RL_2020":"Not Affected","CTF_RL_2040_IL":"Not Affected","CTF_RL_2040_INT":"Not Affected","CTF_RL_2070_IL":"Not Affected","CTF_RL_2070_INT":"Not Affected","SSF_RL_100YR_CURR":"Not Affected","SSF_RL_100YR_2040_IL":"Not Affected","SSF_RL_100YR_2040_INT":"Not Affected","SSF_RL_100YR_2070_IL":"Not Affected","SSF_RL_100YR_2070_INT":"Not Affected","SSF_RL_500YR_CURR":"Not Affected","SSF_RL_500YR_2040_IL":"Not Affected","SSF_RL_500YR_2040_INT":"Not Affected","SSF_RL_500YR_2070_IL":"Not Affected","SSF_RL_500YR_2070_INT":"Not Affected","RIF_RL_100YR_2020":"Not Affected","RIF_RL_100YR_2040":"Not Affected","RIF_RL_100YR_2070":"Not Affected","RIF_RL_500YR_2020":"Not Affected","RIF_RL_500YR_2040":"Not Affected","RIF_RL_500YR_2070":"Not Affected"}},{"type":"Feature","id":240,"geometry":{"type":"Point","coordinates":[-81.3792213702411,28.5232633436184]},"properties":{"OBJECTID_1":240,"OBJECTID":240,"HAZUSID":" ","Name":"ARNOLD PALMER MED CENT","Address":"92 W MILLER ST","City":"ORLANDO","Zip":"32806","COUNTY":"Orange","X":-81.37922137,"Y":28.52326334,"LONGLAT":"-81.37922137,28.52326334","USNG":"17R MM 62895 55227","OWNERSHIP":" ","PARCELID":" ","FACILITY_T":"HOSPITAL","TTL_BEDS":473,"EFCLASS":"EFHL","Asset_Elevation":null,"Owned_Maintained":null,"Asset":"HOSPITAL","Asset_Sub_Type":null,"Asset_Type":"Hospitals","Asset_Group":"Critical Community and Emergency Facilities","Asset_Relevancy":"Locally Significant","Asset_ID":"HOSP_PT_240","Municipality":"Orlando","Water_Management_District":"St. Johns River Water Management District","Souce_Dataset_Entity":"FDEM","Souce_Dataset_Name":"Hospitals - FDEM","Source_Asset_ID":null,"Restricted_Public_Disclosure":null,"Notes":null,"Regional_Planning_Council":"East Central Florida","FDEP_Regulatory_District":"Central District","RCP_Region":"Northeast","FDOT_District":5,"House_District_Number":42,"Senate_District_Number":17,"CTF_RL_2020":"Not Affected","CTF_RL_2040_IL":"Not Affected","CTF_RL_2040_INT":"Not Affected","CTF_RL_2070_IL":"Not Affected","CTF_RL_2070_INT":"Not Affected","SSF_RL_100YR_CURR":"Not Affected","SSF_RL_100YR_2040_IL":"Not Affected","SSF_RL_100YR_2040_INT":"Not Affected","SSF_RL_100YR_2070_IL":"Not Affected","SSF_RL_100YR_2070_INT":"Not Affected","SSF_RL_500YR_CURR":"Not Affected","SSF_RL_500YR_2040_IL":"Not Affected","SSF_RL_500YR_2040_INT":"Not Affected","SSF_RL_500YR_2070_IL":"Not Affected","SSF_RL_500YR_2070_INT":"Not Affected","RIF_RL_100YR_2020":"Low","RIF_RL_100YR_2040":"Not Affected","RIF_RL_100YR_2070":"Low","RIF_RL_500YR_2020":"Medium","RIF_RL_500YR_2040":"Medium","RIF_RL_500YR_2070":"Low"}},{"type":"Feature","id":241,"geometry":{"type":"Point","coordinates":[-81.4773030266152,28.4291713321707]},"properties":{"OBJECTID_1":241,"OBJECTID":241,"HAZUSID":" ","Name":"DR P PHILLIPS HOSP","Address":"9400 TURKEY LAKE RD","City":"ORLANDO","Zip":"32819","COUNTY":"Orange","X":-81.47730303,"Y":28.42917133,"LONGLAT":"-81.47730303,28.42917133","USNG":"17R MM 53257 44838","OWNERSHIP":" ","PARCELID":" ","FACILITY_T":"HOSPITAL - ACUTE CARE","TTL_BEDS":237,"EFCLASS":"EFHL","Asset_Elevation":null,"Owned_Maintained":null,"Asset":"HOSPITAL - ACUTE CARE","Asset_Sub_Type":null,"Asset_Type":"Hospitals","Asset_Group":"Critical Community and Emergency Facilities","Asset_Relevancy":"Locally Significant","Asset_ID":"HOSP_PT_241","Municipality":null,"Water_Management_District":"South Florida Water Management District","Souce_Dataset_Entity":"FDEM","Souce_Dataset_Name":"Hospitals - FDEM","Source_Asset_ID":null,"Restricted_Public_Disclosure":null,"Notes":null,"Regional_Planning_Council":"East Central Florida","FDEP_Regulatory_District":"Central District","RCP_Region":"Northeast","FDOT_District":5,"House_District_Number":44,"Senate_District_Number":13,"CTF_RL_2020":"Not Affected","CTF_RL_2040_IL":"Not Affected","CTF_RL_2040_INT":"Not Affected","CTF_RL_2070_IL":"Not Affected","CTF_RL_2070_INT":"Not Affected","SSF_RL_100YR_CURR":"Not Affected","SSF_RL_100YR_2040_IL":"Not Affected","SSF_RL_100YR_2040_INT":"Not Affected","SSF_RL_100YR_2070_IL":"Not Affected","SSF_RL_100YR_2070_INT":"Not Affected","SSF_RL_500YR_CURR":"Not Affected","SSF_RL_500YR_2040_IL":"Not Affected","SSF_RL_500YR_2040_INT":"Not Affected","SSF_RL_500YR_2070_IL":"Not Affected","SSF_RL_500YR_2070_INT":"Not Affected","RIF_RL_100YR_2020":"Not Affected","RIF_RL_100YR_2040":"Not Affected","RIF_RL_100YR_2070":"Not Affected","RIF_RL_500YR_2020":"Not Affected","RIF_RL_500YR_2040":"Not Affected","RIF_RL_500YR_2070":"Not Affected"}},{"type":"Feature","id":242,"geometry":{"type":"Point","coordinates":[-81.2801767553103,28.5409371209721]},"properties":{"OBJECTID_1":242,"OBJECTID":242,"HAZUSID":" ","Name":"FL HOSP E ORLANDO","Address":"7727 LAKE UNDERHILL RD","City":"ORLANDO","Zip":"32822","COUNTY":"Orange","X":-81.28017676,"Y":28.54093712,"LONGLAT":"-81.28017676,28.54093712","USNG":"17R MM 72591 57159","OWNERSHIP":" ","PARCELID":" ","FACILITY_T":"HOSPITAL - ACUTE CARE","TTL_BEDS":295,"EFCLASS":"EFHL","Asset_Elevation":null,"Owned_Maintained":null,"Asset":"HOSPITAL - ACUTE CARE","Asset_Sub_Type":null,"Asset_Type":"Hospitals","Asset_Group":"Critical Community and Emergency Facilities","Asset_Relevancy":"Locally Significant","Asset_ID":"HOSP_PT_242","Municipality":null,"Water_Management_District":"St. Johns River Water Management District","Souce_Dataset_Entity":"FDEM","Souce_Dataset_Name":"Hospitals - FDEM","Source_Asset_ID":null,"Restricted_Public_Disclosure":null,"Notes":null,"Regional_Planning_Council":"East Central Florida","FDEP_Regulatory_District":"Central District","RCP_Region":"Northeast","FDOT_District":5,"House_District_Number":43,"Senate_District_Number":17,"CTF_RL_2020":"Not Affected","CTF_RL_2040_IL":"Not Affected","CTF_RL_2040_INT":"Not Affected","CTF_RL_2070_IL":"Not Affected","CTF_RL_2070_INT":"Not Affected","SSF_RL_100YR_CURR":"Not Affected","SSF_RL_100YR_2040_IL":"Not Affected","SSF_RL_100YR_2040_INT":"Not Affected","SSF_RL_100YR_2070_IL":"Not Affected","SSF_RL_100YR_2070_INT":"Not Affected","SSF_RL_500YR_CURR":"Not Affected","SSF_RL_500YR_2040_IL":"Not Affected","SSF_RL_500YR_2040_INT":"Not Affected","SSF_RL_500YR_2070_IL":"Not Affected","SSF_RL_500YR_2070_INT":"Not Affected","RIF_RL_100YR_2020":"Not Affected","RIF_RL_100YR_2040":"Not Affected","RIF_RL_100YR_2070":"Not Affected","RIF_RL_500YR_2020":"Not Affected","RIF_RL_500YR_2040":"Not Affected","RIF_RL_500YR_2070":"Not Affected"}},{"type":"Feature","id":243,"geometry":{"type":"Point","coordinates":[-81.3703941782781,28.4773693471487]},"properties":{"OBJECTID_1":243,"OBJECTID":243,"HAZUSID":" ","Name":"SELECT SPECIALTY HOSPITAL - ORLANDO S.","Address":"5579 S ORANGE AVE","City":"ORLANDO","Zip":"32809","COUNTY":"Orange","X":-81.37039418,"Y":28.47736935,"LONGLAT":"-81.37039418,28.47736935","USNG":"17R MM 63743 50140","OWNERSHIP":" ","PARCELID":" ","FACILITY_T":"HOSPITAL","TTL_BEDS":40,"EFCLASS":"EFHS","Asset_Elevation":null,"Owned_Maintained":null,"Asset":"HOSPITAL","Asset_Sub_Type":null,"Asset_Type":"Hospitals","Asset_Group":"Critical Community and Emergency Facilities","Asset_Relevancy":"Locally Significant","Asset_ID":"HOSP_PT_243","Municipality":"Edgewood","Water_Management_District":"St. Johns River Water Management District","Souce_Dataset_Entity":"FDEM","Souce_Dataset_Name":"Hospitals - FDEM","Source_Asset_ID":null,"Restricted_Public_Disclosure":null,"Notes":null,"Regional_Planning_Council":"East Central Florida","FDEP_Regulatory_District":"Central District","RCP_Region":"Northeast","FDOT_District":5,"House_District_Number":42,"Senate_District_Number":17,"CTF_RL_2020":"Not Affected","CTF_RL_2040_IL":"Not Affected","CTF_RL_2040_INT":"Not Affected","CTF_RL_2070_IL":"Not Affected","CTF_RL_2070_INT":"Not Affected","SSF_RL_100YR_CURR":"Not Affected","SSF_RL_100YR_2040_IL":"Not Affected","SSF_RL_100YR_2040_INT":"Not Affected","SSF_RL_100YR_2070_IL":"Not Affected","SSF_RL_100YR_2070_INT":"Not Affected","SSF_RL_500YR_CURR":"Not Affected","SSF_RL_500YR_2040_IL":"Not Affected","SSF_RL_500YR_2040_INT":"Not Affected","SSF_RL_500YR_2070_IL":"Not Affected","SSF_RL_500YR_2070_INT":"Not Affected","RIF_RL_100YR_2020":"Not Affected","RIF_RL_100YR_2040":"Not Affected","RIF_RL_100YR_2070":"Not Affected","RIF_RL_500YR_2020":"Not Affected","RIF_RL_500YR_2040":"Not Affected","RIF_RL_500YR_2070":"Not Affected"}},{"type":"Feature","id":244,"geometry":{"type":"Point","coordinates":[-81.3790927738864,28.5245175497666]},"properties":{"OBJECTID_1":244,"OBJECTID":244,"HAZUSID":" ","Name":"WP HOSPITAL FOR WOMEN & BABIES","Address":"83 W MILLER STREET","City":"ORLANDO","Zip":"32806","COUNTY":"Orange","X":-81.37909277,"Y":28.52451755,"LONGLAT":"-81.37909277,28.52451755","USNG":"17R MM 62908 55366","OWNERSHIP":" ","PARCELID":" ","FACILITY_T":"HOSPITAL","TTL_BEDS":0,"EFCLASS":"MDFLT","Asset_Elevation":null,"Owned_Maintained":null,"Asset":"HOSPITAL","Asset_Sub_Type":null,"Asset_Type":"Hospitals","Asset_Group":"Critical Community and Emergency Facilities","Asset_Relevancy":"Locally Significant","Asset_ID":"HOSP_PT_244","Municipality":"Orlando","Water_Management_District":"St. Johns River Water Management District","Souce_Dataset_Entity":"FDEM","Souce_Dataset_Name":"Hospitals - FDEM","Source_Asset_ID":null,"Restricted_Public_Disclosure":null,"Notes":null,"Regional_Planning_Council":"East Central Florida","FDEP_Regulatory_District":"Central District","RCP_Region":"Northeast","FDOT_District":5,"House_District_Number":42,"Senate_District_Number":17,"CTF_RL_2020":"Not Affected","CTF_RL_2040_IL":"Not Affected","CTF_RL_2040_INT":"Not Affected","CTF_RL_2070_IL":"Not Affected","CTF_RL_2070_INT":"Not Affected","SSF_RL_100YR_CURR":"Not Affected","SSF_RL_100YR_2040_IL":"Not Affected","SSF_RL_100YR_2040_INT":"Not Affected","SSF_RL_100YR_2070_IL":"Not Affected","SSF_RL_100YR_2070_INT":"Not Affected","SSF_RL_500YR_CURR":"Not Affected","SSF_RL_500YR_2040_IL":"Not Affected","SSF_RL_500YR_2040_INT":"Not Affected","SSF_RL_500YR_2070_IL":"Not Affected","SSF_RL_500YR_2070_INT":"Not Affected","RIF_RL_100YR_2020":"Low","RIF_RL_100YR_2040":"Not Affected","RIF_RL_100YR_2070":"Low","RIF_RL_500YR_2020":"Medium","RIF_RL_500YR_2040":"Medium","RIF_RL_500YR_2070":"Low"}},{"type":"Feature","id":245,"geometry":{"type":"Point","coordinates":[-81.3210591572712,28.5800063059395]},"properties":{"OBJECTID_1":245,"OBJECTID":245,"HAZUSID":" ","Name":"ORLANDO VA HLTHCARE CNTR","Address":"5201 RAYMOND STREET","City":"ORLANDO","Zip":"32803","COUNTY":"Orange","X":-81.32105916,"Y":28.58000631,"LONGLAT":"-81.32105916,28.58000631","USNG":"17R MM 68603 61497","OWNERSHIP":" ","PARCELID":" ","FACILITY_T":"HOSPITAL - VA","TTL_BEDS":100,"EFCLASS":"EFHM","Asset_Elevation":null,"Owned_Maintained":null,"Asset":"HOSPITAL - VA","Asset_Sub_Type":null,"Asset_Type":"Hospitals","Asset_Group":"Critical Community and Emergency Facilities","Asset_Relevancy":"Locally Significant","Asset_ID":"HOSP_PT_245","Municipality":"Orlando","Water_Management_District":"St. Johns River Water Management District","Souce_Dataset_Entity":"FDEM","Souce_Dataset_Name":"Hospitals - FDEM","Source_Asset_ID":null,"Restricted_Public_Disclosure":null,"Notes":null,"Regional_Planning_Council":"East Central Florida","FDEP_Regulatory_District":"Central District","RCP_Region":"Northeast","FDOT_District":5,"House_District_Number":42,"Senate_District_Number":17,"CTF_RL_2020":"Not Affected","CTF_RL_2040_IL":"Not Affected","CTF_RL_2040_INT":"Not Affected","CTF_RL_2070_IL":"Not Affected","CTF_RL_2070_INT":"Not Affected","SSF_RL_100YR_CURR":"Not Affected","SSF_RL_100YR_2040_IL":"Not Affected","SSF_RL_100YR_2040_INT":"Not Affected","SSF_RL_100YR_2070_IL":"Not Affected","SSF_RL_100YR_2070_INT":"Not Affected","SSF_RL_500YR_CURR":"Not Affected","SSF_RL_500YR_2040_IL":"Not Affected","SSF_RL_500YR_2040_INT":"Not Affected","SSF_RL_500YR_2070_IL":"Not Affected","SSF_RL_500YR_2070_INT":"Not Affected","RIF_RL_100YR_2020":"Not Affected","RIF_RL_100YR_2040":"Not Affected","RIF_RL_100YR_2070":"Not Affected","RIF_RL_500YR_2020":"Not Affected","RIF_RL_500YR_2040":"Not Affected","RIF_RL_500YR_2070":"Not Affected"}},{"type":"Feature","id":246,"geometry":{"type":"Point","coordinates":[-81.2760532199467,28.3661911327542]},"properties":{"OBJECTID_1":246,"OBJECTID":246,"HAZUSID":" ","Name":"ORLANDO VA MEDICAL CENTER AT LAKE NONA","Address":"13800 VETERANS WAY","City":"ORLANDO","Zip":"32827","COUNTY":"Orange","X":0,"Y":0,"LONGLAT":" ","USNG":" ","OWNERSHIP":" ","PARCELID":" ","FACILITY_T":"HOSPITAL - VA","TTL_BEDS":0,"EFCLASS":"MDFLT","Asset_Elevation":null,"Owned_Maintained":null,"Asset":"HOSPITAL - VA","Asset_Sub_Type":null,"Asset_Type":"Hospitals","Asset_Group":"Critical Community and Emergency Facilities","Asset_Relevancy":"Locally Significant","Asset_ID":"HOSP_PT_246","Municipality":"Orlando","Water_Management_District":"South Florida Water Management District","Souce_Dataset_Entity":"FDEM","Souce_Dataset_Name":"Hospitals - FDEM","Source_Asset_ID":null,"Restricted_Public_Disclosure":null,"Notes":null,"Regional_Planning_Council":"East Central Florida","FDEP_Regulatory_District":"Central District","RCP_Region":"Northeast","FDOT_District":5,"House_District_Number":35,"Senate_District_Number":17,"CTF_RL_2020":"Not Affected","CTF_RL_2040_IL":"Not Affected","CTF_RL_2040_INT":"Not Affected","CTF_RL_2070_IL":"Not Affected","CTF_RL_2070_INT":"Not Affected","SSF_RL_100YR_CURR":"Not Affected","SSF_RL_100YR_2040_IL":"Not Affected","SSF_RL_100YR_2040_INT":"Not Affected","SSF_RL_100YR_2070_IL":"Not Affected","SSF_RL_100YR_2070_INT":"Not Affected","SSF_RL_500YR_CURR":"Not Affected","SSF_RL_500YR_2040_IL":"Not Affected","SSF_RL_500YR_2040_INT":"Not Affected","SSF_RL_500YR_2070_IL":"Not Affected","SSF_RL_500YR_2070_INT":"Not Affected","RIF_RL_100YR_2020":"Not Affected","RIF_RL_100YR_2040":"Not Affected","RIF_RL_100YR_2070":"Not Affected","RIF_RL_500YR_2020":"Not Affected","RIF_RL_500YR_2040":"Not Affected","RIF_RL_500YR_2070":"Not Affected"}},{"type":"Feature","id":247,"geometry":{"type":"Point","coordinates":[-81.4089660166577,28.2995125176947]},"properties":{"OBJECTID_1":247,"OBJECTID":247,"HAZUSID":" ","Name":"OSCEOLA REGIONAL MEDICAL CNTR","Address":"700 W OAK ST","City":"KISSIMMEE","Zip":"34741","COUNTY":"Osceola","X":-81.40896602,"Y":28.29951252,"LONGLAT":"-81.40896602,28.29951252","USNG":"17R MM 59900 30449","OWNERSHIP":" ","PARCELID":" ","FACILITY_T":"HOSPITAL - TRAUMA","TTL_BEDS":332,"EFCLASS":"EFHL","Asset_Elevation":null,"Owned_Maintained":null,"Asset":"HOSPITAL - TRAUMA","Asset_Sub_Type":null,"Asset_Type":"Hospitals","Asset_Group":"Critical Community and Emergency Facilities","Asset_Relevancy":"Locally Significant","Asset_ID":"HOSP_PT_247","Municipality":"Kissimmee","Water_Management_District":"South Florida Water Management District","Souce_Dataset_Entity":"FDEM","Souce_Dataset_Name":"Hospitals - FDEM","Source_Asset_ID":null,"Restricted_Public_Disclosure":null,"Notes":null,"Regional_Planning_Council":"East Central Florida","FDEP_Regulatory_District":"Central District","RCP_Region":"Northeast","FDOT_District":5,"House_District_Number":46,"Senate_District_Number":25,"CTF_RL_2020":"Not Affected","CTF_RL_2040_IL":"Not Affected","CTF_RL_2040_INT":"Not Affected","CTF_RL_2070_IL":"Not Affected","CTF_RL_2070_INT":"Not Affected","SSF_RL_100YR_CURR":"Not Affected","SSF_RL_100YR_2040_IL":"Not Affected","SSF_RL_100YR_2040_INT":"Not Affected","SSF_RL_100YR_2070_IL":"Not Affected","SSF_RL_100YR_2070_INT":"Not Affected","SSF_RL_500YR_CURR":"Not Affected","SSF_RL_500YR_2040_IL":"Not Affected","SSF_RL_500YR_2040_INT":"Not Affected","SSF_RL_500YR_2070_IL":"Not Affected","SSF_RL_500YR_2070_INT":"Not Affected","RIF_RL_100YR_2020":"Not Affected","RIF_RL_100YR_2040":"Not Affected","RIF_RL_100YR_2070":"Not Affected","RIF_RL_500YR_2020":"Not Affected","RIF_RL_500YR_2040":"Not Affected","RIF_RL_500YR_2070":"Not Affected"}},{"type":"Feature","id":248,"geometry":{"type":"Point","coordinates":[-81.3028358005972,28.2436093196874]},"properties":{"OBJECTID_1":248,"OBJECTID":248,"HAZUSID":" ","Name":"ST CLOUD REGIONAL MEDICAL CENTER","Address":"2906 17TH ST","City":"SAINT CLOUD","Zip":"34769","COUNTY":"Osceola","X":-81.3028358,"Y":28.24360932,"LONGLAT":"-81.30283580,28.24360932","USNG":"17R MM 70291 24225","OWNERSHIP":" ","PARCELID":" ","FACILITY_T":"HOSPITAL - ACUTE CARE","TTL_BEDS":84,"EFCLASS":"EFHM","Asset_Elevation":null,"Owned_Maintained":null,"Asset":"HOSPITAL - ACUTE CARE","Asset_Sub_Type":null,"Asset_Type":"Hospitals","Asset_Group":"Critical Community and Emergency Facilities","Asset_Relevancy":"Locally Significant","Asset_ID":"HOSP_PT_248","Municipality":"St. Cloud","Water_Management_District":"South Florida Water Management District","Souce_Dataset_Entity":"FDEM","Souce_Dataset_Name":"Hospitals - FDEM","Source_Asset_ID":null,"Restricted_Public_Disclosure":null,"Notes":null,"Regional_Planning_Council":"East Central Florida","FDEP_Regulatory_District":"Central District","RCP_Region":"Northeast","FDOT_District":5,"House_District_Number":47,"Senate_District_Number":25,"CTF_RL_2020":"Not Affected","CTF_RL_2040_IL":"Not Affected","CTF_RL_2040_INT":"Not Affected","CTF_RL_2070_IL":"Not Affected","CTF_RL_2070_INT":"Not Affected","SSF_RL_100YR_CURR":"Not Affected","SSF_RL_100YR_2040_IL":"Not Affected","SSF_RL_100YR_2040_INT":"Not Affected","SSF_RL_100YR_2070_IL":"Not Affected","SSF_RL_100YR_2070_INT":"Not Affected","SSF_RL_500YR_CURR":"Not Affected","SSF_RL_500YR_2040_IL":"Not Affected","SSF_RL_500YR_2040_INT":"Not Affected","SSF_RL_500YR_2070_IL":"Not Affected","SSF_RL_500YR_2070_INT":"Not Affected","RIF_RL_100YR_2020":"Not Affected","RIF_RL_100YR_2040":"Not Affected","RIF_RL_100YR_2070":"Not Affected","RIF_RL_500YR_2020":"Not Affected","RIF_RL_500YR_2040":"Not Affected","RIF_RL_500YR_2070":"Not Affected"}},{"type":"Feature","id":249,"geometry":{"type":"Point","coordinates":[-81.4764578656954,28.1447380247965]},"properties":{"OBJECTID_1":249,"OBJECTID":249,"HAZUSID":" ","Name":"POINCIANA MEDI CNTR","Address":"325 CYPRESS PKWY","City":"KISSIMMEE","Zip":"34758","COUNTY":"Osceola","X":-81.47645787,"Y":28.14473803,"LONGLAT":"-81.47645787,28.14473803","USNG":"17R MM 53215 13327","OWNERSHIP":" ","PARCELID":" ","FACILITY_T":"HOSPITAL - ACUTE CARE","TTL_BEDS":76,"EFCLASS":"EFHM","Asset_Elevation":null,"Owned_Maintained":null,"Asset":"HOSPITAL - ACUTE CARE","Asset_Sub_Type":null,"Asset_Type":"Hospitals","Asset_Group":"Critical Community and Emergency Facilities","Asset_Relevancy":"Locally Significant","Asset_ID":"HOSP_PT_249","Municipality":null,"Water_Management_District":"South Florida Water Management District","Souce_Dataset_Entity":"FDEM","Souce_Dataset_Name":"Hospitals - FDEM","Source_Asset_ID":null,"Restricted_Public_Disclosure":null,"Notes":null,"Regional_Planning_Council":"East Central Florida","FDEP_Regulatory_District":"Central District","RCP_Region":"Northeast","FDOT_District":5,"House_District_Number":46,"Senate_District_Number":25,"CTF_RL_2020":"Not Affected","CTF_RL_2040_IL":"Not Affected","CTF_RL_2040_INT":"Not Affected","CTF_RL_2070_IL":"Not Affected","CTF_RL_2070_INT":"Not Affected","SSF_RL_100YR_CURR":"Not Affected","SSF_RL_100YR_2040_IL":"Not Affected","SSF_RL_100YR_2040_INT":"Not Affected","SSF_RL_100YR_2070_IL":"Not Affected","SSF_RL_100YR_2070_INT":"Not Affected","SSF_RL_500YR_CURR":"Not Affected","SSF_RL_500YR_2040_IL":"Not Affected","SSF_RL_500YR_2040_INT":"Not Affected","SSF_RL_500YR_2070_IL":"Not Affected","SSF_RL_500YR_2070_INT":"Not Affected","RIF_RL_100YR_2020":"Not Affected","RIF_RL_100YR_2040":"Not Affected","RIF_RL_100YR_2070":"Not Affected","RIF_RL_500YR_2020":"Not Affected","RIF_RL_500YR_2040":"Not Affected","RIF_RL_500YR_2070":"Not Affected"}},{"type":"Feature","id":250,"geometry":{"type":"Point","coordinates":[-81.5414674656955,28.3285592120722]},"properties":{"OBJECTID_1":250,"OBJECTID":250,"HAZUSID":" ","Name":"FL HOSP CELEBRATION HEALTH","Address":"400 CELEBRATION PL","City":"CELEBRATION","Zip":"34747","COUNTY":"Osceola","X":-81.54146747,"Y":28.32855921,"LONGLAT":"-81.54146747,28.32855921","USNG":"17R MM 46923 33718","OWNERSHIP":" ","PARCELID":" ","FACILITY_T":"HOSPITAL - ACUTE CARE","TTL_BEDS":227,"EFCLASS":"EFHL","Asset_Elevation":null,"Owned_Maintained":null,"Asset":"HOSPITAL - ACUTE CARE","Asset_Sub_Type":null,"Asset_Type":"Hospitals","Asset_Group":"Critical Community and Emergency Facilities","Asset_Relevancy":"Locally Significant","Asset_ID":"HOSP_PT_250","Municipality":null,"Water_Management_District":"South Florida Water Management District","Souce_Dataset_Entity":"FDEM","Souce_Dataset_Name":"Hospitals - FDEM","Source_Asset_ID":null,"Restricted_Public_Disclosure":null,"Notes":null,"Regional_Planning_Council":"East Central Florida","FDEP_Regulatory_District":"Central District","RCP_Region":"Northeast","FDOT_District":5,"House_District_Number":45,"Senate_District_Number":25,"CTF_RL_2020":"Not Affected","CTF_RL_2040_IL":"Not Affected","CTF_RL_2040_INT":"Not Affected","CTF_RL_2070_IL":"Not Affected","CTF_RL_2070_INT":"Not Affected","SSF_RL_100YR_CURR":"Not Affected","SSF_RL_100YR_2040_IL":"Not Affected","SSF_RL_100YR_2040_INT":"Not Affected","SSF_RL_100YR_2070_IL":"Not Affected","SSF_RL_100YR_2070_INT":"Not Affected","SSF_RL_500YR_CURR":"Not Affected","SSF_RL_500YR_2040_IL":"Not Affected","SSF_RL_500YR_2040_INT":"Not Affected","SSF_RL_500YR_2070_IL":"Not Affected","SSF_RL_500YR_2070_INT":"Not Affected","RIF_RL_100YR_2020":"Not Affected","RIF_RL_100YR_2040":"Not Affected","RIF_RL_100YR_2070":"Not Affected","RIF_RL_500YR_2020":"Not Affected","RIF_RL_500YR_2040":"Not Affected","RIF_RL_500YR_2070":"Not Affected"}},{"type":"Feature","id":251,"geometry":{"type":"Point","coordinates":[-81.405930255245,28.3160902399335]},"properties":{"OBJECTID_1":251,"OBJECTID":251,"HAZUSID":" ","Name":"FL HOSP KISSIMMEE","Address":"2450 N ORANGE BLOSSOM TRL","City":"KISSIMMEE","Zip":"34744","COUNTY":"Osceola","X":-81.40593026,"Y":28.31609024,"LONGLAT":"-81.40593026,28.31609024","USNG":"17R MM 60204 32284","OWNERSHIP":" ","PARCELID":" ","FACILITY_T":"HOSPITAL - ACUTE CARE","TTL_BEDS":162,"EFCLASS":"EFHL","Asset_Elevation":null,"Owned_Maintained":null,"Asset":"HOSPITAL - ACUTE CARE","Asset_Sub_Type":null,"Asset_Type":"Hospitals","Asset_Group":"Critical Community and Emergency Facilities","Asset_Relevancy":"Locally Significant","Asset_ID":"HOSP_PT_251","Municipality":"Kissimmee","Water_Management_District":"South Florida Water Management District","Souce_Dataset_Entity":"FDEM","Souce_Dataset_Name":"Hospitals - FDEM","Source_Asset_ID":null,"Restricted_Public_Disclosure":null,"Notes":null,"Regional_Planning_Council":"East Central Florida","FDEP_Regulatory_District":"Central District","RCP_Region":"Northeast","FDOT_District":5,"House_District_Number":46,"Senate_District_Number":25,"CTF_RL_2020":"Not Affected","CTF_RL_2040_IL":"Not Affected","CTF_RL_2040_INT":"Not Affected","CTF_RL_2070_IL":"Not Affected","CTF_RL_2070_INT":"Not Affected","SSF_RL_100YR_CURR":"Not Affected","SSF_RL_100YR_2040_IL":"Not Affected","SSF_RL_100YR_2040_INT":"Not Affected","SSF_RL_100YR_2070_IL":"Not Affected","SSF_RL_100YR_2070_INT":"Not Affected","SSF_RL_500YR_CURR":"Not Affected","SSF_RL_500YR_2040_IL":"Not Affected","SSF_RL_500YR_2040_INT":"Not Affected","SSF_RL_500YR_2070_IL":"Not Affected","SSF_RL_500YR_2070_INT":"Not Affected","RIF_RL_100YR_2020":"Not Affected","RIF_RL_100YR_2040":"Not Affected","RIF_RL_100YR_2070":"Not Affected","RIF_RL_500YR_2020":"Not Affected","RIF_RL_500YR_2040":"Not Affected","RIF_RL_500YR_2070":"Not Affected"}},{"type":"Feature","id":252,"geometry":{"type":"Point","coordinates":[-80.0921319375265,26.5976669435809]},"properties":{"OBJECTID_1":252,"OBJECTID":252,"HAZUSID":" ","Name":"JFK MED CNTR","Address":"5301 S CONGRESS AVE","City":"ATLANTIS","Zip":"33462","COUNTY":"Palm Beach","X":-80.09213194,"Y":26.59766694,"LONGLAT":"-80.09213194,26.59766694","USNG":"17R NK 90394 42195","OWNERSHIP":" ","PARCELID":" ","FACILITY_T":"HOSPITAL - ACUTE CARE","TTL_BEDS":472,"EFCLASS":"EFHL","Asset_Elevation":null,"Owned_Maintained":null,"Asset":"HOSPITAL - ACUTE CARE","Asset_Sub_Type":null,"Asset_Type":"Hospitals","Asset_Group":"Critical Community and Emergency Facilities","Asset_Relevancy":"Locally Significant","Asset_ID":"HOSP_PT_252","Municipality":"Atlantis","Water_Management_District":"South Florida Water Management District","Souce_Dataset_Entity":"FDEM","Souce_Dataset_Name":"Hospitals - FDEM","Source_Asset_ID":null,"Restricted_Public_Disclosure":null,"Notes":null,"Regional_Planning_Council":"Treasure Coast","FDEP_Regulatory_District":"Southeast District","RCP_Region":"Southeast","FDOT_District":4,"House_District_Number":89,"Senate_District_Number":24,"CTF_RL_2020":"Not Affected","CTF_RL_2040_IL":"Not Affected","CTF_RL_2040_INT":"Not Affected","CTF_RL_2070_IL":"Not Affected","CTF_RL_2070_INT":"Not Affected","SSF_RL_100YR_CURR":"Not Affected","SSF_RL_100YR_2040_IL":"Not Affected","SSF_RL_100YR_2040_INT":"Not Affected","SSF_RL_100YR_2070_IL":"Not Affected","SSF_RL_100YR_2070_INT":"Not Affected","SSF_RL_500YR_CURR":"Not Affected","SSF_RL_500YR_2040_IL":"Not Affected","SSF_RL_500YR_2040_INT":"Not Affected","SSF_RL_500YR_2070_IL":"Not Affected","SSF_RL_500YR_2070_INT":"Not Affected","RIF_RL_100YR_2020":"Not Affected","RIF_RL_100YR_2040":"Not Affected","RIF_RL_100YR_2070":"Not Affected","RIF_RL_500YR_2020":"Not Affected","RIF_RL_500YR_2040":"Not Affected","RIF_RL_500YR_2070":"Not Affected"}},{"type":"Feature","id":253,"geometry":{"type":"Point","coordinates":[-80.1028429439651,26.3588476691437]},"properties":{"OBJECTID_1":253,"OBJECTID":253,"HAZUSID":" ","Name":"BOCA RATON REG HOSP","Address":"800 MEADOWS RD","City":"BOCA RATON","Zip":"33486","COUNTY":"Palm Beach","X":-80.10284294,"Y":26.35884767,"LONGLAT":"-80.10284294,26.35884767","USNG":"17R NK 89513 15736","OWNERSHIP":" ","PARCELID":" ","FACILITY_T":"HOSPITAL - ACUTE CARE","TTL_BEDS":400,"EFCLASS":"EFHL","Asset_Elevation":null,"Owned_Maintained":null,"Asset":"HOSPITAL - ACUTE CARE","Asset_Sub_Type":null,"Asset_Type":"Hospitals","Asset_Group":"Critical Community and Emergency Facilities","Asset_Relevancy":"Locally Significant","Asset_ID":"HOSP_PT_253","Municipality":"Boca Raton","Water_Management_District":"South Florida Water Management District","Souce_Dataset_Entity":"FDEM","Souce_Dataset_Name":"Hospitals - FDEM","Source_Asset_ID":null,"Restricted_Public_Disclosure":null,"Notes":null,"Regional_Planning_Council":"Treasure Coast","FDEP_Regulatory_District":"Southeast District","RCP_Region":"Southeast","FDOT_District":4,"House_District_Number":91,"Senate_District_Number":30,"CTF_RL_2020":"Not Affected","CTF_RL_2040_IL":"Not Affected","CTF_RL_2040_INT":"Not Affected","CTF_RL_2070_IL":"Not Affected","CTF_RL_2070_INT":"Not Affected","SSF_RL_100YR_CURR":"Not Affected","SSF_RL_100YR_2040_IL":"Not Affected","SSF_RL_100YR_2040_INT":"Not Affected","SSF_RL_100YR_2070_IL":"Not Affected","SSF_RL_100YR_2070_INT":"Not Affected","SSF_RL_500YR_CURR":"Not Affected","SSF_RL_500YR_2040_IL":"Not Affected","SSF_RL_500YR_2040_INT":"Not Affected","SSF_RL_500YR_2070_IL":"Not Affected","SSF_RL_500YR_2070_INT":"Not Affected","RIF_RL_100YR_2020":"Not Affected","RIF_RL_100YR_2040":"Not Affected","RIF_RL_100YR_2070":"Not Affected","RIF_RL_500YR_2020":"Not Affected","RIF_RL_500YR_2040":"Not Affected","RIF_RL_500YR_2070":"Not Affected"}},{"type":"Feature","id":254,"geometry":{"type":"Point","coordinates":[-80.1997669140407,26.5297929276415]},"properties":{"OBJECTID_1":254,"OBJECTID":254,"HAZUSID":" ","Name":"BETHESDA HOSP W","Address":"9655 W BOYNTON BEACH BLVD","City":"BOYNTON BEACH","Zip":"33472","COUNTY":"Palm Beach","X":-80.19976691,"Y":26.52979293,"LONGLAT":"-80.19976691,26.52979293","USNG":"17R NK 79724 34605","OWNERSHIP":" ","PARCELID":" ","FACILITY_T":"HOSPITAL - ACUTE CARE","TTL_BEDS":80,"EFCLASS":"EFHM","Asset_Elevation":null,"Owned_Maintained":null,"Asset":"HOSPITAL - ACUTE CARE","Asset_Sub_Type":null,"Asset_Type":"Hospitals","Asset_Group":"Critical Community and Emergency Facilities","Asset_Relevancy":"Locally Significant","Asset_ID":"HOSP_PT_254","Municipality":null,"Water_Management_District":"South Florida Water Management District","Souce_Dataset_Entity":"FDEM","Souce_Dataset_Name":"Hospitals - FDEM","Source_Asset_ID":null,"Restricted_Public_Disclosure":null,"Notes":null,"Regional_Planning_Council":"Treasure Coast","FDEP_Regulatory_District":"Southeast District","RCP_Region":"Southeast","FDOT_District":4,"House_District_Number":92,"Senate_District_Number":26,"CTF_RL_2020":"Not Affected","CTF_RL_2040_IL":"Not Affected","CTF_RL_2040_INT":"Not Affected","CTF_RL_2070_IL":"Not Affected","CTF_RL_2070_INT":"Not Affected","SSF_RL_100YR_CURR":"Not Affected","SSF_RL_100YR_2040_IL":"Not Affected","SSF_RL_100YR_2040_INT":"Not Affected","SSF_RL_100YR_2070_IL":"Not Affected","SSF_RL_100YR_2070_INT":"Not Affected","SSF_RL_500YR_CURR":"Not Affected","SSF_RL_500YR_2040_IL":"Not Affected","SSF_RL_500YR_2040_INT":"Not Affected","SSF_RL_500YR_2070_IL":"Not Affected","SSF_RL_500YR_2070_INT":"Not Affected","RIF_RL_100YR_2020":"Not Affected","RIF_RL_100YR_2040":"Not Affected","RIF_RL_100YR_2070":"Not Affected","RIF_RL_500YR_2020":"Not Affected","RIF_RL_500YR_2040":"Not Affected","RIF_RL_500YR_2070":"Not Affected"}},{"type":"Feature","id":255,"geometry":{"type":"Point","coordinates":[-80.0970748054299,26.9228964544873]},"properties":{"OBJECTID_1":255,"OBJECTID":255,"HAZUSID":" ","Name":"JUPITER MEDICAL CNTR","Address":"1210 S OLD DIXIE HWY","City":"JUPITER","Zip":"33458","COUNTY":"Palm Beach","X":-80.0970748,"Y":26.92289646,"LONGLAT":"-80.09707480,26.92289646","USNG":"17R NK 89647 78215","OWNERSHIP":" ","PARCELID":" ","FACILITY_T":"HOSPITAL - ACUTE CARE","TTL_BEDS":207,"EFCLASS":"EFHL","Asset_Elevation":null,"Owned_Maintained":null,"Asset":"HOSPITAL - ACUTE CARE","Asset_Sub_Type":null,"Asset_Type":"Hospitals","Asset_Group":"Critical Community and Emergency Facilities","Asset_Relevancy":"Locally Significant","Asset_ID":"HOSP_PT_255","Municipality":"Jupiter","Water_Management_District":"South Florida Water Management District","Souce_Dataset_Entity":"FDEM","Souce_Dataset_Name":"Hospitals - FDEM","Source_Asset_ID":null,"Restricted_Public_Disclosure":null,"Notes":null,"Regional_Planning_Council":"Treasure Coast","FDEP_Regulatory_District":"Southeast District","RCP_Region":"Southeast","FDOT_District":4,"House_District_Number":86,"Senate_District_Number":31,"CTF_RL_2020":"Not Affected","CTF_RL_2040_IL":"Not Affected","CTF_RL_2040_INT":"Not Affected","CTF_RL_2070_IL":"Not Affected","CTF_RL_2070_INT":"Not Affected","SSF_RL_100YR_CURR":"Not Affected","SSF_RL_100YR_2040_IL":"Not Affected","SSF_RL_100YR_2040_INT":"Not Affected","SSF_RL_100YR_2070_IL":"Not Affected","SSF_RL_100YR_2070_INT":"Not Affected","SSF_RL_500YR_CURR":"Not Affected","SSF_RL_500YR_2040_IL":"Not Affected","SSF_RL_500YR_2040_INT":"Not Affected","SSF_RL_500YR_2070_IL":"Not Affected","SSF_RL_500YR_2070_INT":"Not Affected","RIF_RL_100YR_2020":"Not Affected","RIF_RL_100YR_2040":"Not Affected","RIF_RL_100YR_2070":"Not Affected","RIF_RL_500YR_2020":"Not Affected","RIF_RL_500YR_2040":"Not Affected","RIF_RL_500YR_2070":"Not Affected"}},{"type":"Feature","id":256,"geometry":{"type":"Point","coordinates":[-80.6717915295846,26.7242216471336]},"properties":{"OBJECTID_1":256,"OBJECTID":256,"HAZUSID":" ","Name":"LAKESIDE MEDICAL CNTR","Address":"39200 HOOKER HWY","City":"BELLE GLADE","Zip":"33430","COUNTY":"Palm Beach","X":-80.67179153,"Y":26.72422165,"LONGLAT":"-80.67179153,26.72422165","USNG":"17R NK 32642 55932","OWNERSHIP":" ","PARCELID":" ","FACILITY_T":"HOSPITAL - ACUTE CARE","TTL_BEDS":70,"EFCLASS":"EFHM","Asset_Elevation":null,"Owned_Maintained":null,"Asset":"HOSPITAL - ACUTE CARE","Asset_Sub_Type":null,"Asset_Type":"Hospitals","Asset_Group":"Critical Community and Emergency Facilities","Asset_Relevancy":"Locally Significant","Asset_ID":"HOSP_PT_256","Municipality":"Belle Glade","Water_Management_District":"South Florida Water Management District","Souce_Dataset_Entity":"FDEM","Souce_Dataset_Name":"Hospitals - FDEM","Source_Asset_ID":null,"Restricted_Public_Disclosure":null,"Notes":null,"Regional_Planning_Council":"Treasure Coast","FDEP_Regulatory_District":"Southeast District","RCP_Region":"Southeast","FDOT_District":4,"House_District_Number":94,"Senate_District_Number":26,"CTF_RL_2020":"Not Affected","CTF_RL_2040_IL":"Not Affected","CTF_RL_2040_INT":"Not Affected","CTF_RL_2070_IL":"Not Affected","CTF_RL_2070_INT":"Not Affected","SSF_RL_100YR_CURR":"Not Affected","SSF_RL_100YR_2040_IL":"Not Affected","SSF_RL_100YR_2040_INT":"Not Affected","SSF_RL_100YR_2070_IL":"Not Affected","SSF_RL_100YR_2070_INT":"Not Affected","SSF_RL_500YR_CURR":"Not Affected","SSF_RL_500YR_2040_IL":"Not Affected","SSF_RL_500YR_2040_INT":"Not Affected","SSF_RL_500YR_2070_IL":"Not Affected","SSF_RL_500YR_2070_INT":"Not Affected","RIF_RL_100YR_2020":"Not Affected","RIF_RL_100YR_2040":"Not Affected","RIF_RL_100YR_2070":"Not Affected","RIF_RL_500YR_2020":"Not Affected","RIF_RL_500YR_2040":"Not Affected","RIF_RL_500YR_2070":"Not Affected"}},{"type":"Feature","id":257,"geometry":{"type":"Point","coordinates":[-80.0878605753073,26.761410753845]},"properties":{"OBJECTID_1":257,"OBJECTID":257,"HAZUSID":" ","Name":"JFK MDCL CNTR N CAMPUS","Address":"2201 45TH ST","City":"WEST PALM BEACH","Zip":"33407","COUNTY":"Palm Beach","X":-80.08786058,"Y":26.76141075,"LONGLAT":"-80.08786058,26.76141075","USNG":"17R NK 90690 60334","OWNERSHIP":"P","PARCELID":"74434306000001030","FACILITY_T":"HOSPITAL - ACUTE CARE","TTL_BEDS":245,"EFCLASS":"EFHL","Asset_Elevation":null,"Owned_Maintained":null,"Asset":"HOSPITAL - ACUTE CARE","Asset_Sub_Type":null,"Asset_Type":"Hospitals","Asset_Group":"Critical Community and Emergency Facilities","Asset_Relevancy":"Locally Significant","Asset_ID":"HOSP_PT_257","Municipality":"West Palm Beach","Water_Management_District":"South Florida Water Management District","Souce_Dataset_Entity":"FDEM","Souce_Dataset_Name":"Hospitals - FDEM","Source_Asset_ID":null,"Restricted_Public_Disclosure":null,"Notes":null,"Regional_Planning_Council":"Treasure Coast","FDEP_Regulatory_District":"Southeast District","RCP_Region":"Southeast","FDOT_District":4,"House_District_Number":88,"Senate_District_Number":24,"CTF_RL_2020":"Not Affected","CTF_RL_2040_IL":"Not Affected","CTF_RL_2040_INT":"Not Affected","CTF_RL_2070_IL":"Not Affected","CTF_RL_2070_INT":"Not Affected","SSF_RL_100YR_CURR":"Not Affected","SSF_RL_100YR_2040_IL":"Not Affected","SSF_RL_100YR_2040_INT":"Not Affected","SSF_RL_100YR_2070_IL":"Not Affected","SSF_RL_100YR_2070_INT":"Not Affected","SSF_RL_500YR_CURR":"Not Affected","SSF_RL_500YR_2040_IL":"Not Affected","SSF_RL_500YR_2040_INT":"Not Affected","SSF_RL_500YR_2070_IL":"Not Affected","SSF_RL_500YR_2070_INT":"Not Affected","RIF_RL_100YR_2020":"Not Affected","RIF_RL_100YR_2040":"Not Affected","RIF_RL_100YR_2070":"Not Affected","RIF_RL_500YR_2020":"Medium","RIF_RL_500YR_2040":"Medium","RIF_RL_500YR_2070":"Medium"}},{"type":"Feature","id":258,"geometry":{"type":"Point","coordinates":[-80.1997615961086,26.356452843083]},"properties":{"OBJECTID_1":258,"OBJECTID":258,"HAZUSID":" ","Name":"WEST BOCA MEDICAL CNTR","Address":"21644 STATE RD 7","City":"BOCA RATON","Zip":"33428","COUNTY":"Palm Beach","X":-80.1997616,"Y":26.35645284,"LONGLAT":"-80.19976160,26.35645284","USNG":"17R NK 79844 15407","OWNERSHIP":" ","PARCELID":" ","FACILITY_T":"HOSPITAL - ACUTE CARE","TTL_BEDS":195,"EFCLASS":"EFHL","Asset_Elevation":null,"Owned_Maintained":null,"Asset":"HOSPITAL - ACUTE CARE","Asset_Sub_Type":null,"Asset_Type":"Hospitals","Asset_Group":"Critical Community and Emergency Facilities","Asset_Relevancy":"Locally Significant","Asset_ID":"HOSP_PT_258","Municipality":null,"Water_Management_District":"South Florida Water Management District","Souce_Dataset_Entity":"FDEM","Souce_Dataset_Name":"Hospitals - FDEM","Source_Asset_ID":null,"Restricted_Public_Disclosure":null,"Notes":null,"Regional_Planning_Council":"Treasure Coast","FDEP_Regulatory_District":"Southeast District","RCP_Region":"Southeast","FDOT_District":4,"House_District_Number":91,"Senate_District_Number":30,"CTF_RL_2020":"Not Affected","CTF_RL_2040_IL":"Not Affected","CTF_RL_2040_INT":"Not Affected","CTF_RL_2070_IL":"Not Affected","CTF_RL_2070_INT":"Not Affected","SSF_RL_100YR_CURR":"Not Affected","SSF_RL_100YR_2040_IL":"Not Affected","SSF_RL_100YR_2040_INT":"Not Affected","SSF_RL_100YR_2070_IL":"Not Affected","SSF_RL_100YR_2070_INT":"Not Affected","SSF_RL_500YR_CURR":"Not Affected","SSF_RL_500YR_2040_IL":"Not Affected","SSF_RL_500YR_2040_INT":"Not Affected","SSF_RL_500YR_2070_IL":"Not Affected","SSF_RL_500YR_2070_INT":"Not Affected","RIF_RL_100YR_2020":"Not Affected","RIF_RL_100YR_2040":"Not Affected","RIF_RL_100YR_2070":"Not Affected","RIF_RL_500YR_2020":"Not Affected","RIF_RL_500YR_2040":"Not Affected","RIF_RL_500YR_2070":"Not Affected"}},{"type":"Feature","id":259,"geometry":{"type":"Point","coordinates":[-80.086051587426,26.82920449784]},"properties":{"OBJECTID_1":259,"OBJECTID":259,"HAZUSID":" ","Name":"PALM BEACH GARDENS MEDICAL CNTR","Address":"3360 BURNS RD","City":"PALM BEACH GARDENS","Zip":"33410","COUNTY":"Palm Beach","X":-80.08605159,"Y":26.8292045,"LONGLAT":"-80.08605159,26.82920450","USNG":"17R NK 90816 67845","OWNERSHIP":" ","PARCELID":" ","FACILITY_T":"HOSPITAL - ACUTE CARE","TTL_BEDS":199,"EFCLASS":"EFHL","Asset_Elevation":null,"Owned_Maintained":null,"Asset":"HOSPITAL - ACUTE CARE","Asset_Sub_Type":null,"Asset_Type":"Hospitals","Asset_Group":"Critical Community and Emergency Facilities","Asset_Relevancy":"Locally Significant","Asset_ID":"HOSP_PT_259","Municipality":"Palm Beach Gardens","Water_Management_District":"South Florida Water Management District","Souce_Dataset_Entity":"FDEM","Souce_Dataset_Name":"Hospitals - FDEM","Source_Asset_ID":null,"Restricted_Public_Disclosure":null,"Notes":null,"Regional_Planning_Council":"Treasure Coast","FDEP_Regulatory_District":"Southeast District","RCP_Region":"Southeast","FDOT_District":4,"House_District_Number":87,"Senate_District_Number":24,"CTF_RL_2020":"Not Affected","CTF_RL_2040_IL":"Not Affected","CTF_RL_2040_INT":"Not Affected","CTF_RL_2070_IL":"Not Affected","CTF_RL_2070_INT":"Not Affected","SSF_RL_100YR_CURR":"Not Affected","SSF_RL_100YR_2040_IL":"Not Affected","SSF_RL_100YR_2040_INT":"Not Affected","SSF_RL_100YR_2070_IL":"Not Affected","SSF_RL_100YR_2070_INT":"Not Affected","SSF_RL_500YR_CURR":"Not Affected","SSF_RL_500YR_2040_IL":"Not Affected","SSF_RL_500YR_2040_INT":"Not Affected","SSF_RL_500YR_2070_IL":"Not Affected","SSF_RL_500YR_2070_INT":"Not Affected","RIF_RL_100YR_2020":"Not Affected","RIF_RL_100YR_2040":"Not Affected","RIF_RL_100YR_2070":"Not Affected","RIF_RL_500YR_2020":"Not Affected","RIF_RL_500YR_2040":"Not Affected","RIF_RL_500YR_2070":"Not Affected"}},{"type":"Feature","id":260,"geometry":{"type":"Point","coordinates":[-80.0707106077434,26.5053022981746]},"properties":{"OBJECTID_1":260,"OBJECTID":260,"HAZUSID":" ","Name":"BETHESDA HOSP E","Address":"2815 S SEACREST BLVD","City":"BOYNTON BEACH","Zip":"33435","COUNTY":"Palm Beach","X":-80.07071061,"Y":26.5053023,"LONGLAT":"-80.07071061,26.50530230","USNG":"17R NK 92602 31979","OWNERSHIP":" ","PARCELID":" ","FACILITY_T":"HOSPITAL - ACUTE CARE","TTL_BEDS":401,"EFCLASS":"EFHL","Asset_Elevation":null,"Owned_Maintained":null,"Asset":"HOSPITAL - ACUTE CARE","Asset_Sub_Type":null,"Asset_Type":"Hospitals","Asset_Group":"Critical Community and Emergency Facilities","Asset_Relevancy":"Locally Significant","Asset_ID":"HOSP_PT_260","Municipality":"Boynton Beach","Water_Management_District":"South Florida Water Management District","Souce_Dataset_Entity":"FDEM","Souce_Dataset_Name":"Hospitals - FDEM","Source_Asset_ID":null,"Restricted_Public_Disclosure":null,"Notes":null,"Regional_Planning_Council":"Treasure Coast","FDEP_Regulatory_District":"Southeast District","RCP_Region":"Southeast","FDOT_District":4,"House_District_Number":90,"Senate_District_Number":26,"CTF_RL_2020":"Not Affected","CTF_RL_2040_IL":"Not Affected","CTF_RL_2040_INT":"Not Affected","CTF_RL_2070_IL":"Not Affected","CTF_RL_2070_INT":"Not Affected","SSF_RL_100YR_CURR":"Not Affected","SSF_RL_100YR_2040_IL":"Not Affected","SSF_RL_100YR_2040_INT":"Not Affected","SSF_RL_100YR_2070_IL":"Not Affected","SSF_RL_100YR_2070_INT":"Not Affected","SSF_RL_500YR_CURR":"Not Affected","SSF_RL_500YR_2040_IL":"Not Affected","SSF_RL_500YR_2040_INT":"Not Affected","SSF_RL_500YR_2070_IL":"Not Affected","SSF_RL_500YR_2070_INT":"Not Affected","RIF_RL_100YR_2020":"Not Affected","RIF_RL_100YR_2040":"Not Affected","RIF_RL_100YR_2070":"Not Affected","RIF_RL_500YR_2020":"Not Affected","RIF_RL_500YR_2040":"Not Affected","RIF_RL_500YR_2070":"Not Affected"}},{"type":"Feature","id":261,"geometry":{"type":"Point","coordinates":[-80.2058658793514,26.6517174641599]},"properties":{"OBJECTID_1":261,"OBJECTID":261,"HAZUSID":" ","Name":"WELLINGTON REGIONAL MEDICAL CNTR","Address":"10101 FOREST HILL BLVD","City":"WELLINGTON","Zip":"33414","COUNTY":"Palm Beach","X":-80.20586588,"Y":26.65171747,"LONGLAT":"-80.20586588,26.65171747","USNG":"17R NK 79032 48106","OWNERSHIP":" ","PARCELID":" ","FACILITY_T":"HOSPITAL - ACUTE CARE","TTL_BEDS":233,"EFCLASS":"EFHL","Asset_Elevation":null,"Owned_Maintained":null,"Asset":"HOSPITAL - ACUTE CARE","Asset_Sub_Type":null,"Asset_Type":"Hospitals","Asset_Group":"Critical Community and Emergency Facilities","Asset_Relevancy":"Locally Significant","Asset_ID":"HOSP_PT_261","Municipality":"Wellington","Water_Management_District":"South Florida Water Management District","Souce_Dataset_Entity":"FDEM","Souce_Dataset_Name":"Hospitals - FDEM","Source_Asset_ID":null,"Restricted_Public_Disclosure":null,"Notes":null,"Regional_Planning_Council":"Treasure Coast","FDEP_Regulatory_District":"Southeast District","RCP_Region":"Southeast","FDOT_District":4,"House_District_Number":93,"Senate_District_Number":26,"CTF_RL_2020":"Not Affected","CTF_RL_2040_IL":"Not Affected","CTF_RL_2040_INT":"Not Affected","CTF_RL_2070_IL":"Not Affected","CTF_RL_2070_INT":"Not Affected","SSF_RL_100YR_CURR":"Not Affected","SSF_RL_100YR_2040_IL":"Not Affected","SSF_RL_100YR_2040_INT":"Not Affected","SSF_RL_100YR_2070_IL":"Not Affected","SSF_RL_100YR_2070_INT":"Not Affected","SSF_RL_500YR_CURR":"Not Affected","SSF_RL_500YR_2040_IL":"Not Affected","SSF_RL_500YR_2040_INT":"Not Affected","SSF_RL_500YR_2070_IL":"Not Affected","SSF_RL_500YR_2070_INT":"Not Affected","RIF_RL_100YR_2020":"Not Affected","RIF_RL_100YR_2040":"Not Affected","RIF_RL_100YR_2070":"Not Affected","RIF_RL_500YR_2020":"Not Affected","RIF_RL_500YR_2040":"Not Affected","RIF_RL_500YR_2070":"Not Affected"}},{"type":"Feature","id":262,"geometry":{"type":"Point","coordinates":[-80.0511634748854,26.7254010883333]},"properties":{"OBJECTID_1":262,"OBJECTID":262,"HAZUSID":" ","Name":"GOOD SAMARITAN MED CENT","Address":"1309 N FLAGLER DR","City":"WEST PALM BEACH","Zip":"33401","COUNTY":"Palm Beach","X":-80.05116348,"Y":26.72540109,"LONGLAT":"-80.05116348,26.72540109","USNG":"17R NK 94369 56372","OWNERSHIP":" ","PARCELID":" ","FACILITY_T":"HOSPITAL - ACUTE CARE","TTL_BEDS":333,"EFCLASS":"EFHL","Asset_Elevation":null,"Owned_Maintained":null,"Asset":"HOSPITAL - ACUTE CARE","Asset_Sub_Type":null,"Asset_Type":"Hospitals","Asset_Group":"Critical Community and Emergency Facilities","Asset_Relevancy":"Locally Significant","Asset_ID":"HOSP_PT_262","Municipality":"West Palm Beach","Water_Management_District":"South Florida Water Management District","Souce_Dataset_Entity":"FDEM","Souce_Dataset_Name":"Hospitals - FDEM","Source_Asset_ID":null,"Restricted_Public_Disclosure":null,"Notes":null,"Regional_Planning_Council":"Treasure Coast","FDEP_Regulatory_District":"Southeast District","RCP_Region":"Southeast","FDOT_District":4,"House_District_Number":87,"Senate_District_Number":24,"CTF_RL_2020":"Not Affected","CTF_RL_2040_IL":"Not Affected","CTF_RL_2040_INT":"Not Affected","CTF_RL_2070_IL":"Not Affected","CTF_RL_2070_INT":"Not Affected","SSF_RL_100YR_CURR":"Medium","SSF_RL_100YR_2040_IL":"Medium","SSF_RL_100YR_2040_INT":"High","SSF_RL_100YR_2070_IL":"High","SSF_RL_100YR_2070_INT":"High","SSF_RL_500YR_CURR":"High","SSF_RL_500YR_2040_IL":"High","SSF_RL_500YR_2040_INT":"High","SSF_RL_500YR_2070_IL":"High","SSF_RL_500YR_2070_INT":"High","RIF_RL_100YR_2020":"High","RIF_RL_100YR_2040":"High","RIF_RL_100YR_2070":"High","RIF_RL_500YR_2020":"High","RIF_RL_500YR_2040":"High","RIF_RL_500YR_2070":"High"}},{"type":"Feature","id":263,"geometry":{"type":"Point","coordinates":[-80.2525854096426,26.6837563150274]},"properties":{"OBJECTID_1":263,"OBJECTID":263,"HAZUSID":" ","Name":"PALMS WEST HOSP","Address":"13001 SOUTHERN BLVD","City":"LOXAHATCHEE","Zip":"33470","COUNTY":"Palm Beach","X":-80.25258541,"Y":26.68375632,"LONGLAT":"-80.25258541,26.68375632","USNG":"17R NK 74362 51626","OWNERSHIP":" ","PARCELID":" ","FACILITY_T":"HOSPITAL - ACUTE CARE","TTL_BEDS":204,"EFCLASS":"EFHL","Asset_Elevation":null,"Owned_Maintained":null,"Asset":"HOSPITAL - ACUTE CARE","Asset_Sub_Type":null,"Asset_Type":"Hospitals","Asset_Group":"Critical Community and Emergency Facilities","Asset_Relevancy":"Locally Significant","Asset_ID":"HOSP_PT_263","Municipality":null,"Water_Management_District":"South Florida Water Management District","Souce_Dataset_Entity":"FDEM","Souce_Dataset_Name":"Hospitals - FDEM","Source_Asset_ID":null,"Restricted_Public_Disclosure":null,"Notes":null,"Regional_Planning_Council":"Treasure Coast","FDEP_Regulatory_District":"Southeast District","RCP_Region":"Southeast","FDOT_District":4,"House_District_Number":94,"Senate_District_Number":31,"CTF_RL_2020":"Not Affected","CTF_RL_2040_IL":"Not Affected","CTF_RL_2040_INT":"Not Affected","CTF_RL_2070_IL":"Not Affected","CTF_RL_2070_INT":"Not Affected","SSF_RL_100YR_CURR":"Not Affected","SSF_RL_100YR_2040_IL":"Not Affected","SSF_RL_100YR_2040_INT":"Not Affected","SSF_RL_100YR_2070_IL":"Not Affected","SSF_RL_100YR_2070_INT":"Not Affected","SSF_RL_500YR_CURR":"Not Affected","SSF_RL_500YR_2040_IL":"Not Affected","SSF_RL_500YR_2040_INT":"Not Affected","SSF_RL_500YR_2070_IL":"Not Affected","SSF_RL_500YR_2070_INT":"Not Affected","RIF_RL_100YR_2020":"Not Affected","RIF_RL_100YR_2040":"Not Affected","RIF_RL_100YR_2070":"Not Affected","RIF_RL_500YR_2020":"Not Affected","RIF_RL_500YR_2040":"Not Affected","RIF_RL_500YR_2070":"Not Affected"}},{"type":"Feature","id":264,"geometry":{"type":"Point","coordinates":[-80.0914398955258,26.6092088952462]},"properties":{"OBJECTID_1":264,"OBJECTID":264,"HAZUSID":" ","Name":"SELECT SPECIALTY HOSPITAL - PALM BEACH","Address":"3060 MELALEUCA LANE","City":"LAKE WORTH","Zip":"33461","COUNTY":"Palm Beach","X":-80.0914399,"Y":26.6092089,"LONGLAT":"-80.09143990,26.60920890","USNG":"17R NK 90454 43473","OWNERSHIP":"PR","PARCELID":"00434430220000000","FACILITY_T":"HOSPITAL","TTL_BEDS":60,"EFCLASS":"EFHM","Asset_Elevation":null,"Owned_Maintained":null,"Asset":"HOSPITAL","Asset_Sub_Type":null,"Asset_Type":"Hospitals","Asset_Group":"Critical Community and Emergency Facilities","Asset_Relevancy":"Locally Significant","Asset_ID":"HOSP_PT_264","Municipality":"Palm Springs","Water_Management_District":"South Florida Water Management District","Souce_Dataset_Entity":"FDEM","Souce_Dataset_Name":"Hospitals - FDEM","Source_Asset_ID":null,"Restricted_Public_Disclosure":null,"Notes":null,"Regional_Planning_Council":"Treasure Coast","FDEP_Regulatory_District":"Southeast District","RCP_Region":"Southeast","FDOT_District":4,"House_District_Number":89,"Senate_District_Number":24,"CTF_RL_2020":"Not Affected","CTF_RL_2040_IL":"Not Affected","CTF_RL_2040_INT":"Not Affected","CTF_RL_2070_IL":"Not Affected","CTF_RL_2070_INT":"Not Affected","SSF_RL_100YR_CURR":"Not Affected","SSF_RL_100YR_2040_IL":"Not Affected","SSF_RL_100YR_2040_INT":"Not Affected","SSF_RL_100YR_2070_IL":"Not Affected","SSF_RL_100YR_2070_INT":"Not Affected","SSF_RL_500YR_CURR":"Not Affected","SSF_RL_500YR_2040_IL":"Not Affected","SSF_RL_500YR_2040_INT":"Not Affected","SSF_RL_500YR_2070_IL":"Not Affected","SSF_RL_500YR_2070_INT":"Not Affected","RIF_RL_100YR_2020":"Not Affected","RIF_RL_100YR_2040":"Not Affected","RIF_RL_100YR_2070":"Not Affected","RIF_RL_500YR_2020":"Not Affected","RIF_RL_500YR_2040":"Not Affected","RIF_RL_500YR_2070":"Not Affected"}},{"type":"Feature","id":265,"geometry":{"type":"Point","coordinates":[-80.1104046450719,26.782934390089]},"properties":{"OBJECTID_1":265,"OBJECTID":265,"HAZUSID":" ","Name":"KINDRED HOSP - PALM BEACHES","Address":"5555 W BLUE HERON BLVD","City":"RIVIERA BEACH","Zip":"33418","COUNTY":"Palm Beach","X":-80.11040464,"Y":26.78293439,"LONGLAT":"-80.11040464,26.78293439","USNG":"17R NK 88432 62702","OWNERSHIP":"PR","PARCELID":"56424225410000010","FACILITY_T":"HOSPITAL","TTL_BEDS":70,"EFCLASS":"EFHM","Asset_Elevation":null,"Owned_Maintained":null,"Asset":"HOSPITAL","Asset_Sub_Type":null,"Asset_Type":"Hospitals","Asset_Group":"Critical Community and Emergency Facilities","Asset_Relevancy":"Locally Significant","Asset_ID":"HOSP_PT_265","Municipality":"Riviera Beach","Water_Management_District":"South Florida Water Management District","Souce_Dataset_Entity":"FDEM","Souce_Dataset_Name":"Hospitals - FDEM","Source_Asset_ID":null,"Restricted_Public_Disclosure":null,"Notes":null,"Regional_Planning_Council":"Treasure Coast","FDEP_Regulatory_District":"Southeast District","RCP_Region":"Southeast","FDOT_District":4,"House_District_Number":88,"Senate_District_Number":24,"CTF_RL_2020":"Not Affected","CTF_RL_2040_IL":"Not Affected","CTF_RL_2040_INT":"Not Affected","CTF_RL_2070_IL":"Not Affected","CTF_RL_2070_INT":"Not Affected","SSF_RL_100YR_CURR":"Not Affected","SSF_RL_100YR_2040_IL":"Not Affected","SSF_RL_100YR_2040_INT":"Not Affected","SSF_RL_100YR_2070_IL":"Not Affected","SSF_RL_100YR_2070_INT":"Not Affected","SSF_RL_500YR_CURR":"Not Affected","SSF_RL_500YR_2040_IL":"Not Affected","SSF_RL_500YR_2040_INT":"Not Affected","SSF_RL_500YR_2070_IL":"Not Affected","SSF_RL_500YR_2070_INT":"Not Affected","RIF_RL_100YR_2020":"Not Affected","RIF_RL_100YR_2040":"Not Affected","RIF_RL_100YR_2070":"Not Affected","RIF_RL_500YR_2020":"Not Affected","RIF_RL_500YR_2040":"Not Affected","RIF_RL_500YR_2070":"Not Affected"}},{"type":"Feature","id":266,"geometry":{"type":"Point","coordinates":[-80.0674680650173,26.7540102603136]},"properties":{"OBJECTID_1":266,"OBJECTID":266,"HAZUSID":" ","Name":"JEROME GOLDEN CNTR/BEHAVIORAL HLTH","Address":"1041 45TH ST","City":"WEST PALM BEACH","Zip":"33407","COUNTY":"Palm Beach","X":-80.06746806,"Y":26.75401026,"LONGLAT":"-80.06746806,26.75401026","USNG":"17R NK 92724 59529","OWNERSHIP":" ","PARCELID":" ","FACILITY_T":"HOSPITAL","TTL_BEDS":44,"EFCLASS":"EFHS","Asset_Elevation":null,"Owned_Maintained":null,"Asset":"HOSPITAL","Asset_Sub_Type":null,"Asset_Type":"Hospitals","Asset_Group":"Critical Community and Emergency Facilities","Asset_Relevancy":"Locally Significant","Asset_ID":"HOSP_PT_266","Municipality":"West Palm Beach","Water_Management_District":"South Florida Water Management District","Souce_Dataset_Entity":"FDEM","Souce_Dataset_Name":"Hospitals - FDEM","Source_Asset_ID":null,"Restricted_Public_Disclosure":null,"Notes":null,"Regional_Planning_Council":"Treasure Coast","FDEP_Regulatory_District":"Southeast District","RCP_Region":"Southeast","FDOT_District":4,"House_District_Number":88,"Senate_District_Number":24,"CTF_RL_2020":"Not Affected","CTF_RL_2040_IL":"Not Affected","CTF_RL_2040_INT":"Not Affected","CTF_RL_2070_IL":"Not Affected","CTF_RL_2070_INT":"Not Affected","SSF_RL_100YR_CURR":"Not Affected","SSF_RL_100YR_2040_IL":"Not Affected","SSF_RL_100YR_2040_INT":"Not Affected","SSF_RL_100YR_2070_IL":"Not Affected","SSF_RL_100YR_2070_INT":"Not Affected","SSF_RL_500YR_CURR":"Not Affected","SSF_RL_500YR_2040_IL":"Not Affected","SSF_RL_500YR_2040_INT":"Not Affected","SSF_RL_500YR_2070_IL":"Not Affected","SSF_RL_500YR_2070_INT":"Not Affected","RIF_RL_100YR_2020":"Not Affected","RIF_RL_100YR_2040":"Not Affected","RIF_RL_100YR_2070":"Not Affected","RIF_RL_500YR_2020":"Not Affected","RIF_RL_500YR_2040":"Not Affected","RIF_RL_500YR_2070":"Not Affected"}},{"type":"Feature","id":267,"geometry":{"type":"Point","coordinates":[-80.1495643541377,26.5150392048293]},"properties":{"OBJECTID_1":267,"OBJECTID":267,"HAZUSID":" ","Name":"JFK ER BOYNTON BEACH","Address":"10921 S JOG RD","City":"BOYNTON BEACH","Zip":"33437","COUNTY":"Palm Beach","X":-80.14956435,"Y":26.51503921,"LONGLAT":"-80.14956435,26.51503921","USNG":"17R NK 84736 33003","OWNERSHIP":" ","PARCELID":" ","FACILITY_T":"HOSPITAL - TRAUMA","TTL_BEDS":0,"EFCLASS":"MDFLT","Asset_Elevation":null,"Owned_Maintained":null,"Asset":"HOSPITAL - TRAUMA","Asset_Sub_Type":null,"Asset_Type":"Hospitals","Asset_Group":"Critical Community and Emergency Facilities","Asset_Relevancy":"Locally Significant","Asset_ID":"HOSP_PT_267","Municipality":null,"Water_Management_District":"South Florida Water Management District","Souce_Dataset_Entity":"FDEM","Souce_Dataset_Name":"Hospitals - FDEM","Source_Asset_ID":null,"Restricted_Public_Disclosure":null,"Notes":null,"Regional_Planning_Council":"Treasure Coast","FDEP_Regulatory_District":"Southeast District","RCP_Region":"Southeast","FDOT_District":4,"House_District_Number":92,"Senate_District_Number":26,"CTF_RL_2020":"Not Affected","CTF_RL_2040_IL":"Not Affected","CTF_RL_2040_INT":"Not Affected","CTF_RL_2070_IL":"Not Affected","CTF_RL_2070_INT":"Not Affected","SSF_RL_100YR_CURR":"Not Affected","SSF_RL_100YR_2040_IL":"Not Affected","SSF_RL_100YR_2040_INT":"Not Affected","SSF_RL_100YR_2070_IL":"Not Affected","SSF_RL_100YR_2070_INT":"Not Affected","SSF_RL_500YR_CURR":"Not Affected","SSF_RL_500YR_2040_IL":"Not Affected","SSF_RL_500YR_2040_INT":"Not Affected","SSF_RL_500YR_2070_IL":"Not Affected","SSF_RL_500YR_2070_INT":"Not Affected","RIF_RL_100YR_2020":"Not Affected","RIF_RL_100YR_2040":"Not Affected","RIF_RL_100YR_2070":"Not Affected","RIF_RL_500YR_2020":"Not Affected","RIF_RL_500YR_2040":"Not Affected","RIF_RL_500YR_2070":"Not Affected"}},{"type":"Feature","id":268,"geometry":{"type":"Point","coordinates":[-80.1270835341004,26.43717470496]},"properties":{"OBJECTID_1":268,"OBJECTID":268,"HAZUSID":" ","Name":"DELRAY MED CENT","Address":"5352 LINTON BLVD","City":"DELRAY BEACH","Zip":"33484","COUNTY":"Palm Beach","X":-80.12708353,"Y":26.43717471,"LONGLAT":"-80.12708353,26.43717471","USNG":"17R NK 87035 24394","OWNERSHIP":" ","PARCELID":" ","FACILITY_T":"HOSPITAL - TRAUMA","TTL_BEDS":493,"EFCLASS":"EFHL","Asset_Elevation":null,"Owned_Maintained":null,"Asset":"HOSPITAL - TRAUMA","Asset_Sub_Type":null,"Asset_Type":"Hospitals","Asset_Group":"Critical Community and Emergency Facilities","Asset_Relevancy":"Locally Significant","Asset_ID":"HOSP_PT_268","Municipality":"Delray Beach","Water_Management_District":"South Florida Water Management District","Souce_Dataset_Entity":"FDEM","Souce_Dataset_Name":"Hospitals - FDEM","Source_Asset_ID":null,"Restricted_Public_Disclosure":null,"Notes":null,"Regional_Planning_Council":"Treasure Coast","FDEP_Regulatory_District":"Southeast District","RCP_Region":"Southeast","FDOT_District":4,"House_District_Number":90,"Senate_District_Number":26,"CTF_RL_2020":"Not Affected","CTF_RL_2040_IL":"Not Affected","CTF_RL_2040_INT":"Not Affected","CTF_RL_2070_IL":"Not Affected","CTF_RL_2070_INT":"Not Affected","SSF_RL_100YR_CURR":"Not Affected","SSF_RL_100YR_2040_IL":"Not Affected","SSF_RL_100YR_2040_INT":"Not Affected","SSF_RL_100YR_2070_IL":"Not Affected","SSF_RL_100YR_2070_INT":"Not Affected","SSF_RL_500YR_CURR":"Not Affected","SSF_RL_500YR_2040_IL":"Not Affected","SSF_RL_500YR_2040_INT":"Not Affected","SSF_RL_500YR_2070_IL":"Not Affected","SSF_RL_500YR_2070_INT":"Not Affected","RIF_RL_100YR_2020":"Not Affected","RIF_RL_100YR_2040":"Not Affected","RIF_RL_100YR_2070":"Not Affected","RIF_RL_500YR_2020":"Not Affected","RIF_RL_500YR_2040":"Not Affected","RIF_RL_500YR_2070":"Not Affected"}},{"type":"Feature","id":269,"geometry":{"type":"Point","coordinates":[-80.0618742468057,26.7559155038301]},"properties":{"OBJECTID_1":269,"OBJECTID":269,"HAZUSID":" ","Name":"ST MARY'S MEDICAL CNTR","Address":"901 45TH ST","City":"WEST PALM BEACH","Zip":"33407","COUNTY":"Palm Beach","X":-80.06187425,"Y":26.7559155,"LONGLAT":"-80.06187425,26.75591550","USNG":"17R NK 93278 59744","OWNERSHIP":" ","PARCELID":" ","FACILITY_T":"HOSPITAL - TRAUMA","TTL_BEDS":464,"EFCLASS":"EFHL","Asset_Elevation":null,"Owned_Maintained":null,"Asset":"HOSPITAL - TRAUMA","Asset_Sub_Type":null,"Asset_Type":"Hospitals","Asset_Group":"Critical Community and Emergency Facilities","Asset_Relevancy":"Locally Significant","Asset_ID":"HOSP_PT_269","Municipality":"West Palm Beach","Water_Management_District":"South Florida Water Management District","Souce_Dataset_Entity":"FDEM","Souce_Dataset_Name":"Hospitals - FDEM","Source_Asset_ID":null,"Restricted_Public_Disclosure":null,"Notes":null,"Regional_Planning_Council":"Treasure Coast","FDEP_Regulatory_District":"Southeast District","RCP_Region":"Southeast","FDOT_District":4,"House_District_Number":88,"Senate_District_Number":24,"CTF_RL_2020":"Not Affected","CTF_RL_2040_IL":"Not Affected","CTF_RL_2040_INT":"Not Affected","CTF_RL_2070_IL":"Not Affected","CTF_RL_2070_INT":"Not Affected","SSF_RL_100YR_CURR":"Not Affected","SSF_RL_100YR_2040_IL":"Not Affected","SSF_RL_100YR_2040_INT":"Not Affected","SSF_RL_100YR_2070_IL":"Not Affected","SSF_RL_100YR_2070_INT":"Not Affected","SSF_RL_500YR_CURR":"Not Affected","SSF_RL_500YR_2040_IL":"Not Affected","SSF_RL_500YR_2040_INT":"Not Affected","SSF_RL_500YR_2070_IL":"Not Affected","SSF_RL_500YR_2070_INT":"Not Affected","RIF_RL_100YR_2020":"Medium","RIF_RL_100YR_2040":"Medium","RIF_RL_100YR_2070":"Medium","RIF_RL_500YR_2020":"Medium","RIF_RL_500YR_2040":"Medium","RIF_RL_500YR_2070":"Medium"}},{"type":"Feature","id":270,"geometry":{"type":"Point","coordinates":[-80.1121253390726,26.785275765395]},"properties":{"OBJECTID_1":270,"OBJECTID":270,"HAZUSID":" ","Name":"WEST PALM BEACH VA MEDICAL CNTR","Address":"7305 N. MILITARY TRAIL","City":"WEST PALM BEACH","Zip":"33410","COUNTY":"Palm Beach","X":-80.11212534,"Y":26.78527577,"LONGLAT":"-80.11212534,26.78527577","USNG":"17R NK 88259 62961","OWNERSHIP":"F","PARCELID":"56424225000007070","FACILITY_T":"HOSPITAL - VA","TTL_BEDS":270,"EFCLASS":"EFHL","Asset_Elevation":null,"Owned_Maintained":null,"Asset":"HOSPITAL - VA","Asset_Sub_Type":null,"Asset_Type":"Hospitals","Asset_Group":"Critical Community and Emergency Facilities","Asset_Relevancy":"Locally Significant","Asset_ID":"HOSP_PT_270","Municipality":"Riviera Beach","Water_Management_District":"South Florida Water Management District","Souce_Dataset_Entity":"FDEM","Souce_Dataset_Name":"Hospitals - FDEM","Source_Asset_ID":null,"Restricted_Public_Disclosure":null,"Notes":null,"Regional_Planning_Council":"Treasure Coast","FDEP_Regulatory_District":"Southeast District","RCP_Region":"Southeast","FDOT_District":4,"House_District_Number":88,"Senate_District_Number":24,"CTF_RL_2020":"Not Affected","CTF_RL_2040_IL":"Not Affected","CTF_RL_2040_INT":"Not Affected","CTF_RL_2070_IL":"Not Affected","CTF_RL_2070_INT":"Not Affected","SSF_RL_100YR_CURR":"Not Affected","SSF_RL_100YR_2040_IL":"Not Affected","SSF_RL_100YR_2040_INT":"Not Affected","SSF_RL_100YR_2070_IL":"Not Affected","SSF_RL_100YR_2070_INT":"Not Affected","SSF_RL_500YR_CURR":"Not Affected","SSF_RL_500YR_2040_IL":"Not Affected","SSF_RL_500YR_2040_INT":"Not Affected","SSF_RL_500YR_2070_IL":"Not Affected","SSF_RL_500YR_2070_INT":"Not Affected","RIF_RL_100YR_2020":"High","RIF_RL_100YR_2040":"High","RIF_RL_100YR_2070":"High","RIF_RL_500YR_2020":"High","RIF_RL_500YR_2040":"High","RIF_RL_500YR_2070":"High"}},{"type":"Feature","id":271,"geometry":{"type":"Point","coordinates":[-82.6689099999499,28.3005299994901]},"properties":{"OBJECTID_1":271,"OBJECTID":271,"HAZUSID":" ","Name":"NEW PORTRICHEY CLIN","Address":"9912 LITTLE ROAD","City":"NEW PORT RICHEY","Zip":"34654","COUNTY":"Pasco","X":-82.66891,"Y":28.30053,"LONGLAT":"-82.66891000,28.30053000","USNG":"17R LM 36353 31624","OWNERSHIP":" ","PARCELID":" ","FACILITY_T":"HOSPITAL - VA","TTL_BEDS":0,"EFCLASS":"MDFLT","Asset_Elevation":null,"Owned_Maintained":null,"Asset":"HOSPITAL - VA","Asset_Sub_Type":null,"Asset_Type":"Hospitals","Asset_Group":"Critical Community and Emergency Facilities","Asset_Relevancy":"Locally Significant","Asset_ID":"HOSP_PT_271","Municipality":null,"Water_Management_District":"Southwest Florida Water Management District","Souce_Dataset_Entity":"FDEM","Souce_Dataset_Name":"Hospitals - FDEM","Source_Asset_ID":null,"Restricted_Public_Disclosure":null,"Notes":null,"Regional_Planning_Council":"Tampa Bay","FDEP_Regulatory_District":"Southwest District","RCP_Region":"Southwest","FDOT_District":7,"House_District_Number":55,"Senate_District_Number":21,"CTF_RL_2020":"Not Affected","CTF_RL_2040_IL":"Not Affected","CTF_RL_2040_INT":"Not Affected","CTF_RL_2070_IL":"Not Affected","CTF_RL_2070_INT":"Not Affected","SSF_RL_100YR_CURR":"Not Affected","SSF_RL_100YR_2040_IL":"Not Affected","SSF_RL_100YR_2040_INT":"Not Affected","SSF_RL_100YR_2070_IL":"Not Affected","SSF_RL_100YR_2070_INT":"Not Affected","SSF_RL_500YR_CURR":"Not Affected","SSF_RL_500YR_2040_IL":"Not Affected","SSF_RL_500YR_2040_INT":"Not Affected","SSF_RL_500YR_2070_IL":"Not Affected","SSF_RL_500YR_2070_INT":"Not Affected","RIF_RL_100YR_2020":"Medium","RIF_RL_100YR_2040":"High","RIF_RL_100YR_2070":"Medium","RIF_RL_500YR_2020":"High","RIF_RL_500YR_2040":"High","RIF_RL_500YR_2070":"High"}},{"type":"Feature","id":272,"geometry":{"type":"Point","coordinates":[-82.6917360253173,28.223988337121]},"properties":{"OBJECTID_1":272,"OBJECTID":272,"HAZUSID":" ","Name":"ALL CHILDRENS HOSPITAL","Address":"4443 ROWAN RD","City":"NEW PORT RICHEY","Zip":"34653","COUNTY":"Pasco","X":-82.69173603,"Y":28.22398834,"LONGLAT":"-82.69173603,28.22398834","USNG":"17R LM 33996 23174","OWNERSHIP":" ","PARCELID":" ","FACILITY_T":"HOSPITAL","TTL_BEDS":0,"EFCLASS":"MDFLT","Asset_Elevation":null,"Owned_Maintained":null,"Asset":"HOSPITAL","Asset_Sub_Type":null,"Asset_Type":"Hospitals","Asset_Group":"Critical Community and Emergency Facilities","Asset_Relevancy":"Locally Significant","Asset_ID":"HOSP_PT_272","Municipality":null,"Water_Management_District":"Southwest Florida Water Management District","Souce_Dataset_Entity":"FDEM","Souce_Dataset_Name":"Hospitals - FDEM","Source_Asset_ID":null,"Restricted_Public_Disclosure":null,"Notes":null,"Regional_Planning_Council":"Tampa Bay","FDEP_Regulatory_District":"Southwest District","RCP_Region":"Southwest","FDOT_District":7,"House_District_Number":56,"Senate_District_Number":21,"CTF_RL_2020":"Not Affected","CTF_RL_2040_IL":"Not Affected","CTF_RL_2040_INT":"Not Affected","CTF_RL_2070_IL":"Not Affected","CTF_RL_2070_INT":"Not Affected","SSF_RL_100YR_CURR":"Not Affected","SSF_RL_100YR_2040_IL":"Not Affected","SSF_RL_100YR_2040_INT":"Not Affected","SSF_RL_100YR_2070_IL":"Not Affected","SSF_RL_100YR_2070_INT":"Not Affected","SSF_RL_500YR_CURR":"Not Affected","SSF_RL_500YR_2040_IL":"Not Affected","SSF_RL_500YR_2040_INT":"Not Affected","SSF_RL_500YR_2070_IL":"Not Affected","SSF_RL_500YR_2070_INT":"Not Affected","RIF_RL_100YR_2020":"Not Affected","RIF_RL_100YR_2040":"Not Affected","RIF_RL_100YR_2070":"Not Affected","RIF_RL_500YR_2020":"Not Affected","RIF_RL_500YR_2040":"Not Affected","RIF_RL_500YR_2070":"Not Affected"}},{"type":"Feature","id":273,"geometry":{"type":"Point","coordinates":[-82.4899617705615,28.2952826069526]},"properties":{"OBJECTID_1":273,"OBJECTID":273,"HAZUSID":" ","Name":"FLORIDA HOSPITAL AT CONNERTON","Address":"9441 HEALTH CENTER DR","City":"LAND O LAKES","Zip":"34637","COUNTY":"Pasco","X":-82.48996177,"Y":28.29528261,"LONGLAT":"-82.48996177,28.29528261","USNG":"17R LM 53895 30813","OWNERSHIP":" ","PARCELID":" ","FACILITY_T":"HOSPITAL","TTL_BEDS":50,"EFCLASS":"EFHS","Asset_Elevation":null,"Owned_Maintained":null,"Asset":"HOSPITAL","Asset_Sub_Type":null,"Asset_Type":"Hospitals","Asset_Group":"Critical Community and Emergency Facilities","Asset_Relevancy":"Locally Significant","Asset_ID":"HOSP_PT_273","Municipality":null,"Water_Management_District":"Southwest Florida Water Management District","Souce_Dataset_Entity":"FDEM","Souce_Dataset_Name":"Hospitals - FDEM","Source_Asset_ID":null,"Restricted_Public_Disclosure":null,"Notes":null,"Regional_Planning_Council":"Tampa Bay","FDEP_Regulatory_District":"Southwest District","RCP_Region":"Southwest","FDOT_District":7,"House_District_Number":55,"Senate_District_Number":23,"CTF_RL_2020":"Not Affected","CTF_RL_2040_IL":"Not Affected","CTF_RL_2040_INT":"Not Affected","CTF_RL_2070_IL":"Not Affected","CTF_RL_2070_INT":"Not Affected","SSF_RL_100YR_CURR":"Not Affected","SSF_RL_100YR_2040_IL":"Not Affected","SSF_RL_100YR_2040_INT":"Not Affected","SSF_RL_100YR_2070_IL":"Not Affected","SSF_RL_100YR_2070_INT":"Not Affected","SSF_RL_500YR_CURR":"Not Affected","SSF_RL_500YR_2040_IL":"Not Affected","SSF_RL_500YR_2040_INT":"Not Affected","SSF_RL_500YR_2070_IL":"Not Affected","SSF_RL_500YR_2070_INT":"Not Affected","RIF_RL_100YR_2020":"Not Affected","RIF_RL_100YR_2040":"Not Affected","RIF_RL_100YR_2070":"Not Affected","RIF_RL_500YR_2020":"Not Affected","RIF_RL_500YR_2040":"Not Affected","RIF_RL_500YR_2070":"Not Affected"}},{"type":"Feature","id":274,"geometry":{"type":"Point","coordinates":[-82.351128750206,28.1955722100654]},"properties":{"OBJECTID_1":274,"OBJECTID":274,"HAZUSID":" ","Name":"FLORIDA HOSPITAL OF WESLEY CHAPEL","Address":"2600 BRUCE B DOWNS BLVD","City":"WESLEY CHAPEL","Zip":"33544","COUNTY":"Pasco","X":-82.35112875,"Y":28.19557221,"LONGLAT":"-82.35112875,28.19557221","USNG":"17R LM 67387 19606","OWNERSHIP":" ","PARCELID":" ","FACILITY_T":"HOSPITAL - ACUTE CARE","TTL_BEDS":83,"EFCLASS":"EFHM","Asset_Elevation":null,"Owned_Maintained":null,"Asset":"HOSPITAL - ACUTE CARE","Asset_Sub_Type":null,"Asset_Type":"Hospitals","Asset_Group":"Critical Community and Emergency Facilities","Asset_Relevancy":"Locally Significant","Asset_ID":"HOSP_PT_274","Municipality":null,"Water_Management_District":"Southwest Florida Water Management District","Souce_Dataset_Entity":"FDEM","Souce_Dataset_Name":"Hospitals - FDEM","Source_Asset_ID":null,"Restricted_Public_Disclosure":null,"Notes":null,"Regional_Planning_Council":"Tampa Bay","FDEP_Regulatory_District":"Southwest District","RCP_Region":"Southwest","FDOT_District":7,"House_District_Number":54,"Senate_District_Number":23,"CTF_RL_2020":"Not Affected","CTF_RL_2040_IL":"Not Affected","CTF_RL_2040_INT":"Not Affected","CTF_RL_2070_IL":"Not Affected","CTF_RL_2070_INT":"Not Affected","SSF_RL_100YR_CURR":"Not Affected","SSF_RL_100YR_2040_IL":"Not Affected","SSF_RL_100YR_2040_INT":"Not Affected","SSF_RL_100YR_2070_IL":"Not Affected","SSF_RL_100YR_2070_INT":"Not Affected","SSF_RL_500YR_CURR":"Not Affected","SSF_RL_500YR_2040_IL":"Not Affected","SSF_RL_500YR_2040_INT":"Not Affected","SSF_RL_500YR_2070_IL":"Not Affected","SSF_RL_500YR_2070_INT":"Not Affected","RIF_RL_100YR_2020":"Not Affected","RIF_RL_100YR_2040":"Not Affected","RIF_RL_100YR_2070":"Not Affected","RIF_RL_500YR_2020":"Not Affected","RIF_RL_500YR_2040":"Low","RIF_RL_500YR_2070":"Low"}},{"type":"Feature","id":275,"geometry":{"type":"Point","coordinates":[-82.3445000001223,28.1892999991314]},"properties":{"OBJECTID_1":275,"OBJECTID":275,"HAZUSID":" ","Name":"N TAMPA BEHAVIORAL HEALTH","Address":"29910 SR 56","City":"WESLEY CHAPEL","Zip":"33543","COUNTY":"Pasco","X":-82.3445,"Y":28.1893,"LONGLAT":"-82.34450000,28.18930000","USNG":"17R LM 68030 18903","OWNERSHIP":" ","PARCELID":" ","FACILITY_T":"HOSPITAL","TTL_BEDS":75,"EFCLASS":"EFHM","Asset_Elevation":null,"Owned_Maintained":null,"Asset":"HOSPITAL","Asset_Sub_Type":null,"Asset_Type":"Hospitals","Asset_Group":"Critical Community and Emergency Facilities","Asset_Relevancy":"Locally Significant","Asset_ID":"HOSP_PT_275","Municipality":null,"Water_Management_District":"Southwest Florida Water Management District","Souce_Dataset_Entity":"FDEM","Souce_Dataset_Name":"Hospitals - FDEM","Source_Asset_ID":null,"Restricted_Public_Disclosure":null,"Notes":null,"Regional_Planning_Council":"Tampa Bay","FDEP_Regulatory_District":"Southwest District","RCP_Region":"Southwest","FDOT_District":7,"House_District_Number":54,"Senate_District_Number":23,"CTF_RL_2020":"Not Affected","CTF_RL_2040_IL":"Not Affected","CTF_RL_2040_INT":"Not Affected","CTF_RL_2070_IL":"Not Affected","CTF_RL_2070_INT":"Not Affected","SSF_RL_100YR_CURR":"Not Affected","SSF_RL_100YR_2040_IL":"Not Affected","SSF_RL_100YR_2040_INT":"Not Affected","SSF_RL_100YR_2070_IL":"Not Affected","SSF_RL_100YR_2070_INT":"Not Affected","SSF_RL_500YR_CURR":"Not Affected","SSF_RL_500YR_2040_IL":"Not Affected","SSF_RL_500YR_2040_INT":"Not Affected","SSF_RL_500YR_2070_IL":"Not Affected","SSF_RL_500YR_2070_INT":"Not Affected","RIF_RL_100YR_2020":"High","RIF_RL_100YR_2040":"High","RIF_RL_100YR_2070":"High","RIF_RL_500YR_2020":"High","RIF_RL_500YR_2040":"High","RIF_RL_500YR_2070":"High"}},{"type":"Feature","id":276,"geometry":{"type":"Point","coordinates":[-82.4551507378194,28.1868320064857]},"properties":{"OBJECTID_1":276,"OBJECTID":276,"HAZUSID":" ","Name":"MORTON PLANT NORTH BAY HOSPITAL RECOVERY","Address":"21808 STATE ROAD 54","City":"LUTZ","Zip":"33549","COUNTY":"Pasco","X":-82.45515074,"Y":28.18683201,"LONGLAT":"-82.45515074,28.18683201","USNG":"17R LM 57164 18755","OWNERSHIP":" ","PARCELID":" ","FACILITY_T":"HOSPITAL","TTL_BEDS":72,"EFCLASS":"EFHM","Asset_Elevation":null,"Owned_Maintained":null,"Asset":"HOSPITAL","Asset_Sub_Type":null,"Asset_Type":"Hospitals","Asset_Group":"Critical Community and Emergency Facilities","Asset_Relevancy":"Locally Significant","Asset_ID":"HOSP_PT_276","Municipality":null,"Water_Management_District":"Southwest Florida Water Management District","Souce_Dataset_Entity":"FDEM","Souce_Dataset_Name":"Hospitals - FDEM","Source_Asset_ID":null,"Restricted_Public_Disclosure":null,"Notes":null,"Regional_Planning_Council":"Tampa Bay","FDEP_Regulatory_District":"Southwest District","RCP_Region":"Southwest","FDOT_District":7,"House_District_Number":55,"Senate_District_Number":23,"CTF_RL_2020":"Not Affected","CTF_RL_2040_IL":"Not Affected","CTF_RL_2040_INT":"Not Affected","CTF_RL_2070_IL":"Not Affected","CTF_RL_2070_INT":"Not Affected","SSF_RL_100YR_CURR":"Not Affected","SSF_RL_100YR_2040_IL":"Not Affected","SSF_RL_100YR_2040_INT":"Not Affected","SSF_RL_100YR_2070_IL":"Not Affected","SSF_RL_100YR_2070_INT":"Not Affected","SSF_RL_500YR_CURR":"Not Affected","SSF_RL_500YR_2040_IL":"Not Affected","SSF_RL_500YR_2040_INT":"Not Affected","SSF_RL_500YR_2070_IL":"Not Affected","SSF_RL_500YR_2070_INT":"Not Affected","RIF_RL_100YR_2020":"Not Affected","RIF_RL_100YR_2040":"Not Affected","RIF_RL_100YR_2070":"Not Affected","RIF_RL_500YR_2020":"Not Affected","RIF_RL_500YR_2040":"Not Affected","RIF_RL_500YR_2070":"Not Affected"}},{"type":"Feature","id":277,"geometry":{"type":"Point","coordinates":[-82.1851955337293,28.2608800957655]},"properties":{"OBJECTID_1":277,"OBJECTID":277,"HAZUSID":" ","Name":"FLORIDA HOSPITAL OF ZEPHYRHILLS","Address":"7050 GALL BLVD","City":"ZEPHYRHILLS","Zip":"33541","COUNTY":"Pasco","X":-82.18519553,"Y":28.2608801,"LONGLAT":"-82.18519553,28.26088010","USNG":"17R LM 83745 26671","OWNERSHIP":" ","PARCELID":" ","FACILITY_T":"HOSPITAL - ACUTE CARE","TTL_BEDS":140,"EFCLASS":"EFHL","Asset_Elevation":null,"Owned_Maintained":null,"Asset":"HOSPITAL - ACUTE CARE","Asset_Sub_Type":null,"Asset_Type":"Hospitals","Asset_Group":"Critical Community and Emergency Facilities","Asset_Relevancy":"Locally Significant","Asset_ID":"HOSP_PT_277","Municipality":"Zephyrhills","Water_Management_District":"Southwest Florida Water Management District","Souce_Dataset_Entity":"FDEM","Souce_Dataset_Name":"Hospitals - FDEM","Source_Asset_ID":null,"Restricted_Public_Disclosure":null,"Notes":null,"Regional_Planning_Council":"Tampa Bay","FDEP_Regulatory_District":"Southwest District","RCP_Region":"Southwest","FDOT_District":7,"House_District_Number":54,"Senate_District_Number":23,"CTF_RL_2020":"Not Affected","CTF_RL_2040_IL":"Not Affected","CTF_RL_2040_INT":"Not Affected","CTF_RL_2070_IL":"Not Affected","CTF_RL_2070_INT":"Not Affected","SSF_RL_100YR_CURR":"Not Affected","SSF_RL_100YR_2040_IL":"Not Affected","SSF_RL_100YR_2040_INT":"Not Affected","SSF_RL_100YR_2070_IL":"Not Affected","SSF_RL_100YR_2070_INT":"Not Affected","SSF_RL_500YR_CURR":"Not Affected","SSF_RL_500YR_2040_IL":"Not Affected","SSF_RL_500YR_2040_INT":"Not Affected","SSF_RL_500YR_2070_IL":"Not Affected","SSF_RL_500YR_2070_INT":"Not Affected","RIF_RL_100YR_2020":"Not Affected","RIF_RL_100YR_2040":"Not Affected","RIF_RL_100YR_2070":"Not Affected","RIF_RL_500YR_2020":"Not Affected","RIF_RL_500YR_2040":"Not Affected","RIF_RL_500YR_2070":"Not Affected"}},{"type":"Feature","id":278,"geometry":{"type":"Point","coordinates":[-82.6600622630945,28.2037861073891]},"properties":{"OBJECTID_1":278,"OBJECTID":278,"HAZUSID":" ","Name":"MEDICAL CENTER OF TRINITY","Address":"9330 STATE ROAD 54","City":"TRINITY","Zip":"34655","COUNTY":"Pasco","X":-82.66006226,"Y":28.20378611,"LONGLAT":"-82.66006226,28.20378611","USNG":"17R LM 37073 20892","OWNERSHIP":" ","PARCELID":" ","FACILITY_T":"HOSPITAL - ACUTE CARE","TTL_BEDS":242,"EFCLASS":"EFHL","Asset_Elevation":null,"Owned_Maintained":null,"Asset":"HOSPITAL - ACUTE CARE","Asset_Sub_Type":null,"Asset_Type":"Hospitals","Asset_Group":"Critical Community and Emergency Facilities","Asset_Relevancy":"Locally Significant","Asset_ID":"HOSP_PT_278","Municipality":null,"Water_Management_District":"Southwest Florida Water Management District","Souce_Dataset_Entity":"FDEM","Souce_Dataset_Name":"Hospitals - FDEM","Source_Asset_ID":null,"Restricted_Public_Disclosure":null,"Notes":null,"Regional_Planning_Council":"Tampa Bay","FDEP_Regulatory_District":"Southwest District","RCP_Region":"Southwest","FDOT_District":7,"House_District_Number":55,"Senate_District_Number":21,"CTF_RL_2020":"Not Affected","CTF_RL_2040_IL":"Not Affected","CTF_RL_2040_INT":"Not Affected","CTF_RL_2070_IL":"Not Affected","CTF_RL_2070_INT":"Not Affected","SSF_RL_100YR_CURR":"Not Affected","SSF_RL_100YR_2040_IL":"Not Affected","SSF_RL_100YR_2040_INT":"Not Affected","SSF_RL_100YR_2070_IL":"Not Affected","SSF_RL_100YR_2070_INT":"Not Affected","SSF_RL_500YR_CURR":"Not Affected","SSF_RL_500YR_2040_IL":"Not Affected","SSF_RL_500YR_2040_INT":"Not Affected","SSF_RL_500YR_2070_IL":"Not Affected","SSF_RL_500YR_2070_INT":"Not Affected","RIF_RL_100YR_2020":"Not Affected","RIF_RL_100YR_2040":"Low","RIF_RL_100YR_2070":"Low","RIF_RL_500YR_2020":"Low","RIF_RL_500YR_2040":"Medium","RIF_RL_500YR_2070":"Medium"}},{"type":"Feature","id":279,"geometry":{"type":"Point","coordinates":[-82.7144602274974,28.2540722518622]},"properties":{"OBJECTID_1":279,"OBJECTID":279,"HAZUSID":" ","Name":"MORTON PLANT NORTH BAY HOSPITAL","Address":"6600 MADISON ST","City":"NEW PORT RICHEY","Zip":"34652","COUNTY":"Pasco","X":-82.71446023,"Y":28.25407225,"LONGLAT":"-82.71446023,28.25407225","USNG":"17R LM 31813 26539","OWNERSHIP":" ","PARCELID":" ","FACILITY_T":"HOSPITAL - ACUTE CARE","TTL_BEDS":156,"EFCLASS":"EFHL","Asset_Elevation":null,"Owned_Maintained":null,"Asset":"HOSPITAL - ACUTE CARE","Asset_Sub_Type":null,"Asset_Type":"Hospitals","Asset_Group":"Critical Community and Emergency Facilities","Asset_Relevancy":"Locally Significant","Asset_ID":"HOSP_PT_279","Municipality":"New Port Richey","Water_Management_District":"Southwest Florida Water Management District","Souce_Dataset_Entity":"FDEM","Souce_Dataset_Name":"Hospitals - FDEM","Source_Asset_ID":null,"Restricted_Public_Disclosure":null,"Notes":null,"Regional_Planning_Council":"Tampa Bay","FDEP_Regulatory_District":"Southwest District","RCP_Region":"Southwest","FDOT_District":7,"House_District_Number":56,"Senate_District_Number":21,"CTF_RL_2020":"Not Affected","CTF_RL_2040_IL":"Not Affected","CTF_RL_2040_INT":"Not Affected","CTF_RL_2070_IL":"Not Affected","CTF_RL_2070_INT":"Not Affected","SSF_RL_100YR_CURR":"Not Affected","SSF_RL_100YR_2040_IL":"Not Affected","SSF_RL_100YR_2040_INT":"Not Affected","SSF_RL_100YR_2070_IL":"Not Affected","SSF_RL_100YR_2070_INT":"Not Affected","SSF_RL_500YR_CURR":"Not Affected","SSF_RL_500YR_2040_IL":"Not Affected","SSF_RL_500YR_2040_INT":"Not Affected","SSF_RL_500YR_2070_IL":"Not Affected","SSF_RL_500YR_2070_INT":"Not Affected","RIF_RL_100YR_2020":"Not Affected","RIF_RL_100YR_2040":"Not Affected","RIF_RL_100YR_2070":"Not Affected","RIF_RL_500YR_2020":"Not Affected","RIF_RL_500YR_2040":"Not Affected","RIF_RL_500YR_2070":"Not Affected"}},{"type":"Feature","id":280,"geometry":{"type":"Point","coordinates":[-82.6882382286094,28.3612740418128]},"properties":{"OBJECTID_1":280,"OBJECTID":280,"HAZUSID":" ","Name":"REGIONAL MEDICAL CENTER BAYONET POINT","Address":"14000 FIVAY RD","City":"HUDSON","Zip":"34667","COUNTY":"Pasco","X":-82.68823823,"Y":28.36127404,"LONGLAT":"-82.68823823,28.36127404","USNG":"17R LM 34551 38381","OWNERSHIP":" ","PARCELID":" ","FACILITY_T":"HOSPITAL - ACUTE CARE","TTL_BEDS":290,"EFCLASS":"EFHL","Asset_Elevation":null,"Owned_Maintained":null,"Asset":"HOSPITAL - ACUTE CARE","Asset_Sub_Type":null,"Asset_Type":"Hospitals","Asset_Group":"Critical Community and Emergency Facilities","Asset_Relevancy":"Locally Significant","Asset_ID":"HOSP_PT_280","Municipality":null,"Water_Management_District":"Southwest Florida Water Management District","Souce_Dataset_Entity":"FDEM","Souce_Dataset_Name":"Hospitals - FDEM","Source_Asset_ID":null,"Restricted_Public_Disclosure":null,"Notes":null,"Regional_Planning_Council":"Tampa Bay","FDEP_Regulatory_District":"Southwest District","RCP_Region":"Southwest","FDOT_District":7,"House_District_Number":53,"Senate_District_Number":11,"CTF_RL_2020":"Not Affected","CTF_RL_2040_IL":"Not Affected","CTF_RL_2040_INT":"Not Affected","CTF_RL_2070_IL":"Not Affected","CTF_RL_2070_INT":"Not Affected","SSF_RL_100YR_CURR":"Not Affected","SSF_RL_100YR_2040_IL":"Not Affected","SSF_RL_100YR_2040_INT":"Not Affected","SSF_RL_100YR_2070_IL":"Not Affected","SSF_RL_100YR_2070_INT":"Not Affected","SSF_RL_500YR_CURR":"Not Affected","SSF_RL_500YR_2040_IL":"Not Affected","SSF_RL_500YR_2040_INT":"Not Affected","SSF_RL_500YR_2070_IL":"Not Affected","SSF_RL_500YR_2070_INT":"Not Affected","RIF_RL_100YR_2020":"Not Affected","RIF_RL_100YR_2040":"Not Affected","RIF_RL_100YR_2070":"Not Affected","RIF_RL_500YR_2020":"Not Affected","RIF_RL_500YR_2040":"Not Affected","RIF_RL_500YR_2070":"Not Affected"}},{"type":"Feature","id":281,"geometry":{"type":"Point","coordinates":[-82.2007184049616,28.3479924903769]},"properties":{"OBJECTID_1":281,"OBJECTID":281,"HAZUSID":" ","Name":"BAYFRONT HEALTH DADE CTY","Address":"13100 FORT KING RD","City":"DADE CITY","Zip":"33525","COUNTY":"Pasco","X":-82.2007184,"Y":28.34799249,"LONGLAT":"-82.20071840,28.34799249","USNG":"17R LM 82319 36337","OWNERSHIP":" ","PARCELID":" ","FACILITY_T":"HOSPITAL - ACUTE CARE","TTL_BEDS":120,"EFCLASS":"EFHL","Asset_Elevation":null,"Owned_Maintained":null,"Asset":"HOSPITAL - ACUTE CARE","Asset_Sub_Type":null,"Asset_Type":"Hospitals","Asset_Group":"Critical Community and Emergency Facilities","Asset_Relevancy":"Locally Significant","Asset_ID":"HOSP_PT_281","Municipality":"Dade City","Water_Management_District":"Southwest Florida Water Management District","Souce_Dataset_Entity":"FDEM","Souce_Dataset_Name":"Hospitals - FDEM","Source_Asset_ID":null,"Restricted_Public_Disclosure":null,"Notes":null,"Regional_Planning_Council":"Tampa Bay","FDEP_Regulatory_District":"Southwest District","RCP_Region":"Southwest","FDOT_District":7,"House_District_Number":54,"Senate_District_Number":23,"CTF_RL_2020":"Not Affected","CTF_RL_2040_IL":"Not Affected","CTF_RL_2040_INT":"Not Affected","CTF_RL_2070_IL":"Not Affected","CTF_RL_2070_INT":"Not Affected","SSF_RL_100YR_CURR":"Not Affected","SSF_RL_100YR_2040_IL":"Not Affected","SSF_RL_100YR_2040_INT":"Not Affected","SSF_RL_100YR_2070_IL":"Not Affected","SSF_RL_100YR_2070_INT":"Not Affected","SSF_RL_500YR_CURR":"Not Affected","SSF_RL_500YR_2040_IL":"Not Affected","SSF_RL_500YR_2040_INT":"Not Affected","SSF_RL_500YR_2070_IL":"Not Affected","SSF_RL_500YR_2070_INT":"Not Affected","RIF_RL_100YR_2020":"Not Affected","RIF_RL_100YR_2040":"Not Affected","RIF_RL_100YR_2070":"Not Affected","RIF_RL_500YR_2020":"Not Affected","RIF_RL_500YR_2040":"Not Affected","RIF_RL_500YR_2070":"Not Affected"}},{"type":"Feature","id":282,"geometry":{"type":"Point","coordinates":[-82.7207600890329,28.2357097801719]},"properties":{"OBJECTID_1":282,"OBJECTID":282,"HAZUSID":" ","Name":"MDCL CNTR OF TRINITY W PASCO CAMPUS","Address":"5637 MARINE PKWY","City":"NEW PORT RICHEY","Zip":"34652","COUNTY":"Pasco","X":-82.72076009,"Y":28.23570978,"LONGLAT":"-82.72076009,28.23570978","USNG":"17R LM 31165 24513","OWNERSHIP":" ","PARCELID":" ","FACILITY_T":"HOSPITAL - ACUTE CARE","TTL_BEDS":46,"EFCLASS":"EFHS","Asset_Elevation":null,"Owned_Maintained":null,"Asset":"HOSPITAL - ACUTE CARE","Asset_Sub_Type":null,"Asset_Type":"Hospitals","Asset_Group":"Critical Community and Emergency Facilities","Asset_Relevancy":"Locally Significant","Asset_ID":"HOSP_PT_282","Municipality":"New Port Richey","Water_Management_District":"Southwest Florida Water Management District","Souce_Dataset_Entity":"FDEM","Souce_Dataset_Name":"Hospitals - FDEM","Source_Asset_ID":null,"Restricted_Public_Disclosure":null,"Notes":null,"Regional_Planning_Council":"Tampa Bay","FDEP_Regulatory_District":"Southwest District","RCP_Region":"Southwest","FDOT_District":7,"House_District_Number":56,"Senate_District_Number":21,"CTF_RL_2020":"Not Affected","CTF_RL_2040_IL":"Not Affected","CTF_RL_2040_INT":"Not Affected","CTF_RL_2070_IL":"Not Affected","CTF_RL_2070_INT":"Not Affected","SSF_RL_100YR_CURR":"Not Affected","SSF_RL_100YR_2040_IL":"Not Affected","SSF_RL_100YR_2040_INT":"Not Affected","SSF_RL_100YR_2070_IL":"Not Affected","SSF_RL_100YR_2070_INT":"Not Affected","SSF_RL_500YR_CURR":"Not Affected","SSF_RL_500YR_2040_IL":"Not Affected","SSF_RL_500YR_2040_INT":"Not Affected","SSF_RL_500YR_2070_IL":"Not Affected","SSF_RL_500YR_2070_INT":"Not Affected","RIF_RL_100YR_2020":"Not Affected","RIF_RL_100YR_2040":"Not Affected","RIF_RL_100YR_2070":"Not Affected","RIF_RL_500YR_2020":"Medium","RIF_RL_500YR_2040":"Medium","RIF_RL_500YR_2070":"Medium"}},{"type":"Feature","id":283,"geometry":{"type":"Point","coordinates":[-82.7023313029612,27.825230070361]},"properties":{"OBJECTID_1":283,"OBJECTID":283,"HAZUSID":" ","Name":"NORTHSIDE HOSP","Address":"6000 49TH ST N","City":"SAINT PETERSBURG","Zip":"33709","COUNTY":"Pinellas","X":-82.7023313,"Y":27.82523007,"LONGLAT":"-82.70233130,27.82523007","USNG":"17R LL 32339 79005","OWNERSHIP":" ","PARCELID":" ","FACILITY_T":"HOSPITAL - ACUTE CARE","TTL_BEDS":288,"EFCLASS":"EFHL","Asset_Elevation":null,"Owned_Maintained":null,"Asset":"HOSPITAL - ACUTE CARE","Asset_Sub_Type":null,"Asset_Type":"Hospitals","Asset_Group":"Critical Community and Emergency Facilities","Asset_Relevancy":"Locally Significant","Asset_ID":"HOSP_PT_283","Municipality":null,"Water_Management_District":"Southwest Florida Water Management District","Souce_Dataset_Entity":"FDEM","Souce_Dataset_Name":"Hospitals - FDEM","Source_Asset_ID":null,"Restricted_Public_Disclosure":null,"Notes":null,"Regional_Planning_Council":"Tampa Bay","FDEP_Regulatory_District":"Southwest District","RCP_Region":"Southwest","FDOT_District":7,"House_District_Number":61,"Senate_District_Number":18,"CTF_RL_2020":"Not Affected","CTF_RL_2040_IL":"Not Affected","CTF_RL_2040_INT":"Not Affected","CTF_RL_2070_IL":"Not Affected","CTF_RL_2070_INT":"Not Affected","SSF_RL_100YR_CURR":"Not Affected","SSF_RL_100YR_2040_IL":"Not Affected","SSF_RL_100YR_2040_INT":"Not Affected","SSF_RL_100YR_2070_IL":"Not Affected","SSF_RL_100YR_2070_INT":"Not Affected","SSF_RL_500YR_CURR":"Not Affected","SSF_RL_500YR_2040_IL":"Not Affected","SSF_RL_500YR_2040_INT":"Not Affected","SSF_RL_500YR_2070_IL":"Not Affected","SSF_RL_500YR_2070_INT":"Not Affected","RIF_RL_100YR_2020":"Not Affected","RIF_RL_100YR_2040":"Not Affected","RIF_RL_100YR_2070":"Not Affected","RIF_RL_500YR_2020":"Low","RIF_RL_500YR_2040":"Low","RIF_RL_500YR_2070":"Low"}},{"type":"Feature","id":284,"geometry":{"type":"Point","coordinates":[-82.6642645277225,27.7816667192641]},"properties":{"OBJECTID_1":284,"OBJECTID":284,"HAZUSID":" ","Name":"EDWARD WHTE HOSP","Address":"2323 9TH AVE N","City":"SAINT PETERSBURG","Zip":"33713","COUNTY":"Pinellas","X":-82.66426453,"Y":27.78166672,"LONGLAT":"-82.66426453,27.78166672","USNG":"17R LL 36023 74127","OWNERSHIP":" ","PARCELID":" ","FACILITY_T":"HOSPITAL - ACUTE CARE","TTL_BEDS":162,"EFCLASS":"EFHL","Asset_Elevation":null,"Owned_Maintained":null,"Asset":"HOSPITAL - ACUTE CARE","Asset_Sub_Type":null,"Asset_Type":"Hospitals","Asset_Group":"Critical Community and Emergency Facilities","Asset_Relevancy":"Locally Significant","Asset_ID":"HOSP_PT_284","Municipality":"St. Petersburg","Water_Management_District":"Southwest Florida Water Management District","Souce_Dataset_Entity":"FDEM","Souce_Dataset_Name":"Hospitals - FDEM","Source_Asset_ID":null,"Restricted_Public_Disclosure":null,"Notes":null,"Regional_Planning_Council":"Tampa Bay","FDEP_Regulatory_District":"Southwest District","RCP_Region":"Southwest","FDOT_District":7,"House_District_Number":60,"Senate_District_Number":16,"CTF_RL_2020":"Not Affected","CTF_RL_2040_IL":"Not Affected","CTF_RL_2040_INT":"Not Affected","CTF_RL_2070_IL":"Not Affected","CTF_RL_2070_INT":"Not Affected","SSF_RL_100YR_CURR":"Not Affected","SSF_RL_100YR_2040_IL":"Not Affected","SSF_RL_100YR_2040_INT":"Not Affected","SSF_RL_100YR_2070_IL":"Not Affected","SSF_RL_100YR_2070_INT":"Not Affected","SSF_RL_500YR_CURR":"Not Affected","SSF_RL_500YR_2040_IL":"Not Affected","SSF_RL_500YR_2040_INT":"Not Affected","SSF_RL_500YR_2070_IL":"Not Affected","SSF_RL_500YR_2070_INT":"Not Affected","RIF_RL_100YR_2020":"High","RIF_RL_100YR_2040":"High","RIF_RL_100YR_2070":"High","RIF_RL_500YR_2020":"High","RIF_RL_500YR_2040":"High","RIF_RL_500YR_2070":"High"}},{"type":"Feature","id":285,"geometry":{"type":"Point","coordinates":[-82.7406914490244,27.7522561584723]},"properties":{"OBJECTID_1":285,"OBJECTID":285,"HAZUSID":" ","Name":"PALMS OF PASADENA HOSP","Address":"1501 PASADENA AVE S","City":"SAINT PETERSBURG","Zip":"33707","COUNTY":"Pinellas","X":-82.74069145,"Y":27.75225616,"LONGLAT":"-82.74069145,27.75225616","USNG":"17R LL 28445 70972","OWNERSHIP":" ","PARCELID":" ","FACILITY_T":"HOSPITAL - ACUTE CARE","TTL_BEDS":307,"EFCLASS":"EFHL","Asset_Elevation":null,"Owned_Maintained":null,"Asset":"HOSPITAL - ACUTE CARE","Asset_Sub_Type":null,"Asset_Type":"Hospitals","Asset_Group":"Critical Community and Emergency Facilities","Asset_Relevancy":"Locally Significant","Asset_ID":"HOSP_PT_285","Municipality":"South Pasadena","Water_Management_District":"Southwest Florida Water Management District","Souce_Dataset_Entity":"FDEM","Souce_Dataset_Name":"Hospitals - FDEM","Source_Asset_ID":null,"Restricted_Public_Disclosure":null,"Notes":null,"Regional_Planning_Council":"Tampa Bay","FDEP_Regulatory_District":"Southwest District","RCP_Region":"Southwest","FDOT_District":7,"House_District_Number":61,"Senate_District_Number":18,"CTF_RL_2020":"Not Affected","CTF_RL_2040_IL":"Not Affected","CTF_RL_2040_INT":"Not Affected","CTF_RL_2070_IL":"Not Affected","CTF_RL_2070_INT":"Not Affected","SSF_RL_100YR_CURR":"Medium","SSF_RL_100YR_2040_IL":"Medium","SSF_RL_100YR_2040_INT":"Medium","SSF_RL_100YR_2070_IL":"High","SSF_RL_100YR_2070_INT":"High","SSF_RL_500YR_CURR":"High","SSF_RL_500YR_2040_IL":"High","SSF_RL_500YR_2040_INT":"High","SSF_RL_500YR_2070_IL":"High","SSF_RL_500YR_2070_INT":"High","RIF_RL_100YR_2020":"Not Affected","RIF_RL_100YR_2040":"Not Affected","RIF_RL_100YR_2070":"Not Affected","RIF_RL_500YR_2020":"Not Affected","RIF_RL_500YR_2040":"Not Affected","RIF_RL_500YR_2070":"Not Affected"}},{"type":"Feature","id":286,"geometry":{"type":"Point","coordinates":[-82.7278144707416,27.8055361447737]},"properties":{"OBJECTID_1":286,"OBJECTID":286,"HAZUSID":" ","Name":"ST PETERSBURG GENERAL HOSPITAL","Address":"6500 38TH AVE N","City":"SAINT PETERSBURG","Zip":"33710","COUNTY":"Pinellas","X":-82.72781447,"Y":27.805536149999998,"LONGLAT":"-82.72781447,27.80553615","USNG":"17R LL 29798 76858","OWNERSHIP":" ","PARCELID":" ","FACILITY_T":"HOSPITAL - ACUTE CARE","TTL_BEDS":215,"EFCLASS":"EFHL","Asset_Elevation":null,"Owned_Maintained":null,"Asset":"HOSPITAL - ACUTE CARE","Asset_Sub_Type":null,"Asset_Type":"Hospitals","Asset_Group":"Critical Community and Emergency Facilities","Asset_Relevancy":"Locally Significant","Asset_ID":"HOSP_PT_286","Municipality":"St. Petersburg","Water_Management_District":"Southwest Florida Water Management District","Souce_Dataset_Entity":"FDEM","Souce_Dataset_Name":"Hospitals - FDEM","Source_Asset_ID":null,"Restricted_Public_Disclosure":null,"Notes":null,"Regional_Planning_Council":"Tampa Bay","FDEP_Regulatory_District":"Southwest District","RCP_Region":"Southwest","FDOT_District":7,"House_District_Number":61,"Senate_District_Number":18,"CTF_RL_2020":"Not Affected","CTF_RL_2040_IL":"Not Affected","CTF_RL_2040_INT":"Not Affected","CTF_RL_2070_IL":"Not Affected","CTF_RL_2070_INT":"Not Affected","SSF_RL_100YR_CURR":"Not Affected","SSF_RL_100YR_2040_IL":"Not Affected","SSF_RL_100YR_2040_INT":"Not Affected","SSF_RL_100YR_2070_IL":"Not Affected","SSF_RL_100YR_2070_INT":"Not Affected","SSF_RL_500YR_CURR":"Not Affected","SSF_RL_500YR_2040_IL":"Not Affected","SSF_RL_500YR_2040_INT":"Not Affected","SSF_RL_500YR_2070_IL":"Not Affected","SSF_RL_500YR_2070_INT":"Not Affected","RIF_RL_100YR_2020":"Not Affected","RIF_RL_100YR_2040":"Not Affected","RIF_RL_100YR_2070":"Not Affected","RIF_RL_500YR_2020":"Medium","RIF_RL_500YR_2040":"Medium","RIF_RL_500YR_2070":"Medium"}},{"type":"Feature","id":287,"geometry":{"type":"Point","coordinates":[-82.6507737807663,27.7789699971018]},"properties":{"OBJECTID_1":287,"OBJECTID":287,"HAZUSID":" ","Name":"ST ANTHONYS HOSP","Address":"1200 7TH AVE N","City":"SAINT PETERSBURG","Zip":"33705","COUNTY":"Pinellas","X":-82.65077378,"Y":27.77897,"LONGLAT":"-82.65077378,27.77897000","USNG":"17R LL 37348 73810","OWNERSHIP":" ","PARCELID":" ","FACILITY_T":"HOSPITAL - ACUTE CARE","TTL_BEDS":393,"EFCLASS":"EFHL","Asset_Elevation":null,"Owned_Maintained":null,"Asset":"HOSPITAL - ACUTE CARE","Asset_Sub_Type":null,"Asset_Type":"Hospitals","Asset_Group":"Critical Community and Emergency Facilities","Asset_Relevancy":"Locally Significant","Asset_ID":"HOSP_PT_287","Municipality":"St. Petersburg","Water_Management_District":"Southwest Florida Water Management District","Souce_Dataset_Entity":"FDEM","Souce_Dataset_Name":"Hospitals - FDEM","Source_Asset_ID":null,"Restricted_Public_Disclosure":null,"Notes":null,"Regional_Planning_Council":"Tampa Bay","FDEP_Regulatory_District":"Southwest District","RCP_Region":"Southwest","FDOT_District":7,"House_District_Number":60,"Senate_District_Number":16,"CTF_RL_2020":"Not Affected","CTF_RL_2040_IL":"Not Affected","CTF_RL_2040_INT":"Not Affected","CTF_RL_2070_IL":"Not Affected","CTF_RL_2070_INT":"Not Affected","SSF_RL_100YR_CURR":"Not Affected","SSF_RL_100YR_2040_IL":"Not Affected","SSF_RL_100YR_2040_INT":"Not Affected","SSF_RL_100YR_2070_IL":"Not Affected","SSF_RL_100YR_2070_INT":"Not Affected","SSF_RL_500YR_CURR":"Not Affected","SSF_RL_500YR_2040_IL":"Not Affected","SSF_RL_500YR_2040_INT":"Not Affected","SSF_RL_500YR_2070_IL":"Not Affected","SSF_RL_500YR_2070_INT":"Not Affected","RIF_RL_100YR_2020":"Not Affected","RIF_RL_100YR_2040":"Not Affected","RIF_RL_100YR_2070":"Not Affected","RIF_RL_500YR_2020":"Not Affected","RIF_RL_500YR_2040":"Not Affected","RIF_RL_500YR_2070":"Not Affected"}},{"type":"Feature","id":288,"geometry":{"type":"Point","coordinates":[-82.8253142489176,27.8984572649314]},"properties":{"OBJECTID_1":288,"OBJECTID":288,"HAZUSID":" ","Name":"LARGO MEDICAL CENTER - INDIAN ROCKS","Address":"2025 INDIAN ROCKS RD","City":"LARGO","Zip":"33774","COUNTY":"Pinellas","X":-82.82531425,"Y":27.89845727,"LONGLAT":"-82.82531425,27.89845727","USNG":"17R LL 20345 87293","OWNERSHIP":" ","PARCELID":" ","FACILITY_T":"HOSPITAL - ACUTE CARE","TTL_BEDS":169,"EFCLASS":"EFHL","Asset_Elevation":null,"Owned_Maintained":null,"Asset":"HOSPITAL - ACUTE CARE","Asset_Sub_Type":null,"Asset_Type":"Hospitals","Asset_Group":"Critical Community and Emergency Facilities","Asset_Relevancy":"Locally Significant","Asset_ID":"HOSP_PT_288","Municipality":"Largo","Water_Management_District":"Southwest Florida Water Management District","Souce_Dataset_Entity":"FDEM","Souce_Dataset_Name":"Hospitals - FDEM","Source_Asset_ID":null,"Restricted_Public_Disclosure":null,"Notes":null,"Regional_Planning_Council":"Tampa Bay","FDEP_Regulatory_District":"Southwest District","RCP_Region":"Southwest","FDOT_District":7,"House_District_Number":59,"Senate_District_Number":18,"CTF_RL_2020":"Not Affected","CTF_RL_2040_IL":"Not Affected","CTF_RL_2040_INT":"Not Affected","CTF_RL_2070_IL":"Not Affected","CTF_RL_2070_INT":"Not Affected","SSF_RL_100YR_CURR":"Not Affected","SSF_RL_100YR_2040_IL":"Not Affected","SSF_RL_100YR_2040_INT":"Not Affected","SSF_RL_100YR_2070_IL":"Not Affected","SSF_RL_100YR_2070_INT":"Not Affected","SSF_RL_500YR_CURR":"Not Affected","SSF_RL_500YR_2040_IL":"Not Affected","SSF_RL_500YR_2040_INT":"Not Affected","SSF_RL_500YR_2070_IL":"Not Affected","SSF_RL_500YR_2070_INT":"Not Affected","RIF_RL_100YR_2020":"Not Affected","RIF_RL_100YR_2040":"Not Affected","RIF_RL_100YR_2070":"Not Affected","RIF_RL_500YR_2020":"Not Affected","RIF_RL_500YR_2040":"Not Affected","RIF_RL_500YR_2070":"Not Affected"}},{"type":"Feature","id":289,"geometry":{"type":"Point","coordinates":[-82.7830354724281,28.0128828600422]},"properties":{"OBJECTID_1":289,"OBJECTID":289,"HAZUSID":" ","Name":"MEASE DUNEDIN HOSP","Address":"601 MAIN ST","City":"DUNEDIN","Zip":"34698","COUNTY":"Pinellas","X":-82.78303547,"Y":28.01288286,"LONGLAT":"-82.78303547,28.01288286","USNG":"17R LL 24692 99910","OWNERSHIP":" ","PARCELID":" ","FACILITY_T":"HOSPITAL - ACUTE CARE","TTL_BEDS":120,"EFCLASS":"EFHL","Asset_Elevation":null,"Owned_Maintained":null,"Asset":"HOSPITAL - ACUTE CARE","Asset_Sub_Type":null,"Asset_Type":"Hospitals","Asset_Group":"Critical Community and Emergency Facilities","Asset_Relevancy":"Locally Significant","Asset_ID":"HOSP_PT_289","Municipality":"Dunedin","Water_Management_District":"Southwest Florida Water Management District","Souce_Dataset_Entity":"FDEM","Souce_Dataset_Name":"Hospitals - FDEM","Source_Asset_ID":null,"Restricted_Public_Disclosure":null,"Notes":null,"Regional_Planning_Council":"Tampa Bay","FDEP_Regulatory_District":"Southwest District","RCP_Region":"Southwest","FDOT_District":7,"House_District_Number":58,"Senate_District_Number":21,"CTF_RL_2020":"Not Affected","CTF_RL_2040_IL":"Not Affected","CTF_RL_2040_INT":"Not Affected","CTF_RL_2070_IL":"Not Affected","CTF_RL_2070_INT":"Not Affected","SSF_RL_100YR_CURR":"Not Affected","SSF_RL_100YR_2040_IL":"Not Affected","SSF_RL_100YR_2040_INT":"Not Affected","SSF_RL_100YR_2070_IL":"Not Affected","SSF_RL_100YR_2070_INT":"Not Affected","SSF_RL_500YR_CURR":"Not Affected","SSF_RL_500YR_2040_IL":"Not Affected","SSF_RL_500YR_2040_INT":"Not Affected","SSF_RL_500YR_2070_IL":"Not Affected","SSF_RL_500YR_2070_INT":"Not Affected","RIF_RL_100YR_2020":"Not Affected","RIF_RL_100YR_2040":"Not Affected","RIF_RL_100YR_2070":"Not Affected","RIF_RL_500YR_2020":"Not Affected","RIF_RL_500YR_2040":"Not Affected","RIF_RL_500YR_2070":"Not Affected"}},{"type":"Feature","id":290,"geometry":{"type":"Point","coordinates":[-82.8037915821658,27.9137041802715]},"properties":{"OBJECTID_1":290,"OBJECTID":290,"HAZUSID":" ","Name":"LARGO MEDICAL CNTR","Address":"201 14TH ST SW","City":"LARGO","Zip":"33770","COUNTY":"Pinellas","X":-82.80379158,"Y":27.91370418,"LONGLAT":"-82.80379158,27.91370418","USNG":"17R LL 22488 88951","OWNERSHIP":" ","PARCELID":" ","FACILITY_T":"HOSPITAL - ACUTE CARE","TTL_BEDS":256,"EFCLASS":"EFHL","Asset_Elevation":null,"Owned_Maintained":null,"Asset":"HOSPITAL - ACUTE CARE","Asset_Sub_Type":null,"Asset_Type":"Hospitals","Asset_Group":"Critical Community and Emergency Facilities","Asset_Relevancy":"Locally Significant","Asset_ID":"HOSP_PT_290","Municipality":"Largo","Water_Management_District":"Southwest Florida Water Management District","Souce_Dataset_Entity":"FDEM","Souce_Dataset_Name":"Hospitals - FDEM","Source_Asset_ID":null,"Restricted_Public_Disclosure":null,"Notes":null,"Regional_Planning_Council":"Tampa Bay","FDEP_Regulatory_District":"Southwest District","RCP_Region":"Southwest","FDOT_District":7,"House_District_Number":59,"Senate_District_Number":18,"CTF_RL_2020":"Not Affected","CTF_RL_2040_IL":"Not Affected","CTF_RL_2040_INT":"Not Affected","CTF_RL_2070_IL":"Not Affected","CTF_RL_2070_INT":"Not Affected","SSF_RL_100YR_CURR":"Not Affected","SSF_RL_100YR_2040_IL":"Not Affected","SSF_RL_100YR_2040_INT":"Not Affected","SSF_RL_100YR_2070_IL":"Not Affected","SSF_RL_100YR_2070_INT":"Not Affected","SSF_RL_500YR_CURR":"Not Affected","SSF_RL_500YR_2040_IL":"Not Affected","SSF_RL_500YR_2040_INT":"Not Affected","SSF_RL_500YR_2070_IL":"Not Affected","SSF_RL_500YR_2070_INT":"Not Affected","RIF_RL_100YR_2020":"Medium","RIF_RL_100YR_2040":"Medium","RIF_RL_100YR_2070":"Medium","RIF_RL_500YR_2020":"Medium","RIF_RL_500YR_2040":"High","RIF_RL_500YR_2070":"High"}},{"type":"Feature","id":291,"geometry":{"type":"Point","coordinates":[-82.7084351598061,28.0387595590235]},"properties":{"OBJECTID_1":291,"OBJECTID":291,"HAZUSID":" ","Name":"MEASE COUNTRYSIDE HOSP","Address":"3231 MCMULLEN BOOTH RD","City":"SAFETY HARBOR","Zip":"34695","COUNTY":"Pinellas","X":-82.70843516,"Y":28.03875956,"LONGLAT":"-82.70843516,28.03875956","USNG":"17R LM 32068 02673","OWNERSHIP":" ","PARCELID":" ","FACILITY_T":"HOSPITAL - ACUTE CARE","TTL_BEDS":311,"EFCLASS":"EFHL","Asset_Elevation":null,"Owned_Maintained":null,"Asset":"HOSPITAL - ACUTE CARE","Asset_Sub_Type":null,"Asset_Type":"Hospitals","Asset_Group":"Critical Community and Emergency Facilities","Asset_Relevancy":"Locally Significant","Asset_ID":"HOSP_PT_291","Municipality":"Safety Harbor","Water_Management_District":"Southwest Florida Water Management District","Souce_Dataset_Entity":"FDEM","Souce_Dataset_Name":"Hospitals - FDEM","Source_Asset_ID":null,"Restricted_Public_Disclosure":null,"Notes":null,"Regional_Planning_Council":"Tampa Bay","FDEP_Regulatory_District":"Southwest District","RCP_Region":"Southwest","FDOT_District":7,"House_District_Number":57,"Senate_District_Number":21,"CTF_RL_2020":"Not Affected","CTF_RL_2040_IL":"Not Affected","CTF_RL_2040_INT":"Not Affected","CTF_RL_2070_IL":"Not Affected","CTF_RL_2070_INT":"Not Affected","SSF_RL_100YR_CURR":"Not Affected","SSF_RL_100YR_2040_IL":"Not Affected","SSF_RL_100YR_2040_INT":"Not Affected","SSF_RL_100YR_2070_IL":"Not Affected","SSF_RL_100YR_2070_INT":"Not Affected","SSF_RL_500YR_CURR":"Not Affected","SSF_RL_500YR_2040_IL":"Not Affected","SSF_RL_500YR_2040_INT":"Not Affected","SSF_RL_500YR_2070_IL":"Not Affected","SSF_RL_500YR_2070_INT":"Not Affected","RIF_RL_100YR_2020":"Not Affected","RIF_RL_100YR_2040":"Not Affected","RIF_RL_100YR_2070":"Not Affected","RIF_RL_500YR_2020":"Not Affected","RIF_RL_500YR_2040":"Not Affected","RIF_RL_500YR_2070":"Not Affected"}},{"type":"Feature","id":292,"geometry":{"type":"Point","coordinates":[-82.7580547577255,28.1328459001125]},"properties":{"OBJECTID_1":292,"OBJECTID":292,"HAZUSID":" ","Name":"FL HOSP N PINELLAS","Address":"1395 S PINELLAS AVE","City":"TARPON SPRINGS","Zip":"34689","COUNTY":"Pinellas","X":-82.75805476,"Y":28.1328459,"LONGLAT":"-82.75805476,28.13284590","USNG":"17R LM 27340 13167","OWNERSHIP":" ","PARCELID":" ","FACILITY_T":"HOSPITAL - ACUTE CARE","TTL_BEDS":168,"EFCLASS":"EFHL","Asset_Elevation":null,"Owned_Maintained":null,"Asset":"HOSPITAL - ACUTE CARE","Asset_Sub_Type":null,"Asset_Type":"Hospitals","Asset_Group":"Critical Community and Emergency Facilities","Asset_Relevancy":"Locally Significant","Asset_ID":"HOSP_PT_292","Municipality":"Tarpon Springs","Water_Management_District":"Southwest Florida Water Management District","Souce_Dataset_Entity":"FDEM","Souce_Dataset_Name":"Hospitals - FDEM","Source_Asset_ID":null,"Restricted_Public_Disclosure":null,"Notes":null,"Regional_Planning_Council":"Tampa Bay","FDEP_Regulatory_District":"Southwest District","RCP_Region":"Southwest","FDOT_District":7,"House_District_Number":57,"Senate_District_Number":21,"CTF_RL_2020":"Not Affected","CTF_RL_2040_IL":"Not Affected","CTF_RL_2040_INT":"Not Affected","CTF_RL_2070_IL":"Not Affected","CTF_RL_2070_INT":"Not Affected","SSF_RL_100YR_CURR":"Not Affected","SSF_RL_100YR_2040_IL":"Not Affected","SSF_RL_100YR_2040_INT":"Not Affected","SSF_RL_100YR_2070_IL":"Not Affected","SSF_RL_100YR_2070_INT":"Not Affected","SSF_RL_500YR_CURR":"Not Affected","SSF_RL_500YR_2040_IL":"Not Affected","SSF_RL_500YR_2040_INT":"Not Affected","SSF_RL_500YR_2070_IL":"Not Affected","SSF_RL_500YR_2070_INT":"Not Affected","RIF_RL_100YR_2020":"Not Affected","RIF_RL_100YR_2040":"Not Affected","RIF_RL_100YR_2070":"Not Affected","RIF_RL_500YR_2020":"Not Affected","RIF_RL_500YR_2040":"Not Affected","RIF_RL_500YR_2070":"Not Affected"}},{"type":"Feature","id":293,"geometry":{"type":"Point","coordinates":[-82.7826714152093,28.0128828604974]},"properties":{"OBJECTID_1":293,"OBJECTID":293,"HAZUSID":" ","Name":"BAYCARE ALLIANT HOSP","Address":"601 MAIN ST","City":"DUNEDIN","Zip":"34698","COUNTY":"Pinellas","X":-82.78267142,"Y":28.01288286,"LONGLAT":"-82.78267142,28.01288286","USNG":"17R LL 24728 99910","OWNERSHIP":" ","PARCELID":" ","FACILITY_T":"HOSPITAL - ACUTE CARE","TTL_BEDS":48,"EFCLASS":"EFHS","Asset_Elevation":null,"Owned_Maintained":null,"Asset":"HOSPITAL - ACUTE CARE","Asset_Sub_Type":null,"Asset_Type":"Hospitals","Asset_Group":"Critical Community and Emergency Facilities","Asset_Relevancy":"Locally Significant","Asset_ID":"HOSP_PT_293","Municipality":"Dunedin","Water_Management_District":"Southwest Florida Water Management District","Souce_Dataset_Entity":"FDEM","Souce_Dataset_Name":"Hospitals - FDEM","Source_Asset_ID":null,"Restricted_Public_Disclosure":null,"Notes":null,"Regional_Planning_Council":"Tampa Bay","FDEP_Regulatory_District":"Southwest District","RCP_Region":"Southwest","FDOT_District":7,"House_District_Number":58,"Senate_District_Number":21,"CTF_RL_2020":"Not Affected","CTF_RL_2040_IL":"Not Affected","CTF_RL_2040_INT":"Not Affected","CTF_RL_2070_IL":"Not Affected","CTF_RL_2070_INT":"Not Affected","SSF_RL_100YR_CURR":"Not Affected","SSF_RL_100YR_2040_IL":"Not Affected","SSF_RL_100YR_2040_INT":"Not Affected","SSF_RL_100YR_2070_IL":"Not Affected","SSF_RL_100YR_2070_INT":"Not Affected","SSF_RL_500YR_CURR":"Not Affected","SSF_RL_500YR_2040_IL":"Not Affected","SSF_RL_500YR_2040_INT":"Not Affected","SSF_RL_500YR_2070_IL":"Not Affected","SSF_RL_500YR_2070_INT":"Not Affected","RIF_RL_100YR_2020":"Not Affected","RIF_RL_100YR_2040":"Not Affected","RIF_RL_100YR_2070":"Not Affected","RIF_RL_500YR_2020":"Not Affected","RIF_RL_500YR_2040":"Not Affected","RIF_RL_500YR_2070":"Not Affected"}},{"type":"Feature","id":294,"geometry":{"type":"Point","coordinates":[-82.8032514858313,27.9532289294207]},"properties":{"OBJECTID_1":294,"OBJECTID":294,"HAZUSID":" ","Name":"MORTON PLANT HOSP","Address":"300 PINELLAS ST","City":"CLEARWATER","Zip":"33756","COUNTY":"Pinellas","X":-82.80325149,"Y":27.95322893,"LONGLAT":"-82.80325149,27.95322893","USNG":"17R LL 22606 93330","OWNERSHIP":" ","PARCELID":" ","FACILITY_T":"HOSPITAL - ACUTE CARE","TTL_BEDS":687,"EFCLASS":"EFHL","Asset_Elevation":null,"Owned_Maintained":null,"Asset":"HOSPITAL - ACUTE CARE","Asset_Sub_Type":null,"Asset_Type":"Hospitals","Asset_Group":"Critical Community and Emergency Facilities","Asset_Relevancy":"Locally Significant","Asset_ID":"HOSP_PT_294","Municipality":"Clearwater","Water_Management_District":"Southwest Florida Water Management District","Souce_Dataset_Entity":"FDEM","Souce_Dataset_Name":"Hospitals - FDEM","Source_Asset_ID":null,"Restricted_Public_Disclosure":null,"Notes":null,"Regional_Planning_Council":"Tampa Bay","FDEP_Regulatory_District":"Southwest District","RCP_Region":"Southwest","FDOT_District":7,"House_District_Number":58,"Senate_District_Number":21,"CTF_RL_2020":"Not Affected","CTF_RL_2040_IL":"Not Affected","CTF_RL_2040_INT":"Not Affected","CTF_RL_2070_IL":"Not Affected","CTF_RL_2070_INT":"Not Affected","SSF_RL_100YR_CURR":"Not Affected","SSF_RL_100YR_2040_IL":"Not Affected","SSF_RL_100YR_2040_INT":"Not Affected","SSF_RL_100YR_2070_IL":"Not Affected","SSF_RL_100YR_2070_INT":"Not Affected","SSF_RL_500YR_CURR":"Not Affected","SSF_RL_500YR_2040_IL":"Not Affected","SSF_RL_500YR_2040_INT":"Not Affected","SSF_RL_500YR_2070_IL":"Not Affected","SSF_RL_500YR_2070_INT":"Not Affected","RIF_RL_100YR_2020":"Medium","RIF_RL_100YR_2040":"Medium","RIF_RL_100YR_2070":"Medium","RIF_RL_500YR_2020":"High","RIF_RL_500YR_2040":"High","RIF_RL_500YR_2070":"High"}},{"type":"Feature","id":295,"geometry":{"type":"Point","coordinates":[-82.6401176223284,27.7646411946102]},"properties":{"OBJECTID_1":295,"OBJECTID":295,"HAZUSID":" ","Name":"ALL CHILDREN'S HOSP","Address":"501 6TH AVE S","City":"SAINT PETERSBURG","Zip":"33701","COUNTY":"Pinellas","X":-82.64011762,"Y":27.7646412,"LONGLAT":"-82.64011762,27.76464120","USNG":"17R LL 38377 72208","OWNERSHIP":" ","PARCELID":" ","FACILITY_T":"HOSPITAL - PEDIATRIC","TTL_BEDS":259,"EFCLASS":"EFHL","Asset_Elevation":null,"Owned_Maintained":null,"Asset":"HOSPITAL - PEDIATRIC","Asset_Sub_Type":null,"Asset_Type":"Hospitals","Asset_Group":"Critical Community and Emergency Facilities","Asset_Relevancy":"Locally Significant","Asset_ID":"HOSP_PT_295","Municipality":"St. Petersburg","Water_Management_District":"Southwest Florida Water Management District","Souce_Dataset_Entity":"FDEM","Souce_Dataset_Name":"Hospitals - FDEM","Source_Asset_ID":null,"Restricted_Public_Disclosure":null,"Notes":null,"Regional_Planning_Council":"Tampa Bay","FDEP_Regulatory_District":"Southwest District","RCP_Region":"Southwest","FDOT_District":7,"House_District_Number":60,"Senate_District_Number":16,"CTF_RL_2020":"Not Affected","CTF_RL_2040_IL":"Not Affected","CTF_RL_2040_INT":"Not Affected","CTF_RL_2070_IL":"Not Affected","CTF_RL_2070_INT":"Not Affected","SSF_RL_100YR_CURR":"Not Affected","SSF_RL_100YR_2040_IL":"Not Affected","SSF_RL_100YR_2040_INT":"Not Affected","SSF_RL_100YR_2070_IL":"Not Affected","SSF_RL_100YR_2070_INT":"Not Affected","SSF_RL_500YR_CURR":"Not Affected","SSF_RL_500YR_2040_IL":"Not Affected","SSF_RL_500YR_2040_INT":"Not Affected","SSF_RL_500YR_2070_IL":"Not Affected","SSF_RL_500YR_2070_INT":"Not Affected","RIF_RL_100YR_2020":"Not Affected","RIF_RL_100YR_2040":"Not Affected","RIF_RL_100YR_2070":"Not Affected","RIF_RL_500YR_2020":"Not Affected","RIF_RL_500YR_2040":"Not Affected","RIF_RL_500YR_2070":"Not Affected"}},{"type":"Feature","id":296,"geometry":{"type":"Point","coordinates":[-82.7966440119217,27.925430535733]},"properties":{"OBJECTID_1":296,"OBJECTID":296,"HAZUSID":" ","Name":"HEALTHSOUTH REHAB HOSP OF LARGO","Address":"901 N CLEARWATER/LARGO RD","City":"LARGO","Zip":"33770","COUNTY":"Pinellas","X":-82.79664401,"Y":27.92543054,"LONGLAT":"-82.79664401,27.92543054","USNG":"17R LL 23211 90240","OWNERSHIP":" ","PARCELID":" ","FACILITY_T":"HOSPITAL","TTL_BEDS":70,"EFCLASS":"EFHM","Asset_Elevation":null,"Owned_Maintained":null,"Asset":"HOSPITAL","Asset_Sub_Type":null,"Asset_Type":"Hospitals","Asset_Group":"Critical Community and Emergency Facilities","Asset_Relevancy":"Locally Significant","Asset_ID":"HOSP_PT_296","Municipality":"Largo","Water_Management_District":"Southwest Florida Water Management District","Souce_Dataset_Entity":"FDEM","Souce_Dataset_Name":"Hospitals - FDEM","Source_Asset_ID":null,"Restricted_Public_Disclosure":null,"Notes":null,"Regional_Planning_Council":"Tampa Bay","FDEP_Regulatory_District":"Southwest District","RCP_Region":"Southwest","FDOT_District":7,"House_District_Number":59,"Senate_District_Number":18,"CTF_RL_2020":"Not Affected","CTF_RL_2040_IL":"Not Affected","CTF_RL_2040_INT":"Not Affected","CTF_RL_2070_IL":"Not Affected","CTF_RL_2070_INT":"Not Affected","SSF_RL_100YR_CURR":"Not Affected","SSF_RL_100YR_2040_IL":"Not Affected","SSF_RL_100YR_2040_INT":"Not Affected","SSF_RL_100YR_2070_IL":"Not Affected","SSF_RL_100YR_2070_INT":"Not Affected","SSF_RL_500YR_CURR":"Not Affected","SSF_RL_500YR_2040_IL":"Not Affected","SSF_RL_500YR_2040_INT":"Not Affected","SSF_RL_500YR_2070_IL":"Not Affected","SSF_RL_500YR_2070_INT":"Not Affected","RIF_RL_100YR_2020":"Not Affected","RIF_RL_100YR_2040":"Not Affected","RIF_RL_100YR_2070":"Not Affected","RIF_RL_500YR_2020":"Not Affected","RIF_RL_500YR_2040":"Not Affected","RIF_RL_500YR_2070":"Not Affected"}},{"type":"Feature","id":297,"geometry":{"type":"Point","coordinates":[-82.7106193726433,27.8750910467372]},"properties":{"OBJECTID_1":297,"OBJECTID":297,"HAZUSID":" ","Name":"WINDMOOR HEALTHCARE OF CLEARWATER","Address":"11300 US HWY 19 N","City":"CLEARWATER","Zip":"33764","COUNTY":"Pinellas","X":-82.71061937,"Y":27.87509105,"LONGLAT":"-82.71061937,27.87509105","USNG":"17R LL 31599 84541","OWNERSHIP":" ","PARCELID":" ","FACILITY_T":"HOSPITAL","TTL_BEDS":144,"EFCLASS":"EFHL","Asset_Elevation":null,"Owned_Maintained":null,"Asset":"HOSPITAL","Asset_Sub_Type":null,"Asset_Type":"Hospitals","Asset_Group":"Critical Community and Emergency Facilities","Asset_Relevancy":"Locally Significant","Asset_ID":"HOSP_PT_297","Municipality":"Pinellas Park","Water_Management_District":"Southwest Florida Water Management District","Souce_Dataset_Entity":"FDEM","Souce_Dataset_Name":"Hospitals - FDEM","Source_Asset_ID":null,"Restricted_Public_Disclosure":null,"Notes":null,"Regional_Planning_Council":"Tampa Bay","FDEP_Regulatory_District":"Southwest District","RCP_Region":"Southwest","FDOT_District":7,"House_District_Number":60,"Senate_District_Number":18,"CTF_RL_2020":"Not Affected","CTF_RL_2040_IL":"Not Affected","CTF_RL_2040_INT":"Not Affected","CTF_RL_2070_IL":"Not Affected","CTF_RL_2070_INT":"Not Affected","SSF_RL_100YR_CURR":"Not Affected","SSF_RL_100YR_2040_IL":"Not Affected","SSF_RL_100YR_2040_INT":"Not Affected","SSF_RL_100YR_2070_IL":"Not Affected","SSF_RL_100YR_2070_INT":"Not Affected","SSF_RL_500YR_CURR":"Not Affected","SSF_RL_500YR_2040_IL":"Not Affected","SSF_RL_500YR_2040_INT":"Not Affected","SSF_RL_500YR_2070_IL":"Not Affected","SSF_RL_500YR_2070_INT":"Not Affected","RIF_RL_100YR_2020":"Not Affected","RIF_RL_100YR_2040":"Not Affected","RIF_RL_100YR_2070":"Not Affected","RIF_RL_500YR_2020":"Not Affected","RIF_RL_500YR_2040":"Not Affected","RIF_RL_500YR_2070":"Not Affected"}},{"type":"Feature","id":298,"geometry":{"type":"Point","coordinates":[-82.6395182211417,27.741146167325]},"properties":{"OBJECTID_1":298,"OBJECTID":298,"HAZUSID":" ","Name":"KINDRED HOSP/BAY AREA/ST PETE","Address":"3030 6TH ST S","City":"SAINT PETERSBURG","Zip":"33705","COUNTY":"Pinellas","X":-82.63951822,"Y":27.74114617,"LONGLAT":"-82.63951822,27.74114617","USNG":"17R LL 38402 69604","OWNERSHIP":" ","PARCELID":" ","FACILITY_T":"HOSPITAL","TTL_BEDS":82,"EFCLASS":"EFHM","Asset_Elevation":null,"Owned_Maintained":null,"Asset":"HOSPITAL","Asset_Sub_Type":null,"Asset_Type":"Hospitals","Asset_Group":"Critical Community and Emergency Facilities","Asset_Relevancy":"Locally Significant","Asset_ID":"HOSP_PT_298","Municipality":"St. Petersburg","Water_Management_District":"Southwest Florida Water Management District","Souce_Dataset_Entity":"FDEM","Souce_Dataset_Name":"Hospitals - FDEM","Source_Asset_ID":null,"Restricted_Public_Disclosure":null,"Notes":null,"Regional_Planning_Council":"Tampa Bay","FDEP_Regulatory_District":"Southwest District","RCP_Region":"Southwest","FDOT_District":7,"House_District_Number":62,"Senate_District_Number":16,"CTF_RL_2020":"Not Affected","CTF_RL_2040_IL":"Not Affected","CTF_RL_2040_INT":"Not Affected","CTF_RL_2070_IL":"Not Affected","CTF_RL_2070_INT":"Not Affected","SSF_RL_100YR_CURR":"Not Affected","SSF_RL_100YR_2040_IL":"Not Affected","SSF_RL_100YR_2040_INT":"Not Affected","SSF_RL_100YR_2070_IL":"Not Affected","SSF_RL_100YR_2070_INT":"Not Affected","SSF_RL_500YR_CURR":"Not Affected","SSF_RL_500YR_2040_IL":"Not Affected","SSF_RL_500YR_2040_INT":"Not Affected","SSF_RL_500YR_2070_IL":"Low","SSF_RL_500YR_2070_INT":"Medium","RIF_RL_100YR_2020":"Not Affected","RIF_RL_100YR_2040":"Not Affected","RIF_RL_100YR_2070":"Not Affected","RIF_RL_500YR_2020":"Not Affected","RIF_RL_500YR_2040":"Not Affected","RIF_RL_500YR_2070":"Not Affected"}},{"type":"Feature","id":299,"geometry":{"type":"Point","coordinates":[-82.6432253733649,27.7632769455384]},"properties":{"OBJECTID_1":299,"OBJECTID":299,"HAZUSID":" ","Name":"BAYFRONT HEALTH - ST PETERSBURG","Address":"701 6TH ST S","City":"SAINT PETERSBURG","Zip":"33701","COUNTY":"Pinellas","X":-82.64322537,"Y":27.76327695,"LONGLAT":"-82.64322537,27.76327695","USNG":"17R LL 38069 72061","OWNERSHIP":" ","PARCELID":" ","FACILITY_T":"HOSPITAL - TRAUMA","TTL_BEDS":480,"EFCLASS":"EFHL","Asset_Elevation":null,"Owned_Maintained":null,"Asset":"HOSPITAL - TRAUMA","Asset_Sub_Type":null,"Asset_Type":"Hospitals","Asset_Group":"Critical Community and Emergency Facilities","Asset_Relevancy":"Locally Significant","Asset_ID":"HOSP_PT_299","Municipality":"St. Petersburg","Water_Management_District":"Southwest Florida Water Management District","Souce_Dataset_Entity":"FDEM","Souce_Dataset_Name":"Hospitals - FDEM","Source_Asset_ID":null,"Restricted_Public_Disclosure":null,"Notes":null,"Regional_Planning_Council":"Tampa Bay","FDEP_Regulatory_District":"Southwest District","RCP_Region":"Southwest","FDOT_District":7,"House_District_Number":60,"Senate_District_Number":16,"CTF_RL_2020":"Not Affected","CTF_RL_2040_IL":"Not Affected","CTF_RL_2040_INT":"Not Affected","CTF_RL_2070_IL":"Not Affected","CTF_RL_2070_INT":"Not Affected","SSF_RL_100YR_CURR":"Not Affected","SSF_RL_100YR_2040_IL":"Not Affected","SSF_RL_100YR_2040_INT":"Not Affected","SSF_RL_100YR_2070_IL":"Not Affected","SSF_RL_100YR_2070_INT":"Not Affected","SSF_RL_500YR_CURR":"Not Affected","SSF_RL_500YR_2040_IL":"Not Affected","SSF_RL_500YR_2040_INT":"Not Affected","SSF_RL_500YR_2070_IL":"Not Affected","SSF_RL_500YR_2070_INT":"Not Affected","RIF_RL_100YR_2020":"Not Affected","RIF_RL_100YR_2040":"Not Affected","RIF_RL_100YR_2070":"Not Affected","RIF_RL_500YR_2020":"Not Affected","RIF_RL_500YR_2040":"Not Affected","RIF_RL_500YR_2070":"Not Affected"}},{"type":"Feature","id":300,"geometry":{"type":"Point","coordinates":[-82.7788650597454,27.8112326343661]},"properties":{"OBJECTID_1":300,"OBJECTID":300,"HAZUSID":" ","Name":"BAY PINES VA HEALTHCARE SYSTEM","Address":"10000 BAY PINES BLVD","City":"BAY PINES","Zip":"33744","COUNTY":"Pinellas","X":-82.77886506,"Y":27.81123264,"LONGLAT":"-82.77886506,27.81123264","USNG":"17R LL 24777 77561","OWNERSHIP":" ","PARCELID":" ","FACILITY_T":"HOSPITAL - VA","TTL_BEDS":153,"EFCLASS":"EFHL","Asset_Elevation":null,"Owned_Maintained":null,"Asset":"HOSPITAL - VA","Asset_Sub_Type":null,"Asset_Type":"Hospitals","Asset_Group":"Critical Community and Emergency Facilities","Asset_Relevancy":"Locally Significant","Asset_ID":"HOSP_PT_300","Municipality":null,"Water_Management_District":"Southwest Florida Water Management District","Souce_Dataset_Entity":"FDEM","Souce_Dataset_Name":"Hospitals - FDEM","Source_Asset_ID":null,"Restricted_Public_Disclosure":null,"Notes":null,"Regional_Planning_Council":"Tampa Bay","FDEP_Regulatory_District":"Southwest District","RCP_Region":"Southwest","FDOT_District":7,"House_District_Number":61,"Senate_District_Number":18,"CTF_RL_2020":"Not Affected","CTF_RL_2040_IL":"Not Affected","CTF_RL_2040_INT":"Not Affected","CTF_RL_2070_IL":"Not Affected","CTF_RL_2070_INT":"Not Affected","SSF_RL_100YR_CURR":"Not Affected","SSF_RL_100YR_2040_IL":"Not Affected","SSF_RL_100YR_2040_INT":"Not Affected","SSF_RL_100YR_2070_IL":"Not Affected","SSF_RL_100YR_2070_INT":"Not Affected","SSF_RL_500YR_CURR":"Medium","SSF_RL_500YR_2040_IL":"High","SSF_RL_500YR_2040_INT":"High","SSF_RL_500YR_2070_IL":"High","SSF_RL_500YR_2070_INT":"High","RIF_RL_100YR_2020":"Not Affected","RIF_RL_100YR_2040":"Not Affected","RIF_RL_100YR_2070":"Not Affected","RIF_RL_500YR_2020":"Not Affected","RIF_RL_500YR_2040":"Not Affected","RIF_RL_500YR_2070":"Not Affected"}},{"type":"Feature","id":301,"geometry":{"type":"Point","coordinates":[-81.7262219999207,28.0083957649165]},"properties":{"OBJECTID_1":301,"OBJECTID":301,"HAZUSID":" ","Name":"REGENCY CENTER FOR WOMEN & INFANTS","Address":"101 AVE O SE","City":"WINTER HAVEN","Zip":"33880","COUNTY":"Polk","X":-81.726222,"Y":28.00839577,"LONGLAT":"-81.72622200,28.00839577","USNG":"17R ML 28600 98344","OWNERSHIP":" ","PARCELID":" ","FACILITY_T":"HOSPITAL","TTL_BEDS":61,"EFCLASS":"EFHM","Asset_Elevation":null,"Owned_Maintained":null,"Asset":"HOSPITAL","Asset_Sub_Type":null,"Asset_Type":"Hospitals","Asset_Group":"Critical Community and Emergency Facilities","Asset_Relevancy":"Locally Significant","Asset_ID":"HOSP_PT_301","Municipality":"Winter Haven","Water_Management_District":"Southwest Florida Water Management District","Souce_Dataset_Entity":"FDEM","Souce_Dataset_Name":"Hospitals - FDEM","Source_Asset_ID":null,"Restricted_Public_Disclosure":null,"Notes":null,"Regional_Planning_Council":"Central Florida","FDEP_Regulatory_District":"Southwest District","RCP_Region":"Southwest","FDOT_District":1,"House_District_Number":48,"Senate_District_Number":12,"CTF_RL_2020":"Not Affected","CTF_RL_2040_IL":"Not Affected","CTF_RL_2040_INT":"Not Affected","CTF_RL_2070_IL":"Not Affected","CTF_RL_2070_INT":"Not Affected","SSF_RL_100YR_CURR":"Not Affected","SSF_RL_100YR_2040_IL":"Not Affected","SSF_RL_100YR_2040_INT":"Not Affected","SSF_RL_100YR_2070_IL":"Not Affected","SSF_RL_100YR_2070_INT":"Not Affected","SSF_RL_500YR_CURR":"Not Affected","SSF_RL_500YR_2040_IL":"Not Affected","SSF_RL_500YR_2040_INT":"Not Affected","SSF_RL_500YR_2070_IL":"Not Affected","SSF_RL_500YR_2070_INT":"Not Affected","RIF_RL_100YR_2020":"Not Affected","RIF_RL_100YR_2040":"Low","RIF_RL_100YR_2070":"Not Affected","RIF_RL_500YR_2020":"Not Affected","RIF_RL_500YR_2040":"Not Affected","RIF_RL_500YR_2070":"Low"}},{"type":"Feature","id":302,"geometry":{"type":"Point","coordinates":[-81.7247246512981,28.0287187787639]},"properties":{"OBJECTID_1":302,"OBJECTID":302,"HAZUSID":" ","Name":"WINTER HAVEN HOSPITAL","Address":"200 AVE F NE","City":"WINTER HAVEN","Zip":"33881","COUNTY":"Polk","X":-81.72472465,"Y":28.02871878,"LONGLAT":"-81.72472465,28.02871878","USNG":"17R MM 28761 00595","OWNERSHIP":" ","PARCELID":" ","FACILITY_T":"HOSPITAL - ACUTE CARE","TTL_BEDS":468,"EFCLASS":"EFHL","Asset_Elevation":null,"Owned_Maintained":null,"Asset":"HOSPITAL - ACUTE CARE","Asset_Sub_Type":null,"Asset_Type":"Hospitals","Asset_Group":"Critical Community and Emergency Facilities","Asset_Relevancy":"Locally Significant","Asset_ID":"HOSP_PT_302","Municipality":"Winter Haven","Water_Management_District":"Southwest Florida Water Management District","Souce_Dataset_Entity":"FDEM","Souce_Dataset_Name":"Hospitals - FDEM","Source_Asset_ID":null,"Restricted_Public_Disclosure":null,"Notes":null,"Regional_Planning_Council":"Central Florida","FDEP_Regulatory_District":"Southwest District","RCP_Region":"Southwest","FDOT_District":1,"House_District_Number":48,"Senate_District_Number":12,"CTF_RL_2020":"Not Affected","CTF_RL_2040_IL":"Not Affected","CTF_RL_2040_INT":"Not Affected","CTF_RL_2070_IL":"Not Affected","CTF_RL_2070_INT":"Not Affected","SSF_RL_100YR_CURR":"Not Affected","SSF_RL_100YR_2040_IL":"Not Affected","SSF_RL_100YR_2040_INT":"Not Affected","SSF_RL_100YR_2070_IL":"Not Affected","SSF_RL_100YR_2070_INT":"Not Affected","SSF_RL_500YR_CURR":"Not Affected","SSF_RL_500YR_2040_IL":"Not Affected","SSF_RL_500YR_2040_INT":"Not Affected","SSF_RL_500YR_2070_IL":"Not Affected","SSF_RL_500YR_2070_INT":"Not Affected","RIF_RL_100YR_2020":"Not Affected","RIF_RL_100YR_2040":"Not Affected","RIF_RL_100YR_2070":"Not Affected","RIF_RL_500YR_2020":"Not Affected","RIF_RL_500YR_2040":"Not Affected","RIF_RL_500YR_2070":"Not Affected"}},{"type":"Feature","id":303,"geometry":{"type":"Point","coordinates":[-81.9540980002479,28.060928999548]},"properties":{"OBJECTID_1":303,"OBJECTID":303,"HAZUSID":" ","Name":"LAKELAND REGIONAL MEDICAL CNTR","Address":"1324 LAKELAND HILLS BLVD","City":"LAKELAND","Zip":"33805","COUNTY":"Polk","X":-81.954098,"Y":28.060929,"LONGLAT":"-81.95409800,28.06092900","USNG":"17R MM 06241 04319","OWNERSHIP":" ","PARCELID":" ","FACILITY_T":"HOSPITAL - TRAUMA","TTL_BEDS":849,"EFCLASS":"EFHL","Asset_Elevation":null,"Owned_Maintained":null,"Asset":"HOSPITAL - TRAUMA","Asset_Sub_Type":null,"Asset_Type":"Hospitals","Asset_Group":"Critical Community and Emergency Facilities","Asset_Relevancy":"Locally Significant","Asset_ID":"HOSP_PT_303","Municipality":"Lakeland","Water_Management_District":"Southwest Florida Water Management District","Souce_Dataset_Entity":"FDEM","Souce_Dataset_Name":"Hospitals - FDEM","Source_Asset_ID":null,"Restricted_Public_Disclosure":null,"Notes":null,"Regional_Planning_Council":"Central Florida","FDEP_Regulatory_District":"Southwest District","RCP_Region":"Southwest","FDOT_District":1,"House_District_Number":50,"Senate_District_Number":12,"CTF_RL_2020":"Not Affected","CTF_RL_2040_IL":"Not Affected","CTF_RL_2040_INT":"Not Affected","CTF_RL_2070_IL":"Not Affected","CTF_RL_2070_INT":"Not Affected","SSF_RL_100YR_CURR":"Not Affected","SSF_RL_100YR_2040_IL":"Not Affected","SSF_RL_100YR_2040_INT":"Not Affected","SSF_RL_100YR_2070_IL":"Not Affected","SSF_RL_100YR_2070_INT":"Not Affected","SSF_RL_500YR_CURR":"Not Affected","SSF_RL_500YR_2040_IL":"Not Affected","SSF_RL_500YR_2040_INT":"Not Affected","SSF_RL_500YR_2070_IL":"Not Affected","SSF_RL_500YR_2070_INT":"Not Affected","RIF_RL_100YR_2020":"High","RIF_RL_100YR_2040":"High","RIF_RL_100YR_2070":"High","RIF_RL_500YR_2020":"High","RIF_RL_500YR_2040":"High","RIF_RL_500YR_2070":"High"}},{"type":"Feature","id":304,"geometry":{"type":"Point","coordinates":[-81.5652495221797,27.8967962348148]},"properties":{"OBJECTID_1":304,"OBJECTID":304,"HAZUSID":" ","Name":"LAKE WALES MEDICAL CNTR","Address":"410 S 11TH ST","City":"LAKE WALES","Zip":"33853","COUNTY":"Polk","X":-81.56524952,"Y":27.89679624,"LONGLAT":"-81.56524952,27.89679624","USNG":"17R ML 44369 85898","OWNERSHIP":" ","PARCELID":" ","FACILITY_T":"HOSPITAL - ACUTE CARE","TTL_BEDS":160,"EFCLASS":"EFHL","Asset_Elevation":null,"Owned_Maintained":null,"Asset":"HOSPITAL - ACUTE CARE","Asset_Sub_Type":null,"Asset_Type":"Hospitals","Asset_Group":"Critical Community and Emergency Facilities","Asset_Relevancy":"Locally Significant","Asset_ID":"HOSP_PT_304","Municipality":"Lake Wales","Water_Management_District":"Southwest Florida Water Management District","Souce_Dataset_Entity":"FDEM","Souce_Dataset_Name":"Hospitals - FDEM","Source_Asset_ID":null,"Restricted_Public_Disclosure":null,"Notes":null,"Regional_Planning_Council":"Central Florida","FDEP_Regulatory_District":"Southwest District","RCP_Region":"Southwest","FDOT_District":1,"House_District_Number":48,"Senate_District_Number":12,"CTF_RL_2020":"Not Affected","CTF_RL_2040_IL":"Not Affected","CTF_RL_2040_INT":"Not Affected","CTF_RL_2070_IL":"Not Affected","CTF_RL_2070_INT":"Not Affected","SSF_RL_100YR_CURR":"Not Affected","SSF_RL_100YR_2040_IL":"Not Affected","SSF_RL_100YR_2040_INT":"Not Affected","SSF_RL_100YR_2070_IL":"Not Affected","SSF_RL_100YR_2070_INT":"Not Affected","SSF_RL_500YR_CURR":"Not Affected","SSF_RL_500YR_2040_IL":"Not Affected","SSF_RL_500YR_2040_INT":"Not Affected","SSF_RL_500YR_2070_IL":"Not Affected","SSF_RL_500YR_2070_INT":"Not Affected","RIF_RL_100YR_2020":"High","RIF_RL_100YR_2040":"Medium","RIF_RL_100YR_2070":"High","RIF_RL_500YR_2020":"High","RIF_RL_500YR_2040":"High","RIF_RL_500YR_2070":"High"}},{"type":"Feature","id":305,"geometry":{"type":"Point","coordinates":[-81.8445560706049,27.9189326750299]},"properties":{"OBJECTID_1":305,"OBJECTID":305,"HAZUSID":" ","Name":"BARTOW REG MED CENT","Address":"2200 OSPREY BLVD","City":"BARTOW","Zip":"33831","COUNTY":"Polk","X":-81.84455607,"Y":27.91893268,"LONGLAT":"-81.84455607,27.91893268","USNG":"17R ML 16897 88508","OWNERSHIP":" ","PARCELID":" ","FACILITY_T":"HOSPITAL - ACUTE CARE","TTL_BEDS":72,"EFCLASS":"EFHM","Asset_Elevation":null,"Owned_Maintained":null,"Asset":"HOSPITAL - ACUTE CARE","Asset_Sub_Type":null,"Asset_Type":"Hospitals","Asset_Group":"Critical Community and Emergency Facilities","Asset_Relevancy":"Locally Significant","Asset_ID":"HOSP_PT_305","Municipality":"Bartow","Water_Management_District":"Southwest Florida Water Management District","Souce_Dataset_Entity":"FDEM","Souce_Dataset_Name":"Hospitals - FDEM","Source_Asset_ID":null,"Restricted_Public_Disclosure":null,"Notes":null,"Regional_Planning_Council":"Central Florida","FDEP_Regulatory_District":"Southwest District","RCP_Region":"Southwest","FDOT_District":1,"House_District_Number":49,"Senate_District_Number":27,"CTF_RL_2020":"Not Affected","CTF_RL_2040_IL":"Not Affected","CTF_RL_2040_INT":"Not Affected","CTF_RL_2070_IL":"Not Affected","CTF_RL_2070_INT":"Not Affected","SSF_RL_100YR_CURR":"Not Affected","SSF_RL_100YR_2040_IL":"Not Affected","SSF_RL_100YR_2040_INT":"Not Affected","SSF_RL_100YR_2070_IL":"Not Affected","SSF_RL_100YR_2070_INT":"Not Affected","SSF_RL_500YR_CURR":"Not Affected","SSF_RL_500YR_2040_IL":"Not Affected","SSF_RL_500YR_2040_INT":"Not Affected","SSF_RL_500YR_2070_IL":"Not Affected","SSF_RL_500YR_2070_INT":"Not Affected","RIF_RL_100YR_2020":"Not Affected","RIF_RL_100YR_2040":"Not Affected","RIF_RL_100YR_2070":"Not Affected","RIF_RL_500YR_2020":"Not Affected","RIF_RL_500YR_2040":"Not Affected","RIF_RL_500YR_2070":"Not Affected"}},{"type":"Feature","id":306,"geometry":{"type":"Point","coordinates":[-81.6425546724533,28.1813988264071]},"properties":{"OBJECTID_1":306,"OBJECTID":306,"HAZUSID":" ","Name":"HEART OF FLORIDA REGIONAL MED CNTR","Address":"40100 US HWY 27 N","City":"DAVENPORT","Zip":"33837","COUNTY":"Polk","X":-81.64255467,"Y":28.18139883,"LONGLAT":"-81.64255467,28.18139883","USNG":"17R MM 36927 17464","OWNERSHIP":" ","PARCELID":" ","FACILITY_T":"HOSPITAL - ACUTE CARE","TTL_BEDS":193,"EFCLASS":"EFHL","Asset_Elevation":null,"Owned_Maintained":null,"Asset":"HOSPITAL - ACUTE CARE","Asset_Sub_Type":null,"Asset_Type":"Hospitals","Asset_Group":"Critical Community and Emergency Facilities","Asset_Relevancy":"Locally Significant","Asset_ID":"HOSP_PT_306","Municipality":"Haines City","Water_Management_District":"Southwest Florida Water Management District","Souce_Dataset_Entity":"FDEM","Souce_Dataset_Name":"Hospitals - FDEM","Source_Asset_ID":null,"Restricted_Public_Disclosure":null,"Notes":null,"Regional_Planning_Council":"Central Florida","FDEP_Regulatory_District":"Southwest District","RCP_Region":"Southwest","FDOT_District":1,"House_District_Number":51,"Senate_District_Number":12,"CTF_RL_2020":"Not Affected","CTF_RL_2040_IL":"Not Affected","CTF_RL_2040_INT":"Not Affected","CTF_RL_2070_IL":"Not Affected","CTF_RL_2070_INT":"Not Affected","SSF_RL_100YR_CURR":"Not Affected","SSF_RL_100YR_2040_IL":"Not Affected","SSF_RL_100YR_2040_INT":"Not Affected","SSF_RL_100YR_2070_IL":"Not Affected","SSF_RL_100YR_2070_INT":"Not Affected","SSF_RL_500YR_CURR":"Not Affected","SSF_RL_500YR_2040_IL":"Not Affected","SSF_RL_500YR_2040_INT":"Not Affected","SSF_RL_500YR_2070_IL":"Not Affected","SSF_RL_500YR_2070_INT":"Not Affected","RIF_RL_100YR_2020":"Medium","RIF_RL_100YR_2040":"Medium","RIF_RL_100YR_2070":"Medium","RIF_RL_500YR_2020":"Medium","RIF_RL_500YR_2040":"Medium","RIF_RL_500YR_2070":"Medium"}},{"type":"Feature","id":307,"geometry":{"type":"Point","coordinates":[-81.6924128797343,29.6423796819558]},"properties":{"OBJECTID_1":307,"OBJECTID":307,"HAZUSID":" ","Name":"PUTNAM COMMUNITY MEDICAL CNTR","Address":"611 ZEAGLER DR","City":"PALATKA","Zip":"32177","COUNTY":"Putnam","X":-81.69241288,"Y":29.64237968,"LONGLAT":"-81.69241288,29.64237968","USNG":"17R MN 32979 79359","OWNERSHIP":" ","PARCELID":" ","FACILITY_T":"HOSPITAL - ACUTE CARE","TTL_BEDS":99,"EFCLASS":"EFHM","Asset_Elevation":null,"Owned_Maintained":null,"Asset":"HOSPITAL - ACUTE CARE","Asset_Sub_Type":null,"Asset_Type":"Hospitals","Asset_Group":"Critical Community and Emergency Facilities","Asset_Relevancy":"Locally Significant","Asset_ID":"HOSP_PT_307","Municipality":"Palatka","Water_Management_District":"St. Johns River Water Management District","Souce_Dataset_Entity":"FDEM","Souce_Dataset_Name":"Hospitals - FDEM","Source_Asset_ID":null,"Restricted_Public_Disclosure":null,"Notes":null,"Regional_Planning_Council":"Northeast Florida","FDEP_Regulatory_District":"Northeast District","RCP_Region":"Northeast","FDOT_District":2,"House_District_Number":20,"Senate_District_Number":7,"CTF_RL_2020":"Not Affected","CTF_RL_2040_IL":"Not Affected","CTF_RL_2040_INT":"Not Affected","CTF_RL_2070_IL":"Not Affected","CTF_RL_2070_INT":"Not Affected","SSF_RL_100YR_CURR":"Not Affected","SSF_RL_100YR_2040_IL":"Not Affected","SSF_RL_100YR_2040_INT":"Not Affected","SSF_RL_100YR_2070_IL":"Not Affected","SSF_RL_100YR_2070_INT":"Not Affected","SSF_RL_500YR_CURR":"Not Affected","SSF_RL_500YR_2040_IL":"Not Affected","SSF_RL_500YR_2040_INT":"Not Affected","SSF_RL_500YR_2070_IL":"Not Affected","SSF_RL_500YR_2070_INT":"Not Affected","RIF_RL_100YR_2020":"Not Affected","RIF_RL_100YR_2040":"Not Affected","RIF_RL_100YR_2070":"Not Affected","RIF_RL_500YR_2020":"Not Affected","RIF_RL_500YR_2040":"Not Affected","RIF_RL_500YR_2070":"Not Affected"}},{"type":"Feature","id":308,"geometry":{"type":"Point","coordinates":[-81.3169874159929,29.8625359343351]},"properties":{"OBJECTID_1":308,"OBJECTID":308,"HAZUSID":" ","Name":"FLAGLER HOSP","Address":"400 HEALTH PARK BLVD","City":"SAINT AUGUSTINE","Zip":"32086","COUNTY":"St. Johns","X":-81.31698742,"Y":29.86253593,"LONGLAT":"-81.31698742,29.86253593","USNG":"17R MP 69385 03595","OWNERSHIP":" ","PARCELID":" ","FACILITY_T":"HOSPITAL - ACUTE CARE","TTL_BEDS":335,"EFCLASS":"EFHL","Asset_Elevation":null,"Owned_Maintained":null,"Asset":"HOSPITAL - ACUTE CARE","Asset_Sub_Type":null,"Asset_Type":"Hospitals","Asset_Group":"Critical Community and Emergency Facilities","Asset_Relevancy":"Locally Significant","Asset_ID":"HOSP_PT_308","Municipality":null,"Water_Management_District":"St. Johns River Water Management District","Souce_Dataset_Entity":"FDEM","Souce_Dataset_Name":"Hospitals - FDEM","Source_Asset_ID":null,"Restricted_Public_Disclosure":null,"Notes":null,"Regional_Planning_Council":"Northeast Florida","FDEP_Regulatory_District":"Northeast District","RCP_Region":"Northeast","FDOT_District":2,"House_District_Number":19,"Senate_District_Number":7,"CTF_RL_2020":"Not Affected","CTF_RL_2040_IL":"Not Affected","CTF_RL_2040_INT":"Not Affected","CTF_RL_2070_IL":"Not Affected","CTF_RL_2070_INT":"Not Affected","SSF_RL_100YR_CURR":"Not Affected","SSF_RL_100YR_2040_IL":"Not Affected","SSF_RL_100YR_2040_INT":"Not Affected","SSF_RL_100YR_2070_IL":"Not Affected","SSF_RL_100YR_2070_INT":"Not Affected","SSF_RL_500YR_CURR":"Not Affected","SSF_RL_500YR_2040_IL":"Not Affected","SSF_RL_500YR_2040_INT":"Not Affected","SSF_RL_500YR_2070_IL":"Not Affected","SSF_RL_500YR_2070_INT":"Not Affected","RIF_RL_100YR_2020":"Not Affected","RIF_RL_100YR_2040":"Not Affected","RIF_RL_100YR_2070":"Not Affected","RIF_RL_500YR_2020":"Not Affected","RIF_RL_500YR_2040":"Not Affected","RIF_RL_500YR_2070":"Not Affected"}},{"type":"Feature","id":309,"geometry":{"type":"Point","coordinates":[-81.5879800000132,30.2551199991944]},"properties":{"OBJECTID_1":309,"OBJECTID":309,"HAZUSID":" ","Name":"S POINTCLIN","Address":"6900 SOUTHPOINT DR N","City":"JACKSONVILLE","Zip":"32209","COUNTY":"Duval","X":-81.58798,"Y":30.25512,"LONGLAT":"-81.58798000,30.25512000","USNG":"17R MP 43435 47201","OWNERSHIP":" ","PARCELID":" ","FACILITY_T":"HOSPITAL - VA","TTL_BEDS":0,"EFCLASS":"MDFLT","Asset_Elevation":null,"Owned_Maintained":null,"Asset":"HOSPITAL - VA","Asset_Sub_Type":null,"Asset_Type":"Hospitals","Asset_Group":"Critical Community and Emergency Facilities","Asset_Relevancy":"Locally Significant","Asset_ID":"HOSP_PT_309","Municipality":"Jacksonville","Water_Management_District":"St. Johns River Water Management District","Souce_Dataset_Entity":"FDEM","Souce_Dataset_Name":"Hospitals - FDEM","Source_Asset_ID":null,"Restricted_Public_Disclosure":null,"Notes":null,"Regional_Planning_Council":"Northeast Florida","FDEP_Regulatory_District":"Northeast District","RCP_Region":"Northeast","FDOT_District":2,"House_District_Number":17,"Senate_District_Number":5,"CTF_RL_2020":"Not Affected","CTF_RL_2040_IL":"Not Affected","CTF_RL_2040_INT":"Not Affected","CTF_RL_2070_IL":"Not Affected","CTF_RL_2070_INT":"Not Affected","SSF_RL_100YR_CURR":"Not Affected","SSF_RL_100YR_2040_IL":"Not Affected","SSF_RL_100YR_2040_INT":"Not Affected","SSF_RL_100YR_2070_IL":"Not Affected","SSF_RL_100YR_2070_INT":"Not Affected","SSF_RL_500YR_CURR":"Not Affected","SSF_RL_500YR_2040_IL":"Not Affected","SSF_RL_500YR_2040_INT":"Not Affected","SSF_RL_500YR_2070_IL":"Not Affected","SSF_RL_500YR_2070_INT":"Not Affected","RIF_RL_100YR_2020":"Not Affected","RIF_RL_100YR_2040":"Not Affected","RIF_RL_100YR_2070":"Not Affected","RIF_RL_500YR_2020":"Not Affected","RIF_RL_500YR_2040":"Not Affected","RIF_RL_500YR_2070":"Not Affected"}},{"type":"Feature","id":310,"geometry":{"type":"Point","coordinates":[-81.4048699994627,30.3878799992008]},"properties":{"OBJECTID_1":310,"OBJECTID":310,"HAZUSID":" ","Name":"NAVAL BRNCH HLTH CLIN MAYPORT","Address":"2104 MASSEY AVE","City":"JACKSONVILLE","Zip":"32228","COUNTY":"Duval","X":-81.40487,"Y":30.38788,"LONGLAT":"-81.40487000,30.38788000","USNG":"17R MP 61103 61836","OWNERSHIP":" ","PARCELID":" ","FACILITY_T":"HOSPITAL - VA","TTL_BEDS":0,"EFCLASS":"MDFLT","Asset_Elevation":null,"Owned_Maintained":null,"Asset":"HOSPITAL - VA","Asset_Sub_Type":null,"Asset_Type":"Hospitals","Asset_Group":"Critical Community and Emergency Facilities","Asset_Relevancy":"Locally Significant","Asset_ID":"HOSP_PT_310","Municipality":"Jacksonville","Water_Management_District":"St. Johns River Water Management District","Souce_Dataset_Entity":"FDEM","Souce_Dataset_Name":"Hospitals - FDEM","Source_Asset_ID":null,"Restricted_Public_Disclosure":null,"Notes":null,"Regional_Planning_Council":"Northeast Florida","FDEP_Regulatory_District":"Northeast District","RCP_Region":"Northeast","FDOT_District":2,"House_District_Number":16,"Senate_District_Number":4,"CTF_RL_2020":"Not Affected","CTF_RL_2040_IL":"Not Affected","CTF_RL_2040_INT":"Not Affected","CTF_RL_2070_IL":"Not Affected","CTF_RL_2070_INT":"Not Affected","SSF_RL_100YR_CURR":"Not Affected","SSF_RL_100YR_2040_IL":"Not Affected","SSF_RL_100YR_2040_INT":"Not Affected","SSF_RL_100YR_2070_IL":"Not Affected","SSF_RL_100YR_2070_INT":"Not Affected","SSF_RL_500YR_CURR":"Not Affected","SSF_RL_500YR_2040_IL":"Not Affected","SSF_RL_500YR_2040_INT":"Not Affected","SSF_RL_500YR_2070_IL":"Not Affected","SSF_RL_500YR_2070_INT":"Not Affected","RIF_RL_100YR_2020":"Not Affected","RIF_RL_100YR_2040":"Not Affected","RIF_RL_100YR_2070":"Not Affected","RIF_RL_500YR_2020":"Not Affected","RIF_RL_500YR_2040":"Not Affected","RIF_RL_500YR_2070":"Not Affected"}},{"type":"Feature","id":311,"geometry":{"type":"Point","coordinates":[-81.6840100005398,30.2087099986818]},"properties":{"OBJECTID_1":311,"OBJECTID":311,"HAZUSID":" ","Name":"NAVAL HOSP JACKSONVILLE","Address":"2080 CHILD STREET","City":"JACKSONVILLE","Zip":"32214","COUNTY":"Duval","X":-81.68401,"Y":30.20871,"LONGLAT":"-81.68401000,30.20871000","USNG":"17R MP 34166 42110","OWNERSHIP":" ","PARCELID":" ","FACILITY_T":"HOSPITAL - VA","TTL_BEDS":0,"EFCLASS":"MDFLT","Asset_Elevation":null,"Owned_Maintained":null,"Asset":"HOSPITAL - VA","Asset_Sub_Type":null,"Asset_Type":"Hospitals","Asset_Group":"Critical Community and Emergency Facilities","Asset_Relevancy":"Locally Significant","Asset_ID":"HOSP_PT_311","Municipality":"Jacksonville","Water_Management_District":"St. Johns River Water Management District","Souce_Dataset_Entity":"FDEM","Souce_Dataset_Name":"Hospitals - FDEM","Source_Asset_ID":null,"Restricted_Public_Disclosure":null,"Notes":null,"Regional_Planning_Council":"Northeast Florida","FDEP_Regulatory_District":"Northeast District","RCP_Region":"Northeast","FDOT_District":2,"House_District_Number":12,"Senate_District_Number":5,"CTF_RL_2020":"Not Affected","CTF_RL_2040_IL":"Not Affected","CTF_RL_2040_INT":"Not Affected","CTF_RL_2070_IL":"Not Affected","CTF_RL_2070_INT":"Not Affected","SSF_RL_100YR_CURR":"Not Affected","SSF_RL_100YR_2040_IL":"Not Affected","SSF_RL_100YR_2040_INT":"Not Affected","SSF_RL_100YR_2070_IL":"Not Affected","SSF_RL_100YR_2070_INT":"Not Affected","SSF_RL_500YR_CURR":"Not Affected","SSF_RL_500YR_2040_IL":"Not Affected","SSF_RL_500YR_2040_INT":"Not Affected","SSF_RL_500YR_2070_IL":"Not Affected","SSF_RL_500YR_2070_INT":"Not Affected","RIF_RL_100YR_2020":"Not Affected","RIF_RL_100YR_2040":"Not Affected","RIF_RL_100YR_2070":"Not Affected","RIF_RL_500YR_2020":"Not Affected","RIF_RL_500YR_2040":"Not Affected","RIF_RL_500YR_2070":"Not Affected"}},{"type":"Feature","id":312,"geometry":{"type":"Point","coordinates":[-81.6636399996992,30.3440199988863]},"properties":{"OBJECTID_1":312,"OBJECTID":312,"HAZUSID":" ","Name":"JACKSONVILLE OUTPATIENT CLIN","Address":"1536 N JEFFESON ST","City":"JACKSONVILLE","Zip":"32209","COUNTY":"Duval","X":-81.66364,"Y":30.34402,"LONGLAT":"-81.66364000,30.34402000","USNG":"17R MP 36214 57093","OWNERSHIP":" ","PARCELID":" ","FACILITY_T":"HOSPITAL - VA","TTL_BEDS":0,"EFCLASS":"MDFLT","Asset_Elevation":null,"Owned_Maintained":null,"Asset":"HOSPITAL - VA","Asset_Sub_Type":null,"Asset_Type":"Hospitals","Asset_Group":"Critical Community and Emergency Facilities","Asset_Relevancy":"Locally Significant","Asset_ID":"HOSP_PT_312","Municipality":"Jacksonville","Water_Management_District":"St. Johns River Water Management District","Souce_Dataset_Entity":"FDEM","Souce_Dataset_Name":"Hospitals - FDEM","Source_Asset_ID":null,"Restricted_Public_Disclosure":null,"Notes":null,"Regional_Planning_Council":"Northeast Florida","FDEP_Regulatory_District":"Northeast District","RCP_Region":"Northeast","FDOT_District":2,"House_District_Number":14,"Senate_District_Number":5,"CTF_RL_2020":"Not Affected","CTF_RL_2040_IL":"Not Affected","CTF_RL_2040_INT":"Not Affected","CTF_RL_2070_IL":"Not Affected","CTF_RL_2070_INT":"Not Affected","SSF_RL_100YR_CURR":"Not Affected","SSF_RL_100YR_2040_IL":"Not Affected","SSF_RL_100YR_2040_INT":"Not Affected","SSF_RL_100YR_2070_IL":"Not Affected","SSF_RL_100YR_2070_INT":"Not Affected","SSF_RL_500YR_CURR":"Not Affected","SSF_RL_500YR_2040_IL":"Not Affected","SSF_RL_500YR_2040_INT":"Not Affected","SSF_RL_500YR_2070_IL":"Not Affected","SSF_RL_500YR_2070_INT":"Not Affected","RIF_RL_100YR_2020":"Not Affected","RIF_RL_100YR_2040":"Not Affected","RIF_RL_100YR_2070":"Not Affected","RIF_RL_500YR_2020":"Not Affected","RIF_RL_500YR_2040":"Not Affected","RIF_RL_500YR_2070":"Not Affected"}},{"type":"Feature","id":313,"geometry":{"type":"Point","coordinates":[-81.6852200000168,30.2225899998021]},"properties":{"OBJECTID_1":313,"OBJECTID":313,"HAZUSID":" ","Name":"NAVAL BRANCH HLTH CLIN JACKSONVILLE","Address":"814 ENTERPRISE AVE","City":"JACKSONVILLE","Zip":"32212","COUNTY":"Duval","X":-81.68522,"Y":30.22259,"LONGLAT":"-81.68522000,30.22259000","USNG":"17R MP 34059 43649","OWNERSHIP":" ","PARCELID":" ","FACILITY_T":"HOSPITAL - VA","TTL_BEDS":0,"EFCLASS":"MDFLT","Asset_Elevation":null,"Owned_Maintained":null,"Asset":"HOSPITAL - VA","Asset_Sub_Type":null,"Asset_Type":"Hospitals","Asset_Group":"Critical Community and Emergency Facilities","Asset_Relevancy":"Locally Significant","Asset_ID":"HOSP_PT_313","Municipality":"Jacksonville","Water_Management_District":"St. Johns River Water Management District","Souce_Dataset_Entity":"FDEM","Souce_Dataset_Name":"Hospitals - FDEM","Source_Asset_ID":null,"Restricted_Public_Disclosure":null,"Notes":null,"Regional_Planning_Council":"Northeast Florida","FDEP_Regulatory_District":"Northeast District","RCP_Region":"Northeast","FDOT_District":2,"House_District_Number":12,"Senate_District_Number":5,"CTF_RL_2020":"Not Affected","CTF_RL_2040_IL":"Not Affected","CTF_RL_2040_INT":"Not Affected","CTF_RL_2070_IL":"Not Affected","CTF_RL_2070_INT":"Not Affected","SSF_RL_100YR_CURR":"Not Affected","SSF_RL_100YR_2040_IL":"Not Affected","SSF_RL_100YR_2040_INT":"Not Affected","SSF_RL_100YR_2070_IL":"Not Affected","SSF_RL_100YR_2070_INT":"Not Affected","SSF_RL_500YR_CURR":"Not Affected","SSF_RL_500YR_2040_IL":"Not Affected","SSF_RL_500YR_2040_INT":"Not Affected","SSF_RL_500YR_2070_IL":"Not Affected","SSF_RL_500YR_2070_INT":"Not Affected","RIF_RL_100YR_2020":"Not Affected","RIF_RL_100YR_2040":"Not Affected","RIF_RL_100YR_2070":"Not Affected","RIF_RL_500YR_2020":"Not Affected","RIF_RL_500YR_2040":"Not Affected","RIF_RL_500YR_2070":"Not Affected"}},{"type":"Feature","id":314,"geometry":{"type":"Point","coordinates":[-80.3459784261034,27.4326115634966]},"properties":{"OBJECTID_1":314,"OBJECTID":314,"HAZUSID":" ","Name":"LAWNWOOD REGIONAL MED CNTR & HEART","Address":"1700 S 23RD ST","City":"FORT PIERCE","Zip":"34950","COUNTY":"St. Lucie","X":-80.34597843,"Y":27.43261156,"LONGLAT":"-80.34597843,27.43261156","USNG":"17R NL 64639 34522","OWNERSHIP":" ","PARCELID":" ","FACILITY_T":"HOSPITAL - TRAUMA","TTL_BEDS":370,"EFCLASS":"EFHL","Asset_Elevation":null,"Owned_Maintained":null,"Asset":"HOSPITAL - TRAUMA","Asset_Sub_Type":null,"Asset_Type":"Hospitals","Asset_Group":"Critical Community and Emergency Facilities","Asset_Relevancy":"Locally Significant","Asset_ID":"HOSP_PT_314","Municipality":"Fort Pierce","Water_Management_District":"South Florida Water Management District","Souce_Dataset_Entity":"FDEM","Souce_Dataset_Name":"Hospitals - FDEM","Source_Asset_ID":null,"Restricted_Public_Disclosure":null,"Notes":null,"Regional_Planning_Council":"Treasure Coast","FDEP_Regulatory_District":"Southeast District","RCP_Region":"Northeast","FDOT_District":4,"House_District_Number":84,"Senate_District_Number":29,"CTF_RL_2020":"Not Affected","CTF_RL_2040_IL":"Not Affected","CTF_RL_2040_INT":"Not Affected","CTF_RL_2070_IL":"Not Affected","CTF_RL_2070_INT":"Not Affected","SSF_RL_100YR_CURR":"Not Affected","SSF_RL_100YR_2040_IL":"Not Affected","SSF_RL_100YR_2040_INT":"Not Affected","SSF_RL_100YR_2070_IL":"Not Affected","SSF_RL_100YR_2070_INT":"Not Affected","SSF_RL_500YR_CURR":"Not Affected","SSF_RL_500YR_2040_IL":"Not Affected","SSF_RL_500YR_2040_INT":"Not Affected","SSF_RL_500YR_2070_IL":"Not Affected","SSF_RL_500YR_2070_INT":"Not Affected","RIF_RL_100YR_2020":"Low","RIF_RL_100YR_2040":"Not Affected","RIF_RL_100YR_2070":"Low","RIF_RL_500YR_2020":"Low","RIF_RL_500YR_2040":"Low","RIF_RL_500YR_2070":"Low"}},{"type":"Feature","id":315,"geometry":{"type":"Point","coordinates":[-80.2944666015239,27.2888970708588]},"properties":{"OBJECTID_1":315,"OBJECTID":315,"HAZUSID":" ","Name":"ST LUCIE MEDICAL CNTR","Address":"1800 SE TIFFANY AVE","City":"PORT SAINT LUCIE","Zip":"34952","COUNTY":"St. Lucie","X":-80.2944666,"Y":27.28889707,"LONGLAT":"-80.29446660,27.28889707","USNG":"17R NL 69820 18631","OWNERSHIP":" ","PARCELID":" ","FACILITY_T":"HOSPITAL - ACUTE CARE","TTL_BEDS":229,"EFCLASS":"EFHL","Asset_Elevation":null,"Owned_Maintained":null,"Asset":"HOSPITAL - ACUTE CARE","Asset_Sub_Type":null,"Asset_Type":"Hospitals","Asset_Group":"Critical Community and Emergency Facilities","Asset_Relevancy":"Locally Significant","Asset_ID":"HOSP_PT_315","Municipality":"Port St. Lucie","Water_Management_District":"South Florida Water Management District","Souce_Dataset_Entity":"FDEM","Souce_Dataset_Name":"Hospitals - FDEM","Source_Asset_ID":null,"Restricted_Public_Disclosure":null,"Notes":null,"Regional_Planning_Council":"Treasure Coast","FDEP_Regulatory_District":"Southeast District","RCP_Region":"Northeast","FDOT_District":4,"House_District_Number":85,"Senate_District_Number":29,"CTF_RL_2020":"Not Affected","CTF_RL_2040_IL":"Not Affected","CTF_RL_2040_INT":"Not Affected","CTF_RL_2070_IL":"Not Affected","CTF_RL_2070_INT":"Not Affected","SSF_RL_100YR_CURR":"Not Affected","SSF_RL_100YR_2040_IL":"Not Affected","SSF_RL_100YR_2040_INT":"Not Affected","SSF_RL_100YR_2070_IL":"Not Affected","SSF_RL_100YR_2070_INT":"Not Affected","SSF_RL_500YR_CURR":"Not Affected","SSF_RL_500YR_2040_IL":"Not Affected","SSF_RL_500YR_2040_INT":"Not Affected","SSF_RL_500YR_2070_IL":"Not Affected","SSF_RL_500YR_2070_INT":"Not Affected","RIF_RL_100YR_2020":"Not Affected","RIF_RL_100YR_2040":"Not Affected","RIF_RL_100YR_2070":"Not Affected","RIF_RL_500YR_2020":"Not Affected","RIF_RL_500YR_2040":"Not Affected","RIF_RL_500YR_2070":"Not Affected"}},{"type":"Feature","id":316,"geometry":{"type":"Point","coordinates":[-80.4267000010083,27.2623999991599]},"properties":{"OBJECTID_1":316,"OBJECTID":316,"HAZUSID":" ","Name":"TRADITION MEDI CNTR","Address":"10000 SW INNOVATION WAY","City":"PORT SAINT LUCIE","Zip":"34987","COUNTY":"St. Lucie","X":-80.4267,"Y":27.2624,"LONGLAT":"-80.42670000,27.26240000","USNG":"17R NL 56748 15629","OWNERSHIP":" ","PARCELID":" ","FACILITY_T":"HOSPITAL - ACUTE CARE","TTL_BEDS":90,"EFCLASS":"EFHM","Asset_Elevation":null,"Owned_Maintained":null,"Asset":"HOSPITAL - ACUTE CARE","Asset_Sub_Type":null,"Asset_Type":"Hospitals","Asset_Group":"Critical Community and Emergency Facilities","Asset_Relevancy":"Locally Significant","Asset_ID":"HOSP_PT_316","Municipality":"Port St. Lucie","Water_Management_District":"South Florida Water Management District","Souce_Dataset_Entity":"FDEM","Souce_Dataset_Name":"Hospitals - FDEM","Source_Asset_ID":null,"Restricted_Public_Disclosure":null,"Notes":null,"Regional_Planning_Council":"Treasure Coast","FDEP_Regulatory_District":"Southeast District","RCP_Region":"Northeast","FDOT_District":4,"House_District_Number":85,"Senate_District_Number":31,"CTF_RL_2020":"Not Affected","CTF_RL_2040_IL":"Not Affected","CTF_RL_2040_INT":"Not Affected","CTF_RL_2070_IL":"Not Affected","CTF_RL_2070_INT":"Not Affected","SSF_RL_100YR_CURR":"Not Affected","SSF_RL_100YR_2040_IL":"Not Affected","SSF_RL_100YR_2040_INT":"Not Affected","SSF_RL_100YR_2070_IL":"Not Affected","SSF_RL_100YR_2070_INT":"Not Affected","SSF_RL_500YR_CURR":"Not Affected","SSF_RL_500YR_2040_IL":"Not Affected","SSF_RL_500YR_2040_INT":"Not Affected","SSF_RL_500YR_2070_IL":"Not Affected","SSF_RL_500YR_2070_INT":"Not Affected","RIF_RL_100YR_2020":"Medium","RIF_RL_100YR_2040":"Medium","RIF_RL_100YR_2070":"Medium","RIF_RL_500YR_2020":"Medium","RIF_RL_500YR_2040":"Medium","RIF_RL_500YR_2070":"Medium"}},{"type":"Feature","id":317,"geometry":{"type":"Point","coordinates":[-80.2713768951017,27.2974581096338]},"properties":{"OBJECTID_1":317,"OBJECTID":317,"HAZUSID":" ","Name":"PORT ST LUCIE HOSPITAL","Address":"2550 SE WALTON RD","City":"PORT SAINT LUCIE","Zip":"34952","COUNTY":"St. Lucie","X":-80.2713769,"Y":27.29745811,"LONGLAT":"-80.27137690,27.29745811","USNG":"17R NL 72100 19592","OWNERSHIP":" ","PARCELID":" ","FACILITY_T":"HOSPITAL","TTL_BEDS":75,"EFCLASS":"EFHM","Asset_Elevation":null,"Owned_Maintained":null,"Asset":"HOSPITAL","Asset_Sub_Type":null,"Asset_Type":"Hospitals","Asset_Group":"Critical Community and Emergency Facilities","Asset_Relevancy":"Locally Significant","Asset_ID":"HOSP_PT_317","Municipality":null,"Water_Management_District":"South Florida Water Management District","Souce_Dataset_Entity":"FDEM","Souce_Dataset_Name":"Hospitals - FDEM","Source_Asset_ID":null,"Restricted_Public_Disclosure":null,"Notes":null,"Regional_Planning_Council":"Treasure Coast","FDEP_Regulatory_District":"Southeast District","RCP_Region":"Northeast","FDOT_District":4,"House_District_Number":85,"Senate_District_Number":29,"CTF_RL_2020":"Not Affected","CTF_RL_2040_IL":"Not Affected","CTF_RL_2040_INT":"Not Affected","CTF_RL_2070_IL":"Not Affected","CTF_RL_2070_INT":"Not Affected","SSF_RL_100YR_CURR":"Not Affected","SSF_RL_100YR_2040_IL":"Not Affected","SSF_RL_100YR_2040_INT":"Not Affected","SSF_RL_100YR_2070_IL":"Not Affected","SSF_RL_100YR_2070_INT":"Not Affected","SSF_RL_500YR_CURR":"Not Affected","SSF_RL_500YR_2040_IL":"Not Affected","SSF_RL_500YR_2040_INT":"Not Affected","SSF_RL_500YR_2070_IL":"Not Affected","SSF_RL_500YR_2070_INT":"Not Affected","RIF_RL_100YR_2020":"Not Affected","RIF_RL_100YR_2040":"Not Affected","RIF_RL_100YR_2070":"Not Affected","RIF_RL_500YR_2020":"Not Affected","RIF_RL_500YR_2040":"Not Affected","RIF_RL_500YR_2070":"Not Affected"}},{"type":"Feature","id":318,"geometry":{"type":"Point","coordinates":[-87.0423759084927,30.6344360143413]},"properties":{"OBJECTID_1":318,"OBJECTID":318,"HAZUSID":" ","Name":"WEST FLORIDA COMMUNITY CARE CNTR","Address":"5500 STEWART ST","City":"MILTON","Zip":"32570","COUNTY":"Santa Rosa","X":-87.04237591,"Y":30.63443602,"LONGLAT":"-87.04237591,30.63443602","USNG":"16R DU 95939 89090","OWNERSHIP":"S","PARCELID":" ","FACILITY_T":"HOSPITAL","TTL_BEDS":100,"EFCLASS":"EFHM","Asset_Elevation":null,"Owned_Maintained":null,"Asset":"HOSPITAL","Asset_Sub_Type":null,"Asset_Type":"Hospitals","Asset_Group":"Critical Community and Emergency Facilities","Asset_Relevancy":"Locally Significant","Asset_ID":"HOSP_PT_318","Municipality":"Milton","Water_Management_District":"Northwest Florida Water Management District","Souce_Dataset_Entity":"FDEM","Souce_Dataset_Name":"Hospitals - FDEM","Source_Asset_ID":null,"Restricted_Public_Disclosure":null,"Notes":null,"Regional_Planning_Council":"Emerald Coast","FDEP_Regulatory_District":"Northwest District","RCP_Region":"Northwest","FDOT_District":3,"House_District_Number":3,"Senate_District_Number":1,"CTF_RL_2020":"Not Affected","CTF_RL_2040_IL":"Not Affected","CTF_RL_2040_INT":"Not Affected","CTF_RL_2070_IL":"Not Affected","CTF_RL_2070_INT":"Not Affected","SSF_RL_100YR_CURR":"Not Affected","SSF_RL_100YR_2040_IL":"Not Affected","SSF_RL_100YR_2040_INT":"Not Affected","SSF_RL_100YR_2070_IL":"Not Affected","SSF_RL_100YR_2070_INT":"Not Affected","SSF_RL_500YR_CURR":"Not Affected","SSF_RL_500YR_2040_IL":"Not Affected","SSF_RL_500YR_2040_INT":"Not Affected","SSF_RL_500YR_2070_IL":"Not Affected","SSF_RL_500YR_2070_INT":"Not Affected","RIF_RL_100YR_2020":"Not Affected","RIF_RL_100YR_2040":"Not Affected","RIF_RL_100YR_2070":"Not Affected","RIF_RL_500YR_2020":"Not Affected","RIF_RL_500YR_2040":"Not Affected","RIF_RL_500YR_2070":"Not Affected"}},{"type":"Feature","id":319,"geometry":{"type":"Point","coordinates":[-87.0670921167169,30.6342066564038]},"properties":{"OBJECTID_1":319,"OBJECTID":319,"HAZUSID":" ","Name":"SANTA ROSA MEDICAL CNTR","Address":"5992 BERRYHILL RD","City":"MILTON","Zip":"32570","COUNTY":"Santa Rosa","X":-87.06709212,"Y":30.63420666,"LONGLAT":"-87.06709212,30.63420666","USNG":"16R DU 93570 89065","OWNERSHIP":" ","PARCELID":" ","FACILITY_T":"HOSPITAL - ACUTE CARE","TTL_BEDS":129,"EFCLASS":"EFHL","Asset_Elevation":null,"Owned_Maintained":null,"Asset":"HOSPITAL - ACUTE CARE","Asset_Sub_Type":null,"Asset_Type":"Hospitals","Asset_Group":"Critical Community and Emergency Facilities","Asset_Relevancy":"Locally Significant","Asset_ID":"HOSP_PT_319","Municipality":"Milton","Water_Management_District":"Northwest Florida Water Management District","Souce_Dataset_Entity":"FDEM","Souce_Dataset_Name":"Hospitals - FDEM","Source_Asset_ID":null,"Restricted_Public_Disclosure":null,"Notes":null,"Regional_Planning_Council":"Emerald Coast","FDEP_Regulatory_District":"Northwest District","RCP_Region":"Northwest","FDOT_District":3,"House_District_Number":3,"Senate_District_Number":1,"CTF_RL_2020":"Not Affected","CTF_RL_2040_IL":"Not Affected","CTF_RL_2040_INT":"Not Affected","CTF_RL_2070_IL":"Not Affected","CTF_RL_2070_INT":"Not Affected","SSF_RL_100YR_CURR":"Not Affected","SSF_RL_100YR_2040_IL":"Not Affected","SSF_RL_100YR_2040_INT":"Not Affected","SSF_RL_100YR_2070_IL":"Not Affected","SSF_RL_100YR_2070_INT":"Not Affected","SSF_RL_500YR_CURR":"Not Affected","SSF_RL_500YR_2040_IL":"Not Affected","SSF_RL_500YR_2040_INT":"Not Affected","SSF_RL_500YR_2070_IL":"Not Affected","SSF_RL_500YR_2070_INT":"Not Affected","RIF_RL_100YR_2020":"Not Affected","RIF_RL_100YR_2040":"Not Affected","RIF_RL_100YR_2070":"Not Affected","RIF_RL_500YR_2020":"Not Affected","RIF_RL_500YR_2040":"Not Affected","RIF_RL_500YR_2070":"Not Affected"}},{"type":"Feature","id":320,"geometry":{"type":"Point","coordinates":[-87.1512776087942,30.9498752390549]},"properties":{"OBJECTID_1":320,"OBJECTID":320,"HAZUSID":" ","Name":"JAY HOSP","Address":"14114 ALABAMA ST","City":"JAY","Zip":"32565","COUNTY":"Santa Rosa","X":-87.15127761,"Y":30.94987524,"LONGLAT":"-87.15127761,30.94987524","USNG":"16R DV 85550 24056","OWNERSHIP":" ","PARCELID":" ","FACILITY_T":"HOSPITAL - ACUTE CARE","TTL_BEDS":49,"EFCLASS":"EFHS","Asset_Elevation":null,"Owned_Maintained":null,"Asset":"HOSPITAL - ACUTE CARE","Asset_Sub_Type":null,"Asset_Type":"Hospitals","Asset_Group":"Critical Community and Emergency Facilities","Asset_Relevancy":"Locally Significant","Asset_ID":"HOSP_PT_320","Municipality":"Jay","Water_Management_District":"Northwest Florida Water Management District","Souce_Dataset_Entity":"FDEM","Souce_Dataset_Name":"Hospitals - FDEM","Source_Asset_ID":null,"Restricted_Public_Disclosure":null,"Notes":null,"Regional_Planning_Council":"Emerald Coast","FDEP_Regulatory_District":"Northwest District","RCP_Region":"Northwest","FDOT_District":3,"House_District_Number":3,"Senate_District_Number":1,"CTF_RL_2020":"Not Affected","CTF_RL_2040_IL":"Not Affected","CTF_RL_2040_INT":"Not Affected","CTF_RL_2070_IL":"Not Affected","CTF_RL_2070_INT":"Not Affected","SSF_RL_100YR_CURR":"Not Affected","SSF_RL_100YR_2040_IL":"Not Affected","SSF_RL_100YR_2040_INT":"Not Affected","SSF_RL_100YR_2070_IL":"Not Affected","SSF_RL_100YR_2070_INT":"Not Affected","SSF_RL_500YR_CURR":"Not Affected","SSF_RL_500YR_2040_IL":"Not Affected","SSF_RL_500YR_2040_INT":"Not Affected","SSF_RL_500YR_2070_IL":"Not Affected","SSF_RL_500YR_2070_INT":"Not Affected","RIF_RL_100YR_2020":"Not Affected","RIF_RL_100YR_2040":"Not Affected","RIF_RL_100YR_2070":"Not Affected","RIF_RL_500YR_2020":"Not Affected","RIF_RL_500YR_2040":"Not Affected","RIF_RL_500YR_2070":"Not Affected"}},{"type":"Feature","id":321,"geometry":{"type":"Point","coordinates":[-87.1571018671301,30.3605449028392]},"properties":{"OBJECTID_1":321,"OBJECTID":321,"HAZUSID":" ","Name":"GULF BREEZE HOSP","Address":"1110 GULF BREEZE PKWY","City":"GULF BREEZE","Zip":"32561","COUNTY":"Santa Rosa","X":-87.15710187,"Y":30.3605449,"LONGLAT":"-87.15710187,30.36054490","USNG":"16R DU 84902 58748","OWNERSHIP":" ","PARCELID":" ","FACILITY_T":"HOSPITAL - ACUTE CARE","TTL_BEDS":77,"EFCLASS":"EFHM","Asset_Elevation":null,"Owned_Maintained":null,"Asset":"HOSPITAL - ACUTE CARE","Asset_Sub_Type":null,"Asset_Type":"Hospitals","Asset_Group":"Critical Community and Emergency Facilities","Asset_Relevancy":"Locally Significant","Asset_ID":"HOSP_PT_321","Municipality":"Gulf Breeze","Water_Management_District":"Northwest Florida Water Management District","Souce_Dataset_Entity":"FDEM","Souce_Dataset_Name":"Hospitals - FDEM","Source_Asset_ID":null,"Restricted_Public_Disclosure":null,"Notes":null,"Regional_Planning_Council":"Emerald Coast","FDEP_Regulatory_District":"Northwest District","RCP_Region":"Northwest","FDOT_District":3,"House_District_Number":2,"Senate_District_Number":1,"CTF_RL_2020":"Not Affected","CTF_RL_2040_IL":"Not Affected","CTF_RL_2040_INT":"Not Affected","CTF_RL_2070_IL":"Not Affected","CTF_RL_2070_INT":"Not Affected","SSF_RL_100YR_CURR":"Not Affected","SSF_RL_100YR_2040_IL":"Not Affected","SSF_RL_100YR_2040_INT":"Not Affected","SSF_RL_100YR_2070_IL":"Not Affected","SSF_RL_100YR_2070_INT":"Not Affected","SSF_RL_500YR_CURR":"Not Affected","SSF_RL_500YR_2040_IL":"Not Affected","SSF_RL_500YR_2040_INT":"Not Affected","SSF_RL_500YR_2070_IL":"Not Affected","SSF_RL_500YR_2070_INT":"Not Affected","RIF_RL_100YR_2020":"Not Affected","RIF_RL_100YR_2040":"Not Affected","RIF_RL_100YR_2070":"Not Affected","RIF_RL_500YR_2020":"Not Affected","RIF_RL_500YR_2040":"Not Affected","RIF_RL_500YR_2070":"Not Affected"}},{"type":"Feature","id":322,"geometry":{"type":"Point","coordinates":[-82.3265343797781,26.9497736448051]},"properties":{"OBJECTID_1":322,"OBJECTID":322,"HAZUSID":" ","Name":"ENGLEWOOD COMMUNITY HOSP","Address":"700 MEDICAL BLVD","City":"ENGLEWOOD","Zip":"34223","COUNTY":"Sarasota","X":-82.32653438,"Y":26.94977365,"LONGLAT":"-82.32653438,26.94977365","USNG":"17R LK 68322 81563","OWNERSHIP":" ","PARCELID":" ","FACILITY_T":"HOSPITAL - ACUTE CARE","TTL_BEDS":100,"EFCLASS":"EFHM","Asset_Elevation":null,"Owned_Maintained":null,"Asset":"HOSPITAL - ACUTE CARE","Asset_Sub_Type":null,"Asset_Type":"Hospitals","Asset_Group":"Critical Community and Emergency Facilities","Asset_Relevancy":"Locally Significant","Asset_ID":"HOSP_PT_322","Municipality":null,"Water_Management_District":"Southwest Florida Water Management District","Souce_Dataset_Entity":"FDEM","Souce_Dataset_Name":"Hospitals - FDEM","Source_Asset_ID":null,"Restricted_Public_Disclosure":null,"Notes":null,"Regional_Planning_Council":"Southwest Florida","FDEP_Regulatory_District":"South District","RCP_Region":"Southwest","FDOT_District":1,"House_District_Number":75,"Senate_District_Number":22,"CTF_RL_2020":"Not Affected","CTF_RL_2040_IL":"Not Affected","CTF_RL_2040_INT":"Not Affected","CTF_RL_2070_IL":"Not Affected","CTF_RL_2070_INT":"Not Affected","SSF_RL_100YR_CURR":"Not Affected","SSF_RL_100YR_2040_IL":"Not Affected","SSF_RL_100YR_2040_INT":"Not Affected","SSF_RL_100YR_2070_IL":"Not Affected","SSF_RL_100YR_2070_INT":"Not Affected","SSF_RL_500YR_CURR":"Not Affected","SSF_RL_500YR_2040_IL":"Medium","SSF_RL_500YR_2040_INT":"Medium","SSF_RL_500YR_2070_IL":"Medium","SSF_RL_500YR_2070_INT":"Medium","RIF_RL_100YR_2020":"Not Affected","RIF_RL_100YR_2040":"Not Affected","RIF_RL_100YR_2070":"Not Affected","RIF_RL_500YR_2020":"Not Affected","RIF_RL_500YR_2040":"Not Affected","RIF_RL_500YR_2070":"Not Affected"}},{"type":"Feature","id":323,"geometry":{"type":"Point","coordinates":[-82.45354169445,27.3019320962959]},"properties":{"OBJECTID_1":323,"OBJECTID":323,"HAZUSID":" ","Name":"DOCS HOSP OF SARASOTA","Address":"5731 BEE RIDGE RD","City":"SARASOTA","Zip":"34233","COUNTY":"Sarasota","X":-82.45354169,"Y":27.3019321,"LONGLAT":"-82.45354169,27.30193210","USNG":"17R LL 56164 20714","OWNERSHIP":" ","PARCELID":" ","FACILITY_T":"HOSPITAL - ACUTE CARE","TTL_BEDS":155,"EFCLASS":"EFHL","Asset_Elevation":null,"Owned_Maintained":null,"Asset":"HOSPITAL - ACUTE CARE","Asset_Sub_Type":null,"Asset_Type":"Hospitals","Asset_Group":"Critical Community and Emergency Facilities","Asset_Relevancy":"Locally Significant","Asset_ID":"HOSP_PT_323","Municipality":null,"Water_Management_District":"Southwest Florida Water Management District","Souce_Dataset_Entity":"FDEM","Souce_Dataset_Name":"Hospitals - FDEM","Source_Asset_ID":null,"Restricted_Public_Disclosure":null,"Notes":null,"Regional_Planning_Council":"Southwest Florida","FDEP_Regulatory_District":"South District","RCP_Region":"Southwest","FDOT_District":1,"House_District_Number":74,"Senate_District_Number":22,"CTF_RL_2020":"Not Affected","CTF_RL_2040_IL":"Not Affected","CTF_RL_2040_INT":"Not Affected","CTF_RL_2070_IL":"Not Affected","CTF_RL_2070_INT":"Not Affected","SSF_RL_100YR_CURR":"Not Affected","SSF_RL_100YR_2040_IL":"Not Affected","SSF_RL_100YR_2040_INT":"Not Affected","SSF_RL_100YR_2070_IL":"Not Affected","SSF_RL_100YR_2070_INT":"Not Affected","SSF_RL_500YR_CURR":"Not Affected","SSF_RL_500YR_2040_IL":"Not Affected","SSF_RL_500YR_2040_INT":"Not Affected","SSF_RL_500YR_2070_IL":"Not Affected","SSF_RL_500YR_2070_INT":"Not Affected","RIF_RL_100YR_2020":"Not Affected","RIF_RL_100YR_2040":"Not Affected","RIF_RL_100YR_2070":"Not Affected","RIF_RL_500YR_2020":"Not Affected","RIF_RL_500YR_2040":"Not Affected","RIF_RL_500YR_2070":"Low"}},{"type":"Feature","id":324,"geometry":{"type":"Point","coordinates":[-82.4448542463633,27.0902606850082]},"properties":{"OBJECTID_1":324,"OBJECTID":324,"HAZUSID":" ","Name":"VENICE REGIONAL MEDICAL CNTR","Address":"540 THE RIALTO","City":"VENICE","Zip":"34285","COUNTY":"Sarasota","X":-82.44485425,"Y":27.09026069,"LONGLAT":"-82.44485425,27.09026069","USNG":"17R LK 56754 97255","OWNERSHIP":" ","PARCELID":" ","FACILITY_T":"HOSPITAL - ACUTE CARE","TTL_BEDS":312,"EFCLASS":"EFHL","Asset_Elevation":null,"Owned_Maintained":null,"Asset":"HOSPITAL - ACUTE CARE","Asset_Sub_Type":null,"Asset_Type":"Hospitals","Asset_Group":"Critical Community and Emergency Facilities","Asset_Relevancy":"Locally Significant","Asset_ID":"HOSP_PT_324","Municipality":"Venice","Water_Management_District":"Southwest Florida Water Management District","Souce_Dataset_Entity":"FDEM","Souce_Dataset_Name":"Hospitals - FDEM","Source_Asset_ID":null,"Restricted_Public_Disclosure":null,"Notes":null,"Regional_Planning_Council":"Southwest Florida","FDEP_Regulatory_District":"South District","RCP_Region":"Southwest","FDOT_District":1,"House_District_Number":73,"Senate_District_Number":22,"CTF_RL_2020":"Not Affected","CTF_RL_2040_IL":"Not Affected","CTF_RL_2040_INT":"Not Affected","CTF_RL_2070_IL":"Not Affected","CTF_RL_2070_INT":"Not Affected","SSF_RL_100YR_CURR":"Not Affected","SSF_RL_100YR_2040_IL":"Not Affected","SSF_RL_100YR_2040_INT":"Not Affected","SSF_RL_100YR_2070_IL":"Not Affected","SSF_RL_100YR_2070_INT":"Not Affected","SSF_RL_500YR_CURR":"Not Affected","SSF_RL_500YR_2040_IL":"Not Affected","SSF_RL_500YR_2040_INT":"Not Affected","SSF_RL_500YR_2070_IL":"Not Affected","SSF_RL_500YR_2070_INT":"Not Affected","RIF_RL_100YR_2020":"Not Affected","RIF_RL_100YR_2040":"Not Affected","RIF_RL_100YR_2070":"Not Affected","RIF_RL_500YR_2020":"Not Affected","RIF_RL_500YR_2040":"Not Affected","RIF_RL_500YR_2070":"Not Affected"}},{"type":"Feature","id":325,"geometry":{"type":"Point","coordinates":[-82.4460624155728,27.3017271504055]},"properties":{"OBJECTID_1":325,"OBJECTID":325,"HAZUSID":" ","Name":"COMPLEXCARE HOSP AT RIDGELAKE","Address":"6150 EDGELAKE DR","City":"SARASOTA","Zip":"34240","COUNTY":"Sarasota","X":-82.44606242,"Y":27.30172715,"LONGLAT":"-82.44606242,27.30172715","USNG":"17R LL 56904 20683","OWNERSHIP":" ","PARCELID":" ","FACILITY_T":"HOSPITAL","TTL_BEDS":40,"EFCLASS":"EFHS","Asset_Elevation":null,"Owned_Maintained":null,"Asset":"HOSPITAL","Asset_Sub_Type":null,"Asset_Type":"Hospitals","Asset_Group":"Critical Community and Emergency Facilities","Asset_Relevancy":"Locally Significant","Asset_ID":"HOSP_PT_325","Municipality":null,"Water_Management_District":"Southwest Florida Water Management District","Souce_Dataset_Entity":"FDEM","Souce_Dataset_Name":"Hospitals - FDEM","Source_Asset_ID":null,"Restricted_Public_Disclosure":null,"Notes":null,"Regional_Planning_Council":"Southwest Florida","FDEP_Regulatory_District":"South District","RCP_Region":"Southwest","FDOT_District":1,"House_District_Number":74,"Senate_District_Number":22,"CTF_RL_2020":"Not Affected","CTF_RL_2040_IL":"Not Affected","CTF_RL_2040_INT":"Not Affected","CTF_RL_2070_IL":"Not Affected","CTF_RL_2070_INT":"Not Affected","SSF_RL_100YR_CURR":"Not Affected","SSF_RL_100YR_2040_IL":"Not Affected","SSF_RL_100YR_2040_INT":"Not Affected","SSF_RL_100YR_2070_IL":"Not Affected","SSF_RL_100YR_2070_INT":"Not Affected","SSF_RL_500YR_CURR":"Not Affected","SSF_RL_500YR_2040_IL":"Not Affected","SSF_RL_500YR_2040_INT":"Not Affected","SSF_RL_500YR_2070_IL":"Not Affected","SSF_RL_500YR_2070_INT":"Not Affected","RIF_RL_100YR_2020":"Not Affected","RIF_RL_100YR_2040":"Not Affected","RIF_RL_100YR_2070":"Not Affected","RIF_RL_500YR_2020":"Not Affected","RIF_RL_500YR_2040":"Not Affected","RIF_RL_500YR_2070":"Not Affected"}},{"type":"Feature","id":326,"geometry":{"type":"Point","coordinates":[-82.4425830402265,27.3008346324083]},"properties":{"OBJECTID_1":326,"OBJECTID":326,"HAZUSID":" ","Name":"HEALTHSOUTH REHAB HOSP OF SARASOTA","Address":"6400 EDGELAKE DR","City":"SARASOTA","Zip":"34240","COUNTY":"Sarasota","X":-82.44258304,"Y":27.30083463,"LONGLAT":"-82.44258304,27.30083463","USNG":"17R LL 57247 20580","OWNERSHIP":" ","PARCELID":" ","FACILITY_T":"HOSPITAL","TTL_BEDS":96,"EFCLASS":"EFHM","Asset_Elevation":null,"Owned_Maintained":null,"Asset":"HOSPITAL","Asset_Sub_Type":null,"Asset_Type":"Hospitals","Asset_Group":"Critical Community and Emergency Facilities","Asset_Relevancy":"Locally Significant","Asset_ID":"HOSP_PT_326","Municipality":null,"Water_Management_District":"Southwest Florida Water Management District","Souce_Dataset_Entity":"FDEM","Souce_Dataset_Name":"Hospitals - FDEM","Source_Asset_ID":null,"Restricted_Public_Disclosure":null,"Notes":null,"Regional_Planning_Council":"Southwest Florida","FDEP_Regulatory_District":"South District","RCP_Region":"Southwest","FDOT_District":1,"House_District_Number":74,"Senate_District_Number":22,"CTF_RL_2020":"Not Affected","CTF_RL_2040_IL":"Not Affected","CTF_RL_2040_INT":"Not Affected","CTF_RL_2070_IL":"Not Affected","CTF_RL_2070_INT":"Not Affected","SSF_RL_100YR_CURR":"Not Affected","SSF_RL_100YR_2040_IL":"Not Affected","SSF_RL_100YR_2040_INT":"Not Affected","SSF_RL_100YR_2070_IL":"Not Affected","SSF_RL_100YR_2070_INT":"Not Affected","SSF_RL_500YR_CURR":"Not Affected","SSF_RL_500YR_2040_IL":"Not Affected","SSF_RL_500YR_2040_INT":"Not Affected","SSF_RL_500YR_2070_IL":"Not Affected","SSF_RL_500YR_2070_INT":"Not Affected","RIF_RL_100YR_2020":"Not Affected","RIF_RL_100YR_2040":"Not Affected","RIF_RL_100YR_2070":"Not Affected","RIF_RL_500YR_2020":"Not Affected","RIF_RL_500YR_2040":"Not Affected","RIF_RL_500YR_2070":"Not Affected"}},{"type":"Feature","id":327,"geometry":{"type":"Point","coordinates":[-82.5306089263459,27.3182228634416]},"properties":{"OBJECTID_1":327,"OBJECTID":327,"HAZUSID":" ","Name":"SARASOTA MEMORIAL HOSP","Address":"1700 S TAMIAMI TRL","City":"SARASOTA","Zip":"34239","COUNTY":"Sarasota","X":-82.53060893,"Y":27.31822286,"LONGLAT":"-82.53060893,27.31822286","USNG":"17R LL 48559 22610","OWNERSHIP":" ","PARCELID":" ","FACILITY_T":"HOSPITAL - TRAUMA","TTL_BEDS":819,"EFCLASS":"EFHL","Asset_Elevation":null,"Owned_Maintained":null,"Asset":"HOSPITAL - TRAUMA","Asset_Sub_Type":null,"Asset_Type":"Hospitals","Asset_Group":"Critical Community and Emergency Facilities","Asset_Relevancy":"Locally Significant","Asset_ID":"HOSP_PT_327","Municipality":"Sarasota","Water_Management_District":"Southwest Florida Water Management District","Souce_Dataset_Entity":"FDEM","Souce_Dataset_Name":"Hospitals - FDEM","Source_Asset_ID":null,"Restricted_Public_Disclosure":null,"Notes":null,"Regional_Planning_Council":"Southwest Florida","FDEP_Regulatory_District":"South District","RCP_Region":"Southwest","FDOT_District":1,"House_District_Number":73,"Senate_District_Number":22,"CTF_RL_2020":"Not Affected","CTF_RL_2040_IL":"Not Affected","CTF_RL_2040_INT":"Not Affected","CTF_RL_2070_IL":"Not Affected","CTF_RL_2070_INT":"Not Affected","SSF_RL_100YR_CURR":"Not Affected","SSF_RL_100YR_2040_IL":"Not Affected","SSF_RL_100YR_2040_INT":"Not Affected","SSF_RL_100YR_2070_IL":"Not Affected","SSF_RL_100YR_2070_INT":"Not Affected","SSF_RL_500YR_CURR":"Not Affected","SSF_RL_500YR_2040_IL":"Not Affected","SSF_RL_500YR_2040_INT":"Not Affected","SSF_RL_500YR_2070_IL":"Not Affected","SSF_RL_500YR_2070_INT":"Not Affected","RIF_RL_100YR_2020":"Not Affected","RIF_RL_100YR_2040":"Not Affected","RIF_RL_100YR_2070":"Not Affected","RIF_RL_500YR_2020":"Low","RIF_RL_500YR_2040":"Low","RIF_RL_500YR_2070":"Low"}},{"type":"Feature","id":328,"geometry":{"type":"Point","coordinates":[-81.4151270001833,28.6454809992651]},"properties":{"OBJECTID_1":328,"OBJECTID":328,"HAZUSID":" ","Name":"HEALTHSOUTH REHAB HOSP OF ALTAMONTE S","Address":"831 S STATE RD 434","City":"ALTAMONTE SPRINGS","Zip":"32714","COUNTY":"Seminole","X":-81.415127,"Y":28.645481,"LONGLAT":"-81.41512700,28.64548100","USNG":"17R MM 59429 68779","OWNERSHIP":" ","PARCELID":" ","FACILITY_T":"HOSPITAL","TTL_BEDS":50,"EFCLASS":"EFHS","Asset_Elevation":null,"Owned_Maintained":null,"Asset":"HOSPITAL","Asset_Sub_Type":null,"Asset_Type":"Hospitals","Asset_Group":"Critical Community and Emergency Facilities","Asset_Relevancy":"Locally Significant","Asset_ID":"HOSP_PT_328","Municipality":"Altamonte Springs","Water_Management_District":"St. Johns River Water Management District","Souce_Dataset_Entity":"FDEM","Souce_Dataset_Name":"Hospitals - FDEM","Source_Asset_ID":null,"Restricted_Public_Disclosure":null,"Notes":null,"Regional_Planning_Council":"East Central Florida","FDEP_Regulatory_District":"Central District","RCP_Region":"Northeast","FDOT_District":5,"House_District_Number":38,"Senate_District_Number":10,"CTF_RL_2020":"Not Affected","CTF_RL_2040_IL":"Not Affected","CTF_RL_2040_INT":"Not Affected","CTF_RL_2070_IL":"Not Affected","CTF_RL_2070_INT":"Not Affected","SSF_RL_100YR_CURR":"Not Affected","SSF_RL_100YR_2040_IL":"Not Affected","SSF_RL_100YR_2040_INT":"Not Affected","SSF_RL_100YR_2070_IL":"Not Affected","SSF_RL_100YR_2070_INT":"Not Affected","SSF_RL_500YR_CURR":"Not Affected","SSF_RL_500YR_2040_IL":"Not Affected","SSF_RL_500YR_2040_INT":"Not Affected","SSF_RL_500YR_2070_IL":"Not Affected","SSF_RL_500YR_2070_INT":"Not Affected","RIF_RL_100YR_2020":"Not Affected","RIF_RL_100YR_2040":"Not Affected","RIF_RL_100YR_2070":"Not Affected","RIF_RL_500YR_2020":"Not Affected","RIF_RL_500YR_2040":"Not Affected","RIF_RL_500YR_2070":"Not Affected"}},{"type":"Feature","id":329,"geometry":{"type":"Point","coordinates":[-81.3701466985667,28.6653922022005]},"properties":{"OBJECTID_1":329,"OBJECTID":329,"HAZUSID":" ","Name":"FL HOSP ALTAMONTE","Address":"601 E ALTAMONTE DR","City":"ALTAMONTE","Zip":"32701","COUNTY":"Seminole","X":-81.3701467,"Y":28.6653922,"LONGLAT":"-81.37014670,28.66539220","USNG":"17R MM 63832 70970","OWNERSHIP":" ","PARCELID":" ","FACILITY_T":"HOSPITAL - ACUTE CARE","TTL_BEDS":398,"EFCLASS":"EFHL","Asset_Elevation":null,"Owned_Maintained":null,"Asset":"HOSPITAL - ACUTE CARE","Asset_Sub_Type":null,"Asset_Type":"Hospitals","Asset_Group":"Critical Community and Emergency Facilities","Asset_Relevancy":"Locally Significant","Asset_ID":"HOSP_PT_329","Municipality":"Altamonte Springs","Water_Management_District":"St. Johns River Water Management District","Souce_Dataset_Entity":"FDEM","Souce_Dataset_Name":"Hospitals - FDEM","Source_Asset_ID":null,"Restricted_Public_Disclosure":null,"Notes":null,"Regional_Planning_Council":"East Central Florida","FDEP_Regulatory_District":"Central District","RCP_Region":"Northeast","FDOT_District":5,"House_District_Number":38,"Senate_District_Number":10,"CTF_RL_2020":"Not Affected","CTF_RL_2040_IL":"Not Affected","CTF_RL_2040_INT":"Not Affected","CTF_RL_2070_IL":"Not Affected","CTF_RL_2070_INT":"Not Affected","SSF_RL_100YR_CURR":"Not Affected","SSF_RL_100YR_2040_IL":"Not Affected","SSF_RL_100YR_2040_INT":"Not Affected","SSF_RL_100YR_2070_IL":"Not Affected","SSF_RL_100YR_2070_INT":"Not Affected","SSF_RL_500YR_CURR":"Not Affected","SSF_RL_500YR_2040_IL":"Not Affected","SSF_RL_500YR_2040_INT":"Not Affected","SSF_RL_500YR_2070_IL":"Not Affected","SSF_RL_500YR_2070_INT":"Not Affected","RIF_RL_100YR_2020":"Not Affected","RIF_RL_100YR_2040":"Not Affected","RIF_RL_100YR_2070":"Not Affected","RIF_RL_500YR_2020":"Not Affected","RIF_RL_500YR_2040":"Not Affected","RIF_RL_500YR_2070":"Not Affected"}},{"type":"Feature","id":330,"geometry":{"type":"Point","coordinates":[-81.3529257609241,28.6991824811245]},"properties":{"OBJECTID_1":330,"OBJECTID":330,"HAZUSID":" ","Name":"SOUTH SEMINOLE HOSPITAL","Address":"555 W STATE ROAD 434","City":"LONGWOOD","Zip":"32750","COUNTY":"Seminole","X":-81.35292576,"Y":28.69918248,"LONGLAT":"-81.35292576,28.69918248","USNG":"17R MM 65525 74709","OWNERSHIP":" ","PARCELID":" ","FACILITY_T":"HOSPITAL - ACUTE CARE","TTL_BEDS":206,"EFCLASS":"EFHL","Asset_Elevation":null,"Owned_Maintained":null,"Asset":"HOSPITAL - ACUTE CARE","Asset_Sub_Type":null,"Asset_Type":"Hospitals","Asset_Group":"Critical Community and Emergency Facilities","Asset_Relevancy":"Locally Significant","Asset_ID":"HOSP_PT_330","Municipality":"Longwood","Water_Management_District":"St. Johns River Water Management District","Souce_Dataset_Entity":"FDEM","Souce_Dataset_Name":"Hospitals - FDEM","Source_Asset_ID":null,"Restricted_Public_Disclosure":null,"Notes":null,"Regional_Planning_Council":"East Central Florida","FDEP_Regulatory_District":"Central District","RCP_Region":"Northeast","FDOT_District":5,"House_District_Number":36,"Senate_District_Number":10,"CTF_RL_2020":"Not Affected","CTF_RL_2040_IL":"Not Affected","CTF_RL_2040_INT":"Not Affected","CTF_RL_2070_IL":"Not Affected","CTF_RL_2070_INT":"Not Affected","SSF_RL_100YR_CURR":"Not Affected","SSF_RL_100YR_2040_IL":"Not Affected","SSF_RL_100YR_2040_INT":"Not Affected","SSF_RL_100YR_2070_IL":"Not Affected","SSF_RL_100YR_2070_INT":"Not Affected","SSF_RL_500YR_CURR":"Not Affected","SSF_RL_500YR_2040_IL":"Not Affected","SSF_RL_500YR_2040_INT":"Not Affected","SSF_RL_500YR_2070_IL":"Not Affected","SSF_RL_500YR_2070_INT":"Not Affected","RIF_RL_100YR_2020":"Not Affected","RIF_RL_100YR_2040":"Not Affected","RIF_RL_100YR_2070":"Not Affected","RIF_RL_500YR_2020":"Not Affected","RIF_RL_500YR_2040":"Not Affected","RIF_RL_500YR_2070":"Not Affected"}},{"type":"Feature","id":331,"geometry":{"type":"Point","coordinates":[-81.2836509597413,28.8145045674082]},"properties":{"OBJECTID_1":331,"OBJECTID":331,"HAZUSID":" ","Name":"CENTRAL FLORIDA REGIONAL HOSP","Address":"1401 W SEMINOLE BLVD","City":"SANFORD","Zip":"32771","COUNTY":"Seminole","X":-81.28365096,"Y":28.81450457,"LONGLAT":"-81.28365096,28.81450457","USNG":"17R MM 72323 87467","OWNERSHIP":" ","PARCELID":" ","FACILITY_T":"HOSPITAL - TRAUMA","TTL_BEDS":221,"EFCLASS":"EFHL","Asset_Elevation":null,"Owned_Maintained":null,"Asset":"HOSPITAL - TRAUMA","Asset_Sub_Type":null,"Asset_Type":"Hospitals","Asset_Group":"Critical Community and Emergency Facilities","Asset_Relevancy":"Locally Significant","Asset_ID":"HOSP_PT_331","Municipality":"Sanford","Water_Management_District":"St. Johns River Water Management District","Souce_Dataset_Entity":"FDEM","Souce_Dataset_Name":"Hospitals - FDEM","Source_Asset_ID":null,"Restricted_Public_Disclosure":null,"Notes":null,"Regional_Planning_Council":"East Central Florida","FDEP_Regulatory_District":"Central District","RCP_Region":"Northeast","FDOT_District":5,"House_District_Number":36,"Senate_District_Number":10,"CTF_RL_2020":"Not Affected","CTF_RL_2040_IL":"Not Affected","CTF_RL_2040_INT":"Not Affected","CTF_RL_2070_IL":"Not Affected","CTF_RL_2070_INT":"Not Affected","SSF_RL_100YR_CURR":"Not Affected","SSF_RL_100YR_2040_IL":"Not Affected","SSF_RL_100YR_2040_INT":"Not Affected","SSF_RL_100YR_2070_IL":"Not Affected","SSF_RL_100YR_2070_INT":"Not Affected","SSF_RL_500YR_CURR":"Not Affected","SSF_RL_500YR_2040_IL":"Not Affected","SSF_RL_500YR_2040_INT":"Not Affected","SSF_RL_500YR_2070_IL":"Not Affected","SSF_RL_500YR_2070_INT":"Not Affected","RIF_RL_100YR_2020":"Not Affected","RIF_RL_100YR_2040":"Not Affected","RIF_RL_100YR_2070":"Not Affected","RIF_RL_500YR_2020":"Not Affected","RIF_RL_500YR_2040":"Not Affected","RIF_RL_500YR_2070":"Not Affected"}},{"type":"Feature","id":332,"geometry":{"type":"Point","coordinates":[-82.0196839430163,28.9096173650963]},"properties":{"OBJECTID_1":332,"OBJECTID":332,"HAZUSID":" ","Name":"PROMISE HOSPITAL OF FLA /THE VILLAGES","Address":"5050 COUNTY ROAD 472","City":"OXFORD","Zip":"34484","COUNTY":"Sumter","X":-82.01968394,"Y":28.90961737,"LONGLAT":"-82.01968394,28.90961737","USNG":"17R MM 00593 98399","OWNERSHIP":" ","PARCELID":" ","FACILITY_T":"HOSPITAL - ACUTE CARE","TTL_BEDS":40,"EFCLASS":"EFHS","Asset_Elevation":null,"Owned_Maintained":null,"Asset":"HOSPITAL - ACUTE CARE","Asset_Sub_Type":null,"Asset_Type":"Hospitals","Asset_Group":"Critical Community and Emergency Facilities","Asset_Relevancy":"Locally Significant","Asset_ID":"HOSP_PT_332","Municipality":"Wildwood","Water_Management_District":"Southwest Florida Water Management District","Souce_Dataset_Entity":"FDEM","Souce_Dataset_Name":"Hospitals - FDEM","Source_Asset_ID":null,"Restricted_Public_Disclosure":null,"Notes":null,"Regional_Planning_Council":"East Central Florida","FDEP_Regulatory_District":"Central District","RCP_Region":"Northwest","FDOT_District":5,"House_District_Number":52,"Senate_District_Number":11,"CTF_RL_2020":"Not Affected","CTF_RL_2040_IL":"Not Affected","CTF_RL_2040_INT":"Not Affected","CTF_RL_2070_IL":"Not Affected","CTF_RL_2070_INT":"Not Affected","SSF_RL_100YR_CURR":"Not Affected","SSF_RL_100YR_2040_IL":"Not Affected","SSF_RL_100YR_2040_INT":"Not Affected","SSF_RL_100YR_2070_IL":"Not Affected","SSF_RL_100YR_2070_INT":"Not Affected","SSF_RL_500YR_CURR":"Not Affected","SSF_RL_500YR_2040_IL":"Not Affected","SSF_RL_500YR_2040_INT":"Not Affected","SSF_RL_500YR_2070_IL":"Not Affected","SSF_RL_500YR_2070_INT":"Not Affected","RIF_RL_100YR_2020":"Not Affected","RIF_RL_100YR_2040":"Not Affected","RIF_RL_100YR_2070":"Not Affected","RIF_RL_500YR_2020":"Not Affected","RIF_RL_500YR_2040":"Not Affected","RIF_RL_500YR_2070":"Not Affected"}},{"type":"Feature","id":333,"geometry":{"type":"Point","coordinates":[-81.9585200844703,28.9503646405854]},"properties":{"OBJECTID_1":333,"OBJECTID":333,"HAZUSID":" ","Name":"VILLAGES REGIONAL HOSP, THE","Address":"1451 EL CAMINO REAL","City":"THE VILLAGES","Zip":"32159","COUNTY":"Sumter","X":-81.95852008,"Y":28.95036464,"LONGLAT":"-81.95852008,28.95036464","USNG":"17R MN 06593 02864","OWNERSHIP":" ","PARCELID":" ","FACILITY_T":"HOSPITAL - ACUTE CARE","TTL_BEDS":297,"EFCLASS":"EFHL","Asset_Elevation":null,"Owned_Maintained":null,"Asset":"HOSPITAL - ACUTE CARE","Asset_Sub_Type":null,"Asset_Type":"Hospitals","Asset_Group":"Critical Community and Emergency Facilities","Asset_Relevancy":"Locally Significant","Asset_ID":"HOSP_PT_333","Municipality":null,"Water_Management_District":"Southwest Florida Water Management District","Souce_Dataset_Entity":"FDEM","Souce_Dataset_Name":"Hospitals - FDEM","Source_Asset_ID":null,"Restricted_Public_Disclosure":null,"Notes":null,"Regional_Planning_Council":"East Central Florida","FDEP_Regulatory_District":"Central District","RCP_Region":"Northwest","FDOT_District":5,"House_District_Number":52,"Senate_District_Number":11,"CTF_RL_2020":"Not Affected","CTF_RL_2040_IL":"Not Affected","CTF_RL_2040_INT":"Not Affected","CTF_RL_2070_IL":"Not Affected","CTF_RL_2070_INT":"Not Affected","SSF_RL_100YR_CURR":"Not Affected","SSF_RL_100YR_2040_IL":"Not Affected","SSF_RL_100YR_2040_INT":"Not Affected","SSF_RL_100YR_2070_IL":"Not Affected","SSF_RL_100YR_2070_INT":"Not Affected","SSF_RL_500YR_CURR":"Not Affected","SSF_RL_500YR_2040_IL":"Not Affected","SSF_RL_500YR_2040_INT":"Not Affected","SSF_RL_500YR_2070_IL":"Not Affected","SSF_RL_500YR_2070_INT":"Not Affected","RIF_RL_100YR_2020":"Not Affected","RIF_RL_100YR_2040":"Not Affected","RIF_RL_100YR_2070":"Not Affected","RIF_RL_500YR_2020":"Not Affected","RIF_RL_500YR_2040":"Not Affected","RIF_RL_500YR_2070":"Not Affected"}},{"type":"Feature","id":334,"geometry":{"type":"Point","coordinates":[-83.0029541934296,30.2912970992923]},"properties":{"OBJECTID_1":334,"OBJECTID":334,"HAZUSID":" ","Name":"SHANDS LIVE OAK RGNL MED CNTR","Address":"1100 SW 11TH ST","City":"LIVE OAK","Zip":"32060","COUNTY":"Suwannee","X":-83.00295419,"Y":30.2912971,"LONGLAT":"-83.00295419,30.29129710","USNG":"17R LP 07366 52762","OWNERSHIP":" ","PARCELID":" ","FACILITY_T":"HOSPITAL - ACUTE CARE","TTL_BEDS":25,"EFCLASS":"EFHS","Asset_Elevation":null,"Owned_Maintained":null,"Asset":"HOSPITAL - ACUTE CARE","Asset_Sub_Type":null,"Asset_Type":"Hospitals","Asset_Group":"Critical Community and Emergency Facilities","Asset_Relevancy":"Locally Significant","Asset_ID":"HOSP_PT_334","Municipality":"Live Oak","Water_Management_District":"Suwannee River Water Management District","Souce_Dataset_Entity":"FDEM","Souce_Dataset_Name":"Hospitals - FDEM","Source_Asset_ID":null,"Restricted_Public_Disclosure":null,"Notes":null,"Regional_Planning_Council":"North Central Florida","FDEP_Regulatory_District":"Northeast District","RCP_Region":"Northwest","FDOT_District":2,"House_District_Number":7,"Senate_District_Number":3,"CTF_RL_2020":"Not Affected","CTF_RL_2040_IL":"Not Affected","CTF_RL_2040_INT":"Not Affected","CTF_RL_2070_IL":"Not Affected","CTF_RL_2070_INT":"Not Affected","SSF_RL_100YR_CURR":"Not Affected","SSF_RL_100YR_2040_IL":"Not Affected","SSF_RL_100YR_2040_INT":"Not Affected","SSF_RL_100YR_2070_IL":"Not Affected","SSF_RL_100YR_2070_INT":"Not Affected","SSF_RL_500YR_CURR":"Not Affected","SSF_RL_500YR_2040_IL":"Not Affected","SSF_RL_500YR_2040_INT":"Not Affected","SSF_RL_500YR_2070_IL":"Not Affected","SSF_RL_500YR_2070_INT":"Not Affected","RIF_RL_100YR_2020":"Not Affected","RIF_RL_100YR_2040":"Not Affected","RIF_RL_100YR_2070":"Not Affected","RIF_RL_500YR_2020":"Not Affected","RIF_RL_500YR_2040":"Not Affected","RIF_RL_500YR_2070":"Not Affected"}},{"type":"Feature","id":335,"geometry":{"type":"Point","coordinates":[-83.5932490957701,30.1200880585761]},"properties":{"OBJECTID_1":335,"OBJECTID":335,"HAZUSID":" ","Name":"DOCTORS MEMORIAL HOSPITAL","Address":"333 N BYRON BUTLER  PKWY","City":"PERRY","Zip":"32348","COUNTY":"Taylor","X":-83.5932491,"Y":30.12008806,"LONGLAT":"-83.59324910,30.12008806","USNG":"17R KP 50146 34930","OWNERSHIP":"PR","PARCELID":"23040703141000","FACILITY_T":"HOSPITAL - ACUTE CARE","TTL_BEDS":48,"EFCLASS":"EFHS","Asset_Elevation":null,"Owned_Maintained":null,"Asset":"HOSPITAL - ACUTE CARE","Asset_Sub_Type":null,"Asset_Type":"Hospitals","Asset_Group":"Critical Community and Emergency Facilities","Asset_Relevancy":"Locally Significant","Asset_ID":"HOSP_PT_335","Municipality":"Perry","Water_Management_District":"Suwannee River Water Management District","Souce_Dataset_Entity":"FDEM","Souce_Dataset_Name":"Hospitals - FDEM","Source_Asset_ID":null,"Restricted_Public_Disclosure":null,"Notes":null,"Regional_Planning_Council":"North Central Florida","FDEP_Regulatory_District":"Northeast District","RCP_Region":"Northwest","FDOT_District":2,"House_District_Number":7,"Senate_District_Number":3,"CTF_RL_2020":"Not Affected","CTF_RL_2040_IL":"Not Affected","CTF_RL_2040_INT":"Not Affected","CTF_RL_2070_IL":"Not Affected","CTF_RL_2070_INT":"Not Affected","SSF_RL_100YR_CURR":"Not Affected","SSF_RL_100YR_2040_IL":"Not Affected","SSF_RL_100YR_2040_INT":"Not Affected","SSF_RL_100YR_2070_IL":"Not Affected","SSF_RL_100YR_2070_INT":"Not Affected","SSF_RL_500YR_CURR":"Not Affected","SSF_RL_500YR_2040_IL":"Not Affected","SSF_RL_500YR_2040_INT":"Not Affected","SSF_RL_500YR_2070_IL":"Not Affected","SSF_RL_500YR_2070_INT":"Not Affected","RIF_RL_100YR_2020":"Not Affected","RIF_RL_100YR_2040":"Not Affected","RIF_RL_100YR_2070":"Not Affected","RIF_RL_500YR_2020":"Not Affected","RIF_RL_500YR_2040":"Low","RIF_RL_500YR_2070":"Low"}},{"type":"Feature","id":336,"geometry":{"type":"Point","coordinates":[-83.577737999275,30.1282219995985]},"properties":{"OBJECTID_1":336,"OBJECTID":336,"HAZUSID":" ","Name":"DOCTOR'S MEMORIAL HOSP- EMG","Address":"409A EAST ASH STREET","City":"PERRY","Zip":" ","COUNTY":"Taylor","X":-83.577738,"Y":30.128222,"LONGLAT":"-83.57773800,30.12822200","USNG":"17R KP 51661 35798","OWNERSHIP":" ","PARCELID":" ","FACILITY_T":"HOSPITAL","TTL_BEDS":0,"EFCLASS":"MDFLT","Asset_Elevation":null,"Owned_Maintained":null,"Asset":"HOSPITAL","Asset_Sub_Type":null,"Asset_Type":"Hospitals","Asset_Group":"Critical Community and Emergency Facilities","Asset_Relevancy":"Locally Significant","Asset_ID":"HOSP_PT_336","Municipality":"Perry","Water_Management_District":"Suwannee River Water Management District","Souce_Dataset_Entity":"FDEM","Souce_Dataset_Name":"Hospitals - FDEM","Source_Asset_ID":null,"Restricted_Public_Disclosure":null,"Notes":null,"Regional_Planning_Council":"North Central Florida","FDEP_Regulatory_District":"Northeast District","RCP_Region":"Northwest","FDOT_District":2,"House_District_Number":7,"Senate_District_Number":3,"CTF_RL_2020":"Not Affected","CTF_RL_2040_IL":"Not Affected","CTF_RL_2040_INT":"Not Affected","CTF_RL_2070_IL":"Not Affected","CTF_RL_2070_INT":"Not Affected","SSF_RL_100YR_CURR":"Not Affected","SSF_RL_100YR_2040_IL":"Not Affected","SSF_RL_100YR_2040_INT":"Not Affected","SSF_RL_100YR_2070_IL":"Not Affected","SSF_RL_100YR_2070_INT":"Not Affected","SSF_RL_500YR_CURR":"Not Affected","SSF_RL_500YR_2040_IL":"Not Affected","SSF_RL_500YR_2040_INT":"Not Affected","SSF_RL_500YR_2070_IL":"Not Affected","SSF_RL_500YR_2070_INT":"Not Affected","RIF_RL_100YR_2020":"Not Affected","RIF_RL_100YR_2040":"Not Affected","RIF_RL_100YR_2070":"Not Affected","RIF_RL_500YR_2020":"Not Affected","RIF_RL_500YR_2040":"Not Affected","RIF_RL_500YR_2070":"Not Affected"}},{"type":"Feature","id":337,"geometry":{"type":"Point","coordinates":[-82.3574986806372,29.988422930494]},"properties":{"OBJECTID_1":337,"OBJECTID":337,"HAZUSID":" ","Name":"RECEPTION AND MEDICAL CENTER HOSP","Address":"7765 S COUNTY RD 231","City":"LAKE BUTLER","Zip":"32054","COUNTY":"Union","X":-82.35749868,"Y":29.98842293,"LONGLAT":"-82.35749868,29.98842293","USNG":"17R LP 69051 18277","OWNERSHIP":" ","PARCELID":" ","FACILITY_T":"HOSPITAL","TTL_BEDS":120,"EFCLASS":"EFHL","Asset_Elevation":null,"Owned_Maintained":null,"Asset":"HOSPITAL","Asset_Sub_Type":null,"Asset_Type":"Hospitals","Asset_Group":"Critical Community and Emergency Facilities","Asset_Relevancy":"Locally Significant","Asset_ID":"HOSP_PT_337","Municipality":null,"Water_Management_District":"Suwannee River Water Management District","Souce_Dataset_Entity":"FDEM","Souce_Dataset_Name":"Hospitals - FDEM","Source_Asset_ID":null,"Restricted_Public_Disclosure":null,"Notes":null,"Regional_Planning_Council":"North Central Florida","FDEP_Regulatory_District":"Northeast District","RCP_Region":"Northwest","FDOT_District":2,"House_District_Number":10,"Senate_District_Number":6,"CTF_RL_2020":"Not Affected","CTF_RL_2040_IL":"Not Affected","CTF_RL_2040_INT":"Not Affected","CTF_RL_2070_IL":"Not Affected","CTF_RL_2070_INT":"Not Affected","SSF_RL_100YR_CURR":"Not Affected","SSF_RL_100YR_2040_IL":"Not Affected","SSF_RL_100YR_2040_INT":"Not Affected","SSF_RL_100YR_2070_IL":"Not Affected","SSF_RL_100YR_2070_INT":"Not Affected","SSF_RL_500YR_CURR":"Not Affected","SSF_RL_500YR_2040_IL":"Not Affected","SSF_RL_500YR_2040_INT":"Not Affected","SSF_RL_500YR_2070_IL":"Not Affected","SSF_RL_500YR_2070_INT":"Not Affected","RIF_RL_100YR_2020":"Not Affected","RIF_RL_100YR_2040":"Not Affected","RIF_RL_100YR_2070":"Not Affected","RIF_RL_500YR_2020":"Not Affected","RIF_RL_500YR_2040":"Not Affected","RIF_RL_500YR_2070":"Not Affected"}},{"type":"Feature","id":338,"geometry":{"type":"Point","coordinates":[-82.3269602615649,30.0226779379514]},"properties":{"OBJECTID_1":338,"OBJECTID":338,"HAZUSID":" ","Name":"LAKE BUTLER HOSPITAL","Address":"850 E MAIN ST","City":"LAKE BUTLER","Zip":"32054","COUNTY":"Union","X":-82.32696026,"Y":30.02267794,"LONGLAT":"-82.32696026,30.02267794","USNG":"17R LP 72041 22039","OWNERSHIP":" ","PARCELID":" ","FACILITY_T":"HOSPITAL - PEDIATRIC","TTL_BEDS":25,"EFCLASS":"EFHS","Asset_Elevation":null,"Owned_Maintained":null,"Asset":"HOSPITAL - PEDIATRIC","Asset_Sub_Type":null,"Asset_Type":"Hospitals","Asset_Group":"Critical Community and Emergency Facilities","Asset_Relevancy":"Locally Significant","Asset_ID":"HOSP_PT_338","Municipality":null,"Water_Management_District":"Suwannee River Water Management District","Souce_Dataset_Entity":"FDEM","Souce_Dataset_Name":"Hospitals - FDEM","Source_Asset_ID":null,"Restricted_Public_Disclosure":null,"Notes":null,"Regional_Planning_Council":"North Central Florida","FDEP_Regulatory_District":"Northeast District","RCP_Region":"Northwest","FDOT_District":2,"House_District_Number":10,"Senate_District_Number":6,"CTF_RL_2020":"Not Affected","CTF_RL_2040_IL":"Not Affected","CTF_RL_2040_INT":"Not Affected","CTF_RL_2070_IL":"Not Affected","CTF_RL_2070_INT":"Not Affected","SSF_RL_100YR_CURR":"Not Affected","SSF_RL_100YR_2040_IL":"Not Affected","SSF_RL_100YR_2040_INT":"Not Affected","SSF_RL_100YR_2070_IL":"Not Affected","SSF_RL_100YR_2070_INT":"Not Affected","SSF_RL_500YR_CURR":"Not Affected","SSF_RL_500YR_2040_IL":"Not Affected","SSF_RL_500YR_2040_INT":"Not Affected","SSF_RL_500YR_2070_IL":"Not Affected","SSF_RL_500YR_2070_INT":"Not Affected","RIF_RL_100YR_2020":"Not Affected","RIF_RL_100YR_2040":"Not Affected","RIF_RL_100YR_2070":"Not Affected","RIF_RL_500YR_2020":"Not Affected","RIF_RL_500YR_2040":"Not Affected","RIF_RL_500YR_2070":"Not Affected"}},{"type":"Feature","id":339,"geometry":{"type":"Point","coordinates":[-81.0549243608074,29.2021391751791]},"properties":{"OBJECTID_1":339,"OBJECTID":339,"HAZUSID":" ","Name":"HALIFAX HEALTH MED CENT","Address":"303 N CLYDE MORRIS BLVD","City":"DAYTONA BEACH","Zip":"32114","COUNTY":"Volusia","X":-81.05492436,"Y":29.20213918,"LONGLAT":"-81.05492436,29.20213918","USNG":"17R MN 94660 30382","OWNERSHIP":" ","PARCELID":" ","FACILITY_T":"HOSPITAL - TRAUMA","TTL_BEDS":568,"EFCLASS":"EFHL","Asset_Elevation":null,"Owned_Maintained":null,"Asset":"HOSPITAL - TRAUMA","Asset_Sub_Type":null,"Asset_Type":"Hospitals","Asset_Group":"Critical Community and Emergency Facilities","Asset_Relevancy":"Locally Significant","Asset_ID":"HOSP_PT_339","Municipality":"Daytona Beach","Water_Management_District":"St. Johns River Water Management District","Souce_Dataset_Entity":"FDEM","Souce_Dataset_Name":"Hospitals - FDEM","Source_Asset_ID":null,"Restricted_Public_Disclosure":null,"Notes":null,"Regional_Planning_Council":"East Central Florida","FDEP_Regulatory_District":"Central District","RCP_Region":"Northeast","FDOT_District":5,"House_District_Number":28,"Senate_District_Number":8,"CTF_RL_2020":"Not Affected","CTF_RL_2040_IL":"Not Affected","CTF_RL_2040_INT":"Not Affected","CTF_RL_2070_IL":"Not Affected","CTF_RL_2070_INT":"Not Affected","SSF_RL_100YR_CURR":"Not Affected","SSF_RL_100YR_2040_IL":"Not Affected","SSF_RL_100YR_2040_INT":"Not Affected","SSF_RL_100YR_2070_IL":"Not Affected","SSF_RL_100YR_2070_INT":"Not Affected","SSF_RL_500YR_CURR":"Not Affected","SSF_RL_500YR_2040_IL":"Not Affected","SSF_RL_500YR_2040_INT":"Not Affected","SSF_RL_500YR_2070_IL":"Not Affected","SSF_RL_500YR_2070_INT":"Not Affected","RIF_RL_100YR_2020":"Not Affected","RIF_RL_100YR_2040":"Not Affected","RIF_RL_100YR_2070":"Not Affected","RIF_RL_500YR_2020":"Not Affected","RIF_RL_500YR_2040":"Not Affected","RIF_RL_500YR_2070":"Not Affected"}},{"type":"Feature","id":340,"geometry":{"type":"Point","coordinates":[-81.0369567024975,29.2844545955636]},"properties":{"OBJECTID_1":340,"OBJECTID":340,"HAZUSID":" ","Name":"FL HOSP OCEANSIDE","Address":"264 S ATLANTIC AVE","City":"ORMOND BEACH","Zip":"32176","COUNTY":"Volusia","X":-81.0369567,"Y":29.2844546,"LONGLAT":"-81.03695670,29.28445460","USNG":"17R MN 96410 39501","OWNERSHIP":" ","PARCELID":" ","FACILITY_T":"HOSPITAL - ACUTE CARE","TTL_BEDS":80,"EFCLASS":"EFHM","Asset_Elevation":null,"Owned_Maintained":null,"Asset":"HOSPITAL - ACUTE CARE","Asset_Sub_Type":null,"Asset_Type":"Hospitals","Asset_Group":"Critical Community and Emergency Facilities","Asset_Relevancy":"Locally Significant","Asset_ID":"HOSP_PT_340","Municipality":"Ormond Beach","Water_Management_District":"St. Johns River Water Management District","Souce_Dataset_Entity":"FDEM","Souce_Dataset_Name":"Hospitals - FDEM","Source_Asset_ID":null,"Restricted_Public_Disclosure":null,"Notes":null,"Regional_Planning_Council":"East Central Florida","FDEP_Regulatory_District":"Central District","RCP_Region":"Northeast","FDOT_District":5,"House_District_Number":28,"Senate_District_Number":7,"CTF_RL_2020":"Not Affected","CTF_RL_2040_IL":"Not Affected","CTF_RL_2040_INT":"Not Affected","CTF_RL_2070_IL":"Not Affected","CTF_RL_2070_INT":"Not Affected","SSF_RL_100YR_CURR":"Not Affected","SSF_RL_100YR_2040_IL":"Not Affected","SSF_RL_100YR_2040_INT":"Not Affected","SSF_RL_100YR_2070_IL":"Not Affected","SSF_RL_100YR_2070_INT":"Not Affected","SSF_RL_500YR_CURR":"Not Affected","SSF_RL_500YR_2040_IL":"Not Affected","SSF_RL_500YR_2040_INT":"Not Affected","SSF_RL_500YR_2070_IL":"Not Affected","SSF_RL_500YR_2070_INT":"Not Affected","RIF_RL_100YR_2020":"Not Affected","RIF_RL_100YR_2040":"Not Affected","RIF_RL_100YR_2070":"Not Affected","RIF_RL_500YR_2020":"Not Affected","RIF_RL_500YR_2040":"Not Affected","RIF_RL_500YR_2070":"Not Affected"}},{"type":"Feature","id":341,"geometry":{"type":"Point","coordinates":[-81.1085168261178,29.2433687251429]},"properties":{"OBJECTID_1":341,"OBJECTID":341,"HAZUSID":" ","Name":"FL HOSP MEMORIAL MED. CENT","Address":"301 MEMORIAL MEDICAL PKWY","City":"DAYTONA BEACH","Zip":"32117","COUNTY":"Volusia","X":-81.10851683,"Y":29.24336873,"LONGLAT":"-81.10851683,29.24336873","USNG":"17R MN 89455 34954","OWNERSHIP":" ","PARCELID":" ","FACILITY_T":"HOSPITAL - ACUTE CARE","TTL_BEDS":277,"EFCLASS":"EFHL","Asset_Elevation":null,"Owned_Maintained":null,"Asset":"HOSPITAL - ACUTE CARE","Asset_Sub_Type":null,"Asset_Type":"Hospitals","Asset_Group":"Critical Community and Emergency Facilities","Asset_Relevancy":"Locally Significant","Asset_ID":"HOSP_PT_341","Municipality":"Daytona Beach","Water_Management_District":"St. Johns River Water Management District","Souce_Dataset_Entity":"FDEM","Souce_Dataset_Name":"Hospitals - FDEM","Source_Asset_ID":null,"Restricted_Public_Disclosure":null,"Notes":null,"Regional_Planning_Council":"East Central Florida","FDEP_Regulatory_District":"Central District","RCP_Region":"Northeast","FDOT_District":5,"House_District_Number":28,"Senate_District_Number":8,"CTF_RL_2020":"Not Affected","CTF_RL_2040_IL":"Not Affected","CTF_RL_2040_INT":"Not Affected","CTF_RL_2070_IL":"Not Affected","CTF_RL_2070_INT":"Not Affected","SSF_RL_100YR_CURR":"Not Affected","SSF_RL_100YR_2040_IL":"Not Affected","SSF_RL_100YR_2040_INT":"Not Affected","SSF_RL_100YR_2070_IL":"Not Affected","SSF_RL_100YR_2070_INT":"Not Affected","SSF_RL_500YR_CURR":"Not Affected","SSF_RL_500YR_2040_IL":"Not Affected","SSF_RL_500YR_2040_INT":"Not Affected","SSF_RL_500YR_2070_IL":"Not Affected","SSF_RL_500YR_2070_INT":"Not Affected","RIF_RL_100YR_2020":"Not Affected","RIF_RL_100YR_2040":"Not Affected","RIF_RL_100YR_2070":"Not Affected","RIF_RL_500YR_2020":"Not Affected","RIF_RL_500YR_2040":"Not Affected","RIF_RL_500YR_2070":"Not Affected"}},{"type":"Feature","id":342,"geometry":{"type":"Point","coordinates":[-81.3182346842765,29.0437952196381]},"properties":{"OBJECTID_1":342,"OBJECTID":342,"HAZUSID":" ","Name":"FL HOSP DELAND","Address":"701 W PLYMOUTH AVE","City":"DELAND","Zip":"32720","COUNTY":"Volusia","X":-81.31823468,"Y":29.04379522,"LONGLAT":"-81.31823468,29.04379522","USNG":"17R MN 69016 12879","OWNERSHIP":" ","PARCELID":" ","FACILITY_T":"HOSPITAL - ACUTE CARE","TTL_BEDS":156,"EFCLASS":"EFHL","Asset_Elevation":null,"Owned_Maintained":null,"Asset":"HOSPITAL - ACUTE CARE","Asset_Sub_Type":null,"Asset_Type":"Hospitals","Asset_Group":"Critical Community and Emergency Facilities","Asset_Relevancy":"Locally Significant","Asset_ID":"HOSP_PT_342","Municipality":"DeLand","Water_Management_District":"St. Johns River Water Management District","Souce_Dataset_Entity":"FDEM","Souce_Dataset_Name":"Hospitals - FDEM","Source_Asset_ID":null,"Restricted_Public_Disclosure":null,"Notes":null,"Regional_Planning_Council":"East Central Florida","FDEP_Regulatory_District":"Central District","RCP_Region":"Northeast","FDOT_District":5,"House_District_Number":29,"Senate_District_Number":8,"CTF_RL_2020":"Not Affected","CTF_RL_2040_IL":"Not Affected","CTF_RL_2040_INT":"Not Affected","CTF_RL_2070_IL":"Not Affected","CTF_RL_2070_INT":"Not Affected","SSF_RL_100YR_CURR":"Not Affected","SSF_RL_100YR_2040_IL":"Not Affected","SSF_RL_100YR_2040_INT":"Not Affected","SSF_RL_100YR_2070_IL":"Not Affected","SSF_RL_100YR_2070_INT":"Not Affected","SSF_RL_500YR_CURR":"Not Affected","SSF_RL_500YR_2040_IL":"Not Affected","SSF_RL_500YR_2040_INT":"Not Affected","SSF_RL_500YR_2070_IL":"Not Affected","SSF_RL_500YR_2070_INT":"Not Affected","RIF_RL_100YR_2020":"Not Affected","RIF_RL_100YR_2040":"Not Affected","RIF_RL_100YR_2070":"Not Affected","RIF_RL_500YR_2020":"Not Affected","RIF_RL_500YR_2040":"Not Affected","RIF_RL_500YR_2070":"Not Affected"}},{"type":"Feature","id":343,"geometry":{"type":"Point","coordinates":[-81.2851695201655,28.914025892894]},"properties":{"OBJECTID_1":343,"OBJECTID":343,"HAZUSID":" ","Name":"FL HOSP FISH MEMORIAL","Address":"1055 SAXON BLVD","City":"ORANGE CITY","Zip":"32763","COUNTY":"Volusia","X":-81.28516952,"Y":28.91402589,"LONGLAT":"-81.28516952,28.91402589","USNG":"17R MM 72201 98493","OWNERSHIP":" ","PARCELID":" ","FACILITY_T":"HOSPITAL - ACUTE CARE","TTL_BEDS":175,"EFCLASS":"EFHL","Asset_Elevation":null,"Owned_Maintained":null,"Asset":"HOSPITAL - ACUTE CARE","Asset_Sub_Type":null,"Asset_Type":"Hospitals","Asset_Group":"Critical Community and Emergency Facilities","Asset_Relevancy":"Locally Significant","Asset_ID":"HOSP_PT_343","Municipality":"Orange City","Water_Management_District":"St. Johns River Water Management District","Souce_Dataset_Entity":"FDEM","Souce_Dataset_Name":"Hospitals - FDEM","Source_Asset_ID":null,"Restricted_Public_Disclosure":null,"Notes":null,"Regional_Planning_Council":"East Central Florida","FDEP_Regulatory_District":"Central District","RCP_Region":"Northeast","FDOT_District":5,"House_District_Number":27,"Senate_District_Number":8,"CTF_RL_2020":"Not Affected","CTF_RL_2040_IL":"Not Affected","CTF_RL_2040_INT":"Not Affected","CTF_RL_2070_IL":"Not Affected","CTF_RL_2070_INT":"Not Affected","SSF_RL_100YR_CURR":"Not Affected","SSF_RL_100YR_2040_IL":"Not Affected","SSF_RL_100YR_2040_INT":"Not Affected","SSF_RL_100YR_2070_IL":"Not Affected","SSF_RL_100YR_2070_INT":"Not Affected","SSF_RL_500YR_CURR":"Not Affected","SSF_RL_500YR_2040_IL":"Not Affected","SSF_RL_500YR_2040_INT":"Not Affected","SSF_RL_500YR_2070_IL":"Not Affected","SSF_RL_500YR_2070_INT":"Not Affected","RIF_RL_100YR_2020":"Not Affected","RIF_RL_100YR_2040":"Not Affected","RIF_RL_100YR_2070":"Not Affected","RIF_RL_500YR_2020":"Low","RIF_RL_500YR_2040":"Medium","RIF_RL_500YR_2070":"Medium"}},{"type":"Feature","id":344,"geometry":{"type":"Point","coordinates":[-81.0087206954972,29.1263366312623]},"properties":{"OBJECTID_1":344,"OBJECTID":344,"HAZUSID":" ","Name":"HALIFAX HEALTH MED CNTR/PORT ORANGE","Address":"1041 DUNLAWTON AVE","City":"PORT ORANGE","Zip":"32127","COUNTY":"Volusia","X":-81.0087207,"Y":29.12633663,"LONGLAT":"-81.00872070,29.12633663","USNG":"17R MN 99151 21982","OWNERSHIP":" ","PARCELID":" ","FACILITY_T":"HOSPITAL - ACUTE CARE","TTL_BEDS":80,"EFCLASS":"EFHM","Asset_Elevation":null,"Owned_Maintained":null,"Asset":"HOSPITAL - ACUTE CARE","Asset_Sub_Type":null,"Asset_Type":"Hospitals","Asset_Group":"Critical Community and Emergency Facilities","Asset_Relevancy":"Locally Significant","Asset_ID":"HOSP_PT_344","Municipality":"Port Orange","Water_Management_District":"St. Johns River Water Management District","Souce_Dataset_Entity":"FDEM","Souce_Dataset_Name":"Hospitals - FDEM","Source_Asset_ID":null,"Restricted_Public_Disclosure":null,"Notes":null,"Regional_Planning_Council":"East Central Florida","FDEP_Regulatory_District":"Central District","RCP_Region":"Northeast","FDOT_District":5,"House_District_Number":30,"Senate_District_Number":8,"CTF_RL_2020":"Not Affected","CTF_RL_2040_IL":"Not Affected","CTF_RL_2040_INT":"Not Affected","CTF_RL_2070_IL":"Not Affected","CTF_RL_2070_INT":"Not Affected","SSF_RL_100YR_CURR":"Not Affected","SSF_RL_100YR_2040_IL":"Not Affected","SSF_RL_100YR_2040_INT":"Not Affected","SSF_RL_100YR_2070_IL":"Not Affected","SSF_RL_100YR_2070_INT":"Not Affected","SSF_RL_500YR_CURR":"Not Affected","SSF_RL_500YR_2040_IL":"Not Affected","SSF_RL_500YR_2040_INT":"Not Affected","SSF_RL_500YR_2070_IL":"Not Affected","SSF_RL_500YR_2070_INT":"Not Affected","RIF_RL_100YR_2020":"Not Affected","RIF_RL_100YR_2040":"Not Affected","RIF_RL_100YR_2070":"Not Affected","RIF_RL_500YR_2020":"Not Affected","RIF_RL_500YR_2040":"Not Affected","RIF_RL_500YR_2070":"Not Affected"}},{"type":"Feature","id":345,"geometry":{"type":"Point","coordinates":[-81.107361000296,29.2420959989306]},"properties":{"OBJECTID_1":345,"OBJECTID":345,"HAZUSID":" ","Name":"SELECT SPECIALTY HOSP DAYTONA BEACH","Address":"301 MEMORIAL MEDICAL PARKWAY","City":"DAYTONA BEACH","Zip":"32117","COUNTY":"Volusia","X":-81.107361,"Y":29.242096,"LONGLAT":"-81.10736100,29.24209600","USNG":"17R MN 89567 34813","OWNERSHIP":" ","PARCELID":" ","FACILITY_T":"HOSPITAL","TTL_BEDS":34,"EFCLASS":"EFHS","Asset_Elevation":null,"Owned_Maintained":null,"Asset":"HOSPITAL","Asset_Sub_Type":null,"Asset_Type":"Hospitals","Asset_Group":"Critical Community and Emergency Facilities","Asset_Relevancy":"Locally Significant","Asset_ID":"HOSP_PT_345","Municipality":"Daytona Beach","Water_Management_District":"St. Johns River Water Management District","Souce_Dataset_Entity":"FDEM","Souce_Dataset_Name":"Hospitals - FDEM","Source_Asset_ID":null,"Restricted_Public_Disclosure":null,"Notes":null,"Regional_Planning_Council":"East Central Florida","FDEP_Regulatory_District":"Central District","RCP_Region":"Northeast","FDOT_District":5,"House_District_Number":28,"Senate_District_Number":8,"CTF_RL_2020":"Not Affected","CTF_RL_2040_IL":"Not Affected","CTF_RL_2040_INT":"Not Affected","CTF_RL_2070_IL":"Not Affected","CTF_RL_2070_INT":"Not Affected","SSF_RL_100YR_CURR":"Not Affected","SSF_RL_100YR_2040_IL":"Not Affected","SSF_RL_100YR_2040_INT":"Not Affected","SSF_RL_100YR_2070_IL":"Not Affected","SSF_RL_100YR_2070_INT":"Not Affected","SSF_RL_500YR_CURR":"Not Affected","SSF_RL_500YR_2040_IL":"Not Affected","SSF_RL_500YR_2040_INT":"Not Affected","SSF_RL_500YR_2070_IL":"Not Affected","SSF_RL_500YR_2070_INT":"Not Affected","RIF_RL_100YR_2020":"Not Affected","RIF_RL_100YR_2040":"Not Affected","RIF_RL_100YR_2070":"Not Affected","RIF_RL_500YR_2020":"Not Affected","RIF_RL_500YR_2040":"Not Affected","RIF_RL_500YR_2070":"Not Affected"}},{"type":"Feature","id":346,"geometry":{"type":"Point","coordinates":[-81.0687622410078,29.2140264093762]},"properties":{"OBJECTID_1":346,"OBJECTID":346,"HAZUSID":" ","Name":"HALIFAX PSYCHIATRIC CENT-N","Address":"841 JIMMY ANN DR","City":"DAYTONA BEACH","Zip":"32117","COUNTY":"Volusia","X":-81.06876224,"Y":29.21402641,"LONGLAT":"-81.06876224,29.21402641","USNG":"17R MN 93316 31700","OWNERSHIP":" ","PARCELID":" ","FACILITY_T":"HOSPITAL","TTL_BEDS":30,"EFCLASS":"EFHS","Asset_Elevation":null,"Owned_Maintained":null,"Asset":"HOSPITAL","Asset_Sub_Type":null,"Asset_Type":"Hospitals","Asset_Group":"Critical Community and Emergency Facilities","Asset_Relevancy":"Locally Significant","Asset_ID":"HOSP_PT_346","Municipality":"Daytona Beach","Water_Management_District":"St. Johns River Water Management District","Souce_Dataset_Entity":"FDEM","Souce_Dataset_Name":"Hospitals - FDEM","Source_Asset_ID":null,"Restricted_Public_Disclosure":null,"Notes":null,"Regional_Planning_Council":"East Central Florida","FDEP_Regulatory_District":"Central District","RCP_Region":"Northeast","FDOT_District":5,"House_District_Number":28,"Senate_District_Number":8,"CTF_RL_2020":"Not Affected","CTF_RL_2040_IL":"Not Affected","CTF_RL_2040_INT":"Not Affected","CTF_RL_2070_IL":"Not Affected","CTF_RL_2070_INT":"Not Affected","SSF_RL_100YR_CURR":"Not Affected","SSF_RL_100YR_2040_IL":"Not Affected","SSF_RL_100YR_2040_INT":"Not Affected","SSF_RL_100YR_2070_IL":"Not Affected","SSF_RL_100YR_2070_INT":"Not Affected","SSF_RL_500YR_CURR":"Not Affected","SSF_RL_500YR_2040_IL":"Not Affected","SSF_RL_500YR_2040_INT":"Not Affected","SSF_RL_500YR_2070_IL":"Not Affected","SSF_RL_500YR_2070_INT":"Not Affected","RIF_RL_100YR_2020":"Not Affected","RIF_RL_100YR_2040":"Not Affected","RIF_RL_100YR_2070":"Not Affected","RIF_RL_500YR_2020":"Not Affected","RIF_RL_500YR_2040":"Not Affected","RIF_RL_500YR_2070":"Not Affected"}},{"type":"Feature","id":347,"geometry":{"type":"Point","coordinates":[-80.922072504633,29.0203370136801]},"properties":{"OBJECTID_1":347,"OBJECTID":347,"HAZUSID":" ","Name":"FLORIDA HOSPITAL NEW SMYRNA","Address":"401 PALMETTO ST","City":"NEW SMYRNA BEACH","Zip":"32168","COUNTY":"Volusia","X":-80.9220725,"Y":29.02033701,"LONGLAT":"-80.92207250,29.02033701","USNG":"17R NN 07588 10241","OWNERSHIP":" ","PARCELID":" ","FACILITY_T":"HOSPITAL - ACUTE CARE","TTL_BEDS":112,"EFCLASS":"EFHL","Asset_Elevation":null,"Owned_Maintained":null,"Asset":"HOSPITAL - ACUTE CARE","Asset_Sub_Type":null,"Asset_Type":"Hospitals","Asset_Group":"Critical Community and Emergency Facilities","Asset_Relevancy":"Locally Significant","Asset_ID":"HOSP_PT_347","Municipality":"New Smyrna Beach","Water_Management_District":"St. Johns River Water Management District","Souce_Dataset_Entity":"FDEM","Souce_Dataset_Name":"Hospitals - FDEM","Source_Asset_ID":null,"Restricted_Public_Disclosure":null,"Notes":null,"Regional_Planning_Council":"East Central Florida","FDEP_Regulatory_District":"Central District","RCP_Region":"Northeast","FDOT_District":5,"House_District_Number":30,"Senate_District_Number":8,"CTF_RL_2020":"Not Affected","CTF_RL_2040_IL":"Not Affected","CTF_RL_2040_INT":"Not Affected","CTF_RL_2070_IL":"Not Affected","CTF_RL_2070_INT":"Not Affected","SSF_RL_100YR_CURR":"Not Affected","SSF_RL_100YR_2040_IL":"Not Affected","SSF_RL_100YR_2040_INT":"Not Affected","SSF_RL_100YR_2070_IL":"Not Affected","SSF_RL_100YR_2070_INT":"Not Affected","SSF_RL_500YR_CURR":"Not Affected","SSF_RL_500YR_2040_IL":"Not Affected","SSF_RL_500YR_2040_INT":"Not Affected","SSF_RL_500YR_2070_IL":"Not Affected","SSF_RL_500YR_2070_INT":"Not Affected","RIF_RL_100YR_2020":"Not Affected","RIF_RL_100YR_2040":"Not Affected","RIF_RL_100YR_2070":"Not Affected","RIF_RL_500YR_2020":"Not Affected","RIF_RL_500YR_2040":"Not Affected","RIF_RL_500YR_2070":"Not Affected"}},{"type":"Feature","id":348,"geometry":{"type":"Point","coordinates":[-81.0615599989452,29.2060399988481]},"properties":{"OBJECTID_1":348,"OBJECTID":348,"HAZUSID":" ","Name":"VA OUTPATIENT CLIN WILL V CHAPEL JR","Address":"551 NATIONAL HEALTH CARE DR","City":"DAYTONA BEACH","Zip":"32114","COUNTY":"Volusia","X":-81.06156,"Y":29.20604,"LONGLAT":"-81.06156000,29.20604000","USNG":"17R MN 94015 30815","OWNERSHIP":" ","PARCELID":" ","FACILITY_T":"HOSPITAL - VA","TTL_BEDS":0,"EFCLASS":"MDFLT","Asset_Elevation":null,"Owned_Maintained":null,"Asset":"HOSPITAL - VA","Asset_Sub_Type":null,"Asset_Type":"Hospitals","Asset_Group":"Critical Community and Emergency Facilities","Asset_Relevancy":"Locally Significant","Asset_ID":"HOSP_PT_348","Municipality":"Daytona Beach","Water_Management_District":"St. Johns River Water Management District","Souce_Dataset_Entity":"FDEM","Souce_Dataset_Name":"Hospitals - FDEM","Source_Asset_ID":null,"Restricted_Public_Disclosure":null,"Notes":null,"Regional_Planning_Council":"East Central Florida","FDEP_Regulatory_District":"Central District","RCP_Region":"Northeast","FDOT_District":5,"House_District_Number":28,"Senate_District_Number":8,"CTF_RL_2020":"Not Affected","CTF_RL_2040_IL":"Not Affected","CTF_RL_2040_INT":"Not Affected","CTF_RL_2070_IL":"Not Affected","CTF_RL_2070_INT":"Not Affected","SSF_RL_100YR_CURR":"Not Affected","SSF_RL_100YR_2040_IL":"Not Affected","SSF_RL_100YR_2040_INT":"Not Affected","SSF_RL_100YR_2070_IL":"Not Affected","SSF_RL_100YR_2070_INT":"Not Affected","SSF_RL_500YR_CURR":"Not Affected","SSF_RL_500YR_2040_IL":"Not Affected","SSF_RL_500YR_2040_INT":"Not Affected","SSF_RL_500YR_2070_IL":"Not Affected","SSF_RL_500YR_2070_INT":"Not Affected","RIF_RL_100YR_2020":"Not Affected","RIF_RL_100YR_2040":"Not Affected","RIF_RL_100YR_2070":"Not Affected","RIF_RL_500YR_2020":"Not Affected","RIF_RL_500YR_2040":"Not Affected","RIF_RL_500YR_2070":"Not Affected"}},{"type":"Feature","id":349,"geometry":{"type":"Point","coordinates":[-86.3067588964297,30.3783046355708]},"properties":{"OBJECTID_1":349,"OBJECTID":349,"HAZUSID":" ","Name":"SACRED HEART HOSPITAL ON EMERALD COAST","Address":"7800 US HWY 98 W","City":"MIRAMAR BEACH","Zip":"32550","COUNTY":"Walton","X":-86.3067589,"Y":30.37830464,"LONGLAT":"-86.30675890,30.37830464","USNG":"16R EU 66607 60909","OWNERSHIP":" ","PARCELID":" ","FACILITY_T":"HOSPITAL - ACUTE CARE","TTL_BEDS":58,"EFCLASS":"EFHM","Asset_Elevation":null,"Owned_Maintained":null,"Asset":"HOSPITAL - ACUTE CARE","Asset_Sub_Type":null,"Asset_Type":"Hospitals","Asset_Group":"Critical Community and Emergency Facilities","Asset_Relevancy":"Locally Significant","Asset_ID":"HOSP_PT_349","Municipality":null,"Water_Management_District":"Northwest Florida Water Management District","Souce_Dataset_Entity":"FDEM","Souce_Dataset_Name":"Hospitals - FDEM","Source_Asset_ID":null,"Restricted_Public_Disclosure":null,"Notes":null,"Regional_Planning_Council":"Emerald Coast","FDEP_Regulatory_District":"Northwest District","RCP_Region":"Northwest","FDOT_District":3,"House_District_Number":5,"Senate_District_Number":2,"CTF_RL_2020":"Not Affected","CTF_RL_2040_IL":"Not Affected","CTF_RL_2040_INT":"Not Affected","CTF_RL_2070_IL":"Not Affected","CTF_RL_2070_INT":"Not Affected","SSF_RL_100YR_CURR":"Not Affected","SSF_RL_100YR_2040_IL":"Not Affected","SSF_RL_100YR_2040_INT":"Not Affected","SSF_RL_100YR_2070_IL":"Not Affected","SSF_RL_100YR_2070_INT":"Not Affected","SSF_RL_500YR_CURR":"Not Affected","SSF_RL_500YR_2040_IL":"Not Affected","SSF_RL_500YR_2040_INT":"Not Affected","SSF_RL_500YR_2070_IL":"Not Affected","SSF_RL_500YR_2070_INT":"Not Affected","RIF_RL_100YR_2020":"Not Affected","RIF_RL_100YR_2040":"Not Affected","RIF_RL_100YR_2070":"Not Affected","RIF_RL_500YR_2020":"Not Affected","RIF_RL_500YR_2040":"Not Affected","RIF_RL_500YR_2070":"Not Affected"}},{"type":"Feature","id":350,"geometry":{"type":"Point","coordinates":[-86.1176666939922,30.6596422344321]},"properties":{"OBJECTID_1":350,"OBJECTID":350,"HAZUSID":" ","Name":"HEALTHMARK REGIONAL MED CENT","Address":"4413 US HWY 331 S","City":"DEFUNIAK SPRINGS","Zip":"32435","COUNTY":"Walton","X":-86.11766669,"Y":30.65964224,"LONGLAT":"-86.11766669,30.65964224","USNG":"16R EU 84532 92214","OWNERSHIP":" ","PARCELID":" ","FACILITY_T":"HOSPITAL - ACUTE CARE","TTL_BEDS":50,"EFCLASS":"EFHS","Asset_Elevation":null,"Owned_Maintained":null,"Asset":"HOSPITAL - ACUTE CARE","Asset_Sub_Type":null,"Asset_Type":"Hospitals","Asset_Group":"Critical Community and Emergency Facilities","Asset_Relevancy":"Locally Significant","Asset_ID":"HOSP_PT_350","Municipality":null,"Water_Management_District":"Northwest Florida Water Management District","Souce_Dataset_Entity":"FDEM","Souce_Dataset_Name":"Hospitals - FDEM","Source_Asset_ID":null,"Restricted_Public_Disclosure":null,"Notes":null,"Regional_Planning_Council":"Emerald Coast","FDEP_Regulatory_District":"Northwest District","RCP_Region":"Northwest","FDOT_District":3,"House_District_Number":5,"Senate_District_Number":2,"CTF_RL_2020":"Not Affected","CTF_RL_2040_IL":"Not Affected","CTF_RL_2040_INT":"Not Affected","CTF_RL_2070_IL":"Not Affected","CTF_RL_2070_INT":"Not Affected","SSF_RL_100YR_CURR":"Not Affected","SSF_RL_100YR_2040_IL":"Not Affected","SSF_RL_100YR_2040_INT":"Not Affected","SSF_RL_100YR_2070_IL":"Not Affected","SSF_RL_100YR_2070_INT":"Not Affected","SSF_RL_500YR_CURR":"Not Affected","SSF_RL_500YR_2040_IL":"Not Affected","SSF_RL_500YR_2040_INT":"Not Affected","SSF_RL_500YR_2070_IL":"Not Affected","SSF_RL_500YR_2070_INT":"Not Affected","RIF_RL_100YR_2020":"Not Affected","RIF_RL_100YR_2040":"Not Affected","RIF_RL_100YR_2070":"Not Affected","RIF_RL_500YR_2020":"Not Affected","RIF_RL_500YR_2040":"Not Affected","RIF_RL_500YR_2070":"Not Affected"}},{"type":"Feature","id":351,"geometry":{"type":"Point","coordinates":[-85.5428905946623,30.7655374718334]},"properties":{"OBJECTID_1":351,"OBJECTID":351,"HAZUSID":" ","Name":"NORTHWEST FLORIDA COMMUNITY HOSP","Address":"1360 BRICKYARD RD","City":"CHIPLEY","Zip":"32428","COUNTY":"Washington","X":-85.5428906,"Y":30.76553747,"LONGLAT":"-85.54289060,30.76553747","USNG":"16R FV 39450 04525","OWNERSHIP":" ","PARCELID":" ","FACILITY_T":"HOSPITAL - ACUTE CARE","TTL_BEDS":59,"EFCLASS":"EFHM","Asset_Elevation":null,"Owned_Maintained":null,"Asset":"HOSPITAL - ACUTE CARE","Asset_Sub_Type":null,"Asset_Type":"Hospitals","Asset_Group":"Critical Community and Emergency Facilities","Asset_Relevancy":"Locally Significant","Asset_ID":"HOSP_PT_351","Municipality":"Chipley","Water_Management_District":"Northwest Florida Water Management District","Souce_Dataset_Entity":"FDEM","Souce_Dataset_Name":"Hospitals - FDEM","Source_Asset_ID":null,"Restricted_Public_Disclosure":null,"Notes":null,"Regional_Planning_Council":"Emerald Coast","FDEP_Regulatory_District":"Northwest District","RCP_Region":"Northwest","FDOT_District":3,"House_District_Number":5,"Senate_District_Number":2,"CTF_RL_2020":"Not Affected","CTF_RL_2040_IL":"Not Affected","CTF_RL_2040_INT":"Not Affected","CTF_RL_2070_IL":"Not Affected","CTF_RL_2070_INT":"Not Affected","SSF_RL_100YR_CURR":"Not Affected","SSF_RL_100YR_2040_IL":"Not Affected","SSF_RL_100YR_2040_INT":"Not Affected","SSF_RL_100YR_2070_IL":"Not Affected","SSF_RL_100YR_2070_INT":"Not Affected","SSF_RL_500YR_CURR":"Not Affected","SSF_RL_500YR_2040_IL":"Not Affected","SSF_RL_500YR_2040_INT":"Not Affected","SSF_RL_500YR_2070_IL":"Not Affected","SSF_RL_500YR_2070_INT":"Not Affected","RIF_RL_100YR_2020":"Not Affected","RIF_RL_100YR_2040":"Not Affected","RIF_RL_100YR_2070":"Not Affected","RIF_RL_500YR_2020":"Not Affected","RIF_RL_500YR_2040":"Not Affected","RIF_RL_500YR_2070":"Not Affected"}}]}