{"type":"FeatureCollection","crs":{"type":"name","properties":{"name":"EPSG:4326"}},"features":[{"type":"Feature","id":1,"geometry":{"type":"Point","coordinates":[-80.3286647479422,26.1562489757151]},"properties":{"OBJECTID_1":1,"OBJECTID":1,"Name":"BANK ATLANTIC CENTER - WEST BROWARD","Address":"2555 NW 137TH WAY","City":"FORT LAUDERDALE","Zip":"33323","COUNTY":"Broward","X":-80.32866475,"Y":26.15624898,"LONGLAT":"-80.32866475,26.15624898","USNG":"17R NJ 67097 93160","OWNERSHIP":" ","PARCELID":"494026070010","FACILITY_T":"LOGISTICAL STAGING AREA","ADDRESSCIT":"2555 NW 137TH WAY FORT LAUDERDALE , FL 33323","Asset_Elevation":null,"Owned_Maintained":" ","Asset":"LOGISTICAL STAGING AREA","Asset_Sub_Type":null,"Asset_Type":"Logistical Staging Areas","Asset_Group":"Critical Community and Emergency Facilities","Asset_Relevancy":"Locally Significant","Asset_ID":"LSA_PT_1","Municipality":"Sunrise","Water_Management_District":"South Florida Water Management District","Souce_Dataset_Entity":"FDEM","Souce_Dataset_Name":"Logistical Staging Areas - FDEM","Source_Asset_ID":null,"Restricted_Public_Disclosure":null,"Notes":null,"Regional_Planning_Council":"South Florida","FDEP_Regulatory_District":"Southeast District","RCP_Region":"Southeast","FDOT_District":4,"House_District_Number":96,"Senate_District_Number":35,"CTF_RL_2020":"Low","CTF_RL_2040_IL":"Low","CTF_RL_2040_INT":"Low","CTF_RL_2070_IL":"Low","CTF_RL_2070_INT":"High","SSF_RL_100YR_CURR":"Low","SSF_RL_100YR_2040_IL":"Low","SSF_RL_100YR_2040_INT":"Low","SSF_RL_100YR_2070_IL":"Medium","SSF_RL_100YR_2070_INT":"High","SSF_RL_500YR_CURR":"High","SSF_RL_500YR_2040_IL":"High","SSF_RL_500YR_2040_INT":"High","SSF_RL_500YR_2070_IL":"High","SSF_RL_500YR_2070_INT":"High","RIF_RL_100YR_2020":"High","RIF_RL_100YR_2040":"High","RIF_RL_100YR_2070":"High","RIF_RL_500YR_2020":"High","RIF_RL_500YR_2040":"High","RIF_RL_500YR_2070":"High"}},{"type":"Feature","id":2,"geometry":{"type":"Point","coordinates":[-80.2416741115693,26.003957595674]},"properties":{"OBJECTID_1":2,"OBJECTID":2,"Name":"NORTH PERRY AIRPORT","Address":"401 SW 77TH WAY","City":"HOLLYWOOD","Zip":"33023","COUNTY":"Broward","X":-80.24167411,"Y":26.0039576,"LONGLAT":"-80.24167411,26.00395760","USNG":"17R NJ 75890 76342","OWNERSHIP":"COUNTY","PARCELID":"514115060010","FACILITY_T":"LOGISTICAL STAGING AREA","ADDRESSCIT":"401 SW 77TH WAY HOLLYWOOD , FL 33023","Asset_Elevation":null,"Owned_Maintained":"COUNTY","Asset":"LOGISTICAL STAGING AREA","Asset_Sub_Type":null,"Asset_Type":"Logistical Staging Areas","Asset_Group":"Critical Community and Emergency Facilities","Asset_Relevancy":"Locally Significant","Asset_ID":"LSA_PT_2","Municipality":"Pembroke Pines","Water_Management_District":"South Florida Water Management District","Souce_Dataset_Entity":"FDEM","Souce_Dataset_Name":"Logistical Staging Areas - FDEM","Source_Asset_ID":null,"Restricted_Public_Disclosure":null,"Notes":null,"Regional_Planning_Council":"South Florida","FDEP_Regulatory_District":"Southeast District","RCP_Region":"Southeast","FDOT_District":4,"House_District_Number":105,"Senate_District_Number":35,"CTF_RL_2020":"Low","CTF_RL_2040_IL":"Low","CTF_RL_2040_INT":"Low","CTF_RL_2070_IL":"Low","CTF_RL_2070_INT":"High","SSF_RL_100YR_CURR":"Medium","SSF_RL_100YR_2040_IL":"High","SSF_RL_100YR_2040_INT":"High","SSF_RL_100YR_2070_IL":"High","SSF_RL_100YR_2070_INT":"High","SSF_RL_500YR_CURR":"High","SSF_RL_500YR_2040_IL":"High","SSF_RL_500YR_2040_INT":"High","SSF_RL_500YR_2070_IL":"High","SSF_RL_500YR_2070_INT":"High","RIF_RL_100YR_2020":"High","RIF_RL_100YR_2040":"High","RIF_RL_100YR_2070":"High","RIF_RL_500YR_2020":"High","RIF_RL_500YR_2040":"High","RIF_RL_500YR_2070":"High"}},{"type":"Feature","id":3,"geometry":{"type":"Point","coordinates":[-80.1416688317483,26.0685628096277]},"properties":{"OBJECTID_1":3,"OBJECTID":3,"Name":"FORT LAUDERDALE/HOLLYWOOD INTERNATIONAL AIRPORT","Address":"320 TERMINAL WAY","City":"DANIA","Zip":"33004","COUNTY":"Broward","X":-80.14166883,"Y":26.06856281,"LONGLAT":"-80.14166883,26.06856281","USNG":"17R NJ 85851 83559","OWNERSHIP":"COUNTY","PARCELID":"504227070010","FACILITY_T":"LOGISTICAL STAGING AREA","ADDRESSCIT":"320 TERMINAL WAY DANIA , FL 33004","Asset_Elevation":null,"Owned_Maintained":"COUNTY","Asset":"LOGISTICAL STAGING AREA","Asset_Sub_Type":null,"Asset_Type":"Logistical Staging Areas","Asset_Group":"Critical Community and Emergency Facilities","Asset_Relevancy":"Locally Significant","Asset_ID":"LSA_PT_3","Municipality":null,"Water_Management_District":"South Florida Water Management District","Souce_Dataset_Entity":"FDEM","Souce_Dataset_Name":"Logistical Staging Areas - FDEM","Source_Asset_ID":null,"Restricted_Public_Disclosure":null,"Notes":null,"Regional_Planning_Council":"South Florida","FDEP_Regulatory_District":"Southeast District","RCP_Region":"Southeast","FDOT_District":4,"House_District_Number":101,"Senate_District_Number":37,"CTF_RL_2020":"Low","CTF_RL_2040_IL":"Low","CTF_RL_2040_INT":"Low","CTF_RL_2070_IL":"Low","CTF_RL_2070_INT":"High","SSF_RL_100YR_CURR":"Medium","SSF_RL_100YR_2040_IL":"Medium","SSF_RL_100YR_2040_INT":"Medium","SSF_RL_100YR_2070_IL":"High","SSF_RL_100YR_2070_INT":"High","SSF_RL_500YR_CURR":"High","SSF_RL_500YR_2040_IL":"High","SSF_RL_500YR_2040_INT":"High","SSF_RL_500YR_2070_IL":"High","SSF_RL_500YR_2070_INT":"High","RIF_RL_100YR_2020":"High","RIF_RL_100YR_2040":"High","RIF_RL_100YR_2070":"High","RIF_RL_500YR_2020":"High","RIF_RL_500YR_2040":"High","RIF_RL_500YR_2070":"High"}},{"type":"Feature","id":4,"geometry":{"type":"Point","coordinates":[-80.1709003713613,26.194825800324]},"properties":{"OBJECTID_1":4,"OBJECTID":4,"Name":"FORT LAUDERDALE EXECUTIVE AIRPORT","Address":"6000 NW 21ST AVE","City":"FORT LAUDERDALE","Zip":"33309","COUNTY":"Broward","X":-80.17090037,"Y":26.1948258,"LONGLAT":"-80.17090037,26.19482580","USNG":"17R NJ 82838 97524","OWNERSHIP":"MUNICIPAL","PARCELID":"494209290010","FACILITY_T":"LOGISTICAL STAGING AREA","ADDRESSCIT":"6000 NW 21ST AVE FORT LAUDERDALE , FL 33309","Asset_Elevation":null,"Owned_Maintained":"MUNICIPAL","Asset":"LOGISTICAL STAGING AREA","Asset_Sub_Type":null,"Asset_Type":"Logistical Staging Areas","Asset_Group":"Critical Community and Emergency Facilities","Asset_Relevancy":"Locally Significant","Asset_ID":"LSA_PT_4","Municipality":"Fort Lauderdale","Water_Management_District":"South Florida Water Management District","Souce_Dataset_Entity":"FDEM","Souce_Dataset_Name":"Logistical Staging Areas - FDEM","Source_Asset_ID":null,"Restricted_Public_Disclosure":null,"Notes":null,"Regional_Planning_Council":"South Florida","FDEP_Regulatory_District":"Southeast District","RCP_Region":"Southeast","FDOT_District":4,"House_District_Number":98,"Senate_District_Number":32,"CTF_RL_2020":"Not Affected","CTF_RL_2040_IL":"Not Affected","CTF_RL_2040_INT":"Not Affected","CTF_RL_2070_IL":"Low","CTF_RL_2070_INT":"Low","SSF_RL_100YR_CURR":"Low","SSF_RL_100YR_2040_IL":"Low","SSF_RL_100YR_2040_INT":"Low","SSF_RL_100YR_2070_IL":"Low","SSF_RL_100YR_2070_INT":"Low","SSF_RL_500YR_CURR":"Low","SSF_RL_500YR_2040_IL":"Low","SSF_RL_500YR_2040_INT":"Low","SSF_RL_500YR_2070_IL":"Medium","SSF_RL_500YR_2070_INT":"Medium","RIF_RL_100YR_2020":"High","RIF_RL_100YR_2040":"High","RIF_RL_100YR_2070":"High","RIF_RL_500YR_2020":"High","RIF_RL_500YR_2040":"High","RIF_RL_500YR_2070":"High"}},{"type":"Feature","id":5,"geometry":{"type":"Point","coordinates":[-81.9861465057282,26.9201038077498]},"properties":{"OBJECTID_1":5,"OBJECTID":5,"Name":"CHARLOTTE COUNTY AIRPORT","Address":"28000 AIRPORT ROAD, A-1","City":"PUNTA GORDA","Zip":"33982","COUNTY":"Charlotte","X":-81.98614651,"Y":26.92010381,"LONGLAT":"-81.98614651,26.92010381","USNG":"17R MK 02087 77967","OWNERSHIP":"OTHER PUBLIC","PARCELID":"412310300001","FACILITY_T":"LOGISTICAL STAGING AREA","ADDRESSCIT":"28000 AIRPORT ROAD, A-1 PUNTA GORDA , FL 33982","Asset_Elevation":null,"Owned_Maintained":"OTHER PUBLIC","Asset":"LOGISTICAL STAGING AREA","Asset_Sub_Type":null,"Asset_Type":"Logistical Staging Areas","Asset_Group":"Critical Community and Emergency Facilities","Asset_Relevancy":"Locally Significant","Asset_ID":"LSA_PT_5","Municipality":null,"Water_Management_District":"Southwest Florida Water Management District","Souce_Dataset_Entity":"FDEM","Souce_Dataset_Name":"Logistical Staging Areas - FDEM","Source_Asset_ID":null,"Restricted_Public_Disclosure":null,"Notes":null,"Regional_Planning_Council":"Southwest Florida","FDEP_Regulatory_District":"South District","RCP_Region":"Southwest","FDOT_District":1,"House_District_Number":76,"Senate_District_Number":27,"CTF_RL_2020":"Not Affected","CTF_RL_2040_IL":"Not Affected","CTF_RL_2040_INT":"Not Affected","CTF_RL_2070_IL":"Not Affected","CTF_RL_2070_INT":"Not Affected","SSF_RL_100YR_CURR":"Not Affected","SSF_RL_100YR_2040_IL":"Not Affected","SSF_RL_100YR_2040_INT":"Not Affected","SSF_RL_100YR_2070_IL":"Not Affected","SSF_RL_100YR_2070_INT":"Not Affected","SSF_RL_500YR_CURR":"Not Affected","SSF_RL_500YR_2040_IL":"Not Affected","SSF_RL_500YR_2040_INT":"Not Affected","SSF_RL_500YR_2070_IL":"Not Affected","SSF_RL_500YR_2070_INT":"Not Affected","RIF_RL_100YR_2020":"High","RIF_RL_100YR_2040":"High","RIF_RL_100YR_2070":"High","RIF_RL_500YR_2020":"High","RIF_RL_500YR_2040":"High","RIF_RL_500YR_2070":"High"}},{"type":"Feature","id":6,"geometry":{"type":"Point","coordinates":[-82.1806515682499,26.9988467258692]},"properties":{"OBJECTID_1":6,"OBJECTID":6,"Name":"RANGERS SPORTS STADIUM","Address":"2300 EL JOBEAN ROAD","City":"PORT CHARLOTTE","Zip":"33948","COUNTY":"Charlotte","X":-82.18065157,"Y":26.99884673,"LONGLAT":"-82.18065157,26.99884673","USNG":"17R LK 82855 86855","OWNERSHIP":"OTHER PUBLIC","PARCELID":"402114100007","FACILITY_T":"LOGISTICAL STAGING AREA","ADDRESSCIT":"2300 EL JOBEAN ROAD PORT CHARLOTTE , FL 33948","Asset_Elevation":null,"Owned_Maintained":"OTHER PUBLIC","Asset":"LOGISTICAL STAGING AREA","Asset_Sub_Type":null,"Asset_Type":"Logistical Staging Areas","Asset_Group":"Critical Community and Emergency Facilities","Asset_Relevancy":"Locally Significant","Asset_ID":"LSA_PT_6","Municipality":null,"Water_Management_District":"Southwest Florida Water Management District","Souce_Dataset_Entity":"FDEM","Souce_Dataset_Name":"Logistical Staging Areas - FDEM","Source_Asset_ID":null,"Restricted_Public_Disclosure":null,"Notes":null,"Regional_Planning_Council":"Southwest Florida","FDEP_Regulatory_District":"South District","RCP_Region":"Southwest","FDOT_District":1,"House_District_Number":75,"Senate_District_Number":27,"CTF_RL_2020":"Not Affected","CTF_RL_2040_IL":"Not Affected","CTF_RL_2040_INT":"Low","CTF_RL_2070_IL":"Low","CTF_RL_2070_INT":"High","SSF_RL_100YR_CURR":"High","SSF_RL_100YR_2040_IL":"High","SSF_RL_100YR_2040_INT":"High","SSF_RL_100YR_2070_IL":"High","SSF_RL_100YR_2070_INT":"High","SSF_RL_500YR_CURR":"High","SSF_RL_500YR_2040_IL":"High","SSF_RL_500YR_2040_INT":"High","SSF_RL_500YR_2070_IL":"High","SSF_RL_500YR_2070_INT":"High","RIF_RL_100YR_2020":"High","RIF_RL_100YR_2040":"High","RIF_RL_100YR_2070":"High","RIF_RL_500YR_2020":"High","RIF_RL_500YR_2040":"High","RIF_RL_500YR_2070":"High"}},{"type":"Feature","id":7,"geometry":{"type":"Point","coordinates":[-81.9872358555634,29.9772409761169]},"properties":{"OBJECTID_1":7,"OBJECTID":7,"Name":"CAMP BLANDING","Address":"5629 STATE ROAD 16 W","City":"STARKE","Zip":"32091","COUNTY":"Clay","X":-81.98723586,"Y":29.97724098,"LONGLAT":"-81.98723586,29.97724098","USNG":"17R MP 04759 16673","OWNERSHIP":"STATE","PARCELID":"15-06-23-000572-000-00","FACILITY_T":"LOGISTICAL STAGING AREA","ADDRESSCIT":"5629 STATE ROAD 16 W STARKE , FL 32091","Asset_Elevation":null,"Owned_Maintained":"STATE","Asset":"LOGISTICAL STAGING AREA","Asset_Sub_Type":null,"Asset_Type":"Logistical Staging Areas","Asset_Group":"Critical Community and Emergency Facilities","Asset_Relevancy":"Locally Significant","Asset_ID":"LSA_PT_7","Municipality":null,"Water_Management_District":"St. Johns River Water Management District","Souce_Dataset_Entity":"FDEM","Souce_Dataset_Name":"Logistical Staging Areas - FDEM","Source_Asset_ID":null,"Restricted_Public_Disclosure":null,"Notes":null,"Regional_Planning_Council":"Northeast Florida","FDEP_Regulatory_District":"Northeast District","RCP_Region":"Northeast","FDOT_District":2,"House_District_Number":20,"Senate_District_Number":6,"CTF_RL_2020":"Not Affected","CTF_RL_2040_IL":"Not Affected","CTF_RL_2040_INT":"Not Affected","CTF_RL_2070_IL":"Not Affected","CTF_RL_2070_INT":"Not Affected","SSF_RL_100YR_CURR":"Not Affected","SSF_RL_100YR_2040_IL":"Not Affected","SSF_RL_100YR_2040_INT":"Not Affected","SSF_RL_100YR_2070_IL":"Not Affected","SSF_RL_100YR_2070_INT":"Not Affected","SSF_RL_500YR_CURR":"Not Affected","SSF_RL_500YR_2040_IL":"Not Affected","SSF_RL_500YR_2040_INT":"Not Affected","SSF_RL_500YR_2070_IL":"Not Affected","SSF_RL_500YR_2070_INT":"Not Affected","RIF_RL_100YR_2020":"High","RIF_RL_100YR_2040":"High","RIF_RL_100YR_2070":"High","RIF_RL_500YR_2020":"High","RIF_RL_500YR_2040":"High","RIF_RL_500YR_2070":"High"}},{"type":"Feature","id":8,"geometry":{"type":"Point","coordinates":[-81.8761434720312,30.2176510385329]},"properties":{"OBJECTID_1":8,"OBJECTID":8,"Name":"CECIL FIELD","Address":"6211 AVIATION AVE","City":"JACKSONVILLE","Zip":"32221","COUNTY":"Duval","X":-81.87614347,"Y":30.21765104,"LONGLAT":"-81.87614347,30.21765104","USNG":"17R MP 15681 43227","OWNERSHIP":"COUNTY","PARCELID":"0022490000R","FACILITY_T":"LOGISTICAL STAGING AREA","ADDRESSCIT":"6211 AVIATION AVE JACKSONVILLE , FL 32221","Asset_Elevation":null,"Owned_Maintained":"COUNTY","Asset":"LOGISTICAL STAGING AREA","Asset_Sub_Type":null,"Asset_Type":"Logistical Staging Areas","Asset_Group":"Critical Community and Emergency Facilities","Asset_Relevancy":"Locally Significant","Asset_ID":"LSA_PT_8","Municipality":"Jacksonville","Water_Management_District":"St. Johns River Water Management District","Souce_Dataset_Entity":"FDEM","Souce_Dataset_Name":"Logistical Staging Areas - FDEM","Source_Asset_ID":null,"Restricted_Public_Disclosure":null,"Notes":null,"Regional_Planning_Council":"Northeast Florida","FDEP_Regulatory_District":"Northeast District","RCP_Region":"Northeast","FDOT_District":2,"House_District_Number":15,"Senate_District_Number":4,"CTF_RL_2020":"Not Affected","CTF_RL_2040_IL":"Not Affected","CTF_RL_2040_INT":"Not Affected","CTF_RL_2070_IL":"Not Affected","CTF_RL_2070_INT":"Not Affected","SSF_RL_100YR_CURR":"Not Affected","SSF_RL_100YR_2040_IL":"Not Affected","SSF_RL_100YR_2040_INT":"Not Affected","SSF_RL_100YR_2070_IL":"Not Affected","SSF_RL_100YR_2070_INT":"Not Affected","SSF_RL_500YR_CURR":"Not Affected","SSF_RL_500YR_2040_IL":"Not Affected","SSF_RL_500YR_2040_INT":"Not Affected","SSF_RL_500YR_2070_IL":"Not Affected","SSF_RL_500YR_2070_INT":"Not Affected","RIF_RL_100YR_2020":"High","RIF_RL_100YR_2040":"High","RIF_RL_100YR_2070":"High","RIF_RL_500YR_2020":"High","RIF_RL_500YR_2040":"High","RIF_RL_500YR_2070":"High"}},{"type":"Feature","id":9,"geometry":{"type":"Point","coordinates":[-81.6230011491118,30.3529265847141]},"properties":{"OBJECTID_1":9,"OBJECTID":9,"Name":"TALLYRAND TERMINAL","Address":"2831 TALLEYRAND AVE","City":"JACKSONVILLE","Zip":"32206","COUNTY":"Duval","X":-81.62300115,"Y":30.35292659,"LONGLAT":"-81.62300115,30.35292659","USNG":"17R MP 40126 58058","OWNERSHIP":"COUNTY","PARCELID":"1153275000R","FACILITY_T":"LOGISTICAL STAGING AREA","ADDRESSCIT":"2831 TALLEYRAND AVE JACKSONVILLE , FL 32206","Asset_Elevation":null,"Owned_Maintained":"COUNTY","Asset":"LOGISTICAL STAGING AREA","Asset_Sub_Type":null,"Asset_Type":"Logistical Staging Areas","Asset_Group":"Critical Community and Emergency Facilities","Asset_Relevancy":"Locally Significant","Asset_ID":"LSA_PT_14","Municipality":"Jacksonville","Water_Management_District":"St. Johns River Water Management District","Souce_Dataset_Entity":"FDEM","Souce_Dataset_Name":"Logistical Staging Areas - FDEM","Source_Asset_ID":null,"Restricted_Public_Disclosure":null,"Notes":null,"Regional_Planning_Council":"Northeast Florida","FDEP_Regulatory_District":"Northeast District","RCP_Region":"Northeast","FDOT_District":2,"House_District_Number":14,"Senate_District_Number":5,"CTF_RL_2020":"Low","CTF_RL_2040_IL":"Low","CTF_RL_2040_INT":"Low","CTF_RL_2070_IL":"Low","CTF_RL_2070_INT":"High","SSF_RL_100YR_CURR":"Low","SSF_RL_100YR_2040_IL":"Low","SSF_RL_100YR_2040_INT":"Low","SSF_RL_100YR_2070_IL":"Medium","SSF_RL_100YR_2070_INT":"High","SSF_RL_500YR_CURR":"High","SSF_RL_500YR_2040_IL":"High","SSF_RL_500YR_2040_INT":"High","SSF_RL_500YR_2070_IL":"High","SSF_RL_500YR_2070_INT":"High","RIF_RL_100YR_2020":"High","RIF_RL_100YR_2040":"High","RIF_RL_100YR_2070":"High","RIF_RL_500YR_2020":"High","RIF_RL_500YR_2040":"High","RIF_RL_500YR_2070":"High"}},{"type":"Feature","id":10,"geometry":{"type":"Point","coordinates":[-81.6230011491118,30.3529265847141]},"properties":{"OBJECTID_1":10,"OBJECTID":10,"Name":"TALLYRAND TERMINAL","Address":"2831 TALLEYRAND AVE","City":"JACKSONVILLE","Zip":"32206","COUNTY":"Duval","X":-81.62300115,"Y":30.35292659,"LONGLAT":"-81.62300115,30.35292659","USNG":"17R MP 40126 58058","OWNERSHIP":"COUNTY","PARCELID":"1153275000R","FACILITY_T":"LOGISTICAL STAGING AREA","ADDRESSCIT":"2831 TALLEYRAND AVE JACKSONVILLE , FL 32206","Asset_Elevation":null,"Owned_Maintained":"COUNTY","Asset":"LOGISTICAL STAGING AREA","Asset_Sub_Type":null,"Asset_Type":"Logistical Staging Areas","Asset_Group":"Critical Community and Emergency Facilities","Asset_Relevancy":"Locally Significant","Asset_ID":"LSA_PT_14","Municipality":"Jacksonville","Water_Management_District":"St. Johns River Water Management District","Souce_Dataset_Entity":"FDEM","Souce_Dataset_Name":"Logistical Staging Areas - FDEM","Source_Asset_ID":null,"Restricted_Public_Disclosure":null,"Notes":null,"Regional_Planning_Council":"Northeast Florida","FDEP_Regulatory_District":"Northeast District","RCP_Region":"Northeast","FDOT_District":2,"House_District_Number":14,"Senate_District_Number":5,"CTF_RL_2020":null,"CTF_RL_2040_IL":null,"CTF_RL_2040_INT":null,"CTF_RL_2070_IL":null,"CTF_RL_2070_INT":null,"SSF_RL_100YR_CURR":null,"SSF_RL_100YR_2040_IL":null,"SSF_RL_100YR_2040_INT":null,"SSF_RL_100YR_2070_IL":null,"SSF_RL_100YR_2070_INT":null,"SSF_RL_500YR_CURR":null,"SSF_RL_500YR_2040_IL":null,"SSF_RL_500YR_2040_INT":null,"SSF_RL_500YR_2070_IL":null,"SSF_RL_500YR_2070_INT":null,"RIF_RL_100YR_2020":null,"RIF_RL_100YR_2040":null,"RIF_RL_100YR_2070":null,"RIF_RL_500YR_2020":null,"RIF_RL_500YR_2040":null,"RIF_RL_500YR_2070":null}},{"type":"Feature","id":11,"geometry":{"type":"Point","coordinates":[-81.5658670595552,30.3963588479468]},"properties":{"OBJECTID_1":11,"OBJECTID":11,"Name":"ED AUSTIN TERMINAL ON DAMES POINT","Address":"9834 NEW BERLIN RD","City":"JACKSONVILLE","Zip":"32226","COUNTY":"Duval","X":-81.56586706,"Y":30.39635885,"LONGLAT":"-81.56586706,30.39635885","USNG":"17R MP 45641 62842","OWNERSHIP":"COUNTY","PARCELID":"1092310000R","FACILITY_T":"LOGISTICAL STAGING AREA","ADDRESSCIT":"9834 NEW BERLIN RD JACKSONVILLE , FL 32226","Asset_Elevation":null,"Owned_Maintained":"COUNTY","Asset":"LOGISTICAL STAGING AREA","Asset_Sub_Type":null,"Asset_Type":"Logistical Staging Areas","Asset_Group":"Critical Community and Emergency Facilities","Asset_Relevancy":"Locally Significant","Asset_ID":"LSA_PT_11","Municipality":"Jacksonville","Water_Management_District":"St. Johns River Water Management District","Souce_Dataset_Entity":"FDEM","Souce_Dataset_Name":"Logistical Staging Areas - FDEM","Source_Asset_ID":null,"Restricted_Public_Disclosure":null,"Notes":null,"Regional_Planning_Council":"Northeast Florida","FDEP_Regulatory_District":"Northeast District","RCP_Region":"Northeast","FDOT_District":2,"House_District_Number":14,"Senate_District_Number":5,"CTF_RL_2020":"Medium","CTF_RL_2040_IL":"Medium","CTF_RL_2040_INT":"Medium","CTF_RL_2070_IL":"Medium","CTF_RL_2070_INT":"Medium","SSF_RL_100YR_CURR":"Medium","SSF_RL_100YR_2040_IL":"Medium","SSF_RL_100YR_2040_INT":"Medium","SSF_RL_100YR_2070_IL":"Medium","SSF_RL_100YR_2070_INT":"Medium","SSF_RL_500YR_CURR":"Medium","SSF_RL_500YR_2040_IL":"High","SSF_RL_500YR_2040_INT":"High","SSF_RL_500YR_2070_IL":"High","SSF_RL_500YR_2070_INT":"High","RIF_RL_100YR_2020":"High","RIF_RL_100YR_2040":"High","RIF_RL_100YR_2070":"High","RIF_RL_500YR_2020":"High","RIF_RL_500YR_2040":"High","RIF_RL_500YR_2070":"High"}},{"type":"Feature","id":12,"geometry":{"type":"Point","coordinates":[-81.8761434720312,30.2176510385329]},"properties":{"OBJECTID_1":12,"OBJECTID":12,"Name":"CECIL FIELD","Address":"6211 AVIATION AVE","City":"JACKSONVILLE","Zip":"32221","COUNTY":"Duval","X":-81.87614347,"Y":30.21765104,"LONGLAT":"-81.87614347,30.21765104","USNG":"17R MP 15681 43227","OWNERSHIP":"COUNTY","PARCELID":"0022490000R","FACILITY_T":"LOGISTICAL STAGING AREA","ADDRESSCIT":"6211 AVIATION AVE JACKSONVILLE , FL 32221","Asset_Elevation":null,"Owned_Maintained":"COUNTY","Asset":"LOGISTICAL STAGING AREA","Asset_Sub_Type":null,"Asset_Type":"Logistical Staging Areas","Asset_Group":"Critical Community and Emergency Facilities","Asset_Relevancy":"Locally Significant","Asset_ID":"LSA_PT_12","Municipality":"Jacksonville","Water_Management_District":"St. Johns River Water Management District","Souce_Dataset_Entity":"FDEM","Souce_Dataset_Name":"Logistical Staging Areas - FDEM","Source_Asset_ID":null,"Restricted_Public_Disclosure":null,"Notes":null,"Regional_Planning_Council":"Northeast Florida","FDEP_Regulatory_District":"Northeast District","RCP_Region":"Northeast","FDOT_District":2,"House_District_Number":15,"Senate_District_Number":4,"CTF_RL_2020":"Not Affected","CTF_RL_2040_IL":"Not Affected","CTF_RL_2040_INT":"Not Affected","CTF_RL_2070_IL":"Not Affected","CTF_RL_2070_INT":"Not Affected","SSF_RL_100YR_CURR":"Not Affected","SSF_RL_100YR_2040_IL":"Not Affected","SSF_RL_100YR_2040_INT":"Not Affected","SSF_RL_100YR_2070_IL":"Not Affected","SSF_RL_100YR_2070_INT":"Not Affected","SSF_RL_500YR_CURR":"Not Affected","SSF_RL_500YR_2040_IL":"Not Affected","SSF_RL_500YR_2040_INT":"Not Affected","SSF_RL_500YR_2070_IL":"Not Affected","SSF_RL_500YR_2070_INT":"Not Affected","RIF_RL_100YR_2020":"High","RIF_RL_100YR_2040":"High","RIF_RL_100YR_2070":"High","RIF_RL_500YR_2020":"High","RIF_RL_500YR_2040":"High","RIF_RL_500YR_2070":"High"}},{"type":"Feature","id":13,"geometry":{"type":"Point","coordinates":[-81.5468048213379,30.3889388789486]},"properties":{"OBJECTID_1":13,"OBJECTID":13,"Name":"JAXPORT - BLOUNT IS. TERMINAL","Address":"PROPELLER DR","City":"JACKSONVILLE","Zip":"32226","COUNTY":"Duval","X":-81.54680482,"Y":30.38893888,"LONGLAT":"-81.54680482,30.38893888","USNG":"17R MP 47468 62011","OWNERSHIP":"COUNTY","PARCELID":"1602430000R","FACILITY_T":"LOGISTICAL STAGING AREA","ADDRESSCIT":"PROPELLER DR JACKSONVILLE , FL 32226","Asset_Elevation":null,"Owned_Maintained":"COUNTY","Asset":"LOGISTICAL STAGING AREA","Asset_Sub_Type":null,"Asset_Type":"Logistical Staging Areas","Asset_Group":"Critical Community and Emergency Facilities","Asset_Relevancy":"Locally Significant","Asset_ID":"LSA_PT_13","Municipality":"Jacksonville","Water_Management_District":"St. Johns River Water Management District","Souce_Dataset_Entity":"FDEM","Souce_Dataset_Name":"Logistical Staging Areas - FDEM","Source_Asset_ID":null,"Restricted_Public_Disclosure":null,"Notes":null,"Regional_Planning_Council":"Northeast Florida","FDEP_Regulatory_District":"Northeast District","RCP_Region":"Northeast","FDOT_District":2,"House_District_Number":15,"Senate_District_Number":4,"CTF_RL_2020":"Not Affected","CTF_RL_2040_IL":"Low","CTF_RL_2040_INT":"Low","CTF_RL_2070_IL":"Low","CTF_RL_2070_INT":"Medium","SSF_RL_100YR_CURR":"Low","SSF_RL_100YR_2040_IL":"Medium","SSF_RL_100YR_2040_INT":"Medium","SSF_RL_100YR_2070_IL":"Medium","SSF_RL_100YR_2070_INT":"Medium","SSF_RL_500YR_CURR":"Medium","SSF_RL_500YR_2040_IL":"High","SSF_RL_500YR_2040_INT":"High","SSF_RL_500YR_2070_IL":"High","SSF_RL_500YR_2070_INT":"High","RIF_RL_100YR_2020":"High","RIF_RL_100YR_2040":"High","RIF_RL_100YR_2070":"High","RIF_RL_500YR_2020":"High","RIF_RL_500YR_2040":"High","RIF_RL_500YR_2070":"High"}},{"type":"Feature","id":14,"geometry":{"type":"Point","coordinates":[-81.6230011491118,30.3529265847141]},"properties":{"OBJECTID_1":14,"OBJECTID":14,"Name":"TALLYRAND TERMINAL","Address":"2831 TALLEYRAND AVE","City":"JACKSONVILLE","Zip":"32206","COUNTY":"Duval","X":-81.62300115,"Y":30.35292659,"LONGLAT":"-81.62300115,30.35292659","USNG":"17R MP 40126 58058","OWNERSHIP":"COUNTY","PARCELID":"1153275000R","FACILITY_T":"LOGISTICAL STAGING AREA","ADDRESSCIT":"2831 TALLEYRAND AVE JACKSONVILLE , FL 32206","Asset_Elevation":null,"Owned_Maintained":"COUNTY","Asset":"LOGISTICAL STAGING AREA","Asset_Sub_Type":null,"Asset_Type":"Logistical Staging Areas","Asset_Group":"Critical Community and Emergency Facilities","Asset_Relevancy":"Locally Significant","Asset_ID":"LSA_PT_14","Municipality":"Jacksonville","Water_Management_District":"St. Johns River Water Management District","Souce_Dataset_Entity":"FDEM","Souce_Dataset_Name":"Logistical Staging Areas - FDEM","Source_Asset_ID":null,"Restricted_Public_Disclosure":null,"Notes":null,"Regional_Planning_Council":"Northeast Florida","FDEP_Regulatory_District":"Northeast District","RCP_Region":"Northeast","FDOT_District":2,"House_District_Number":14,"Senate_District_Number":5,"CTF_RL_2020":null,"CTF_RL_2040_IL":null,"CTF_RL_2040_INT":null,"CTF_RL_2070_IL":null,"CTF_RL_2070_INT":null,"SSF_RL_100YR_CURR":null,"SSF_RL_100YR_2040_IL":null,"SSF_RL_100YR_2040_INT":null,"SSF_RL_100YR_2070_IL":null,"SSF_RL_100YR_2070_INT":null,"SSF_RL_500YR_CURR":null,"SSF_RL_500YR_2040_IL":null,"SSF_RL_500YR_2040_INT":null,"SSF_RL_500YR_2070_IL":null,"SSF_RL_500YR_2070_INT":null,"RIF_RL_100YR_2020":null,"RIF_RL_100YR_2040":null,"RIF_RL_100YR_2070":null,"RIF_RL_500YR_2020":null,"RIF_RL_500YR_2040":null,"RIF_RL_500YR_2070":null}},{"type":"Feature","id":15,"geometry":{"type":"Point","coordinates":[-81.8761434720312,30.2176510385329]},"properties":{"OBJECTID_1":15,"OBJECTID":15,"Name":"CECIL FIELD","Address":"6211 AVIATION AVE","City":"JACKSONVILLE","Zip":"32221","COUNTY":"Duval","X":-81.87614347,"Y":30.21765104,"LONGLAT":"-81.87614347,30.21765104","USNG":"17R MP 15681 43227","OWNERSHIP":"COUNTY","PARCELID":"0022490000R","FACILITY_T":"LOGISTICAL STAGING AREA","ADDRESSCIT":"6211 AVIATION AVE JACKSONVILLE , FL 32221","Asset_Elevation":null,"Owned_Maintained":"COUNTY","Asset":"LOGISTICAL STAGING AREA","Asset_Sub_Type":null,"Asset_Type":"Logistical Staging Areas","Asset_Group":"Critical Community and Emergency Facilities","Asset_Relevancy":"Locally Significant","Asset_ID":"LSA_PT_15","Municipality":"Jacksonville","Water_Management_District":"St. Johns River Water Management District","Souce_Dataset_Entity":"FDEM","Souce_Dataset_Name":"Logistical Staging Areas - FDEM","Source_Asset_ID":null,"Restricted_Public_Disclosure":null,"Notes":null,"Regional_Planning_Council":"Northeast Florida","FDEP_Regulatory_District":"Northeast District","RCP_Region":"Northeast","FDOT_District":2,"House_District_Number":15,"Senate_District_Number":4,"CTF_RL_2020":"Not Affected","CTF_RL_2040_IL":"Not Affected","CTF_RL_2040_INT":"Not Affected","CTF_RL_2070_IL":"Not Affected","CTF_RL_2070_INT":"Not Affected","SSF_RL_100YR_CURR":"Not Affected","SSF_RL_100YR_2040_IL":"Not Affected","SSF_RL_100YR_2040_INT":"Not Affected","SSF_RL_100YR_2070_IL":"Not Affected","SSF_RL_100YR_2070_INT":"Not Affected","SSF_RL_500YR_CURR":"Not Affected","SSF_RL_500YR_2040_IL":"Not Affected","SSF_RL_500YR_2040_INT":"Not Affected","SSF_RL_500YR_2070_IL":"Not Affected","SSF_RL_500YR_2070_INT":"Not Affected","RIF_RL_100YR_2020":"High","RIF_RL_100YR_2040":"High","RIF_RL_100YR_2070":"High","RIF_RL_500YR_2020":"High","RIF_RL_500YR_2040":"High","RIF_RL_500YR_2070":"High"}},{"type":"Feature","id":16,"geometry":{"type":"Point","coordinates":[-81.5263723994407,30.4021431679771]},"properties":{"OBJECTID_1":16,"OBJECTID":16,"Name":"BLOUNT ISLAND LSA","Address":"5880 CHANNEL VIEW BLVD","City":"JACKSONVILLE","Zip":" ","COUNTY":"Duval","X":0,"Y":0,"LONGLAT":" ","USNG":" ","OWNERSHIP":" ","PARCELID":" ","FACILITY_T":"LOGISTICAL STAGING AREA","ADDRESSCIT":"5880 CHANNEL VIEW BLVD JACKSONVILLE , FL","Asset_Elevation":null,"Owned_Maintained":" ","Asset":"LOGISTICAL STAGING AREA","Asset_Sub_Type":null,"Asset_Type":"Logistical Staging Areas","Asset_Group":"Critical Community and Emergency Facilities","Asset_Relevancy":"Locally Significant","Asset_ID":"LSA_PT_16","Municipality":"Jacksonville","Water_Management_District":"St. Johns River Water Management District","Souce_Dataset_Entity":"FDEM","Souce_Dataset_Name":"Logistical Staging Areas - FDEM","Source_Asset_ID":null,"Restricted_Public_Disclosure":null,"Notes":null,"Regional_Planning_Council":"Northeast Florida","FDEP_Regulatory_District":"Northeast District","RCP_Region":"Northeast","FDOT_District":2,"House_District_Number":15,"Senate_District_Number":4,"CTF_RL_2020":"Medium","CTF_RL_2040_IL":"Medium","CTF_RL_2040_INT":"Medium","CTF_RL_2070_IL":"Medium","CTF_RL_2070_INT":"Medium","SSF_RL_100YR_CURR":"Medium","SSF_RL_100YR_2040_IL":"Medium","SSF_RL_100YR_2040_INT":"Medium","SSF_RL_100YR_2070_IL":"Medium","SSF_RL_100YR_2070_INT":"Medium","SSF_RL_500YR_CURR":"Medium","SSF_RL_500YR_2040_IL":"Medium","SSF_RL_500YR_2040_INT":"Medium","SSF_RL_500YR_2070_IL":"High","SSF_RL_500YR_2070_INT":"High","RIF_RL_100YR_2020":"High","RIF_RL_100YR_2040":"High","RIF_RL_100YR_2070":"High","RIF_RL_500YR_2020":"High","RIF_RL_500YR_2040":"High","RIF_RL_500YR_2070":"High"}},{"type":"Feature","id":17,"geometry":{"type":"Point","coordinates":[-87.2065606900576,30.4165386726911]},"properties":{"OBJECTID_1":17,"OBJECTID":17,"Name":"PENSACOLA CIVIC CENTER","Address":"201 E GREGORY ST","City":"PENSACOLA","Zip":"32502","COUNTY":"Escambia","X":-87.20656069,"Y":30.41653867,"LONGLAT":"-87.20656069,30.41653867","USNG":"16R DU 80161 64960","OWNERSHIP":" ","PARCELID":"000S009007002073","FACILITY_T":"LOGISTICAL STAGING AREA","ADDRESSCIT":"201 E GREGORY ST PENSACOLA , FL 32502","Asset_Elevation":null,"Owned_Maintained":" ","Asset":"LOGISTICAL STAGING AREA","Asset_Sub_Type":null,"Asset_Type":"Logistical Staging Areas","Asset_Group":"Critical Community and Emergency Facilities","Asset_Relevancy":"Locally Significant","Asset_ID":"LSA_PT_17","Municipality":"Pensacola","Water_Management_District":"Northwest Florida Water Management District","Souce_Dataset_Entity":"FDEM","Souce_Dataset_Name":"Logistical Staging Areas - FDEM","Source_Asset_ID":null,"Restricted_Public_Disclosure":null,"Notes":null,"Regional_Planning_Council":"Emerald Coast","FDEP_Regulatory_District":"Northwest District","RCP_Region":"Northwest","FDOT_District":3,"House_District_Number":2,"Senate_District_Number":1,"CTF_RL_2020":"Not Affected","CTF_RL_2040_IL":"Not Affected","CTF_RL_2040_INT":"Not Affected","CTF_RL_2070_IL":"Not Affected","CTF_RL_2070_INT":"Not Affected","SSF_RL_100YR_CURR":"Not Affected","SSF_RL_100YR_2040_IL":"Not Affected","SSF_RL_100YR_2040_INT":"Not Affected","SSF_RL_100YR_2070_IL":"Not Affected","SSF_RL_100YR_2070_INT":"Not Affected","SSF_RL_500YR_CURR":"Not Affected","SSF_RL_500YR_2040_IL":"Not Affected","SSF_RL_500YR_2040_INT":"Not Affected","SSF_RL_500YR_2070_IL":"Not Affected","SSF_RL_500YR_2070_INT":"Not Affected","RIF_RL_100YR_2020":"Low","RIF_RL_100YR_2040":"Low","RIF_RL_100YR_2070":"Low","RIF_RL_500YR_2020":"Low","RIF_RL_500YR_2040":"Medium","RIF_RL_500YR_2070":"Low"}},{"type":"Feature","id":18,"geometry":{"type":"Point","coordinates":[-87.3251529315197,30.6560615521384]},"properties":{"OBJECTID_1":18,"OBJECTID":18,"Name":"QUINTETTE COMMUNITY CENTER","Address":"2490 QUINTETTE LN","City":"CANTONMENT","Zip":"32533","COUNTY":"Escambia","X":-87.32515293,"Y":30.65606155,"LONGLAT":"-87.32515293,30.65606155","USNG":"16R DU 68848 91531","OWNERSHIP":" ","PARCELID":" ","FACILITY_T":"LOGISTICAL STAGING AREA","ADDRESSCIT":"2490 QUINTETTE LN CANTONMENT , FL 32533","Asset_Elevation":null,"Owned_Maintained":" ","Asset":"LOGISTICAL STAGING AREA","Asset_Sub_Type":null,"Asset_Type":"Logistical Staging Areas","Asset_Group":"Critical Community and Emergency Facilities","Asset_Relevancy":"Locally Significant","Asset_ID":"LSA_PT_18","Municipality":null,"Water_Management_District":"Northwest Florida Water Management District","Souce_Dataset_Entity":"FDEM","Souce_Dataset_Name":"Logistical Staging Areas - FDEM","Source_Asset_ID":null,"Restricted_Public_Disclosure":null,"Notes":null,"Regional_Planning_Council":"Emerald Coast","FDEP_Regulatory_District":"Northwest District","RCP_Region":"Northwest","FDOT_District":3,"House_District_Number":1,"Senate_District_Number":1,"CTF_RL_2020":"Not Affected","CTF_RL_2040_IL":"Not Affected","CTF_RL_2040_INT":"Not Affected","CTF_RL_2070_IL":"Not Affected","CTF_RL_2070_INT":"Not Affected","SSF_RL_100YR_CURR":"Not Affected","SSF_RL_100YR_2040_IL":"Not Affected","SSF_RL_100YR_2040_INT":"Not Affected","SSF_RL_100YR_2070_IL":"Not Affected","SSF_RL_100YR_2070_INT":"Not Affected","SSF_RL_500YR_CURR":"Not Affected","SSF_RL_500YR_2040_IL":"Not Affected","SSF_RL_500YR_2040_INT":"Not Affected","SSF_RL_500YR_2070_IL":"Not Affected","SSF_RL_500YR_2070_INT":"Not Affected","RIF_RL_100YR_2020":"High","RIF_RL_100YR_2040":"High","RIF_RL_100YR_2070":"High","RIF_RL_500YR_2020":"High","RIF_RL_500YR_2040":"High","RIF_RL_500YR_2070":"High"}},{"type":"Feature","id":19,"geometry":{"type":"Point","coordinates":[-87.3111426260372,30.4724064214241]},"properties":{"OBJECTID_1":19,"OBJECTID":19,"Name":"PENSACOLA FAIRGROUNDS","Address":"6655 MOBILE HWY","City":"PENSACOLA","Zip":"32526","COUNTY":"Escambia","X":-87.31114263,"Y":30.47240642,"LONGLAT":"-87.31114263,30.47240642","USNG":"16R DU 70134 71174","OWNERSHIP":" ","PARCELID":"391S312201000000","FACILITY_T":"LOGISTICAL STAGING AREA","ADDRESSCIT":"6655 MOBILE HWY PENSACOLA , FL 32526","Asset_Elevation":null,"Owned_Maintained":" ","Asset":"LOGISTICAL STAGING AREA","Asset_Sub_Type":null,"Asset_Type":"Logistical Staging Areas","Asset_Group":"Critical Community and Emergency Facilities","Asset_Relevancy":"Locally Significant","Asset_ID":"LSA_PT_19","Municipality":null,"Water_Management_District":"Northwest Florida Water Management District","Souce_Dataset_Entity":"FDEM","Souce_Dataset_Name":"Logistical Staging Areas - FDEM","Source_Asset_ID":null,"Restricted_Public_Disclosure":null,"Notes":null,"Regional_Planning_Council":"Emerald Coast","FDEP_Regulatory_District":"Northwest District","RCP_Region":"Northwest","FDOT_District":3,"House_District_Number":1,"Senate_District_Number":1,"CTF_RL_2020":"Not Affected","CTF_RL_2040_IL":"Not Affected","CTF_RL_2040_INT":"Not Affected","CTF_RL_2070_IL":"Not Affected","CTF_RL_2070_INT":"Not Affected","SSF_RL_100YR_CURR":"Not Affected","SSF_RL_100YR_2040_IL":"Not Affected","SSF_RL_100YR_2040_INT":"Not Affected","SSF_RL_100YR_2070_IL":"Not Affected","SSF_RL_100YR_2070_INT":"Not Affected","SSF_RL_500YR_CURR":"Not Affected","SSF_RL_500YR_2040_IL":"Not Affected","SSF_RL_500YR_2040_INT":"Not Affected","SSF_RL_500YR_2070_IL":"Not Affected","SSF_RL_500YR_2070_INT":"Not Affected","RIF_RL_100YR_2020":"High","RIF_RL_100YR_2040":"High","RIF_RL_100YR_2070":"High","RIF_RL_500YR_2020":"High","RIF_RL_500YR_2040":"High","RIF_RL_500YR_2070":"High"}},{"type":"Feature","id":20,"geometry":{"type":"Point","coordinates":[-87.3350198373691,30.4626123539852]},"properties":{"OBJECTID_1":20,"OBJECTID":20,"Name":"SAUFLEY FIELD LSA","Address":"480 SPRAGUE AVE","City":"PENSACOLA","Zip":"32509","COUNTY":"Escambia","X":-87.33501984,"Y":30.46261235,"LONGLAT":"-87.33501984,30.46261235","USNG":"16R DU 67838 70096","OWNERSHIP":" ","PARCELID":" ","FACILITY_T":"LOGISTICAL STAGING AREA","ADDRESSCIT":"480 SPRAGUE AVE PENSACOLA , FL 32509","Asset_Elevation":null,"Owned_Maintained":" ","Asset":"LOGISTICAL STAGING AREA","Asset_Sub_Type":null,"Asset_Type":"Logistical Staging Areas","Asset_Group":"Critical Community and Emergency Facilities","Asset_Relevancy":"Locally Significant","Asset_ID":"LSA_PT_20","Municipality":null,"Water_Management_District":"Northwest Florida Water Management District","Souce_Dataset_Entity":"FDEM","Souce_Dataset_Name":"Logistical Staging Areas - FDEM","Source_Asset_ID":null,"Restricted_Public_Disclosure":null,"Notes":null,"Regional_Planning_Council":"Emerald Coast","FDEP_Regulatory_District":"Northwest District","RCP_Region":"Northwest","FDOT_District":3,"House_District_Number":1,"Senate_District_Number":1,"CTF_RL_2020":"Not Affected","CTF_RL_2040_IL":"Not Affected","CTF_RL_2040_INT":"Not Affected","CTF_RL_2070_IL":"Not Affected","CTF_RL_2070_INT":"Not Affected","SSF_RL_100YR_CURR":"Not Affected","SSF_RL_100YR_2040_IL":"Not Affected","SSF_RL_100YR_2040_INT":"Not Affected","SSF_RL_100YR_2070_IL":"Not Affected","SSF_RL_100YR_2070_INT":"Not Affected","SSF_RL_500YR_CURR":"Low","SSF_RL_500YR_2040_IL":"Low","SSF_RL_500YR_2040_INT":"Low","SSF_RL_500YR_2070_IL":"Low","SSF_RL_500YR_2070_INT":"Low","RIF_RL_100YR_2020":"High","RIF_RL_100YR_2040":"High","RIF_RL_100YR_2070":"High","RIF_RL_500YR_2020":"High","RIF_RL_500YR_2040":"High","RIF_RL_500YR_2070":"High"}},{"type":"Feature","id":21,"geometry":{"type":"Point","coordinates":[-87.1942668420189,30.4774126210322]},"properties":{"OBJECTID_1":21,"OBJECTID":21,"Name":"PENSACOLA REGIONAL AIRPORT","Address":"2430 AIRPORT BLVD","City":"PENSACOLA","Zip":"32504","COUNTY":"Escambia","X":-87.19426684,"Y":30.47741262,"LONGLAT":"-87.19426684,30.47741262","USNG":"16R DU 81353 71704","OWNERSHIP":"MUNICIPAL","PARCELID":"331S305101000000","FACILITY_T":"LOGISTICAL STAGING AREA","ADDRESSCIT":"2430 AIRPORT BLVD PENSACOLA , FL 32504","Asset_Elevation":null,"Owned_Maintained":"MUNICIPAL","Asset":"LOGISTICAL STAGING AREA","Asset_Sub_Type":null,"Asset_Type":"Logistical Staging Areas","Asset_Group":"Critical Community and Emergency Facilities","Asset_Relevancy":"Locally Significant","Asset_ID":"LSA_PT_21","Municipality":"Pensacola","Water_Management_District":"Northwest Florida Water Management District","Souce_Dataset_Entity":"FDEM","Souce_Dataset_Name":"Logistical Staging Areas - FDEM","Source_Asset_ID":null,"Restricted_Public_Disclosure":null,"Notes":null,"Regional_Planning_Council":"Emerald Coast","FDEP_Regulatory_District":"Northwest District","RCP_Region":"Northwest","FDOT_District":3,"House_District_Number":2,"Senate_District_Number":1,"CTF_RL_2020":"Low","CTF_RL_2040_IL":"Low","CTF_RL_2040_INT":"Low","CTF_RL_2070_IL":"Low","CTF_RL_2070_INT":"Low","SSF_RL_100YR_CURR":"Low","SSF_RL_100YR_2040_IL":"Low","SSF_RL_100YR_2040_INT":"Low","SSF_RL_100YR_2070_IL":"Low","SSF_RL_100YR_2070_INT":"Low","SSF_RL_500YR_CURR":"Low","SSF_RL_500YR_2040_IL":"Low","SSF_RL_500YR_2040_INT":"Low","SSF_RL_500YR_2070_IL":"Low","SSF_RL_500YR_2070_INT":"Low","RIF_RL_100YR_2020":"High","RIF_RL_100YR_2040":"High","RIF_RL_100YR_2070":"High","RIF_RL_500YR_2020":"High","RIF_RL_500YR_2040":"High","RIF_RL_500YR_2070":"High"}},{"type":"Feature","id":22,"geometry":{"type":"Point","coordinates":[-82.406082302778,28.5969488301653]},"properties":{"OBJECTID_1":22,"OBJECTID":22,"Name":"PASCO HERNANDO COMMUNITY COLLEGE NORTH","Address":"11417 PONCE DE LEON BLVD","City":"BROOKSVILLE","Zip":"34601","COUNTY":"Hernando","X":-82.4060823,"Y":28.59694883,"LONGLAT":"-82.40608230,28.59694883","USNG":"17R LM 62512 64139","OWNERSHIP":"SPECIAL TAXING DISTRICT","PARCELID":"R04 422 19 0000 0070 0031","FACILITY_T":"LOGISTICAL STAGING AREA","ADDRESSCIT":"11417 PONCE DE LEON BLVD BROOKSVILLE , FL 34601","Asset_Elevation":null,"Owned_Maintained":"SPECIAL TAXING DISTRICT","Asset":"LOGISTICAL STAGING AREA","Asset_Sub_Type":null,"Asset_Type":"Logistical Staging Areas","Asset_Group":"Critical Community and Emergency Facilities","Asset_Relevancy":"Locally Significant","Asset_ID":"LSA_PT_22","Municipality":null,"Water_Management_District":"Southwest Florida Water Management District","Souce_Dataset_Entity":"FDEM","Souce_Dataset_Name":"Logistical Staging Areas - FDEM","Source_Asset_ID":null,"Restricted_Public_Disclosure":null,"Notes":null,"Regional_Planning_Council":"Tampa Bay","FDEP_Regulatory_District":"Southwest District","RCP_Region":"Northwest","FDOT_District":7,"House_District_Number":52,"Senate_District_Number":11,"CTF_RL_2020":"Not Affected","CTF_RL_2040_IL":"Not Affected","CTF_RL_2040_INT":"Not Affected","CTF_RL_2070_IL":"Not Affected","CTF_RL_2070_INT":"Not Affected","SSF_RL_100YR_CURR":"Not Affected","SSF_RL_100YR_2040_IL":"Not Affected","SSF_RL_100YR_2040_INT":"Not Affected","SSF_RL_100YR_2070_IL":"Not Affected","SSF_RL_100YR_2070_INT":"Not Affected","SSF_RL_500YR_CURR":"Not Affected","SSF_RL_500YR_2040_IL":"Not Affected","SSF_RL_500YR_2040_INT":"Not Affected","SSF_RL_500YR_2070_IL":"Not Affected","SSF_RL_500YR_2070_INT":"Not Affected","RIF_RL_100YR_2020":"High","RIF_RL_100YR_2040":"High","RIF_RL_100YR_2070":"High","RIF_RL_500YR_2020":"High","RIF_RL_500YR_2040":"High","RIF_RL_500YR_2070":"High"}},{"type":"Feature","id":23,"geometry":{"type":"Point","coordinates":[-82.4095459997618,28.5248973767158]},"properties":{"OBJECTID_1":23,"OBJECTID":23,"Name":"HERNANDO COUNTY FAIRGROUNDS","Address":"6432 BROAD ST","City":"BROOKSVILLE","Zip":"34601","COUNTY":"Hernando","X":-82.409546,"Y":28.52489738,"LONGLAT":"-82.40954600,28.52489738","USNG":"17R LM 62079 56160","OWNERSHIP":"COUNTY","PARCELID":"R33 422 19 0000 0510 0000","FACILITY_T":"LOGISTICAL STAGING AREA","ADDRESSCIT":"6432 BROAD ST BROOKSVILLE , FL 34601","Asset_Elevation":null,"Owned_Maintained":"COUNTY","Asset":"LOGISTICAL STAGING AREA","Asset_Sub_Type":null,"Asset_Type":"Logistical Staging Areas","Asset_Group":"Critical Community and Emergency Facilities","Asset_Relevancy":"Locally Significant","Asset_ID":"LSA_PT_23","Municipality":"Brooksville","Water_Management_District":"Southwest Florida Water Management District","Souce_Dataset_Entity":"FDEM","Souce_Dataset_Name":"Logistical Staging Areas - FDEM","Source_Asset_ID":null,"Restricted_Public_Disclosure":null,"Notes":null,"Regional_Planning_Council":"Tampa Bay","FDEP_Regulatory_District":"Southwest District","RCP_Region":"Northwest","FDOT_District":7,"House_District_Number":52,"Senate_District_Number":11,"CTF_RL_2020":"Not Affected","CTF_RL_2040_IL":"Not Affected","CTF_RL_2040_INT":"Not Affected","CTF_RL_2070_IL":"Not Affected","CTF_RL_2070_INT":"Not Affected","SSF_RL_100YR_CURR":"Not Affected","SSF_RL_100YR_2040_IL":"Not Affected","SSF_RL_100YR_2040_INT":"Not Affected","SSF_RL_100YR_2070_IL":"Not Affected","SSF_RL_100YR_2070_INT":"Not Affected","SSF_RL_500YR_CURR":"Not Affected","SSF_RL_500YR_2040_IL":"Not Affected","SSF_RL_500YR_2040_INT":"Not Affected","SSF_RL_500YR_2070_IL":"Not Affected","SSF_RL_500YR_2070_INT":"Not Affected","RIF_RL_100YR_2020":"High","RIF_RL_100YR_2040":"High","RIF_RL_100YR_2070":"High","RIF_RL_500YR_2020":"High","RIF_RL_500YR_2040":"High","RIF_RL_500YR_2070":"High"}},{"type":"Feature","id":24,"geometry":{"type":"Point","coordinates":[-82.4549828383547,28.4682801493783]},"properties":{"OBJECTID_1":24,"OBJECTID":24,"Name":"HERNANDO COUNTY AIRPORT","Address":"2225 AMERICAN FLYER WAY","City":"BROOKSVILLE","Zip":"34604","COUNTY":"Hernando","X":-82.45498284,"Y":28.46828015,"LONGLAT":"-82.45498284,28.46828015","USNG":"17R LM 57557 49940","OWNERSHIP":"COUNTY","PARCELID":"R24 423 18 0000 0010 0000","FACILITY_T":"LOGISTICAL STAGING AREA","ADDRESSCIT":"2225 AMERICAN FLYER WAY BROOKSVILLE , FL 34604","Asset_Elevation":null,"Owned_Maintained":"COUNTY","Asset":"LOGISTICAL STAGING AREA","Asset_Sub_Type":null,"Asset_Type":"Logistical Staging Areas","Asset_Group":"Critical Community and Emergency Facilities","Asset_Relevancy":"Locally Significant","Asset_ID":"LSA_PT_24","Municipality":null,"Water_Management_District":"Southwest Florida Water Management District","Souce_Dataset_Entity":"FDEM","Souce_Dataset_Name":"Logistical Staging Areas - FDEM","Source_Asset_ID":null,"Restricted_Public_Disclosure":null,"Notes":null,"Regional_Planning_Council":"Tampa Bay","FDEP_Regulatory_District":"Southwest District","RCP_Region":"Northwest","FDOT_District":7,"House_District_Number":52,"Senate_District_Number":11,"CTF_RL_2020":"Not Affected","CTF_RL_2040_IL":"Not Affected","CTF_RL_2040_INT":"Not Affected","CTF_RL_2070_IL":"Not Affected","CTF_RL_2070_INT":"Not Affected","SSF_RL_100YR_CURR":"Not Affected","SSF_RL_100YR_2040_IL":"Not Affected","SSF_RL_100YR_2040_INT":"Not Affected","SSF_RL_100YR_2070_IL":"Not Affected","SSF_RL_100YR_2070_INT":"Not Affected","SSF_RL_500YR_CURR":"Not Affected","SSF_RL_500YR_2040_IL":"Not Affected","SSF_RL_500YR_2040_INT":"Not Affected","SSF_RL_500YR_2070_IL":"Not Affected","SSF_RL_500YR_2070_INT":"Not Affected","RIF_RL_100YR_2020":"High","RIF_RL_100YR_2040":"High","RIF_RL_100YR_2070":"High","RIF_RL_500YR_2020":"High","RIF_RL_500YR_2040":"High","RIF_RL_500YR_2070":"High"}},{"type":"Feature","id":25,"geometry":{"type":"Point","coordinates":[-82.5374704915712,28.5217459214789]},"properties":{"OBJECTID_1":25,"OBJECTID":25,"Name":"GULF RIDGE COUNCIL BOY SCOUT CAMP","Address":"6001 HUNT LN","City":"SPRING HILL","Zip":"34608","COUNTY":"Hernando","X":-82.53747049,"Y":28.52174592,"LONGLAT":"-82.53747049,28.52174592","USNG":"17R LM 49556 55965","OWNERSHIP":" ","PARCELID":"R31 422 18 0000 0020 0000","FACILITY_T":"LOGISTICAL STAGING AREA","ADDRESSCIT":"6001 HUNT LN SPRING HILL , FL 34608","Asset_Elevation":null,"Owned_Maintained":" ","Asset":"LOGISTICAL STAGING AREA","Asset_Sub_Type":null,"Asset_Type":"Logistical Staging Areas","Asset_Group":"Critical Community and Emergency Facilities","Asset_Relevancy":"Locally Significant","Asset_ID":"LSA_PT_25","Municipality":null,"Water_Management_District":"Southwest Florida Water Management District","Souce_Dataset_Entity":"FDEM","Souce_Dataset_Name":"Logistical Staging Areas - FDEM","Source_Asset_ID":null,"Restricted_Public_Disclosure":null,"Notes":null,"Regional_Planning_Council":"Tampa Bay","FDEP_Regulatory_District":"Southwest District","RCP_Region":"Northwest","FDOT_District":7,"House_District_Number":53,"Senate_District_Number":11,"CTF_RL_2020":"Not Affected","CTF_RL_2040_IL":"Not Affected","CTF_RL_2040_INT":"Not Affected","CTF_RL_2070_IL":"Not Affected","CTF_RL_2070_INT":"Not Affected","SSF_RL_100YR_CURR":"Not Affected","SSF_RL_100YR_2040_IL":"Not Affected","SSF_RL_100YR_2040_INT":"Not Affected","SSF_RL_100YR_2070_IL":"Not Affected","SSF_RL_100YR_2070_INT":"Not Affected","SSF_RL_500YR_CURR":"Not Affected","SSF_RL_500YR_2040_IL":"Not Affected","SSF_RL_500YR_2040_INT":"Not Affected","SSF_RL_500YR_2070_IL":"Not Affected","SSF_RL_500YR_2070_INT":"Not Affected","RIF_RL_100YR_2020":"High","RIF_RL_100YR_2040":"High","RIF_RL_100YR_2070":"High","RIF_RL_500YR_2020":"High","RIF_RL_500YR_2040":"High","RIF_RL_500YR_2070":"High"}},{"type":"Feature","id":26,"geometry":{"type":"Point","coordinates":[-82.3782428705564,28.5674493530331]},"properties":{"OBJECTID_1":26,"OBJECTID":26,"Name":"BROOKSVILLE ELEMENTARY SCHOOL","Address":"1036 VARSITY DR","City":"BROOKSVILLE","Zip":"34601","COUNTY":"Hernando","X":-82.37824287,"Y":28.56744935,"LONGLAT":"-82.37824287,28.56744935","USNG":"17R LM 65197 60839","OWNERSHIP":" ","PARCELID":" ","FACILITY_T":"LOGISTICAL STAGING AREA","ADDRESSCIT":"1036 VARSITY DR BROOKSVILLE , FL 34601","Asset_Elevation":null,"Owned_Maintained":" ","Asset":"LOGISTICAL STAGING AREA","Asset_Sub_Type":null,"Asset_Type":"Logistical Staging Areas","Asset_Group":"Critical Community and Emergency Facilities","Asset_Relevancy":"Locally Significant","Asset_ID":"LSA_PT_26","Municipality":"Brooksville","Water_Management_District":"Southwest Florida Water Management District","Souce_Dataset_Entity":"FDEM","Souce_Dataset_Name":"Logistical Staging Areas - FDEM","Source_Asset_ID":null,"Restricted_Public_Disclosure":null,"Notes":null,"Regional_Planning_Council":"Tampa Bay","FDEP_Regulatory_District":"Southwest District","RCP_Region":"Northwest","FDOT_District":7,"House_District_Number":52,"Senate_District_Number":11,"CTF_RL_2020":"Not Affected","CTF_RL_2040_IL":"Not Affected","CTF_RL_2040_INT":"Not Affected","CTF_RL_2070_IL":"Not Affected","CTF_RL_2070_INT":"Not Affected","SSF_RL_100YR_CURR":"Not Affected","SSF_RL_100YR_2040_IL":"Not Affected","SSF_RL_100YR_2040_INT":"Not Affected","SSF_RL_100YR_2070_IL":"Not Affected","SSF_RL_100YR_2070_INT":"Not Affected","SSF_RL_500YR_CURR":"Not Affected","SSF_RL_500YR_2040_IL":"Not Affected","SSF_RL_500YR_2040_INT":"Not Affected","SSF_RL_500YR_2070_IL":"Not Affected","SSF_RL_500YR_2070_INT":"Not Affected","RIF_RL_100YR_2020":"High","RIF_RL_100YR_2040":"High","RIF_RL_100YR_2070":"High","RIF_RL_500YR_2020":"High","RIF_RL_500YR_2040":"High","RIF_RL_500YR_2070":"High"}},{"type":"Feature","id":27,"geometry":{"type":"Point","coordinates":[-82.5092000000133,27.9752299988892]},"properties":{"OBJECTID_1":27,"OBJECTID":27,"Name":"HCC DALE MABRY CAMPUS STAGING AREA","Address":"4002 N DALE MABRY HW","City":"TAMPA","Zip":" ","COUNTY":"Hillsborough","X":-82.5092,"Y":27.97523,"LONGLAT":"-82.50920000,27.97523000","USNG":"17R LL 51568 95375","OWNERSHIP":" ","PARCELID":" ","FACILITY_T":"LOGISTICAL STAGING AREA","ADDRESSCIT":"4002 N DALE MABRY HW TAMPA , FL","Asset_Elevation":null,"Owned_Maintained":" ","Asset":"LOGISTICAL STAGING AREA","Asset_Sub_Type":null,"Asset_Type":"Logistical Staging Areas","Asset_Group":"Critical Community and Emergency Facilities","Asset_Relevancy":"Locally Significant","Asset_ID":"LSA_PT_27","Municipality":"Tampa","Water_Management_District":"Southwest Florida Water Management District","Souce_Dataset_Entity":"FDEM","Souce_Dataset_Name":"Logistical Staging Areas - FDEM","Source_Asset_ID":null,"Restricted_Public_Disclosure":null,"Notes":null,"Regional_Planning_Council":"Tampa Bay","FDEP_Regulatory_District":"Southwest District","RCP_Region":"Southwest","FDOT_District":7,"House_District_Number":64,"Senate_District_Number":14,"CTF_RL_2020":"Not Affected","CTF_RL_2040_IL":"Not Affected","CTF_RL_2040_INT":"Not Affected","CTF_RL_2070_IL":"Not Affected","CTF_RL_2070_INT":"Not Affected","SSF_RL_100YR_CURR":"Not Affected","SSF_RL_100YR_2040_IL":"Not Affected","SSF_RL_100YR_2040_INT":"Not Affected","SSF_RL_100YR_2070_IL":"Not Affected","SSF_RL_100YR_2070_INT":"Not Affected","SSF_RL_500YR_CURR":"Not Affected","SSF_RL_500YR_2040_IL":"Not Affected","SSF_RL_500YR_2040_INT":"Not Affected","SSF_RL_500YR_2070_IL":"Not Affected","SSF_RL_500YR_2070_INT":"Not Affected","RIF_RL_100YR_2020":"High","RIF_RL_100YR_2040":"High","RIF_RL_100YR_2070":"High","RIF_RL_500YR_2020":"High","RIF_RL_500YR_2040":"High","RIF_RL_500YR_2070":"High"}},{"type":"Feature","id":28,"geometry":{"type":"Point","coordinates":[-82.3646517415529,27.9897805062383]},"properties":{"OBJECTID_1":28,"OBJECTID":28,"Name":"FLORIDA EXPO FAIRGROUNDS","Address":"4800 US HWY 301 N","City":"TAMPA","Zip":"33610","COUNTY":"Hillsborough","X":-82.36465174,"Y":27.98978051,"LONGLAT":"-82.36465174,27.98978051","USNG":"17R LL 65804 96820","OWNERSHIP":" ","PARCELID":" ","FACILITY_T":"LOGISTICAL STAGING AREA","ADDRESSCIT":"4800 US HWY 301 N TAMPA , FL 33610","Asset_Elevation":null,"Owned_Maintained":" ","Asset":"LOGISTICAL STAGING AREA","Asset_Sub_Type":null,"Asset_Type":"Logistical Staging Areas","Asset_Group":"Critical Community and Emergency Facilities","Asset_Relevancy":"Locally Significant","Asset_ID":"LSA_PT_28","Municipality":null,"Water_Management_District":"Southwest Florida Water Management District","Souce_Dataset_Entity":"FDEM","Souce_Dataset_Name":"Logistical Staging Areas - FDEM","Source_Asset_ID":null,"Restricted_Public_Disclosure":null,"Notes":null,"Regional_Planning_Council":"Tampa Bay","FDEP_Regulatory_District":"Southwest District","RCP_Region":"Southwest","FDOT_District":7,"House_District_Number":63,"Senate_District_Number":16,"CTF_RL_2020":"Not Affected","CTF_RL_2040_IL":"Not Affected","CTF_RL_2040_INT":"Not Affected","CTF_RL_2070_IL":"Not Affected","CTF_RL_2070_INT":"Not Affected","SSF_RL_100YR_CURR":"Not Affected","SSF_RL_100YR_2040_IL":"Not Affected","SSF_RL_100YR_2040_INT":"Not Affected","SSF_RL_100YR_2070_IL":"Not Affected","SSF_RL_100YR_2070_INT":"Low","SSF_RL_500YR_CURR":"Low","SSF_RL_500YR_2040_IL":"Low","SSF_RL_500YR_2040_INT":"Low","SSF_RL_500YR_2070_IL":"Low","SSF_RL_500YR_2070_INT":"Low","RIF_RL_100YR_2020":"High","RIF_RL_100YR_2040":"High","RIF_RL_100YR_2070":"High","RIF_RL_500YR_2020":"High","RIF_RL_500YR_2040":"High","RIF_RL_500YR_2070":"High"}},{"type":"Feature","id":29,"geometry":{"type":"Point","coordinates":[-82.3447735983654,28.0116816256618]},"properties":{"OBJECTID_1":29,"OBJECTID":29,"Name":"VANDENBERG AIRPORT","Address":"6582 EUREKA SPRINGS RD","City":"TAMPA","Zip":"33610","COUNTY":"Hillsborough","X":-82.3447736,"Y":28.01168163,"LONGLAT":"-82.34477360,28.01168163","USNG":"17R LL 67785 99225","OWNERSHIP":"COUNTY","PARCELID":"202831ZZZ000002240700U","FACILITY_T":"LOGISTICAL STAGING AREA","ADDRESSCIT":"6582 EUREKA SPRINGS RD TAMPA , FL 33610","Asset_Elevation":null,"Owned_Maintained":"COUNTY","Asset":"LOGISTICAL STAGING AREA","Asset_Sub_Type":null,"Asset_Type":"Logistical Staging Areas","Asset_Group":"Critical Community and Emergency Facilities","Asset_Relevancy":"Locally Significant","Asset_ID":"LSA_PT_29","Municipality":null,"Water_Management_District":"Southwest Florida Water Management District","Souce_Dataset_Entity":"FDEM","Souce_Dataset_Name":"Logistical Staging Areas - FDEM","Source_Asset_ID":null,"Restricted_Public_Disclosure":null,"Notes":null,"Regional_Planning_Council":"Tampa Bay","FDEP_Regulatory_District":"Southwest District","RCP_Region":"Southwest","FDOT_District":7,"House_District_Number":63,"Senate_District_Number":16,"CTF_RL_2020":"Not Affected","CTF_RL_2040_IL":"Not Affected","CTF_RL_2040_INT":"Not Affected","CTF_RL_2070_IL":"Not Affected","CTF_RL_2070_INT":"Low","SSF_RL_100YR_CURR":"Low","SSF_RL_100YR_2040_IL":"Low","SSF_RL_100YR_2040_INT":"Low","SSF_RL_100YR_2070_IL":"Low","SSF_RL_100YR_2070_INT":"Low","SSF_RL_500YR_CURR":"Medium","SSF_RL_500YR_2040_IL":"Medium","SSF_RL_500YR_2040_INT":"Medium","SSF_RL_500YR_2070_IL":"Medium","SSF_RL_500YR_2070_INT":"High","RIF_RL_100YR_2020":"High","RIF_RL_100YR_2040":"High","RIF_RL_100YR_2070":"High","RIF_RL_500YR_2020":"High","RIF_RL_500YR_2040":"High","RIF_RL_500YR_2070":"High"}},{"type":"Feature","id":30,"geometry":{"type":"Point","coordinates":[-82.5288557303323,27.9706770932158]},"properties":{"OBJECTID_1":30,"OBJECTID":30,"Name":"TAMPA INTERNATIONAL AIRPORT","Address":"5020 W TAMPA BAY BLVD","City":"TAMPA","Zip":"33607","COUNTY":"Hillsborough","X":-82.52885573,"Y":27.97067709,"LONGLAT":"-82.52885573,27.97067709","USNG":"17R LL 49628 94895","OWNERSHIP":"COUNTY","PARCELID":"182907ZZZ000005454400A","FACILITY_T":"LOGISTICAL STAGING AREA","ADDRESSCIT":"5020 W TAMPA BAY BLVD TAMPA , FL 33607","Asset_Elevation":null,"Owned_Maintained":"COUNTY","Asset":"LOGISTICAL STAGING AREA","Asset_Sub_Type":null,"Asset_Type":"Logistical Staging Areas","Asset_Group":"Critical Community and Emergency Facilities","Asset_Relevancy":"Locally Significant","Asset_ID":"LSA_PT_30","Municipality":"Tampa","Water_Management_District":"Southwest Florida Water Management District","Souce_Dataset_Entity":"FDEM","Souce_Dataset_Name":"Logistical Staging Areas - FDEM","Source_Asset_ID":null,"Restricted_Public_Disclosure":null,"Notes":null,"Regional_Planning_Council":"Tampa Bay","FDEP_Regulatory_District":"Southwest District","RCP_Region":"Southwest","FDOT_District":7,"House_District_Number":64,"Senate_District_Number":14,"CTF_RL_2020":"Low","CTF_RL_2040_IL":"Low","CTF_RL_2040_INT":"Low","CTF_RL_2070_IL":"Low","CTF_RL_2070_INT":"Low","SSF_RL_100YR_CURR":"Low","SSF_RL_100YR_2040_IL":"Low","SSF_RL_100YR_2040_INT":"Low","SSF_RL_100YR_2070_IL":"Low","SSF_RL_100YR_2070_INT":"Low","SSF_RL_500YR_CURR":"Medium","SSF_RL_500YR_2040_IL":"Medium","SSF_RL_500YR_2040_INT":"Medium","SSF_RL_500YR_2070_IL":"Medium","SSF_RL_500YR_2070_INT":"Medium","RIF_RL_100YR_2020":"High","RIF_RL_100YR_2040":"High","RIF_RL_100YR_2070":"High","RIF_RL_500YR_2020":"High","RIF_RL_500YR_2040":"High","RIF_RL_500YR_2070":"High"}},{"type":"Feature","id":31,"geometry":{"type":"Point","coordinates":[-80.4428072260384,27.7347589304464]},"properties":{"OBJECTID_1":31,"OBJECTID":31,"Name":"HOBART PARK","Address":"5350 77TH ST","City":"VERO BEACH","Zip":"32967","COUNTY":"Indian River","X":-80.44280723,"Y":27.73475893,"LONGLAT":"-80.44280723,27.73475893","USNG":"17R NL 54918 67945","OWNERSHIP":"COUNTY","PARCELID":"31393300000500000003.0","FACILITY_T":"LOGISTICAL STAGING AREA","ADDRESSCIT":"5350 77TH ST VERO BEACH , FL 32967","Asset_Elevation":null,"Owned_Maintained":"COUNTY","Asset":"LOGISTICAL STAGING AREA","Asset_Sub_Type":null,"Asset_Type":"Logistical Staging Areas","Asset_Group":"Critical Community and Emergency Facilities","Asset_Relevancy":"Locally Significant","Asset_ID":"LSA_PT_31","Municipality":null,"Water_Management_District":"St. Johns River Water Management District","Souce_Dataset_Entity":"FDEM","Souce_Dataset_Name":"Logistical Staging Areas - FDEM","Source_Asset_ID":null,"Restricted_Public_Disclosure":null,"Notes":null,"Regional_Planning_Council":"Treasure Coast","FDEP_Regulatory_District":"Southeast District","RCP_Region":"Northeast","FDOT_District":4,"House_District_Number":34,"Senate_District_Number":29,"CTF_RL_2020":"Not Affected","CTF_RL_2040_IL":"Not Affected","CTF_RL_2040_INT":"Not Affected","CTF_RL_2070_IL":"Not Affected","CTF_RL_2070_INT":"Not Affected","SSF_RL_100YR_CURR":"Not Affected","SSF_RL_100YR_2040_IL":"Not Affected","SSF_RL_100YR_2040_INT":"Not Affected","SSF_RL_100YR_2070_IL":"Not Affected","SSF_RL_100YR_2070_INT":"Not Affected","SSF_RL_500YR_CURR":"Not Affected","SSF_RL_500YR_2040_IL":"Not Affected","SSF_RL_500YR_2040_INT":"Not Affected","SSF_RL_500YR_2070_IL":"Not Affected","SSF_RL_500YR_2070_INT":"Not Affected","RIF_RL_100YR_2020":"High","RIF_RL_100YR_2040":"High","RIF_RL_100YR_2070":"High","RIF_RL_500YR_2020":"High","RIF_RL_500YR_2040":"High","RIF_RL_500YR_2070":"High"}},{"type":"Feature","id":32,"geometry":{"type":"Point","coordinates":[-80.4875369275854,27.7789218738859]},"properties":{"OBJECTID_1":32,"OBJECTID":32,"Name":"BARBER STREET SPORTS COMPLEX","Address":"1115 BARBER ST","City":"SEBASTIAN","Zip":"32958","COUNTY":"Indian River","X":-80.48753693,"Y":27.77892187,"LONGLAT":"-80.48753693,27.77892187","USNG":"17R NL 50489 72818","OWNERSHIP":"MUNICIPAL","PARCELID":"31382400001208000001.0","FACILITY_T":"LOGISTICAL STAGING AREA","ADDRESSCIT":"1115 BARBER ST SEBASTIAN , FL 32958","Asset_Elevation":null,"Owned_Maintained":"MUNICIPAL","Asset":"LOGISTICAL STAGING AREA","Asset_Sub_Type":null,"Asset_Type":"Logistical Staging Areas","Asset_Group":"Critical Community and Emergency Facilities","Asset_Relevancy":"Locally Significant","Asset_ID":"LSA_PT_32","Municipality":"Sebastian","Water_Management_District":"St. Johns River Water Management District","Souce_Dataset_Entity":"FDEM","Souce_Dataset_Name":"Logistical Staging Areas - FDEM","Source_Asset_ID":null,"Restricted_Public_Disclosure":null,"Notes":null,"Regional_Planning_Council":"Treasure Coast","FDEP_Regulatory_District":"Southeast District","RCP_Region":"Northeast","FDOT_District":4,"House_District_Number":34,"Senate_District_Number":29,"CTF_RL_2020":"Not Affected","CTF_RL_2040_IL":"Not Affected","CTF_RL_2040_INT":"Not Affected","CTF_RL_2070_IL":"Not Affected","CTF_RL_2070_INT":"Not Affected","SSF_RL_100YR_CURR":"Not Affected","SSF_RL_100YR_2040_IL":"Not Affected","SSF_RL_100YR_2040_INT":"Not Affected","SSF_RL_100YR_2070_IL":"Not Affected","SSF_RL_100YR_2070_INT":"Not Affected","SSF_RL_500YR_CURR":"Not Affected","SSF_RL_500YR_2040_IL":"Not Affected","SSF_RL_500YR_2040_INT":"Not Affected","SSF_RL_500YR_2070_IL":"Not Affected","SSF_RL_500YR_2070_INT":"Not Affected","RIF_RL_100YR_2020":"High","RIF_RL_100YR_2040":"High","RIF_RL_100YR_2070":"High","RIF_RL_500YR_2020":"High","RIF_RL_500YR_2040":"High","RIF_RL_500YR_2070":"High"}},{"type":"Feature","id":33,"geometry":{"type":"Point","coordinates":[-80.4191176677995,27.6503778701654]},"properties":{"OBJECTID_1":33,"OBJECTID":33,"Name":"VERO BEACH MUNICIPAL AIRPORT","Address":"3400 CHEROKEE DR","City":"VERO BEACH","Zip":"32960","COUNTY":"Indian River","X":-80.41911767,"Y":27.65037787,"LONGLAT":"-80.41911767,27.65037787","USNG":"17R NL 57297 58608","OWNERSHIP":" ","PARCELID":"32392600011008000001.1","FACILITY_T":"LOGISTICAL STAGING AREA","ADDRESSCIT":"3400 CHEROKEE DR VERO BEACH , FL 32960","Asset_Elevation":null,"Owned_Maintained":" ","Asset":"LOGISTICAL STAGING AREA","Asset_Sub_Type":null,"Asset_Type":"Logistical Staging Areas","Asset_Group":"Critical Community and Emergency Facilities","Asset_Relevancy":"Locally Significant","Asset_ID":"LSA_PT_33","Municipality":"Vero Beach","Water_Management_District":"St. Johns River Water Management District","Souce_Dataset_Entity":"FDEM","Souce_Dataset_Name":"Logistical Staging Areas - FDEM","Source_Asset_ID":null,"Restricted_Public_Disclosure":null,"Notes":null,"Regional_Planning_Council":"Treasure Coast","FDEP_Regulatory_District":"Southeast District","RCP_Region":"Northeast","FDOT_District":4,"House_District_Number":34,"Senate_District_Number":29,"CTF_RL_2020":"Not Affected","CTF_RL_2040_IL":"Not Affected","CTF_RL_2040_INT":"Not Affected","CTF_RL_2070_IL":"Not Affected","CTF_RL_2070_INT":"Not Affected","SSF_RL_100YR_CURR":"Not Affected","SSF_RL_100YR_2040_IL":"Not Affected","SSF_RL_100YR_2040_INT":"Not Affected","SSF_RL_100YR_2070_IL":"Not Affected","SSF_RL_100YR_2070_INT":"Not Affected","SSF_RL_500YR_CURR":"Not Affected","SSF_RL_500YR_2040_IL":"Not Affected","SSF_RL_500YR_2040_INT":"Not Affected","SSF_RL_500YR_2070_IL":"Not Affected","SSF_RL_500YR_2070_INT":"Not Affected","RIF_RL_100YR_2020":"High","RIF_RL_100YR_2040":"High","RIF_RL_100YR_2070":"High","RIF_RL_500YR_2020":"High","RIF_RL_500YR_2040":"High","RIF_RL_500YR_2070":"High"}},{"type":"Feature","id":34,"geometry":{"type":"Point","coordinates":[-85.2941733608811,30.7825780949983]},"properties":{"OBJECTID_1":34,"OBJECTID":34,"Name":"JACKSON COUNTY AGRICULTURAL CENTER","Address":"3631 HWY 90","City":"MARIANNA","Zip":"32448","COUNTY":"Jackson","X":-85.29417336,"Y":30.7825781,"LONGLAT":"-85.29417336,30.78257810","USNG":"16R FV 63228 06750","OWNERSHIP":"COUNTY","PARCELID":"36-5N-11-0000-0140-0000","FACILITY_T":"LOGISTICAL STAGING AREA","ADDRESSCIT":"3631 HWY 90 MARIANNA , FL 32448","Asset_Elevation":null,"Owned_Maintained":"COUNTY","Asset":"LOGISTICAL STAGING AREA","Asset_Sub_Type":null,"Asset_Type":"Logistical Staging Areas","Asset_Group":"Critical Community and Emergency Facilities","Asset_Relevancy":"Locally Significant","Asset_ID":"LSA_PT_34","Municipality":null,"Water_Management_District":"Northwest Florida Water Management District","Souce_Dataset_Entity":"FDEM","Souce_Dataset_Name":"Logistical Staging Areas - FDEM","Source_Asset_ID":null,"Restricted_Public_Disclosure":null,"Notes":null,"Regional_Planning_Council":"Apalachee","FDEP_Regulatory_District":"Northwest District","RCP_Region":"Northwest","FDOT_District":3,"House_District_Number":5,"Senate_District_Number":2,"CTF_RL_2020":"Not Affected","CTF_RL_2040_IL":"Not Affected","CTF_RL_2040_INT":"Not Affected","CTF_RL_2070_IL":"Not Affected","CTF_RL_2070_INT":"Not Affected","SSF_RL_100YR_CURR":"Not Affected","SSF_RL_100YR_2040_IL":"Not Affected","SSF_RL_100YR_2040_INT":"Not Affected","SSF_RL_100YR_2070_IL":"Not Affected","SSF_RL_100YR_2070_INT":"Not Affected","SSF_RL_500YR_CURR":"Not Affected","SSF_RL_500YR_2040_IL":"Not Affected","SSF_RL_500YR_2040_INT":"Not Affected","SSF_RL_500YR_2070_IL":"Not Affected","SSF_RL_500YR_2070_INT":"Not Affected","RIF_RL_100YR_2020":"High","RIF_RL_100YR_2040":"High","RIF_RL_100YR_2070":"High","RIF_RL_500YR_2020":"High","RIF_RL_500YR_2040":"High","RIF_RL_500YR_2070":"High"}},{"type":"Feature","id":35,"geometry":{"type":"Point","coordinates":[-81.8682275790342,26.6016858586843]},"properties":{"OBJECTID_1":35,"OBJECTID":35,"Name":"EDISON MALL","Address":"4125 CLEVELAND AVE","City":"FORT MYERS","Zip":"33901","COUNTY":"Lee","X":-81.86822758,"Y":26.60168586,"LONGLAT":"-81.86822758,26.60168586","USNG":"17R MK 13555 42612","OWNERSHIP":"COUNTY","PARCELID":" ","FACILITY_T":"LOGISTICAL STAGING AREA","ADDRESSCIT":"4125 CLEVELAND AVE FORT MYERS , FL 33901","Asset_Elevation":null,"Owned_Maintained":"COUNTY","Asset":"LOGISTICAL STAGING AREA","Asset_Sub_Type":null,"Asset_Type":"Logistical Staging Areas","Asset_Group":"Critical Community and Emergency Facilities","Asset_Relevancy":"Locally Significant","Asset_ID":"LSA_PT_35","Municipality":"Fort Myers","Water_Management_District":"South Florida Water Management District","Souce_Dataset_Entity":"FDEM","Souce_Dataset_Name":"Logistical Staging Areas - FDEM","Source_Asset_ID":null,"Restricted_Public_Disclosure":null,"Notes":null,"Regional_Planning_Council":"Southwest Florida","FDEP_Regulatory_District":"South District","RCP_Region":"Southwest","FDOT_District":1,"House_District_Number":78,"Senate_District_Number":33,"CTF_RL_2020":"Not Affected","CTF_RL_2040_IL":"Not Affected","CTF_RL_2040_INT":"Not Affected","CTF_RL_2070_IL":"Not Affected","CTF_RL_2070_INT":"Low","SSF_RL_100YR_CURR":"Low","SSF_RL_100YR_2040_IL":"Low","SSF_RL_100YR_2040_INT":"Low","SSF_RL_100YR_2070_IL":"Low","SSF_RL_100YR_2070_INT":"Low","SSF_RL_500YR_CURR":"Low","SSF_RL_500YR_2040_IL":"Low","SSF_RL_500YR_2040_INT":"Low","SSF_RL_500YR_2070_IL":"Low","SSF_RL_500YR_2070_INT":"Low","RIF_RL_100YR_2020":"High","RIF_RL_100YR_2040":"High","RIF_RL_100YR_2070":"High","RIF_RL_500YR_2020":"High","RIF_RL_500YR_2040":"High","RIF_RL_500YR_2070":"High"}},{"type":"Feature","id":36,"geometry":{"type":"Point","coordinates":[-81.7092038687311,26.6432315482634]},"properties":{"OBJECTID_1":36,"OBJECTID":36,"Name":"LEE COUNTY MOSQUITO CONTROL DISTRICT","Address":"6550-6580 FELIX ROMANO AVE","City":"FORT MYERS","Zip":"33905","COUNTY":"Lee","X":-81.70920387,"Y":26.64323155,"LONGLAT":"-81.70920387,26.64323155","USNG":"17R MK 29414 47116","OWNERSHIP":" ","PARCELID":" ","FACILITY_T":"LOGISTICAL STAGING AREA","ADDRESSCIT":"6550-6580 FELIX ROMANO AVE FORT MYERS , FL 33905","Asset_Elevation":null,"Owned_Maintained":" ","Asset":"LOGISTICAL STAGING AREA","Asset_Sub_Type":null,"Asset_Type":"Logistical Staging Areas","Asset_Group":"Critical Community and Emergency Facilities","Asset_Relevancy":"Locally Significant","Asset_ID":"LSA_PT_36","Municipality":null,"Water_Management_District":"South Florida Water Management District","Souce_Dataset_Entity":"FDEM","Souce_Dataset_Name":"Logistical Staging Areas - FDEM","Source_Asset_ID":null,"Restricted_Public_Disclosure":null,"Notes":null,"Regional_Planning_Council":"Southwest Florida","FDEP_Regulatory_District":"South District","RCP_Region":"Southwest","FDOT_District":1,"House_District_Number":77,"Senate_District_Number":27,"CTF_RL_2020":"Not Affected","CTF_RL_2040_IL":"Not Affected","CTF_RL_2040_INT":"Not Affected","CTF_RL_2070_IL":"Not Affected","CTF_RL_2070_INT":"Not Affected","SSF_RL_100YR_CURR":"Not Affected","SSF_RL_100YR_2040_IL":"Not Affected","SSF_RL_100YR_2040_INT":"Not Affected","SSF_RL_100YR_2070_IL":"Not Affected","SSF_RL_100YR_2070_INT":"Not Affected","SSF_RL_500YR_CURR":"Not Affected","SSF_RL_500YR_2040_IL":"Not Affected","SSF_RL_500YR_2040_INT":"Not Affected","SSF_RL_500YR_2070_IL":"Not Affected","SSF_RL_500YR_2070_INT":"Not Affected","RIF_RL_100YR_2020":"High","RIF_RL_100YR_2040":"High","RIF_RL_100YR_2070":"High","RIF_RL_500YR_2020":"High","RIF_RL_500YR_2040":"High","RIF_RL_500YR_2070":"High"}},{"type":"Feature","id":37,"geometry":{"type":"Point","coordinates":[-81.836674824446,26.4778034765358]},"properties":{"OBJECTID_1":37,"OBJECTID":37,"Name":"US41 @ CONSTITUTION","Address":"18011 S TAMIAMI TRL","City":"FORT MYERS","Zip":" ","COUNTY":"Lee","X":0,"Y":0,"LONGLAT":" ","USNG":" ","OWNERSHIP":" ","PARCELID":" ","FACILITY_T":"LOGISTICAL STAGING AREA","ADDRESSCIT":"18011 S TAMIAMI TRL FORT MYERS , FL","Asset_Elevation":null,"Owned_Maintained":" ","Asset":"LOGISTICAL STAGING AREA","Asset_Sub_Type":null,"Asset_Type":"Logistical Staging Areas","Asset_Group":"Critical Community and Emergency Facilities","Asset_Relevancy":"Locally Significant","Asset_ID":"LSA_PT_37","Municipality":null,"Water_Management_District":"South Florida Water Management District","Souce_Dataset_Entity":"FDEM","Souce_Dataset_Name":"Logistical Staging Areas - FDEM","Source_Asset_ID":null,"Restricted_Public_Disclosure":null,"Notes":null,"Regional_Planning_Council":"Southwest Florida","FDEP_Regulatory_District":"South District","RCP_Region":"Southwest","FDOT_District":1,"House_District_Number":77,"Senate_District_Number":33,"CTF_RL_2020":"Not Affected","CTF_RL_2040_IL":"Not Affected","CTF_RL_2040_INT":"Not Affected","CTF_RL_2070_IL":"Not Affected","CTF_RL_2070_INT":"High","SSF_RL_100YR_CURR":"High","SSF_RL_100YR_2040_IL":"High","SSF_RL_100YR_2040_INT":"High","SSF_RL_100YR_2070_IL":"High","SSF_RL_100YR_2070_INT":"High","SSF_RL_500YR_CURR":"High","SSF_RL_500YR_2040_IL":"High","SSF_RL_500YR_2040_INT":"High","SSF_RL_500YR_2070_IL":"High","SSF_RL_500YR_2070_INT":"High","RIF_RL_100YR_2020":"High","RIF_RL_100YR_2040":"High","RIF_RL_100YR_2070":"High","RIF_RL_500YR_2020":"High","RIF_RL_500YR_2040":"High","RIF_RL_500YR_2070":"High"}},{"type":"Feature","id":38,"geometry":{"type":"Point","coordinates":[-81.9021746519172,26.686869687388]},"properties":{"OBJECTID_1":38,"OBJECTID":38,"Name":"MERCHANT'S CROSSING","Address":"15201 N CLEVELAND AVE","City":"FORT MYERS","Zip":" ","COUNTY":"Lee","X":0,"Y":0,"LONGLAT":" ","USNG":" ","OWNERSHIP":" ","PARCELID":" ","FACILITY_T":"LOGISTICAL STAGING AREA","ADDRESSCIT":"15201 N CLEVELAND AVE FORT MYERS , FL","Asset_Elevation":null,"Owned_Maintained":" ","Asset":"LOGISTICAL STAGING AREA","Asset_Sub_Type":null,"Asset_Type":"Logistical Staging Areas","Asset_Group":"Critical Community and Emergency Facilities","Asset_Relevancy":"Locally Significant","Asset_ID":"LSA_PT_38","Municipality":null,"Water_Management_District":"South Florida Water Management District","Souce_Dataset_Entity":"FDEM","Souce_Dataset_Name":"Logistical Staging Areas - FDEM","Source_Asset_ID":null,"Restricted_Public_Disclosure":null,"Notes":null,"Regional_Planning_Council":"Southwest Florida","FDEP_Regulatory_District":"South District","RCP_Region":"Southwest","FDOT_District":1,"House_District_Number":76,"Senate_District_Number":33,"CTF_RL_2020":"Not Affected","CTF_RL_2040_IL":"Not Affected","CTF_RL_2040_INT":"Not Affected","CTF_RL_2070_IL":"Not Affected","CTF_RL_2070_INT":"Not Affected","SSF_RL_100YR_CURR":"Not Affected","SSF_RL_100YR_2040_IL":"Not Affected","SSF_RL_100YR_2040_INT":"Not Affected","SSF_RL_100YR_2070_IL":"Not Affected","SSF_RL_100YR_2070_INT":"Not Affected","SSF_RL_500YR_CURR":"Low","SSF_RL_500YR_2040_IL":"Low","SSF_RL_500YR_2040_INT":"Low","SSF_RL_500YR_2070_IL":"Low","SSF_RL_500YR_2070_INT":"Low","RIF_RL_100YR_2020":"High","RIF_RL_100YR_2040":"High","RIF_RL_100YR_2070":"High","RIF_RL_500YR_2020":"High","RIF_RL_500YR_2040":"High","RIF_RL_500YR_2070":"High"}},{"type":"Feature","id":39,"geometry":{"type":"Point","coordinates":[-81.7081049996504,26.6418959991202]},"properties":{"OBJECTID_1":39,"OBJECTID":39,"Name":"LEE COUNTY MOSQUITO FIELD AREA BASE CAMP-LSA","Address":"15191 HOMESTEAD ROAD","City":"LEHIGH ACRES","Zip":"33971","COUNTY":"Lee","X":-81.708105,"Y":26.641896,"LONGLAT":"-81.70810500,26.64189600","USNG":"17R MK 29522 46968","OWNERSHIP":" ","PARCELID":" ","FACILITY_T":"LOGISTICAL STAGING AREA","ADDRESSCIT":"15191 HOMESTEAD ROAD LEHIGH ACRES , FL 33971","Asset_Elevation":null,"Owned_Maintained":" ","Asset":"LOGISTICAL STAGING AREA","Asset_Sub_Type":null,"Asset_Type":"Logistical Staging Areas","Asset_Group":"Critical Community and Emergency Facilities","Asset_Relevancy":"Locally Significant","Asset_ID":"LSA_PT_39","Municipality":null,"Water_Management_District":"South Florida Water Management District","Souce_Dataset_Entity":"FDEM","Souce_Dataset_Name":"Logistical Staging Areas - FDEM","Source_Asset_ID":null,"Restricted_Public_Disclosure":null,"Notes":null,"Regional_Planning_Council":"Southwest Florida","FDEP_Regulatory_District":"South District","RCP_Region":"Southwest","FDOT_District":1,"House_District_Number":77,"Senate_District_Number":27,"CTF_RL_2020":"Not Affected","CTF_RL_2040_IL":"Not Affected","CTF_RL_2040_INT":"Not Affected","CTF_RL_2070_IL":"Not Affected","CTF_RL_2070_INT":"Not Affected","SSF_RL_100YR_CURR":"Not Affected","SSF_RL_100YR_2040_IL":"Not Affected","SSF_RL_100YR_2040_INT":"Not Affected","SSF_RL_100YR_2070_IL":"Not Affected","SSF_RL_100YR_2070_INT":"Not Affected","SSF_RL_500YR_CURR":"Not Affected","SSF_RL_500YR_2040_IL":"Not Affected","SSF_RL_500YR_2040_INT":"Not Affected","SSF_RL_500YR_2070_IL":"Not Affected","SSF_RL_500YR_2070_INT":"Not Affected","RIF_RL_100YR_2020":"High","RIF_RL_100YR_2040":"High","RIF_RL_100YR_2070":"High","RIF_RL_500YR_2020":"High","RIF_RL_500YR_2040":"High","RIF_RL_500YR_2070":"High"}},{"type":"Feature","id":40,"geometry":{"type":"Point","coordinates":[-81.8766190738629,26.5568626317239]},"properties":{"OBJECTID_1":40,"OBJECTID":40,"Name":"PARAMOUNT TRANSPORTATION LOGISTICS","Address":"7290 COLLEGE PKWY","City":"FORT MYERS","Zip":"33907","COUNTY":"Lee","X":-81.87661907,"Y":26.55686263,"LONGLAT":"-81.87661907,26.55686263","USNG":"17R MK 12685 37653","OWNERSHIP":" ","PARCELID":" ","FACILITY_T":"LOGISTICAL STAGING AREA","ADDRESSCIT":"7290 COLLEGE PKWY FORT MYERS , FL 33907","Asset_Elevation":null,"Owned_Maintained":" ","Asset":"LOGISTICAL STAGING AREA","Asset_Sub_Type":null,"Asset_Type":"Logistical Staging Areas","Asset_Group":"Critical Community and Emergency Facilities","Asset_Relevancy":"Locally Significant","Asset_ID":"LSA_PT_40","Municipality":null,"Water_Management_District":"South Florida Water Management District","Souce_Dataset_Entity":"FDEM","Souce_Dataset_Name":"Logistical Staging Areas - FDEM","Source_Asset_ID":null,"Restricted_Public_Disclosure":null,"Notes":null,"Regional_Planning_Council":"Southwest Florida","FDEP_Regulatory_District":"South District","RCP_Region":"Southwest","FDOT_District":1,"House_District_Number":78,"Senate_District_Number":33,"CTF_RL_2020":"Not Affected","CTF_RL_2040_IL":"Not Affected","CTF_RL_2040_INT":"Not Affected","CTF_RL_2070_IL":"Not Affected","CTF_RL_2070_INT":"High","SSF_RL_100YR_CURR":"High","SSF_RL_100YR_2040_IL":"High","SSF_RL_100YR_2040_INT":"High","SSF_RL_100YR_2070_IL":"High","SSF_RL_100YR_2070_INT":"High","SSF_RL_500YR_CURR":"High","SSF_RL_500YR_2040_IL":"High","SSF_RL_500YR_2040_INT":"High","SSF_RL_500YR_2070_IL":"High","SSF_RL_500YR_2070_INT":"High","RIF_RL_100YR_2020":"High","RIF_RL_100YR_2040":"High","RIF_RL_100YR_2070":"High","RIF_RL_500YR_2020":"High","RIF_RL_500YR_2040":"High","RIF_RL_500YR_2070":"High"}},{"type":"Feature","id":41,"geometry":{"type":"Point","coordinates":[-81.9053511282613,26.72434696094]},"properties":{"OBJECTID_1":41,"OBJECTID":41,"Name":"PUBLIX NFM","Address":"17940 N TAMIAMI TRL","City":"FORT MYERS","Zip":" ","COUNTY":"Lee","X":0,"Y":0,"LONGLAT":" ","USNG":" ","OWNERSHIP":" ","PARCELID":" ","FACILITY_T":"LOGISTICAL STAGING AREA","ADDRESSCIT":"17940 N TAMIAMI TRL FORT MYERS , FL","Asset_Elevation":null,"Owned_Maintained":" ","Asset":"LOGISTICAL STAGING AREA","Asset_Sub_Type":null,"Asset_Type":"Logistical Staging Areas","Asset_Group":"Critical Community and Emergency Facilities","Asset_Relevancy":"Locally Significant","Asset_ID":"LSA_PT_41","Municipality":null,"Water_Management_District":"South Florida Water Management District","Souce_Dataset_Entity":"FDEM","Souce_Dataset_Name":"Logistical Staging Areas - FDEM","Source_Asset_ID":null,"Restricted_Public_Disclosure":null,"Notes":null,"Regional_Planning_Council":"Southwest Florida","FDEP_Regulatory_District":"South District","RCP_Region":"Southwest","FDOT_District":1,"House_District_Number":76,"Senate_District_Number":27,"CTF_RL_2020":"Not Affected","CTF_RL_2040_IL":"Not Affected","CTF_RL_2040_INT":"Not Affected","CTF_RL_2070_IL":"Not Affected","CTF_RL_2070_INT":"Not Affected","SSF_RL_100YR_CURR":"Not Affected","SSF_RL_100YR_2040_IL":"Not Affected","SSF_RL_100YR_2040_INT":"Not Affected","SSF_RL_100YR_2070_IL":"Not Affected","SSF_RL_100YR_2070_INT":"Not Affected","SSF_RL_500YR_CURR":"Not Affected","SSF_RL_500YR_2040_IL":"Not Affected","SSF_RL_500YR_2040_INT":"Not Affected","SSF_RL_500YR_2070_IL":"Not Affected","SSF_RL_500YR_2070_INT":"Not Affected","RIF_RL_100YR_2020":"High","RIF_RL_100YR_2040":"High","RIF_RL_100YR_2070":"High","RIF_RL_500YR_2020":"High","RIF_RL_500YR_2040":"High","RIF_RL_500YR_2070":"High"}},{"type":"Feature","id":42,"geometry":{"type":"Point","coordinates":[-81.9759852947269,26.6493247817393]},"properties":{"OBJECTID_1":42,"OBJECTID":42,"Name":"SANTA BARBARA @ PINE  ISLAND ROAD PUBLIX","Address":"30 HANCOCK BRIDGE PKWY W","City":"CAPE CORAL","Zip":" ","COUNTY":"Lee","X":0,"Y":0,"LONGLAT":" ","USNG":" ","OWNERSHIP":" ","PARCELID":" ","FACILITY_T":"LOGISTICAL STAGING AREA","ADDRESSCIT":"30 HANCOCK BRIDGE PKWY W CAPE CORAL , FL","Asset_Elevation":null,"Owned_Maintained":" ","Asset":"LOGISTICAL STAGING AREA","Asset_Sub_Type":null,"Asset_Type":"Logistical Staging Areas","Asset_Group":"Critical Community and Emergency Facilities","Asset_Relevancy":"Locally Significant","Asset_ID":"LSA_PT_42","Municipality":"Cape Coral","Water_Management_District":"South Florida Water Management District","Souce_Dataset_Entity":"FDEM","Souce_Dataset_Name":"Logistical Staging Areas - FDEM","Source_Asset_ID":null,"Restricted_Public_Disclosure":null,"Notes":null,"Regional_Planning_Council":"Southwest Florida","FDEP_Regulatory_District":"South District","RCP_Region":"Southwest","FDOT_District":1,"House_District_Number":79,"Senate_District_Number":33,"CTF_RL_2020":"Not Affected","CTF_RL_2040_IL":"Not Affected","CTF_RL_2040_INT":"Not Affected","CTF_RL_2070_IL":"Low","CTF_RL_2070_INT":"Low","SSF_RL_100YR_CURR":"Low","SSF_RL_100YR_2040_IL":"Low","SSF_RL_100YR_2040_INT":"Low","SSF_RL_100YR_2070_IL":"Low","SSF_RL_100YR_2070_INT":"Low","SSF_RL_500YR_CURR":"Medium","SSF_RL_500YR_2040_IL":"Medium","SSF_RL_500YR_2040_INT":"Medium","SSF_RL_500YR_2070_IL":"High","SSF_RL_500YR_2070_INT":"High","RIF_RL_100YR_2020":"High","RIF_RL_100YR_2040":"High","RIF_RL_100YR_2070":"High","RIF_RL_500YR_2020":"High","RIF_RL_500YR_2040":"High","RIF_RL_500YR_2070":"High"}},{"type":"Feature","id":43,"geometry":{"type":"Point","coordinates":[-81.7642002202963,26.7230239313594]},"properties":{"OBJECTID_1":43,"OBJECTID":43,"Name":"Lee County Fairground","Address":"11831 BAYSHORE RD","City":"NORTH FORT MYERS","Zip":"33917","COUNTY":"Lee","X":-81.76420022,"Y":26.72302393,"LONGLAT":"-81.76420022,26.72302393","USNG":"17R MK 23993 55986","OWNERSHIP":" ","PARCELID":" ","FACILITY_T":"LOGISTICAL STAGING AREA","ADDRESSCIT":"11831 BAYSHORE RD NORTH FORT MYERS , FL 33917","Asset_Elevation":null,"Owned_Maintained":" ","Asset":"LOGISTICAL STAGING AREA","Asset_Sub_Type":null,"Asset_Type":"Logistical Staging Areas","Asset_Group":"Critical Community and Emergency Facilities","Asset_Relevancy":"Locally Significant","Asset_ID":"LSA_PT_43","Municipality":null,"Water_Management_District":"South Florida Water Management District","Souce_Dataset_Entity":"FDEM","Souce_Dataset_Name":"Logistical Staging Areas - FDEM","Source_Asset_ID":null,"Restricted_Public_Disclosure":null,"Notes":null,"Regional_Planning_Council":"Southwest Florida","FDEP_Regulatory_District":"South District","RCP_Region":"Southwest","FDOT_District":1,"House_District_Number":76,"Senate_District_Number":27,"CTF_RL_2020":"Low","CTF_RL_2040_IL":"Low","CTF_RL_2040_INT":"Low","CTF_RL_2070_IL":"Medium","CTF_RL_2070_INT":"High","SSF_RL_100YR_CURR":"High","SSF_RL_100YR_2040_IL":"High","SSF_RL_100YR_2040_INT":"High","SSF_RL_100YR_2070_IL":"High","SSF_RL_100YR_2070_INT":"High","SSF_RL_500YR_CURR":"High","SSF_RL_500YR_2040_IL":"High","SSF_RL_500YR_2040_INT":"High","SSF_RL_500YR_2070_IL":"High","SSF_RL_500YR_2070_INT":"High","RIF_RL_100YR_2020":"High","RIF_RL_100YR_2040":"High","RIF_RL_100YR_2070":"High","RIF_RL_500YR_2020":"High","RIF_RL_500YR_2040":"High","RIF_RL_500YR_2070":"High"}},{"type":"Feature","id":44,"geometry":{"type":"Point","coordinates":[-81.8095340941777,26.4078533087944]},"properties":{"OBJECTID_1":44,"OBJECTID":44,"Name":"COCONUT POINT MALL","Address":"23106 FASHION DR","City":"ESTERO","Zip":" ","COUNTY":"Lee","X":0,"Y":0,"LONGLAT":" ","USNG":" ","OWNERSHIP":" ","PARCELID":" ","FACILITY_T":"LOGISTICAL STAGING AREA","ADDRESSCIT":"23106 FASHION DR ESTERO , FL","Asset_Elevation":null,"Owned_Maintained":" ","Asset":"LOGISTICAL STAGING AREA","Asset_Sub_Type":null,"Asset_Type":"Logistical Staging Areas","Asset_Group":"Critical Community and Emergency Facilities","Asset_Relevancy":"Locally Significant","Asset_ID":"LSA_PT_44","Municipality":"Estero","Water_Management_District":"South Florida Water Management District","Souce_Dataset_Entity":"FDEM","Souce_Dataset_Name":"Logistical Staging Areas - FDEM","Source_Asset_ID":null,"Restricted_Public_Disclosure":null,"Notes":null,"Regional_Planning_Council":"Southwest Florida","FDEP_Regulatory_District":"South District","RCP_Region":"Southwest","FDOT_District":1,"House_District_Number":80,"Senate_District_Number":33,"CTF_RL_2020":"Not Affected","CTF_RL_2040_IL":"Not Affected","CTF_RL_2040_INT":"Not Affected","CTF_RL_2070_IL":"Not Affected","CTF_RL_2070_INT":"Low","SSF_RL_100YR_CURR":"Low","SSF_RL_100YR_2040_IL":"Low","SSF_RL_100YR_2040_INT":"Low","SSF_RL_100YR_2070_IL":"Low","SSF_RL_100YR_2070_INT":"Low","SSF_RL_500YR_CURR":"Low","SSF_RL_500YR_2040_IL":"Low","SSF_RL_500YR_2040_INT":"Low","SSF_RL_500YR_2070_IL":"Medium","SSF_RL_500YR_2070_INT":"High","RIF_RL_100YR_2020":"High","RIF_RL_100YR_2040":"High","RIF_RL_100YR_2070":"High","RIF_RL_500YR_2020":"High","RIF_RL_500YR_2040":"High","RIF_RL_500YR_2070":"High"}},{"type":"Feature","id":45,"geometry":{"type":"Point","coordinates":[-81.708187652369,26.6460781878561]},"properties":{"OBJECTID_1":45,"OBJECTID":45,"Name":"BUCKINGHAM FIELD","Address":" ","City":"FORT MYERS","Zip":"33905","COUNTY":"Lee","X":-81.70818765,"Y":26.64607819,"LONGLAT":"-81.70818765,26.64607819","USNG":"17R MK 29517 47431","OWNERSHIP":"MUNICIPAL","PARCELID":"15442601000170110","FACILITY_T":"LOGISTICAL STAGING AREA","ADDRESSCIT":"  FORT MYERS , FL 33905","Asset_Elevation":null,"Owned_Maintained":"MUNICIPAL","Asset":"LOGISTICAL STAGING AREA","Asset_Sub_Type":null,"Asset_Type":"Logistical Staging Areas","Asset_Group":"Critical Community and Emergency Facilities","Asset_Relevancy":"Locally Significant","Asset_ID":"LSA_PT_45","Municipality":null,"Water_Management_District":"South Florida Water Management District","Souce_Dataset_Entity":"FDEM","Souce_Dataset_Name":"Logistical Staging Areas - FDEM","Source_Asset_ID":null,"Restricted_Public_Disclosure":null,"Notes":null,"Regional_Planning_Council":"Southwest Florida","FDEP_Regulatory_District":"South District","RCP_Region":"Southwest","FDOT_District":1,"House_District_Number":77,"Senate_District_Number":27,"CTF_RL_2020":"Not Affected","CTF_RL_2040_IL":"Not Affected","CTF_RL_2040_INT":"Not Affected","CTF_RL_2070_IL":"Not Affected","CTF_RL_2070_INT":"Not Affected","SSF_RL_100YR_CURR":"Not Affected","SSF_RL_100YR_2040_IL":"Not Affected","SSF_RL_100YR_2040_INT":"Not Affected","SSF_RL_100YR_2070_IL":"Not Affected","SSF_RL_100YR_2070_INT":"Not Affected","SSF_RL_500YR_CURR":"Not Affected","SSF_RL_500YR_2040_IL":"Not Affected","SSF_RL_500YR_2040_INT":"Not Affected","SSF_RL_500YR_2070_IL":"Not Affected","SSF_RL_500YR_2070_INT":"Not Affected","RIF_RL_100YR_2020":"High","RIF_RL_100YR_2040":"High","RIF_RL_100YR_2070":"High","RIF_RL_500YR_2020":"High","RIF_RL_500YR_2040":"High","RIF_RL_500YR_2070":"High"}},{"type":"Feature","id":46,"geometry":{"type":"Point","coordinates":[-84.3543962843766,30.4007191988027]},"properties":{"OBJECTID_1":46,"OBJECTID":46,"Name":"BUDGET CAR RENTAL","Address":"3300 CAPITAL CIRCLE SW STE 19","City":"TALLAHASSEE","Zip":"32310","COUNTY":"Leon","X":-84.35439628,"Y":30.4007192,"LONGLAT":"-84.35439628,30.40071920","USNG":"16R GU 54175 66160","OWNERSHIP":"MUNICIPAL","PARCELID":"4107208010000","FACILITY_T":"LOGISTICAL STAGING AREA","ADDRESSCIT":"3300 CAPITAL CIRCLE SW STE 19 TALLAHASSEE , FL 32310","Asset_Elevation":null,"Owned_Maintained":"MUNICIPAL","Asset":"LOGISTICAL STAGING AREA","Asset_Sub_Type":null,"Asset_Type":"Logistical Staging Areas","Asset_Group":"Critical Community and Emergency Facilities","Asset_Relevancy":"Locally Significant","Asset_ID":"LSA_PT_46","Municipality":"Tallahassee","Water_Management_District":"Northwest Florida Water Management District","Souce_Dataset_Entity":"FDEM","Souce_Dataset_Name":"Logistical Staging Areas - FDEM","Source_Asset_ID":null,"Restricted_Public_Disclosure":null,"Notes":null,"Regional_Planning_Council":"Apalachee","FDEP_Regulatory_District":"Northwest District","RCP_Region":"Northwest","FDOT_District":3,"House_District_Number":8,"Senate_District_Number":3,"CTF_RL_2020":"Not Affected","CTF_RL_2040_IL":"Not Affected","CTF_RL_2040_INT":"Not Affected","CTF_RL_2070_IL":"Not Affected","CTF_RL_2070_INT":"Not Affected","SSF_RL_100YR_CURR":"Not Affected","SSF_RL_100YR_2040_IL":"Not Affected","SSF_RL_100YR_2040_INT":"Not Affected","SSF_RL_100YR_2070_IL":"Not Affected","SSF_RL_100YR_2070_INT":"Not Affected","SSF_RL_500YR_CURR":"Not Affected","SSF_RL_500YR_2040_IL":"Not Affected","SSF_RL_500YR_2040_INT":"Not Affected","SSF_RL_500YR_2070_IL":"Not Affected","SSF_RL_500YR_2070_INT":"Not Affected","RIF_RL_100YR_2020":"Not Affected","RIF_RL_100YR_2040":"Not Affected","RIF_RL_100YR_2070":"Not Affected","RIF_RL_500YR_2020":"Not Affected","RIF_RL_500YR_2040":"Not Affected","RIF_RL_500YR_2070":"Not Affected"}},{"type":"Feature","id":47,"geometry":{"type":"Point","coordinates":[-84.3450341127028,30.3913870917817]},"properties":{"OBJECTID_1":47,"OBJECTID":47,"Name":"TALLAHASSEE REGIONAL AIRPORT","Address":"3300 CAPITOL CIRCLE SW","City":"TALLAHASSEE","Zip":"32310","COUNTY":"Leon","X":-84.34503411,"Y":30.39138709,"LONGLAT":"-84.34503411,30.39138709","USNG":"16R GU 55099 65146","OWNERSHIP":"MUNICIPAL","PARCELID":"4117208010000","FACILITY_T":"LOGISTICAL STAGING AREA","ADDRESSCIT":"3300 CAPITOL CIRCLE SW TALLAHASSEE , FL 32310","Asset_Elevation":null,"Owned_Maintained":"MUNICIPAL","Asset":"LOGISTICAL STAGING AREA","Asset_Sub_Type":null,"Asset_Type":"Logistical Staging Areas","Asset_Group":"Critical Community and Emergency Facilities","Asset_Relevancy":"Locally Significant","Asset_ID":"LSA_PT_47","Municipality":"Tallahassee","Water_Management_District":"Northwest Florida Water Management District","Souce_Dataset_Entity":"FDEM","Souce_Dataset_Name":"Logistical Staging Areas - FDEM","Source_Asset_ID":null,"Restricted_Public_Disclosure":null,"Notes":null,"Regional_Planning_Council":"Apalachee","FDEP_Regulatory_District":"Northwest District","RCP_Region":"Northwest","FDOT_District":3,"House_District_Number":8,"Senate_District_Number":3,"CTF_RL_2020":"Not Affected","CTF_RL_2040_IL":"Not Affected","CTF_RL_2040_INT":"Not Affected","CTF_RL_2070_IL":"Not Affected","CTF_RL_2070_INT":"Not Affected","SSF_RL_100YR_CURR":"Not Affected","SSF_RL_100YR_2040_IL":"Not Affected","SSF_RL_100YR_2040_INT":"Not Affected","SSF_RL_100YR_2070_IL":"Not Affected","SSF_RL_100YR_2070_INT":"Not Affected","SSF_RL_500YR_CURR":"Not Affected","SSF_RL_500YR_2040_IL":"Not Affected","SSF_RL_500YR_2040_INT":"Not Affected","SSF_RL_500YR_2070_IL":"Not Affected","SSF_RL_500YR_2070_INT":"Not Affected","RIF_RL_100YR_2020":"High","RIF_RL_100YR_2040":"High","RIF_RL_100YR_2070":"High","RIF_RL_500YR_2020":"High","RIF_RL_500YR_2040":"High","RIF_RL_500YR_2070":"High"}},{"type":"Feature","id":48,"geometry":{"type":"Point","coordinates":[-84.2773479354727,30.4044903872619]},"properties":{"OBJECTID_1":48,"OBJECTID":48,"Name":"NORTH FLORIDA FAIR GROUNDS","Address":"441 PAUL RUSSELL RD","City":"TALLAHASSEE","Zip":"32305","COUNTY":"Leon","X":-84.27734794,"Y":30.40449039,"LONGLAT":"-84.27734794,30.40449039","USNG":"16R GU 61570 66754","OWNERSHIP":"COUNTY","PARCELID":"4113208530000","FACILITY_T":"LOGISTICAL STAGING AREA","ADDRESSCIT":"441 PAUL RUSSELL RD TALLAHASSEE , FL 32305","Asset_Elevation":null,"Owned_Maintained":"COUNTY","Asset":"LOGISTICAL STAGING AREA","Asset_Sub_Type":null,"Asset_Type":"Logistical Staging Areas","Asset_Group":"Critical Community and Emergency Facilities","Asset_Relevancy":"Locally Significant","Asset_ID":"LSA_PT_48","Municipality":"Tallahassee","Water_Management_District":"Northwest Florida Water Management District","Souce_Dataset_Entity":"FDEM","Souce_Dataset_Name":"Logistical Staging Areas - FDEM","Source_Asset_ID":null,"Restricted_Public_Disclosure":null,"Notes":null,"Regional_Planning_Council":"Apalachee","FDEP_Regulatory_District":"Northwest District","RCP_Region":"Northwest","FDOT_District":3,"House_District_Number":8,"Senate_District_Number":3,"CTF_RL_2020":"Not Affected","CTF_RL_2040_IL":"Not Affected","CTF_RL_2040_INT":"Not Affected","CTF_RL_2070_IL":"Not Affected","CTF_RL_2070_INT":"Not Affected","SSF_RL_100YR_CURR":"Not Affected","SSF_RL_100YR_2040_IL":"Not Affected","SSF_RL_100YR_2040_INT":"Not Affected","SSF_RL_100YR_2070_IL":"Not Affected","SSF_RL_100YR_2070_INT":"Not Affected","SSF_RL_500YR_CURR":"Not Affected","SSF_RL_500YR_2040_IL":"Not Affected","SSF_RL_500YR_2040_INT":"Not Affected","SSF_RL_500YR_2070_IL":"Not Affected","SSF_RL_500YR_2070_INT":"Not Affected","RIF_RL_100YR_2020":"High","RIF_RL_100YR_2040":"High","RIF_RL_100YR_2070":"High","RIF_RL_500YR_2020":"High","RIF_RL_500YR_2040":"High","RIF_RL_500YR_2070":"High"}},{"type":"Feature","id":49,"geometry":{"type":"Point","coordinates":[-82.4712256823315,29.3587391323536]},"properties":{"OBJECTID_1":49,"OBJECTID":49,"Name":"WILLISTON MUNICIPAL AIRPORT","Address":"1800 SW 19TH AVE","City":"WILLISTON","Zip":"32696","COUNTY":"Levy","X":-82.47122568,"Y":29.35873913,"LONGLAT":"-82.47122568,29.35873913","USNG":"17R LN 57192 48630","OWNERSHIP":" ","PARCELID":" ","FACILITY_T":"LOGISTICAL STAGING AREA","ADDRESSCIT":"1800 SW 19TH AVE WILLISTON , FL 32696","Asset_Elevation":null,"Owned_Maintained":" ","Asset":"LOGISTICAL STAGING AREA","Asset_Sub_Type":null,"Asset_Type":"Logistical Staging Areas","Asset_Group":"Critical Community and Emergency Facilities","Asset_Relevancy":"Locally Significant","Asset_ID":"LSA_PT_49","Municipality":"Williston","Water_Management_District":"Southwest Florida Water Management District","Souce_Dataset_Entity":"FDEM","Souce_Dataset_Name":"Logistical Staging Areas - FDEM","Source_Asset_ID":null,"Restricted_Public_Disclosure":null,"Notes":null,"Regional_Planning_Council":"North Central Florida","FDEP_Regulatory_District":"Northeast District","RCP_Region":"Northwest","FDOT_District":2,"House_District_Number":22,"Senate_District_Number":9,"CTF_RL_2020":"Not Affected","CTF_RL_2040_IL":"Not Affected","CTF_RL_2040_INT":"Not Affected","CTF_RL_2070_IL":"Not Affected","CTF_RL_2070_INT":"Not Affected","SSF_RL_100YR_CURR":"Not Affected","SSF_RL_100YR_2040_IL":"Not Affected","SSF_RL_100YR_2040_INT":"Not Affected","SSF_RL_100YR_2070_IL":"Not Affected","SSF_RL_100YR_2070_INT":"Not Affected","SSF_RL_500YR_CURR":"Not Affected","SSF_RL_500YR_2040_IL":"Not Affected","SSF_RL_500YR_2040_INT":"Not Affected","SSF_RL_500YR_2070_IL":"Not Affected","SSF_RL_500YR_2070_INT":"Not Affected","RIF_RL_100YR_2020":"Medium","RIF_RL_100YR_2040":"Medium","RIF_RL_100YR_2070":"Medium","RIF_RL_500YR_2020":"Medium","RIF_RL_500YR_2040":"Medium","RIF_RL_500YR_2070":"Medium"}},{"type":"Feature","id":50,"geometry":{"type":"Point","coordinates":[-82.6306835125447,29.465267636845]},"properties":{"OBJECTID_1":50,"OBJECTID":50,"Name":"BRONSON HIGH SCHOOL (NEW)","Address":"8691 NE 90TH ST","City":"BRONSON","Zip":"32621","COUNTY":"Levy","X":-82.63068351,"Y":29.46526764,"LONGLAT":"-82.63068351,29.46526764","USNG":"17R LN 41876 60642","OWNERSHIP":" ","PARCELID":" ","FACILITY_T":"LOGISTICAL STAGING AREA","ADDRESSCIT":"8691 NE 90TH ST BRONSON , FL 32621","Asset_Elevation":null,"Owned_Maintained":" ","Asset":"LOGISTICAL STAGING AREA","Asset_Sub_Type":null,"Asset_Type":"Logistical Staging Areas","Asset_Group":"Critical Community and Emergency Facilities","Asset_Relevancy":"Locally Significant","Asset_ID":"LSA_PT_50","Municipality":"Bronson","Water_Management_District":"Suwannee River Water Management District","Souce_Dataset_Entity":"FDEM","Souce_Dataset_Name":"Logistical Staging Areas - FDEM","Source_Asset_ID":null,"Restricted_Public_Disclosure":null,"Notes":null,"Regional_Planning_Council":"North Central Florida","FDEP_Regulatory_District":"Northeast District","RCP_Region":"Northwest","FDOT_District":2,"House_District_Number":22,"Senate_District_Number":9,"CTF_RL_2020":null,"CTF_RL_2040_IL":null,"CTF_RL_2040_INT":null,"CTF_RL_2070_IL":null,"CTF_RL_2070_INT":null,"SSF_RL_100YR_CURR":null,"SSF_RL_100YR_2040_IL":null,"SSF_RL_100YR_2040_INT":null,"SSF_RL_100YR_2070_IL":null,"SSF_RL_100YR_2070_INT":null,"SSF_RL_500YR_CURR":null,"SSF_RL_500YR_2040_IL":null,"SSF_RL_500YR_2040_INT":null,"SSF_RL_500YR_2070_IL":null,"SSF_RL_500YR_2070_INT":null,"RIF_RL_100YR_2020":null,"RIF_RL_100YR_2040":null,"RIF_RL_100YR_2070":null,"RIF_RL_500YR_2020":null,"RIF_RL_500YR_2040":null,"RIF_RL_500YR_2070":null}},{"type":"Feature","id":51,"geometry":{"type":"Point","coordinates":[-82.2032402184064,29.1798630106772]},"properties":{"OBJECTID_1":51,"OBJECTID":51,"Name":"K-MART REGIONAL DISTRIBUTION","Address":"655 SW 52ND AVE","City":"OCALA","Zip":"34474","COUNTY":"Marion","X":-82.20324022,"Y":29.17986301,"LONGLAT":"-82.20324022,29.17986301","USNG":"17R LN 83003 28512","OWNERSHIP":" ","PARCELID":"23320-003-01","FACILITY_T":"LOGISTICAL STAGING AREA","ADDRESSCIT":"655 SW 52ND AVE OCALA , FL 34474","Asset_Elevation":null,"Owned_Maintained":" ","Asset":"LOGISTICAL STAGING AREA","Asset_Sub_Type":null,"Asset_Type":"Logistical Staging Areas","Asset_Group":"Critical Community and Emergency Facilities","Asset_Relevancy":"Locally Significant","Asset_ID":"LSA_PT_51","Municipality":"Ocala","Water_Management_District":"Southwest Florida Water Management District","Souce_Dataset_Entity":"FDEM","Souce_Dataset_Name":"Logistical Staging Areas - FDEM","Source_Asset_ID":null,"Restricted_Public_Disclosure":null,"Notes":null,"Regional_Planning_Council":"East Central Florida","FDEP_Regulatory_District":"Central District","RCP_Region":"Northwest","FDOT_District":5,"House_District_Number":24,"Senate_District_Number":9,"CTF_RL_2020":"Not Affected","CTF_RL_2040_IL":"Not Affected","CTF_RL_2040_INT":"Not Affected","CTF_RL_2070_IL":"Not Affected","CTF_RL_2070_INT":"Not Affected","SSF_RL_100YR_CURR":"Not Affected","SSF_RL_100YR_2040_IL":"Not Affected","SSF_RL_100YR_2040_INT":"Not Affected","SSF_RL_100YR_2070_IL":"Not Affected","SSF_RL_100YR_2070_INT":"Not Affected","SSF_RL_500YR_CURR":"Not Affected","SSF_RL_500YR_2040_IL":"Not Affected","SSF_RL_500YR_2040_INT":"Not Affected","SSF_RL_500YR_2070_IL":"Not Affected","SSF_RL_500YR_2070_INT":"Not Affected","RIF_RL_100YR_2020":"High","RIF_RL_100YR_2040":"High","RIF_RL_100YR_2070":"High","RIF_RL_500YR_2020":"High","RIF_RL_500YR_2040":"High","RIF_RL_500YR_2070":"High"}},{"type":"Feature","id":52,"geometry":{"type":"Point","coordinates":[-82.2207291913664,29.171965025642]},"properties":{"OBJECTID_1":52,"OBJECTID":52,"Name":"OCALA INTERNATIONAL AIRPORT","Address":"1770 SW 60TH AVE","City":"OCALA","Zip":"34474","COUNTY":"Marion","X":-82.22072919,"Y":29.17196503,"LONGLAT":"-82.22072919,29.17196503","USNG":"17R LN 81293 27654","OWNERSHIP":"MUNICIPAL","PARCELID":"23320-000-00","FACILITY_T":"LOGISTICAL STAGING AREA","ADDRESSCIT":"1770 SW 60TH AVE OCALA , FL 34474","Asset_Elevation":null,"Owned_Maintained":"MUNICIPAL","Asset":"LOGISTICAL STAGING AREA","Asset_Sub_Type":null,"Asset_Type":"Logistical Staging Areas","Asset_Group":"Critical Community and Emergency Facilities","Asset_Relevancy":"Locally Significant","Asset_ID":"LSA_PT_52","Municipality":"Ocala","Water_Management_District":"Southwest Florida Water Management District","Souce_Dataset_Entity":"FDEM","Souce_Dataset_Name":"Logistical Staging Areas - FDEM","Source_Asset_ID":null,"Restricted_Public_Disclosure":null,"Notes":null,"Regional_Planning_Council":"East Central Florida","FDEP_Regulatory_District":"Central District","RCP_Region":"Northwest","FDOT_District":5,"House_District_Number":24,"Senate_District_Number":9,"CTF_RL_2020":"Not Affected","CTF_RL_2040_IL":"Not Affected","CTF_RL_2040_INT":"Not Affected","CTF_RL_2070_IL":"Not Affected","CTF_RL_2070_INT":"Not Affected","SSF_RL_100YR_CURR":"Not Affected","SSF_RL_100YR_2040_IL":"Not Affected","SSF_RL_100YR_2040_INT":"Not Affected","SSF_RL_100YR_2070_IL":"Not Affected","SSF_RL_100YR_2070_INT":"Not Affected","SSF_RL_500YR_CURR":"Not Affected","SSF_RL_500YR_2040_IL":"Not Affected","SSF_RL_500YR_2040_INT":"Not Affected","SSF_RL_500YR_2070_IL":"Not Affected","SSF_RL_500YR_2070_INT":"Not Affected","RIF_RL_100YR_2020":"High","RIF_RL_100YR_2040":"High","RIF_RL_100YR_2070":"High","RIF_RL_500YR_2020":"High","RIF_RL_500YR_2040":"High","RIF_RL_500YR_2070":"High"}},{"type":"Feature","id":53,"geometry":{"type":"Point","coordinates":[-80.2679579995077,25.9099279997711]},"properties":{"OBJECTID_1":53,"OBJECTID":53,"Name":"OPA LOCKA EXECUTIVE AIRPORT","Address":"14201 NW 42ND AVE","City":"OPA LOCKA","Zip":"33054","COUNTY":"Miami-Dade","X":-80.267958,"Y":25.909928,"LONGLAT":"-80.26795800,25.90992800","USNG":"17R NJ 73318 65913","OWNERSHIP":"FEDERAL","PARCELID":"0821200000010","FACILITY_T":"LOGISTICAL STAGING AREA","ADDRESSCIT":"14201 NW 42ND AVE OPA LOCKA , FL 33054","Asset_Elevation":null,"Owned_Maintained":"FEDERAL","Asset":"LOGISTICAL STAGING AREA","Asset_Sub_Type":null,"Asset_Type":"Logistical Staging Areas","Asset_Group":"Critical Community and Emergency Facilities","Asset_Relevancy":"Locally Significant","Asset_ID":"LSA_PT_53","Municipality":"Opa-Locka","Water_Management_District":"South Florida Water Management District","Souce_Dataset_Entity":"FDEM","Souce_Dataset_Name":"Logistical Staging Areas - FDEM","Source_Asset_ID":null,"Restricted_Public_Disclosure":null,"Notes":null,"Regional_Planning_Council":"South Florida","FDEP_Regulatory_District":"Southeast District","RCP_Region":"Southeast","FDOT_District":6,"House_District_Number":109,"Senate_District_Number":34,"CTF_RL_2020":"Low","CTF_RL_2040_IL":"Low","CTF_RL_2040_INT":"Low","CTF_RL_2070_IL":"Low","CTF_RL_2070_INT":"High","SSF_RL_100YR_CURR":"High","SSF_RL_100YR_2040_IL":"High","SSF_RL_100YR_2040_INT":"High","SSF_RL_100YR_2070_IL":"High","SSF_RL_100YR_2070_INT":"High","SSF_RL_500YR_CURR":"High","SSF_RL_500YR_2040_IL":"High","SSF_RL_500YR_2040_INT":"High","SSF_RL_500YR_2070_IL":"High","SSF_RL_500YR_2070_INT":"High","RIF_RL_100YR_2020":"High","RIF_RL_100YR_2040":"High","RIF_RL_100YR_2070":"High","RIF_RL_500YR_2020":"High","RIF_RL_500YR_2040":"High","RIF_RL_500YR_2070":"High"}},{"type":"Feature","id":54,"geometry":{"type":"Point","coordinates":[-80.3704508137846,25.7505798516045]},"properties":{"OBJECTID_1":54,"OBJECTID":54,"Name":"DADE COUNTY FAIRGROUNDS","Address":"10901 CORAL WAY","City":"MIAMI","Zip":"33165","COUNTY":"Miami-Dade","X":-80.37045081,"Y":25.75057985,"LONGLAT":"-80.37045081,25.75057985","USNG":"17R NJ 63137 48213","OWNERSHIP":" ","PARCELID":" ","FACILITY_T":"LOGISTICAL STAGING AREA","ADDRESSCIT":"10901 CORAL WAY MIAMI , FL 33165","Asset_Elevation":null,"Owned_Maintained":" ","Asset":"LOGISTICAL STAGING AREA","Asset_Sub_Type":null,"Asset_Type":"Logistical Staging Areas","Asset_Group":"Critical Community and Emergency Facilities","Asset_Relevancy":"Locally Significant","Asset_ID":"LSA_PT_54","Municipality":null,"Water_Management_District":"South Florida Water Management District","Souce_Dataset_Entity":"FDEM","Souce_Dataset_Name":"Logistical Staging Areas - FDEM","Source_Asset_ID":null,"Restricted_Public_Disclosure":null,"Notes":null,"Regional_Planning_Council":"South Florida","FDEP_Regulatory_District":"Southeast District","RCP_Region":"Southeast","FDOT_District":6,"House_District_Number":116,"Senate_District_Number":40,"CTF_RL_2020":"Not Affected","CTF_RL_2040_IL":"Low","CTF_RL_2040_INT":"Low","CTF_RL_2070_IL":"Low","CTF_RL_2070_INT":"High","SSF_RL_100YR_CURR":"High","SSF_RL_100YR_2040_IL":"High","SSF_RL_100YR_2040_INT":"High","SSF_RL_100YR_2070_IL":"High","SSF_RL_100YR_2070_INT":"High","SSF_RL_500YR_CURR":"High","SSF_RL_500YR_2040_IL":"High","SSF_RL_500YR_2040_INT":"High","SSF_RL_500YR_2070_IL":"High","SSF_RL_500YR_2070_INT":"High","RIF_RL_100YR_2020":"High","RIF_RL_100YR_2040":"High","RIF_RL_100YR_2070":"High","RIF_RL_500YR_2020":"High","RIF_RL_500YR_2040":"High","RIF_RL_500YR_2070":"High"}},{"type":"Feature","id":55,"geometry":{"type":"Point","coordinates":[-80.1704048313385,25.7753198381946]},"properties":{"OBJECTID_1":55,"OBJECTID":55,"Name":"PORT OF MIAMI","Address":"1015 N AMERICA WAY","City":"MIAMI","Zip":"33132","COUNTY":"Miami-Dade","X":-80.17040483,"Y":25.77531984,"LONGLAT":"-80.17040483,25.77531984","USNG":"17R NJ 83183 51064","OWNERSHIP":"COUNTY","PARCELID":"0142050000010","FACILITY_T":"LOGISTICAL STAGING AREA","ADDRESSCIT":"1015 N AMERICA WAY MIAMI , FL 33132","Asset_Elevation":null,"Owned_Maintained":"COUNTY","Asset":"LOGISTICAL STAGING AREA","Asset_Sub_Type":null,"Asset_Type":"Logistical Staging Areas","Asset_Group":"Critical Community and Emergency Facilities","Asset_Relevancy":"Locally Significant","Asset_ID":"LSA_PT_55","Municipality":"Miami","Water_Management_District":"South Florida Water Management District","Souce_Dataset_Entity":"FDEM","Souce_Dataset_Name":"Logistical Staging Areas - FDEM","Source_Asset_ID":null,"Restricted_Public_Disclosure":null,"Notes":null,"Regional_Planning_Council":"South Florida","FDEP_Regulatory_District":"Southeast District","RCP_Region":"Southeast","FDOT_District":6,"House_District_Number":113,"Senate_District_Number":36,"CTF_RL_2020":"Low","CTF_RL_2040_IL":"Low","CTF_RL_2040_INT":"Low","CTF_RL_2070_IL":"Low","CTF_RL_2070_INT":"High","SSF_RL_100YR_CURR":"Medium","SSF_RL_100YR_2040_IL":"Medium","SSF_RL_100YR_2040_INT":"Medium","SSF_RL_100YR_2070_IL":"Medium","SSF_RL_100YR_2070_INT":"High","SSF_RL_500YR_CURR":"High","SSF_RL_500YR_2040_IL":"High","SSF_RL_500YR_2040_INT":"High","SSF_RL_500YR_2070_IL":"High","SSF_RL_500YR_2070_INT":"High","RIF_RL_100YR_2020":"High","RIF_RL_100YR_2040":"High","RIF_RL_100YR_2070":"High","RIF_RL_500YR_2020":"High","RIF_RL_500YR_2040":"High","RIF_RL_500YR_2070":"High"}},{"type":"Feature","id":56,"geometry":{"type":"Point","coordinates":[-80.276263889227,25.7987877772054]},"properties":{"OBJECTID_1":56,"OBJECTID":56,"Name":"MIAMI INTERNATIONAL AIRPORT","Address":"2100 NW 42ND AVE","City":"MIAMI","Zip":"33122","COUNTY":"Miami-Dade","X":-80.27626389,"Y":25.79878778,"LONGLAT":"-80.27626389,25.79878778","USNG":"17R NJ 72553 53600","OWNERSHIP":"COUNTY","PARCELID":"3030360000010","FACILITY_T":"LOGISTICAL STAGING AREA","ADDRESSCIT":"2100 NW 42ND AVE MIAMI , FL 33122","Asset_Elevation":null,"Owned_Maintained":"COUNTY","Asset":"LOGISTICAL STAGING AREA","Asset_Sub_Type":null,"Asset_Type":"Logistical Staging Areas","Asset_Group":"Critical Community and Emergency Facilities","Asset_Relevancy":"Locally Significant","Asset_ID":"LSA_PT_56","Municipality":null,"Water_Management_District":"South Florida Water Management District","Souce_Dataset_Entity":"FDEM","Souce_Dataset_Name":"Logistical Staging Areas - FDEM","Source_Asset_ID":null,"Restricted_Public_Disclosure":null,"Notes":null,"Regional_Planning_Council":"South Florida","FDEP_Regulatory_District":"Southeast District","RCP_Region":"Southeast","FDOT_District":6,"House_District_Number":112,"Senate_District_Number":39,"CTF_RL_2020":"Low","CTF_RL_2040_IL":"Low","CTF_RL_2040_INT":"Low","CTF_RL_2070_IL":"Low","CTF_RL_2070_INT":"High","SSF_RL_100YR_CURR":"High","SSF_RL_100YR_2040_IL":"High","SSF_RL_100YR_2040_INT":"High","SSF_RL_100YR_2070_IL":"High","SSF_RL_100YR_2070_INT":"High","SSF_RL_500YR_CURR":"High","SSF_RL_500YR_2040_IL":"High","SSF_RL_500YR_2040_INT":"High","SSF_RL_500YR_2070_IL":"High","SSF_RL_500YR_2070_INT":"High","RIF_RL_100YR_2020":"High","RIF_RL_100YR_2040":"High","RIF_RL_100YR_2070":"High","RIF_RL_500YR_2020":"High","RIF_RL_500YR_2040":"High","RIF_RL_500YR_2070":"High"}},{"type":"Feature","id":57,"geometry":{"type":"Point","coordinates":[-80.3836666671339,25.4884416654382]},"properties":{"OBJECTID_1":57,"OBJECTID":57,"Name":"HOMESTEAD AIRPORT","Address":" ","City":"HOMESTEAD","Zip":"33039","COUNTY":"Miami-Dade","X":-80.38366667,"Y":25.48844167,"LONGLAT":"-80.38366667,25.48844167","USNG":"17R NJ 61946 19177","OWNERSHIP":" ","PARCELID":"3079120000100","FACILITY_T":"LOGISTICAL STAGING AREA","ADDRESSCIT":"  HOMESTEAD , FL 33039","Asset_Elevation":null,"Owned_Maintained":" ","Asset":"LOGISTICAL STAGING AREA","Asset_Sub_Type":null,"Asset_Type":"Logistical Staging Areas","Asset_Group":"Critical Community and Emergency Facilities","Asset_Relevancy":"Locally Significant","Asset_ID":"LSA_PT_57","Municipality":null,"Water_Management_District":"South Florida Water Management District","Souce_Dataset_Entity":"FDEM","Souce_Dataset_Name":"Logistical Staging Areas - FDEM","Source_Asset_ID":null,"Restricted_Public_Disclosure":null,"Notes":null,"Regional_Planning_Council":"South Florida","FDEP_Regulatory_District":"Southeast District","RCP_Region":"Southeast","FDOT_District":6,"House_District_Number":120,"Senate_District_Number":38,"CTF_RL_2020":"High","CTF_RL_2040_IL":"High","CTF_RL_2040_INT":"High","CTF_RL_2070_IL":"High","CTF_RL_2070_INT":"High","SSF_RL_100YR_CURR":"High","SSF_RL_100YR_2040_IL":"High","SSF_RL_100YR_2040_INT":"High","SSF_RL_100YR_2070_IL":"High","SSF_RL_100YR_2070_INT":"High","SSF_RL_500YR_CURR":"High","SSF_RL_500YR_2040_IL":"High","SSF_RL_500YR_2040_INT":"High","SSF_RL_500YR_2070_IL":"High","SSF_RL_500YR_2070_INT":"High","RIF_RL_100YR_2020":"High","RIF_RL_100YR_2040":"High","RIF_RL_100YR_2070":"High","RIF_RL_500YR_2020":"High","RIF_RL_500YR_2040":"High","RIF_RL_500YR_2070":"High"}},{"type":"Feature","id":58,"geometry":{"type":"Point","coordinates":[-80.400399999227,25.4994299988698]},"properties":{"OBJECTID_1":58,"OBJECTID":58,"Name":"HOMESTEAD AIR RESERVE BASE CAMP-LSA","Address":"360 CORAL SEA BLVD","City":"HOMESTEAD AFB","Zip":"33039","COUNTY":"Miami-Dade","X":-80.4004,"Y":25.49943,"LONGLAT":"-80.40040000,25.49943000","USNG":"17R NJ 60259 20386","OWNERSHIP":" ","PARCELID":"3079020000190","FACILITY_T":"LOGISTICAL STAGING AREA","ADDRESSCIT":"360 CORAL SEA BLVD HOMESTEAD AFB , FL 33039","Asset_Elevation":null,"Owned_Maintained":" ","Asset":"LOGISTICAL STAGING AREA","Asset_Sub_Type":null,"Asset_Type":"Logistical Staging Areas","Asset_Group":"Critical Community and Emergency Facilities","Asset_Relevancy":"Locally Significant","Asset_ID":"LSA_PT_58","Municipality":null,"Water_Management_District":"South Florida Water Management District","Souce_Dataset_Entity":"FDEM","Souce_Dataset_Name":"Logistical Staging Areas - FDEM","Source_Asset_ID":null,"Restricted_Public_Disclosure":null,"Notes":null,"Regional_Planning_Council":"South Florida","FDEP_Regulatory_District":"Southeast District","RCP_Region":"Southeast","FDOT_District":6,"House_District_Number":120,"Senate_District_Number":38,"CTF_RL_2020":"Low","CTF_RL_2040_IL":"Low","CTF_RL_2040_INT":"Low","CTF_RL_2070_IL":"Low","CTF_RL_2070_INT":"High","SSF_RL_100YR_CURR":"High","SSF_RL_100YR_2040_IL":"High","SSF_RL_100YR_2040_INT":"High","SSF_RL_100YR_2070_IL":"High","SSF_RL_100YR_2070_INT":"High","SSF_RL_500YR_CURR":"High","SSF_RL_500YR_2040_IL":"High","SSF_RL_500YR_2040_INT":"High","SSF_RL_500YR_2070_IL":"High","SSF_RL_500YR_2070_INT":"High","RIF_RL_100YR_2020":"High","RIF_RL_100YR_2040":"High","RIF_RL_100YR_2070":"High","RIF_RL_500YR_2020":"High","RIF_RL_500YR_2040":"High","RIF_RL_500YR_2070":"High"}},{"type":"Feature","id":59,"geometry":{"type":"Point","coordinates":[-81.7918962048262,24.5644652455041]},"properties":{"OBJECTID_1":59,"OBJECTID":59,"Name":"Trumbo Point - Seaplane Base","Address":"Trumbo Point","City":"Key West","Zip":"33040","COUNTY":"Monroe","X":-81.7918962,"Y":24.56446525,"LONGLAT":"-81.79189620,24.56446525","USNG":"17R MH 19808 16953","OWNERSHIP":" ","PARCELID":" ","FACILITY_T":"LOGISTICAL STAGING AREA","ADDRESSCIT":"Trumbo Point Key West , FL 33040","Asset_Elevation":null,"Owned_Maintained":" ","Asset":"LOGISTICAL STAGING AREA","Asset_Sub_Type":null,"Asset_Type":"Logistical Staging Areas","Asset_Group":"Critical Community and Emergency Facilities","Asset_Relevancy":"Locally Significant","Asset_ID":"LSA_PT_59","Municipality":"Key West","Water_Management_District":"South Florida Water Management District","Souce_Dataset_Entity":"FDEM","Souce_Dataset_Name":"Logistical Staging Areas - FDEM","Source_Asset_ID":null,"Restricted_Public_Disclosure":null,"Notes":null,"Regional_Planning_Council":"South Florida","FDEP_Regulatory_District":"Southeast District","RCP_Region":"Southeast","FDOT_District":6,"House_District_Number":120,"Senate_District_Number":40,"CTF_RL_2020":"Low","CTF_RL_2040_IL":"Low","CTF_RL_2040_INT":"Low","CTF_RL_2070_IL":"Medium","CTF_RL_2070_INT":"High","SSF_RL_100YR_CURR":"High","SSF_RL_100YR_2040_IL":"High","SSF_RL_100YR_2040_INT":"High","SSF_RL_100YR_2070_IL":"High","SSF_RL_100YR_2070_INT":"High","SSF_RL_500YR_CURR":"High","SSF_RL_500YR_2040_IL":"High","SSF_RL_500YR_2040_INT":"High","SSF_RL_500YR_2070_IL":"High","SSF_RL_500YR_2070_INT":"High","RIF_RL_100YR_2020":"High","RIF_RL_100YR_2040":"High","RIF_RL_100YR_2070":"High","RIF_RL_500YR_2020":"High","RIF_RL_500YR_2040":"High","RIF_RL_500YR_2070":"High"}},{"type":"Feature","id":60,"geometry":{"type":"Point","coordinates":[-80.4212523938417,25.113442262048]},"properties":{"OBJECTID_1":60,"OBJECTID":60,"Name":"K Mart Shopping Center","Address":" ","City":"Key Largo","Zip":"33037","COUNTY":"Monroe","X":-80.42125239,"Y":25.11344226,"LONGLAT":"-80.42125239,25.11344226","USNG":"17R NH 58348 77634","OWNERSHIP":" ","PARCELID":" ","FACILITY_T":"LOGISTICAL STAGING AREA","ADDRESSCIT":"  Key Largo , FL 33037","Asset_Elevation":null,"Owned_Maintained":" ","Asset":"LOGISTICAL STAGING AREA","Asset_Sub_Type":null,"Asset_Type":"Logistical Staging Areas","Asset_Group":"Critical Community and Emergency Facilities","Asset_Relevancy":"Locally Significant","Asset_ID":"LSA_PT_60","Municipality":null,"Water_Management_District":"South Florida Water Management District","Souce_Dataset_Entity":"FDEM","Souce_Dataset_Name":"Logistical Staging Areas - FDEM","Source_Asset_ID":null,"Restricted_Public_Disclosure":null,"Notes":null,"Regional_Planning_Council":"South Florida","FDEP_Regulatory_District":"Southeast District","RCP_Region":"Southeast","FDOT_District":6,"House_District_Number":120,"Senate_District_Number":40,"CTF_RL_2020":"Low","CTF_RL_2040_IL":"Low","CTF_RL_2040_INT":"Low","CTF_RL_2070_IL":"Low","CTF_RL_2070_INT":"High","SSF_RL_100YR_CURR":"Medium","SSF_RL_100YR_2040_IL":"Medium","SSF_RL_100YR_2040_INT":"Medium","SSF_RL_100YR_2070_IL":"High","SSF_RL_100YR_2070_INT":"High","SSF_RL_500YR_CURR":"High","SSF_RL_500YR_2040_IL":"High","SSF_RL_500YR_2040_INT":"High","SSF_RL_500YR_2070_IL":"High","SSF_RL_500YR_2070_INT":"High","RIF_RL_100YR_2020":"High","RIF_RL_100YR_2040":"High","RIF_RL_100YR_2070":"High","RIF_RL_500YR_2020":"High","RIF_RL_500YR_2040":"High","RIF_RL_500YR_2070":"High"}},{"type":"Feature","id":61,"geometry":{"type":"Point","coordinates":[-81.7381961833405,24.5681106238034]},"properties":{"OBJECTID_1":61,"OBJECTID":61,"Name":"Dog Track","Address":"3rd Street","City":"Stock Island","Zip":"33040","COUNTY":"Monroe","X":-81.73819618,"Y":24.56811062,"LONGLAT":"-81.73819618,24.56811062","USNG":"17R MH 25249 17326","OWNERSHIP":" ","PARCELID":" ","FACILITY_T":"LOGISTICAL STAGING AREA","ADDRESSCIT":"3rd Street Stock Island , FL 33040","Asset_Elevation":null,"Owned_Maintained":" ","Asset":"LOGISTICAL STAGING AREA","Asset_Sub_Type":null,"Asset_Type":"Logistical Staging Areas","Asset_Group":"Critical Community and Emergency Facilities","Asset_Relevancy":"Locally Significant","Asset_ID":"LSA_PT_61","Municipality":null,"Water_Management_District":"South Florida Water Management District","Souce_Dataset_Entity":"FDEM","Souce_Dataset_Name":"Logistical Staging Areas - FDEM","Source_Asset_ID":null,"Restricted_Public_Disclosure":null,"Notes":null,"Regional_Planning_Council":"South Florida","FDEP_Regulatory_District":"Southeast District","RCP_Region":"Southeast","FDOT_District":6,"House_District_Number":120,"Senate_District_Number":40,"CTF_RL_2020":"High","CTF_RL_2040_IL":"High","CTF_RL_2040_INT":"High","CTF_RL_2070_IL":"High","CTF_RL_2070_INT":"High","SSF_RL_100YR_CURR":"High","SSF_RL_100YR_2040_IL":"High","SSF_RL_100YR_2040_INT":"High","SSF_RL_100YR_2070_IL":"High","SSF_RL_100YR_2070_INT":"High","SSF_RL_500YR_CURR":"High","SSF_RL_500YR_2040_IL":"High","SSF_RL_500YR_2040_INT":"High","SSF_RL_500YR_2070_IL":"High","SSF_RL_500YR_2070_INT":"High","RIF_RL_100YR_2020":"High","RIF_RL_100YR_2040":"High","RIF_RL_100YR_2070":"High","RIF_RL_500YR_2020":"High","RIF_RL_500YR_2040":"High","RIF_RL_500YR_2070":"High"}},{"type":"Feature","id":62,"geometry":{"type":"Point","coordinates":[-81.3558436097586,24.6696570960853]},"properties":{"OBJECTID_1":62,"OBJECTID":62,"Name":"BIG PINE KEY BASE CAMP","Address":"450 KEY DEER BLCD","City":"BIG PINE KEY","Zip":"33043","COUNTY":"Monroe","X":-81.35584361,"Y":24.6696571,"LONGLAT":"-81.35584361,24.66965710","USNG":"17R MH 63996 28416","OWNERSHIP":" ","PARCELID":" ","FACILITY_T":"LOGISTICAL STAGING AREA","ADDRESSCIT":"450 KEY DEER BLCD BIG PINE KEY , FL 33043","Asset_Elevation":null,"Owned_Maintained":" ","Asset":"LOGISTICAL STAGING AREA","Asset_Sub_Type":null,"Asset_Type":"Logistical Staging Areas","Asset_Group":"Critical Community and Emergency Facilities","Asset_Relevancy":"Locally Significant","Asset_ID":"LSA_PT_62","Municipality":null,"Water_Management_District":"South Florida Water Management District","Souce_Dataset_Entity":"FDEM","Souce_Dataset_Name":"Logistical Staging Areas - FDEM","Source_Asset_ID":null,"Restricted_Public_Disclosure":null,"Notes":null,"Regional_Planning_Council":"South Florida","FDEP_Regulatory_District":"Southeast District","RCP_Region":"Southeast","FDOT_District":6,"House_District_Number":120,"Senate_District_Number":40,"CTF_RL_2020":"Low","CTF_RL_2040_IL":"High","CTF_RL_2040_INT":"High","CTF_RL_2070_IL":"High","CTF_RL_2070_INT":"High","SSF_RL_100YR_CURR":"High","SSF_RL_100YR_2040_IL":"High","SSF_RL_100YR_2040_INT":"High","SSF_RL_100YR_2070_IL":"High","SSF_RL_100YR_2070_INT":"High","SSF_RL_500YR_CURR":"High","SSF_RL_500YR_2040_IL":"High","SSF_RL_500YR_2040_INT":"High","SSF_RL_500YR_2070_IL":"High","SSF_RL_500YR_2070_INT":"High","RIF_RL_100YR_2020":"High","RIF_RL_100YR_2040":"High","RIF_RL_100YR_2070":"High","RIF_RL_500YR_2020":"High","RIF_RL_500YR_2040":"High","RIF_RL_500YR_2070":"High"}},{"type":"Feature","id":63,"geometry":{"type":"Point","coordinates":[-81.76522689768,24.562630844503]},"properties":{"OBJECTID_1":63,"OBJECTID":63,"Name":"WICKER'S FIELD ESA","Address":"FLAGLER BETWEEN KENNEDY AND GLEN ARCHER","City":"KEY WEST","Zip":"33041","COUNTY":"Monroe","X":-81.7652269,"Y":24.56263085,"LONGLAT":"-81.76522690,24.56263085","USNG":"17R MH 22508 16735","OWNERSHIP":" ","PARCELID":" ","FACILITY_T":"LOGISTICAL STAGING AREA","ADDRESSCIT":"FLAGLER BETWEEN KENNEDY AND GLEN ARCHER KEY WEST , FL 33041","Asset_Elevation":null,"Owned_Maintained":" ","Asset":"LOGISTICAL STAGING AREA","Asset_Sub_Type":null,"Asset_Type":"Logistical Staging Areas","Asset_Group":"Critical Community and Emergency Facilities","Asset_Relevancy":"Locally Significant","Asset_ID":"LSA_PT_63","Municipality":"Key West","Water_Management_District":"South Florida Water Management District","Souce_Dataset_Entity":"FDEM","Souce_Dataset_Name":"Logistical Staging Areas - FDEM","Source_Asset_ID":null,"Restricted_Public_Disclosure":null,"Notes":null,"Regional_Planning_Council":"South Florida","FDEP_Regulatory_District":"Southeast District","RCP_Region":"Southeast","FDOT_District":6,"House_District_Number":120,"Senate_District_Number":40,"CTF_RL_2020":"Medium","CTF_RL_2040_IL":"High","CTF_RL_2040_INT":"High","CTF_RL_2070_IL":"High","CTF_RL_2070_INT":"High","SSF_RL_100YR_CURR":"High","SSF_RL_100YR_2040_IL":"High","SSF_RL_100YR_2040_INT":"High","SSF_RL_100YR_2070_IL":"High","SSF_RL_100YR_2070_INT":"High","SSF_RL_500YR_CURR":"High","SSF_RL_500YR_2040_IL":"High","SSF_RL_500YR_2040_INT":"High","SSF_RL_500YR_2070_IL":"High","SSF_RL_500YR_2070_INT":"High","RIF_RL_100YR_2020":"High","RIF_RL_100YR_2040":"High","RIF_RL_100YR_2070":"High","RIF_RL_500YR_2020":"High","RIF_RL_500YR_2040":"High","RIF_RL_500YR_2070":"High"}},{"type":"Feature","id":64,"geometry":{"type":"Point","coordinates":[-81.7999999999438,24.5617489988292]},"properties":{"OBJECTID_1":64,"OBJECTID":64,"Name":"KEY WEST BIGHT PARKING AREA","Address":"WEST END OF MARGARET ST","City":"KEY WEST","Zip":"33040","COUNTY":"Monroe","X":-81.8,"Y":24.561749,"LONGLAT":"-81.80000000,24.56174900","USNG":"17R MH 18986 16657","OWNERSHIP":" ","PARCELID":"3167 25 00072082004506","FACILITY_T":"LOGISTICAL STAGING AREA","ADDRESSCIT":"WEST END OF MARGARET ST KEY WEST , FL 33040","Asset_Elevation":null,"Owned_Maintained":" ","Asset":"LOGISTICAL STAGING AREA","Asset_Sub_Type":null,"Asset_Type":"Logistical Staging Areas","Asset_Group":"Critical Community and Emergency Facilities","Asset_Relevancy":"Locally Significant","Asset_ID":"LSA_PT_64","Municipality":"Key West","Water_Management_District":"South Florida Water Management District","Souce_Dataset_Entity":"FDEM","Souce_Dataset_Name":"Logistical Staging Areas - FDEM","Source_Asset_ID":null,"Restricted_Public_Disclosure":null,"Notes":null,"Regional_Planning_Council":"South Florida","FDEP_Regulatory_District":"Southeast District","RCP_Region":"Southeast","FDOT_District":6,"House_District_Number":120,"Senate_District_Number":40,"CTF_RL_2020":"High","CTF_RL_2040_IL":"High","CTF_RL_2040_INT":"High","CTF_RL_2070_IL":"High","CTF_RL_2070_INT":"High","SSF_RL_100YR_CURR":"High","SSF_RL_100YR_2040_IL":"High","SSF_RL_100YR_2040_INT":"High","SSF_RL_100YR_2070_IL":"High","SSF_RL_100YR_2070_INT":"High","SSF_RL_500YR_CURR":"High","SSF_RL_500YR_2040_IL":"High","SSF_RL_500YR_2040_INT":"High","SSF_RL_500YR_2070_IL":"High","SSF_RL_500YR_2070_INT":"High","RIF_RL_100YR_2020":"High","RIF_RL_100YR_2040":"High","RIF_RL_100YR_2070":"High","RIF_RL_500YR_2020":"High","RIF_RL_500YR_2040":"High","RIF_RL_500YR_2070":"High"}},{"type":"Feature","id":65,"geometry":{"type":"Point","coordinates":[-80.4233185219755,25.1115266447854]},"properties":{"OBJECTID_1":65,"OBJECTID":65,"Name":"FRIENDSHIP PARK SITE","Address":"HIBISCUS LANE","City":"KEY LARGO","Zip":"33037","COUNTY":"Monroe","X":-80.42331852,"Y":25.11152665,"LONGLAT":"-80.42331852,25.11152665","USNG":"17R NH 58140 77421","OWNERSHIP":" ","PARCELID":"2761 39 00507740000000","FACILITY_T":"LOGISTICAL STAGING AREA","ADDRESSCIT":"HIBISCUS LANE KEY LARGO , FL 33037","Asset_Elevation":null,"Owned_Maintained":" ","Asset":"LOGISTICAL STAGING AREA","Asset_Sub_Type":null,"Asset_Type":"Logistical Staging Areas","Asset_Group":"Critical Community and Emergency Facilities","Asset_Relevancy":"Locally Significant","Asset_ID":"LSA_PT_65","Municipality":null,"Water_Management_District":"South Florida Water Management District","Souce_Dataset_Entity":"FDEM","Souce_Dataset_Name":"Logistical Staging Areas - FDEM","Source_Asset_ID":null,"Restricted_Public_Disclosure":null,"Notes":null,"Regional_Planning_Council":"South Florida","FDEP_Regulatory_District":"Southeast District","RCP_Region":"Southeast","FDOT_District":6,"House_District_Number":120,"Senate_District_Number":40,"CTF_RL_2020":"Not Affected","CTF_RL_2040_IL":"Not Affected","CTF_RL_2040_INT":"Not Affected","CTF_RL_2070_IL":"Not Affected","CTF_RL_2070_INT":"High","SSF_RL_100YR_CURR":"High","SSF_RL_100YR_2040_IL":"High","SSF_RL_100YR_2040_INT":"High","SSF_RL_100YR_2070_IL":"High","SSF_RL_100YR_2070_INT":"High","SSF_RL_500YR_CURR":"High","SSF_RL_500YR_2040_IL":"High","SSF_RL_500YR_2040_INT":"High","SSF_RL_500YR_2070_IL":"High","SSF_RL_500YR_2070_INT":"High","RIF_RL_100YR_2020":"High","RIF_RL_100YR_2040":"High","RIF_RL_100YR_2070":"High","RIF_RL_500YR_2020":"High","RIF_RL_500YR_2040":"High","RIF_RL_500YR_2070":"High"}},{"type":"Feature","id":66,"geometry":{"type":"Point","coordinates":[-81.7696989997324,24.5566089999232]},"properties":{"OBJECTID_1":66,"OBJECTID":66,"Name":"SALT PONDS BUNKER AREA","Address":"GOVERNMENT ROAD","City":"KEY WEST","Zip":"33040","COUNTY":"Monroe","X":-81.769699,"Y":24.556609,"LONGLAT":"-81.76969900,24.55660900","USNG":"17R MH 22051 16070","OWNERSHIP":" ","PARCELID":"0468 25 00064850000100","FACILITY_T":"LOGISTICAL STAGING AREA","ADDRESSCIT":"GOVERNMENT ROAD KEY WEST , FL 33040","Asset_Elevation":null,"Owned_Maintained":" ","Asset":"LOGISTICAL STAGING AREA","Asset_Sub_Type":null,"Asset_Type":"Logistical Staging Areas","Asset_Group":"Critical Community and Emergency Facilities","Asset_Relevancy":"Locally Significant","Asset_ID":"LSA_PT_66","Municipality":"Key West","Water_Management_District":"South Florida Water Management District","Souce_Dataset_Entity":"FDEM","Souce_Dataset_Name":"Logistical Staging Areas - FDEM","Source_Asset_ID":null,"Restricted_Public_Disclosure":null,"Notes":null,"Regional_Planning_Council":"South Florida","FDEP_Regulatory_District":"Southeast District","RCP_Region":"Southeast","FDOT_District":6,"House_District_Number":120,"Senate_District_Number":40,"CTF_RL_2020":"High","CTF_RL_2040_IL":"High","CTF_RL_2040_INT":"High","CTF_RL_2070_IL":"High","CTF_RL_2070_INT":"High","SSF_RL_100YR_CURR":"High","SSF_RL_100YR_2040_IL":"High","SSF_RL_100YR_2040_INT":"High","SSF_RL_100YR_2070_IL":"High","SSF_RL_100YR_2070_INT":"High","SSF_RL_500YR_CURR":"High","SSF_RL_500YR_2040_IL":"High","SSF_RL_500YR_2040_INT":"High","SSF_RL_500YR_2070_IL":"High","SSF_RL_500YR_2070_INT":"High","RIF_RL_100YR_2020":"High","RIF_RL_100YR_2040":"High","RIF_RL_100YR_2070":"High","RIF_RL_500YR_2020":"High","RIF_RL_500YR_2040":"High","RIF_RL_500YR_2070":"High"}},{"type":"Feature","id":67,"geometry":{"type":"Point","coordinates":[-80.5380093931794,24.993983138464]},"properties":{"OBJECTID_1":67,"OBJECTID":67,"Name":"CORAL SHORES HIGH SCHOOL","Address":"89901 OVERSEAS HWY","City":"TAVERNIER","Zip":"33070","COUNTY":"Monroe","X":-80.53800939,"Y":24.99398314,"LONGLAT":"-80.53800939,24.99398314","USNG":"17R NH 46621 64360","OWNERSHIP":" ","PARCELID":"0563 38 00418340000000","FACILITY_T":"LOGISTICAL STAGING AREA","ADDRESSCIT":"89901 OVERSEAS HWY TAVERNIER , FL 33070","Asset_Elevation":null,"Owned_Maintained":" ","Asset":"LOGISTICAL STAGING AREA","Asset_Sub_Type":null,"Asset_Type":"Logistical Staging Areas","Asset_Group":"Critical Community and Emergency Facilities","Asset_Relevancy":"Locally Significant","Asset_ID":"LSA_PT_67","Municipality":"Islamorada, Village of Islands","Water_Management_District":"South Florida Water Management District","Souce_Dataset_Entity":"FDEM","Souce_Dataset_Name":"Logistical Staging Areas - FDEM","Source_Asset_ID":null,"Restricted_Public_Disclosure":null,"Notes":null,"Regional_Planning_Council":"South Florida","FDEP_Regulatory_District":"Southeast District","RCP_Region":"Southeast","FDOT_District":6,"House_District_Number":120,"Senate_District_Number":40,"CTF_RL_2020":"Low","CTF_RL_2040_IL":"Low","CTF_RL_2040_INT":"Low","CTF_RL_2070_IL":"Low","CTF_RL_2070_INT":"High","SSF_RL_100YR_CURR":"Low","SSF_RL_100YR_2040_IL":"Low","SSF_RL_100YR_2040_INT":"Medium","SSF_RL_100YR_2070_IL":"Medium","SSF_RL_100YR_2070_INT":"High","SSF_RL_500YR_CURR":"High","SSF_RL_500YR_2040_IL":"High","SSF_RL_500YR_2040_INT":"High","SSF_RL_500YR_2070_IL":"High","SSF_RL_500YR_2070_INT":"High","RIF_RL_100YR_2020":"High","RIF_RL_100YR_2040":"High","RIF_RL_100YR_2070":"High","RIF_RL_500YR_2020":"High","RIF_RL_500YR_2040":"High","RIF_RL_500YR_2070":"High"}},{"type":"Feature","id":68,"geometry":{"type":"Point","coordinates":[-81.7884274243478,24.5574553866247]},"properties":{"OBJECTID_1":68,"OBJECTID":68,"Name":"Jose Marti Park","Address":"Roosevelt Blvd & Jose Marti Dr","City":"Key West","Zip":"33040","COUNTY":"Monroe","X":-81.78842742,"Y":24.55745539,"LONGLAT":"-81.78842742,24.55745539","USNG":"17R MH 20155 16175","OWNERSHIP":" ","PARCELID":" ","FACILITY_T":"LOGISTICAL STAGING AREA","ADDRESSCIT":"Roosevelt Blvd & Jose Marti Dr Key West , FL 33040","Asset_Elevation":null,"Owned_Maintained":" ","Asset":"LOGISTICAL STAGING AREA","Asset_Sub_Type":null,"Asset_Type":"Logistical Staging Areas","Asset_Group":"Critical Community and Emergency Facilities","Asset_Relevancy":"Locally Significant","Asset_ID":"LSA_PT_68","Municipality":"Key West","Water_Management_District":"South Florida Water Management District","Souce_Dataset_Entity":"FDEM","Souce_Dataset_Name":"Logistical Staging Areas - FDEM","Source_Asset_ID":null,"Restricted_Public_Disclosure":null,"Notes":null,"Regional_Planning_Council":"South Florida","FDEP_Regulatory_District":"Southeast District","RCP_Region":"Southeast","FDOT_District":6,"House_District_Number":120,"Senate_District_Number":40,"CTF_RL_2020":"Low","CTF_RL_2040_IL":"Low","CTF_RL_2040_INT":"Medium","CTF_RL_2070_IL":"Medium","CTF_RL_2070_INT":"High","SSF_RL_100YR_CURR":"High","SSF_RL_100YR_2040_IL":"High","SSF_RL_100YR_2040_INT":"High","SSF_RL_100YR_2070_IL":"High","SSF_RL_100YR_2070_INT":"High","SSF_RL_500YR_CURR":"High","SSF_RL_500YR_2040_IL":"High","SSF_RL_500YR_2040_INT":"High","SSF_RL_500YR_2070_IL":"High","SSF_RL_500YR_2070_INT":"High","RIF_RL_100YR_2020":"High","RIF_RL_100YR_2040":"High","RIF_RL_100YR_2070":"High","RIF_RL_500YR_2020":"High","RIF_RL_500YR_2040":"High","RIF_RL_500YR_2070":"High"}},{"type":"Feature","id":69,"geometry":{"type":"Point","coordinates":[-81.7667692527504,24.5654454148339]},"properties":{"OBJECTID_1":69,"OBJECTID":69,"Name":"NEEDS REVIEW","Address":"KENNEDY DR","City":"KEY WEST","Zip":"33040","COUNTY":"Monroe","X":-81.76676925,"Y":24.56544542,"LONGLAT":"-81.76676925,24.56544542","USNG":"17R MH 22354 17047","OWNERSHIP":"COUNTY","PARCELID":"3367 25 00065790000000","FACILITY_T":"LOGISTICAL STAGING AREA","ADDRESSCIT":"KENNEDY DR KEY WEST , FL 33040","Asset_Elevation":null,"Owned_Maintained":"COUNTY","Asset":"LOGISTICAL STAGING AREA","Asset_Sub_Type":null,"Asset_Type":"Logistical Staging Areas","Asset_Group":"Critical Community and Emergency Facilities","Asset_Relevancy":"Locally Significant","Asset_ID":"LSA_PT_69","Municipality":"Key West","Water_Management_District":"South Florida Water Management District","Souce_Dataset_Entity":"FDEM","Souce_Dataset_Name":"Logistical Staging Areas - FDEM","Source_Asset_ID":null,"Restricted_Public_Disclosure":null,"Notes":null,"Regional_Planning_Council":"South Florida","FDEP_Regulatory_District":"Southeast District","RCP_Region":"Southeast","FDOT_District":6,"House_District_Number":120,"Senate_District_Number":40,"CTF_RL_2020":"High","CTF_RL_2040_IL":"High","CTF_RL_2040_INT":"High","CTF_RL_2070_IL":"High","CTF_RL_2070_INT":"High","SSF_RL_100YR_CURR":"High","SSF_RL_100YR_2040_IL":"High","SSF_RL_100YR_2040_INT":"High","SSF_RL_100YR_2070_IL":"High","SSF_RL_100YR_2070_INT":"High","SSF_RL_500YR_CURR":"High","SSF_RL_500YR_2040_IL":"High","SSF_RL_500YR_2040_INT":"High","SSF_RL_500YR_2070_IL":"High","SSF_RL_500YR_2070_INT":"High","RIF_RL_100YR_2020":"High","RIF_RL_100YR_2040":"High","RIF_RL_100YR_2070":"High","RIF_RL_500YR_2020":"High","RIF_RL_500YR_2040":"High","RIF_RL_500YR_2070":"High"}},{"type":"Feature","id":70,"geometry":{"type":"Point","coordinates":[-81.0271475503577,24.7303168338661]},"properties":{"OBJECTID_1":70,"OBJECTID":70,"Name":"SAN PABLO CATHOLIC CHURCH FIELD","Address":"550 122ND ST OCEAN","City":"MARATHON","Zip":"33050","COUNTY":"Monroe","X":-81.02714755,"Y":24.73031683,"LONGLAT":"-81.02714755,24.73031683","USNG":"17R MH 97254 35086","OWNERSHIP":" ","PARCELID":"0566 33 00100450000000","FACILITY_T":"LOGISTICAL STAGING AREA","ADDRESSCIT":"550 122ND ST OCEAN MARATHON , FL 33050","Asset_Elevation":null,"Owned_Maintained":" ","Asset":"LOGISTICAL STAGING AREA","Asset_Sub_Type":null,"Asset_Type":"Logistical Staging Areas","Asset_Group":"Critical Community and Emergency Facilities","Asset_Relevancy":"Locally Significant","Asset_ID":"LSA_PT_70","Municipality":"Marathon","Water_Management_District":"South Florida Water Management District","Souce_Dataset_Entity":"FDEM","Souce_Dataset_Name":"Logistical Staging Areas - FDEM","Source_Asset_ID":null,"Restricted_Public_Disclosure":null,"Notes":null,"Regional_Planning_Council":"South Florida","FDEP_Regulatory_District":"Southeast District","RCP_Region":"Southeast","FDOT_District":6,"House_District_Number":120,"Senate_District_Number":40,"CTF_RL_2020":"Low","CTF_RL_2040_IL":"Low","CTF_RL_2040_INT":"Low","CTF_RL_2070_IL":"Low","CTF_RL_2070_INT":"High","SSF_RL_100YR_CURR":"High","SSF_RL_100YR_2040_IL":"High","SSF_RL_100YR_2040_INT":"High","SSF_RL_100YR_2070_IL":"High","SSF_RL_100YR_2070_INT":"High","SSF_RL_500YR_CURR":"High","SSF_RL_500YR_2040_IL":"High","SSF_RL_500YR_2040_INT":"High","SSF_RL_500YR_2070_IL":"High","SSF_RL_500YR_2070_INT":"High","RIF_RL_100YR_2020":"High","RIF_RL_100YR_2040":"High","RIF_RL_100YR_2070":"High","RIF_RL_500YR_2020":"High","RIF_RL_500YR_2040":"High","RIF_RL_500YR_2070":"High"}},{"type":"Feature","id":71,"geometry":{"type":"Point","coordinates":[-80.5231278192638,25.0043302043645]},"properties":{"OBJECTID_1":71,"OBJECTID":71,"Name":"TAVERNIER TOWNE PARKING LOT","Address":"91200 OVERSEAS HWY","City":"TAVERNIER","Zip":"33070","COUNTY":"Monroe","X":-80.52312782,"Y":25.0043302,"LONGLAT":"-80.52312782,25.00433020","USNG":"17R NH 48119 65511","OWNERSHIP":" ","PARCELID":"3362 38 00089910000100","FACILITY_T":"LOGISTICAL STAGING AREA","ADDRESSCIT":"91200 OVERSEAS HWY TAVERNIER , FL 33070","Asset_Elevation":null,"Owned_Maintained":" ","Asset":"LOGISTICAL STAGING AREA","Asset_Sub_Type":null,"Asset_Type":"Logistical Staging Areas","Asset_Group":"Critical Community and Emergency Facilities","Asset_Relevancy":"Locally Significant","Asset_ID":"LSA_PT_71","Municipality":null,"Water_Management_District":"South Florida Water Management District","Souce_Dataset_Entity":"FDEM","Souce_Dataset_Name":"Logistical Staging Areas - FDEM","Source_Asset_ID":null,"Restricted_Public_Disclosure":null,"Notes":null,"Regional_Planning_Council":"South Florida","FDEP_Regulatory_District":"Southeast District","RCP_Region":"Southeast","FDOT_District":6,"House_District_Number":120,"Senate_District_Number":40,"CTF_RL_2020":"Medium","CTF_RL_2040_IL":"Medium","CTF_RL_2040_INT":"Medium","CTF_RL_2070_IL":"Medium","CTF_RL_2070_INT":"High","SSF_RL_100YR_CURR":"High","SSF_RL_100YR_2040_IL":"High","SSF_RL_100YR_2040_INT":"High","SSF_RL_100YR_2070_IL":"High","SSF_RL_100YR_2070_INT":"High","SSF_RL_500YR_CURR":"High","SSF_RL_500YR_2040_IL":"High","SSF_RL_500YR_2040_INT":"High","SSF_RL_500YR_2070_IL":"High","SSF_RL_500YR_2070_INT":"High","RIF_RL_100YR_2020":"High","RIF_RL_100YR_2040":"High","RIF_RL_100YR_2070":"High","RIF_RL_500YR_2020":"High","RIF_RL_500YR_2040":"High","RIF_RL_500YR_2070":"High"}},{"type":"Feature","id":72,"geometry":{"type":"Point","coordinates":[-81.1191977652751,24.7067184271128]},"properties":{"OBJECTID_1":72,"OBJECTID":72,"Name":"KNIGHT'S KEY CAMPGROUND FIELD","Address":"KNIGHT'S KEY","City":"MARATHON","Zip":"33050","COUNTY":"Monroe","X":-81.11919776,"Y":24.70671843,"LONGLAT":"-81.11919776,24.70671843","USNG":"17R MH 87943 32478","OWNERSHIP":" ","PARCELID":"0866 32 00101800000000","FACILITY_T":"LOGISTICAL STAGING AREA","ADDRESSCIT":"KNIGHT'S KEY MARATHON , FL 33050","Asset_Elevation":null,"Owned_Maintained":" ","Asset":"LOGISTICAL STAGING AREA","Asset_Sub_Type":null,"Asset_Type":"Logistical Staging Areas","Asset_Group":"Critical Community and Emergency Facilities","Asset_Relevancy":"Locally Significant","Asset_ID":"LSA_PT_72","Municipality":"Marathon","Water_Management_District":"South Florida Water Management District","Souce_Dataset_Entity":"FDEM","Souce_Dataset_Name":"Logistical Staging Areas - FDEM","Source_Asset_ID":null,"Restricted_Public_Disclosure":null,"Notes":null,"Regional_Planning_Council":"South Florida","FDEP_Regulatory_District":"Southeast District","RCP_Region":"Southeast","FDOT_District":6,"House_District_Number":120,"Senate_District_Number":40,"CTF_RL_2020":"Low","CTF_RL_2040_IL":"Low","CTF_RL_2040_INT":"Low","CTF_RL_2070_IL":"Low","CTF_RL_2070_INT":"High","SSF_RL_100YR_CURR":"High","SSF_RL_100YR_2040_IL":"High","SSF_RL_100YR_2040_INT":"High","SSF_RL_100YR_2070_IL":"High","SSF_RL_100YR_2070_INT":"High","SSF_RL_500YR_CURR":"High","SSF_RL_500YR_2040_IL":"High","SSF_RL_500YR_2040_INT":"High","SSF_RL_500YR_2070_IL":"High","SSF_RL_500YR_2070_INT":"High","RIF_RL_100YR_2020":"High","RIF_RL_100YR_2040":"High","RIF_RL_100YR_2070":"High","RIF_RL_500YR_2020":"High","RIF_RL_500YR_2040":"High","RIF_RL_500YR_2070":"High"}},{"type":"Feature","id":73,"geometry":{"type":"Point","coordinates":[-81.0744020179838,24.7161169346253]},"properties":{"OBJECTID_1":73,"OBJECTID":73,"Name":"KMART PARKING LOT","Address":"5575 OVERSEAS HWY","City":"MARATHON","Zip":"33050","COUNTY":"Monroe","X":-81.07440202,"Y":24.71611694,"LONGLAT":"-81.07440202,24.71611694","USNG":"17R MH 92474 33516","OWNERSHIP":" ","PARCELID":"1166 32 00103660000000","FACILITY_T":"LOGISTICAL STAGING AREA","ADDRESSCIT":"5575 OVERSEAS HWY MARATHON , FL 33050","Asset_Elevation":null,"Owned_Maintained":" ","Asset":"LOGISTICAL STAGING AREA","Asset_Sub_Type":null,"Asset_Type":"Logistical Staging Areas","Asset_Group":"Critical Community and Emergency Facilities","Asset_Relevancy":"Locally Significant","Asset_ID":"LSA_PT_73","Municipality":"Marathon","Water_Management_District":"South Florida Water Management District","Souce_Dataset_Entity":"FDEM","Souce_Dataset_Name":"Logistical Staging Areas - FDEM","Source_Asset_ID":null,"Restricted_Public_Disclosure":null,"Notes":null,"Regional_Planning_Council":"South Florida","FDEP_Regulatory_District":"Southeast District","RCP_Region":"Southeast","FDOT_District":6,"House_District_Number":120,"Senate_District_Number":40,"CTF_RL_2020":"Low","CTF_RL_2040_IL":"Low","CTF_RL_2040_INT":"Low","CTF_RL_2070_IL":"Medium","CTF_RL_2070_INT":"High","SSF_RL_100YR_CURR":"High","SSF_RL_100YR_2040_IL":"High","SSF_RL_100YR_2040_INT":"High","SSF_RL_100YR_2070_IL":"High","SSF_RL_100YR_2070_INT":"High","SSF_RL_500YR_CURR":"High","SSF_RL_500YR_2040_IL":"High","SSF_RL_500YR_2040_INT":"High","SSF_RL_500YR_2070_IL":"High","SSF_RL_500YR_2070_INT":"High","RIF_RL_100YR_2020":"High","RIF_RL_100YR_2040":"High","RIF_RL_100YR_2070":"High","RIF_RL_500YR_2020":"High","RIF_RL_500YR_2040":"High","RIF_RL_500YR_2070":"High"}},{"type":"Feature","id":74,"geometry":{"type":"Point","coordinates":[-81.7766361156423,24.5799383354866]},"properties":{"OBJECTID_1":74,"OBJECTID":74,"Name":"SIGSBEE PARK & COMMUNITY CENTER","Address":"SIGSBEE BLVD & ARTHUR SAWYER","City":"KEY WEST","Zip":"33040","COUNTY":"Monroe","X":-81.77663612,"Y":24.57993834,"LONGLAT":"-81.77663612,24.57993834","USNG":"17R MH 21363 18657","OWNERSHIP":"FEDERAL","PARCELID":"2867 25 00002310000000","FACILITY_T":"LOGISTICAL STAGING AREA","ADDRESSCIT":"SIGSBEE BLVD & ARTHUR SAWYER KEY WEST , FL 33040","Asset_Elevation":null,"Owned_Maintained":"FEDERAL","Asset":"LOGISTICAL STAGING AREA","Asset_Sub_Type":null,"Asset_Type":"Logistical Staging Areas","Asset_Group":"Critical Community and Emergency Facilities","Asset_Relevancy":"Locally Significant","Asset_ID":"LSA_PT_74","Municipality":"Key West","Water_Management_District":"South Florida Water Management District","Souce_Dataset_Entity":"FDEM","Souce_Dataset_Name":"Logistical Staging Areas - FDEM","Source_Asset_ID":null,"Restricted_Public_Disclosure":null,"Notes":null,"Regional_Planning_Council":"South Florida","FDEP_Regulatory_District":"Southeast District","RCP_Region":"Southeast","FDOT_District":6,"House_District_Number":120,"Senate_District_Number":40,"CTF_RL_2020":"Medium","CTF_RL_2040_IL":"Medium","CTF_RL_2040_INT":"Medium","CTF_RL_2070_IL":"Medium","CTF_RL_2070_INT":"High","SSF_RL_100YR_CURR":"High","SSF_RL_100YR_2040_IL":"High","SSF_RL_100YR_2040_INT":"High","SSF_RL_100YR_2070_IL":"High","SSF_RL_100YR_2070_INT":"High","SSF_RL_500YR_CURR":"High","SSF_RL_500YR_2040_IL":"High","SSF_RL_500YR_2040_INT":"High","SSF_RL_500YR_2070_IL":"High","SSF_RL_500YR_2070_INT":"High","RIF_RL_100YR_2020":"High","RIF_RL_100YR_2040":"High","RIF_RL_100YR_2070":"High","RIF_RL_500YR_2020":"High","RIF_RL_500YR_2040":"High","RIF_RL_500YR_2070":"High"}},{"type":"Feature","id":75,"geometry":{"type":"Point","coordinates":[-81.789098000255,24.5564999991322]},"properties":{"OBJECTID_1":75,"OBJECTID":75,"Name":"JOSE MARTI PARK","Address":"ROOSEVELT BLVD & JOSE MARTI D","City":"KEY WEST","Zip":"33040","COUNTY":"Monroe","X":-81.789098,"Y":24.5565,"LONGLAT":"-81.78909800,24.55650000","USNG":"17R MH 20087 16069","OWNERSHIP":"MUNICIPAL","PARCELID":"0568 25 00033910000000","FACILITY_T":"LOGISTICAL STAGING AREA","ADDRESSCIT":"ROOSEVELT BLVD & JOSE MARTI D KEY WEST , FL 33040","Asset_Elevation":null,"Owned_Maintained":"MUNICIPAL","Asset":"LOGISTICAL STAGING AREA","Asset_Sub_Type":null,"Asset_Type":"Logistical Staging Areas","Asset_Group":"Critical Community and Emergency Facilities","Asset_Relevancy":"Locally Significant","Asset_ID":"LSA_PT_75","Municipality":"Key West","Water_Management_District":"South Florida Water Management District","Souce_Dataset_Entity":"FDEM","Souce_Dataset_Name":"Logistical Staging Areas - FDEM","Source_Asset_ID":null,"Restricted_Public_Disclosure":null,"Notes":null,"Regional_Planning_Council":"South Florida","FDEP_Regulatory_District":"Southeast District","RCP_Region":"Southeast","FDOT_District":6,"House_District_Number":120,"Senate_District_Number":40,"CTF_RL_2020":"Low","CTF_RL_2040_IL":"Low","CTF_RL_2040_INT":"Medium","CTF_RL_2070_IL":"Medium","CTF_RL_2070_INT":"High","SSF_RL_100YR_CURR":"High","SSF_RL_100YR_2040_IL":"High","SSF_RL_100YR_2040_INT":"High","SSF_RL_100YR_2070_IL":"High","SSF_RL_100YR_2070_INT":"High","SSF_RL_500YR_CURR":"High","SSF_RL_500YR_2040_IL":"High","SSF_RL_500YR_2040_INT":"High","SSF_RL_500YR_2070_IL":"High","SSF_RL_500YR_2070_INT":"High","RIF_RL_100YR_2020":"High","RIF_RL_100YR_2040":"High","RIF_RL_100YR_2070":"High","RIF_RL_500YR_2020":"High","RIF_RL_500YR_2040":"High","RIF_RL_500YR_2070":"High"}},{"type":"Feature","id":76,"geometry":{"type":"Point","coordinates":[-80.5681164106406,24.9614386832541]},"properties":{"OBJECTID_1":76,"OBJECTID":76,"Name":"FOUNDER'S PARK","Address":"87000 OVERSEAS HWY","City":"ISLAMORADA","Zip":"33036","COUNTY":"Monroe","X":-80.56811641,"Y":24.96143868,"LONGLAT":"-80.56811641,24.96143868","USNG":"17R NH 43595 60747","OWNERSHIP":"MUNICIPAL","PARCELID":"1863 38 00093330000100","FACILITY_T":"LOGISTICAL STAGING AREA","ADDRESSCIT":"87000 OVERSEAS HWY ISLAMORADA , FL 33036","Asset_Elevation":null,"Owned_Maintained":"MUNICIPAL","Asset":"LOGISTICAL STAGING AREA","Asset_Sub_Type":null,"Asset_Type":"Logistical Staging Areas","Asset_Group":"Critical Community and Emergency Facilities","Asset_Relevancy":"Locally Significant","Asset_ID":"LSA_PT_76","Municipality":"Islamorada, Village of Islands","Water_Management_District":"South Florida Water Management District","Souce_Dataset_Entity":"FDEM","Souce_Dataset_Name":"Logistical Staging Areas - FDEM","Source_Asset_ID":null,"Restricted_Public_Disclosure":null,"Notes":null,"Regional_Planning_Council":"South Florida","FDEP_Regulatory_District":"Southeast District","RCP_Region":"Southeast","FDOT_District":6,"House_District_Number":120,"Senate_District_Number":40,"CTF_RL_2020":"Low","CTF_RL_2040_IL":"Low","CTF_RL_2040_INT":"Low","CTF_RL_2070_IL":"Low","CTF_RL_2070_INT":"High","SSF_RL_100YR_CURR":"Medium","SSF_RL_100YR_2040_IL":"Medium","SSF_RL_100YR_2040_INT":"Medium","SSF_RL_100YR_2070_IL":"High","SSF_RL_100YR_2070_INT":"High","SSF_RL_500YR_CURR":"High","SSF_RL_500YR_2040_IL":"High","SSF_RL_500YR_2040_INT":"High","SSF_RL_500YR_2070_IL":"High","SSF_RL_500YR_2070_INT":"High","RIF_RL_100YR_2020":"High","RIF_RL_100YR_2040":"High","RIF_RL_100YR_2070":"High","RIF_RL_500YR_2020":"High","RIF_RL_500YR_2040":"High","RIF_RL_500YR_2070":"High"}},{"type":"Feature","id":77,"geometry":{"type":"Point","coordinates":[-81.0496404418325,24.7255445195999]},"properties":{"OBJECTID_1":77,"OBJECTID":77,"Name":"MARATHON AIRPORT","Address":"9400 OVERSEAS HWY","City":"MARATHON","Zip":"33050","COUNTY":"Monroe","X":-81.04964044,"Y":24.72554452,"LONGLAT":"-81.04964044,24.72554452","USNG":"17R MH 94979 34559","OWNERSHIP":"COUNTY","PARCELID":"0166 32 00101160000000","FACILITY_T":"LOGISTICAL STAGING AREA","ADDRESSCIT":"9400 OVERSEAS HWY MARATHON , FL 33050","Asset_Elevation":null,"Owned_Maintained":"COUNTY","Asset":"LOGISTICAL STAGING AREA","Asset_Sub_Type":null,"Asset_Type":"Logistical Staging Areas","Asset_Group":"Critical Community and Emergency Facilities","Asset_Relevancy":"Locally Significant","Asset_ID":"LSA_PT_77","Municipality":"Marathon","Water_Management_District":"South Florida Water Management District","Souce_Dataset_Entity":"FDEM","Souce_Dataset_Name":"Logistical Staging Areas - FDEM","Source_Asset_ID":null,"Restricted_Public_Disclosure":null,"Notes":null,"Regional_Planning_Council":"South Florida","FDEP_Regulatory_District":"Southeast District","RCP_Region":"Southeast","FDOT_District":6,"House_District_Number":120,"Senate_District_Number":40,"CTF_RL_2020":"Low","CTF_RL_2040_IL":"Medium","CTF_RL_2040_INT":"Medium","CTF_RL_2070_IL":"High","CTF_RL_2070_INT":"High","SSF_RL_100YR_CURR":"High","SSF_RL_100YR_2040_IL":"High","SSF_RL_100YR_2040_INT":"High","SSF_RL_100YR_2070_IL":"High","SSF_RL_100YR_2070_INT":"High","SSF_RL_500YR_CURR":"High","SSF_RL_500YR_2040_IL":"High","SSF_RL_500YR_2040_INT":"High","SSF_RL_500YR_2070_IL":"High","SSF_RL_500YR_2070_INT":"High","RIF_RL_100YR_2020":"High","RIF_RL_100YR_2040":"High","RIF_RL_100YR_2070":"High","RIF_RL_500YR_2020":"High","RIF_RL_500YR_2040":"High","RIF_RL_500YR_2070":"High"}},{"type":"Feature","id":78,"geometry":{"type":"Point","coordinates":[-86.5218765758535,30.7774288719478]},"properties":{"OBJECTID_1":78,"OBJECTID":78,"Name":"BOB SIKES AIRPORT","Address":" ","City":"CRESTVIEW","Zip":"32539","COUNTY":"Okaloosa","X":-86.52187658,"Y":30.77742887,"LONGLAT":"-86.52187658,30.77742887","USNG":"16R EV 45750 05033","OWNERSHIP":"COUNTY","PARCELID":"11-3N-23-0000-0003-0000","FACILITY_T":"LOGISTICAL STAGING AREA","ADDRESSCIT":"  CRESTVIEW , FL 32539","Asset_Elevation":null,"Owned_Maintained":"COUNTY","Asset":"LOGISTICAL STAGING AREA","Asset_Sub_Type":null,"Asset_Type":"Logistical Staging Areas","Asset_Group":"Critical Community and Emergency Facilities","Asset_Relevancy":"Locally Significant","Asset_ID":"LSA_PT_78","Municipality":null,"Water_Management_District":"Northwest Florida Water Management District","Souce_Dataset_Entity":"FDEM","Souce_Dataset_Name":"Logistical Staging Areas - FDEM","Source_Asset_ID":null,"Restricted_Public_Disclosure":null,"Notes":null,"Regional_Planning_Council":"Emerald Coast","FDEP_Regulatory_District":"Northwest District","RCP_Region":"Northwest","FDOT_District":3,"House_District_Number":3,"Senate_District_Number":2,"CTF_RL_2020":"Not Affected","CTF_RL_2040_IL":"Not Affected","CTF_RL_2040_INT":"Not Affected","CTF_RL_2070_IL":"Not Affected","CTF_RL_2070_INT":"Not Affected","SSF_RL_100YR_CURR":"Not Affected","SSF_RL_100YR_2040_IL":"Not Affected","SSF_RL_100YR_2040_INT":"Not Affected","SSF_RL_100YR_2070_IL":"Not Affected","SSF_RL_100YR_2070_INT":"Not Affected","SSF_RL_500YR_CURR":"Not Affected","SSF_RL_500YR_2040_IL":"Not Affected","SSF_RL_500YR_2040_INT":"Not Affected","SSF_RL_500YR_2070_IL":"Not Affected","SSF_RL_500YR_2070_INT":"Not Affected","RIF_RL_100YR_2020":"High","RIF_RL_100YR_2040":"High","RIF_RL_100YR_2070":"High","RIF_RL_500YR_2020":"High","RIF_RL_500YR_2040":"High","RIF_RL_500YR_2070":"High"}},{"type":"Feature","id":79,"geometry":{"type":"Point","coordinates":[-86.5218765758535,30.7774288719478]},"properties":{"OBJECTID_1":79,"OBJECTID":79,"Name":"BOB SIKES AIRPORT","Address":" ","City":"CRESTVIEW","Zip":"32539","COUNTY":"Okaloosa","X":-86.52187658,"Y":30.77742887,"LONGLAT":"-86.52187658,30.77742887","USNG":"16R EV 45750 05033","OWNERSHIP":"COUNTY","PARCELID":"11-3N-23-0000-0003-0000","FACILITY_T":"LOGISTICAL STAGING AREA","ADDRESSCIT":"  CRESTVIEW , FL 32539","Asset_Elevation":null,"Owned_Maintained":"COUNTY","Asset":"LOGISTICAL STAGING AREA","Asset_Sub_Type":null,"Asset_Type":"Logistical Staging Areas","Asset_Group":"Critical Community and Emergency Facilities","Asset_Relevancy":"Locally Significant","Asset_ID":"LSA_PT_79","Municipality":null,"Water_Management_District":"Northwest Florida Water Management District","Souce_Dataset_Entity":"FDEM","Souce_Dataset_Name":"Logistical Staging Areas - FDEM","Source_Asset_ID":null,"Restricted_Public_Disclosure":null,"Notes":null,"Regional_Planning_Council":"Emerald Coast","FDEP_Regulatory_District":"Northwest District","RCP_Region":"Northwest","FDOT_District":3,"House_District_Number":3,"Senate_District_Number":2,"CTF_RL_2020":"Not Affected","CTF_RL_2040_IL":"Not Affected","CTF_RL_2040_INT":"Not Affected","CTF_RL_2070_IL":"Not Affected","CTF_RL_2070_INT":"Not Affected","SSF_RL_100YR_CURR":"Not Affected","SSF_RL_100YR_2040_IL":"Not Affected","SSF_RL_100YR_2040_INT":"Not Affected","SSF_RL_100YR_2070_IL":"Not Affected","SSF_RL_100YR_2070_INT":"Not Affected","SSF_RL_500YR_CURR":"Not Affected","SSF_RL_500YR_2040_IL":"Not Affected","SSF_RL_500YR_2040_INT":"Not Affected","SSF_RL_500YR_2070_IL":"Not Affected","SSF_RL_500YR_2070_INT":"Not Affected","RIF_RL_100YR_2020":"High","RIF_RL_100YR_2040":"High","RIF_RL_100YR_2070":"High","RIF_RL_500YR_2020":"High","RIF_RL_500YR_2040":"High","RIF_RL_500YR_2070":"High"}},{"type":"Feature","id":80,"geometry":{"type":"Point","coordinates":[-86.5218765758535,30.7774288719478]},"properties":{"OBJECTID_1":80,"OBJECTID":80,"Name":"BOB SIKES AIRPORT","Address":" ","City":"CRESTVIEW","Zip":"32539","COUNTY":"Okaloosa","X":-86.52187658,"Y":30.77742887,"LONGLAT":"-86.52187658,30.77742887","USNG":"16R EV 45750 05033","OWNERSHIP":"COUNTY","PARCELID":"11-3N-23-0000-0003-0000","FACILITY_T":"LOGISTICAL STAGING AREA","ADDRESSCIT":"  CRESTVIEW , FL 32539","Asset_Elevation":null,"Owned_Maintained":"COUNTY","Asset":"LOGISTICAL STAGING AREA","Asset_Sub_Type":null,"Asset_Type":"Logistical Staging Areas","Asset_Group":"Critical Community and Emergency Facilities","Asset_Relevancy":"Locally Significant","Asset_ID":"LSA_PT_80","Municipality":null,"Water_Management_District":"Northwest Florida Water Management District","Souce_Dataset_Entity":"FDEM","Souce_Dataset_Name":"Logistical Staging Areas - FDEM","Source_Asset_ID":null,"Restricted_Public_Disclosure":null,"Notes":null,"Regional_Planning_Council":"Emerald Coast","FDEP_Regulatory_District":"Northwest District","RCP_Region":"Northwest","FDOT_District":3,"House_District_Number":3,"Senate_District_Number":2,"CTF_RL_2020":"Not Affected","CTF_RL_2040_IL":"Not Affected","CTF_RL_2040_INT":"Not Affected","CTF_RL_2070_IL":"Not Affected","CTF_RL_2070_INT":"Not Affected","SSF_RL_100YR_CURR":"Not Affected","SSF_RL_100YR_2040_IL":"Not Affected","SSF_RL_100YR_2040_INT":"Not Affected","SSF_RL_100YR_2070_IL":"Not Affected","SSF_RL_100YR_2070_INT":"Not Affected","SSF_RL_500YR_CURR":"Not Affected","SSF_RL_500YR_2040_IL":"Not Affected","SSF_RL_500YR_2040_INT":"Not Affected","SSF_RL_500YR_2070_IL":"Not Affected","SSF_RL_500YR_2070_INT":"Not Affected","RIF_RL_100YR_2020":"High","RIF_RL_100YR_2040":"High","RIF_RL_100YR_2070":"High","RIF_RL_500YR_2020":"High","RIF_RL_500YR_2040":"High","RIF_RL_500YR_2070":"High"}},{"type":"Feature","id":81,"geometry":{"type":"Point","coordinates":[-81.3351392933218,28.548800875835]},"properties":{"OBJECTID_1":81,"OBJECTID":81,"Name":"ORLANDO EXECUTIVE AIRPORT","Address":"501 HERNDON AVE","City":"ORLANDO","Zip":"32803","COUNTY":"Orange","X":-81.33513929,"Y":28.54880088,"LONGLAT":"-81.33513929,28.54880088","USNG":"17R MM 67216 58044","OWNERSHIP":" ","PARCELID":"302229000000016","FACILITY_T":"LOGISTICAL STAGING AREA","ADDRESSCIT":"501 HERNDON AVE ORLANDO , FL 32803","Asset_Elevation":null,"Owned_Maintained":" ","Asset":"LOGISTICAL STAGING AREA","Asset_Sub_Type":null,"Asset_Type":"Logistical Staging Areas","Asset_Group":"Critical Community and Emergency Facilities","Asset_Relevancy":"Locally Significant","Asset_ID":"LSA_PT_81","Municipality":"Orlando","Water_Management_District":"St. Johns River Water Management District","Souce_Dataset_Entity":"FDEM","Souce_Dataset_Name":"Logistical Staging Areas - FDEM","Source_Asset_ID":null,"Restricted_Public_Disclosure":null,"Notes":null,"Regional_Planning_Council":"East Central Florida","FDEP_Regulatory_District":"Central District","RCP_Region":"Northeast","FDOT_District":5,"House_District_Number":42,"Senate_District_Number":17,"CTF_RL_2020":"Not Affected","CTF_RL_2040_IL":"Not Affected","CTF_RL_2040_INT":"Not Affected","CTF_RL_2070_IL":"Not Affected","CTF_RL_2070_INT":"Not Affected","SSF_RL_100YR_CURR":"Not Affected","SSF_RL_100YR_2040_IL":"Not Affected","SSF_RL_100YR_2040_INT":"Not Affected","SSF_RL_100YR_2070_IL":"Not Affected","SSF_RL_100YR_2070_INT":"Not Affected","SSF_RL_500YR_CURR":"Not Affected","SSF_RL_500YR_2040_IL":"Not Affected","SSF_RL_500YR_2040_INT":"Not Affected","SSF_RL_500YR_2070_IL":"Not Affected","SSF_RL_500YR_2070_INT":"Not Affected","RIF_RL_100YR_2020":"High","RIF_RL_100YR_2040":"High","RIF_RL_100YR_2070":"High","RIF_RL_500YR_2020":"High","RIF_RL_500YR_2040":"High","RIF_RL_500YR_2070":"High"}},{"type":"Feature","id":82,"geometry":{"type":"Point","coordinates":[-81.4586463496005,28.4302122893785]},"properties":{"OBJECTID_1":82,"OBJECTID":82,"Name":"ORANGE COUNTY CONVENTION CENTER LSA","Address":"9400 UNIVERSAL BLVD","City":"ORLANDO","Zip":"32819","COUNTY":"Orange","X":-81.45864635,"Y":28.43021229,"LONGLAT":"-81.45864635,28.43021229","USNG":"17R MM 55084 44946","OWNERSHIP":"COUNTY","PARCELID":"282401000000007","FACILITY_T":"LOGISTICAL STAGING AREA","ADDRESSCIT":"9400 UNIVERSAL BLVD ORLANDO , FL 32819","Asset_Elevation":null,"Owned_Maintained":"COUNTY","Asset":"LOGISTICAL STAGING AREA","Asset_Sub_Type":null,"Asset_Type":"Logistical Staging Areas","Asset_Group":"Critical Community and Emergency Facilities","Asset_Relevancy":"Locally Significant","Asset_ID":"LSA_PT_82","Municipality":null,"Water_Management_District":"South Florida Water Management District","Souce_Dataset_Entity":"FDEM","Souce_Dataset_Name":"Logistical Staging Areas - FDEM","Source_Asset_ID":null,"Restricted_Public_Disclosure":null,"Notes":null,"Regional_Planning_Council":"East Central Florida","FDEP_Regulatory_District":"Central District","RCP_Region":"Northeast","FDOT_District":5,"House_District_Number":44,"Senate_District_Number":25,"CTF_RL_2020":"Not Affected","CTF_RL_2040_IL":"Not Affected","CTF_RL_2040_INT":"Not Affected","CTF_RL_2070_IL":"Not Affected","CTF_RL_2070_INT":"Not Affected","SSF_RL_100YR_CURR":"Not Affected","SSF_RL_100YR_2040_IL":"Not Affected","SSF_RL_100YR_2040_INT":"Not Affected","SSF_RL_100YR_2070_IL":"Not Affected","SSF_RL_100YR_2070_INT":"Not Affected","SSF_RL_500YR_CURR":"Not Affected","SSF_RL_500YR_2040_IL":"Not Affected","SSF_RL_500YR_2040_INT":"Not Affected","SSF_RL_500YR_2070_IL":"Not Affected","SSF_RL_500YR_2070_INT":"Not Affected","RIF_RL_100YR_2020":"High","RIF_RL_100YR_2040":"High","RIF_RL_100YR_2070":"High","RIF_RL_500YR_2020":"High","RIF_RL_500YR_2040":"High","RIF_RL_500YR_2070":"High"}},{"type":"Feature","id":83,"geometry":{"type":"Point","coordinates":[-81.4400612083245,28.5536502652546]},"properties":{"OBJECTID_1":83,"OBJECTID":83,"Name":"ORANGE COUNTY FAIRGROUNDS","Address":"4603 W COLONIAL DR","City":"ORLANDO","Zip":"32808","COUNTY":"Orange","X":-81.44006121,"Y":28.55365027,"LONGLAT":"-81.44006121,28.55365027","USNG":"17R MM 56955 58614","OWNERSHIP":" ","PARCELID":"292220000000042","FACILITY_T":"LOGISTICAL STAGING AREA","ADDRESSCIT":"4603 W COLONIAL DR ORLANDO , FL 32808","Asset_Elevation":null,"Owned_Maintained":" ","Asset":"LOGISTICAL STAGING AREA","Asset_Sub_Type":null,"Asset_Type":"Logistical Staging Areas","Asset_Group":"Critical Community and Emergency Facilities","Asset_Relevancy":"Locally Significant","Asset_ID":"LSA_PT_83","Municipality":"Orlando","Water_Management_District":"St. Johns River Water Management District","Souce_Dataset_Entity":"FDEM","Souce_Dataset_Name":"Logistical Staging Areas - FDEM","Source_Asset_ID":null,"Restricted_Public_Disclosure":null,"Notes":null,"Regional_Planning_Council":"East Central Florida","FDEP_Regulatory_District":"Central District","RCP_Region":"Northeast","FDOT_District":5,"House_District_Number":40,"Senate_District_Number":15,"CTF_RL_2020":"Not Affected","CTF_RL_2040_IL":"Not Affected","CTF_RL_2040_INT":"Not Affected","CTF_RL_2070_IL":"Not Affected","CTF_RL_2070_INT":"Not Affected","SSF_RL_100YR_CURR":"Not Affected","SSF_RL_100YR_2040_IL":"Not Affected","SSF_RL_100YR_2040_INT":"Not Affected","SSF_RL_100YR_2070_IL":"Not Affected","SSF_RL_100YR_2070_INT":"Not Affected","SSF_RL_500YR_CURR":"Not Affected","SSF_RL_500YR_2040_IL":"Not Affected","SSF_RL_500YR_2040_INT":"Not Affected","SSF_RL_500YR_2070_IL":"Not Affected","SSF_RL_500YR_2070_INT":"Not Affected","RIF_RL_100YR_2020":"High","RIF_RL_100YR_2040":"High","RIF_RL_100YR_2070":"High","RIF_RL_500YR_2020":"High","RIF_RL_500YR_2040":"High","RIF_RL_500YR_2070":"High"}},{"type":"Feature","id":84,"geometry":{"type":"Point","coordinates":[-81.4211898426109,28.4584185841988]},"properties":{"OBJECTID_1":84,"OBJECTID":84,"Name":"STATE LOGISTICS RESPONSE CENTER","Address":"2702 DIRECTORS ROW","City":"ORLANDO","Zip":"32809","COUNTY":"Orange","X":-81.42118984,"Y":28.45841858,"LONGLAT":"-81.42118984,28.45841858","USNG":"17R MM 58763 48057","OWNERSHIP":" ","PARCELID":" ","FACILITY_T":"LOGISTICAL STAGING AREA","ADDRESSCIT":"2702 DIRECTORS ROW ORLANDO , FL 32809","Asset_Elevation":null,"Owned_Maintained":" ","Asset":"LOGISTICAL STAGING AREA","Asset_Sub_Type":null,"Asset_Type":"Logistical Staging Areas","Asset_Group":"Critical Community and Emergency Facilities","Asset_Relevancy":"Locally Significant","Asset_ID":"LSA_PT_84","Municipality":null,"Water_Management_District":"South Florida Water Management District","Souce_Dataset_Entity":"FDEM","Souce_Dataset_Name":"Logistical Staging Areas - FDEM","Source_Asset_ID":null,"Restricted_Public_Disclosure":null,"Notes":null,"Regional_Planning_Council":"East Central Florida","FDEP_Regulatory_District":"Central District","RCP_Region":"Northeast","FDOT_District":5,"House_District_Number":41,"Senate_District_Number":15,"CTF_RL_2020":"Not Affected","CTF_RL_2040_IL":"Not Affected","CTF_RL_2040_INT":"Not Affected","CTF_RL_2070_IL":"Not Affected","CTF_RL_2070_INT":"Not Affected","SSF_RL_100YR_CURR":"Not Affected","SSF_RL_100YR_2040_IL":"Not Affected","SSF_RL_100YR_2040_INT":"Not Affected","SSF_RL_100YR_2070_IL":"Not Affected","SSF_RL_100YR_2070_INT":"Not Affected","SSF_RL_500YR_CURR":"Not Affected","SSF_RL_500YR_2040_IL":"Not Affected","SSF_RL_500YR_2040_INT":"Not Affected","SSF_RL_500YR_2070_IL":"Not Affected","SSF_RL_500YR_2070_INT":"Not Affected","RIF_RL_100YR_2020":"High","RIF_RL_100YR_2040":"High","RIF_RL_100YR_2070":"High","RIF_RL_500YR_2020":"High","RIF_RL_500YR_2040":"High","RIF_RL_500YR_2070":"High"}},{"type":"Feature","id":85,"geometry":{"type":"Point","coordinates":[-80.1902642109983,26.6816680875686]},"properties":{"OBJECTID_1":85,"OBJECTID":85,"Name":"WEST PALM BEACH COUNTY FAIRGROUNDS","Address":"9067 SOUTHERN BLVD","City":"WEST PALM BEACH","Zip":"33411","COUNTY":"Palm Beach","X":0,"Y":0,"LONGLAT":" ","USNG":" ","OWNERSHIP":" ","PARCELID":" ","FACILITY_T":"LOGISTICAL STAGING AREA","ADDRESSCIT":"9067 SOUTHERN BLVD WEST PALM BEACH , FL 33411","Asset_Elevation":null,"Owned_Maintained":" ","Asset":"LOGISTICAL STAGING AREA","Asset_Sub_Type":null,"Asset_Type":"Logistical Staging Areas","Asset_Group":"Critical Community and Emergency Facilities","Asset_Relevancy":"Locally Significant","Asset_ID":"LSA_PT_85","Municipality":null,"Water_Management_District":"South Florida Water Management District","Souce_Dataset_Entity":"FDEM","Souce_Dataset_Name":"Logistical Staging Areas - FDEM","Source_Asset_ID":null,"Restricted_Public_Disclosure":null,"Notes":null,"Regional_Planning_Council":"Treasure Coast","FDEP_Regulatory_District":"Southeast District","RCP_Region":"Southeast","FDOT_District":4,"House_District_Number":88,"Senate_District_Number":31,"CTF_RL_2020":"Not Affected","CTF_RL_2040_IL":"Not Affected","CTF_RL_2040_INT":"Not Affected","CTF_RL_2070_IL":"Not Affected","CTF_RL_2070_INT":"Not Affected","SSF_RL_100YR_CURR":"Not Affected","SSF_RL_100YR_2040_IL":"Not Affected","SSF_RL_100YR_2040_INT":"Not Affected","SSF_RL_100YR_2070_IL":"Not Affected","SSF_RL_100YR_2070_INT":"Low","SSF_RL_500YR_CURR":"Low","SSF_RL_500YR_2040_IL":"Low","SSF_RL_500YR_2040_INT":"Low","SSF_RL_500YR_2070_IL":"Low","SSF_RL_500YR_2070_INT":"Low","RIF_RL_100YR_2020":"High","RIF_RL_100YR_2040":"High","RIF_RL_100YR_2070":"High","RIF_RL_500YR_2020":"High","RIF_RL_500YR_2040":"High","RIF_RL_500YR_2070":"High"}},{"type":"Feature","id":86,"geometry":{"type":"Point","coordinates":[-80.1896323171162,26.6857887166874]},"properties":{"OBJECTID_1":86,"OBJECTID":86,"Name":"SOUTH FLORIDA FAIRGROUNDS","Address":"9067 SOUTHERN BLVD","City":"WEST PALM BEACH","Zip":"33411","COUNTY":"Palm Beach","X":-80.18963232,"Y":26.68578872,"LONGLAT":"-80.18963232,26.68578872","USNG":"17R NK 80624 51890","OWNERSHIP":" ","PARCELID":"00424406030001130","FACILITY_T":"LOGISTICAL STAGING AREA","ADDRESSCIT":"9067 SOUTHERN BLVD WEST PALM BEACH , FL 33411","Asset_Elevation":null,"Owned_Maintained":" ","Asset":"LOGISTICAL STAGING AREA","Asset_Sub_Type":null,"Asset_Type":"Logistical Staging Areas","Asset_Group":"Critical Community and Emergency Facilities","Asset_Relevancy":"Locally Significant","Asset_ID":"LSA_PT_86","Municipality":null,"Water_Management_District":"South Florida Water Management District","Souce_Dataset_Entity":"FDEM","Souce_Dataset_Name":"Logistical Staging Areas - FDEM","Source_Asset_ID":null,"Restricted_Public_Disclosure":null,"Notes":null,"Regional_Planning_Council":"Treasure Coast","FDEP_Regulatory_District":"Southeast District","RCP_Region":"Southeast","FDOT_District":4,"House_District_Number":88,"Senate_District_Number":31,"CTF_RL_2020":"Not Affected","CTF_RL_2040_IL":"Not Affected","CTF_RL_2040_INT":"Not Affected","CTF_RL_2070_IL":"Not Affected","CTF_RL_2070_INT":"Not Affected","SSF_RL_100YR_CURR":"Not Affected","SSF_RL_100YR_2040_IL":"Not Affected","SSF_RL_100YR_2040_INT":"Not Affected","SSF_RL_100YR_2070_IL":"Not Affected","SSF_RL_100YR_2070_INT":"Low","SSF_RL_500YR_CURR":"Low","SSF_RL_500YR_2040_IL":"Low","SSF_RL_500YR_2040_INT":"Low","SSF_RL_500YR_2070_IL":"Low","SSF_RL_500YR_2070_INT":"Low","RIF_RL_100YR_2020":"High","RIF_RL_100YR_2040":"High","RIF_RL_100YR_2070":"High","RIF_RL_500YR_2020":"High","RIF_RL_500YR_2040":"High","RIF_RL_500YR_2070":"High"}},{"type":"Feature","id":87,"geometry":{"type":"Point","coordinates":[-80.0944440006132,26.7858299989198]},"properties":{"OBJECTID_1":87,"OBJECTID":87,"Name":"PALM BEACH INTERNATIONAL AIRPORT","Address":"1000 PALM BEACH INTERNATIONAL B","City":"WEST PALM BEACH","Zip":"33404","COUNTY":"Palm Beach","X":-80.094444,"Y":26.78583,"LONGLAT":"-80.09444400,26.78583000","USNG":"17R NK 90016 63034","OWNERSHIP":" ","PARCELID":"56434230320000000","FACILITY_T":"LOGISTICAL STAGING AREA","ADDRESSCIT":"1000 PALM BEACH INTERNATIONAL B WEST PALM BEACH , FL 33404","Asset_Elevation":null,"Owned_Maintained":" ","Asset":"LOGISTICAL STAGING AREA","Asset_Sub_Type":null,"Asset_Type":"Logistical Staging Areas","Asset_Group":"Critical Community and Emergency Facilities","Asset_Relevancy":"Locally Significant","Asset_ID":"LSA_PT_87","Municipality":"Riviera Beach","Water_Management_District":"South Florida Water Management District","Souce_Dataset_Entity":"FDEM","Souce_Dataset_Name":"Logistical Staging Areas - FDEM","Source_Asset_ID":null,"Restricted_Public_Disclosure":null,"Notes":null,"Regional_Planning_Council":"Treasure Coast","FDEP_Regulatory_District":"Southeast District","RCP_Region":"Southeast","FDOT_District":4,"House_District_Number":87,"Senate_District_Number":24,"CTF_RL_2020":"Not Affected","CTF_RL_2040_IL":"Not Affected","CTF_RL_2040_INT":"Not Affected","CTF_RL_2070_IL":"Not Affected","CTF_RL_2070_INT":"Low","SSF_RL_100YR_CURR":"Low","SSF_RL_100YR_2040_IL":"Low","SSF_RL_100YR_2040_INT":"Low","SSF_RL_100YR_2070_IL":"Low","SSF_RL_100YR_2070_INT":"Low","SSF_RL_500YR_CURR":"Low","SSF_RL_500YR_2040_IL":"Low","SSF_RL_500YR_2040_INT":"Low","SSF_RL_500YR_2070_IL":"Medium","SSF_RL_500YR_2070_INT":"Medium","RIF_RL_100YR_2020":"High","RIF_RL_100YR_2040":"High","RIF_RL_100YR_2070":"High","RIF_RL_500YR_2020":"High","RIF_RL_500YR_2040":"High","RIF_RL_500YR_2070":"High"}},{"type":"Feature","id":88,"geometry":{"type":"Point","coordinates":[-80.3036320015956,26.9042744020708]},"properties":{"OBJECTID_1":88,"OBJECTID":88,"Name":"PRATT & WHITNEY AIRCRAFT MANUFACTURING","Address":"17900 BEE LINE HIGHWAY","City":"WEST PALM BEACH","Zip":"33412","COUNTY":"Palm Beach","X":-80.303632,"Y":26.9042744,"LONGLAT":"-80.30363200,26.90427440","USNG":"17R NK 69149 76022","OWNERSHIP":" ","PARCELID":"00404103000009020","FACILITY_T":"LOGISTICAL STAGING AREA","ADDRESSCIT":"17900 BEE LINE HIGHWAY WEST PALM BEACH , FL 33412","Asset_Elevation":null,"Owned_Maintained":" ","Asset":"LOGISTICAL STAGING AREA","Asset_Sub_Type":null,"Asset_Type":"Logistical Staging Areas","Asset_Group":"Critical Community and Emergency Facilities","Asset_Relevancy":"Locally Significant","Asset_ID":"LSA_PT_88","Municipality":null,"Water_Management_District":"South Florida Water Management District","Souce_Dataset_Entity":"FDEM","Souce_Dataset_Name":"Logistical Staging Areas - FDEM","Source_Asset_ID":null,"Restricted_Public_Disclosure":null,"Notes":null,"Regional_Planning_Council":"Treasure Coast","FDEP_Regulatory_District":"Southeast District","RCP_Region":"Southeast","FDOT_District":4,"House_District_Number":94,"Senate_District_Number":31,"CTF_RL_2020":"Not Affected","CTF_RL_2040_IL":"Not Affected","CTF_RL_2040_INT":"Not Affected","CTF_RL_2070_IL":"Not Affected","CTF_RL_2070_INT":"Not Affected","SSF_RL_100YR_CURR":"Not Affected","SSF_RL_100YR_2040_IL":"Not Affected","SSF_RL_100YR_2040_INT":"Not Affected","SSF_RL_100YR_2070_IL":"Not Affected","SSF_RL_100YR_2070_INT":"Not Affected","SSF_RL_500YR_CURR":"Not Affected","SSF_RL_500YR_2040_IL":"Not Affected","SSF_RL_500YR_2040_INT":"Not Affected","SSF_RL_500YR_2070_IL":"Not Affected","SSF_RL_500YR_2070_INT":"Not Affected","RIF_RL_100YR_2020":"High","RIF_RL_100YR_2040":"High","RIF_RL_100YR_2070":"High","RIF_RL_500YR_2020":"High","RIF_RL_500YR_2040":"High","RIF_RL_500YR_2070":"High"}},{"type":"Feature","id":89,"geometry":{"type":"Point","coordinates":[-82.0159284047022,27.992586406579]},"properties":{"OBJECTID_1":89,"OBJECTID":89,"Name":"LAKELAND LINDER REGIONAL AIRPORT","Address":"3400 AIRFIELD DRIVE W","City":"LAKELAND","Zip":"33811","COUNTY":"Polk","X":-82.0159284,"Y":27.99258641,"LONGLAT":"-82.01592840,27.99258641","USNG":"17R ML 00101 96796","OWNERSHIP":"MUNICIPAL","PARCELID":"232904000000011010","FACILITY_T":"LOGISTICAL STAGING AREA","ADDRESSCIT":"3400 AIRFIELD DRIVE W LAKELAND , FL 33811","Asset_Elevation":null,"Owned_Maintained":"MUNICIPAL","Asset":"LOGISTICAL STAGING AREA","Asset_Sub_Type":null,"Asset_Type":"Logistical Staging Areas","Asset_Group":"Critical Community and Emergency Facilities","Asset_Relevancy":"Locally Significant","Asset_ID":"LSA_PT_89","Municipality":"Lakeland","Water_Management_District":"Southwest Florida Water Management District","Souce_Dataset_Entity":"FDEM","Souce_Dataset_Name":"Logistical Staging Areas - FDEM","Source_Asset_ID":null,"Restricted_Public_Disclosure":null,"Notes":null,"Regional_Planning_Council":"Central Florida","FDEP_Regulatory_District":"Southwest District","RCP_Region":"Southwest","FDOT_District":1,"House_District_Number":50,"Senate_District_Number":27,"CTF_RL_2020":"Not Affected","CTF_RL_2040_IL":"Not Affected","CTF_RL_2040_INT":"Not Affected","CTF_RL_2070_IL":"Not Affected","CTF_RL_2070_INT":"Not Affected","SSF_RL_100YR_CURR":"Not Affected","SSF_RL_100YR_2040_IL":"Not Affected","SSF_RL_100YR_2040_INT":"Not Affected","SSF_RL_100YR_2070_IL":"Not Affected","SSF_RL_100YR_2070_INT":"Not Affected","SSF_RL_500YR_CURR":"Not Affected","SSF_RL_500YR_2040_IL":"Not Affected","SSF_RL_500YR_2040_INT":"Not Affected","SSF_RL_500YR_2070_IL":"Not Affected","SSF_RL_500YR_2070_INT":"Not Affected","RIF_RL_100YR_2020":"High","RIF_RL_100YR_2040":"High","RIF_RL_100YR_2070":"High","RIF_RL_500YR_2020":"High","RIF_RL_500YR_2040":"High","RIF_RL_500YR_2070":"High"}},{"type":"Feature","id":90,"geometry":{"type":"Point","coordinates":[-82.3160342222921,27.0423335734693]},"properties":{"OBJECTID_1":90,"OBJECTID":90,"Name":"MANATEE COMMUNITY COLLEGE - VENICE","Address":"8000 TAMIAMI TRL","City":"ENGLEWOOD","Zip":"34223","COUNTY":"Sarasota","X":-82.31603422,"Y":27.04233357,"LONGLAT":"-82.31603422,27.04233357","USNG":"17R LK 69471 91805","OWNERSHIP":"STATE","PARCELID":"0785-00-2000","FACILITY_T":"LOGISTICAL STAGING AREA","ADDRESSCIT":"8000 TAMIAMI TRL ENGLEWOOD , FL 34223","Asset_Elevation":null,"Owned_Maintained":"STATE","Asset":"LOGISTICAL STAGING AREA","Asset_Sub_Type":null,"Asset_Type":"Logistical Staging Areas","Asset_Group":"Critical Community and Emergency Facilities","Asset_Relevancy":"Locally Significant","Asset_ID":"LSA_PT_90","Municipality":null,"Water_Management_District":"Southwest Florida Water Management District","Souce_Dataset_Entity":"FDEM","Souce_Dataset_Name":"Logistical Staging Areas - FDEM","Source_Asset_ID":null,"Restricted_Public_Disclosure":null,"Notes":null,"Regional_Planning_Council":"Southwest Florida","FDEP_Regulatory_District":"South District","RCP_Region":"Southwest","FDOT_District":1,"House_District_Number":75,"Senate_District_Number":22,"CTF_RL_2020":"Low","CTF_RL_2040_IL":"Low","CTF_RL_2040_INT":"Low","CTF_RL_2070_IL":"Low","CTF_RL_2070_INT":"High","SSF_RL_100YR_CURR":"High","SSF_RL_100YR_2040_IL":"High","SSF_RL_100YR_2040_INT":"High","SSF_RL_100YR_2070_IL":"High","SSF_RL_100YR_2070_INT":"High","SSF_RL_500YR_CURR":"High","SSF_RL_500YR_2040_IL":"High","SSF_RL_500YR_2040_INT":"High","SSF_RL_500YR_2070_IL":"High","SSF_RL_500YR_2070_INT":"High","RIF_RL_100YR_2020":"High","RIF_RL_100YR_2040":"High","RIF_RL_100YR_2070":"High","RIF_RL_500YR_2020":"High","RIF_RL_500YR_2040":"High","RIF_RL_500YR_2070":"High"}},{"type":"Feature","id":91,"geometry":{"type":"Point","coordinates":[-82.440199501627,27.0721415580504]},"properties":{"OBJECTID_1":91,"OBJECTID":91,"Name":"VENICE MUNICIPAL AIRPORT","Address":"150 E AIRPORT AVE","City":"VENICE","Zip":"34285","COUNTY":"Sarasota","X":-82.4401995,"Y":27.07214156,"LONGLAT":"-82.44019950,27.07214156","USNG":"17R LK 57192 95242","OWNERSHIP":"MUNICIPAL","PARCELID":"0431-06-0001","FACILITY_T":"LOGISTICAL STAGING AREA","ADDRESSCIT":"150 E AIRPORT AVE VENICE , FL 34285","Asset_Elevation":null,"Owned_Maintained":"MUNICIPAL","Asset":"LOGISTICAL STAGING AREA","Asset_Sub_Type":null,"Asset_Type":"Logistical Staging Areas","Asset_Group":"Critical Community and Emergency Facilities","Asset_Relevancy":"Locally Significant","Asset_ID":"LSA_PT_91","Municipality":"Venice","Water_Management_District":"Southwest Florida Water Management District","Souce_Dataset_Entity":"FDEM","Souce_Dataset_Name":"Logistical Staging Areas - FDEM","Source_Asset_ID":null,"Restricted_Public_Disclosure":null,"Notes":null,"Regional_Planning_Council":"Southwest Florida","FDEP_Regulatory_District":"South District","RCP_Region":"Southwest","FDOT_District":1,"House_District_Number":73,"Senate_District_Number":22,"CTF_RL_2020":"Not Affected","CTF_RL_2040_IL":"Not Affected","CTF_RL_2040_INT":"Not Affected","CTF_RL_2070_IL":"Low","CTF_RL_2070_INT":"Low","SSF_RL_100YR_CURR":"Low","SSF_RL_100YR_2040_IL":"Low","SSF_RL_100YR_2040_INT":"Low","SSF_RL_100YR_2070_IL":"Low","SSF_RL_100YR_2070_INT":"Low","SSF_RL_500YR_CURR":"Low","SSF_RL_500YR_2040_IL":"Low","SSF_RL_500YR_2040_INT":"Low","SSF_RL_500YR_2070_IL":"Low","SSF_RL_500YR_2070_INT":"Medium","RIF_RL_100YR_2020":"High","RIF_RL_100YR_2040":"High","RIF_RL_100YR_2070":"High","RIF_RL_500YR_2020":"High","RIF_RL_500YR_2040":"High","RIF_RL_500YR_2070":"High"}},{"type":"Feature","id":92,"geometry":{"type":"Point","coordinates":[-82.2055894452768,27.0739400489932]},"properties":{"OBJECTID_1":92,"OBJECTID":92,"Name":"GEORGE MULLEN COMMUNITY CENTER","Address":"3001 CITY CENTER BLVD","City":"NORTH PORT","Zip":"34286","COUNTY":"Sarasota","X":-82.20558945,"Y":27.07394005,"LONGLAT":"-82.20558945,27.07394005","USNG":"17R LK 80460 95197","OWNERSHIP":"MUNICIPAL","PARCELID":"0977-00-1030","FACILITY_T":"LOGISTICAL STAGING AREA","ADDRESSCIT":"3001 CITY CENTER BLVD NORTH PORT , FL 34286","Asset_Elevation":null,"Owned_Maintained":"MUNICIPAL","Asset":"LOGISTICAL STAGING AREA","Asset_Sub_Type":null,"Asset_Type":"Logistical Staging Areas","Asset_Group":"Critical Community and Emergency Facilities","Asset_Relevancy":"Locally Significant","Asset_ID":"LSA_PT_92","Municipality":"North Port","Water_Management_District":"Southwest Florida Water Management District","Souce_Dataset_Entity":"FDEM","Souce_Dataset_Name":"Logistical Staging Areas - FDEM","Source_Asset_ID":null,"Restricted_Public_Disclosure":null,"Notes":null,"Regional_Planning_Council":"Southwest Florida","FDEP_Regulatory_District":"South District","RCP_Region":"Southwest","FDOT_District":1,"House_District_Number":74,"Senate_District_Number":22,"CTF_RL_2020":"Not Affected","CTF_RL_2040_IL":"Not Affected","CTF_RL_2040_INT":"Not Affected","CTF_RL_2070_IL":"Not Affected","CTF_RL_2070_INT":"Not Affected","SSF_RL_100YR_CURR":"Not Affected","SSF_RL_100YR_2040_IL":"Not Affected","SSF_RL_100YR_2040_INT":"Not Affected","SSF_RL_100YR_2070_IL":"Not Affected","SSF_RL_100YR_2070_INT":"Not Affected","SSF_RL_500YR_CURR":"Not Affected","SSF_RL_500YR_2040_IL":"Not Affected","SSF_RL_500YR_2040_INT":"Not Affected","SSF_RL_500YR_2070_IL":"Low","SSF_RL_500YR_2070_INT":"Low","RIF_RL_100YR_2020":"High","RIF_RL_100YR_2040":"High","RIF_RL_100YR_2070":"High","RIF_RL_500YR_2020":"High","RIF_RL_500YR_2040":"High","RIF_RL_500YR_2070":"High"}},{"type":"Feature","id":93,"geometry":{"type":"Point","coordinates":[-82.4380969993139,27.2662879988785]},"properties":{"OBJECTID_1":93,"OBJECTID":93,"Name":"TWIN LAKES PARK","Address":"6700 CLARK RD","City":"SARASOTA","Zip":"34241","COUNTY":"Sarasota","X":-82.438097,"Y":27.266288,"LONGLAT":"-82.43809700,27.26628800","USNG":"17R LL 57647 16748","OWNERSHIP":"SPECIAL TAXING DISTRICT","PARCELID":"0285-01-0001","FACILITY_T":"LOGISTICAL STAGING AREA","ADDRESSCIT":"6700 CLARK RD SARASOTA , FL 34241","Asset_Elevation":null,"Owned_Maintained":"SPECIAL TAXING DISTRICT","Asset":"LOGISTICAL STAGING AREA","Asset_Sub_Type":null,"Asset_Type":"Logistical Staging Areas","Asset_Group":"Critical Community and Emergency Facilities","Asset_Relevancy":"Locally Significant","Asset_ID":"LSA_PT_93","Municipality":null,"Water_Management_District":"Southwest Florida Water Management District","Souce_Dataset_Entity":"FDEM","Souce_Dataset_Name":"Logistical Staging Areas - FDEM","Source_Asset_ID":null,"Restricted_Public_Disclosure":null,"Notes":null,"Regional_Planning_Council":"Southwest Florida","FDEP_Regulatory_District":"South District","RCP_Region":"Southwest","FDOT_District":1,"House_District_Number":74,"Senate_District_Number":22,"CTF_RL_2020":"Not Affected","CTF_RL_2040_IL":"Not Affected","CTF_RL_2040_INT":"Not Affected","CTF_RL_2070_IL":"Not Affected","CTF_RL_2070_INT":"Not Affected","SSF_RL_100YR_CURR":"Not Affected","SSF_RL_100YR_2040_IL":"Not Affected","SSF_RL_100YR_2040_INT":"Not Affected","SSF_RL_100YR_2070_IL":"Not Affected","SSF_RL_100YR_2070_INT":"Not Affected","SSF_RL_500YR_CURR":"Not Affected","SSF_RL_500YR_2040_IL":"Not Affected","SSF_RL_500YR_2040_INT":"Not Affected","SSF_RL_500YR_2070_IL":"Not Affected","SSF_RL_500YR_2070_INT":"Not Affected","RIF_RL_100YR_2020":"High","RIF_RL_100YR_2040":"High","RIF_RL_100YR_2070":"High","RIF_RL_500YR_2020":"High","RIF_RL_500YR_2040":"High","RIF_RL_500YR_2070":"High"}},{"type":"Feature","id":94,"geometry":{"type":"Point","coordinates":[-82.481823509086,27.2737323535158]},"properties":{"OBJECTID_1":94,"OBJECTID":94,"Name":"SCAT","Address":"5303 PINKNEY AVE","City":"SARASOTA","Zip":"34233","COUNTY":"Sarasota","X":-82.48182351,"Y":27.27373235,"LONGLAT":"-82.48182351,27.27373235","USNG":"17R LL 53328 17623","OWNERSHIP":"SPECIAL TAXING DISTRICT","PARCELID":"0090-01-0005","FACILITY_T":"LOGISTICAL STAGING AREA","ADDRESSCIT":"5303 PINKNEY AVE SARASOTA , FL 34233","Asset_Elevation":null,"Owned_Maintained":"SPECIAL TAXING DISTRICT","Asset":"LOGISTICAL STAGING AREA","Asset_Sub_Type":null,"Asset_Type":"Logistical Staging Areas","Asset_Group":"Critical Community and Emergency Facilities","Asset_Relevancy":"Locally Significant","Asset_ID":"LSA_PT_94","Municipality":null,"Water_Management_District":"Southwest Florida Water Management District","Souce_Dataset_Entity":"FDEM","Souce_Dataset_Name":"Logistical Staging Areas - FDEM","Source_Asset_ID":null,"Restricted_Public_Disclosure":null,"Notes":null,"Regional_Planning_Council":"Southwest Florida","FDEP_Regulatory_District":"South District","RCP_Region":"Southwest","FDOT_District":1,"House_District_Number":73,"Senate_District_Number":22,"CTF_RL_2020":"Not Affected","CTF_RL_2040_IL":"Not Affected","CTF_RL_2040_INT":"Not Affected","CTF_RL_2070_IL":"Not Affected","CTF_RL_2070_INT":"Not Affected","SSF_RL_100YR_CURR":"Not Affected","SSF_RL_100YR_2040_IL":"Not Affected","SSF_RL_100YR_2040_INT":"Not Affected","SSF_RL_100YR_2070_IL":"Not Affected","SSF_RL_100YR_2070_INT":"Not Affected","SSF_RL_500YR_CURR":"Not Affected","SSF_RL_500YR_2040_IL":"Not Affected","SSF_RL_500YR_2040_INT":"Not Affected","SSF_RL_500YR_2070_IL":"Not Affected","SSF_RL_500YR_2070_INT":"Not Affected","RIF_RL_100YR_2020":"High","RIF_RL_100YR_2040":"High","RIF_RL_100YR_2070":"High","RIF_RL_500YR_2020":"High","RIF_RL_500YR_2040":"High","RIF_RL_500YR_2070":"High"}},{"type":"Feature","id":95,"geometry":{"type":"Point","coordinates":[-82.5024804187728,27.2860914469208]},"properties":{"OBJECTID_1":95,"OBJECTID":95,"Name":"SCTI","Address":"PROCTOR AND BENEVA RD","City":"SARASOTA","Zip":"34231","COUNTY":"Sarasota","X":-82.50248042,"Y":27.28609145,"LONGLAT":"-82.50248042,27.28609145","USNG":"17R LL 51300 19017","OWNERSHIP":"COUNTY","PARCELID":"0073-09-0001","FACILITY_T":"LOGISTICAL STAGING AREA","ADDRESSCIT":"PROCTOR AND BENEVA RD SARASOTA , FL 34231","Asset_Elevation":null,"Owned_Maintained":"COUNTY","Asset":"LOGISTICAL STAGING AREA","Asset_Sub_Type":null,"Asset_Type":"Logistical Staging Areas","Asset_Group":"Critical Community and Emergency Facilities","Asset_Relevancy":"Locally Significant","Asset_ID":"LSA_PT_95","Municipality":null,"Water_Management_District":"Southwest Florida Water Management District","Souce_Dataset_Entity":"FDEM","Souce_Dataset_Name":"Logistical Staging Areas - FDEM","Source_Asset_ID":null,"Restricted_Public_Disclosure":null,"Notes":null,"Regional_Planning_Council":"Southwest Florida","FDEP_Regulatory_District":"South District","RCP_Region":"Southwest","FDOT_District":1,"House_District_Number":73,"Senate_District_Number":22,"CTF_RL_2020":"Not Affected","CTF_RL_2040_IL":"Not Affected","CTF_RL_2040_INT":"Not Affected","CTF_RL_2070_IL":"Not Affected","CTF_RL_2070_INT":"Not Affected","SSF_RL_100YR_CURR":"Not Affected","SSF_RL_100YR_2040_IL":"Not Affected","SSF_RL_100YR_2040_INT":"Not Affected","SSF_RL_100YR_2070_IL":"Not Affected","SSF_RL_100YR_2070_INT":"Not Affected","SSF_RL_500YR_CURR":"Not Affected","SSF_RL_500YR_2040_IL":"Not Affected","SSF_RL_500YR_2040_INT":"Not Affected","SSF_RL_500YR_2070_IL":"Not Affected","SSF_RL_500YR_2070_INT":"Not Affected","RIF_RL_100YR_2020":"High","RIF_RL_100YR_2040":"High","RIF_RL_100YR_2070":"High","RIF_RL_500YR_2020":"High","RIF_RL_500YR_2040":"High","RIF_RL_500YR_2070":"High"}},{"type":"Feature","id":96,"geometry":{"type":"Point","coordinates":[-82.4040699995578,27.3505149999724]},"properties":{"OBJECTID_1":96,"OBJECTID":96,"Name":"BOB","Address":"1001 SARASOTA CTR BLVD","City":"SARASOTA","Zip":"34240","COUNTY":"Sarasota","X":-82.40407,"Y":27.350515,"LONGLAT":"-82.40407000,27.35051500","USNG":"17R LL 61121 26040","OWNERSHIP":"SPECIAL TAXING DISTRICT","PARCELID":"0209-15-0004","FACILITY_T":"LOGISTICAL STAGING AREA","ADDRESSCIT":"1001 SARASOTA CTR BLVD SARASOTA , FL 34240","Asset_Elevation":null,"Owned_Maintained":"SPECIAL TAXING DISTRICT","Asset":"LOGISTICAL STAGING AREA","Asset_Sub_Type":null,"Asset_Type":"Logistical Staging Areas","Asset_Group":"Critical Community and Emergency Facilities","Asset_Relevancy":"Locally Significant","Asset_ID":"LSA_PT_96","Municipality":null,"Water_Management_District":"Southwest Florida Water Management District","Souce_Dataset_Entity":"FDEM","Souce_Dataset_Name":"Logistical Staging Areas - FDEM","Source_Asset_ID":null,"Restricted_Public_Disclosure":null,"Notes":null,"Regional_Planning_Council":"Southwest Florida","FDEP_Regulatory_District":"South District","RCP_Region":"Southwest","FDOT_District":1,"House_District_Number":74,"Senate_District_Number":22,"CTF_RL_2020":"Not Affected","CTF_RL_2040_IL":"Not Affected","CTF_RL_2040_INT":"Not Affected","CTF_RL_2070_IL":"Not Affected","CTF_RL_2070_INT":"Not Affected","SSF_RL_100YR_CURR":"Not Affected","SSF_RL_100YR_2040_IL":"Not Affected","SSF_RL_100YR_2040_INT":"Not Affected","SSF_RL_100YR_2070_IL":"Not Affected","SSF_RL_100YR_2070_INT":"Not Affected","SSF_RL_500YR_CURR":"Not Affected","SSF_RL_500YR_2040_IL":"Not Affected","SSF_RL_500YR_2040_INT":"Not Affected","SSF_RL_500YR_2070_IL":"Not Affected","SSF_RL_500YR_2070_INT":"Not Affected","RIF_RL_100YR_2020":"High","RIF_RL_100YR_2040":"High","RIF_RL_100YR_2070":"High","RIF_RL_500YR_2020":"High","RIF_RL_500YR_2040":"High","RIF_RL_500YR_2070":"High"}},{"type":"Feature","id":97,"geometry":{"type":"Point","coordinates":[-82.4101850005242,27.1436030000301]},"properties":{"OBJECTID_1":97,"OBJECTID":97,"Name":"PGT COMMERCIAL PARK","Address":"1070 TECHNOLOGY DR","City":"NOKOMIS","Zip":"34275","COUNTY":"Sarasota","X":-82.410185,"Y":27.143603,"LONGLAT":"-82.41018500,27.14360300","USNG":"17R LL 60258 03125","OWNERSHIP":" ","PARCELID":"0378-02-0001","FACILITY_T":"LOGISTICAL STAGING AREA","ADDRESSCIT":"1070 TECHNOLOGY DR NOKOMIS , FL 34275","Asset_Elevation":null,"Owned_Maintained":" ","Asset":"LOGISTICAL STAGING AREA","Asset_Sub_Type":null,"Asset_Type":"Logistical Staging Areas","Asset_Group":"Critical Community and Emergency Facilities","Asset_Relevancy":"Locally Significant","Asset_ID":"LSA_PT_97","Municipality":"Venice","Water_Management_District":"Southwest Florida Water Management District","Souce_Dataset_Entity":"FDEM","Souce_Dataset_Name":"Logistical Staging Areas - FDEM","Source_Asset_ID":null,"Restricted_Public_Disclosure":null,"Notes":null,"Regional_Planning_Council":"Southwest Florida","FDEP_Regulatory_District":"South District","RCP_Region":"Southwest","FDOT_District":1,"House_District_Number":74,"Senate_District_Number":22,"CTF_RL_2020":"Not Affected","CTF_RL_2040_IL":"Not Affected","CTF_RL_2040_INT":"Not Affected","CTF_RL_2070_IL":"Not Affected","CTF_RL_2070_INT":"Not Affected","SSF_RL_100YR_CURR":"Not Affected","SSF_RL_100YR_2040_IL":"Not Affected","SSF_RL_100YR_2040_INT":"Not Affected","SSF_RL_100YR_2070_IL":"Not Affected","SSF_RL_100YR_2070_INT":"Not Affected","SSF_RL_500YR_CURR":"Not Affected","SSF_RL_500YR_2040_IL":"Low","SSF_RL_500YR_2040_INT":"Low","SSF_RL_500YR_2070_IL":"Low","SSF_RL_500YR_2070_INT":"Low","RIF_RL_100YR_2020":"High","RIF_RL_100YR_2040":"High","RIF_RL_100YR_2070":"High","RIF_RL_500YR_2020":"High","RIF_RL_500YR_2040":"High","RIF_RL_500YR_2070":"High"}},{"type":"Feature","id":98,"geometry":{"type":"Point","coordinates":[-82.3836659991311,27.1065569991636]},"properties":{"OBJECTID_1":98,"OBJECTID":98,"Name":"RACETRACT GAS STATION","Address":"2995 EXECUTIVE DR","City":"VENICE","Zip":"34292","COUNTY":"Sarasota","X":-82.383666,"Y":27.106557,"LONGLAT":"-82.38366600,27.10655700","USNG":"17R LK 62841 98992","OWNERSHIP":" ","PARCELID":"0398-13-1001","FACILITY_T":"LOGISTICAL STAGING AREA","ADDRESSCIT":"2995 EXECUTIVE DR VENICE , FL 34292","Asset_Elevation":null,"Owned_Maintained":" ","Asset":"LOGISTICAL STAGING AREA","Asset_Sub_Type":null,"Asset_Type":"Logistical Staging Areas","Asset_Group":"Critical Community and Emergency Facilities","Asset_Relevancy":"Locally Significant","Asset_ID":"LSA_PT_98","Municipality":null,"Water_Management_District":"Southwest Florida Water Management District","Souce_Dataset_Entity":"FDEM","Souce_Dataset_Name":"Logistical Staging Areas - FDEM","Source_Asset_ID":null,"Restricted_Public_Disclosure":null,"Notes":null,"Regional_Planning_Council":"Southwest Florida","FDEP_Regulatory_District":"South District","RCP_Region":"Southwest","FDOT_District":1,"House_District_Number":74,"Senate_District_Number":22,"CTF_RL_2020":"Not Affected","CTF_RL_2040_IL":"Not Affected","CTF_RL_2040_INT":"Not Affected","CTF_RL_2070_IL":"Not Affected","CTF_RL_2070_INT":"Not Affected","SSF_RL_100YR_CURR":"Not Affected","SSF_RL_100YR_2040_IL":"Not Affected","SSF_RL_100YR_2040_INT":"Not Affected","SSF_RL_100YR_2070_IL":"Not Affected","SSF_RL_100YR_2070_INT":"Not Affected","SSF_RL_500YR_CURR":"Not Affected","SSF_RL_500YR_2040_IL":"Not Affected","SSF_RL_500YR_2040_INT":"Not Affected","SSF_RL_500YR_2070_IL":"Low","SSF_RL_500YR_2070_INT":"Low","RIF_RL_100YR_2020":"High","RIF_RL_100YR_2040":"High","RIF_RL_100YR_2070":"High","RIF_RL_500YR_2020":"High","RIF_RL_500YR_2040":"High","RIF_RL_500YR_2070":"High"}},{"type":"Feature","id":99,"geometry":{"type":"Point","coordinates":[-82.4248274414277,27.1348277186135]},"properties":{"OBJECTID_1":99,"OBJECTID":99,"Name":"LAURAL NOKOMIS MIDDLE SCHOOL","Address":"1900 E LAUREL RD","City":"NOKOMIS","Zip":"34275","COUNTY":"Sarasota","X":-82.42482744,"Y":27.13482772,"LONGLAT":"-82.42482744,27.13482772","USNG":"17R LL 58795 02169","OWNERSHIP":"COUNTY","PARCELID":"0385-03-0001","FACILITY_T":"LOGISTICAL STAGING AREA","ADDRESSCIT":"1900 E LAUREL RD NOKOMIS , FL 34275","Asset_Elevation":null,"Owned_Maintained":"COUNTY","Asset":"LOGISTICAL STAGING AREA","Asset_Sub_Type":null,"Asset_Type":"Logistical Staging Areas","Asset_Group":"Critical Community and Emergency Facilities","Asset_Relevancy":"Locally Significant","Asset_ID":"LSA_PT_99","Municipality":null,"Water_Management_District":"Southwest Florida Water Management District","Souce_Dataset_Entity":"FDEM","Souce_Dataset_Name":"Logistical Staging Areas - FDEM","Source_Asset_ID":null,"Restricted_Public_Disclosure":null,"Notes":null,"Regional_Planning_Council":"Southwest Florida","FDEP_Regulatory_District":"South District","RCP_Region":"Southwest","FDOT_District":1,"House_District_Number":73,"Senate_District_Number":22,"CTF_RL_2020":"Not Affected","CTF_RL_2040_IL":"Not Affected","CTF_RL_2040_INT":"Not Affected","CTF_RL_2070_IL":"Not Affected","CTF_RL_2070_INT":"Low","SSF_RL_100YR_CURR":"Low","SSF_RL_100YR_2040_IL":"Low","SSF_RL_100YR_2040_INT":"Low","SSF_RL_100YR_2070_IL":"Low","SSF_RL_100YR_2070_INT":"Low","SSF_RL_500YR_CURR":"High","SSF_RL_500YR_2040_IL":"High","SSF_RL_500YR_2040_INT":"High","SSF_RL_500YR_2070_IL":"High","SSF_RL_500YR_2070_INT":"High","RIF_RL_100YR_2020":"High","RIF_RL_100YR_2040":"High","RIF_RL_100YR_2070":"High","RIF_RL_500YR_2020":"High","RIF_RL_500YR_2040":"High","RIF_RL_500YR_2070":"High"}},{"type":"Feature","id":100,"geometry":{"type":"Point","coordinates":[-83.0069038402605,30.2923420960195]},"properties":{"OBJECTID_1":100,"OBJECTID":100,"Name":"SUWANNEE COUNTY COLLISEUM COMPLEX","Address":"1302 SW 11TH ST","City":"LIVE OAK","Zip":"32064","COUNTY":"Suwannee","X":-83.00690384,"Y":30.2923421,"LONGLAT":"-83.00690384,30.29234210","USNG":"17R LP 06989 52885","OWNERSHIP":"COUNTY","PARCELID":"2202S13E05332000000","FACILITY_T":"LOGISTICAL STAGING AREA","ADDRESSCIT":"1302 SW 11TH ST LIVE OAK , FL 32064","Asset_Elevation":null,"Owned_Maintained":"COUNTY","Asset":"LOGISTICAL STAGING AREA","Asset_Sub_Type":null,"Asset_Type":"Logistical Staging Areas","Asset_Group":"Critical Community and Emergency Facilities","Asset_Relevancy":"Locally Significant","Asset_ID":"LSA_PT_100","Municipality":"Live Oak","Water_Management_District":"Suwannee River Water Management District","Souce_Dataset_Entity":"FDEM","Souce_Dataset_Name":"Logistical Staging Areas - FDEM","Source_Asset_ID":null,"Restricted_Public_Disclosure":null,"Notes":null,"Regional_Planning_Council":"North Central Florida","FDEP_Regulatory_District":"Northeast District","RCP_Region":"Northwest","FDOT_District":2,"House_District_Number":7,"Senate_District_Number":3,"CTF_RL_2020":"Not Affected","CTF_RL_2040_IL":"Not Affected","CTF_RL_2040_INT":"Not Affected","CTF_RL_2070_IL":"Not Affected","CTF_RL_2070_INT":"Not Affected","SSF_RL_100YR_CURR":"Not Affected","SSF_RL_100YR_2040_IL":"Not Affected","SSF_RL_100YR_2040_INT":"Not Affected","SSF_RL_100YR_2070_IL":"Not Affected","SSF_RL_100YR_2070_INT":"Not Affected","SSF_RL_500YR_CURR":"Not Affected","SSF_RL_500YR_2040_IL":"Not Affected","SSF_RL_500YR_2040_INT":"Not Affected","SSF_RL_500YR_2070_IL":"Not Affected","SSF_RL_500YR_2070_INT":"Not Affected","RIF_RL_100YR_2020":"High","RIF_RL_100YR_2040":"High","RIF_RL_100YR_2070":"High","RIF_RL_500YR_2020":"High","RIF_RL_500YR_2040":"High","RIF_RL_500YR_2070":"High"}},{"type":"Feature","id":101,"geometry":{"type":"Point","coordinates":[-83.5693319113465,30.0795963644898]},"properties":{"OBJECTID_1":101,"OBJECTID":101,"Name":"FOREST CAPITAL HALL","Address":"203 FOREST PARK DR","City":"PERRY","Zip":"32348","COUNTY":"Taylor","X":-83.56933191,"Y":30.07959636,"LONGLAT":"-83.56933191,30.07959636","USNG":"17R KP 52350 30389","OWNERSHIP":"COUNTY","PARCELID":"06050808424100","FACILITY_T":"LOGISTICAL STAGING AREA","ADDRESSCIT":"203 FOREST PARK DR PERRY , FL 32348","Asset_Elevation":null,"Owned_Maintained":"COUNTY","Asset":"LOGISTICAL STAGING AREA","Asset_Sub_Type":null,"Asset_Type":"Logistical Staging Areas","Asset_Group":"Critical Community and Emergency Facilities","Asset_Relevancy":"Locally Significant","Asset_ID":"LSA_PT_101","Municipality":null,"Water_Management_District":"Suwannee River Water Management District","Souce_Dataset_Entity":"FDEM","Souce_Dataset_Name":"Logistical Staging Areas - FDEM","Source_Asset_ID":null,"Restricted_Public_Disclosure":null,"Notes":null,"Regional_Planning_Council":"North Central Florida","FDEP_Regulatory_District":"Northeast District","RCP_Region":"Northwest","FDOT_District":2,"House_District_Number":7,"Senate_District_Number":3,"CTF_RL_2020":"Not Affected","CTF_RL_2040_IL":"Not Affected","CTF_RL_2040_INT":"Not Affected","CTF_RL_2070_IL":"Not Affected","CTF_RL_2070_INT":"Not Affected","SSF_RL_100YR_CURR":"Not Affected","SSF_RL_100YR_2040_IL":"Not Affected","SSF_RL_100YR_2040_INT":"Not Affected","SSF_RL_100YR_2070_IL":"Not Affected","SSF_RL_100YR_2070_INT":"Not Affected","SSF_RL_500YR_CURR":"Not Affected","SSF_RL_500YR_2040_IL":"Not Affected","SSF_RL_500YR_2040_INT":"Not Affected","SSF_RL_500YR_2070_IL":"Not Affected","SSF_RL_500YR_2070_INT":"Not Affected","RIF_RL_100YR_2020":"High","RIF_RL_100YR_2040":"High","RIF_RL_100YR_2070":"High","RIF_RL_500YR_2020":"High","RIF_RL_500YR_2040":"High","RIF_RL_500YR_2070":"High"}}]}